source,size,seed,variant,u_max,repeat,trials,micro,pop_spec,spec_max,q_mean,q_max,q_above_half,marked,mark_density,exp_mean,addr_spec,addr_random,addr_full,correct
slurm_mpx20_s42_u10.out,20,42,pyalcs,10,0,10000,4786,9.56,18,0.585,1.000,3141,0.377,0.555,4.5,1.921,1.911,0.0396,5
slurm_mpx20_s42_u5.out,20,42,pyalcs,5,0,10000,1600,6.01,13,0.671,1.000,1309,0.392,0.716,9.2,1.540,1.201,0.0240,2
slurm_mpx20_s42_u6.out,20,42,pyalcs,6,0,10000,2154,7.10,15,0.672,1.000,1744,0.330,0.669,7.8,1.868,1.421,0.0448,2
slurm_mpx20_s42_u7.out,20,42,pyalcs,7,0,10000,3494,8.09,17,0.651,1.000,2816,0.337,0.623,5.3,1.906,1.618,0.0442,3
slurm_mpx20_s42_u8.out,20,42,pyalcs,8,0,10000,3248,8.50,17,0.627,1.000,2458,0.337,0.603,5.4,1.986,1.700,0.0518,4
slurm_mpx20_s42_u9.out,20,42,pyalcs,9,0,10000,3927,8.78,18,0.611,1.000,2734,0.357,0.588,5.5,2.047,1.755,0.0451,3
slurm_mpx20_s42_u10.out,20,42,pyalcs,10,0,100000,1220,5.52,20,0.644,1.000,399,0.351,0.778,132.7,2.663,1.104,0.1915,61
slurm_mpx20_s42_u5.out,20,42,pyalcs,5,0,100000,1342,4.70,11,0.648,1.000,607,0.368,0.778,111.2,1.947,0.940,0.0937,57
slurm_mpx20_s42_u7.out,20,42,pyalcs,7,0,100000,1267,5.08,17,0.635,1.000,458,0.422,0.778,112.1,2.368,1.016,0.1532,62
slurm_mpx20_s42_u8.out,20,42,pyalcs,8,0,100000,1204,5.25,17,0.642,1.000,400,0.388,0.776,135.9,2.600,1.050,0.2045,61
slurm_mpx20_s42_u9.out,20,42,pyalcs,9,0,100000,1276,4.90,18,0.623,1.000,434,0.442,0.780,117.0,2.458,0.980,0.1415,62
slurm_mpx20_s42_u10.out,20,42,pyalcs,10,0,110000,1222,5.15,20,0.649,1.000,384,0.413,0.783,153.6,2.394,1.029,0.1750,63
slurm_mpx20_s42_u5.out,20,42,pyalcs,5,0,110000,1228,4.74,11,0.651,1.000,528,0.324,0.777,137.7,2.064,0.949,0.1003,58
slurm_mpx20_s42_u7.out,20,42,pyalcs,7,0,110000,1212,4.99,17,0.637,1.000,405,0.395,0.781,136.5,2.393,0.997,0.1464,63
slurm_mpx20_s42_u8.out,20,42,pyalcs,8,0,110000,1246,5.00,17,0.625,1.000,362,0.375,0.790,142.4,2.468,1.000,0.1784,63
slurm_mpx20_s42_u9.out,20,42,pyalcs,9,0,110000,1168,4.89,18,0.648,1.000,367,0.378,0.779,164.5,2.624,0.978,0.1948,64
slurm_mpx20_s42_addr.out,20,42,pyalcs,6,0,120000,1209,4.71,15,0.623,1.000,389,0.409,0.783,172.7,2.541,0.943,0.1565,64
slurm_mpx20_s42_u10.out,20,42,pyalcs,10,0,120000,1272,5.03,20,0.628,1.000,428,0.404,0.788,145.5,2.530,1.006,0.1747,63
slurm_mpx20_s42_u5.out,20,42,pyalcs,5,0,120000,1248,4.73,10,0.670,1.000,538,0.342,0.771,155.4,1.889,0.946,0.1084,61
slurm_mpx20_s42_u7.out,20,42,pyalcs,7,0,120000,1324,4.86,17,0.608,1.000,446,0.419,0.788,127.2,2.239,0.971,0.1104,63
slurm_mpx20_s42_u8.out,20,42,pyalcs,8,0,120000,1256,4.84,17,0.619,1.000,383,0.374,0.793,148.1,2.469,0.967,0.1349,62
slurm_mpx20_s42_u5.out,20,42,pyalcs,5,0,130000,1541,4.64,11,0.626,1.000,719,0.371,0.780,114.2,1.792,0.928,0.0774,62
slurm_mpx20_s42_u7.out,20,42,pyalcs,7,0,130000,1189,4.83,16,0.635,1.000,364,0.378,0.783,177.6,2.598,0.967,0.1624,64
slurm_mpx20_s42_u8.out,20,42,pyalcs,8,0,130000,1196,4.88,17,0.646,1.000,355,0.364,0.780,187.1,2.462,0.976,0.1616,62
slurm_mpx20_s42_u5.out,20,42,pyalcs,5,0,140000,1299,4.69,9,0.650,1.000,537,0.393,0.777,163.8,2.128,0.938,0.1207,63
slurm_mpx20_s42_u8.out,20,42,pyalcs,8,0,140000,1146,4.86,17,0.640,1.000,318,0.417,0.781,217.3,2.677,0.973,0.1720,63
slurm_mpx20_s42_u5.out,20,42,pyalcs,5,0,150000,1204,4.69,6,0.640,1.000,424,0.343,0.775,213.1,2.214,0.938,0.1287,63
slurm_mpx20_s42_u8.out,20,42,pyalcs,8,0,150000,1200,4.93,17,0.646,1.000,373,0.347,0.777,213.3,2.580,0.985,0.1631,64
slurm_mpx20_s42_u5.out,20,42,pyalcs,5,0,160000,1258,4.64,5,0.656,1.000,483,0.354,0.783,211.0,2.275,0.929,0.1314,64
slurm_mpx20_s42_u10.out,20,42,pyalcs,10,0,20000,3313,9.24,20,0.615,1.000,2186,0.355,0.562,8.2,2.263,1.848,0.0772,14
slurm_mpx20_s42_u5.out,20,42,pyalcs,5,0,20000,1682,5.55,13,0.647,1.000,1148,0.312,0.741,19.6,1.557,1.110,0.0420,15
slurm_mpx20_s42_u6.out,20,42,pyalcs,6,0,20000,1739,6.52,15,0.678,1.000,1147,0.270,0.710,20.6,2.102,1.304,0.0990,12
slurm_mpx20_s42_u7.out,20,42,pyalcs,7,0,20000,2458,7.85,17,0.672,1.000,1707,0.281,0.637,11.2,2.179,1.569,0.0902,10
slurm_mpx20_s42_u8.out,20,42,pyalcs,8,0,20000,2473,7.97,17,0.651,1.000,1696,0.314,0.636,11.2,2.180,1.593,0.1037,16
slurm_mpx20_s42_u9.out,20,42,pyalcs,9,0,20000,2705,8.43,18,0.654,1.000,1828,0.306,0.601,11.2,2.337,1.686,0.0862,16
slurm_mpx20_s42_u10.out,20,42,pyalcs,10,0,30000,2161,8.43,20,0.642,1.000,1270,0.323,0.618,17.1,2.443,1.685,0.1394,29
slurm_mpx20_s42_u5.out,20,42,pyalcs,5,0,30000,1519,5.21,12,0.659,1.000,954,0.329,0.758,33.3,1.751,1.042,0.0731,28
slurm_mpx20_s42_u6.out,20,42,pyalcs,6,0,30000,1502,5.83,15,0.651,1.000,791,0.327,0.739,30.0,2.289,1.165,0.1281,28
slurm_mpx20_s42_u7.out,20,42,pyalcs,7,0,30000,1805,7.33,17,0.678,1.000,1067,0.284,0.667,22.0,2.470,1.467,0.1673,19
slurm_mpx20_s42_u8.out,20,42,pyalcs,8,0,30000,1762,7.47,17,0.686,1.000,1063,0.279,0.665,22.4,2.494,1.495,0.1663,26
slurm_mpx20_s42_u9.out,20,42,pyalcs,9,0,30000,2038,7.89,18,0.674,1.000,1224,0.318,0.640,20.3,2.503,1.578,0.1388,26
slurm_mpx20_s42_u10.out,20,42,pyalcs,10,0,40000,1782,7.34,20,0.638,1.000,912,0.308,0.682,28.0,2.456,1.469,0.1491,38
slurm_mpx20_s42_u5.out,20,42,pyalcs,5,0,40000,1319,4.99,12,0.642,1.000,716,0.398,0.766,52.7,1.928,0.999,0.0804,38
slurm_mpx20_s42_u6.out,20,42,pyalcs,6,0,40000,1567,5.41,15,0.613,1.000,708,0.371,0.764,34.2,2.123,1.081,0.1135,46
slurm_mpx20_s42_u7.out,20,42,pyalcs,7,0,40000,1493,6.59,17,0.663,1.000,691,0.322,0.720,36.6,2.673,1.319,0.2106,37
slurm_mpx20_s42_u8.out,20,42,pyalcs,8,0,40000,1518,6.56,17,0.664,1.000,755,0.331,0.725,35.2,2.603,1.313,0.1920,36
slurm_mpx20_s42_u9.out,20,42,pyalcs,9,0,40000,1694,6.89,18,0.670,1.000,876,0.334,0.707,33.2,2.587,1.379,0.1725,34
slurm_mpx20_s42_u10.out,20,42,pyalcs,10,0,50000,1479,6.88,20,0.653,1.000,693,0.313,0.714,45.1,2.626,1.376,0.1916,48
slurm_mpx20_s42_u5.out,20,42,pyalcs,5,0,50000,1400,4.91,12,0.648,1.000,741,0.328,0.772,53.3,1.803,0.983,0.0841,50
slurm_mpx20_s42_u6.out,20,42,pyalcs,6,0,50000,1254,5.16,15,0.627,1.000,455,0.383,0.772,55.2,2.388,1.031,0.1513,53
slurm_mpx20_s42_u7.out,20,42,pyalcs,7,0,50000,1314,6.21,17,0.664,1.000,572,0.321,0.745,52.3,2.572,1.242,0.2125,46
slurm_mpx20_s42_u8.out,20,42,pyalcs,8,0,50000,1447,5.76,17,0.653,1.000,688,0.347,0.768,47.0,2.398,1.152,0.1661,49
slurm_mpx20_s42_u9.out,20,42,pyalcs,9,0,50000,1377,6.40,18,0.674,1.000,591,0.311,0.720,52.9,2.600,1.280,0.1993,49
slurm_mpx20_s42_addr.out,20,42,pyalcs,6,0,60000,1191,4.93,15,0.650,1.000,400,0.412,0.781,85.4,2.500,0.987,0.1776,61
slurm_mpx20_s42_u10.out,20,42,pyalcs,10,0,60000,1351,6.25,20,0.653,1.000,542,0.350,0.759,58.0,2.581,1.251,0.1976,53
slurm_mpx20_s42_u5.out,20,42,pyalcs,5,0,60000,1450,4.76,11,0.628,1.000,685,0.418,0.776,57.9,1.923,0.952,0.0813,53
slurm_mpx20_s42_u6.out,20,42,pyalcs,6,0,60000,1191,4.93,15,0.650,1.000,400,0.412,0.781,85.4,2.500,0.987,0.1776,61
slurm_mpx20_s42_u7.out,20,42,pyalcs,7,0,60000,1393,5.68,17,0.626,1.000,561,0.375,0.759,58.7,2.384,1.135,0.1648,51
slurm_mpx20_s42_u8.out,20,42,pyalcs,8,0,60000,1267,5.77,17,0.658,1.000,510,0.346,0.766,65.6,2.556,1.154,0.1871,53
slurm_mpx20_s42_u9.out,20,42,pyalcs,9,0,60000,1322,5.71,18,0.663,1.000,529,0.341,0.765,69.1,2.662,1.142,0.1952,53
slurm_mpx20_s42_u10.out,20,42,pyalcs,10,0,70000,1323,5.93,20,0.645,1.000,493,0.337,0.763,74.1,2.604,1.186,0.2144,59
slurm_mpx20_s42_u5.out,20,42,pyalcs,5,0,70000,1299,4.78,11,0.648,1.000,588,0.372,0.776,77.5,1.886,0.956,0.1001,52
slurm_mpx20_s42_u6.out,20,42,pyalcs,6,0,70000,1139,4.88,15,0.650,1.000,368,0.311,0.785,102.5,2.521,0.975,0.1761,63
slurm_mpx20_s42_u7.out,20,42,pyalcs,7,0,70000,1252,5.54,17,0.637,1.000,460,0.378,0.765,85.0,2.513,1.107,0.1507,53
slurm_mpx20_s42_u8.out,20,42,pyalcs,8,0,70000,1292,5.41,17,0.639,1.000,475,0.369,0.778,75.1,2.463,1.083,0.1499,55
slurm_mpx20_s42_u9.out,20,42,pyalcs,9,0,70000,1289,5.40,18,0.659,1.000,477,0.331,0.776,85.2,2.586,1.080,0.1769,56
slurm_mpx20_s42_u10.out,20,42,pyalcs,10,0,80000,1305,5.62,20,0.645,1.000,470,0.371,0.778,93.4,2.590,1.125,0.2087,62
slurm_mpx20_s42_u5.out,20,42,pyalcs,5,0,80000,1290,4.69,11,0.637,1.000,586,0.360,0.778,85.8,1.951,0.938,0.1003,57
slurm_mpx20_s42_u6.out,20,42,pyalcs,6,0,80000,1174,4.76,15,0.646,1.000,372,0.359,0.786,117.3,2.524,0.952,0.1650,64
slurm_mpx20_s42_u7.out,20,42,pyalcs,7,0,80000,1264,5.41,17,0.631,1.000,476,0.393,0.762,94.1,2.631,1.082,0.1696,55
slurm_mpx20_s42_u8.out,20,42,pyalcs,8,0,80000,1238,5.40,17,0.650,1.000,453,0.382,0.777,100.5,2.491,1.080,0.1610,59
slurm_mpx20_s42_u9.out,20,42,pyalcs,9,0,80000,1202,5.16,18,0.657,1.000,423,0.350,0.782,104.7,2.644,1.031,0.1884,61
slurm_mpx20_s42_u10.out,20,42,pyalcs,10,0,90000,1295,5.36,20,0.639,1.000,461,0.380,0.785,106.4,2.578,1.071,0.1807,61
slurm_mpx20_s42_u5.out,20,42,pyalcs,5,0,90000,1325,4.70,11,0.665,1.000,655,0.315,0.779,98.1,1.808,0.939,0.0885,57
slurm_mpx20_s42_u7.out,20,42,pyalcs,7,0,90000,1200,5.40,17,0.649,1.000,407,0.359,0.752,118.1,2.599,1.080,0.1760,60
slurm_mpx20_s42_u8.out,20,42,pyalcs,8,0,90000,1190,5.34,17,0.657,1.000,381,0.321,0.772,132.4,2.503,1.069,0.1911,60
slurm_mpx20_s42_u9.out,20,42,pyalcs,9,0,90000,1224,5.06,18,0.645,1.000,393,0.365,0.781,120.7,2.632,1.013,0.1815,62
slurm_mpx37_s42_u6.out,37,42,pyalcs,6,0,1020000,2078,5.43,6,0.643,1.000,546,0.294,0.860,861.6,3.199,0.734,0.1979,128
slurm_mpx37_s42_addr.out,37,42,pyalcs,7,0,120000,3088,8.51,18,0.625,1.000,2029,0.356,0.790,14.9,2.118,1.151,0.0319,15
slurm_mpx37_s42_u10.out,37,42,pyalcs,10,0,120000,15444,11.42,23,0.650,1.000,13003,0.351,0.704,4.8,2.218,1.543,0.0120,6
slurm_mpx37_s42_u12.out,37,42,pyalcs,12,0,120000,15483,12.21,25,0.628,1.000,12360,0.357,0.683,4.5,2.105,1.650,0.0086,1
slurm_mpx37_s42_u6.out,37,42,pyalcs,6,0,120000,2526,7.09,16,0.588,1.000,1699,0.407,0.821,14.6,1.241,0.959,0.0111,7
slurm_mpx37_s42_u7.out,37,42,pyalcs,7,0,120000,3088,8.51,18,0.625,1.000,2029,0.356,0.790,14.9,2.118,1.151,0.0319,15
slurm_mpx37_s42_u8.out,37,42,pyalcs,8,0,120000,5586,9.88,21,0.655,1.000,4191,0.354,0.755,10.2,2.383,1.336,0.0269,7
slurm_mpx37_s42_u9.out,37,42,pyalcs,9,0,120000,12039,10.84,21,0.663,1.000,10095,0.348,0.723,5.6,2.344,1.464,0.0130,4
slurm_mpx37_s42_u10.out,37,42,pyalcs,10,0,150000,14664,11.48,23,0.662,1.000,12443,0.349,0.703,5.9,2.372,1.551,0.0172,8
slurm_mpx37_s42_u12.out,37,42,pyalcs,12,0,150000,15913,12.43,26,0.638,1.000,12836,0.359,0.677,5.1,2.249,1.680,0.0131,3
slurm_mpx37_s42_u6.out,37,42,pyalcs,6,0,150000,2327,6.82,16,0.589,1.000,1515,0.395,0.829,20.6,1.335,0.922,0.0177,10
slurm_mpx37_s42_u7.out,37,42,pyalcs,7,0,150000,2906,7.51,18,0.607,1.000,1731,0.395,0.817,21.7,1.938,1.014,0.0301,20
slurm_mpx37_s42_u8.out,37,42,pyalcs,8,0,150000,4397,9.70,21,0.641,1.000,3001,0.333,0.764,15.1,2.466,1.311,0.0389,14
slurm_mpx37_s42_u9.out,37,42,pyalcs,9,0,150000,10357,10.79,22,0.667,1.000,8379,0.334,0.727,7.5,2.434,1.459,0.0203,9
slurm_mpx37_s42_addr.out,37,42,pyalcs,7,0,180000,2980,6.90,19,0.585,1.000,1500,0.442,0.834,27.3,1.902,0.932,0.0398,32
slurm_mpx37_s42_u10.out,37,42,pyalcs,10,0,180000,12675,11.50,23,0.669,1.000,10515,0.339,0.704,7.3,2.541,1.553,0.0251,7
slurm_mpx37_s42_u12.out,37,42,pyalcs,12,0,180000,16062,12.52,26,0.645,1.000,13020,0.365,0.673,5.8,2.341,1.692,0.0154,5
slurm_mpx37_s42_u6.out,37,42,pyalcs,6,0,180000,2049,6.60,16,0.596,1.000,1285,0.381,0.833,30.2,1.515,0.892,0.0325,26
slurm_mpx37_s42_u7.out,37,42,pyalcs,7,0,180000,2980,6.90,19,0.585,1.000,1500,0.442,0.834,27.3,1.902,0.932,0.0398,32
slurm_mpx37_s42_u8.out,37,42,pyalcs,8,0,180000,3585,9.67,21,0.652,1.000,2338,0.337,0.767,22.2,2.561,1.307,0.0525,23
slurm_mpx37_s42_u9.out,37,42,pyalcs,9,0,180000,7885,10.81,22,0.667,1.000,6169,0.328,0.730,9.5,2.543,1.460,0.0268,14
slurm_mpx37_s42_u10.out,37,42,pyalcs,10,0,210000,11114,11.40,24,0.675,1.000,9080,0.345,0.708,9.3,2.685,1.541,0.0345,10
slurm_mpx37_s42_u12.out,37,42,pyalcs,12,0,210000,15480,12.59,26,0.649,1.000,12549,0.359,0.670,6.5,2.434,1.702,0.0198,8
slurm_mpx37_s42_u6.out,37,42,pyalcs,6,0,210000,3042,6.06,16,0.572,1.000,1609,0.438,0.850,23.8,1.419,0.819,0.0256,33
slurm_mpx37_s42_u7.out,37,42,pyalcs,7,0,210000,2223,7.44,19,0.604,1.000,1045,0.397,0.815,49.4,2.215,1.006,0.0668,41
slurm_mpx37_s42_u8.out,37,42,pyalcs,8,0,210000,3241,9.41,21,0.634,1.000,1914,0.310,0.773,29.9,2.608,1.272,0.0705,33
slurm_mpx37_s42_u9.out,37,42,pyalcs,9,0,210000,6128,10.83,22,0.668,1.000,4494,0.291,0.737,14.2,2.754,1.464,0.0523,24
slurm_mpx37_s42_addr.out,37,42,pyalcs,7,0,240000,2221,7.03,19,0.602,1.000,989,0.378,0.822,58.3,2.368,0.950,0.0769,58
slurm_mpx37_s42_u10.out,37,42,pyalcs,10,0,240000,8671,11.44,24,0.680,1.000,6835,0.322,0.711,11.7,2.761,1.547,0.0442,22
slurm_mpx37_s42_u12.out,37,42,pyalcs,12,0,240000,13274,12.67,26,0.656,1.000,10709,0.358,0.666,7.9,2.518,1.713,0.0234,13
slurm_mpx37_s42_u6.out,37,42,pyalcs,6,0,240000,2005,6.24,16,0.599,1.000,1082,0.389,0.839,48.2,1.877,0.843,0.0495,45
slurm_mpx37_s42_u7.out,37,42,pyalcs,7,0,240000,2221,7.03,19,0.602,1.000,989,0.378,0.822,58.3,2.368,0.950,0.0769,58
slurm_mpx37_s42_u8.out,37,42,pyalcs,8,0,240000,2839,9.37,21,0.640,1.000,1532,0.314,0.783,40.1,2.697,1.267,0.0873,42
slurm_mpx37_s42_u9.out,37,42,pyalcs,9,0,240000,4997,10.75,22,0.673,1.000,3379,0.274,0.753,20.8,2.945,1.453,0.0752,35
slurm_mpx37_s42_u10.out,37,42,pyalcs,10,0,270000,6956,11.44,24,0.684,1.000,5276,0.307,0.715,16.1,2.901,1.546,0.0662,33
slurm_mpx37_s42_u12.out,37,42,pyalcs,12,0,270000,11371,12.63,26,0.658,1.000,9004,0.360,0.669,9.4,2.598,1.706,0.0284,19
slurm_mpx37_s42_u6.out,37,42,pyalcs,6,0,270000,2084,6.02,16,0.603,1.000,1071,0.392,0.849,58.3,1.853,0.814,0.0523,45
slurm_mpx37_s42_u7.out,37,42,pyalcs,7,0,270000,2016,6.71,19,0.617,1.000,835,0.370,0.829,86.5,2.469,0.906,0.1060,65
slurm_mpx37_s42_u8.out,37,42,pyalcs,8,0,270000,2801,9.21,21,0.635,1.000,1394,0.305,0.782,51.6,2.864,1.245,0.1031,59
slurm_mpx37_s42_u9.out,37,42,pyalcs,9,0,270000,4133,10.80,22,0.661,1.000,2529,0.260,0.760,29.1,3.079,1.460,0.0994,48
slurm_mpx37_s42_u10.out,37,42,pyalcs,10,0,30000,6388,10.13,22,0.601,1.000,5129,0.368,0.742,3.1,1.510,1.370,0.0013,0
slurm_mpx37_s42_u12.out,37,42,pyalcs,12,0,30000,8513,11.28,24,0.566,1.000,5605,0.345,0.716,2.7,1.666,1.524,0.0026,0
slurm_mpx37_s42_u6.out,37,42,pyalcs,6,0,30000,2879,7.77,16,0.610,1.000,2424,0.359,0.802,3.6,1.373,1.050,0.0039,1
slurm_mpx37_s42_u7.out,37,42,pyalcs,7,0,30000,4354,8.81,18,0.614,1.000,3686,0.371,0.776,3.3,1.632,1.190,0.0028,0
slurm_mpx37_s42_u8.out,37,42,pyalcs,8,0,30000,6461,9.51,19,0.617,1.000,5469,0.372,0.754,3.2,1.728,1.285,0.0012,0
slurm_mpx37_s42_u9.out,37,42,pyalcs,9,0,30000,5769,9.75,20,0.602,1.000,4716,0.389,0.751,3.1,1.463,1.317,0.0016,0
slurm_mpx37_s42_addr.out,37,42,pyalcs,7,0,300000,2024,6.57,19,0.611,1.000,813,0.330,0.827,100.0,2.484,0.888,0.0940,63
slurm_mpx37_s42_u10.out,37,42,pyalcs,10,0,300000,5204,11.40,24,0.683,1.000,3582,0.283,0.729,23.3,3.037,1.540,0.0894,48
slurm_mpx37_s42_u12.out,37,42,pyalcs,12,0,300000,9722,12.52,26,0.665,1.000,7697,0.345,0.672,12.0,2.685,1.692,0.0370,31
slurm_mpx37_s42_u6.out,37,42,pyalcs,6,0,300000,1919,6.12,16,0.609,1.000,948,0.352,0.841,73.1,2.181,0.827,0.0568,47
slurm_mpx37_s42_u7.out,37,42,pyalcs,7,0,300000,2024,6.57,19,0.611,1.000,813,0.330,0.827,100.0,2.484,0.888,0.0940,63
slurm_mpx37_s42_u8.out,37,42,pyalcs,8,0,300000,2607,8.92,21,0.633,1.000,1228,0.285,0.785,65.2,2.976,1.205,0.1163,75
slurm_mpx37_s42_u9.out,37,42,pyalcs,9,0,300000,3330,10.91,22,0.658,1.000,1796,0.237,0.780,43.8,3.095,1.474,0.1232,59
slurm_mpx37_s42_u10.out,37,42,pyalcs,10,0,330000,4227,11.29,24,0.672,1.000,2588,0.276,0.746,30.5,3.069,1.526,0.1137,56
slurm_mpx37_s42_u12.out,37,42,pyalcs,12,0,330000,8141,12.43,27,0.670,1.000,6195,0.350,0.675,15.2,2.774,1.679,0.0422,39
slurm_mpx37_s42_u6.out,37,42,pyalcs,6,0,330000,2175,5.88,15,0.601,1.000,1067,0.341,0.849,75.4,2.066,0.794,0.0576,61
slurm_mpx37_s42_u7.out,37,42,pyalcs,7,0,330000,1901,6.48,19,0.627,1.000,738,0.354,0.835,124.6,2.467,0.876,0.1228,75
slurm_mpx37_s42_u8.out,37,42,pyalcs,8,0,330000,2596,8.55,21,0.629,1.000,1155,0.331,0.802,78.3,3.023,1.155,0.1264,88
slurm_mpx37_s42_u9.out,37,42,pyalcs,9,0,330000,2927,10.96,22,0.625,1.000,1321,0.233,0.795,55.6,3.050,1.480,0.1102,69
slurm_mpx37_s42_addr.out,37,42,pyalcs,7,0,360000,1931,6.27,19,0.626,1.000,734,0.398,0.843,135.3,2.756,0.847,0.1316,88
slurm_mpx37_s42_u10.out,37,42,pyalcs,10,0,360000,3453,11.34,24,0.672,1.000,1902,0.238,0.760,46.6,3.192,1.532,0.1319,72
slurm_mpx37_s42_u12.out,37,42,pyalcs,12,0,360000,6542,12.16,27,0.674,1.000,4722,0.336,0.683,21.1,2.884,1.643,0.0551,52
slurm_mpx37_s42_u6.out,37,42,pyalcs,6,0,360000,2024,5.92,15,0.623,1.000,926,0.353,0.850,109.2,2.512,0.800,0.0780,74
slurm_mpx37_s42_u7.out,37,42,pyalcs,7,0,360000,1931,6.27,19,0.626,1.000,734,0.398,0.843,135.3,2.756,0.847,0.1316,88
slurm_mpx37_s42_u8.out,37,42,pyalcs,8,0,360000,2424,8.46,21,0.626,1.000,926,0.318,0.800,102.5,3.026,1.143,0.1343,98
slurm_mpx37_s42_u9.out,37,42,pyalcs,9,0,360000,2824,10.92,22,0.626,1.000,1285,0.228,0.796,68.6,3.075,1.475,0.1158,89
slurm_mpx37_s42_u10.out,37,42,pyalcs,10,0,390000,2986,11.35,24,0.654,1.000,1460,0.238,0.782,63.1,3.228,1.533,0.1434,81
slurm_mpx37_s42_u12.out,37,42,pyalcs,12,0,390000,5433,11.90,27,0.676,1.000,3697,0.329,0.698,27.6,2.980,1.609,0.0661,62
slurm_mpx37_s42_u6.out,37,42,pyalcs,6,0,390000,1956,5.92,15,0.637,1.000,800,0.288,0.848,140.8,2.800,0.799,0.1183,85
slurm_mpx37_s42_u7.out,37,42,pyalcs,7,0,390000,1994,5.88,19,0.616,1.000,650,0.387,0.852,157.3,2.927,0.795,0.1276,91
slurm_mpx37_s42_u8.out,37,42,pyalcs,8,0,390000,2308,8.46,21,0.626,1.000,846,0.300,0.799,129.8,3.148,1.143,0.1448,108
slurm_mpx37_s42_u9.out,37,42,pyalcs,9,0,390000,2663,11.19,22,0.628,1.000,1115,0.211,0.800,89.4,3.093,1.512,0.1288,102
slurm_mpx37_s42_addr.out,37,42,pyalcs,7,0,420000,1890,5.86,19,0.631,1.000,545,0.314,0.855,207.9,2.993,0.792,0.1611,102
slurm_mpx37_s42_u10.out,37,42,pyalcs,10,0,420000,2798,11.27,24,0.638,1.000,1231,0.239,0.797,75.2,3.216,1.523,0.1466,89
slurm_mpx37_s42_u12.out,37,42,pyalcs,12,0,420000,4422,11.73,27,0.687,1.000,2829,0.304,0.705,38.4,3.075,1.585,0.0850,75
slurm_mpx37_s42_u6.out,37,42,pyalcs,6,0,420000,2029,5.75,15,0.644,1.000,822,0.342,0.851,163.6,2.841,0.777,0.1101,92
slurm_mpx37_s42_u7.out,37,42,pyalcs,7,0,420000,1890,5.86,19,0.631,1.000,545,0.314,0.855,207.9,2.993,0.792,0.1611,102
slurm_mpx37_s42_u8.out,37,42,pyalcs,8,0,420000,2325,8.21,21,0.623,1.000,829,0.325,0.809,148.0,3.082,1.109,0.1349,109
slurm_mpx37_s42_u9.out,37,42,pyalcs,9,0,420000,2650,10.94,22,0.615,1.000,1058,0.221,0.805,103.7,3.012,1.478,0.1190,112
slurm_mpx37_s42_u10.out,37,42,pyalcs,10,0,450000,2647,11.25,24,0.631,1.000,1108,0.240,0.810,92.0,3.144,1.520,0.1397,93
slurm_mpx37_s42_u12.out,37,42,pyalcs,12,0,450000,3734,11.22,27,0.690,1.000,2244,0.293,0.720,55.5,3.060,1.516,0.1036,84
slurm_mpx37_s42_u6.out,37,42,pyalcs,6,0,450000,1964,5.75,15,0.641,1.000,650,0.308,0.851,208.2,2.957,0.777,0.1291,97
slurm_mpx37_s42_u7.out,37,42,pyalcs,7,0,450000,2001,5.90,19,0.631,1.000,664,0.340,0.852,206.7,3.157,0.798,0.1409,107
slurm_mpx37_s42_u8.out,37,42,pyalcs,8,0,450000,2189,8.11,21,0.630,1.000,754,0.301,0.808,183.7,3.147,1.096,0.1456,112
slurm_mpx37_s42_u9.out,37,42,pyalcs,9,0,450000,2588,11.09,22,0.610,1.000,990,0.218,0.804,122.1,3.112,1.499,0.1289,115
slurm_mpx37_s42_addr.out,37,42,pyalcs,7,0,480000,1967,5.79,19,0.637,1.000,578,0.317,0.858,266.6,3.400,0.782,0.1644,108
slurm_mpx37_s42_u10.out,37,42,pyalcs,10,0,480000,2631,11.07,24,0.616,1.000,1003,0.249,0.812,106.0,3.236,1.496,0.1371,102
slurm_mpx37_s42_u12.out,37,42,pyalcs,12,0,480000,3185,10.92,27,0.688,1.000,1673,0.305,0.743,78.4,3.215,1.476,0.1327,89
slurm_mpx37_s42_u6.out,37,42,pyalcs,6,0,480000,2083,5.68,15,0.643,1.000,736,0.344,0.854,209.9,3.031,0.767,0.1285,104
slurm_mpx37_s42_u7.out,37,42,pyalcs,7,0,480000,1967,5.79,19,0.637,1.000,578,0.317,0.858,266.6,3.400,0.782,0.1644,108
slurm_mpx37_s42_u8.out,37,42,pyalcs,8,0,480000,2169,7.98,21,0.634,1.000,706,0.282,0.814,218.1,3.039,1.079,0.1620,116
slurm_mpx37_s42_u9.out,37,42,pyalcs,9,0,480000,2584,10.90,22,0.606,1.000,941,0.238,0.810,138.6,3.101,1.472,0.1217,117
slurm_mpx37_s42_u10.out,37,42,pyalcs,10,0,510000,2538,11.02,24,0.613,1.000,926,0.259,0.818,132.0,3.049,1.490,0.1357,105
slurm_mpx37_s42_u12.out,37,42,pyalcs,12,0,510000,2855,10.56,27,0.687,1.000,1365,0.264,0.752,104.6,3.251,1.427,0.1403,96
slurm_mpx37_s42_u6.out,37,42,pyalcs,6,0,510000,2131,5.64,15,0.641,1.000,738,0.332,0.853,228.7,3.021,0.762,0.1359,111
slurm_mpx37_s42_u7.out,37,42,pyalcs,7,0,510000,2144,5.67,19,0.624,1.000,718,0.320,0.859,245.2,2.961,0.766,0.1477,115
slurm_mpx37_s42_u8.out,37,42,pyalcs,8,0,510000,2270,7.71,21,0.618,1.000,660,0.306,0.818,232.9,3.235,1.041,0.1688,120
slurm_mpx37_s42_u9.out,37,42,pyalcs,9,0,510000,2588,10.78,22,0.605,1.000,942,0.259,0.809,157.8,3.108,1.457,0.1226,119
slurm_mpx37_s42_addr.out,37,42,pyalcs,7,0,540000,2008,5.81,19,0.645,1.000,533,0.325,0.854,342.8,3.353,0.785,0.1954,118
slurm_mpx37_s42_u10.out,37,42,pyalcs,10,0,540000,2501,11.24,24,0.625,1.000,937,0.227,0.814,158.3,3.218,1.519,0.1494,113
slurm_mpx37_s42_u12.out,37,42,pyalcs,12,0,540000,2728,10.19,27,0.675,1.000,1186,0.294,0.781,127.4,3.347,1.377,0.1536,102
slurm_mpx37_s42_u6.out,37,42,pyalcs,6,0,540000,2117,5.59,15,0.637,1.000,690,0.314,0.857,260.2,3.191,0.756,0.1448,116
slurm_mpx37_s42_u7.out,37,42,pyalcs,7,0,540000,2008,5.81,19,0.645,1.000,533,0.325,0.854,342.8,3.353,0.785,0.1954,118
slurm_mpx37_s42_u8.out,37,42,pyalcs,8,0,540000,2245,7.51,21,0.620,1.000,655,0.319,0.827,271.9,3.306,1.015,0.1517,119
slurm_mpx37_s42_u9.out,37,42,pyalcs,9,0,540000,2576,10.77,22,0.601,1.000,882,0.246,0.802,183.8,3.156,1.456,0.1292,119
slurm_mpx37_s42_u10.out,37,42,pyalcs,10,0,570000,2556,11.02,24,0.618,1.000,895,0.237,0.819,174.6,3.273,1.489,0.1471,111
slurm_mpx37_s42_u12.out,37,42,pyalcs,12,0,570000,2601,10.09,27,0.675,1.000,1082,0.253,0.786,148.2,3.352,1.364,0.1543,104
slurm_mpx37_s42_u6.out,37,42,pyalcs,6,0,570000,2129,5.57,15,0.643,1.000,696,0.297,0.856,286.1,3.110,0.752,0.1540,117
slurm_mpx37_s42_u7.out,37,42,pyalcs,7,0,570000,2128,5.62,19,0.633,1.000,610,0.324,0.859,335.3,3.302,0.760,0.1740,125
slurm_mpx37_s42_u8.out,37,42,pyalcs,8,0,570000,2225,7.52,21,0.636,1.000,656,0.316,0.823,321.7,3.264,1.016,0.1699,120
slurm_mpx37_s42_u9.out,37,42,pyalcs,9,0,570000,2564,10.75,22,0.612,1.000,910,0.254,0.801,208.9,3.183,1.453,0.1272,121
slurm_mpx37_s42_addr.out,37,42,pyalcs,7,0,60000,4051,9.15,18,0.634,1.000,3199,0.360,0.770,5.4,1.918,1.236,0.0095,1
slurm_mpx37_s42_u10.out,37,42,pyalcs,10,0,60000,10743,10.93,22,0.626,1.000,9000,0.381,0.717,3.6,1.841,1.477,0.0048,0
slurm_mpx37_s42_u12.out,37,42,pyalcs,12,0,60000,11615,11.66,25,0.598,1.000,8753,0.365,0.700,3.3,1.827,1.575,0.0060,0
slurm_mpx37_s42_u6.out,37,42,pyalcs,6,0,60000,2860,7.71,16,0.609,1.000,2274,0.345,0.806,5.7,1.495,1.042,0.0088,5
slurm_mpx37_s42_u7.out,37,42,pyalcs,7,0,60000,4051,9.15,18,0.634,1.000,3199,0.360,0.770,5.4,1.918,1.236,0.0095,1
slurm_mpx37_s42_u8.out,37,42,pyalcs,8,0,60000,8615,9.98,20,0.644,1.000,7409,0.346,0.744,4.1,2.095,1.348,0.0092,0
slurm_mpx37_s42_u9.out,37,42,pyalcs,9,0,60000,10900,10.52,21,0.634,1.000,9372,0.347,0.727,3.4,1.891,1.422,0.0030,0
slurm_mpx37_s42_addr.out,37,42,pyalcs,7,0,600000,2027,5.67,19,0.640,1.000,487,0.315,0.858,418.2,3.586,0.766,0.2077,125
slurm_mpx37_s42_u10.out,37,42,pyalcs,10,0,600000,2591,10.67,24,0.612,1.000,937,0.238,0.825,180.3,3.083,1.442,0.1330,112
slurm_mpx37_s42_u12.out,37,42,pyalcs,12,0,600000,2619,9.62,27,0.661,1.000,990,0.281,0.805,161.2,3.347,1.300,0.1535,108
slurm_mpx37_s42_u6.out,37,42,pyalcs,6,0,600000,2079,5.62,13,0.646,1.000,627,0.286,0.854,347.7,3.243,0.760,0.1761,121
slurm_mpx37_s42_u7.out,37,42,pyalcs,7,0,600000,2027,5.67,19,0.640,1.000,487,0.315,0.858,418.2,3.586,0.766,0.2077,125
slurm_mpx37_s42_u8.out,37,42,pyalcs,8,0,600000,2280,7.23,21,0.618,1.000,667,0.323,0.829,321.5,3.263,0.977,0.1579,121
slurm_mpx37_s42_u9.out,37,42,pyalcs,9,0,600000,2538,10.68,22,0.609,1.000,893,0.228,0.796,234.7,3.075,1.443,0.1263,123
slurm_mpx37_s42_u10.out,37,42,pyalcs,10,0,630000,2532,11.05,24,0.613,1.000,846,0.208,0.826,216.8,3.273,1.494,0.1458,115
slurm_mpx37_s42_u12.out,37,42,pyalcs,12,0,630000,2476,9.46,27,0.662,1.000,920,0.283,0.809,195.0,3.371,1.279,0.1630,109
slurm_mpx37_s42_u6.out,37,42,pyalcs,6,0,630000,2181,5.56,12,0.647,1.000,678,0.301,0.857,335.1,3.257,0.751,0.1496,120
slurm_mpx37_s42_u7.out,37,42,pyalcs,7,0,630000,2081,5.69,19,0.644,1.000,533,0.325,0.857,436.2,3.503,0.769,0.1979,126
slurm_mpx37_s42_u8.out,37,42,pyalcs,8,0,630000,2220,7.25,21,0.634,1.000,665,0.332,0.829,367.6,3.370,0.979,0.1678,122
slurm_mpx37_s42_u9.out,37,42,pyalcs,9,0,630000,2486,10.82,22,0.612,1.000,856,0.246,0.799,275.1,3.147,1.463,0.1299,124
slurm_mpx37_s42_addr.out,37,42,pyalcs,7,0,660000,2085,5.72,19,0.635,1.000,555,0.343,0.856,456.2,3.438,0.772,0.1792,126
slurm_mpx37_s42_u10.out,37,42,pyalcs,10,0,660000,2591,10.68,24,0.605,1.000,855,0.239,0.836,227.4,3.191,1.443,0.1467,117
slurm_mpx37_s42_u12.out,37,42,pyalcs,12,0,660000,2452,9.10,27,0.655,1.000,845,0.280,0.815,222.4,3.301,1.230,0.1683,113
slurm_mpx37_s42_u6.out,37,42,pyalcs,6,0,660000,2110,5.49,7,0.649,1.000,609,0.286,0.860,410.2,3.103,0.742,0.1742,124
slurm_mpx37_s42_u7.out,37,42,pyalcs,7,0,660000,2085,5.72,19,0.635,1.000,555,0.343,0.856,456.2,3.438,0.772,0.1792,126
slurm_mpx37_s42_u8.out,37,42,pyalcs,8,0,660000,2223,7.12,21,0.628,1.000,652,0.316,0.829,398.8,3.277,0.963,0.1772,121
slurm_mpx37_s42_u9.out,37,42,pyalcs,9,0,660000,2535,10.60,22,0.612,1.000,864,0.255,0.803,288.4,3.072,1.432,0.1364,125
slurm_mpx37_s42_u10.out,37,42,pyalcs,10,0,690000,2515,10.82,24,0.612,1.000,848,0.218,0.834,260.2,3.273,1.462,0.1450,120
slurm_mpx37_s42_u12.out,37,42,pyalcs,12,0,690000,2329,9.25,27,0.654,1.000,796,0.262,0.815,260.3,3.342,1.250,0.1566,117
slurm_mpx37_s42_u6.out,37,42,pyalcs,6,0,690000,2192,5.48,9,0.635,1.000,659,0.317,0.858,395.1,3.175,0.741,0.1623,124
slurm_mpx37_s42_u7.out,37,42,pyalcs,7,0,690000,2066,5.64,19,0.637,1.000,537,0.298,0.859,515.6,3.486,0.763,0.1917,128
slurm_mpx37_s42_u8.out,37,42,pyalcs,8,0,690000,2184,6.96,21,0.634,1.000,642,0.310,0.837,447.9,3.418,0.941,0.1837,123
slurm_mpx37_s42_u9.out,37,42,pyalcs,9,0,690000,2521,10.29,22,0.606,1.000,867,0.280,0.814,307.4,3.185,1.391,0.1317,127
slurm_mpx37_s42_addr.out,37,42,pyalcs,7,0,720000,2154,5.59,19,0.623,1.000,541,0.355,0.860,509.5,3.397,0.755,0.1822,127
slurm_mpx37_s42_u10.out,37,42,pyalcs,10,0,720000,2468,11.03,24,0.610,1.000,788,0.229,0.830,298.2,3.197,1.490,0.1441,120
slurm_mpx37_s42_u12.out,37,42,pyalcs,12,0,720000,2407,8.76,27,0.639,1.000,813,0.272,0.830,260.0,3.312,1.184,0.1495,117
slurm_mpx37_s42_u6.out,37,42,pyalcs,6,0,720000,2160,5.57,13,0.653,1.000,631,0.310,0.855,460.6,3.353,0.753,0.1692,123
slurm_mpx37_s42_u8.out,37,42,pyalcs,8,0,720000,2206,6.77,21,0.633,1.000,640,0.310,0.841,470.7,3.259,0.914,0.1683,124
slurm_mpx37_s42_u9.out,37,42,pyalcs,9,0,720000,2515,10.44,22,0.609,1.000,799,0.261,0.806,344.4,3.198,1.411,0.1369,126
slurm_mpx37_s42_u10.out,37,42,pyalcs,10,0,750000,2482,11.11,24,0.616,1.000,784,0.223,0.828,326.7,3.280,1.501,0.1521,123
slurm_mpx37_s42_u12.out,37,42,pyalcs,12,0,750000,2315,8.89,27,0.646,1.000,764,0.275,0.825,304.5,3.468,1.201,0.1886,119
slurm_mpx37_s42_u6.out,37,42,pyalcs,6,0,750000,2168,5.55,13,0.654,1.000,651,0.304,0.855,490.3,3.086,0.751,0.1694,125
slurm_mpx37_s42_u8.out,37,42,pyalcs,8,0,750000,2119,6.92,21,0.649,1.000,608,0.288,0.829,550.9,3.416,0.935,0.1897,126
slurm_mpx37_s42_u9.out,37,42,pyalcs,9,0,750000,2442,10.42,22,0.610,1.000,807,0.246,0.796,375.4,3.136,1.408,0.1329,126
slurm_mpx37_s42_addr.out,37,42,pyalcs,7,0,780000,2124,5.54,19,0.623,1.000,500,0.335,0.863,604.3,3.445,0.748,0.1975,128
slurm_mpx37_s42_u10.out,37,42,pyalcs,10,0,780000,2464,10.87,24,0.604,1.000,756,0.251,0.835,339.5,3.273,1.469,0.1538,126
slurm_mpx37_s42_u12.out,37,42,pyalcs,12,0,780000,2328,8.75,27,0.636,1.000,672,0.274,0.840,355.3,3.321,1.182,0.1747,123
slurm_mpx37_s42_u6.out,37,42,pyalcs,6,0,780000,2120,5.51,9,0.643,1.000,606,0.278,0.858,549.6,3.198,0.745,0.1783,126
slurm_mpx37_s42_u8.out,37,42,pyalcs,8,0,780000,2170,6.64,21,0.629,1.000,601,0.291,0.840,554.7,3.318,0.898,0.1849,126
slurm_mpx37_s42_u9.out,37,42,pyalcs,9,0,780000,2414,10.53,22,0.613,1.000,778,0.258,0.794,423.7,3.208,1.424,0.1457,126
slurm_mpx37_s42_u10.out,37,42,pyalcs,10,0,810000,2411,11.42,24,0.614,1.000,721,0.197,0.828,393.2,3.296,1.543,0.1681,128
slurm_mpx37_s42_u12.out,37,42,pyalcs,12,0,810000,2298,8.50,27,0.638,1.000,670,0.266,0.843,389.3,3.378,1.149,0.1715,124
slurm_mpx37_s42_u6.out,37,42,pyalcs,6,0,810000,2112,5.51,8,0.653,1.000,606,0.298,0.857,575.2,3.179,0.745,0.1788,125
slurm_mpx37_s42_u8.out,37,42,pyalcs,8,0,810000,2152,6.71,21,0.638,1.000,569,0.357,0.843,604.4,3.406,0.906,0.1876,126
slurm_mpx37_s42_u9.out,37,42,pyalcs,9,0,810000,2490,10.04,22,0.611,1.000,836,0.272,0.800,416.2,3.226,1.356,0.1351,127
slurm_mpx37_s42_u12.out,37,42,pyalcs,12,0,840000,2183,8.70,27,0.639,1.000,569,0.291,0.843,464.7,3.530,1.176,0.2007,127
slurm_mpx37_s42_u6.out,37,42,pyalcs,6,0,840000,2130,5.51,12,0.649,1.000,533,0.280,0.858,630.7,3.433,0.744,0.1990,126
slurm_mpx37_s42_u8.out,37,42,pyalcs,8,0,840000,2117,6.58,21,0.634,1.000,581,0.328,0.846,646.3,3.327,0.889,0.1824,126
slurm_mpx37_s42_u9.out,37,42,pyalcs,9,0,840000,2478,10.06,22,0.613,1.000,798,0.274,0.791,460.0,3.205,1.360,0.1449,127
slurm_mpx37_s42_u12.out,37,42,pyalcs,12,0,870000,2218,8.52,27,0.640,1.000,602,0.283,0.855,495.9,3.394,1.152,0.1869,127
slurm_mpx37_s42_u6.out,37,42,pyalcs,6,0,870000,2120,5.56,7,0.659,1.000,595,0.309,0.856,659.2,3.181,0.752,0.1762,127
slurm_mpx37_s42_u8.out,37,42,pyalcs,8,0,870000,2141,6.53,21,0.634,1.000,566,0.294,0.845,677.6,3.360,0.882,0.1817,126
slurm_mpx37_s42_u9.out,37,42,pyalcs,9,0,870000,2431,10.07,22,0.615,1.000,779,0.246,0.786,502.9,3.260,1.361,0.1397,127
slurm_mpx37_s42_u10.out,37,42,pyalcs,10,0,90000,13733,11.26,23,0.638,1.000,11579,0.365,0.708,4.1,2.035,1.521,0.0083,1
slurm_mpx37_s42_u12.out,37,42,pyalcs,12,0,90000,13746,12.00,25,0.616,1.000,10815,0.374,0.691,3.9,1.993,1.621,0.0071,1
slurm_mpx37_s42_u6.out,37,42,pyalcs,6,0,90000,2482,7.37,16,0.597,1.000,1688,0.392,0.817,10.8,1.348,0.996,0.0112,6
slurm_mpx37_s42_u7.out,37,42,pyalcs,7,0,90000,3579,8.76,18,0.627,1.000,2586,0.377,0.780,9.3,2.062,1.184,0.0178,6
slurm_mpx37_s42_u8.out,37,42,pyalcs,8,0,90000,7216,9.99,21,0.656,1.000,5898,0.338,0.747,6.6,2.175,1.350,0.0153,1
slurm_mpx37_s42_u9.out,37,42,pyalcs,9,0,90000,13585,10.70,21,0.650,1.000,11720,0.369,0.724,4.2,2.133,1.446,0.0062,0
slurm_mpx37_s42_u12.out,37,42,pyalcs,12,0,900000,2294,8.18,27,0.627,1.000,653,0.277,0.850,472.9,3.362,1.105,0.1760,128
slurm_mpx37_s42_u6.out,37,42,pyalcs,6,0,900000,2161,5.54,7,0.650,1.000,622,0.284,0.856,647.5,3.334,0.749,0.1787,128
slurm_mpx37_s42_u8.out,37,42,pyalcs,8,0,900000,2164,6.53,21,0.633,1.000,558,0.305,0.843,711.0,3.426,0.882,0.1946,126
slurm_mpx37_s42_u9.out,37,42,pyalcs,9,0,900000,2452,10.11,22,0.619,1.000,780,0.273,0.791,533.6,3.203,1.366,0.1426,128
slurm_mpx37_s42_u6.out,37,42,pyalcs,6,0,930000,2135,5.47,7,0.654,1.000,631,0.270,0.860,691.1,3.168,0.740,0.1727,127
slurm_mpx37_s42_u6.out,37,42,pyalcs,6,0,960000,2055,5.50,7,0.648,1.000,550,0.257,0.859,807.5,3.251,0.743,0.1920,127
slurm_mpx37_s42_u6.out,37,42,pyalcs,6,0,990000,2099,5.52,7,0.650,1.000,565,0.298,0.856,812.3,3.293,0.746,0.1867,128
slurm_mpx70_s42_addr.out,70,42,pyalcs,8,0,10020000,3352,6.18,22,0.597,1.000,934,0.393,0.920,3213.0,2.817,0.529,0.1216,176
slurm_mpx70_s42_addr.out,70,42,pyalcs,8,0,10080000,3114,6.74,22,0.615,1.000,864,0.324,0.905,3729.7,3.058,0.578,0.1548,177
slurm_mpx70_s42_addr.out,70,42,pyalcs,8,0,10140000,2996,6.48,22,0.617,1.000,737,0.330,0.910,4369.5,3.045,0.556,0.1693,178
slurm_mpx70_s42_addr.out,70,42,pyalcs,8,0,1020000,4339,10.02,22,0.592,1.000,3308,0.402,0.868,11.7,1.494,0.858,0.0029,4
slurm_mpx70_s42_addr.out,70,42,pyalcs,8,0,10200000,3034,6.60,22,0.626,1.000,856,0.335,0.910,4140.1,3.124,0.566,0.1564,179
slurm_mpx70_s42_addr.out,70,42,pyalcs,8,0,10260000,3054,6.47,22,0.619,1.000,808,0.344,0.912,4154.6,3.388,0.555,0.1676,180
slurm_mpx70_s42_addr.out,70,42,pyalcs,8,0,10320000,3188,6.81,22,0.615,1.000,914,0.356,0.906,3745.0,2.956,0.584,0.1502,182
slurm_mpx70_s42_addr.out,70,42,pyalcs,8,0,10380000,3172,6.45,22,0.611,1.000,850,0.345,0.911,3824.2,3.264,0.553,0.1549,181
slurm_mpx70_s42_addr.out,70,42,pyalcs,8,0,10440000,3059,6.48,21,0.610,1.000,772,0.325,0.912,4235.5,3.088,0.555,0.1604,181
slurm_mpx70_s42_addr.out,70,42,pyalcs,8,0,10500000,2984,6.57,21,0.629,1.000,770,0.315,0.911,4598.1,3.465,0.563,0.1811,182
slurm_mpx70_s42_addr.out,70,42,pyalcs,8,0,10560000,3051,6.58,21,0.624,1.000,827,0.333,0.911,4373.2,3.266,0.564,0.1634,182
slurm_mpx70_s42_addr.out,70,42,pyalcs,8,0,10620000,3018,6.58,21,0.630,1.000,804,0.342,0.910,4597.5,3.316,0.564,0.1721,183
slurm_mpx70_s42_addr.out,70,42,pyalcs,8,0,10680000,2967,6.57,21,0.637,1.000,841,0.305,0.908,4576.4,3.604,0.563,0.1655,183
slurm_mpx70_s42_addr.out,70,42,pyalcs,8,0,10740000,3093,6.56,21,0.619,1.000,783,0.308,0.912,4467.9,3.148,0.562,0.1650,186
slurm_mpx70_s42_addr.out,70,42,pyalcs,8,0,1080000,4257,9.92,22,0.591,1.000,3162,0.370,0.866,13.1,1.393,0.850,0.0038,5
slurm_mpx70_s42_addr.out,70,42,pyalcs,8,0,10800000,3073,6.55,21,0.623,1.000,797,0.322,0.910,4655.4,3.455,0.562,0.1746,187
slurm_mpx70_s42_addr.out,70,42,pyalcs,8,0,10860000,3109,6.41,21,0.624,1.000,807,0.331,0.915,4561.0,3.301,0.549,0.1700,188
slurm_mpx70_s42_addr.out,70,42,pyalcs,8,0,10920000,3095,6.35,21,0.627,1.000,871,0.332,0.915,4531.8,3.388,0.545,0.1722,191
slurm_mpx70_s42_addr.out,70,42,pyalcs,8,0,10980000,3100,6.50,21,0.641,1.000,827,0.282,0.911,4894.6,3.563,0.557,0.1894,194
slurm_mpx70_s42_addr.out,70,42,pyalcs,8,0,11040000,3146,6.46,21,0.627,1.000,807,0.311,0.911,4694.0,3.617,0.554,0.1752,195
slurm_mpx70_s42_addr.out,70,42,pyalcs,8,0,11100000,3074,6.46,21,0.645,1.000,790,0.292,0.912,5091.4,3.631,0.553,0.2052,196
slurm_mpx70_s42_addr.out,70,42,pyalcs,8,0,11160000,3166,6.44,21,0.628,1.000,782,0.314,0.914,4855.4,3.478,0.552,0.1815,194
slurm_mpx70_s42_addr.out,70,42,pyalcs,8,0,11220000,3103,6.48,21,0.638,1.000,768,0.302,0.912,5222.5,3.802,0.555,0.2025,197
slurm_mpx70_s42_addr.out,70,42,pyalcs,8,0,11280000,3093,6.54,21,0.643,1.000,781,0.289,0.911,5203.2,3.711,0.561,0.1912,196
slurm_mpx70_s42_addr.out,70,42,pyalcs,8,0,11340000,3108,6.48,21,0.640,1.000,800,0.306,0.912,5189.4,3.768,0.556,0.2032,197
slurm_mpx70_s42_addr.out,70,42,pyalcs,8,0,1140000,4186,9.68,22,0.601,1.000,3168,0.379,0.870,15.6,1.489,0.830,0.0046,6
slurm_mpx70_s42_addr.out,70,42,pyalcs,8,0,11400000,3097,6.44,21,0.633,1.000,723,0.320,0.914,5380.6,3.951,0.552,0.1971,199
slurm_mpx70_s42_addr.out,70,42,pyalcs,8,0,11460000,3235,6.49,21,0.631,1.000,813,0.288,0.912,4912.5,3.709,0.556,0.1797,199
slurm_mpx70_s42_addr.out,70,42,pyalcs,8,0,11520000,3166,6.45,21,0.636,1.000,735,0.308,0.913,5437.4,3.977,0.553,0.2007,199
slurm_mpx70_s42_addr.out,70,42,pyalcs,8,0,11580000,3185,6.54,21,0.646,1.000,823,0.273,0.912,5246.7,3.889,0.561,0.1974,200
slurm_mpx70_s42_addr.out,70,42,pyalcs,8,0,11640000,3175,6.54,21,0.647,1.000,819,0.277,0.911,5273.7,3.890,0.560,0.1993,201
slurm_mpx70_s42_addr.out,70,42,pyalcs,8,0,11700000,3161,6.56,21,0.642,1.000,803,0.313,0.912,5270.3,3.865,0.562,0.2002,202
slurm_mpx70_s42_addr.out,70,42,pyalcs,8,0,11760000,3341,6.52,21,0.634,1.000,853,0.327,0.912,4861.7,3.741,0.559,0.1816,202
slurm_mpx70_s42_addr.out,70,42,pyalcs,8,0,11820000,3226,6.50,21,0.641,1.000,815,0.307,0.913,5455.8,3.893,0.557,0.1979,202
slurm_mpx70_s42_addr.out,70,42,pyalcs,8,0,11880000,3307,6.51,21,0.644,1.000,850,0.282,0.912,5161.6,4.072,0.558,0.1979,205
slurm_mpx70_s42_addr.out,70,42,pyalcs,8,0,11940000,3307,6.50,20,0.644,1.000,804,0.316,0.913,5413.2,3.931,0.557,0.1924,206
slurm_mpx70_s42_addr.out,70,42,pyalcs,8,0,120000,3895,8.92,19,0.582,1.000,3126,0.396,0.879,2.9,0.962,0.764,0.0000,0
slurm_mpx70_s42_addr.out,70,42,pyalcs,8,0,1200000,4357,9.84,22,0.615,1.000,3404,0.383,0.867,16.8,1.770,0.844,0.0052,7
slurm_mpx70_s42_addr.out,70,42,pyalcs,8,0,12000000,3357,6.55,20,0.635,1.000,861,0.342,0.912,5141.1,3.982,0.561,0.1844,208
slurm_mpx70_s42_addr.out,70,42,pyalcs,8,0,12060000,3307,6.48,20,0.644,1.000,841,0.283,0.912,5365.0,4.057,0.555,0.1957,209
slurm_mpx70_s42_addr.out,70,42,pyalcs,8,0,12120000,3320,6.49,20,0.652,1.000,817,0.272,0.914,5581.6,4.014,0.556,0.2078,208
slurm_mpx70_s42_addr.out,70,42,pyalcs,8,0,12180000,3517,6.54,20,0.635,1.000,932,0.313,0.912,4839.3,4.138,0.561,0.1839,210
slurm_mpx70_s42_addr.out,70,42,pyalcs,8,0,12240000,3453,6.55,20,0.646,1.000,910,0.313,0.911,5250.3,4.029,0.562,0.1911,211
slurm_mpx70_s42_addr.out,70,42,pyalcs,8,0,12300000,3457,6.48,20,0.637,1.000,793,0.287,0.914,5363.0,4.106,0.555,0.1994,218
slurm_mpx70_s42_addr.out,70,42,pyalcs,8,0,12360000,3434,6.52,20,0.650,1.000,896,0.290,0.912,5353.1,4.118,0.559,0.1935,217
slurm_mpx70_s42_addr.out,70,42,pyalcs,8,0,12420000,3506,6.50,20,0.651,1.000,899,0.273,0.911,5432.8,4.167,0.557,0.1986,218
slurm_mpx70_s42_addr.out,70,42,pyalcs,8,0,12480000,3485,6.50,20,0.646,1.000,902,0.275,0.912,5446.6,4.090,0.557,0.2027,217
slurm_mpx70_s42_addr.out,70,42,pyalcs,8,0,12540000,3622,6.47,20,0.645,1.000,936,0.316,0.911,5160.0,4.184,0.555,0.1995,221
slurm_mpx70_s42_addr.out,70,42,pyalcs,8,0,1260000,4678,9.84,22,0.607,1.000,3543,0.388,0.868,18.3,1.756,0.844,0.0058,7
slurm_mpx70_s42_addr.out,70,42,pyalcs,8,0,12600000,3596,6.48,20,0.643,1.000,910,0.276,0.911,5245.7,4.258,0.555,0.1885,222
slurm_mpx70_s42_addr.out,70,42,pyalcs,8,0,12660000,3430,6.45,20,0.651,1.000,818,0.315,0.912,5824.9,4.130,0.553,0.2202,224
slurm_mpx70_s42_addr.out,70,42,pyalcs,8,0,12720000,3554,6.44,20,0.640,1.000,872,0.302,0.912,5549.6,4.238,0.552,0.2144,226
slurm_mpx70_s42_addr.out,70,42,pyalcs,8,0,12780000,3536,6.38,20,0.640,1.000,827,0.322,0.914,5682.4,4.139,0.547,0.2136,228
slurm_mpx70_s42_addr.out,70,42,pyalcs,8,0,12840000,3490,6.46,20,0.648,1.000,857,0.269,0.913,5691.8,4.248,0.554,0.2205,229
slurm_mpx70_s42_addr.out,70,42,pyalcs,8,0,12900000,3468,6.42,20,0.655,1.000,837,0.260,0.912,6116.1,4.313,0.550,0.2231,229
slurm_mpx70_s42_addr.out,70,42,pyalcs,8,0,12960000,3479,6.36,20,0.655,1.000,806,0.282,0.914,6195.2,4.138,0.545,0.2246,228
slurm_mpx70_s42_addr.out,70,42,pyalcs,8,0,13020000,3486,6.39,20,0.651,1.000,819,0.268,0.912,6189.6,4.194,0.547,0.2200,229
slurm_mpx70_s42_addr.out,70,42,pyalcs,8,0,13080000,3557,6.43,20,0.644,1.000,821,0.282,0.913,6016.3,4.300,0.551,0.2146,231
slurm_mpx70_s42_addr.out,70,42,pyalcs,8,0,13140000,3553,6.44,20,0.648,1.000,876,0.280,0.913,5945.1,4.280,0.552,0.2146,231
slurm_mpx70_s42_addr.out,70,42,pyalcs,8,0,1320000,4279,9.91,22,0.609,1.000,3160,0.375,0.867,21.8,1.829,0.849,0.0078,8
slurm_mpx70_s42_addr.out,70,42,pyalcs,8,0,13200000,3606,6.47,20,0.644,1.000,815,0.278,0.912,6058.1,4.248,0.555,0.2103,232
slurm_mpx70_s42_addr.out,70,42,pyalcs,8,0,13260000,3554,6.44,20,0.648,1.000,834,0.283,0.912,6209.7,4.304,0.552,0.2164,232
slurm_mpx70_s42_addr.out,70,42,pyalcs,8,0,13320000,3546,6.37,20,0.652,1.000,855,0.298,0.914,6096.9,4.216,0.546,0.2109,233
slurm_mpx70_s42_addr.out,70,42,pyalcs,8,0,13380000,3546,6.42,20,0.642,1.000,804,0.284,0.913,6262.0,4.243,0.551,0.2124,232
slurm_mpx70_s42_addr.out,70,42,pyalcs,8,0,13440000,3536,6.45,20,0.649,1.000,828,0.287,0.911,6317.8,4.373,0.553,0.2279,236
slurm_mpx70_s42_addr.out,70,42,pyalcs,8,0,13500000,3544,6.39,20,0.647,1.000,769,0.304,0.912,6581.2,4.305,0.548,0.2252,235
slurm_mpx70_s42_addr.out,70,42,pyalcs,8,0,13560000,3492,6.50,20,0.656,1.000,823,0.283,0.911,6585.9,4.336,0.557,0.2279,239
slurm_mpx70_s42_addr.out,70,42,pyalcs,8,0,13620000,3554,6.43,20,0.656,1.000,841,0.271,0.912,6449.7,4.348,0.551,0.2249,242
slurm_mpx70_s42_addr.out,70,42,pyalcs,8,0,13680000,3576,6.38,20,0.650,1.000,831,0.276,0.913,6441.7,4.329,0.547,0.2255,240
slurm_mpx70_s42_addr.out,70,42,pyalcs,8,0,13740000,3588,6.37,20,0.650,1.000,833,0.279,0.913,6631.3,4.376,0.546,0.2261,240
slurm_mpx70_s42_addr.out,70,42,pyalcs,8,0,1380000,4328,9.43,22,0.602,1.000,3067,0.377,0.874,25.2,1.698,0.808,0.0080,11
slurm_mpx70_s42_addr.out,70,42,pyalcs,8,0,13800000,3506,6.34,20,0.642,1.000,759,0.280,0.914,6753.2,4.256,0.544,0.2393,241
slurm_mpx70_s42_addr.out,70,42,pyalcs,8,0,13860000,3661,6.38,20,0.645,1.000,844,0.271,0.913,6299.0,4.226,0.547,0.2118,243
slurm_mpx70_s42_addr.out,70,42,pyalcs,8,0,13920000,3643,6.40,20,0.648,1.000,845,0.268,0.914,6699.1,4.327,0.548,0.2244,245
slurm_mpx70_s42_addr.out,70,42,pyalcs,8,0,13980000,3568,6.32,20,0.649,1.000,812,0.261,0.915,6805.3,4.204,0.542,0.2302,246
slurm_mpx70_s42_addr.out,70,42,pyalcs,8,0,14040000,3621,6.40,20,0.651,1.000,862,0.273,0.913,6584.1,4.436,0.549,0.2210,245
slurm_mpx70_s42_addr.out,70,42,pyalcs,8,0,14100000,3588,6.34,20,0.657,1.000,801,0.264,0.912,7108.7,4.341,0.543,0.2298,246
slurm_mpx70_s42_addr.out,70,42,pyalcs,8,0,14160000,3588,6.41,20,0.653,1.000,856,0.280,0.913,6805.2,4.287,0.549,0.2262,246
slurm_mpx70_s42_addr.out,70,42,pyalcs,8,0,14220000,3564,6.33,20,0.650,1.000,782,0.264,0.915,7210.8,4.378,0.543,0.2364,246
slurm_mpx70_s42_addr.out,70,42,pyalcs,8,0,14280000,3635,6.41,20,0.658,1.000,864,0.264,0.913,6937.1,4.368,0.549,0.2351,246
slurm_mpx70_s42_addr.out,70,42,pyalcs,8,0,14340000,3637,6.42,20,0.650,1.000,869,0.268,0.913,6668.6,4.214,0.550,0.2268,243
slurm_mpx70_s42_addr.out,70,42,pyalcs,8,0,1440000,4358,9.25,21,0.587,1.000,2905,0.374,0.877,26.9,1.611,0.793,0.0102,13
slurm_mpx70_s42_addr.out,70,42,pyalcs,8,0,14400000,3645,6.38,20,0.644,1.000,910,0.261,0.914,6447.0,4.262,0.547,0.2098,243
slurm_mpx70_s42_addr.out,70,42,pyalcs,8,0,14460000,3615,6.40,20,0.654,1.000,833,0.286,0.912,7043.6,4.289,0.549,0.2275,244
slurm_mpx70_s42_addr.out,70,42,pyalcs,8,0,14520000,3603,6.35,20,0.640,1.000,839,0.276,0.914,6747.3,4.385,0.544,0.2221,246
slurm_mpx70_s42_addr.out,70,42,pyalcs,8,0,14580000,3583,6.41,20,0.656,1.000,835,0.247,0.912,7265.7,4.403,0.549,0.2398,246
slurm_mpx70_s42_addr.out,70,42,pyalcs,8,0,14640000,3584,6.37,20,0.648,1.000,805,0.263,0.914,7242.5,4.383,0.546,0.2358,246
slurm_mpx70_s42_addr.out,70,42,pyalcs,8,0,14700000,3643,6.37,20,0.640,1.000,839,0.283,0.913,6916.3,4.349,0.546,0.2301,247
slurm_mpx70_s42_addr.out,70,42,pyalcs,8,0,14760000,3609,6.33,19,0.648,1.000,820,0.281,0.915,7247.8,4.261,0.542,0.2285,247
slurm_mpx70_s42_addr.out,70,42,pyalcs,8,0,14820000,3607,6.35,19,0.646,1.000,781,0.274,0.915,7385.5,4.387,0.545,0.2364,247
slurm_mpx70_s42_addr.out,70,42,pyalcs,8,0,14880000,3636,6.35,19,0.644,1.000,823,0.273,0.914,7083.0,4.303,0.544,0.2210,248
slurm_mpx70_s42_addr.out,70,42,pyalcs,8,0,14940000,3656,6.39,19,0.650,1.000,835,0.257,0.914,7281.2,4.284,0.547,0.2257,247
slurm_mpx70_s42_addr.out,70,42,pyalcs,8,0,1500000,3808,9.52,21,0.607,1.000,2685,0.387,0.874,32.9,1.768,0.816,0.0113,12
slurm_mpx70_s42_addr.out,70,42,pyalcs,8,0,15000000,3657,6.35,19,0.648,1.000,880,0.268,0.913,7019.1,4.308,0.545,0.2233,248
slurm_mpx70_s42_addr.out,70,42,pyalcs,8,0,15060000,3676,6.38,19,0.651,1.000,823,0.255,0.913,7411.8,4.336,0.547,0.2342,248
slurm_mpx70_s42_addr.out,70,42,pyalcs,8,0,15120000,3637,6.34,19,0.650,1.000,840,0.259,0.914,7536.8,4.374,0.543,0.2357,250
slurm_mpx70_s42_addr.out,70,42,pyalcs,8,0,15180000,3620,6.38,19,0.658,1.000,844,0.251,0.913,7677.9,4.467,0.547,0.2446,251
slurm_mpx70_s42_addr.out,70,42,pyalcs,8,0,15240000,3721,6.45,19,0.655,1.000,908,0.254,0.912,7260.2,4.387,0.553,0.2290,251
slurm_mpx70_s42_addr.out,70,42,pyalcs,8,0,15300000,3700,6.41,19,0.650,1.000,894,0.297,0.912,7202.8,4.398,0.550,0.2145,250
slurm_mpx70_s42_addr.out,70,42,pyalcs,8,0,15360000,3632,6.37,19,0.653,1.000,804,0.236,0.916,7816.9,4.337,0.546,0.2382,252
slurm_mpx70_s42_addr.out,70,42,pyalcs,8,0,15420000,3662,6.34,19,0.652,1.000,866,0.261,0.914,7651.8,4.328,0.544,0.2266,252
slurm_mpx70_s42_addr.out,70,42,pyalcs,8,0,15480000,3675,6.37,19,0.654,1.000,848,0.277,0.914,7808.0,4.383,0.546,0.2341,252
slurm_mpx70_s42_addr.out,70,42,pyalcs,8,0,15540000,3694,6.37,19,0.647,1.000,871,0.260,0.914,7562.0,4.406,0.546,0.2269,253
slurm_mpx70_s42_addr.out,70,42,pyalcs,8,0,1560000,3620,9.36,21,0.602,1.000,2459,0.374,0.876,38.1,1.776,0.803,0.0120,14
slurm_mpx70_s42_addr.out,70,42,pyalcs,8,0,15600000,3704,6.35,19,0.652,1.000,891,0.258,0.913,7753.7,4.415,0.545,0.2238,253
slurm_mpx70_s42_addr.out,70,42,pyalcs,8,0,15660000,3660,6.37,19,0.661,1.000,848,0.254,0.912,8058.6,4.386,0.546,0.2405,253
slurm_mpx70_s42_addr.out,70,42,pyalcs,8,0,15720000,3660,6.38,19,0.661,1.000,872,0.268,0.913,7934.6,4.381,0.547,0.2319,253
slurm_mpx70_s42_addr.out,70,42,pyalcs,8,0,15780000,3753,6.40,19,0.649,1.000,876,0.268,0.913,7545.6,4.434,0.548,0.2264,254
slurm_mpx70_s42_addr.out,70,42,pyalcs,8,0,15840000,3751,6.33,19,0.642,1.000,838,0.292,0.915,7696.8,4.364,0.542,0.2303,254
slurm_mpx70_s42_addr.out,70,42,pyalcs,8,0,15900000,3677,6.34,19,0.650,1.000,837,0.285,0.915,7983.1,4.363,0.543,0.2315,254
slurm_mpx70_s42_addr.out,70,42,pyalcs,8,0,15960000,3667,6.30,19,0.642,1.000,796,0.290,0.916,8062.6,4.322,0.540,0.2310,252
slurm_mpx70_s42_addr.out,70,42,pyalcs,8,0,16020000,3660,6.37,19,0.655,1.000,858,0.288,0.913,8140.0,4.434,0.546,0.2276,252
slurm_mpx70_s42_addr.out,70,42,pyalcs,8,0,16080000,3668,6.37,19,0.651,1.000,831,0.280,0.913,8225.4,4.459,0.546,0.2303,252
slurm_mpx70_s42_addr.out,70,42,pyalcs,8,0,16140000,3697,6.30,19,0.647,1.000,861,0.262,0.915,7948.2,4.306,0.540,0.2244,252
slurm_mpx70_s42_addr.out,70,42,pyalcs,8,0,1620000,3689,9.12,21,0.593,1.000,2420,0.388,0.881,39.2,1.780,0.782,0.0140,18
slurm_mpx70_s42_addr.out,70,42,pyalcs,8,0,16200000,3711,6.34,19,0.649,1.000,888,0.278,0.913,7976.7,4.444,0.543,0.2214,252
slurm_mpx70_s42_addr.out,70,42,pyalcs,8,0,16260000,3672,6.39,19,0.655,1.000,825,0.254,0.913,8613.7,4.411,0.548,0.2342,252
slurm_mpx70_s42_addr.out,70,42,pyalcs,8,0,16320000,3691,6.38,19,0.651,1.000,806,0.258,0.914,8824.3,4.476,0.547,0.2421,252
slurm_mpx70_s42_addr.out,70,42,pyalcs,8,0,16380000,3671,6.40,19,0.652,1.000,811,0.259,0.913,8708.8,4.357,0.548,0.2323,252
slurm_mpx70_s42_addr.out,70,42,pyalcs,8,0,16440000,3705,6.29,19,0.645,1.000,801,0.280,0.915,8677.7,4.362,0.539,0.2327,252
slurm_mpx70_s42_addr.out,70,42,pyalcs,8,0,16500000,3700,6.42,19,0.647,1.000,800,0.270,0.912,8611.1,4.411,0.550,0.2354,253
slurm_mpx70_s42_addr.out,70,42,pyalcs,8,0,16560000,3684,6.36,19,0.648,1.000,828,0.290,0.914,8618.1,4.342,0.545,0.2267,253
slurm_mpx70_s42_addr.out,70,42,pyalcs,8,0,16620000,3663,6.33,19,0.651,1.000,877,0.254,0.914,8589.3,4.383,0.542,0.2304,253
slurm_mpx70_s42_addr.out,70,42,pyalcs,8,0,16680000,3675,6.37,19,0.647,1.000,792,0.284,0.913,8689.8,4.405,0.546,0.2276,253
slurm_mpx70_s42_addr.out,70,42,pyalcs,8,0,16740000,3637,6.34,19,0.656,1.000,814,0.269,0.915,9027.4,4.412,0.544,0.2411,254
slurm_mpx70_s42_addr.out,70,42,pyalcs,8,0,1680000,3511,9.40,21,0.605,1.000,2399,0.370,0.874,45.1,1.847,0.805,0.0159,19
slurm_mpx70_s42_addr.out,70,42,pyalcs,8,0,16800000,3695,6.33,19,0.642,1.000,828,0.285,0.915,8423.9,4.274,0.543,0.2197,255
slurm_mpx70_s42_addr.out,70,42,pyalcs,8,0,16860000,3702,6.33,19,0.644,1.000,826,0.261,0.914,8845.8,4.337,0.543,0.2320,253
slurm_mpx70_s42_addr.out,70,42,pyalcs,8,0,16920000,3660,6.38,19,0.653,1.000,818,0.261,0.913,9079.8,4.470,0.547,0.2385,253
slurm_mpx70_s42_addr.out,70,42,pyalcs,8,0,16980000,3685,6.40,19,0.655,1.000,926,0.279,0.913,8466.0,4.448,0.548,0.2195,253
slurm_mpx70_s42_addr.out,70,42,pyalcs,8,0,17040000,3672,6.38,19,0.650,1.000,841,0.274,0.912,9004.8,4.410,0.547,0.2313,253
slurm_mpx70_s42_addr.out,70,42,pyalcs,8,0,17100000,3686,6.37,19,0.648,1.000,827,0.281,0.914,9170.4,4.315,0.546,0.2292,253
slurm_mpx70_s42_addr.out,70,42,pyalcs,8,0,17160000,3709,6.41,19,0.653,1.000,827,0.281,0.912,9251.9,4.433,0.550,0.2270,253
slurm_mpx70_s42_addr.out,70,42,pyalcs,8,0,17220000,3606,6.35,19,0.650,1.000,863,0.254,0.914,9185.5,4.312,0.545,0.2350,253
slurm_mpx70_s42_addr.out,70,42,pyalcs,8,0,17280000,3639,6.37,19,0.654,1.000,812,0.252,0.913,9508.5,4.342,0.546,0.2402,254
slurm_mpx70_s42_addr.out,70,42,pyalcs,8,0,17340000,3720,6.29,19,0.653,1.000,845,0.263,0.915,9365.7,4.438,0.539,0.2455,255
slurm_mpx70_s42_addr.out,70,42,pyalcs,8,0,1740000,3647,9.27,21,0.601,1.000,2350,0.398,0.876,48.6,1.925,0.795,0.0161,23
slurm_mpx70_s42_addr.out,70,42,pyalcs,8,0,17400000,3646,6.40,19,0.648,1.000,869,0.279,0.913,9153.9,4.418,0.548,0.2256,255
slurm_mpx70_s42_addr.out,70,42,pyalcs,8,0,17460000,3722,6.35,19,0.653,1.000,877,0.243,0.913,9135.9,4.348,0.544,0.2260,255
slurm_mpx70_s42_addr.out,70,42,pyalcs,8,0,17520000,3699,6.32,19,0.656,1.000,845,0.292,0.914,9636.8,4.428,0.542,0.2397,255
slurm_mpx70_s42_addr.out,70,42,pyalcs,8,0,17580000,3715,6.37,19,0.653,1.000,811,0.283,0.914,9597.8,4.372,0.546,0.2357,255
slurm_mpx70_s42_addr.out,70,42,pyalcs,8,0,17640000,3683,6.31,19,0.650,1.000,818,0.261,0.915,9599.5,4.365,0.541,0.2336,255
slurm_mpx70_s42_addr.out,70,42,pyalcs,8,0,17700000,3732,6.34,19,0.647,1.000,852,0.275,0.914,9264.9,4.410,0.544,0.2300,255
slurm_mpx70_s42_addr.out,70,42,pyalcs,8,0,17760000,3687,6.42,19,0.654,1.000,910,0.294,0.912,9476.0,4.425,0.550,0.2390,255
slurm_mpx70_s42_addr.out,70,42,pyalcs,8,0,17820000,3744,6.39,19,0.651,1.000,846,0.275,0.911,9463.0,4.383,0.548,0.2292,255
slurm_mpx70_s42_addr.out,70,42,pyalcs,8,0,17880000,3738,6.38,19,0.644,1.000,868,0.264,0.914,9245.8,4.373,0.547,0.2268,256
slurm_mpx70_s42_addr.out,70,42,pyalcs,8,0,180000,4363,9.61,19,0.593,1.000,3679,0.397,0.869,3.0,1.172,0.824,0.0000,0
slurm_mpx70_s42_addr.out,70,42,pyalcs,8,0,1800000,3550,9.16,21,0.610,1.000,2310,0.375,0.876,54.2,1.882,0.785,0.0208,28
slurm_mpx70_s42_addr.out,70,42,pyalcs,8,0,1860000,3471,9.09,21,0.618,1.000,2294,0.340,0.877,63.4,2.035,0.779,0.0254,33
slurm_mpx70_s42_addr.out,70,42,pyalcs,8,0,1920000,3287,8.85,21,0.609,1.000,2030,0.376,0.880,73.4,1.776,0.759,0.0254,38
slurm_mpx70_s42_addr.out,70,42,pyalcs,8,0,1980000,3324,8.80,21,0.612,1.000,2013,0.376,0.882,77.2,1.991,0.754,0.0271,39
slurm_mpx70_s42_addr.out,70,42,pyalcs,8,0,2040000,3712,8.44,21,0.605,1.000,2156,0.403,0.887,76.1,1.987,0.723,0.0290,46
slurm_mpx70_s42_addr.out,70,42,pyalcs,8,0,2100000,3555,8.80,21,0.615,1.000,2069,0.406,0.881,87.9,2.278,0.754,0.0300,49
slurm_mpx70_s42_addr.out,70,42,pyalcs,8,0,2160000,3317,8.60,21,0.608,1.000,1910,0.370,0.886,104.2,2.045,0.737,0.0358,50
slurm_mpx70_s42_addr.out,70,42,pyalcs,8,0,2220000,2961,8.40,21,0.602,1.000,1536,0.380,0.889,129.8,2.010,0.720,0.0413,51
slurm_mpx70_s42_addr.out,70,42,pyalcs,8,0,2280000,2923,8.38,21,0.602,1.000,1504,0.377,0.891,149.0,1.906,0.719,0.0472,55
slurm_mpx70_s42_addr.out,70,42,pyalcs,8,0,2340000,3048,8.43,21,0.610,1.000,1611,0.356,0.886,147.1,2.214,0.722,0.0435,59
slurm_mpx70_s42_addr.out,70,42,pyalcs,8,0,240000,4160,9.37,19,0.587,1.000,3413,0.385,0.872,3.1,0.987,0.803,0.0000,0
slurm_mpx70_s42_addr.out,70,42,pyalcs,8,0,2400000,3993,7.92,21,0.573,1.000,1820,0.333,0.894,108.6,1.685,0.679,0.0298,63
slurm_mpx70_s42_addr.out,70,42,pyalcs,8,0,2460000,3231,8.34,21,0.625,1.000,1787,0.367,0.887,150.2,2.454,0.715,0.0461,67
slurm_mpx70_s42_addr.out,70,42,pyalcs,8,0,2520000,3488,8.30,21,0.626,1.000,1918,0.378,0.887,149.7,2.644,0.711,0.0409,72
slurm_mpx70_s42_addr.out,70,42,pyalcs,8,0,2580000,3432,8.33,21,0.611,1.000,1717,0.307,0.888,164.1,2.191,0.714,0.0421,77
slurm_mpx70_s42_addr.out,70,42,pyalcs,8,0,2640000,2981,8.28,21,0.619,1.000,1382,0.354,0.886,225.2,2.378,0.710,0.0584,80
slurm_mpx70_s42_addr.out,70,42,pyalcs,8,0,2700000,3125,7.94,21,0.609,1.000,1436,0.359,0.894,225.1,2.234,0.681,0.0556,83
slurm_mpx70_s42_addr.out,70,42,pyalcs,8,0,2760000,3023,7.71,21,0.592,1.000,1274,0.373,0.899,251.8,2.249,0.661,0.0668,89
slurm_mpx70_s42_addr.out,70,42,pyalcs,8,0,2820000,2994,7.74,21,0.605,1.000,1301,0.360,0.897,279.7,2.497,0.663,0.0666,92
slurm_mpx70_s42_addr.out,70,42,pyalcs,8,0,2880000,3218,7.94,21,0.582,1.000,1335,0.352,0.891,256.9,2.313,0.681,0.0574,92
slurm_mpx70_s42_addr.out,70,42,pyalcs,8,0,2940000,3141,7.63,21,0.593,1.000,1283,0.349,0.898,280.6,2.346,0.654,0.0645,93
slurm_mpx70_s42_addr.out,70,42,pyalcs,8,0,300000,4340,9.71,20,0.598,1.000,3664,0.401,0.868,3.4,1.209,0.832,0.0000,0
slurm_mpx70_s42_addr.out,70,42,pyalcs,8,0,3000000,2924,7.62,21,0.600,1.000,1170,0.376,0.898,331.7,2.415,0.654,0.0727,95
slurm_mpx70_s42_addr.out,70,42,pyalcs,8,0,3060000,3136,7.43,21,0.587,1.000,1216,0.344,0.899,307.1,2.225,0.637,0.0685,102
slurm_mpx70_s42_addr.out,70,42,pyalcs,8,0,3120000,2972,7.61,21,0.606,1.000,1174,0.356,0.897,356.9,2.526,0.652,0.0796,104
slurm_mpx70_s42_addr.out,70,42,pyalcs,8,0,3180000,2975,7.64,21,0.616,1.000,1256,0.349,0.896,364.2,2.737,0.655,0.0740,105
slurm_mpx70_s42_addr.out,70,42,pyalcs,8,0,3240000,2852,7.60,21,0.613,1.000,1129,0.341,0.896,421.8,2.477,0.651,0.0862,109
slurm_mpx70_s42_addr.out,70,42,pyalcs,8,0,3300000,2942,7.41,21,0.597,1.000,1006,0.379,0.900,439.4,2.481,0.636,0.0899,112
slurm_mpx70_s42_addr.out,70,42,pyalcs,8,0,3360000,3220,7.34,21,0.599,1.000,1322,0.329,0.902,389.1,2.262,0.629,0.0787,118
slurm_mpx70_s42_addr.out,70,42,pyalcs,8,0,3420000,3236,7.48,21,0.601,1.000,1345,0.350,0.898,410.4,2.263,0.641,0.0831,119
slurm_mpx70_s42_addr.out,70,42,pyalcs,8,0,3480000,3367,6.95,21,0.588,1.000,1316,0.378,0.909,406.7,2.204,0.596,0.0775,124
slurm_mpx70_s42_addr.out,70,42,pyalcs,8,0,3540000,3353,7.22,21,0.600,1.000,1345,0.359,0.902,424.2,2.269,0.619,0.0823,127
slurm_mpx70_s42_addr.out,70,42,pyalcs,8,0,360000,4932,9.86,20,0.595,1.000,4078,0.397,0.866,3.7,1.215,0.845,0.0002,0
slurm_mpx70_s42_addr.out,70,42,pyalcs,8,0,3600000,2953,7.54,21,0.603,1.000,1020,0.380,0.897,563.1,2.546,0.646,0.0992,128
slurm_mpx70_s42_addr.out,70,42,pyalcs,8,0,3660000,3016,7.34,21,0.606,1.000,1130,0.353,0.900,551.5,2.550,0.630,0.0998,131
slurm_mpx70_s42_addr.out,70,42,pyalcs,8,0,3720000,3068,7.27,21,0.595,1.000,1100,0.345,0.900,562.5,2.385,0.623,0.0948,128
slurm_mpx70_s42_addr.out,70,42,pyalcs,8,0,3780000,3087,7.35,21,0.588,1.000,1014,0.366,0.898,574.1,2.553,0.630,0.0939,130
slurm_mpx70_s42_addr.out,70,42,pyalcs,8,0,3840000,3054,7.15,21,0.596,1.000,1038,0.387,0.904,606.7,2.423,0.613,0.0977,130
slurm_mpx70_s42_addr.out,70,42,pyalcs,8,0,3900000,3139,6.92,21,0.587,1.000,1068,0.366,0.907,589.4,2.239,0.593,0.0901,130
slurm_mpx70_s42_addr.out,70,42,pyalcs,8,0,3960000,3062,7.35,21,0.596,1.000,1055,0.340,0.899,643.0,2.541,0.630,0.0921,130
slurm_mpx70_s42_addr.out,70,42,pyalcs,8,0,4020000,3145,7.29,21,0.592,1.000,1169,0.341,0.900,620.2,2.327,0.625,0.0934,132
slurm_mpx70_s42_addr.out,70,42,pyalcs,8,0,4080000,3300,7.53,21,0.573,1.000,1115,0.360,0.896,591.1,2.288,0.646,0.0858,131
slurm_mpx70_s42_addr.out,70,42,pyalcs,8,0,4140000,3033,7.31,21,0.606,1.000,1076,0.348,0.899,730.3,2.499,0.626,0.0956,135
slurm_mpx70_s42_addr.out,70,42,pyalcs,8,0,420000,4624,10.10,20,0.599,1.000,3912,0.381,0.864,4.2,1.277,0.866,0.0009,0
slurm_mpx70_s42_addr.out,70,42,pyalcs,8,0,4200000,3220,7.31,21,0.599,1.000,1204,0.319,0.901,645.7,2.306,0.626,0.0859,137
slurm_mpx70_s42_addr.out,70,42,pyalcs,8,0,4260000,4257,6.26,21,0.565,1.000,1624,0.406,0.918,433.7,1.665,0.537,0.0573,138
slurm_mpx70_s42_addr.out,70,42,pyalcs,8,0,4320000,3102,7.31,21,0.599,1.000,1043,0.355,0.899,785.2,2.624,0.626,0.1026,140
slurm_mpx70_s42_addr.out,70,42,pyalcs,8,0,4380000,3266,7.32,21,0.576,1.000,1058,0.354,0.901,708.9,2.217,0.627,0.0864,138
slurm_mpx70_s42_addr.out,70,42,pyalcs,8,0,4440000,3027,7.17,21,0.596,1.000,996,0.342,0.900,846.1,2.513,0.614,0.1083,139
slurm_mpx70_s42_addr.out,70,42,pyalcs,8,0,4500000,2874,7.19,21,0.604,1.000,903,0.332,0.903,981.1,2.659,0.616,0.1227,140
slurm_mpx70_s42_addr.out,70,42,pyalcs,8,0,4560000,3034,7.27,21,0.612,1.000,1048,0.372,0.900,907.8,2.641,0.623,0.1074,140
slurm_mpx70_s42_addr.out,70,42,pyalcs,8,0,4620000,3141,7.40,22,0.612,1.000,1098,0.340,0.896,880.4,2.706,0.634,0.1112,143
slurm_mpx70_s42_addr.out,70,42,pyalcs,8,0,4680000,3241,7.37,22,0.598,1.000,1132,0.340,0.898,877.7,2.587,0.631,0.1029,142
slurm_mpx70_s42_addr.out,70,42,pyalcs,8,0,4740000,3073,7.37,22,0.593,1.000,956,0.377,0.898,980.3,2.477,0.632,0.1154,144
slurm_mpx70_s42_addr.out,70,42,pyalcs,8,0,480000,4493,10.02,20,0.597,1.000,3739,0.416,0.864,4.7,1.198,0.859,0.0014,0
slurm_mpx70_s42_addr.out,70,42,pyalcs,8,0,4800000,3134,6.90,22,0.599,1.000,1044,0.379,0.906,955.9,2.601,0.591,0.1062,144
slurm_mpx70_s42_addr.out,70,42,pyalcs,8,0,4860000,2950,7.05,22,0.607,1.000,965,0.346,0.904,1107.2,2.806,0.604,0.1203,144
slurm_mpx70_s42_addr.out,70,42,pyalcs,8,0,4920000,3026,6.95,22,0.592,1.000,917,0.352,0.906,1087.4,2.696,0.596,0.1130,145
slurm_mpx70_s42_addr.out,70,42,pyalcs,8,0,4980000,3036,7.32,22,0.615,1.000,1035,0.317,0.897,1120.5,2.653,0.628,0.1121,147
slurm_mpx70_s42_addr.out,70,42,pyalcs,8,0,5040000,3028,7.02,22,0.602,1.000,940,0.369,0.904,1174.4,2.530,0.602,0.1195,148
slurm_mpx70_s42_addr.out,70,42,pyalcs,8,0,5100000,3201,6.98,22,0.591,1.000,1041,0.355,0.905,1046.4,2.406,0.598,0.1015,149
slurm_mpx70_s42_addr.out,70,42,pyalcs,8,0,5160000,3444,6.38,22,0.581,1.000,1120,0.408,0.916,922.3,2.115,0.547,0.0867,150
slurm_mpx70_s42_addr.out,70,42,pyalcs,8,0,5220000,3258,7.22,22,0.593,1.000,1068,0.345,0.901,1049.7,2.304,0.619,0.1029,151
slurm_mpx70_s42_addr.out,70,42,pyalcs,8,0,5280000,6388,5.50,22,0.554,1.000,2946,0.392,0.930,386.5,1.103,0.472,0.0369,154
slurm_mpx70_s42_addr.out,70,42,pyalcs,8,0,5340000,3084,6.83,22,0.595,1.000,917,0.352,0.906,1276.3,2.634,0.585,0.1180,153
slurm_mpx70_s42_addr.out,70,42,pyalcs,8,0,540000,4416,9.84,20,0.588,1.000,3500,0.386,0.868,5.1,1.150,0.844,0.0012,0
slurm_mpx70_s42_addr.out,70,42,pyalcs,8,0,5400000,3047,6.91,22,0.608,1.000,990,0.367,0.906,1321.4,2.715,0.592,0.1162,153
slurm_mpx70_s42_addr.out,70,42,pyalcs,8,0,5460000,3444,6.56,22,0.574,1.000,1008,0.367,0.912,1094.9,2.059,0.563,0.0922,152
slurm_mpx70_s42_addr.out,70,42,pyalcs,8,0,5520000,3075,7.29,22,0.600,1.000,961,0.340,0.898,1333.3,2.348,0.625,0.1125,153
slurm_mpx70_s42_addr.out,70,42,pyalcs,8,0,5580000,3032,6.92,22,0.596,1.000,846,0.353,0.906,1453.8,2.713,0.593,0.1265,152
slurm_mpx70_s42_addr.out,70,42,pyalcs,8,0,5640000,3027,6.79,22,0.606,1.000,971,0.313,0.904,1468.3,2.643,0.582,0.1201,152
slurm_mpx70_s42_addr.out,70,42,pyalcs,8,0,5700000,3492,7.33,22,0.578,1.000,1033,0.287,0.900,1131.9,2.254,0.628,0.0928,153
slurm_mpx70_s42_addr.out,70,42,pyalcs,8,0,5760000,3027,6.83,22,0.604,1.000,914,0.368,0.907,1527.2,2.745,0.585,0.1256,153
slurm_mpx70_s42_addr.out,70,42,pyalcs,8,0,5820000,2980,6.82,22,0.602,1.000,842,0.350,0.905,1651.3,2.636,0.584,0.1316,154
slurm_mpx70_s42_addr.out,70,42,pyalcs,8,0,5880000,3058,6.76,22,0.598,1.000,922,0.378,0.908,1527.0,2.412,0.580,0.1139,154
slurm_mpx70_s42_addr.out,70,42,pyalcs,8,0,5940000,3112,6.88,22,0.598,1.000,957,0.340,0.905,1507.8,2.502,0.589,0.1075,154
slurm_mpx70_s42_addr.out,70,42,pyalcs,8,0,60000,3737,8.71,18,0.579,0.997,3004,0.403,0.882,2.9,0.837,0.746,0.0000,0
slurm_mpx70_s42_addr.out,70,42,pyalcs,8,0,600000,5313,10.00,20,0.598,1.000,4393,0.402,0.865,4.9,1.269,0.857,0.0008,0
slurm_mpx70_s42_addr.out,70,42,pyalcs,8,0,6000000,3021,6.79,22,0.608,1.000,1015,0.330,0.906,1607.8,2.554,0.582,0.1134,152
slurm_mpx70_s42_addr.out,70,42,pyalcs,8,0,6060000,3013,6.92,22,0.603,1.000,912,0.356,0.904,1648.6,2.661,0.593,0.1176,154
slurm_mpx70_s42_addr.out,70,42,pyalcs,8,0,6120000,3513,6.65,22,0.579,1.000,1168,0.351,0.909,1255.0,2.223,0.570,0.0952,154
slurm_mpx70_s42_addr.out,70,42,pyalcs,8,0,6180000,2978,6.85,22,0.605,1.000,866,0.353,0.904,1790.9,2.641,0.587,0.1313,155
slurm_mpx70_s42_addr.out,70,42,pyalcs,8,0,6240000,3102,6.64,22,0.600,1.000,943,0.373,0.909,1692.4,2.468,0.570,0.1164,156
slurm_mpx70_s42_addr.out,70,42,pyalcs,8,0,6300000,2988,6.75,22,0.603,1.000,882,0.395,0.909,1856.5,2.788,0.578,0.1344,157
slurm_mpx70_s42_addr.out,70,42,pyalcs,8,0,6360000,3023,6.74,22,0.608,1.000,936,0.369,0.908,1848.0,2.598,0.578,0.1271,157
slurm_mpx70_s42_addr.out,70,42,pyalcs,8,0,6420000,2981,6.82,22,0.602,1.000,864,0.368,0.905,1876.9,2.761,0.585,0.1360,156
slurm_mpx70_s42_addr.out,70,42,pyalcs,8,0,6480000,3380,7.08,22,0.588,1.000,1100,0.313,0.905,1431.9,2.199,0.607,0.0937,156
slurm_mpx70_s42_addr.out,70,42,pyalcs,8,0,6540000,2987,7.01,22,0.610,1.000,944,0.364,0.902,1915.6,2.580,0.601,0.1270,155
slurm_mpx70_s42_addr.out,70,42,pyalcs,8,0,660000,5299,10.32,20,0.597,1.000,4339,0.405,0.860,5.5,1.425,0.885,0.0008,1
slurm_mpx70_s42_addr.out,70,42,pyalcs,8,0,6600000,3194,6.62,22,0.609,1.000,1095,0.340,0.909,1713.8,2.503,0.568,0.1098,155
slurm_mpx70_s42_addr.out,70,42,pyalcs,8,0,6660000,3340,6.48,22,0.585,1.000,1084,0.368,0.913,1588.7,2.171,0.556,0.0962,155
slurm_mpx70_s42_addr.out,70,42,pyalcs,8,0,6720000,3127,6.62,22,0.602,1.000,944,0.367,0.911,1876.9,2.570,0.568,0.1146,156
slurm_mpx70_s42_addr.out,70,42,pyalcs,8,0,6780000,3044,6.89,22,0.593,1.000,865,0.358,0.906,1985.2,2.702,0.590,0.1222,156
slurm_mpx70_s42_addr.out,70,42,pyalcs,8,0,6840000,3001,6.71,22,0.606,1.000,892,0.350,0.906,2123.6,2.929,0.575,0.1325,156
slurm_mpx70_s42_addr.out,70,42,pyalcs,8,0,6900000,2998,6.79,22,0.603,1.000,892,0.362,0.908,2084.7,2.752,0.582,0.1238,156
slurm_mpx70_s42_addr.out,70,42,pyalcs,8,0,6960000,3084,6.77,22,0.607,1.000,940,0.317,0.907,2042.2,2.716,0.580,0.1261,157
slurm_mpx70_s42_addr.out,70,42,pyalcs,8,0,7020000,3429,6.73,22,0.581,1.000,1052,0.365,0.910,1651.3,2.139,0.576,0.0970,158
slurm_mpx70_s42_addr.out,70,42,pyalcs,8,0,7080000,4001,7.16,22,0.568,1.000,1268,0.227,0.905,1268.6,1.822,0.614,0.0739,157
slurm_mpx70_s42_addr.out,70,42,pyalcs,8,0,7140000,3035,6.91,22,0.615,1.000,980,0.331,0.903,2189.1,2.644,0.592,0.1264,158
slurm_mpx70_s42_addr.out,70,42,pyalcs,8,0,720000,5182,10.32,21,0.598,1.000,4217,0.415,0.861,5.6,1.472,0.884,0.0014,1
slurm_mpx70_s42_addr.out,70,42,pyalcs,8,0,7200000,3044,6.75,22,0.604,1.000,929,0.363,0.907,2192.5,2.871,0.579,0.1262,158
slurm_mpx70_s42_addr.out,70,42,pyalcs,8,0,7260000,4092,5.95,22,0.557,1.000,1299,0.426,0.924,1264.1,1.671,0.510,0.0686,158
slurm_mpx70_s42_addr.out,70,42,pyalcs,8,0,7320000,3051,6.86,22,0.597,1.000,887,0.377,0.906,2197.5,2.674,0.588,0.1223,158
slurm_mpx70_s42_addr.out,70,42,pyalcs,8,0,7380000,3299,7.01,22,0.590,1.000,1013,0.335,0.905,1896.5,2.458,0.601,0.1077,161
slurm_mpx70_s42_addr.out,70,42,pyalcs,8,0,7440000,3092,6.72,22,0.609,1.000,975,0.386,0.910,2229.4,2.737,0.576,0.1257,161
slurm_mpx70_s42_addr.out,70,42,pyalcs,8,0,7500000,3819,6.27,22,0.568,1.000,1181,0.397,0.916,1522.4,2.027,0.537,0.0851,161
slurm_mpx70_s42_addr.out,70,42,pyalcs,8,0,7560000,3091,6.61,22,0.597,1.000,918,0.327,0.911,2311.8,2.651,0.566,0.1285,161
slurm_mpx70_s42_addr.out,70,42,pyalcs,8,0,7620000,5433,5.78,22,0.537,1.000,1735,0.439,0.926,876.6,1.201,0.495,0.0490,163
slurm_mpx70_s42_addr.out,70,42,pyalcs,8,0,7680000,3205,6.96,22,0.594,1.000,961,0.387,0.904,2174.4,2.543,0.597,0.1138,162
slurm_mpx70_s42_addr.out,70,42,pyalcs,8,0,7740000,3270,6.61,22,0.594,1.000,1019,0.382,0.911,2140.3,2.552,0.567,0.1099,162
slurm_mpx70_s42_addr.out,70,42,pyalcs,8,0,780000,5088,10.26,21,0.598,1.000,4086,0.384,0.861,6.4,1.532,0.879,0.0020,2
slurm_mpx70_s42_addr.out,70,42,pyalcs,8,0,7800000,3067,6.71,22,0.606,1.000,942,0.377,0.909,2476.1,2.649,0.575,0.1263,162
slurm_mpx70_s42_addr.out,70,42,pyalcs,8,0,7860000,3214,6.90,22,0.598,1.000,960,0.345,0.906,2285.1,2.426,0.591,0.1184,164
slurm_mpx70_s42_addr.out,70,42,pyalcs,8,0,7920000,5193,6.58,22,0.565,1.000,2081,0.243,0.913,1023.9,1.461,0.564,0.0544,164
slurm_mpx70_s42_addr.out,70,42,pyalcs,8,0,7980000,2993,6.75,22,0.615,1.000,847,0.363,0.909,2696.4,3.084,0.579,0.1425,164
slurm_mpx70_s42_addr.out,70,42,pyalcs,8,0,8040000,3027,6.68,22,0.621,1.000,958,0.382,0.911,2678.5,2.771,0.572,0.1561,166
slurm_mpx70_s42_addr.out,70,42,pyalcs,8,0,8100000,3184,6.70,22,0.610,1.000,1020,0.354,0.910,2420.0,2.651,0.574,0.1227,165
slurm_mpx70_s42_addr.out,70,42,pyalcs,8,0,8160000,3319,6.24,22,0.596,1.000,1075,0.346,0.918,2216.9,2.317,0.535,0.1122,166
slurm_mpx70_s42_addr.out,70,42,pyalcs,8,0,8220000,2953,6.85,22,0.616,1.000,910,0.341,0.907,2878.5,2.742,0.587,0.1416,167
slurm_mpx70_s42_addr.out,70,42,pyalcs,8,0,8280000,3116,6.75,22,0.598,1.000,918,0.353,0.909,2635.7,2.434,0.579,0.1281,167
slurm_mpx70_s42_addr.out,70,42,pyalcs,8,0,8340000,4841,6.37,22,0.565,1.000,1911,0.323,0.915,1218.9,1.589,0.546,0.0601,166
slurm_mpx70_s42_addr.out,70,42,pyalcs,8,0,840000,5042,10.26,21,0.599,1.000,4015,0.393,0.864,7.7,1.519,0.879,0.0027,2
slurm_mpx70_s42_addr.out,70,42,pyalcs,8,0,8400000,4218,6.91,22,0.568,1.000,1485,0.312,0.909,1505.2,1.731,0.592,0.0744,167
slurm_mpx70_s42_addr.out,70,42,pyalcs,8,0,8460000,3071,6.67,22,0.602,1.000,912,0.364,0.909,2770.7,2.871,0.572,0.1425,168
slurm_mpx70_s42_addr.out,70,42,pyalcs,8,0,8520000,3090,6.76,22,0.612,1.000,936,0.346,0.909,2769.9,2.606,0.579,0.1337,169
slurm_mpx70_s42_addr.out,70,42,pyalcs,8,0,8580000,3194,6.56,22,0.591,1.000,874,0.383,0.914,2627.1,2.672,0.562,0.1307,169
slurm_mpx70_s42_addr.out,70,42,pyalcs,8,0,8640000,2961,6.54,22,0.619,1.000,855,0.327,0.911,3175.7,2.863,0.560,0.1450,169
slurm_mpx70_s42_addr.out,70,42,pyalcs,8,0,8700000,7680,6.16,22,0.549,1.000,3519,0.323,0.920,673.4,0.924,0.528,0.0317,169
slurm_mpx70_s42_addr.out,70,42,pyalcs,8,0,8760000,3160,6.73,22,0.594,1.000,890,0.356,0.908,2798.8,2.525,0.577,0.1272,168
slurm_mpx70_s42_addr.out,70,42,pyalcs,8,0,8820000,3004,6.67,22,0.607,1.000,834,0.359,0.910,3136.4,2.956,0.572,0.1441,169
slurm_mpx70_s42_addr.out,70,42,pyalcs,8,0,8880000,2985,6.72,22,0.617,1.000,862,0.345,0.907,3232.4,2.999,0.576,0.1472,170
slurm_mpx70_s42_addr.out,70,42,pyalcs,8,0,8940000,3442,6.79,22,0.599,1.000,1115,0.332,0.908,2453.6,2.155,0.582,0.1052,170
slurm_mpx70_s42_addr.out,70,42,pyalcs,8,0,900000,4942,10.21,22,0.601,1.000,3886,0.379,0.862,8.3,1.595,0.875,0.0042,2
slurm_mpx70_s42_addr.out,70,42,pyalcs,8,0,9000000,3122,6.45,22,0.607,1.000,961,0.345,0.914,2998.5,2.544,0.553,0.1322,170
slurm_mpx70_s42_addr.out,70,42,pyalcs,8,0,9060000,3065,6.49,22,0.606,1.000,875,0.312,0.914,3142.3,2.554,0.556,0.1363,170
slurm_mpx70_s42_addr.out,70,42,pyalcs,8,0,9120000,2889,6.52,22,0.613,1.000,764,0.320,0.912,3712.7,3.198,0.559,0.1628,170
slurm_mpx70_s42_addr.out,70,42,pyalcs,8,0,9180000,3089,6.47,22,0.596,1.000,858,0.387,0.914,3173.5,2.738,0.555,0.1413,171
slurm_mpx70_s42_addr.out,70,42,pyalcs,8,0,9240000,3241,6.57,22,0.599,1.000,998,0.327,0.911,2883.1,2.574,0.563,0.1218,171
slurm_mpx70_s42_addr.out,70,42,pyalcs,8,0,9300000,3170,6.85,22,0.608,1.000,943,0.360,0.908,3068.0,2.549,0.587,0.1266,170
slurm_mpx70_s42_addr.out,70,42,pyalcs,8,0,9360000,3144,6.58,22,0.610,1.000,908,0.343,0.909,3214.6,3.012,0.564,0.1436,172
slurm_mpx70_s42_addr.out,70,42,pyalcs,8,0,9420000,3095,6.70,22,0.610,1.000,925,0.314,0.909,3322.2,2.848,0.574,0.1507,173
slurm_mpx70_s42_addr.out,70,42,pyalcs,8,0,9480000,2949,6.66,22,0.620,1.000,853,0.327,0.909,3679.8,3.240,0.571,0.1547,172
slurm_mpx70_s42_addr.out,70,42,pyalcs,8,0,9540000,3411,6.80,22,0.584,1.000,935,0.331,0.909,2746.8,2.397,0.583,0.1172,172
slurm_mpx70_s42_addr.out,70,42,pyalcs,8,0,960000,4945,10.21,22,0.600,1.000,3924,0.397,0.864,9.1,1.508,0.876,0.0030,2
slurm_mpx70_s42_addr.out,70,42,pyalcs,8,0,9600000,2990,6.63,22,0.616,1.000,800,0.317,0.909,3823.9,3.128,0.569,0.1657,174
slurm_mpx70_s42_addr.out,70,42,pyalcs,8,0,9660000,3085,6.75,22,0.614,1.000,870,0.336,0.908,3482.5,2.990,0.579,0.1478,175
slurm_mpx70_s42_addr.out,70,42,pyalcs,8,0,9720000,2998,6.72,22,0.617,1.000,804,0.316,0.906,3870.5,3.345,0.576,0.1652,175
slurm_mpx70_s42_addr.out,70,42,pyalcs,8,0,9780000,2999,6.57,22,0.610,1.000,742,0.346,0.910,3885.0,2.981,0.564,0.1610,175
slurm_mpx70_s42_addr.out,70,42,pyalcs,8,0,9840000,3080,6.47,22,0.609,1.000,849,0.326,0.914,3777.9,2.971,0.555,0.1519,175
slurm_mpx70_s42_addr.out,70,42,pyalcs,8,0,9900000,3060,6.73,22,0.619,1.000,890,0.320,0.909,3662.0,2.868,0.576,0.1436,174
slurm_mpx70_s42_addr.out,70,42,pyalcs,8,0,9960000,3448,6.41,22,0.588,1.000,995,0.353,0.913,2922.8,2.360,0.550,0.1147,176
slurm_mpx135_s42_addr.out,135,42,pyalcs,9,0,1020000,4042,9.09,21,0.577,0.793,3185,0.415,0.936,2.9,0.440,0.471,0.0000,0
slurm_mpx135_s42_u10.out,135,42,pyalcs,10,0,1020000,4375,9.65,24,0.575,0.823,3394,0.391,0.930,2.8,0.488,0.500,0.0000,0
slurm_mpx135_s42_u12.out,135,42,pyalcs,12,0,1020000,6534,11.17,25,0.582,0.882,4984,0.393,0.920,2.8,0.610,0.579,0.0000,0
slurm_mpx135_s42_u16.out,135,42,pyalcs,16,0,1020000,20969,15.43,19,0.538,0.797,9853,0.232,0.897,2.0,0.774,0.800,0.0000,0
slurm_mpx135_s42_u24.out,135,42,pyalcs,24,0,1020000,149949,24.14,25,0.510,0.845,26462,0.023,0.915,1.1,1.215,1.251,0.0000,0
slurm_mpx135_s42_u8.out,135,42,pyalcs,8,0,1020000,3506,8.34,19,0.567,0.823,2721,0.397,0.940,2.9,0.401,0.432,0.0000,0
slurm_mpx135_s42_u9.out,135,42,pyalcs,9,0,1020000,4042,9.09,21,0.577,0.793,3185,0.415,0.936,2.9,0.440,0.471,0.0000,0
slurm_mpx135_s42_addr.out,135,42,pyalcs,9,0,1080000,4040,9.65,21,0.581,0.821,3281,0.398,0.931,2.8,0.490,0.500,0.0000,0
slurm_mpx135_s42_u10.out,135,42,pyalcs,10,0,1080000,4644,9.94,24,0.575,0.835,3618,0.411,0.929,2.8,0.507,0.516,0.0000,0
slurm_mpx135_s42_u12.out,135,42,pyalcs,12,0,1080000,6435,11.26,25,0.582,0.866,4909,0.396,0.920,2.8,0.612,0.584,0.0000,0
slurm_mpx135_s42_u16.out,135,42,pyalcs,16,0,1080000,20955,15.40,19,0.538,0.802,9959,0.234,0.897,2.0,0.770,0.799,0.0000,0
slurm_mpx135_s42_u24.out,135,42,pyalcs,24,0,1080000,154884,24.23,25,0.510,0.853,27104,0.020,0.905,1.1,1.222,1.256,0.0000,0
slurm_mpx135_s42_u8.out,135,42,pyalcs,8,0,1080000,4487,8.06,19,0.562,0.856,3310,0.372,0.942,2.7,0.389,0.418,0.0000,0
slurm_mpx135_s42_u9.out,135,42,pyalcs,9,0,1080000,4040,9.65,21,0.581,0.821,3281,0.398,0.931,2.8,0.490,0.500,0.0000,0
slurm_mpx135_s42_addr.out,135,42,pyalcs,9,0,1140000,4196,9.04,22,0.571,0.789,3301,0.404,0.934,2.8,0.452,0.469,0.0000,0
slurm_mpx135_s42_u10.out,135,42,pyalcs,10,0,1140000,4857,9.29,24,0.578,0.815,3816,0.406,0.934,2.9,0.482,0.481,0.0000,0
slurm_mpx135_s42_u12.out,135,42,pyalcs,12,0,1140000,6688,11.37,25,0.586,0.866,5194,0.401,0.918,2.8,0.597,0.590,0.0000,0
slurm_mpx135_s42_u16.out,135,42,pyalcs,16,0,1140000,21145,15.38,19,0.537,0.836,9891,0.229,0.898,2.0,0.785,0.797,0.0000,0
slurm_mpx135_s42_u24.out,135,42,pyalcs,24,0,1140000,159559,24.28,25,0.510,0.837,27432,0.019,0.903,1.1,1.225,1.259,0.0000,0
slurm_mpx135_s42_u8.out,135,42,pyalcs,8,0,1140000,3952,8.14,19,0.566,0.800,3005,0.429,0.943,3.0,0.361,0.422,0.0000,0
slurm_mpx135_s42_u9.out,135,42,pyalcs,9,0,1140000,4196,9.04,22,0.571,0.789,3301,0.404,0.934,2.8,0.452,0.469,0.0000,0
slurm_mpx135_s42_addr.out,135,42,pyalcs,9,0,120000,3560,8.59,18,0.568,0.800,2725,0.416,0.939,2.8,0.423,0.445,0.0000,0
slurm_mpx135_s42_u10.out,135,42,pyalcs,10,0,120000,3903,9.21,15,0.572,0.809,3014,0.383,0.934,2.8,0.477,0.478,0.0000,0
slurm_mpx135_s42_u12.out,135,42,pyalcs,12,0,120000,4954,10.41,16,0.574,0.812,3670,0.394,0.928,2.8,0.506,0.540,0.0000,0
slurm_mpx135_s42_u16.out,135,42,pyalcs,16,0,120000,17797,15.18,18,0.527,0.837,6801,0.158,0.910,1.6,0.734,0.787,0.0000,0
slurm_mpx135_s42_u24.out,135,42,pyalcs,24,0,120000,45368,23.40,25,0.514,0.802,9812,0.036,0.935,1.2,1.169,1.213,0.0000,0
slurm_mpx135_s42_u8.out,135,42,pyalcs,8,0,120000,3211,8.28,17,0.566,0.791,2421,0.408,0.941,2.9,0.400,0.430,0.0000,0
slurm_mpx135_s42_u9.out,135,42,pyalcs,9,0,120000,3560,8.59,18,0.568,0.800,2725,0.416,0.939,2.8,0.423,0.445,0.0000,0
slurm_mpx135_s42_addr.out,135,42,pyalcs,9,0,1200000,4027,9.18,22,0.575,0.821,3185,0.419,0.935,2.9,0.450,0.476,0.0000,0
slurm_mpx135_s42_u10.out,135,42,pyalcs,10,0,1200000,4369,9.76,24,0.579,0.834,3521,0.398,0.931,2.8,0.492,0.506,0.0000,0
slurm_mpx135_s42_u12.out,135,42,pyalcs,12,0,1200000,6865,11.22,25,0.584,0.866,5366,0.406,0.920,2.8,0.586,0.582,0.0000,0
slurm_mpx135_s42_u16.out,135,42,pyalcs,16,0,1200000,21376,15.38,19,0.539,0.802,10194,0.232,0.898,2.0,0.785,0.798,0.0000,0
slurm_mpx135_s42_u24.out,135,42,pyalcs,24,0,1200000,166367,24.28,25,0.510,0.825,28557,0.018,0.904,1.1,1.224,1.259,0.0000,0
slurm_mpx135_s42_u8.out,135,42,pyalcs,8,0,1200000,3593,8.20,19,0.563,0.807,2687,0.406,0.942,2.9,0.420,0.425,0.0000,0
slurm_mpx135_s42_u9.out,135,42,pyalcs,9,0,1200000,4027,9.18,22,0.575,0.821,3185,0.419,0.935,2.9,0.450,0.476,0.0000,0
slurm_mpx135_s42_addr.out,135,42,pyalcs,9,0,1260000,4025,9.41,22,0.576,0.784,3191,0.409,0.933,2.8,0.450,0.488,0.0000,0
slurm_mpx135_s42_u10.out,135,42,pyalcs,10,0,1260000,4271,9.93,24,0.579,0.821,3402,0.419,0.930,2.9,0.512,0.515,0.0000,0
slurm_mpx135_s42_u12.out,135,42,pyalcs,12,0,1260000,6488,11.43,25,0.587,0.866,5084,0.393,0.918,2.7,0.600,0.593,0.0000,0
slurm_mpx135_s42_u16.out,135,42,pyalcs,16,0,1260000,21481,15.39,19,0.539,0.823,10351,0.237,0.896,2.0,0.779,0.798,0.0000,0
slurm_mpx135_s42_u24.out,135,42,pyalcs,24,0,1260000,172308,24.31,25,0.510,0.830,29191,0.018,0.903,1.1,1.224,1.261,0.0000,0
slurm_mpx135_s42_u8.out,135,42,pyalcs,8,0,1260000,3793,8.19,18,0.562,0.788,2837,0.424,0.941,2.9,0.400,0.425,0.0000,0
slurm_mpx135_s42_u9.out,135,42,pyalcs,9,0,1260000,4025,9.41,22,0.576,0.784,3191,0.409,0.933,2.8,0.450,0.488,0.0000,0
slurm_mpx135_s42_addr.out,135,42,pyalcs,9,0,1320000,5050,9.69,22,0.568,0.798,3940,0.402,0.930,2.8,0.465,0.502,0.0000,0
slurm_mpx135_s42_u10.out,135,42,pyalcs,10,0,1320000,4685,10.03,24,0.580,0.825,3713,0.417,0.928,2.8,0.503,0.520,0.0000,0
slurm_mpx135_s42_u12.out,135,42,pyalcs,12,0,1320000,6435,11.40,25,0.583,0.873,5013,0.400,0.919,2.7,0.617,0.591,0.0000,0
slurm_mpx135_s42_u16.out,135,42,pyalcs,16,0,1320000,21413,15.37,19,0.541,0.817,10570,0.246,0.896,2.0,0.771,0.797,0.0000,0
slurm_mpx135_s42_u24.out,135,42,pyalcs,24,0,1320000,178544,24.34,25,0.510,0.836,30212,0.018,0.901,1.1,1.228,1.262,0.0000,0
slurm_mpx135_s42_u8.out,135,42,pyalcs,8,0,1320000,3950,8.66,18,0.559,0.801,2947,0.384,0.937,2.8,0.401,0.449,0.0000,0
slurm_mpx135_s42_u9.out,135,42,pyalcs,9,0,1320000,5050,9.69,22,0.568,0.798,3940,0.402,0.930,2.8,0.465,0.502,0.0000,0
slurm_mpx135_s42_addr.out,135,42,pyalcs,9,0,1380000,3888,9.39,22,0.578,0.805,3135,0.417,0.933,2.9,0.423,0.487,0.0000,0
slurm_mpx135_s42_u10.out,135,42,pyalcs,10,0,1380000,4231,10.06,24,0.582,0.824,3395,0.406,0.928,2.8,0.532,0.522,0.0000,0
slurm_mpx135_s42_u12.out,135,42,pyalcs,12,0,1380000,6595,11.39,25,0.587,0.844,5235,0.393,0.917,2.7,0.590,0.590,0.0000,0
slurm_mpx135_s42_u16.out,135,42,pyalcs,16,0,1380000,21067,15.52,19,0.540,0.835,10156,0.239,0.895,2.0,0.768,0.805,0.0000,0
slurm_mpx135_s42_u24.out,135,42,pyalcs,24,0,1380000,186451,24.33,25,0.510,0.830,31488,0.018,0.899,1.1,1.224,1.261,0.0000,0
slurm_mpx135_s42_u8.out,135,42,pyalcs,8,0,1380000,3438,8.38,18,0.563,0.786,2609,0.406,0.941,2.9,0.367,0.435,0.0000,0
slurm_mpx135_s42_u9.out,135,42,pyalcs,9,0,1380000,3888,9.39,22,0.578,0.805,3135,0.417,0.933,2.9,0.423,0.487,0.0000,0
slurm_mpx135_s42_addr.out,135,42,pyalcs,9,0,1440000,3767,9.38,22,0.574,0.819,2986,0.409,0.932,2.8,0.440,0.486,0.0000,0
slurm_mpx135_s42_u10.out,135,42,pyalcs,10,0,1440000,4328,9.90,24,0.583,0.810,3510,0.422,0.929,2.9,0.481,0.513,0.0000,0
slurm_mpx135_s42_u12.out,135,42,pyalcs,12,0,1440000,6192,11.54,25,0.586,0.835,4800,0.384,0.918,2.7,0.617,0.598,0.0000,0
slurm_mpx135_s42_u16.out,135,42,pyalcs,16,0,1440000,21316,15.46,19,0.542,0.817,10472,0.242,0.895,2.0,0.786,0.802,0.0000,0
slurm_mpx135_s42_u24.out,135,42,pyalcs,24,0,1440000,192353,24.33,25,0.510,0.817,32540,0.018,0.898,1.1,1.224,1.261,0.0000,0
slurm_mpx135_s42_u8.out,135,42,pyalcs,8,0,1440000,6046,7.16,19,0.542,0.794,3733,0.443,0.951,3.2,0.290,0.371,0.0000,0
slurm_mpx135_s42_u9.out,135,42,pyalcs,9,0,1440000,3767,9.38,22,0.574,0.819,2986,0.409,0.932,2.8,0.440,0.486,0.0000,0
slurm_mpx135_s42_addr.out,135,42,pyalcs,9,0,1500000,3668,9.18,22,0.573,0.811,2873,0.370,0.935,2.7,0.411,0.476,0.0000,0
slurm_mpx135_s42_u10.out,135,42,pyalcs,10,0,1500000,4334,9.75,24,0.577,0.805,3339,0.428,0.931,2.9,0.491,0.505,0.0000,0
slurm_mpx135_s42_u12.out,135,42,pyalcs,12,0,1500000,6684,11.41,25,0.593,0.849,5389,0.390,0.917,2.8,0.622,0.592,0.0000,0
slurm_mpx135_s42_u16.out,135,42,pyalcs,16,0,1500000,21375,15.37,19,0.542,0.826,10581,0.244,0.896,2.0,0.763,0.797,0.0000,0
slurm_mpx135_s42_u24.out,135,42,pyalcs,24,0,1500000,198424,24.34,25,0.510,0.817,33554,0.018,0.898,1.1,1.226,1.262,0.0000,0
slurm_mpx135_s42_u8.out,135,42,pyalcs,8,0,1500000,3284,8.58,19,0.570,0.810,2599,0.390,0.938,2.7,0.384,0.445,0.0000,0
slurm_mpx135_s42_u9.out,135,42,pyalcs,9,0,1500000,3668,9.18,22,0.573,0.811,2873,0.370,0.935,2.7,0.411,0.476,0.0000,0
slurm_mpx135_s42_addr.out,135,42,pyalcs,9,0,1560000,4126,9.39,22,0.575,0.833,3253,0.419,0.933,2.8,0.419,0.487,0.0000,0
slurm_mpx135_s42_u10.out,135,42,pyalcs,10,0,1560000,4418,9.82,24,0.577,0.813,3516,0.419,0.929,2.8,0.513,0.509,0.0000,0
slurm_mpx135_s42_u12.out,135,42,pyalcs,12,0,1560000,6550,11.61,25,0.586,0.856,5071,0.385,0.917,2.7,0.641,0.602,0.0000,0
slurm_mpx135_s42_u16.out,135,42,pyalcs,16,0,1560000,21144,15.53,19,0.541,0.833,10246,0.242,0.895,2.0,0.785,0.805,0.0000,0
slurm_mpx135_s42_u24.out,135,42,pyalcs,24,0,1560000,204192,24.27,25,0.510,0.805,34882,0.020,0.905,1.1,1.221,1.258,0.0000,0
slurm_mpx135_s42_u8.out,135,42,pyalcs,8,0,1560000,3760,8.23,19,0.562,0.805,2820,0.411,0.942,2.9,0.405,0.427,0.0000,0
slurm_mpx135_s42_u9.out,135,42,pyalcs,9,0,1560000,4126,9.39,22,0.575,0.833,3253,0.419,0.933,2.8,0.419,0.487,0.0000,0
slurm_mpx135_s42_addr.out,135,42,pyalcs,9,0,1620000,4172,9.27,22,0.570,0.826,3174,0.418,0.934,2.9,0.437,0.481,0.0000,0
slurm_mpx135_s42_u10.out,135,42,pyalcs,10,0,1620000,4552,9.74,24,0.572,0.826,3462,0.404,0.930,2.8,0.516,0.505,0.0000,0
slurm_mpx135_s42_u12.out,135,42,pyalcs,12,0,1620000,6605,11.49,25,0.585,0.859,5070,0.390,0.919,2.7,0.619,0.596,0.0000,0
slurm_mpx135_s42_u16.out,135,42,pyalcs,16,0,1620000,21658,15.46,19,0.540,0.826,10364,0.240,0.896,2.0,0.777,0.801,0.0000,0
slurm_mpx135_s42_u8.out,135,42,pyalcs,8,0,1620000,4683,8.48,19,0.556,0.784,3072,0.298,0.939,2.4,0.389,0.440,0.0000,0
slurm_mpx135_s42_u9.out,135,42,pyalcs,9,0,1620000,4172,9.27,22,0.570,0.826,3174,0.418,0.934,2.9,0.437,0.481,0.0000,0
slurm_mpx135_s42_addr.out,135,42,pyalcs,9,0,1680000,4451,9.16,22,0.576,0.799,3550,0.383,0.934,2.8,0.478,0.475,0.0000,0
slurm_mpx135_s42_u10.out,135,42,pyalcs,10,0,1680000,4352,9.63,24,0.580,0.808,3465,0.422,0.932,2.9,0.443,0.499,0.0000,0
slurm_mpx135_s42_u12.out,135,42,pyalcs,12,0,1680000,6652,11.61,25,0.590,0.849,5295,0.389,0.918,2.7,0.673,0.602,0.0000,0
slurm_mpx135_s42_u16.out,135,42,pyalcs,16,0,1680000,21626,15.35,20,0.540,0.834,10380,0.249,0.898,2.0,0.767,0.796,0.0000,0
slurm_mpx135_s42_u8.out,135,42,pyalcs,8,0,1680000,3292,8.74,19,0.570,0.822,2577,0.386,0.938,2.8,0.460,0.453,0.0000,0
slurm_mpx135_s42_u9.out,135,42,pyalcs,9,0,1680000,4451,9.16,22,0.576,0.799,3550,0.383,0.934,2.8,0.478,0.475,0.0000,0
slurm_mpx135_s42_addr.out,135,42,pyalcs,9,0,1740000,4047,8.81,22,0.572,0.815,3148,0.391,0.937,2.9,0.415,0.457,0.0000,0
slurm_mpx135_s42_u10.out,135,42,pyalcs,10,0,1740000,4299,9.86,24,0.581,0.822,3388,0.405,0.931,2.9,0.494,0.511,0.0000,0
slurm_mpx135_s42_u12.out,135,42,pyalcs,12,0,1740000,6965,11.74,25,0.594,0.841,5627,0.382,0.916,2.7,0.676,0.609,0.0000,0
slurm_mpx135_s42_u16.out,135,42,pyalcs,16,0,1740000,21527,15.44,20,0.542,0.878,10524,0.242,0.895,2.0,0.777,0.800,0.0000,0
slurm_mpx135_s42_u8.out,135,42,pyalcs,8,0,1740000,3391,8.70,19,0.571,0.815,2686,0.398,0.939,2.8,0.403,0.451,0.0000,0
slurm_mpx135_s42_u9.out,135,42,pyalcs,9,0,1740000,4047,8.81,22,0.572,0.815,3148,0.391,0.937,2.9,0.415,0.457,0.0000,0
slurm_mpx135_s42_addr.out,135,42,pyalcs,9,0,180000,5557,7.83,20,0.554,0.841,3834,0.428,0.947,3.0,0.371,0.406,0.0000,0
slurm_mpx135_s42_u10.out,135,42,pyalcs,10,0,180000,4057,9.46,22,0.577,0.810,3210,0.422,0.932,2.9,0.432,0.490,0.0000,0
slurm_mpx135_s42_u12.out,135,42,pyalcs,12,0,180000,5304,10.42,25,0.570,0.816,3798,0.393,0.927,2.7,0.487,0.541,0.0000,0
slurm_mpx135_s42_u16.out,135,42,pyalcs,16,0,180000,18430,15.24,18,0.526,0.810,7156,0.171,0.907,1.7,0.761,0.790,0.0000,0
slurm_mpx135_s42_u24.out,135,42,pyalcs,24,0,180000,54739,23.52,25,0.513,0.854,11359,0.034,0.932,1.2,1.175,1.220,0.0000,0
slurm_mpx135_s42_u8.out,135,42,pyalcs,8,0,180000,3548,8.42,18,0.569,0.845,2785,0.397,0.940,2.9,0.364,0.437,0.0000,0
slurm_mpx135_s42_u9.out,135,42,pyalcs,9,0,180000,5557,7.83,20,0.554,0.841,3834,0.428,0.947,3.0,0.371,0.406,0.0000,0
slurm_mpx135_s42_addr.out,135,42,pyalcs,9,0,1800000,4038,9.43,22,0.567,0.812,3071,0.383,0.932,2.8,0.475,0.489,0.0000,0
slurm_mpx135_s42_u10.out,135,42,pyalcs,10,0,1800000,4628,9.84,24,0.577,0.803,3572,0.374,0.930,2.7,0.497,0.510,0.0000,0
slurm_mpx135_s42_u12.out,135,42,pyalcs,12,0,1800000,7084,11.65,25,0.590,0.863,5695,0.390,0.916,2.7,0.658,0.604,0.0000,0
slurm_mpx135_s42_u16.out,135,42,pyalcs,16,0,1800000,21033,15.54,20,0.543,0.884,10296,0.239,0.895,2.0,0.787,0.806,0.0000,0
slurm_mpx135_s42_u8.out,135,42,pyalcs,8,0,1800000,3774,8.22,19,0.563,0.800,2855,0.390,0.942,2.9,0.426,0.426,0.0000,0
slurm_mpx135_s42_u9.out,135,42,pyalcs,9,0,1800000,4038,9.43,22,0.567,0.812,3071,0.383,0.932,2.8,0.475,0.489,0.0000,0
slurm_mpx135_s42_addr.out,135,42,pyalcs,9,0,1860000,3593,9.10,22,0.576,0.806,2805,0.404,0.935,2.9,0.446,0.472,0.0000,0
slurm_mpx135_s42_u10.out,135,42,pyalcs,10,0,1860000,4577,9.95,24,0.585,0.798,3756,0.402,0.928,2.9,0.481,0.516,0.0000,0
slurm_mpx135_s42_u12.out,135,42,pyalcs,12,0,1860000,6848,11.80,25,0.591,0.846,5502,0.403,0.915,2.8,0.620,0.612,0.0000,0
slurm_mpx135_s42_u16.out,135,42,pyalcs,16,0,1860000,21560,15.47,20,0.543,0.840,10567,0.237,0.895,2.0,0.785,0.802,0.0000,0
slurm_mpx135_s42_u8.out,135,42,pyalcs,8,0,1860000,4501,8.24,19,0.554,0.823,3162,0.385,0.942,2.8,0.367,0.427,0.0000,0
slurm_mpx135_s42_u9.out,135,42,pyalcs,9,0,1860000,3593,9.10,22,0.576,0.806,2805,0.404,0.935,2.9,0.446,0.472,0.0000,0
slurm_mpx135_s42_addr.out,135,42,pyalcs,9,0,1920000,3809,9.31,22,0.576,0.805,3046,0.411,0.934,2.9,0.467,0.483,0.0000,0
slurm_mpx135_s42_u10.out,135,42,pyalcs,10,0,1920000,5053,10.14,24,0.573,0.827,3845,0.387,0.927,2.7,0.466,0.526,0.0000,0
slurm_mpx135_s42_u12.out,135,42,pyalcs,12,0,1920000,6863,11.74,25,0.591,0.857,5566,0.402,0.916,2.8,0.633,0.609,0.0000,0
slurm_mpx135_s42_u16.out,135,42,pyalcs,16,0,1920000,21475,15.49,20,0.541,0.833,10414,0.245,0.896,2.0,0.797,0.803,0.0000,0
slurm_mpx135_s42_u8.out,135,42,pyalcs,8,0,1920000,4470,8.76,19,0.555,0.784,3113,0.351,0.937,2.5,0.430,0.454,0.0000,0
slurm_mpx135_s42_u9.out,135,42,pyalcs,9,0,1920000,3809,9.31,22,0.576,0.805,3046,0.411,0.934,2.9,0.467,0.483,0.0000,0
slurm_mpx135_s42_addr.out,135,42,pyalcs,9,0,1980000,3780,9.41,22,0.577,0.778,3045,0.411,0.933,2.8,0.483,0.488,0.0000,0
slurm_mpx135_s42_u10.out,135,42,pyalcs,10,0,1980000,4508,10.00,24,0.583,0.839,3628,0.413,0.928,2.8,0.509,0.519,0.0000,0
slurm_mpx135_s42_u12.out,135,42,pyalcs,12,0,1980000,6815,11.48,25,0.587,0.830,5427,0.381,0.918,2.7,0.632,0.595,0.0000,0
slurm_mpx135_s42_u16.out,135,42,pyalcs,16,0,1980000,21357,15.51,20,0.542,0.833,10624,0.246,0.895,2.0,0.794,0.804,0.0000,0
slurm_mpx135_s42_u8.out,135,42,pyalcs,8,0,1980000,3448,8.43,19,0.566,0.828,2627,0.397,0.939,2.9,0.373,0.437,0.0000,0
slurm_mpx135_s42_u9.out,135,42,pyalcs,9,0,1980000,3780,9.41,22,0.577,0.778,3045,0.411,0.933,2.8,0.483,0.488,0.0000,0
slurm_mpx135_s42_addr.out,135,42,pyalcs,9,0,2040000,3996,8.96,22,0.567,0.786,3010,0.417,0.936,2.8,0.424,0.465,0.0000,0
slurm_mpx135_s42_u10.out,135,42,pyalcs,10,0,2040000,4441,10.01,24,0.578,0.797,3534,0.395,0.928,2.8,0.522,0.519,0.0000,0
slurm_mpx135_s42_u12.out,135,42,pyalcs,12,0,2040000,6696,11.51,25,0.587,0.843,5258,0.386,0.918,2.8,0.622,0.597,0.0000,0
slurm_mpx135_s42_u16.out,135,42,pyalcs,16,0,2040000,21919,15.53,20,0.541,0.864,10621,0.231,0.895,2.0,0.792,0.805,0.0000,0
slurm_mpx135_s42_u8.out,135,42,pyalcs,8,0,2040000,3577,8.55,19,0.568,0.787,2785,0.398,0.939,2.9,0.385,0.443,0.0000,0
slurm_mpx135_s42_u9.out,135,42,pyalcs,9,0,2040000,3996,8.96,22,0.567,0.786,3010,0.417,0.936,2.8,0.424,0.465,0.0000,0
slurm_mpx135_s42_addr.out,135,42,pyalcs,9,0,2100000,3967,9.09,22,0.568,0.838,3037,0.402,0.936,2.8,0.461,0.472,0.0000,0
slurm_mpx135_s42_u10.out,135,42,pyalcs,10,0,2100000,4877,9.75,24,0.577,0.804,3786,0.406,0.930,2.8,0.477,0.506,0.0000,0
slurm_mpx135_s42_u12.out,135,42,pyalcs,12,0,2100000,7147,11.41,25,0.588,0.834,5639,0.400,0.919,2.8,0.649,0.591,0.0000,0
slurm_mpx135_s42_u16.out,135,42,pyalcs,16,0,2100000,22029,15.63,20,0.541,0.825,10644,0.228,0.894,2.0,0.797,0.811,0.0000,0
slurm_mpx135_s42_u8.out,135,42,pyalcs,8,0,2100000,4324,8.67,19,0.565,0.844,3185,0.375,0.937,2.7,0.394,0.449,0.0000,0
slurm_mpx135_s42_u9.out,135,42,pyalcs,9,0,2100000,3967,9.09,22,0.568,0.838,3037,0.402,0.936,2.8,0.461,0.472,0.0000,0
slurm_mpx135_s42_addr.out,135,42,pyalcs,9,0,2160000,3869,9.09,22,0.576,0.796,3094,0.404,0.935,2.9,0.395,0.472,0.0000,0
slurm_mpx135_s42_u10.out,135,42,pyalcs,10,0,2160000,4514,9.85,24,0.582,0.800,3644,0.398,0.929,2.8,0.443,0.511,0.0000,0
slurm_mpx135_s42_u12.out,135,42,pyalcs,12,0,2160000,7148,11.59,25,0.591,0.829,5720,0.386,0.916,2.7,0.631,0.601,0.0000,0
slurm_mpx135_s42_u16.out,135,42,pyalcs,16,0,2160000,22533,15.51,20,0.542,0.854,11160,0.241,0.895,2.0,0.787,0.804,0.0000,0
slurm_mpx135_s42_u8.out,135,42,pyalcs,8,0,2160000,3380,8.38,19,0.564,0.787,2564,0.395,0.940,2.8,0.378,0.435,0.0000,0
slurm_mpx135_s42_u9.out,135,42,pyalcs,9,0,2160000,3869,9.09,22,0.576,0.796,3094,0.404,0.935,2.9,0.395,0.472,0.0000,0
slurm_mpx135_s42_addr.out,135,42,pyalcs,9,0,2220000,4009,8.84,22,0.570,0.829,3122,0.400,0.937,2.8,0.457,0.459,0.0000,0
slurm_mpx135_s42_u10.out,135,42,pyalcs,10,0,2220000,4869,9.63,24,0.577,0.808,3788,0.401,0.931,2.8,0.490,0.499,0.0000,0
slurm_mpx135_s42_u12.out,135,42,pyalcs,12,0,2220000,6748,11.78,25,0.593,0.812,5466,0.388,0.915,2.7,0.663,0.611,0.0000,0
slurm_mpx135_s42_u16.out,135,42,pyalcs,16,0,2220000,22466,15.50,20,0.543,0.854,11264,0.242,0.895,2.0,0.792,0.804,0.0000,0
slurm_mpx135_s42_u8.out,135,42,pyalcs,8,0,2220000,3781,8.65,19,0.564,0.825,2762,0.362,0.938,2.7,0.435,0.448,0.0000,0
slurm_mpx135_s42_u9.out,135,42,pyalcs,9,0,2220000,4009,8.84,22,0.570,0.829,3122,0.400,0.937,2.8,0.457,0.459,0.0000,0
slurm_mpx135_s42_addr.out,135,42,pyalcs,9,0,2280000,3995,9.08,22,0.569,0.796,3069,0.421,0.935,2.9,0.453,0.471,0.0000,0
slurm_mpx135_s42_u10.out,135,42,pyalcs,10,0,2280000,4641,10.01,24,0.572,0.822,3508,0.411,0.929,2.8,0.507,0.519,0.0000,0
slurm_mpx135_s42_u12.out,135,42,pyalcs,12,0,2280000,6752,11.63,25,0.586,0.806,5203,0.394,0.916,2.7,0.651,0.603,0.0001,0
slurm_mpx135_s42_u16.out,135,42,pyalcs,16,0,2280000,22269,15.59,20,0.542,0.854,10937,0.238,0.893,2.0,0.802,0.808,0.0000,0
slurm_mpx135_s42_u8.out,135,42,pyalcs,8,0,2280000,3671,8.51,19,0.560,0.793,2716,0.383,0.938,2.7,0.385,0.441,0.0000,0
slurm_mpx135_s42_u9.out,135,42,pyalcs,9,0,2280000,3995,9.08,22,0.569,0.796,3069,0.421,0.935,2.9,0.453,0.471,0.0000,0
slurm_mpx135_s42_addr.out,135,42,pyalcs,9,0,2340000,3822,9.11,22,0.571,0.825,2999,0.404,0.934,2.8,0.409,0.472,0.0000,0
slurm_mpx135_s42_u10.out,135,42,pyalcs,10,0,2340000,4610,9.62,24,0.571,0.817,3529,0.394,0.931,2.8,0.468,0.499,0.0000,0
slurm_mpx135_s42_u12.out,135,42,pyalcs,12,0,2340000,6890,11.68,25,0.589,0.816,5538,0.381,0.915,2.7,0.639,0.606,0.0001,0
slurm_mpx135_s42_u16.out,135,42,pyalcs,16,0,2340000,22232,15.54,20,0.544,0.854,11118,0.246,0.894,2.0,0.798,0.806,0.0000,0
slurm_mpx135_s42_u8.out,135,42,pyalcs,8,0,2340000,3346,8.45,19,0.566,0.822,2573,0.413,0.940,2.8,0.375,0.438,0.0000,0
slurm_mpx135_s42_u9.out,135,42,pyalcs,9,0,2340000,3822,9.11,22,0.571,0.825,2999,0.404,0.934,2.8,0.409,0.472,0.0000,0
slurm_mpx135_s42_addr.out,135,42,pyalcs,9,0,240000,3762,8.73,20,0.564,0.855,2745,0.392,0.938,2.8,0.389,0.452,0.0000,0
slurm_mpx135_s42_u10.out,135,42,pyalcs,10,0,240000,4631,9.74,22,0.582,0.818,3736,0.416,0.930,2.9,0.496,0.505,0.0000,0
slurm_mpx135_s42_u12.out,135,42,pyalcs,12,0,240000,5280,10.57,25,0.580,0.820,4017,0.391,0.926,2.8,0.519,0.548,0.0000,0
slurm_mpx135_s42_u16.out,135,42,pyalcs,16,0,240000,20053,15.37,18,0.528,0.832,8112,0.184,0.903,1.7,0.768,0.797,0.0000,0
slurm_mpx135_s42_u24.out,135,42,pyalcs,24,0,240000,62955,23.77,25,0.513,0.821,12584,0.027,0.926,1.1,1.193,1.233,0.0000,0
slurm_mpx135_s42_u8.out,135,42,pyalcs,8,0,240000,2957,8.47,18,0.575,0.794,2384,0.398,0.940,3.0,0.372,0.439,0.0000,0
slurm_mpx135_s42_u9.out,135,42,pyalcs,9,0,240000,3762,8.73,20,0.564,0.855,2745,0.392,0.938,2.8,0.389,0.452,0.0000,0
slurm_mpx135_s42_addr.out,135,42,pyalcs,9,0,2400000,3895,9.00,22,0.573,0.814,3121,0.403,0.935,2.8,0.465,0.466,0.0000,0
slurm_mpx135_s42_u10.out,135,42,pyalcs,10,0,2400000,4403,9.95,24,0.584,0.811,3532,0.392,0.929,2.8,0.492,0.516,0.0000,0
slurm_mpx135_s42_u12.out,135,42,pyalcs,12,0,2400000,6784,11.58,25,0.585,0.842,5363,0.382,0.917,2.7,0.651,0.600,0.0001,0
slurm_mpx135_s42_u16.out,135,42,pyalcs,16,0,2400000,22171,15.59,20,0.544,0.854,10970,0.241,0.893,2.0,0.790,0.809,0.0000,0
slurm_mpx135_s42_u8.out,135,42,pyalcs,8,0,2400000,4296,8.57,19,0.556,0.784,2882,0.336,0.939,2.5,0.381,0.444,0.0000,0
slurm_mpx135_s42_u9.out,135,42,pyalcs,9,0,2400000,3895,9.00,22,0.573,0.814,3121,0.403,0.935,2.8,0.465,0.466,0.0000,0
slurm_mpx135_s42_addr.out,135,42,pyalcs,9,0,2460000,3673,9.36,22,0.575,0.806,2831,0.394,0.934,2.8,0.456,0.486,0.0000,0
slurm_mpx135_s42_u10.out,135,42,pyalcs,10,0,2460000,4513,9.93,24,0.582,0.837,3592,0.403,0.928,2.8,0.506,0.515,0.0000,0
slurm_mpx135_s42_u12.out,135,42,pyalcs,12,0,2460000,6978,11.40,25,0.584,0.850,5393,0.367,0.918,2.7,0.644,0.591,0.0001,0
slurm_mpx135_s42_u16.out,135,42,pyalcs,16,0,2460000,22341,15.60,20,0.545,0.868,11190,0.244,0.893,2.0,0.793,0.809,0.0000,0
slurm_mpx135_s42_u8.out,135,42,pyalcs,8,0,2460000,4675,8.10,19,0.554,0.802,3268,0.425,0.944,3.0,0.325,0.420,0.0000,0
slurm_mpx135_s42_u9.out,135,42,pyalcs,9,0,2460000,3673,9.36,22,0.575,0.806,2831,0.394,0.934,2.8,0.456,0.486,0.0000,0
slurm_mpx135_s42_addr.out,135,42,pyalcs,9,0,2520000,3736,9.23,22,0.585,0.803,3120,0.368,0.933,2.8,0.441,0.478,0.0000,0
slurm_mpx135_s42_u10.out,135,42,pyalcs,10,0,2520000,5022,9.61,24,0.574,0.822,3739,0.404,0.931,2.8,0.551,0.499,0.0000,0
slurm_mpx135_s42_u12.out,135,42,pyalcs,12,0,2520000,6599,11.31,25,0.583,0.865,5129,0.390,0.921,2.8,0.624,0.587,0.0002,0
slurm_mpx135_s42_u16.out,135,42,pyalcs,16,0,2520000,22519,15.56,20,0.545,0.825,11372,0.241,0.893,2.0,0.782,0.807,0.0000,0
slurm_mpx135_s42_u8.out,135,42,pyalcs,8,0,2520000,3753,8.37,19,0.564,0.800,2859,0.397,0.940,2.8,0.405,0.434,0.0000,0
slurm_mpx135_s42_u9.out,135,42,pyalcs,9,0,2520000,3736,9.23,22,0.585,0.803,3120,0.368,0.933,2.8,0.441,0.478,0.0000,0
slurm_mpx135_s42_addr.out,135,42,pyalcs,9,0,2580000,3781,9.26,22,0.575,0.809,3009,0.392,0.934,2.8,0.416,0.480,0.0000,0
slurm_mpx135_s42_u10.out,135,42,pyalcs,10,0,2580000,4466,9.80,24,0.575,0.804,3560,0.403,0.929,2.8,0.489,0.508,0.0000,0
slurm_mpx135_s42_u12.out,135,42,pyalcs,12,0,2580000,6537,11.70,25,0.590,0.860,5276,0.391,0.916,2.7,0.651,0.606,0.0002,0
slurm_mpx135_s42_u16.out,135,42,pyalcs,16,0,2580000,22898,15.55,20,0.544,0.812,11531,0.248,0.894,2.0,0.781,0.806,0.0000,0
slurm_mpx135_s42_u8.out,135,42,pyalcs,8,0,2580000,3903,8.04,19,0.563,0.796,2918,0.377,0.943,2.8,0.395,0.417,0.0000,0
slurm_mpx135_s42_u9.out,135,42,pyalcs,9,0,2580000,3781,9.26,22,0.575,0.809,3009,0.392,0.934,2.8,0.416,0.480,0.0000,0
slurm_mpx135_s42_addr.out,135,42,pyalcs,9,0,2640000,3716,9.17,22,0.566,0.791,2814,0.421,0.935,2.9,0.456,0.475,0.0000,0
slurm_mpx135_s42_u10.out,135,42,pyalcs,10,0,2640000,4334,9.74,24,0.576,0.823,3336,0.402,0.931,2.8,0.439,0.505,0.0000,0
slurm_mpx135_s42_u12.out,135,42,pyalcs,12,0,2640000,6785,11.60,25,0.589,0.852,5294,0.402,0.918,2.8,0.662,0.601,0.0001,0
slurm_mpx135_s42_u16.out,135,42,pyalcs,16,0,2640000,22719,15.54,20,0.545,0.821,11560,0.253,0.894,2.1,0.788,0.806,0.0000,0
slurm_mpx135_s42_u8.out,135,42,pyalcs,8,0,2640000,3228,8.69,20,0.570,0.834,2568,0.413,0.938,2.9,0.416,0.451,0.0000,0
slurm_mpx135_s42_u9.out,135,42,pyalcs,9,0,2640000,3716,9.17,22,0.566,0.791,2814,0.421,0.935,2.9,0.456,0.475,0.0000,0
slurm_mpx135_s42_addr.out,135,42,pyalcs,9,0,2700000,4018,9.34,22,0.579,0.814,3224,0.397,0.933,2.8,0.509,0.484,0.0000,0
slurm_mpx135_s42_u10.out,135,42,pyalcs,10,0,2700000,4308,10.00,24,0.574,0.800,3337,0.403,0.930,2.8,0.510,0.519,0.0000,0
slurm_mpx135_s42_u12.out,135,42,pyalcs,12,0,2700000,6977,11.77,25,0.582,0.890,5295,0.374,0.915,2.6,0.708,0.610,0.0001,0
slurm_mpx135_s42_u16.out,135,42,pyalcs,16,0,2700000,22839,15.60,20,0.548,0.840,11910,0.257,0.893,2.1,0.768,0.809,0.0000,0
slurm_mpx135_s42_u8.out,135,42,pyalcs,8,0,2700000,3531,8.75,20,0.574,0.803,2839,0.412,0.938,2.9,0.495,0.454,0.0000,0
slurm_mpx135_s42_u9.out,135,42,pyalcs,9,0,2700000,4018,9.34,22,0.579,0.814,3224,0.397,0.933,2.8,0.509,0.484,0.0000,0
slurm_mpx135_s42_addr.out,135,42,pyalcs,9,0,2760000,3737,9.27,21,0.577,0.819,2988,0.409,0.934,2.8,0.431,0.481,0.0000,0
slurm_mpx135_s42_u10.out,135,42,pyalcs,10,0,2760000,4061,9.98,24,0.580,0.800,3180,0.409,0.929,2.9,0.513,0.517,0.0000,0
slurm_mpx135_s42_u12.out,135,42,pyalcs,12,0,2760000,6628,11.49,25,0.585,0.854,5207,0.398,0.919,2.8,0.661,0.596,0.0002,0
slurm_mpx135_s42_u16.out,135,42,pyalcs,16,0,2760000,23107,15.57,20,0.548,0.821,11978,0.250,0.893,2.1,0.770,0.807,0.0000,0
slurm_mpx135_s42_u8.out,135,42,pyalcs,8,0,2760000,3347,8.57,20,0.565,0.805,2526,0.396,0.940,2.7,0.393,0.444,0.0000,0
slurm_mpx135_s42_u9.out,135,42,pyalcs,9,0,2760000,3737,9.27,21,0.577,0.819,2988,0.409,0.934,2.8,0.431,0.481,0.0000,0
slurm_mpx135_s42_addr.out,135,42,pyalcs,9,0,2820000,3729,9.23,21,0.573,0.791,2924,0.394,0.933,2.8,0.405,0.478,0.0000,0
slurm_mpx135_s42_u10.out,135,42,pyalcs,10,0,2820000,4196,9.94,24,0.580,0.813,3313,0.418,0.930,2.8,0.491,0.515,0.0000,0
slurm_mpx135_s42_u12.out,135,42,pyalcs,12,0,2820000,6825,11.53,25,0.584,0.868,5291,0.395,0.918,2.8,0.695,0.598,0.0001,0
slurm_mpx135_s42_u16.out,135,42,pyalcs,16,0,2820000,22996,15.58,20,0.547,0.830,11843,0.247,0.893,2.1,0.773,0.808,0.0000,0
slurm_mpx135_s42_u8.out,135,42,pyalcs,8,0,2820000,3469,8.46,20,0.565,0.767,2650,0.396,0.940,2.8,0.370,0.439,0.0000,0
slurm_mpx135_s42_u9.out,135,42,pyalcs,9,0,2820000,3729,9.23,21,0.573,0.791,2924,0.394,0.933,2.8,0.405,0.478,0.0000,0
slurm_mpx135_s42_addr.out,135,42,pyalcs,9,0,2880000,3998,9.25,21,0.575,0.794,3196,0.389,0.933,2.8,0.425,0.479,0.0000,0
slurm_mpx135_s42_u10.out,135,42,pyalcs,10,0,2880000,4399,9.77,24,0.575,0.806,3394,0.415,0.931,2.8,0.463,0.506,0.0000,0
slurm_mpx135_s42_u12.out,135,42,pyalcs,12,0,2880000,6585,11.58,25,0.586,0.887,5187,0.401,0.918,2.8,0.680,0.601,0.0002,0
slurm_mpx135_s42_u16.out,135,42,pyalcs,16,0,2880000,22626,15.69,20,0.547,0.847,11637,0.254,0.892,2.1,0.800,0.813,0.0000,0
slurm_mpx135_s42_u8.out,135,42,pyalcs,8,0,2880000,3428,8.54,20,0.568,0.851,2654,0.395,0.940,2.8,0.389,0.443,0.0000,0
slurm_mpx135_s42_u9.out,135,42,pyalcs,9,0,2880000,3998,9.25,21,0.575,0.794,3196,0.389,0.933,2.8,0.425,0.479,0.0000,0
slurm_mpx135_s42_addr.out,135,42,pyalcs,9,0,2940000,3870,9.30,21,0.573,0.785,3047,0.430,0.934,2.9,0.475,0.482,0.0000,0
slurm_mpx135_s42_u10.out,135,42,pyalcs,10,0,2940000,4578,9.57,24,0.573,0.812,3530,0.425,0.932,2.9,0.432,0.496,0.0000,0
slurm_mpx135_s42_u12.out,135,42,pyalcs,12,0,2940000,6843,11.34,25,0.586,0.893,5394,0.396,0.919,2.8,0.698,0.588,0.0001,0
slurm_mpx135_s42_u16.out,135,42,pyalcs,16,0,2940000,23058,15.58,20,0.547,0.847,12016,0.260,0.894,2.1,0.788,0.808,0.0000,0
slurm_mpx135_s42_u8.out,135,42,pyalcs,8,0,2940000,3700,8.41,20,0.569,0.800,2858,0.400,0.940,2.9,0.382,0.436,0.0000,0
slurm_mpx135_s42_u9.out,135,42,pyalcs,9,0,2940000,3870,9.30,21,0.573,0.785,3047,0.430,0.934,2.9,0.475,0.482,0.0000,0
slurm_mpx135_s42_addr.out,135,42,pyalcs,9,0,300000,3545,8.97,20,0.569,0.786,2761,0.393,0.935,2.8,0.409,0.465,0.0000,0
slurm_mpx135_s42_u10.out,135,42,pyalcs,10,0,300000,4556,9.83,22,0.582,0.867,3647,0.394,0.930,2.8,0.484,0.510,0.0000,0
slurm_mpx135_s42_u12.out,135,42,pyalcs,12,0,300000,5532,10.78,25,0.574,0.825,4040,0.391,0.923,2.7,0.570,0.559,0.0000,0
slurm_mpx135_s42_u16.out,135,42,pyalcs,16,0,300000,19947,15.45,19,0.528,0.856,8168,0.191,0.900,1.8,0.781,0.801,0.0000,0
slurm_mpx135_s42_u24.out,135,42,pyalcs,24,0,300000,75014,23.71,25,0.513,0.801,15018,0.029,0.931,1.1,1.192,1.229,0.0000,0
slurm_mpx135_s42_u8.out,135,42,pyalcs,8,0,300000,3390,8.47,18,0.572,0.820,2680,0.402,0.940,2.8,0.372,0.439,0.0000,0
slurm_mpx135_s42_u9.out,135,42,pyalcs,9,0,300000,3545,8.97,20,0.569,0.786,2761,0.393,0.935,2.8,0.409,0.465,0.0000,0
slurm_mpx135_s42_addr.out,135,42,pyalcs,9,0,3000000,3926,9.34,23,0.577,0.810,3175,0.415,0.933,2.8,0.465,0.484,0.0000,0
slurm_mpx135_s42_u10.out,135,42,pyalcs,10,0,3000000,4159,9.85,24,0.576,0.829,3257,0.412,0.929,2.8,0.436,0.511,0.0000,0
slurm_mpx135_s42_u12.out,135,42,pyalcs,12,0,3000000,6866,11.50,25,0.586,0.898,5319,0.390,0.919,2.8,0.687,0.596,0.0001,0
slurm_mpx135_s42_u16.out,135,42,pyalcs,16,0,3000000,23422,15.54,33,0.547,0.847,12116,0.253,0.893,2.1,0.800,0.806,0.0000,0
slurm_mpx135_s42_u8.out,135,42,pyalcs,8,0,3000000,3361,8.51,20,0.567,0.833,2626,0.408,0.940,2.8,0.394,0.441,0.0000,0
slurm_mpx135_s42_u9.out,135,42,pyalcs,9,0,3000000,3926,9.34,23,0.577,0.810,3175,0.415,0.933,2.8,0.465,0.484,0.0000,0
slurm_mpx135_s42_addr.out,135,42,pyalcs,9,0,3060000,3700,9.17,23,0.577,0.790,2957,0.417,0.935,2.9,0.486,0.476,0.0000,0
slurm_mpx135_s42_u10.out,135,42,pyalcs,10,0,3060000,4354,9.67,24,0.575,0.846,3437,0.401,0.931,2.8,0.506,0.501,0.0000,0
slurm_mpx135_s42_u12.out,135,42,pyalcs,12,0,3060000,6726,11.64,25,0.589,0.903,5286,0.401,0.916,2.8,0.710,0.603,0.0001,0
slurm_mpx135_s42_u16.out,135,42,pyalcs,16,0,3060000,23116,15.69,33,0.548,0.812,12041,0.253,0.892,2.1,0.810,0.814,0.0000,0
slurm_mpx135_s42_u8.out,135,42,pyalcs,8,0,3060000,3268,8.64,20,0.571,0.796,2561,0.374,0.938,2.7,0.391,0.448,0.0000,0
slurm_mpx135_s42_u9.out,135,42,pyalcs,9,0,3060000,3700,9.17,23,0.577,0.790,2957,0.417,0.935,2.9,0.486,0.476,0.0000,0
slurm_mpx135_s42_addr.out,135,42,pyalcs,9,0,3120000,3588,9.21,23,0.572,0.844,2792,0.414,0.935,2.9,0.490,0.478,0.0000,0
slurm_mpx135_s42_u10.out,135,42,pyalcs,10,0,3120000,4159,9.83,24,0.578,0.854,3218,0.386,0.931,2.8,0.492,0.510,0.0000,0
slurm_mpx135_s42_u12.out,135,42,pyalcs,12,0,3120000,6729,11.66,25,0.588,0.903,5327,0.401,0.917,2.8,0.708,0.604,0.0001,0
slurm_mpx135_s42_u16.out,135,42,pyalcs,16,0,3120000,23335,15.58,33,0.548,0.825,12019,0.257,0.893,2.1,0.796,0.808,0.0000,0
slurm_mpx135_s42_u8.out,135,42,pyalcs,8,0,3120000,3658,8.55,20,0.560,0.779,2739,0.393,0.939,2.8,0.408,0.443,0.0000,0
slurm_mpx135_s42_u9.out,135,42,pyalcs,9,0,3120000,3588,9.21,23,0.572,0.844,2792,0.414,0.935,2.9,0.490,0.478,0.0000,0
slurm_mpx135_s42_addr.out,135,42,pyalcs,9,0,3180000,4228,8.88,23,0.569,0.812,3223,0.417,0.937,2.9,0.425,0.460,0.0000,0
slurm_mpx135_s42_u10.out,135,42,pyalcs,10,0,3180000,4364,10.02,24,0.582,0.842,3519,0.401,0.928,2.8,0.524,0.519,0.0000,0
slurm_mpx135_s42_u12.out,135,42,pyalcs,12,0,3180000,6965,11.61,25,0.590,0.917,5559,0.387,0.916,2.8,0.688,0.602,0.0001,0
slurm_mpx135_s42_u16.out,135,42,pyalcs,16,0,3180000,23365,15.59,33,0.549,0.830,12197,0.254,0.893,2.1,0.808,0.809,0.0000,0
slurm_mpx135_s42_u8.out,135,42,pyalcs,8,0,3180000,3458,8.59,20,0.570,0.793,2672,0.417,0.939,2.9,0.451,0.445,0.0000,0
slurm_mpx135_s42_u9.out,135,42,pyalcs,9,0,3180000,4228,8.88,23,0.569,0.812,3223,0.417,0.937,2.9,0.425,0.460,0.0000,0
slurm_mpx135_s42_addr.out,135,42,pyalcs,9,0,3240000,4221,9.34,23,0.578,0.809,3423,0.422,0.933,2.9,0.467,0.484,0.0000,0
slurm_mpx135_s42_u10.out,135,42,pyalcs,10,0,3240000,4526,9.88,24,0.579,0.803,3647,0.408,0.930,2.8,0.492,0.513,0.0000,0
slurm_mpx135_s42_u12.out,135,42,pyalcs,12,0,3240000,6888,11.56,25,0.591,0.936,5507,0.397,0.918,2.8,0.720,0.599,0.0001,0
slurm_mpx135_s42_u16.out,135,42,pyalcs,16,0,3240000,23307,15.67,33,0.550,0.821,12263,0.257,0.892,2.1,0.811,0.813,0.0000,0
slurm_mpx135_s42_u8.out,135,42,pyalcs,8,0,3240000,3385,8.45,20,0.568,0.852,2603,0.399,0.940,2.9,0.390,0.438,0.0000,0
slurm_mpx135_s42_u9.out,135,42,pyalcs,9,0,3240000,4221,9.34,23,0.578,0.809,3423,0.422,0.933,2.9,0.467,0.484,0.0000,0
slurm_mpx135_s42_addr.out,135,42,pyalcs,9,0,3300000,3855,9.22,23,0.572,0.791,3035,0.424,0.935,2.9,0.440,0.478,0.0000,0
slurm_mpx135_s42_u10.out,135,42,pyalcs,10,0,3300000,4498,9.91,24,0.580,0.815,3577,0.412,0.930,2.9,0.480,0.514,0.0000,0
slurm_mpx135_s42_u12.out,135,42,pyalcs,12,0,3300000,7106,11.66,25,0.588,0.939,5609,0.391,0.915,2.7,0.761,0.605,0.0001,0
slurm_mpx135_s42_u16.out,135,42,pyalcs,16,0,3300000,23735,15.58,33,0.549,0.845,12408,0.257,0.893,2.1,0.799,0.808,0.0000,0
slurm_mpx135_s42_u8.out,135,42,pyalcs,8,0,3300000,3887,8.46,20,0.574,0.822,3008,0.346,0.938,2.7,0.427,0.439,0.0000,0
slurm_mpx135_s42_u9.out,135,42,pyalcs,9,0,3300000,3855,9.22,23,0.572,0.791,3035,0.424,0.935,2.9,0.440,0.478,0.0000,0
slurm_mpx135_s42_addr.out,135,42,pyalcs,9,0,3360000,4033,9.24,23,0.574,0.820,3205,0.394,0.934,2.8,0.432,0.479,0.0000,0
slurm_mpx135_s42_u10.out,135,42,pyalcs,10,0,3360000,4546,9.95,24,0.575,0.813,3580,0.414,0.929,2.8,0.457,0.516,0.0000,0
slurm_mpx135_s42_u12.out,135,42,pyalcs,12,0,3360000,6851,11.95,25,0.594,0.945,5579,0.391,0.914,2.7,0.768,0.619,0.0001,0
slurm_mpx135_s42_u16.out,135,42,pyalcs,16,0,3360000,23240,15.64,33,0.552,0.845,12464,0.259,0.892,2.1,0.805,0.811,0.0000,0
slurm_mpx135_s42_u8.out,135,42,pyalcs,8,0,3360000,4013,8.18,20,0.559,0.803,2945,0.415,0.942,2.9,0.355,0.424,0.0000,0
slurm_mpx135_s42_u9.out,135,42,pyalcs,9,0,3360000,4033,9.24,23,0.574,0.820,3205,0.394,0.934,2.8,0.432,0.479,0.0000,0
slurm_mpx135_s42_addr.out,135,42,pyalcs,9,0,3420000,3869,9.35,23,0.575,0.820,3070,0.401,0.934,2.8,0.452,0.485,0.0000,0
slurm_mpx135_s42_u10.out,135,42,pyalcs,10,0,3420000,4453,9.90,24,0.573,0.825,3368,0.410,0.929,2.8,0.462,0.513,0.0000,0
slurm_mpx135_s42_u12.out,135,42,pyalcs,12,0,3420000,6838,11.62,25,0.588,0.945,5405,0.398,0.916,2.7,0.739,0.603,0.0001,0
slurm_mpx135_s42_u16.out,135,42,pyalcs,16,0,3420000,23177,15.65,33,0.551,0.821,12310,0.264,0.892,2.1,0.806,0.811,0.0000,0
slurm_mpx135_s42_u8.out,135,42,pyalcs,8,0,3420000,3573,8.46,20,0.566,0.777,2779,0.406,0.939,2.9,0.396,0.439,0.0000,0
slurm_mpx135_s42_u9.out,135,42,pyalcs,9,0,3420000,3869,9.35,23,0.575,0.820,3070,0.401,0.934,2.8,0.452,0.485,0.0000,0
slurm_mpx135_s42_addr.out,135,42,pyalcs,9,0,3480000,3821,9.19,23,0.578,0.783,3083,0.376,0.934,2.8,0.460,0.477,0.0000,0
slurm_mpx135_s42_u10.out,135,42,pyalcs,10,0,3480000,4569,10.05,24,0.577,0.798,3552,0.397,0.928,2.8,0.506,0.521,0.0000,0
slurm_mpx135_s42_u12.out,135,42,pyalcs,12,0,3480000,6980,11.60,25,0.587,0.963,5511,0.399,0.917,2.8,0.715,0.602,0.0001,0
slurm_mpx135_s42_u16.out,135,42,pyalcs,16,0,3480000,23370,15.66,33,0.551,0.854,12303,0.262,0.893,2.1,0.815,0.812,0.0000,0
slurm_mpx135_s42_u8.out,135,42,pyalcs,8,0,3480000,3566,8.87,20,0.565,0.824,2718,0.397,0.936,2.7,0.386,0.460,0.0000,0
slurm_mpx135_s42_u9.out,135,42,pyalcs,9,0,3480000,3821,9.19,23,0.578,0.783,3083,0.376,0.934,2.8,0.460,0.477,0.0000,0
slurm_mpx135_s42_addr.out,135,42,pyalcs,9,0,3540000,3819,9.08,23,0.574,0.804,2953,0.395,0.935,2.8,0.419,0.471,0.0000,0
slurm_mpx135_s42_u10.out,135,42,pyalcs,10,0,3540000,4709,9.82,24,0.580,0.823,3739,0.403,0.930,2.8,0.506,0.509,0.0000,0
slurm_mpx135_s42_u12.out,135,42,pyalcs,12,0,3540000,6937,11.62,25,0.588,0.965,5499,0.391,0.916,2.8,0.698,0.602,0.0001,0
slurm_mpx135_s42_u16.out,135,42,pyalcs,16,0,3540000,23907,15.60,33,0.550,0.854,12568,0.261,0.893,2.1,0.804,0.809,0.0000,0
slurm_mpx135_s42_u8.out,135,42,pyalcs,8,0,3540000,3913,8.45,20,0.559,0.784,2867,0.414,0.941,2.9,0.419,0.438,0.0000,0
slurm_mpx135_s42_u9.out,135,42,pyalcs,9,0,3540000,3819,9.08,23,0.574,0.804,2953,0.395,0.935,2.8,0.419,0.471,0.0000,0
slurm_mpx135_s42_addr.out,135,42,pyalcs,9,0,360000,4080,8.77,20,0.568,0.797,3129,0.403,0.938,2.8,0.396,0.455,0.0000,0
slurm_mpx135_s42_u10.out,135,42,pyalcs,10,0,360000,6458,8.59,22,0.555,0.825,4300,0.390,0.941,2.8,0.420,0.445,0.0000,0
slurm_mpx135_s42_u12.out,135,42,pyalcs,12,0,360000,5647,10.63,25,0.574,0.827,4204,0.380,0.926,2.7,0.516,0.551,0.0000,0
slurm_mpx135_s42_u16.out,135,42,pyalcs,16,0,360000,20030,15.35,19,0.529,0.816,8488,0.203,0.900,1.8,0.773,0.796,0.0000,0
slurm_mpx135_s42_u24.out,135,42,pyalcs,24,0,360000,81422,23.96,25,0.512,0.820,15795,0.024,0.922,1.1,1.208,1.242,0.0000,0
slurm_mpx135_s42_u8.out,135,42,pyalcs,8,0,360000,5804,7.88,18,0.554,0.791,3844,0.335,0.944,2.6,0.325,0.409,0.0000,0
slurm_mpx135_s42_u9.out,135,42,pyalcs,9,0,360000,4080,8.77,20,0.568,0.797,3129,0.403,0.938,2.8,0.396,0.455,0.0000,0
slurm_mpx135_s42_addr.out,135,42,pyalcs,9,0,3600000,3895,9.09,23,0.576,0.798,3116,0.403,0.936,2.9,0.426,0.471,0.0000,0
slurm_mpx135_s42_u10.out,135,42,pyalcs,10,0,3600000,4789,9.98,24,0.579,0.820,3806,0.404,0.928,2.8,0.548,0.518,0.0000,0
slurm_mpx135_s42_u12.out,135,42,pyalcs,12,0,3600000,6652,11.68,25,0.591,0.970,5286,0.386,0.917,2.7,0.775,0.605,0.0002,0
slurm_mpx135_s42_u16.out,135,42,pyalcs,16,0,3600000,23728,15.74,33,0.549,0.854,12265,0.249,0.892,2.1,0.805,0.816,0.0000,0
slurm_mpx135_s42_u8.out,135,42,pyalcs,8,0,3600000,3650,8.60,20,0.576,0.794,2925,0.379,0.938,2.8,0.414,0.446,0.0000,0
slurm_mpx135_s42_u9.out,135,42,pyalcs,9,0,3600000,3895,9.09,23,0.576,0.798,3116,0.403,0.936,2.9,0.426,0.471,0.0000,0
slurm_mpx135_s42_addr.out,135,42,pyalcs,9,0,3660000,4614,9.61,23,0.559,0.808,3330,0.405,0.931,2.7,0.460,0.499,0.0000,0
slurm_mpx135_s42_u10.out,135,42,pyalcs,10,0,3660000,4685,9.77,24,0.580,0.838,3683,0.399,0.931,2.8,0.502,0.507,0.0000,0
slurm_mpx135_s42_u12.out,135,42,pyalcs,12,0,3660000,6932,11.37,25,0.584,0.972,5361,0.384,0.919,2.8,0.733,0.590,0.0001,0
slurm_mpx135_s42_u16.out,135,42,pyalcs,16,0,3660000,24039,15.69,33,0.550,0.854,12591,0.260,0.892,2.1,0.803,0.813,0.0000,0
slurm_mpx135_s42_u8.out,135,42,pyalcs,8,0,3660000,3414,8.34,20,0.566,0.836,2607,0.406,0.941,2.9,0.357,0.432,0.0000,0
slurm_mpx135_s42_u9.out,135,42,pyalcs,9,0,3660000,4614,9.61,23,0.559,0.808,3330,0.405,0.931,2.7,0.460,0.499,0.0000,0
slurm_mpx135_s42_addr.out,135,42,pyalcs,9,0,3720000,3547,9.35,23,0.575,0.816,2837,0.433,0.934,2.9,0.480,0.485,0.0000,0
slurm_mpx135_s42_u10.out,135,42,pyalcs,10,0,3720000,4488,9.99,24,0.583,0.810,3661,0.402,0.929,2.8,0.456,0.518,0.0000,0
slurm_mpx135_s42_u12.out,135,42,pyalcs,12,0,3720000,6942,11.64,25,0.588,0.976,5430,0.393,0.916,2.8,0.796,0.603,0.0001,0
slurm_mpx135_s42_u16.out,135,42,pyalcs,16,0,3720000,24027,15.63,33,0.550,0.854,12458,0.249,0.892,2.1,0.800,0.811,0.0000,0
slurm_mpx135_s42_u8.out,135,42,pyalcs,8,0,3720000,3181,8.55,20,0.570,0.816,2472,0.425,0.940,2.9,0.410,0.443,0.0000,0
slurm_mpx135_s42_u9.out,135,42,pyalcs,9,0,3720000,3547,9.35,23,0.575,0.816,2837,0.433,0.934,2.9,0.480,0.485,0.0000,0
slurm_mpx135_s42_addr.out,135,42,pyalcs,9,0,3780000,3842,9.40,23,0.584,0.832,3213,0.368,0.932,2.8,0.464,0.487,0.0000,0
slurm_mpx135_s42_u10.out,135,42,pyalcs,10,0,3780000,4326,9.98,24,0.577,0.823,3365,0.385,0.928,2.8,0.483,0.518,0.0000,0
slurm_mpx135_s42_u12.out,135,42,pyalcs,12,0,3780000,7014,11.87,25,0.594,0.979,5619,0.379,0.915,2.8,0.835,0.616,0.0001,0
slurm_mpx135_s42_u16.out,135,42,pyalcs,16,0,3780000,23439,15.72,33,0.550,0.868,12332,0.253,0.891,2.1,0.814,0.815,0.0000,0
slurm_mpx135_s42_u8.out,135,42,pyalcs,8,0,3780000,4123,8.52,20,0.567,0.822,3119,0.370,0.938,2.6,0.402,0.442,0.0000,0
slurm_mpx135_s42_u9.out,135,42,pyalcs,9,0,3780000,3842,9.40,23,0.584,0.832,3213,0.368,0.932,2.8,0.464,0.487,0.0000,0
slurm_mpx135_s42_addr.out,135,42,pyalcs,9,0,3840000,4189,9.28,23,0.571,0.805,3220,0.386,0.934,2.8,0.466,0.481,0.0000,0
slurm_mpx135_s42_u10.out,135,42,pyalcs,10,0,3840000,4714,9.87,24,0.585,0.802,3870,0.394,0.929,2.9,0.489,0.512,0.0000,0
slurm_mpx135_s42_u12.out,135,42,pyalcs,12,0,3840000,7123,11.85,25,0.591,0.980,5576,0.392,0.915,2.8,0.841,0.615,0.0003,0
slurm_mpx135_s42_u16.out,135,42,pyalcs,16,0,3840000,23560,15.65,33,0.551,0.825,12628,0.258,0.892,2.1,0.832,0.812,0.0000,0
slurm_mpx135_s42_u8.out,135,42,pyalcs,8,0,3840000,3456,8.38,20,0.568,0.804,2640,0.413,0.941,2.8,0.403,0.435,0.0000,0
slurm_mpx135_s42_u9.out,135,42,pyalcs,9,0,3840000,4189,9.28,23,0.571,0.805,3220,0.386,0.934,2.8,0.466,0.481,0.0000,0
slurm_mpx135_s42_addr.out,135,42,pyalcs,9,0,3900000,4001,9.44,23,0.579,0.807,3236,0.411,0.932,2.9,0.488,0.489,0.0000,0
slurm_mpx135_s42_u10.out,135,42,pyalcs,10,0,3900000,4378,10.06,24,0.585,0.811,3509,0.410,0.930,2.9,0.554,0.521,0.0000,0
slurm_mpx135_s42_u12.out,135,42,pyalcs,12,0,3900000,7342,11.74,25,0.592,0.984,5832,0.399,0.917,2.9,0.889,0.609,0.0004,0
slurm_mpx135_s42_u16.out,135,42,pyalcs,16,0,3900000,23730,15.60,33,0.551,0.823,12590,0.256,0.893,2.1,0.824,0.809,0.0000,0
slurm_mpx135_s42_u8.out,135,42,pyalcs,8,0,3900000,3736,8.28,20,0.565,0.810,2847,0.383,0.941,2.7,0.361,0.429,0.0000,0
slurm_mpx135_s42_u9.out,135,42,pyalcs,9,0,3900000,4001,9.44,23,0.579,0.807,3236,0.411,0.932,2.9,0.488,0.489,0.0000,0
slurm_mpx135_s42_addr.out,135,42,pyalcs,9,0,3960000,3758,9.43,23,0.578,0.806,2983,0.402,0.933,2.8,0.504,0.489,0.0000,0
slurm_mpx135_s42_u10.out,135,42,pyalcs,10,0,3960000,4301,9.93,24,0.579,0.811,3365,0.402,0.931,2.8,0.490,0.515,0.0000,0
slurm_mpx135_s42_u12.out,135,42,pyalcs,12,0,3960000,7311,12.04,25,0.598,0.996,5937,0.387,0.914,2.8,0.969,0.625,0.0003,0
slurm_mpx135_s42_u8.out,135,42,pyalcs,8,0,3960000,3456,8.61,20,0.572,0.807,2721,0.408,0.939,2.9,0.417,0.447,0.0000,0
slurm_mpx135_s42_u9.out,135,42,pyalcs,9,0,3960000,3758,9.43,23,0.578,0.806,2983,0.402,0.933,2.8,0.504,0.489,0.0000,0
slurm_mpx135_s42_addr.out,135,42,pyalcs,9,0,4020000,4029,9.37,23,0.572,0.818,3129,0.400,0.934,2.8,0.485,0.486,0.0000,0
slurm_mpx135_s42_u10.out,135,42,pyalcs,10,0,4020000,4574,9.69,24,0.578,0.829,3613,0.374,0.931,2.8,0.427,0.503,0.0000,0
slurm_mpx135_s42_u12.out,135,42,pyalcs,12,0,4020000,7237,12.07,25,0.598,0.985,5866,0.392,0.915,2.8,0.971,0.626,0.0003,0
slurm_mpx135_s42_u8.out,135,42,pyalcs,8,0,4020000,3627,8.35,20,0.571,0.872,2835,0.425,0.941,2.9,0.342,0.433,0.0000,0
slurm_mpx135_s42_u9.out,135,42,pyalcs,9,0,4020000,4029,9.37,23,0.572,0.818,3129,0.400,0.934,2.8,0.485,0.486,0.0000,0
slurm_mpx135_s42_addr.out,135,42,pyalcs,9,0,4080000,3742,9.34,23,0.572,0.822,2928,0.414,0.934,2.8,0.501,0.484,0.0000,0
slurm_mpx135_s42_u10.out,135,42,pyalcs,10,0,4080000,4516,9.84,24,0.581,0.811,3594,0.399,0.930,2.8,0.485,0.510,0.0000,0
slurm_mpx135_s42_u12.out,135,42,pyalcs,12,0,4080000,7380,11.99,25,0.600,0.993,6042,0.383,0.914,2.8,0.949,0.622,0.0003,0
slurm_mpx135_s42_u8.out,135,42,pyalcs,8,0,4080000,3283,8.22,20,0.565,0.801,2511,0.414,0.942,2.9,0.385,0.426,0.0000,0
slurm_mpx135_s42_u9.out,135,42,pyalcs,9,0,4080000,3742,9.34,23,0.572,0.822,2928,0.414,0.934,2.8,0.501,0.484,0.0000,0
slurm_mpx135_s42_addr.out,135,42,pyalcs,9,0,4140000,3817,9.63,23,0.579,0.802,3083,0.395,0.931,2.8,0.441,0.499,0.0000,0
slurm_mpx135_s42_u10.out,135,42,pyalcs,10,0,4140000,4452,9.88,24,0.580,0.813,3530,0.415,0.930,2.8,0.543,0.512,0.0000,0
slurm_mpx135_s42_u12.out,135,42,pyalcs,12,0,4140000,7777,11.97,25,0.602,0.997,6437,0.387,0.913,2.8,0.969,0.621,0.0003,0
slurm_mpx135_s42_u8.out,135,42,pyalcs,8,0,4140000,3395,8.52,20,0.565,0.779,2650,0.404,0.940,2.8,0.415,0.442,0.0000,0
slurm_mpx135_s42_u9.out,135,42,pyalcs,9,0,4140000,3817,9.63,23,0.579,0.802,3083,0.395,0.931,2.8,0.441,0.499,0.0000,0
slurm_mpx135_s42_addr.out,135,42,pyalcs,9,0,420000,3743,9.05,20,0.572,0.792,2906,0.378,0.935,2.8,0.445,0.469,0.0000,0
slurm_mpx135_s42_u10.out,135,42,pyalcs,10,0,420000,4078,9.59,22,0.574,0.782,3192,0.385,0.932,2.8,0.463,0.497,0.0000,0
slurm_mpx135_s42_u12.out,135,42,pyalcs,12,0,420000,5961,10.65,25,0.579,0.819,4593,0.389,0.924,2.7,0.488,0.552,0.0000,0
slurm_mpx135_s42_u16.out,135,42,pyalcs,16,0,420000,19748,15.44,19,0.531,0.850,8563,0.206,0.898,1.8,0.780,0.800,0.0000,0
slurm_mpx135_s42_u24.out,135,42,pyalcs,24,0,420000,86549,23.89,25,0.512,0.840,16775,0.028,0.923,1.1,1.201,1.239,0.0000,0
slurm_mpx135_s42_u8.out,135,42,pyalcs,8,0,420000,3701,8.68,19,0.568,0.795,2897,0.395,0.937,2.8,0.440,0.450,0.0000,0
slurm_mpx135_s42_u9.out,135,42,pyalcs,9,0,420000,3743,9.05,20,0.572,0.792,2906,0.378,0.935,2.8,0.445,0.469,0.0000,0
slurm_mpx135_s42_addr.out,135,42,pyalcs,9,0,4200000,5339,8.97,23,0.566,0.835,3855,0.318,0.935,2.6,0.426,0.465,0.0000,0
slurm_mpx135_s42_u10.out,135,42,pyalcs,10,0,4200000,5256,10.35,24,0.568,0.863,3876,0.389,0.926,2.6,0.504,0.537,0.0000,0
slurm_mpx135_s42_u12.out,135,42,pyalcs,12,0,4200000,7954,12.10,28,0.602,0.999,6472,0.391,0.913,2.9,1.021,0.627,0.0003,0
slurm_mpx135_s42_u8.out,135,42,pyalcs,8,0,4200000,3561,8.52,20,0.564,0.782,2674,0.407,0.940,2.8,0.402,0.442,0.0000,0
slurm_mpx135_s42_u9.out,135,42,pyalcs,9,0,4200000,5339,8.97,23,0.566,0.835,3855,0.318,0.935,2.6,0.426,0.465,0.0000,0
slurm_mpx135_s42_addr.out,135,42,pyalcs,9,0,4260000,5527,8.00,23,0.550,0.836,3632,0.399,0.944,2.8,0.407,0.415,0.0000,0
slurm_mpx135_s42_u10.out,135,42,pyalcs,10,0,4260000,4436,9.90,24,0.578,0.835,3480,0.394,0.930,2.8,0.482,0.513,0.0000,0
slurm_mpx135_s42_u12.out,135,42,pyalcs,12,0,4260000,7802,12.23,28,0.606,1.000,6436,0.387,0.912,2.8,1.104,0.634,0.0003,0
slurm_mpx135_s42_u8.out,135,42,pyalcs,8,0,4260000,4581,8.58,20,0.555,0.849,3143,0.340,0.939,2.5,0.408,0.445,0.0000,0
slurm_mpx135_s42_u9.out,135,42,pyalcs,9,0,4260000,5527,8.00,23,0.550,0.836,3632,0.399,0.944,2.8,0.407,0.415,0.0000,0
slurm_mpx135_s42_addr.out,135,42,pyalcs,9,0,4320000,4143,9.16,23,0.568,0.811,3134,0.404,0.934,2.8,0.521,0.475,0.0000,0
slurm_mpx135_s42_u10.out,135,42,pyalcs,10,0,4320000,4391,10.13,24,0.576,0.815,3418,0.404,0.928,2.8,0.495,0.525,0.0000,0
slurm_mpx135_s42_u12.out,135,42,pyalcs,12,0,4320000,8385,11.94,28,0.604,1.000,6894,0.379,0.915,2.8,1.148,0.619,0.0002,0
slurm_mpx135_s42_u8.out,135,42,pyalcs,8,0,4320000,3566,8.68,20,0.568,0.794,2757,0.421,0.938,2.9,0.343,0.450,0.0000,0
slurm_mpx135_s42_u9.out,135,42,pyalcs,9,0,4320000,4143,9.16,23,0.568,0.811,3134,0.404,0.934,2.8,0.521,0.475,0.0000,0
slurm_mpx135_s42_addr.out,135,42,pyalcs,9,0,4380000,3978,9.06,23,0.574,0.825,3091,0.375,0.935,2.8,0.478,0.470,0.0000,0
slurm_mpx135_s42_u10.out,135,42,pyalcs,10,0,4380000,4474,9.85,24,0.573,0.800,3431,0.403,0.929,2.8,0.493,0.511,0.0000,0
slurm_mpx135_s42_u12.out,135,42,pyalcs,12,0,4380000,8320,12.29,28,0.609,1.000,6956,0.397,0.912,2.9,1.175,0.637,0.0002,0
slurm_mpx135_s42_u8.out,135,42,pyalcs,8,0,4380000,6291,7.14,20,0.541,0.790,3849,0.427,0.951,3.1,0.356,0.370,0.0000,0
slurm_mpx135_s42_u9.out,135,42,pyalcs,9,0,4380000,3978,9.06,23,0.574,0.825,3091,0.375,0.935,2.8,0.478,0.470,0.0000,0
slurm_mpx135_s42_addr.out,135,42,pyalcs,9,0,4440000,3837,9.17,23,0.572,0.809,2962,0.417,0.935,2.8,0.447,0.475,0.0000,0
slurm_mpx135_s42_u10.out,135,42,pyalcs,10,0,4440000,4765,9.75,24,0.584,0.801,3879,0.411,0.932,2.9,0.538,0.506,0.0000,0
slurm_mpx135_s42_u12.out,135,42,pyalcs,12,0,4440000,8347,12.26,28,0.607,1.000,6880,0.405,0.912,2.9,1.214,0.636,0.0002,0
slurm_mpx135_s42_u8.out,135,42,pyalcs,8,0,4440000,3250,8.57,20,0.571,0.846,2578,0.402,0.940,2.8,0.405,0.444,0.0000,0
slurm_mpx135_s42_u9.out,135,42,pyalcs,9,0,4440000,3837,9.17,23,0.572,0.809,2962,0.417,0.935,2.8,0.447,0.475,0.0000,0
slurm_mpx135_s42_addr.out,135,42,pyalcs,9,0,4500000,3858,9.26,23,0.574,0.821,3039,0.413,0.935,2.9,0.456,0.480,0.0000,0
slurm_mpx135_s42_u10.out,135,42,pyalcs,10,0,4500000,4744,9.50,24,0.574,0.828,3599,0.392,0.933,2.9,0.480,0.493,0.0000,0
slurm_mpx135_s42_u12.out,135,42,pyalcs,12,0,4500000,8461,12.33,28,0.608,1.000,7069,0.408,0.911,2.9,1.223,0.640,0.0002,0
slurm_mpx135_s42_u8.out,135,42,pyalcs,8,0,4500000,3677,8.57,20,0.572,0.781,2890,0.408,0.939,2.9,0.390,0.444,0.0000,0
slurm_mpx135_s42_u9.out,135,42,pyalcs,9,0,4500000,3858,9.26,23,0.574,0.821,3039,0.413,0.935,2.9,0.456,0.480,0.0000,0
slurm_mpx135_s42_addr.out,135,42,pyalcs,9,0,4560000,3695,9.05,22,0.570,0.803,2917,0.409,0.936,2.8,0.427,0.469,0.0000,0
slurm_mpx135_s42_u10.out,135,42,pyalcs,10,0,4560000,4665,9.85,24,0.579,0.837,3713,0.380,0.929,2.8,0.491,0.511,0.0000,0
slurm_mpx135_s42_u12.out,135,42,pyalcs,12,0,4560000,8169,12.37,28,0.607,1.000,6746,0.392,0.911,2.9,1.218,0.641,0.0002,0
slurm_mpx135_s42_u8.out,135,42,pyalcs,8,0,4560000,3412,8.51,20,0.568,0.802,2633,0.395,0.940,2.7,0.447,0.441,0.0000,0
slurm_mpx135_s42_u9.out,135,42,pyalcs,9,0,4560000,3695,9.05,22,0.570,0.803,2917,0.409,0.936,2.8,0.427,0.469,0.0000,0
slurm_mpx135_s42_addr.out,135,42,pyalcs,9,0,4620000,4147,8.94,22,0.568,0.803,3195,0.423,0.938,2.9,0.432,0.464,0.0000,0
slurm_mpx135_s42_u10.out,135,42,pyalcs,10,0,4620000,4580,9.88,24,0.579,0.827,3615,0.403,0.930,2.8,0.531,0.512,0.0000,0
slurm_mpx135_s42_u12.out,135,42,pyalcs,12,0,4620000,8456,12.23,28,0.607,1.000,7013,0.398,0.912,2.9,1.212,0.634,0.0002,0
slurm_mpx135_s42_u8.out,135,42,pyalcs,8,0,4620000,3807,8.66,20,0.561,0.801,2838,0.407,0.937,2.8,0.405,0.449,0.0000,0
slurm_mpx135_s42_u9.out,135,42,pyalcs,9,0,4620000,4147,8.94,22,0.568,0.803,3195,0.423,0.938,2.9,0.432,0.464,0.0000,0
slurm_mpx135_s42_addr.out,135,42,pyalcs,9,0,4680000,3806,8.97,22,0.568,0.818,2897,0.397,0.937,2.9,0.469,0.465,0.0000,0
slurm_mpx135_s42_u10.out,135,42,pyalcs,10,0,4680000,4425,10.11,24,0.580,0.821,3522,0.405,0.929,2.8,0.477,0.524,0.0000,0
slurm_mpx135_s42_u12.out,135,42,pyalcs,12,0,4680000,9062,12.35,28,0.609,1.000,7647,0.382,0.910,2.9,1.202,0.640,0.0003,0
slurm_mpx135_s42_u8.out,135,42,pyalcs,8,0,4680000,4123,8.14,20,0.565,0.816,3097,0.376,0.942,2.8,0.407,0.422,0.0000,0
slurm_mpx135_s42_u9.out,135,42,pyalcs,9,0,4680000,3806,8.97,22,0.568,0.818,2897,0.397,0.937,2.9,0.469,0.465,0.0000,0
slurm_mpx135_s42_addr.out,135,42,pyalcs,9,0,4740000,3849,9.28,22,0.574,0.806,3040,0.397,0.933,2.8,0.372,0.481,0.0000,0
slurm_mpx135_s42_u10.out,135,42,pyalcs,10,0,4740000,4252,10.00,24,0.583,0.802,3458,0.393,0.929,2.8,0.455,0.518,0.0000,0
slurm_mpx135_s42_u12.out,135,42,pyalcs,12,0,4740000,10360,12.61,28,0.600,1.000,8181,0.365,0.909,2.7,1.195,0.654,0.0002,0
slurm_mpx135_s42_u8.out,135,42,pyalcs,8,0,4740000,3665,8.51,20,0.564,0.791,2726,0.341,0.938,2.6,0.368,0.441,0.0000,0
slurm_mpx135_s42_u9.out,135,42,pyalcs,9,0,4740000,3849,9.28,22,0.574,0.806,3040,0.397,0.933,2.8,0.372,0.481,0.0000,0
slurm_mpx135_s42_addr.out,135,42,pyalcs,9,0,480000,4368,9.36,20,0.559,0.783,3177,0.401,0.932,2.7,0.391,0.485,0.0000,0
slurm_mpx135_s42_u10.out,135,42,pyalcs,10,0,480000,4320,9.46,22,0.573,0.798,3273,0.428,0.932,2.9,0.466,0.491,0.0000,0
slurm_mpx135_s42_u12.out,135,42,pyalcs,12,0,480000,5967,10.77,25,0.576,0.837,4446,0.375,0.924,2.7,0.556,0.559,0.0000,0
slurm_mpx135_s42_u16.out,135,42,pyalcs,16,0,480000,19836,15.39,19,0.530,0.827,8482,0.214,0.899,1.9,0.777,0.798,0.0000,0
slurm_mpx135_s42_u24.out,135,42,pyalcs,24,0,480000,92063,23.98,25,0.512,0.811,17262,0.026,0.921,1.1,1.210,1.243,0.0000,0
slurm_mpx135_s42_u8.out,135,42,pyalcs,8,0,480000,3702,8.41,19,0.570,0.796,2840,0.401,0.941,2.8,0.419,0.436,0.0000,0
slurm_mpx135_s42_u9.out,135,42,pyalcs,9,0,480000,4368,9.36,20,0.559,0.783,3177,0.401,0.932,2.7,0.391,0.485,0.0000,0
slurm_mpx135_s42_addr.out,135,42,pyalcs,9,0,4800000,3605,9.21,22,0.573,0.796,2848,0.407,0.934,2.8,0.449,0.477,0.0000,0
slurm_mpx135_s42_u10.out,135,42,pyalcs,10,0,4800000,4563,9.63,24,0.576,0.802,3585,0.381,0.932,2.8,0.494,0.499,0.0000,0
slurm_mpx135_s42_u12.out,135,42,pyalcs,12,0,4800000,9420,12.59,28,0.613,1.000,8124,0.396,0.909,2.9,1.302,0.653,0.0002,0
slurm_mpx135_s42_u8.out,135,42,pyalcs,8,0,4800000,3508,8.71,20,0.568,0.786,2717,0.396,0.937,2.8,0.427,0.452,0.0000,0
slurm_mpx135_s42_u9.out,135,42,pyalcs,9,0,4800000,3605,9.21,22,0.573,0.796,2848,0.407,0.934,2.8,0.449,0.477,0.0000,0
slurm_mpx135_s42_addr.out,135,42,pyalcs,9,0,4860000,3821,9.08,22,0.570,0.803,3016,0.403,0.935,2.8,0.510,0.471,0.0000,0
slurm_mpx135_s42_u10.out,135,42,pyalcs,10,0,4860000,4607,9.83,24,0.578,0.808,3608,0.414,0.930,2.9,0.505,0.509,0.0000,0
slurm_mpx135_s42_u12.out,135,42,pyalcs,12,0,4860000,9410,12.53,28,0.614,1.000,8040,0.394,0.910,3.0,1.319,0.649,0.0002,0
slurm_mpx135_s42_u8.out,135,42,pyalcs,8,0,4860000,3344,8.58,20,0.573,0.791,2690,0.388,0.939,2.9,0.399,0.445,0.0000,0
slurm_mpx135_s42_u9.out,135,42,pyalcs,9,0,4860000,3821,9.08,22,0.570,0.803,3016,0.403,0.935,2.8,0.510,0.471,0.0000,0
slurm_mpx135_s42_addr.out,135,42,pyalcs,9,0,4920000,4353,9.14,22,0.564,0.804,3195,0.370,0.935,2.7,0.407,0.474,0.0000,0
slurm_mpx135_s42_u10.out,135,42,pyalcs,10,0,4920000,4596,9.95,24,0.576,0.812,3600,0.389,0.929,2.8,0.525,0.516,0.0000,0
slurm_mpx135_s42_u12.out,135,42,pyalcs,12,0,4920000,9286,12.56,28,0.615,1.000,7949,0.397,0.909,3.0,1.329,0.651,0.0002,0
slurm_mpx135_s42_u8.out,135,42,pyalcs,8,0,4920000,3321,8.64,20,0.573,0.798,2631,0.396,0.939,2.8,0.352,0.448,0.0000,0
slurm_mpx135_s42_u9.out,135,42,pyalcs,9,0,4920000,4353,9.14,22,0.564,0.804,3195,0.370,0.935,2.7,0.407,0.474,0.0000,0
slurm_mpx135_s42_addr.out,135,42,pyalcs,9,0,4980000,4164,9.23,22,0.573,0.809,3222,0.383,0.934,2.8,0.468,0.479,0.0000,0
slurm_mpx135_s42_u10.out,135,42,pyalcs,10,0,4980000,5123,9.37,24,0.565,0.809,3654,0.425,0.934,2.8,0.461,0.486,0.0000,0
slurm_mpx135_s42_u12.out,135,42,pyalcs,12,0,4980000,9573,12.51,28,0.614,1.000,8160,0.396,0.909,3.0,1.350,0.649,0.0002,0
slurm_mpx135_s42_u8.out,135,42,pyalcs,8,0,4980000,8907,6.56,20,0.535,0.820,5245,0.411,0.956,3.1,0.266,0.340,0.0000,0
slurm_mpx135_s42_u9.out,135,42,pyalcs,9,0,4980000,4164,9.23,22,0.573,0.809,3222,0.383,0.934,2.8,0.468,0.479,0.0000,0
slurm_mpx135_s42_addr.out,135,42,pyalcs,9,0,5040000,3684,9.23,22,0.576,0.800,2924,0.397,0.934,2.8,0.392,0.479,0.0000,0
slurm_mpx135_s42_u10.out,135,42,pyalcs,10,0,5040000,4690,9.80,24,0.575,0.826,3645,0.388,0.930,2.8,0.499,0.508,0.0000,0
slurm_mpx135_s42_u12.out,135,42,pyalcs,12,0,5040000,9701,12.38,28,0.610,1.000,8086,0.406,0.912,3.0,1.382,0.642,0.0002,0
slurm_mpx135_s42_u8.out,135,42,pyalcs,8,0,5040000,8295,6.87,20,0.526,0.798,4264,0.466,0.953,3.2,0.307,0.356,0.0000,0
slurm_mpx135_s42_u9.out,135,42,pyalcs,9,0,5040000,3684,9.23,22,0.576,0.800,2924,0.397,0.934,2.8,0.392,0.479,0.0000,0
slurm_mpx135_s42_addr.out,135,42,pyalcs,9,0,5100000,4275,8.88,22,0.565,0.800,3212,0.412,0.937,2.9,0.450,0.461,0.0000,0
slurm_mpx135_s42_u10.out,135,42,pyalcs,10,0,5100000,4594,10.06,24,0.583,0.803,3743,0.418,0.928,2.8,0.506,0.522,0.0000,0
slurm_mpx135_s42_u12.out,135,42,pyalcs,12,0,5100000,9609,12.44,28,0.612,1.000,8143,0.397,0.911,3.0,1.374,0.645,0.0002,0
slurm_mpx135_s42_u8.out,135,42,pyalcs,8,0,5100000,3467,8.41,20,0.570,0.812,2754,0.401,0.940,2.9,0.347,0.436,0.0000,0
slurm_mpx135_s42_u9.out,135,42,pyalcs,9,0,5100000,4275,8.88,22,0.565,0.800,3212,0.412,0.937,2.9,0.450,0.461,0.0000,0
slurm_mpx135_s42_addr.out,135,42,pyalcs,9,0,5160000,4457,9.03,22,0.564,0.802,3281,0.394,0.936,2.8,0.458,0.468,0.0000,0
slurm_mpx135_s42_u10.out,135,42,pyalcs,10,0,5160000,4507,9.88,24,0.578,0.791,3535,0.419,0.930,2.9,0.477,0.512,0.0000,0
slurm_mpx135_s42_u12.out,135,42,pyalcs,12,0,5160000,9891,12.52,28,0.613,1.000,8396,0.390,0.910,3.0,1.378,0.649,0.0002,0
slurm_mpx135_s42_u8.out,135,42,pyalcs,8,0,5160000,3479,8.57,20,0.576,0.811,2807,0.384,0.939,2.8,0.431,0.444,0.0000,0
slurm_mpx135_s42_u9.out,135,42,pyalcs,9,0,5160000,4457,9.03,22,0.564,0.802,3281,0.394,0.936,2.8,0.458,0.468,0.0000,0
slurm_mpx135_s42_addr.out,135,42,pyalcs,9,0,5220000,3959,9.29,22,0.575,0.797,3130,0.428,0.934,2.9,0.462,0.482,0.0000,0
slurm_mpx135_s42_u10.out,135,42,pyalcs,10,0,5220000,4426,9.86,24,0.580,0.821,3538,0.409,0.929,2.8,0.500,0.511,0.0000,0
slurm_mpx135_s42_u12.out,135,42,pyalcs,12,0,5220000,10146,12.78,28,0.617,1.000,8738,0.407,0.908,3.1,1.491,0.663,0.0002,0
slurm_mpx135_s42_u8.out,135,42,pyalcs,8,0,5220000,3386,8.64,20,0.564,0.803,2578,0.404,0.939,2.8,0.416,0.448,0.0000,0
slurm_mpx135_s42_u9.out,135,42,pyalcs,9,0,5220000,3959,9.29,22,0.575,0.797,3130,0.428,0.934,2.9,0.462,0.482,0.0000,0
slurm_mpx135_s42_addr.out,135,42,pyalcs,9,0,5280000,3826,9.55,22,0.575,0.821,3032,0.410,0.932,2.8,0.451,0.495,0.0000,0
slurm_mpx135_s42_u10.out,135,42,pyalcs,10,0,5280000,5959,10.09,24,0.562,0.833,3904,0.297,0.928,2.4,0.486,0.523,0.0000,0
slurm_mpx135_s42_u12.out,135,42,pyalcs,12,0,5280000,10596,12.69,28,0.618,1.000,9127,0.403,0.908,3.1,1.485,0.658,0.0003,0
slurm_mpx135_s42_u8.out,135,42,pyalcs,8,0,5280000,3574,8.52,20,0.571,0.818,2765,0.366,0.939,2.7,0.383,0.442,0.0000,0
slurm_mpx135_s42_u9.out,135,42,pyalcs,9,0,5280000,3826,9.55,22,0.575,0.821,3032,0.410,0.932,2.8,0.451,0.495,0.0000,0
slurm_mpx135_s42_addr.out,135,42,pyalcs,9,0,5340000,4342,9.05,22,0.573,0.820,3388,0.403,0.935,2.8,0.448,0.469,0.0000,0
slurm_mpx135_s42_u10.out,135,42,pyalcs,10,0,5340000,4397,9.92,24,0.581,0.833,3552,0.396,0.930,2.8,0.514,0.515,0.0000,0
slurm_mpx135_s42_u12.out,135,42,pyalcs,12,0,5340000,10533,12.69,28,0.616,1.000,9054,0.407,0.909,3.1,1.531,0.658,0.0003,0
slurm_mpx135_s42_u8.out,135,42,pyalcs,8,0,5340000,3390,8.82,20,0.577,0.795,2728,0.395,0.938,2.8,0.397,0.457,0.0000,0
slurm_mpx135_s42_u9.out,135,42,pyalcs,9,0,5340000,4342,9.05,22,0.573,0.820,3388,0.403,0.935,2.8,0.448,0.469,0.0000,0
slurm_mpx135_s42_addr.out,135,42,pyalcs,9,0,540000,3554,8.89,20,0.572,0.813,2767,0.404,0.937,2.9,0.370,0.461,0.0000,0
slurm_mpx135_s42_u10.out,135,42,pyalcs,10,0,540000,4191,9.47,22,0.578,0.803,3304,0.408,0.933,2.9,0.428,0.491,0.0000,0
slurm_mpx135_s42_u12.out,135,42,pyalcs,12,0,540000,5772,11.08,25,0.584,0.845,4547,0.387,0.921,2.7,0.544,0.575,0.0000,0
slurm_mpx135_s42_u16.out,135,42,pyalcs,16,0,540000,20065,15.41,19,0.530,0.811,8673,0.209,0.898,1.9,0.779,0.799,0.0000,0
slurm_mpx135_s42_u24.out,135,42,pyalcs,24,0,540000,98684,24.00,25,0.512,0.822,18518,0.024,0.917,1.1,1.214,1.245,0.0000,0
slurm_mpx135_s42_u8.out,135,42,pyalcs,8,0,540000,8465,7.36,19,0.544,0.831,5314,0.327,0.948,2.7,0.484,0.382,0.0000,0
slurm_mpx135_s42_u9.out,135,42,pyalcs,9,0,540000,3554,8.89,20,0.572,0.813,2767,0.404,0.937,2.9,0.370,0.461,0.0000,0
slurm_mpx135_s42_addr.out,135,42,pyalcs,9,0,5400000,3892,9.33,22,0.567,0.787,2942,0.403,0.933,2.8,0.480,0.484,0.0000,0
slurm_mpx135_s42_u10.out,135,42,pyalcs,10,0,5400000,4416,9.72,24,0.579,0.803,3474,0.405,0.931,2.9,0.475,0.504,0.0000,0
slurm_mpx135_s42_u12.out,135,42,pyalcs,12,0,5400000,10384,12.91,28,0.618,1.000,8994,0.393,0.906,3.1,1.602,0.669,0.0005,0
slurm_mpx135_s42_u8.out,135,42,pyalcs,8,0,5400000,3640,8.40,20,0.566,0.805,2770,0.400,0.941,2.8,0.344,0.436,0.0000,0
slurm_mpx135_s42_u9.out,135,42,pyalcs,9,0,5400000,3892,9.33,22,0.567,0.787,2942,0.403,0.933,2.8,0.480,0.484,0.0000,0
slurm_mpx135_s42_addr.out,135,42,pyalcs,9,0,5460000,3793,9.31,22,0.568,0.811,2836,0.388,0.934,2.8,0.447,0.483,0.0000,0
slurm_mpx135_s42_u10.out,135,42,pyalcs,10,0,5460000,4167,10.04,24,0.578,0.793,3319,0.400,0.928,2.8,0.525,0.521,0.0000,0
slurm_mpx135_s42_u12.out,135,42,pyalcs,12,0,5460000,10725,12.87,28,0.618,1.000,9327,0.400,0.907,3.2,1.638,0.667,0.0006,0
slurm_mpx135_s42_u8.out,135,42,pyalcs,8,0,5460000,3589,8.50,20,0.567,0.823,2758,0.393,0.940,2.8,0.444,0.441,0.0000,0
slurm_mpx135_s42_u9.out,135,42,pyalcs,9,0,5460000,3793,9.31,22,0.568,0.811,2836,0.388,0.934,2.8,0.447,0.483,0.0000,0
slurm_mpx135_s42_addr.out,135,42,pyalcs,9,0,5520000,10053,7.13,22,0.541,0.814,6142,0.414,0.953,3.3,0.269,0.369,0.0000,0
slurm_mpx135_s42_u10.out,135,42,pyalcs,10,0,5520000,4556,9.92,24,0.580,0.799,3674,0.413,0.929,2.8,0.509,0.515,0.0000,0
slurm_mpx135_s42_u12.out,135,42,pyalcs,12,0,5520000,11134,12.83,28,0.619,1.000,9705,0.404,0.907,3.2,1.640,0.665,0.0006,0
slurm_mpx135_s42_u8.out,135,42,pyalcs,8,0,5520000,3468,8.71,21,0.576,0.796,2826,0.400,0.937,2.9,0.393,0.452,0.0000,0
slurm_mpx135_s42_u9.out,135,42,pyalcs,9,0,5520000,10053,7.13,22,0.541,0.814,6142,0.414,0.953,3.3,0.269,0.369,0.0000,0
slurm_mpx135_s42_addr.out,135,42,pyalcs,9,0,5580000,4004,8.95,22,0.576,0.795,3192,0.393,0.938,2.9,0.416,0.464,0.0000,0
slurm_mpx135_s42_u10.out,135,42,pyalcs,10,0,5580000,4428,10.02,24,0.581,0.811,3520,0.411,0.929,2.8,0.510,0.520,0.0000,0
slurm_mpx135_s42_u12.out,135,42,pyalcs,12,0,5580000,11213,12.93,28,0.619,1.000,9757,0.404,0.906,3.2,1.709,0.671,0.0008,0
slurm_mpx135_s42_u9.out,135,42,pyalcs,9,0,5580000,4004,8.95,22,0.576,0.795,3192,0.393,0.938,2.9,0.416,0.464,0.0000,0
slurm_mpx135_s42_addr.out,135,42,pyalcs,9,0,5640000,4074,8.89,22,0.570,0.805,3101,0.411,0.937,2.9,0.386,0.461,0.0000,0
slurm_mpx135_s42_u10.out,135,42,pyalcs,10,0,5640000,4438,9.86,24,0.573,0.806,3448,0.407,0.930,2.9,0.486,0.511,0.0000,0
slurm_mpx135_s42_u12.out,135,42,pyalcs,12,0,5640000,11352,12.80,28,0.617,1.000,9802,0.397,0.908,3.2,1.721,0.664,0.0008,0
slurm_mpx135_s42_u9.out,135,42,pyalcs,9,0,5640000,4074,8.89,22,0.570,0.805,3101,0.411,0.937,2.9,0.386,0.461,0.0000,0
slurm_mpx135_s42_addr.out,135,42,pyalcs,9,0,5700000,3871,9.17,22,0.574,0.804,3104,0.386,0.935,2.8,0.418,0.476,0.0000,0
slurm_mpx135_s42_u10.out,135,42,pyalcs,10,0,5700000,4577,9.70,24,0.575,0.796,3536,0.415,0.931,2.9,0.461,0.503,0.0000,0
slurm_mpx135_s42_u12.out,135,42,pyalcs,12,0,5700000,11814,12.96,28,0.619,1.000,10354,0.409,0.907,3.3,1.743,0.672,0.0008,0
slurm_mpx135_s42_u9.out,135,42,pyalcs,9,0,5700000,3871,9.17,22,0.574,0.804,3104,0.386,0.935,2.8,0.418,0.476,0.0000,0
slurm_mpx135_s42_addr.out,135,42,pyalcs,9,0,5760000,3984,9.29,22,0.573,0.818,3081,0.387,0.933,2.8,0.473,0.482,0.0000,0
slurm_mpx135_s42_u10.out,135,42,pyalcs,10,0,5760000,4665,9.80,24,0.575,0.816,3483,0.390,0.930,2.7,0.526,0.508,0.0000,0
slurm_mpx135_s42_u12.out,135,42,pyalcs,12,0,5760000,11772,12.99,28,0.621,1.000,10307,0.384,0.905,3.3,1.782,0.674,0.0009,0
slurm_mpx135_s42_u9.out,135,42,pyalcs,9,0,5760000,3984,9.29,22,0.573,0.818,3081,0.387,0.933,2.8,0.473,0.482,0.0000,0
slurm_mpx135_s42_addr.out,135,42,pyalcs,9,0,5820000,3921,9.42,22,0.568,0.816,2964,0.393,0.932,2.7,0.422,0.489,0.0000,0
slurm_mpx135_s42_u10.out,135,42,pyalcs,10,0,5820000,4583,10.08,24,0.578,0.795,3601,0.389,0.928,2.7,0.519,0.523,0.0000,0
slurm_mpx135_s42_u12.out,135,42,pyalcs,12,0,5820000,12033,13.11,28,0.624,1.000,10633,0.398,0.905,3.3,1.830,0.680,0.0009,0
slurm_mpx135_s42_u9.out,135,42,pyalcs,9,0,5820000,3921,9.42,22,0.568,0.816,2964,0.393,0.932,2.7,0.422,0.489,0.0000,0
slurm_mpx135_s42_addr.out,135,42,pyalcs,9,0,5880000,3835,9.37,22,0.574,0.796,3022,0.416,0.933,2.8,0.462,0.486,0.0000,0
slurm_mpx135_s42_u10.out,135,42,pyalcs,10,0,5880000,4487,9.84,24,0.578,0.840,3547,0.398,0.931,2.8,0.492,0.510,0.0000,0
slurm_mpx135_s42_u12.out,135,42,pyalcs,12,0,5880000,12794,13.13,28,0.623,1.000,11216,0.403,0.905,3.3,1.881,0.681,0.0009,0
slurm_mpx135_s42_u9.out,135,42,pyalcs,9,0,5880000,3835,9.37,22,0.574,0.796,3022,0.416,0.933,2.8,0.462,0.486,0.0000,0
slurm_mpx135_s42_addr.out,135,42,pyalcs,9,0,5940000,3660,9.27,22,0.570,0.820,2876,0.392,0.934,2.8,0.445,0.481,0.0000,0
slurm_mpx135_s42_u10.out,135,42,pyalcs,10,0,5940000,4599,9.82,24,0.577,0.813,3559,0.405,0.931,2.8,0.506,0.509,0.0000,0
slurm_mpx135_s42_u12.out,135,42,pyalcs,12,0,5940000,13163,13.10,28,0.622,1.000,11548,0.408,0.905,3.3,1.877,0.679,0.0008,0
slurm_mpx135_s42_u9.out,135,42,pyalcs,9,0,5940000,3660,9.27,22,0.570,0.820,2876,0.392,0.934,2.8,0.445,0.481,0.0000,0
slurm_mpx135_s42_addr.out,135,42,pyalcs,9,0,60000,3150,8.83,18,0.573,0.798,2490,0.397,0.937,2.9,0.393,0.458,0.0000,0
slurm_mpx135_s42_u10.out,135,42,pyalcs,10,0,60000,4230,9.31,14,0.564,0.843,3164,0.395,0.933,2.8,0.436,0.483,0.0000,0
slurm_mpx135_s42_u12.out,135,42,pyalcs,12,0,60000,4526,10.02,15,0.561,0.815,3148,0.340,0.932,2.6,0.473,0.519,0.0000,0
slurm_mpx135_s42_u16.out,135,42,pyalcs,16,0,60000,16566,15.00,18,0.524,0.802,5652,0.132,0.923,1.6,0.730,0.778,0.0000,0
slurm_mpx135_s42_u24.out,135,42,pyalcs,24,0,60000,37605,23.13,25,0.515,0.786,8511,0.042,0.937,1.2,1.158,1.199,0.0000,0
slurm_mpx135_s42_u8.out,135,42,pyalcs,8,0,60000,3481,8.31,17,0.563,0.818,2608,0.392,0.940,2.8,0.384,0.431,0.0000,0
slurm_mpx135_s42_u9.out,135,42,pyalcs,9,0,60000,3150,8.83,18,0.573,0.798,2490,0.397,0.937,2.9,0.393,0.458,0.0000,0
slurm_mpx135_s42_addr.out,135,42,pyalcs,9,0,600000,4091,9.08,20,0.570,0.826,3156,0.399,0.935,2.9,0.396,0.471,0.0000,0
slurm_mpx135_s42_u10.out,135,42,pyalcs,10,0,600000,4519,9.76,22,0.583,0.815,3630,0.412,0.931,2.9,0.407,0.506,0.0000,0
slurm_mpx135_s42_u12.out,135,42,pyalcs,12,0,600000,5941,10.96,25,0.583,0.845,4631,0.376,0.922,2.7,0.564,0.568,0.0000,0
slurm_mpx135_s42_u16.out,135,42,pyalcs,16,0,600000,20087,15.41,19,0.530,0.817,8666,0.220,0.900,1.9,0.764,0.799,0.0000,0
slurm_mpx135_s42_u24.out,135,42,pyalcs,24,0,600000,105179,24.08,25,0.511,0.826,19288,0.023,0.917,1.1,1.219,1.248,0.0000,0
slurm_mpx135_s42_u8.out,135,42,pyalcs,8,0,600000,4453,8.69,19,0.558,0.781,3212,0.396,0.937,2.7,0.423,0.451,0.0000,0
slurm_mpx135_s42_u9.out,135,42,pyalcs,9,0,600000,4091,9.08,20,0.570,0.826,3156,0.399,0.935,2.9,0.396,0.471,0.0000,0
slurm_mpx135_s42_addr.out,135,42,pyalcs,9,0,6000000,4009,9.10,22,0.574,0.836,3142,0.382,0.933,2.8,0.436,0.472,0.0000,0
slurm_mpx135_s42_u10.out,135,42,pyalcs,10,0,6000000,4552,9.59,24,0.572,0.796,3397,0.403,0.933,2.8,0.458,0.497,0.0000,0
slurm_mpx135_s42_u12.out,135,42,pyalcs,12,0,6000000,13975,13.20,28,0.624,1.000,12345,0.409,0.904,3.3,1.920,0.684,0.0008,0
slurm_mpx135_s42_u9.out,135,42,pyalcs,9,0,6000000,4009,9.10,22,0.574,0.836,3142,0.382,0.933,2.8,0.436,0.472,0.0000,0
slurm_mpx135_s42_addr.out,135,42,pyalcs,9,0,6060000,3743,9.05,22,0.566,0.787,2838,0.396,0.936,2.8,0.454,0.469,0.0000,0
slurm_mpx135_s42_u10.out,135,42,pyalcs,10,0,6060000,4395,9.84,24,0.584,0.816,3623,0.381,0.929,2.8,0.479,0.510,0.0000,0
slurm_mpx135_s42_u12.out,135,42,pyalcs,12,0,6060000,13933,13.27,28,0.627,1.000,12339,0.401,0.904,3.4,2.022,0.688,0.0009,0
slurm_mpx135_s42_u9.out,135,42,pyalcs,9,0,6060000,3743,9.05,22,0.566,0.787,2838,0.396,0.936,2.8,0.454,0.469,0.0000,0
slurm_mpx135_s42_addr.out,135,42,pyalcs,9,0,6120000,3791,9.27,22,0.576,0.807,3040,0.410,0.934,2.9,0.486,0.481,0.0000,0
slurm_mpx135_s42_u10.out,135,42,pyalcs,10,0,6120000,4518,10.10,24,0.582,0.853,3615,0.400,0.928,2.8,0.525,0.524,0.0000,0
slurm_mpx135_s42_u12.out,135,42,pyalcs,12,0,6120000,14743,13.28,28,0.625,1.000,13126,0.410,0.903,3.4,2.039,0.689,0.0009,0
slurm_mpx135_s42_addr.out,135,42,pyalcs,9,0,6180000,3904,9.19,22,0.578,0.795,3153,0.394,0.934,2.8,0.445,0.477,0.0000,0
slurm_mpx135_s42_u10.out,135,42,pyalcs,10,0,6180000,4607,9.99,24,0.578,0.792,3640,0.420,0.929,2.9,0.512,0.518,0.0000,0
slurm_mpx135_s42_u12.out,135,42,pyalcs,12,0,6180000,15275,13.31,28,0.626,1.000,13600,0.405,0.903,3.4,2.027,0.690,0.0009,0
slurm_mpx135_s42_addr.out,135,42,pyalcs,9,0,6240000,4099,9.44,22,0.578,0.832,3284,0.410,0.933,2.8,0.442,0.490,0.0000,0
slurm_mpx135_s42_u10.out,135,42,pyalcs,10,0,6240000,4657,10.02,24,0.579,0.858,3659,0.414,0.929,2.9,0.475,0.520,0.0000,0
slurm_mpx135_s42_u12.out,135,42,pyalcs,12,0,6240000,15960,13.26,28,0.626,1.000,14169,0.414,0.904,3.4,2.073,0.687,0.0008,0
slurm_mpx135_s42_addr.out,135,42,pyalcs,9,0,6300000,3928,9.31,22,0.576,0.831,3072,0.406,0.934,2.8,0.442,0.483,0.0000,0
slurm_mpx135_s42_u10.out,135,42,pyalcs,10,0,6300000,4508,10.08,24,0.579,0.823,3573,0.404,0.927,2.8,0.502,0.523,0.0000,0
slurm_mpx135_s42_u12.out,135,42,pyalcs,12,0,6300000,16154,13.46,28,0.630,1.000,14519,0.394,0.902,3.4,2.167,0.698,0.0010,0
slurm_mpx135_s42_addr.out,135,42,pyalcs,9,0,6360000,5025,9.43,22,0.561,0.793,3562,0.388,0.933,2.7,0.391,0.489,0.0000,0
slurm_mpx135_s42_u10.out,135,42,pyalcs,10,0,6360000,4571,10.14,24,0.572,0.816,3499,0.391,0.926,2.8,0.512,0.526,0.0000,0
slurm_mpx135_s42_u12.out,135,42,pyalcs,12,0,6360000,16887,13.48,28,0.629,1.000,15142,0.402,0.902,3.5,2.167,0.699,0.0008,0
slurm_mpx135_s42_addr.out,135,42,pyalcs,9,0,6420000,3847,9.37,22,0.574,0.802,3027,0.406,0.933,2.8,0.481,0.486,0.0000,0
slurm_mpx135_s42_u10.out,135,42,pyalcs,10,0,6420000,4350,9.93,24,0.576,0.826,3416,0.404,0.930,2.7,0.487,0.515,0.0000,0
slurm_mpx135_s42_u12.out,135,42,pyalcs,12,0,6420000,17484,13.46,28,0.630,1.000,15705,0.401,0.902,3.5,2.179,0.698,0.0009,0
slurm_mpx135_s42_addr.out,135,42,pyalcs,9,0,6480000,3901,9.21,22,0.573,0.830,3097,0.393,0.933,2.8,0.493,0.478,0.0000,0
slurm_mpx135_s42_u10.out,135,42,pyalcs,10,0,6480000,4363,9.77,24,0.574,0.833,3362,0.400,0.931,2.8,0.504,0.506,0.0000,0
slurm_mpx135_s42_u12.out,135,42,pyalcs,12,0,6480000,18789,13.49,28,0.630,1.000,16931,0.401,0.902,3.5,2.218,0.699,0.0008,0
slurm_mpx135_s42_addr.out,135,42,pyalcs,9,0,6540000,4028,9.20,22,0.578,0.813,3206,0.414,0.935,2.9,0.419,0.477,0.0000,0
slurm_mpx135_s42_u10.out,135,42,pyalcs,10,0,6540000,4500,9.94,24,0.577,0.797,3547,0.422,0.930,2.9,0.509,0.515,0.0000,0
slurm_mpx135_s42_u12.out,135,42,pyalcs,12,0,6540000,19424,13.57,28,0.630,1.000,17492,0.398,0.901,3.5,2.280,0.704,0.0007,0
slurm_mpx135_s42_addr.out,135,42,pyalcs,9,0,660000,3827,9.08,20,0.578,0.820,3100,0.406,0.936,2.8,0.428,0.471,0.0000,0
slurm_mpx135_s42_u10.out,135,42,pyalcs,10,0,660000,4561,9.99,22,0.582,0.822,3655,0.430,0.928,2.9,0.484,0.518,0.0000,0
slurm_mpx135_s42_u12.out,135,42,pyalcs,12,0,660000,6415,10.93,25,0.578,0.817,4830,0.389,0.923,2.7,0.574,0.567,0.0000,0
slurm_mpx135_s42_u16.out,135,42,pyalcs,16,0,660000,20837,15.29,19,0.531,0.817,9073,0.216,0.900,1.9,0.768,0.793,0.0000,0
slurm_mpx135_s42_u24.out,135,42,pyalcs,24,0,660000,112917,24.13,25,0.511,0.798,20316,0.022,0.914,1.1,1.218,1.251,0.0000,0
slurm_mpx135_s42_u8.out,135,42,pyalcs,8,0,660000,3560,8.44,19,0.566,0.800,2707,0.418,0.940,2.9,0.411,0.438,0.0000,0
slurm_mpx135_s42_u9.out,135,42,pyalcs,9,0,660000,3827,9.08,20,0.578,0.820,3100,0.406,0.936,2.8,0.428,0.471,0.0000,0
slurm_mpx135_s42_addr.out,135,42,pyalcs,9,0,6600000,4291,9.45,22,0.579,0.833,3452,0.413,0.932,2.9,0.469,0.490,0.0000,0
slurm_mpx135_s42_u10.out,135,42,pyalcs,10,0,6600000,4403,9.76,24,0.576,0.857,3419,0.418,0.931,2.9,0.472,0.506,0.0000,0
slurm_mpx135_s42_u12.out,135,42,pyalcs,12,0,6600000,19812,13.58,28,0.631,1.000,17967,0.401,0.901,3.5,2.318,0.704,0.0007,0
slurm_mpx135_s42_addr.out,135,42,pyalcs,9,0,6660000,4045,9.11,22,0.569,0.797,3016,0.388,0.935,2.8,0.447,0.473,0.0000,0
slurm_mpx135_s42_u10.out,135,42,pyalcs,10,0,6660000,4449,9.67,24,0.570,0.801,3428,0.409,0.931,2.8,0.459,0.502,0.0000,0
slurm_mpx135_s42_u12.out,135,42,pyalcs,12,0,6660000,20043,13.64,28,0.631,1.000,18003,0.403,0.901,3.5,2.363,0.707,0.0008,0
slurm_mpx135_s42_addr.out,135,42,pyalcs,9,0,6720000,3811,9.37,22,0.573,0.796,2951,0.419,0.933,2.9,0.445,0.486,0.0000,0
slurm_mpx135_s42_u10.out,135,42,pyalcs,10,0,6720000,4594,9.55,24,0.575,0.802,3538,0.407,0.933,2.9,0.494,0.495,0.0000,0
slurm_mpx135_s42_u12.out,135,42,pyalcs,12,0,6720000,21023,13.68,28,0.633,1.000,18999,0.395,0.901,3.6,2.356,0.709,0.0010,0
slurm_mpx135_s42_addr.out,135,42,pyalcs,9,0,6780000,4145,9.28,22,0.575,0.823,3217,0.432,0.934,2.9,0.443,0.481,0.0000,0
slurm_mpx135_s42_u10.out,135,42,pyalcs,10,0,6780000,4522,9.84,24,0.582,0.804,3626,0.399,0.930,2.8,0.422,0.510,0.0000,0
slurm_mpx135_s42_u12.out,135,42,pyalcs,12,0,6780000,22001,13.65,28,0.632,1.000,19883,0.407,0.901,3.6,2.338,0.708,0.0010,0
slurm_mpx135_s42_addr.out,135,42,pyalcs,9,0,6840000,4021,9.26,22,0.575,0.786,3137,0.429,0.935,2.9,0.369,0.480,0.0000,0
slurm_mpx135_s42_u10.out,135,42,pyalcs,10,0,6840000,5212,9.99,24,0.567,0.826,3763,0.376,0.929,2.6,0.505,0.518,0.0000,0
slurm_mpx135_s42_u12.out,135,42,pyalcs,12,0,6840000,23020,13.74,28,0.635,1.000,20923,0.406,0.900,3.7,2.400,0.713,0.0009,0
slurm_mpx135_s42_addr.out,135,42,pyalcs,9,0,6900000,3873,9.36,22,0.573,0.809,3067,0.393,0.933,2.7,0.395,0.485,0.0000,0
slurm_mpx135_s42_u10.out,135,42,pyalcs,10,0,6900000,4257,9.97,24,0.577,0.829,3355,0.408,0.930,2.8,0.429,0.517,0.0000,0
slurm_mpx135_s42_u12.out,135,42,pyalcs,12,0,6900000,24262,13.75,28,0.634,1.000,22016,0.407,0.900,3.7,2.436,0.713,0.0010,0
slurm_mpx135_s42_addr.out,135,42,pyalcs,9,0,6960000,3751,9.33,22,0.579,0.808,3017,0.393,0.933,2.9,0.415,0.484,0.0000,0
slurm_mpx135_s42_u10.out,135,42,pyalcs,10,0,6960000,4813,9.92,24,0.578,0.817,3797,0.413,0.930,2.9,0.523,0.514,0.0000,0
slurm_mpx135_s42_u12.out,135,42,pyalcs,12,0,6960000,25493,13.72,28,0.631,1.000,23058,0.419,0.900,3.7,2.428,0.712,0.0009,0
slurm_mpx135_s42_addr.out,135,42,pyalcs,9,0,7020000,5088,8.42,22,0.558,0.806,3550,0.432,0.942,3.0,0.536,0.437,0.0000,0
slurm_mpx135_s42_u10.out,135,42,pyalcs,10,0,7020000,4879,9.64,24,0.578,0.839,3810,0.398,0.932,2.8,0.481,0.500,0.0000,0
slurm_mpx135_s42_u12.out,135,42,pyalcs,12,0,7020000,26010,13.79,28,0.631,1.000,23548,0.411,0.900,3.7,2.456,0.715,0.0008,0
slurm_mpx135_s42_addr.out,135,42,pyalcs,9,0,7080000,3978,9.31,22,0.582,0.808,3270,0.391,0.933,2.9,0.470,0.483,0.0000,0
slurm_mpx135_s42_u10.out,135,42,pyalcs,10,0,7080000,4348,10.03,24,0.581,0.820,3512,0.392,0.928,2.8,0.451,0.520,0.0000,0
slurm_mpx135_s42_addr.out,135,42,pyalcs,9,0,7140000,4066,9.32,22,0.576,0.818,3214,0.401,0.933,2.8,0.423,0.483,0.0000,0
slurm_mpx135_s42_u10.out,135,42,pyalcs,10,0,7140000,4661,10.04,24,0.579,0.830,3760,0.400,0.928,2.8,0.504,0.521,0.0000,0
slurm_mpx135_s42_addr.out,135,42,pyalcs,9,0,720000,3979,9.30,20,0.576,0.803,3173,0.401,0.934,2.8,0.426,0.482,0.0000,0
slurm_mpx135_s42_u10.out,135,42,pyalcs,10,0,720000,4403,9.53,22,0.573,0.829,3358,0.403,0.932,2.8,0.404,0.494,0.0000,0
slurm_mpx135_s42_u12.out,135,42,pyalcs,12,0,720000,6343,11.18,25,0.584,0.822,4961,0.401,0.920,2.8,0.596,0.580,0.0000,0
slurm_mpx135_s42_u16.out,135,42,pyalcs,16,0,720000,20601,15.46,19,0.533,0.838,9109,0.213,0.898,1.9,0.769,0.802,0.0000,0
slurm_mpx135_s42_u24.out,135,42,pyalcs,24,0,720000,119338,24.16,25,0.511,0.828,21499,0.019,0.911,1.1,1.217,1.253,0.0000,0
slurm_mpx135_s42_u8.out,135,42,pyalcs,8,0,720000,3474,8.64,19,0.568,0.820,2716,0.443,0.938,2.9,0.359,0.448,0.0000,0
slurm_mpx135_s42_u9.out,135,42,pyalcs,9,0,720000,3979,9.30,20,0.576,0.803,3173,0.401,0.934,2.8,0.426,0.482,0.0000,0
slurm_mpx135_s42_addr.out,135,42,pyalcs,9,0,7200000,3992,9.39,22,0.575,0.825,3153,0.407,0.934,2.8,0.444,0.487,0.0000,0
slurm_mpx135_s42_u10.out,135,42,pyalcs,10,0,7200000,8277,7.78,24,0.541,0.840,5038,0.479,0.949,3.3,0.374,0.403,0.0000,0
slurm_mpx135_s42_addr.out,135,42,pyalcs,9,0,7260000,5672,9.37,22,0.553,0.834,3354,0.288,0.935,2.3,0.402,0.486,0.0000,0
slurm_mpx135_s42_u10.out,135,42,pyalcs,10,0,7260000,4256,9.89,24,0.577,0.830,3376,0.384,0.931,2.8,0.463,0.513,0.0000,0
slurm_mpx135_s42_addr.out,135,42,pyalcs,9,0,7320000,3691,9.31,22,0.578,0.834,3015,0.382,0.932,2.9,0.429,0.483,0.0000,0
slurm_mpx135_s42_u10.out,135,42,pyalcs,10,0,7320000,4360,9.91,24,0.580,0.823,3528,0.371,0.929,2.7,0.403,0.514,0.0000,0
slurm_mpx135_s42_addr.out,135,42,pyalcs,9,0,7380000,4031,9.11,22,0.572,0.834,3149,0.413,0.935,2.8,0.446,0.473,0.0000,0
slurm_mpx135_s42_u10.out,135,42,pyalcs,10,0,7380000,4315,10.04,24,0.579,0.836,3376,0.413,0.929,2.8,0.474,0.521,0.0000,0
slurm_mpx135_s42_addr.out,135,42,pyalcs,9,0,7440000,4078,9.41,22,0.570,0.834,3109,0.400,0.933,2.8,0.464,0.488,0.0000,0
slurm_mpx135_s42_u10.out,135,42,pyalcs,10,0,7440000,4632,9.79,24,0.579,0.825,3640,0.400,0.930,2.9,0.462,0.508,0.0000,0
slurm_mpx135_s42_addr.out,135,42,pyalcs,9,0,7500000,3628,9.18,22,0.574,0.834,2839,0.395,0.934,2.9,0.437,0.476,0.0000,0
slurm_mpx135_s42_u10.out,135,42,pyalcs,10,0,7500000,4335,9.91,24,0.575,0.823,3421,0.429,0.930,2.9,0.471,0.514,0.0000,0
slurm_mpx135_s42_addr.out,135,42,pyalcs,9,0,7560000,3990,9.09,22,0.576,0.794,3122,0.422,0.936,2.9,0.455,0.472,0.0000,0
slurm_mpx135_s42_u10.out,135,42,pyalcs,10,0,7560000,4180,9.94,24,0.580,0.800,3361,0.383,0.929,2.7,0.468,0.516,0.0000,0
slurm_mpx135_s42_addr.out,135,42,pyalcs,9,0,7620000,3811,9.19,22,0.577,0.821,3055,0.422,0.934,2.9,0.455,0.477,0.0000,0
slurm_mpx135_s42_u10.out,135,42,pyalcs,10,0,7620000,4491,9.95,24,0.577,0.800,3538,0.409,0.929,2.8,0.489,0.516,0.0000,0
slurm_mpx135_s42_addr.out,135,42,pyalcs,9,0,7680000,3758,9.34,22,0.578,0.832,3064,0.407,0.934,2.9,0.401,0.485,0.0000,0
slurm_mpx135_s42_u10.out,135,42,pyalcs,10,0,7680000,4326,9.97,24,0.579,0.826,3468,0.386,0.930,2.8,0.488,0.517,0.0000,0
slurm_mpx135_s42_addr.out,135,42,pyalcs,9,0,7740000,3882,8.89,22,0.563,0.826,2909,0.408,0.938,2.8,0.449,0.461,0.0000,0
slurm_mpx135_s42_u10.out,135,42,pyalcs,10,0,7740000,4610,9.94,24,0.577,0.844,3647,0.395,0.929,2.8,0.474,0.516,0.0000,0
slurm_mpx135_s42_addr.out,135,42,pyalcs,9,0,780000,3804,9.37,20,0.579,0.813,3038,0.413,0.933,2.9,0.448,0.486,0.0000,0
slurm_mpx135_s42_u10.out,135,42,pyalcs,10,0,780000,4395,9.77,24,0.580,0.825,3491,0.414,0.931,2.9,0.475,0.507,0.0000,0
slurm_mpx135_s42_u12.out,135,42,pyalcs,12,0,780000,6338,11.19,25,0.584,0.839,4925,0.392,0.920,2.7,0.626,0.580,0.0000,0
slurm_mpx135_s42_u16.out,135,42,pyalcs,16,0,780000,20745,15.43,19,0.535,0.841,9359,0.220,0.898,1.9,0.777,0.800,0.0000,0
slurm_mpx135_s42_u24.out,135,42,pyalcs,24,0,780000,125009,24.14,25,0.511,0.811,22282,0.020,0.913,1.1,1.217,1.252,0.0000,0
slurm_mpx135_s42_u8.out,135,42,pyalcs,8,0,780000,3519,8.53,19,0.567,0.811,2721,0.407,0.939,2.8,0.368,0.442,0.0000,0
slurm_mpx135_s42_u9.out,135,42,pyalcs,9,0,780000,3804,9.37,20,0.579,0.813,3038,0.413,0.933,2.9,0.448,0.486,0.0000,0
slurm_mpx135_s42_addr.out,135,42,pyalcs,9,0,7800000,4259,8.92,22,0.568,0.838,3230,0.423,0.936,2.9,0.464,0.463,0.0000,0
slurm_mpx135_s42_u10.out,135,42,pyalcs,10,0,7800000,4562,10.08,24,0.584,0.857,3695,0.392,0.928,2.8,0.516,0.523,0.0000,0
slurm_mpx135_s42_addr.out,135,42,pyalcs,9,0,7860000,3974,9.15,22,0.576,0.795,3164,0.399,0.934,2.8,0.541,0.475,0.0000,0
slurm_mpx135_s42_addr.out,135,42,pyalcs,9,0,7920000,3862,9.20,22,0.572,0.793,3025,0.426,0.934,2.8,0.490,0.477,0.0000,0
slurm_mpx135_s42_addr.out,135,42,pyalcs,9,0,7980000,3984,9.42,22,0.576,0.826,3168,0.412,0.932,2.8,0.470,0.489,0.0000,0
slurm_mpx135_s42_addr.out,135,42,pyalcs,9,0,8040000,4037,8.92,22,0.568,0.866,3044,0.397,0.937,2.8,0.398,0.462,0.0000,0
slurm_mpx135_s42_addr.out,135,42,pyalcs,9,0,8100000,4028,9.25,22,0.575,0.823,3200,0.410,0.934,2.8,0.480,0.480,0.0000,0
slurm_mpx135_s42_addr.out,135,42,pyalcs,9,0,8160000,3742,9.34,22,0.580,0.790,3057,0.392,0.934,2.9,0.477,0.484,0.0000,0
slurm_mpx135_s42_addr.out,135,42,pyalcs,9,0,8220000,4363,9.11,22,0.569,0.832,3331,0.398,0.935,2.9,0.411,0.472,0.0000,0
slurm_mpx135_s42_addr.out,135,42,pyalcs,9,0,8280000,4153,9.34,22,0.575,0.819,3221,0.401,0.934,2.8,0.433,0.484,0.0000,0
slurm_mpx135_s42_addr.out,135,42,pyalcs,9,0,8340000,4403,9.60,22,0.573,0.845,3434,0.388,0.931,2.8,0.468,0.498,0.0000,0
slurm_mpx135_s42_addr.out,135,42,pyalcs,9,0,840000,3761,9.04,21,0.572,0.793,2943,0.411,0.936,2.9,0.448,0.469,0.0000,0
slurm_mpx135_s42_u10.out,135,42,pyalcs,10,0,840000,4363,9.72,24,0.579,0.799,3496,0.397,0.931,2.8,0.466,0.504,0.0000,0
slurm_mpx135_s42_u12.out,135,42,pyalcs,12,0,840000,6177,11.24,25,0.586,0.839,4875,0.387,0.920,2.8,0.655,0.583,0.0000,0
slurm_mpx135_s42_u16.out,135,42,pyalcs,16,0,840000,21287,15.31,19,0.535,0.823,9795,0.231,0.899,1.9,0.764,0.794,0.0000,0
slurm_mpx135_s42_u24.out,135,42,pyalcs,24,0,840000,130523,24.18,25,0.511,0.829,23352,0.021,0.910,1.1,1.218,1.254,0.0000,0
slurm_mpx135_s42_u8.out,135,42,pyalcs,8,0,840000,3942,8.49,19,0.569,0.829,3044,0.353,0.939,2.7,0.413,0.440,0.0000,0
slurm_mpx135_s42_u9.out,135,42,pyalcs,9,0,840000,3761,9.04,21,0.572,0.793,2943,0.411,0.936,2.9,0.448,0.469,0.0000,0
slurm_mpx135_s42_addr.out,135,42,pyalcs,9,0,8400000,19475,6.52,22,0.512,0.835,8123,0.476,0.958,3.4,0.372,0.338,0.0000,0
slurm_mpx135_s42_addr.out,135,42,pyalcs,9,0,8460000,3841,9.54,22,0.573,0.819,3015,0.419,0.932,2.8,0.433,0.495,0.0000,0
slurm_mpx135_s42_addr.out,135,42,pyalcs,9,0,8520000,3965,9.07,22,0.576,0.835,3175,0.426,0.936,2.9,0.468,0.470,0.0000,0
slurm_mpx135_s42_addr.out,135,42,pyalcs,9,0,8580000,3770,9.29,22,0.575,0.793,2988,0.406,0.933,2.9,0.485,0.482,0.0000,0
slurm_mpx135_s42_addr.out,135,42,pyalcs,9,0,8640000,3805,9.17,22,0.568,0.791,2905,0.419,0.935,2.8,0.444,0.475,0.0000,0
slurm_mpx135_s42_addr.out,135,42,pyalcs,9,0,8700000,3914,9.24,22,0.575,0.854,3104,0.406,0.935,2.8,0.447,0.479,0.0000,0
slurm_mpx135_s42_addr.out,135,42,pyalcs,9,0,8760000,4497,8.78,22,0.567,0.806,3346,0.407,0.938,2.8,0.472,0.455,0.0000,0
slurm_mpx135_s42_addr.out,135,42,pyalcs,9,0,8820000,3715,9.01,22,0.567,0.809,2855,0.416,0.937,2.9,0.473,0.467,0.0000,0
slurm_mpx135_s42_addr.out,135,42,pyalcs,9,0,8880000,3725,9.14,22,0.571,0.841,2871,0.420,0.936,2.8,0.426,0.474,0.0000,0
slurm_mpx135_s42_addr.out,135,42,pyalcs,9,0,8940000,4171,9.22,22,0.574,0.801,3328,0.408,0.935,2.8,0.461,0.478,0.0000,0
slurm_mpx135_s42_addr.out,135,42,pyalcs,9,0,900000,4061,9.09,21,0.571,0.834,3064,0.368,0.934,2.7,0.454,0.472,0.0000,0
slurm_mpx135_s42_u10.out,135,42,pyalcs,10,0,900000,4363,9.53,24,0.579,0.832,3464,0.421,0.932,2.9,0.458,0.494,0.0000,0
slurm_mpx135_s42_u12.out,135,42,pyalcs,12,0,900000,6521,11.49,25,0.578,0.881,4776,0.373,0.919,2.7,0.648,0.596,0.0000,0
slurm_mpx135_s42_u16.out,135,42,pyalcs,16,0,900000,20827,15.44,19,0.535,0.840,9625,0.227,0.897,1.9,0.760,0.801,0.0000,0
slurm_mpx135_s42_u24.out,135,42,pyalcs,24,0,900000,135439,24.23,25,0.510,0.826,23765,0.019,0.910,1.1,1.219,1.256,0.0000,0
slurm_mpx135_s42_u8.out,135,42,pyalcs,8,0,900000,3264,8.64,19,0.570,0.809,2546,0.402,0.939,2.8,0.388,0.448,0.0000,0
slurm_mpx135_s42_u9.out,135,42,pyalcs,9,0,900000,4061,9.09,21,0.571,0.834,3064,0.368,0.934,2.7,0.454,0.472,0.0000,0
slurm_mpx135_s42_addr.out,135,42,pyalcs,9,0,9000000,4311,9.43,22,0.566,0.820,3188,0.384,0.932,2.7,0.438,0.489,0.0000,0
slurm_mpx135_s42_addr.out,135,42,pyalcs,9,0,9060000,3827,9.31,22,0.575,0.801,3045,0.392,0.933,2.8,0.436,0.483,0.0000,0
slurm_mpx135_s42_addr.out,135,42,pyalcs,9,0,9120000,3832,9.16,22,0.574,0.850,2972,0.384,0.934,2.8,0.428,0.475,0.0000,0
slurm_mpx135_s42_addr.out,135,42,pyalcs,9,0,9180000,3817,9.35,22,0.578,0.814,3102,0.394,0.934,2.8,0.460,0.485,0.0000,0
slurm_mpx135_s42_addr.out,135,42,pyalcs,9,0,9240000,3733,9.44,22,0.573,0.807,2967,0.395,0.933,2.8,0.453,0.489,0.0000,0
slurm_mpx135_s42_addr.out,135,42,pyalcs,9,0,9300000,3942,9.11,22,0.566,0.792,3050,0.383,0.935,2.7,0.500,0.472,0.0000,0
slurm_mpx135_s42_addr.out,135,42,pyalcs,9,0,9360000,3752,9.26,22,0.576,0.825,2973,0.397,0.934,2.9,0.463,0.480,0.0000,0
slurm_mpx135_s42_addr.out,135,42,pyalcs,9,0,9420000,3963,9.32,22,0.573,0.802,3101,0.403,0.933,2.8,0.458,0.483,0.0000,0
slurm_mpx135_s42_addr.out,135,42,pyalcs,9,0,9480000,3773,9.12,22,0.570,0.822,2899,0.402,0.935,2.8,0.430,0.473,0.0000,0
slurm_mpx135_s42_addr.out,135,42,pyalcs,9,0,960000,3779,9.03,21,0.572,0.793,2925,0.406,0.935,2.8,0.498,0.468,0.0000,0
slurm_mpx135_s42_u10.out,135,42,pyalcs,10,0,960000,4344,9.75,24,0.579,0.817,3398,0.409,0.931,2.8,0.476,0.506,0.0000,0
slurm_mpx135_s42_u12.out,135,42,pyalcs,12,0,960000,6177,11.21,25,0.581,0.870,4755,0.382,0.921,2.7,0.612,0.581,0.0000,0
slurm_mpx135_s42_u16.out,135,42,pyalcs,16,0,960000,20637,15.43,19,0.537,0.832,9543,0.226,0.897,1.9,0.772,0.800,0.0000,0
slurm_mpx135_s42_u24.out,135,42,pyalcs,24,0,960000,142478,24.20,25,0.511,0.845,25215,0.021,0.908,1.1,1.219,1.255,0.0000,0
slurm_mpx135_s42_u8.out,135,42,pyalcs,8,0,960000,3485,8.38,19,0.560,0.834,2561,0.400,0.940,2.8,0.387,0.435,0.0000,0
slurm_mpx135_s42_u9.out,135,42,pyalcs,9,0,960000,3779,9.03,21,0.572,0.793,2925,0.406,0.935,2.8,0.498,0.468,0.0000,0
