acs2-bench mpx-reach: sizes=[70] n_exp=1 seed=46 rss_cap=5.6GB time_cap=600000s do_ga=true alp_gen_variant=pyalcs
  mem mpx-70 (N=71): condition=142B effect=142B mark=1704B (stack) classifier=2072B  mark/classifier=82.2%  rss-cap pop-threshold=2702702
  mpx-70 trials_cap=18446744073709551615 (= 20000*2^(k-6)*10, clamped to u64::MAX) u_max=8
  mpx-70 traj: trials=60000 wall=71s knowledge=0.0000 reliable=0 spec=0.00 pop=3753
  mpx-70 traj: trials=120000 wall=124s knowledge=0.0009 reliable=1 spec=10.00 pop=3735
  mpx-70 traj: trials=180000 wall=173s knowledge=0.0061 reliable=6 spec=9.33 pop=3946
  mpx-70 traj: trials=240000 wall=217s knowledge=0.0076 reliable=8 spec=8.88 pop=3860
  mpx-70 traj: trials=300000 wall=263s knowledge=0.0112 reliable=10 spec=9.00 pop=4004
  mpx-70 traj: trials=360000 wall=315s knowledge=0.0103 reliable=9 spec=9.22 pop=4143
  mpx-70 traj: trials=420000 wall=362s knowledge=0.0118 reliable=9 spec=9.11 pop=4445
  mpx-70 traj: trials=480000 wall=408s knowledge=0.0116 reliable=9 spec=9.44 pop=3922
  mpx-70 traj: trials=540000 wall=457s knowledge=0.0131 reliable=8 spec=9.12 pop=4179
  mpx-70 traj: trials=600000 wall=501s knowledge=0.0154 reliable=10 spec=9.60 pop=4517
  mpx-70 traj: trials=660000 wall=546s knowledge=0.0151 reliable=10 spec=9.90 pop=4770
  mpx-70 traj: trials=720000 wall=592s knowledge=0.0208 reliable=16 spec=9.94 pop=4206
  mpx-70 traj: trials=780000 wall=638s knowledge=0.0226 reliable=18 spec=10.28 pop=4565
  mpx-70 traj: trials=840000 wall=682s knowledge=0.0432 reliable=28 spec=9.57 pop=4570
  mpx-70 traj: trials=900000 wall=726s knowledge=0.0454 reliable=28 spec=9.82 pop=4617
  mpx-70 traj: trials=960000 wall=769s knowledge=0.0549 reliable=34 spec=9.68 pop=5208
  mpx-70 traj: trials=1020000 wall=813s knowledge=0.0661 reliable=45 spec=9.51 pop=4578
  mpx-70 traj: trials=1080000 wall=854s knowledge=0.0728 reliable=46 spec=9.57 pop=4859
  mpx-70 traj: trials=1140000 wall=894s knowledge=0.0854 reliable=50 spec=9.26 pop=4787
  mpx-70 traj: trials=1200000 wall=933s knowledge=0.1069 reliable=59 spec=9.10 pop=4411
  mpx-70 traj: trials=1260000 wall=973s knowledge=0.1154 reliable=67 spec=9.12 pop=4418
  mpx-70 traj: trials=1320000 wall=1012s knowledge=0.1281 reliable=70 spec=9.04 pop=4273
  mpx-70 traj: trials=1380000 wall=1048s knowledge=0.1474 reliable=78 spec=9.01 pop=4036
  mpx-70 traj: trials=1440000 wall=1083s knowledge=0.1581 reliable=82 spec=9.04 pop=4448
  mpx-70 traj: trials=1500000 wall=1117s knowledge=0.1802 reliable=97 spec=9.01 pop=4432
  mpx-70 traj: trials=1560000 wall=1154s knowledge=0.1882 reliable=91 spec=8.92 pop=3795
  mpx-70 traj: trials=1620000 wall=1188s knowledge=0.1932 reliable=86 spec=8.77 pop=3521
  mpx-70 traj: trials=1680000 wall=1222s knowledge=0.2004 reliable=91 spec=8.80 pop=3588
  mpx-70 traj: trials=1740000 wall=1255s knowledge=0.2043 reliable=86 spec=8.63 pop=3692
  mpx-70 traj: trials=1800000 wall=1291s knowledge=0.2119 reliable=90 spec=8.61 pop=3314
  mpx-70 traj: trials=1860000 wall=1321s knowledge=0.2264 reliable=105 spec=8.74 pop=3613
  mpx-70 traj: trials=1920000 wall=1353s knowledge=0.2483 reliable=111 spec=8.69 pop=3385
  mpx-70 traj: trials=1980000 wall=1387s knowledge=0.2591 reliable=115 spec=8.65 pop=3817
  mpx-70 traj: trials=2040000 wall=1427s knowledge=0.2730 reliable=112 spec=8.60 pop=3142
  mpx-70 traj: trials=2100000 wall=1458s knowledge=0.2927 reliable=119 spec=8.36 pop=2872
  mpx-70 traj: trials=2160000 wall=1496s knowledge=0.3096 reliable=129 spec=8.53 pop=2812
  mpx-70 traj: trials=2220000 wall=1526s knowledge=0.3287 reliable=134 spec=8.41 pop=2680
  mpx-70 traj: trials=2280000 wall=1553s knowledge=0.3453 reliable=140 spec=8.26 pop=2760
  mpx-70 traj: trials=2340000 wall=1581s knowledge=0.3614 reliable=142 spec=8.25 pop=2835
  mpx-70 traj: trials=2400000 wall=1608s knowledge=0.3733 reliable=136 spec=8.13 pop=2575
  mpx-70 traj: trials=2460000 wall=1636s knowledge=0.3858 reliable=139 spec=8.05 pop=2192
  mpx-70 traj: trials=2520000 wall=1663s knowledge=0.3980 reliable=144 spec=8.09 pop=2977
  mpx-70 traj: trials=2580000 wall=1706s knowledge=0.4099 reliable=153 spec=8.21 pop=3062
  mpx-70 traj: trials=2640000 wall=1732s knowledge=0.4369 reliable=163 spec=8.18 pop=2210
  mpx-70 traj: trials=2700000 wall=1756s knowledge=0.4458 reliable=165 spec=8.12 pop=2046
  mpx-70 traj: trials=2760000 wall=1784s knowledge=0.4598 reliable=174 spec=8.05 pop=2022
  mpx-70 traj: trials=2820000 wall=1819s knowledge=0.4766 reliable=182 spec=7.99 pop=2112
  mpx-70 traj: trials=2880000 wall=1845s knowledge=0.4693 reliable=177 spec=7.97 pop=2192
  mpx-70 traj: trials=2940000 wall=1879s knowledge=0.4877 reliable=183 spec=7.90 pop=2089
  mpx-70 traj: trials=3000000 wall=1914s knowledge=0.4908 reliable=173 spec=7.84 pop=1991
  mpx-70 traj: trials=3060000 wall=1948s knowledge=0.4996 reliable=174 spec=7.80 pop=1972
  mpx-70 traj: trials=3120000 wall=1979s knowledge=0.4944 reliable=168 spec=7.85 pop=1893
  mpx-70 traj: trials=3180000 wall=2017s knowledge=0.5120 reliable=175 spec=7.91 pop=1954
  mpx-70 traj: trials=3240000 wall=2049s knowledge=0.5279 reliable=183 spec=7.84 pop=2017
  mpx-70 traj: trials=3300000 wall=2075s knowledge=0.5345 reliable=183 spec=7.81 pop=2305
  mpx-70 traj: trials=3360000 wall=2102s knowledge=0.5411 reliable=186 spec=7.85 pop=2078
  mpx-70 traj: trials=3420000 wall=2141s knowledge=0.5481 reliable=190 spec=7.92 pop=1812
  mpx-70 traj: trials=3480000 wall=2171s knowledge=0.5602 reliable=199 spec=7.85 pop=1749
  mpx-70 traj: trials=3540000 wall=2220s knowledge=0.5797 reliable=204 spec=7.99 pop=2038
  mpx-70 traj: trials=3600000 wall=2256s knowledge=0.5844 reliable=201 spec=7.84 pop=1879
  mpx-70 traj: trials=3660000 wall=2292s knowledge=0.5911 reliable=199 spec=7.80 pop=1985
  mpx-70 traj: trials=3720000 wall=2323s knowledge=0.6043 reliable=208 spec=7.77 pop=2479
  mpx-70 traj: trials=3780000 wall=2354s knowledge=0.6061 reliable=200 spec=7.70 pop=4824
  mpx-70 traj: trials=3840000 wall=2398s knowledge=0.6144 reliable=197 spec=7.77 pop=1690
  mpx-70 traj: trials=3900000 wall=2433s knowledge=0.6079 reliable=195 spec=7.72 pop=1888
  mpx-70 traj: trials=3960000 wall=2485s knowledge=0.6103 reliable=193 spec=7.66 pop=1743
  mpx-70 traj: trials=4020000 wall=2521s knowledge=0.6149 reliable=190 spec=7.55 pop=1957
  mpx-70 traj: trials=4080000 wall=2550s knowledge=0.6228 reliable=190 spec=7.54 pop=1548
  mpx-70 traj: trials=4140000 wall=2585s knowledge=0.6223 reliable=187 spec=7.51 pop=2041
  mpx-70 traj: trials=4200000 wall=2617s knowledge=0.6262 reliable=184 spec=7.41 pop=1571
  mpx-70 traj: trials=4260000 wall=2661s knowledge=0.6258 reliable=185 spec=7.39 pop=2008
  mpx-70 traj: trials=4320000 wall=2686s knowledge=0.6243 reliable=183 spec=7.37 pop=1570
  mpx-70 traj: trials=4380000 wall=2715s knowledge=0.6235 reliable=183 spec=7.32 pop=1740
  mpx-70 traj: trials=4440000 wall=2746s knowledge=0.6287 reliable=184 spec=7.30 pop=1740
  mpx-70 traj: trials=4500000 wall=2779s knowledge=0.6248 reliable=173 spec=7.23 pop=1567
  mpx-70 traj: trials=4560000 wall=2815s knowledge=0.6281 reliable=180 spec=7.24 pop=4581
  mpx-70 traj: trials=4620000 wall=2849s knowledge=0.6271 reliable=179 spec=7.28 pop=1532
  mpx-70 traj: trials=4680000 wall=2878s knowledge=0.6266 reliable=174 spec=7.22 pop=1724
  mpx-70 traj: trials=4740000 wall=2924s knowledge=0.6356 reliable=180 spec=7.22 pop=1665
  mpx-70 traj: trials=4800000 wall=2958s knowledge=0.6359 reliable=183 spec=7.22 pop=2354
  mpx-70 traj: trials=4860000 wall=2988s knowledge=0.6344 reliable=179 spec=7.15 pop=1646
  mpx-70 traj: trials=4920000 wall=3025s knowledge=0.6433 reliable=188 spec=7.18 pop=2549
  mpx-70 traj: trials=4980000 wall=3059s knowledge=0.6409 reliable=179 spec=7.18 pop=1597
  mpx-70 traj: trials=5040000 wall=3097s knowledge=0.6414 reliable=184 spec=7.20 pop=1518
  mpx-70 traj: trials=5100000 wall=3122s knowledge=0.6411 reliable=183 spec=7.19 pop=1569
  mpx-70 traj: trials=5160000 wall=3151s knowledge=0.6462 reliable=186 spec=7.24 pop=1551
  mpx-70 traj: trials=5220000 wall=3182s knowledge=0.6545 reliable=194 spec=7.24 pop=1757
  mpx-70 traj: trials=5280000 wall=3215s knowledge=0.6543 reliable=187 spec=7.21 pop=1601
  mpx-70 traj: trials=5340000 wall=3244s knowledge=0.6550 reliable=186 spec=7.17 pop=2280
  mpx-70 traj: trials=5400000 wall=3277s knowledge=0.6527 reliable=185 spec=7.14 pop=1544
  mpx-70 traj: trials=5460000 wall=3310s knowledge=0.6528 reliable=183 spec=7.14 pop=1457
  mpx-70 traj: trials=5520000 wall=3344s knowledge=0.6507 reliable=186 spec=7.11 pop=1629
  mpx-70 traj: trials=5580000 wall=3386s knowledge=0.6488 reliable=179 spec=7.11 pop=1528
  mpx-70 traj: trials=5640000 wall=3424s knowledge=0.6502 reliable=180 spec=7.11 pop=1418
  mpx-70 traj: trials=5700000 wall=3457s knowledge=0.6511 reliable=184 spec=7.10 pop=1423
  mpx-70 traj: trials=5760000 wall=3493s knowledge=0.6584 reliable=187 spec=7.14 pop=1827
  mpx-70 traj: trials=5820000 wall=3523s knowledge=0.6583 reliable=189 spec=7.13 pop=1714
  mpx-70 traj: trials=5880000 wall=3566s knowledge=0.6590 reliable=190 spec=7.13 pop=1666
  mpx-70 traj: trials=5940000 wall=3602s knowledge=0.6516 reliable=179 spec=7.09 pop=1587
  mpx-70 traj: trials=6000000 wall=3643s knowledge=0.6528 reliable=180 spec=7.09 pop=1259
  mpx-70 traj: trials=6060000 wall=3673s knowledge=0.6528 reliable=178 spec=7.10 pop=1551
  mpx-70 traj: trials=6120000 wall=3709s knowledge=0.6536 reliable=178 spec=7.15 pop=1451
  mpx-70 traj: trials=6180000 wall=3749s knowledge=0.6508 reliable=181 spec=7.08 pop=3805
  mpx-70 traj: trials=6240000 wall=3782s knowledge=0.6482 reliable=177 spec=7.09 pop=8248
  mpx-70 traj: trials=6300000 wall=3815s knowledge=0.6498 reliable=178 spec=7.07 pop=1698
  mpx-70 traj: trials=6360000 wall=3844s knowledge=0.6526 reliable=180 spec=7.09 pop=1488
  mpx-70 traj: trials=6420000 wall=3878s knowledge=0.6519 reliable=178 spec=7.10 pop=1440
  mpx-70 traj: trials=6480000 wall=3914s knowledge=0.6501 reliable=176 spec=7.07 pop=1365
  mpx-70 traj: trials=6540000 wall=3949s knowledge=0.6547 reliable=184 spec=7.09 pop=1675
  mpx-70 traj: trials=6600000 wall=3993s knowledge=0.6506 reliable=174 spec=7.06 pop=2172
  mpx-70 traj: trials=6660000 wall=4036s knowledge=0.6517 reliable=175 spec=7.06 pop=1595
  mpx-70 traj: trials=6720000 wall=4082s knowledge=0.6576 reliable=181 spec=7.06 pop=1628
  mpx-70 traj: trials=6780000 wall=4127s knowledge=0.6596 reliable=180 spec=7.06 pop=1490
  mpx-70 traj: trials=6840000 wall=4169s knowledge=0.6605 reliable=185 spec=7.08 pop=1759
  mpx-70 traj: trials=6900000 wall=4204s knowledge=0.6637 reliable=183 spec=7.10 pop=1786
  mpx-70 traj: trials=6960000 wall=4236s knowledge=0.6653 reliable=185 spec=7.12 pop=1450
  mpx-70 traj: trials=7020000 wall=4280s knowledge=0.6665 reliable=192 spec=7.09 pop=1351
  mpx-70 traj: trials=7080000 wall=4326s knowledge=0.6679 reliable=184 spec=7.09 pop=1441
  mpx-70 traj: trials=7140000 wall=4366s knowledge=0.6700 reliable=187 spec=7.11 pop=1372
  mpx-70 traj: trials=7200000 wall=4405s knowledge=0.6687 reliable=184 spec=7.09 pop=1524
  mpx-70 traj: trials=7260000 wall=4441s knowledge=0.6679 reliable=181 spec=7.10 pop=1295
  mpx-70 traj: trials=7320000 wall=4490s knowledge=0.6700 reliable=193 spec=7.13 pop=1347
  mpx-70 traj: trials=7380000 wall=4533s knowledge=0.6692 reliable=185 spec=7.17 pop=1300
  mpx-70 traj: trials=7440000 wall=4578s knowledge=0.6650 reliable=186 spec=7.16 pop=1428
  mpx-70 traj: trials=7500000 wall=4621s knowledge=0.6725 reliable=193 spec=7.16 pop=2649
  mpx-70 traj: trials=7560000 wall=4666s knowledge=0.6712 reliable=190 spec=7.16 pop=1771
  mpx-70 traj: trials=7620000 wall=4724s knowledge=0.6713 reliable=185 spec=7.16 pop=1288
  mpx-70 traj: trials=7680000 wall=4770s knowledge=0.6699 reliable=188 spec=7.14 pop=1568
  mpx-70 traj: trials=7740000 wall=4804s knowledge=0.6692 reliable=182 spec=7.15 pop=1692
  mpx-70 traj: trials=7800000 wall=4846s knowledge=0.6688 reliable=186 spec=7.16 pop=1468
  mpx-70 traj: trials=7860000 wall=4883s knowledge=0.6697 reliable=190 spec=7.14 pop=1587
  mpx-70 traj: trials=7920000 wall=4928s knowledge=0.6704 reliable=181 spec=7.15 pop=1614
  mpx-70 traj: trials=7980000 wall=4976s knowledge=0.6752 reliable=188 spec=7.15 pop=1422
  mpx-70 traj: trials=8040000 wall=5015s knowledge=0.6723 reliable=188 spec=7.15 pop=1490
  mpx-70 traj: trials=8100000 wall=5062s knowledge=0.6741 reliable=190 spec=7.16 pop=1295
  mpx-70 traj: trials=8160000 wall=5098s knowledge=0.6786 reliable=186 spec=7.16 pop=1380
  mpx-70 traj: trials=8220000 wall=5135s knowledge=0.6784 reliable=187 spec=7.14 pop=1527
  mpx-70 traj: trials=8280000 wall=5186s knowledge=0.6784 reliable=191 spec=7.14 pop=1624
  mpx-70 traj: trials=8340000 wall=5239s knowledge=0.6779 reliable=184 spec=7.15 pop=1477
  mpx-70 traj: trials=8400000 wall=5281s knowledge=0.6817 reliable=188 spec=7.14 pop=1310
  mpx-70 traj: trials=8460000 wall=5310s knowledge=0.6816 reliable=193 spec=7.15 pop=1537
  mpx-70 traj: trials=8520000 wall=5345s knowledge=0.6783 reliable=187 spec=7.13 pop=1296
  mpx-70 traj: trials=8580000 wall=5403s knowledge=0.6799 reliable=189 spec=7.13 pop=1855
  mpx-70 traj: trials=8640000 wall=5446s knowledge=0.6854 reliable=192 spec=7.17 pop=1428
  mpx-70 traj: trials=8700000 wall=5492s knowledge=0.6825 reliable=191 spec=7.15 pop=1642
  mpx-70 traj: trials=8760000 wall=5551s knowledge=0.6785 reliable=189 spec=7.15 pop=1334
  mpx-70 traj: trials=8820000 wall=5582s knowledge=0.6816 reliable=189 spec=7.15 pop=1308
  mpx-70 traj: trials=8880000 wall=5621s knowledge=0.6833 reliable=191 spec=7.17 pop=1499
  mpx-70 traj: trials=8940000 wall=5654s knowledge=0.6806 reliable=189 spec=7.15 pop=1430
  mpx-70 traj: trials=9000000 wall=5699s knowledge=0.6851 reliable=190 spec=7.15 pop=1472
  mpx-70 traj: trials=9060000 wall=5734s knowledge=0.6852 reliable=188 spec=7.14 pop=1478
  mpx-70 traj: trials=9120000 wall=5788s knowledge=0.6885 reliable=194 spec=7.16 pop=1670
  mpx-70 traj: trials=9180000 wall=5831s knowledge=0.6860 reliable=186 spec=7.16 pop=1354
  mpx-70 traj: trials=9240000 wall=5872s knowledge=0.6860 reliable=188 spec=7.16 pop=4873
  mpx-70 traj: trials=9300000 wall=5910s knowledge=0.6870 reliable=192 spec=7.16 pop=1505
  mpx-70 traj: trials=9360000 wall=5967s knowledge=0.6860 reliable=184 spec=7.16 pop=1474
  mpx-70 traj: trials=9420000 wall=6002s knowledge=0.6904 reliable=186 spec=7.15 pop=1401
  mpx-70 traj: trials=9480000 wall=6038s knowledge=0.6907 reliable=200 spec=7.17 pop=2781
  mpx-70 traj: trials=9540000 wall=6092s knowledge=0.6932 reliable=190 spec=7.16 pop=1367
  mpx-70 traj: trials=9600000 wall=6139s knowledge=0.6898 reliable=187 spec=7.16 pop=1447
  mpx-70 traj: trials=9660000 wall=6186s knowledge=0.6907 reliable=189 spec=7.15 pop=1346
  mpx-70 traj: trials=9720000 wall=6229s knowledge=0.6943 reliable=191 spec=7.15 pop=1371
  mpx-70 traj: trials=9780000 wall=6264s knowledge=0.6931 reliable=189 spec=7.15 pop=1354
  mpx-70 traj: trials=9840000 wall=6314s knowledge=0.6940 reliable=191 spec=7.15 pop=1260
  mpx-70 traj: trials=9900000 wall=6365s knowledge=0.6937 reliable=186 spec=7.15 pop=1843
  mpx-70 traj: trials=9960000 wall=6417s knowledge=0.6962 reliable=192 spec=7.16 pop=1686
  mpx-70 traj: trials=10020000 wall=6470s knowledge=0.6958 reliable=193 spec=7.15 pop=1236
  mpx-70 traj: trials=10080000 wall=6508s knowledge=0.6927 reliable=190 spec=7.18 pop=2010
  mpx-70 traj: trials=10140000 wall=6550s knowledge=0.6919 reliable=190 spec=7.18 pop=1299
  mpx-70 traj: trials=10200000 wall=6602s knowledge=0.6920 reliable=185 spec=7.17 pop=1691
  mpx-70 traj: trials=10260000 wall=6631s knowledge=0.6921 reliable=188 spec=7.15 pop=1840
  mpx-70 traj: trials=10320000 wall=6673s knowledge=0.6968 reliable=188 spec=7.16 pop=1488
  mpx-70 traj: trials=10380000 wall=6712s knowledge=0.6920 reliable=187 spec=7.16 pop=1250
  mpx-70 traj: trials=10440000 wall=6767s knowledge=0.6910 reliable=182 spec=7.15 pop=1666
  mpx-70 traj: trials=10500000 wall=6806s knowledge=0.6920 reliable=185 spec=7.09 pop=1381
  mpx-70 traj: trials=10560000 wall=6868s knowledge=0.6920 reliable=185 spec=7.09 pop=1393
  mpx-70 traj: trials=10620000 wall=6911s knowledge=0.6925 reliable=183 spec=7.09 pop=1418
  mpx-70 traj: trials=10680000 wall=6941s knowledge=0.6909 reliable=186 spec=7.09 pop=1461
  mpx-70 traj: trials=10740000 wall=6999s knowledge=0.6930 reliable=187 spec=7.09 pop=1816
  mpx-70 traj: trials=10800000 wall=7037s knowledge=0.6960 reliable=190 spec=7.09 pop=1241
  mpx-70 traj: trials=10860000 wall=7101s knowledge=0.6956 reliable=194 spec=7.09 pop=1331
  mpx-70 traj: trials=10920000 wall=7144s knowledge=0.6946 reliable=186 spec=7.09 pop=1493
  mpx-70 traj: trials=10980000 wall=7175s knowledge=0.6935 reliable=192 spec=7.09 pop=1271
  mpx-70 traj: trials=11040000 wall=7210s knowledge=0.6936 reliable=191 spec=7.08 pop=1514
  mpx-70 traj: trials=11100000 wall=7247s knowledge=0.6945 reliable=188 spec=7.09 pop=1367
  mpx-70 traj: trials=11160000 wall=7291s knowledge=0.6945 reliable=186 spec=7.09 pop=1352
  mpx-70 traj: trials=11220000 wall=7332s knowledge=0.6945 reliable=190 spec=7.08 pop=1248
  mpx-70 traj: trials=11280000 wall=7391s knowledge=0.6948 reliable=189 spec=7.04 pop=2783
  mpx-70 traj: trials=11340000 wall=7442s knowledge=0.6926 reliable=188 spec=7.04 pop=1498
  mpx-70 traj: trials=11400000 wall=7480s knowledge=0.6930 reliable=185 spec=7.05 pop=1436
  mpx-70 traj: trials=11460000 wall=7526s knowledge=0.6947 reliable=189 spec=7.04 pop=2923
  mpx-70 traj: trials=11520000 wall=7562s knowledge=0.6987 reliable=189 spec=7.04 pop=1434
  mpx-70 traj: trials=11580000 wall=7604s knowledge=0.6920 reliable=191 spec=7.04 pop=1396
  mpx-70 traj: trials=11640000 wall=7639s knowledge=0.6967 reliable=198 spec=7.04 pop=1469
  mpx-70 traj: trials=11700000 wall=7688s knowledge=0.6949 reliable=186 spec=7.04 pop=1694
  mpx-70 traj: trials=11760000 wall=7738s knowledge=0.6928 reliable=186 spec=7.04 pop=1519
  mpx-70 traj: trials=11820000 wall=7778s knowledge=0.6933 reliable=190 spec=7.05 pop=1402
  mpx-70 traj: trials=11880000 wall=7820s knowledge=0.6947 reliable=187 spec=7.04 pop=1821
  mpx-70 traj: trials=11940000 wall=7857s knowledge=0.6949 reliable=186 spec=7.04 pop=9500
  mpx-70 traj: trials=12000000 wall=7904s knowledge=0.6971 reliable=188 spec=7.06 pop=1801
  mpx-70 traj: trials=12060000 wall=7953s knowledge=0.6977 reliable=189 spec=7.05 pop=1984
  mpx-70 traj: trials=12120000 wall=7990s knowledge=0.6985 reliable=190 spec=7.04 pop=1303
  mpx-70 traj: trials=12180000 wall=8037s knowledge=0.7001 reliable=194 spec=7.01 pop=1337
  mpx-70 traj: trials=12240000 wall=8094s knowledge=0.7005 reliable=193 spec=7.03 pop=1311
  mpx-70 traj: trials=12300000 wall=8144s knowledge=0.7005 reliable=190 spec=7.03 pop=1674
  mpx-70 traj: trials=12360000 wall=8182s knowledge=0.6980 reliable=188 spec=7.02 pop=1242
  mpx-70 traj: trials=12420000 wall=8217s knowledge=0.6989 reliable=186 spec=7.02 pop=1297
  mpx-70 traj: trials=12480000 wall=8260s knowledge=0.7006 reliable=199 spec=7.10 pop=2572
  mpx-70 traj: trials=12540000 wall=8292s knowledge=0.6984 reliable=192 spec=7.08 pop=1286
  mpx-70 traj: trials=12600000 wall=8338s knowledge=0.6983 reliable=189 spec=7.08 pop=3025
  mpx-70 traj: trials=12660000 wall=8390s knowledge=0.6969 reliable=189 spec=7.07 pop=1273
  mpx-70 traj: trials=12720000 wall=8446s knowledge=0.6969 reliable=186 spec=7.07 pop=1434
  mpx-70 traj: trials=12780000 wall=8479s knowledge=0.6991 reliable=188 spec=7.09 pop=1286
  mpx-70 traj: trials=12840000 wall=8532s knowledge=0.7005 reliable=187 spec=7.09 pop=2175
  mpx-70 traj: trials=12900000 wall=8569s knowledge=0.7017 reliable=189 spec=7.06 pop=1315
  mpx-70 traj: trials=12960000 wall=8610s knowledge=0.7046 reliable=192 spec=7.07 pop=1222
  mpx-70 traj: trials=13020000 wall=8649s knowledge=0.7016 reliable=191 spec=7.06 pop=1513
  mpx-70 traj: trials=13080000 wall=8712s knowledge=0.7027 reliable=193 spec=7.06 pop=1367
  mpx-70 traj: trials=13140000 wall=8766s knowledge=0.7048 reliable=194 spec=7.06 pop=1632
  mpx-70 traj: trials=13200000 wall=8809s knowledge=0.7053 reliable=187 spec=7.01 pop=1358
  mpx-70 traj: trials=13260000 wall=8864s knowledge=0.7048 reliable=187 spec=7.00 pop=1370
  mpx-70 traj: trials=13320000 wall=8947s knowledge=0.7027 reliable=190 spec=7.00 pop=1509
  mpx-70 traj: trials=13380000 wall=8997s knowledge=0.7027 reliable=187 spec=7.00 pop=10061
  mpx-70 traj: trials=13440000 wall=9059s knowledge=0.7027 reliable=188 spec=7.00 pop=1427
  mpx-70 traj: trials=13500000 wall=9099s knowledge=0.7027 reliable=187 spec=7.00 pop=1291
  mpx-70 traj: trials=13560000 wall=9145s knowledge=0.7027 reliable=184 spec=7.00 pop=1324
  mpx-70 traj: trials=13620000 wall=9190s knowledge=0.7047 reliable=191 spec=7.00 pop=1943
  mpx-70 traj: trials=13680000 wall=9244s knowledge=0.7047 reliable=192 spec=7.00 pop=1384
  mpx-70 traj: trials=13740000 wall=9285s knowledge=0.7049 reliable=192 spec=7.01 pop=1394
  mpx-70 traj: trials=13800000 wall=9323s knowledge=0.7044 reliable=184 spec=7.00 pop=1365
  mpx-70 traj: trials=13860000 wall=9366s knowledge=0.7027 reliable=188 spec=7.00 pop=1442
  mpx-70 traj: trials=13920000 wall=9433s knowledge=0.7035 reliable=189 spec=7.01 pop=2540
  mpx-70 traj: trials=13980000 wall=9481s knowledge=0.7037 reliable=187 spec=7.01 pop=1347
  mpx-70 traj: trials=14040000 wall=9522s knowledge=0.7030 reliable=184 spec=7.02 pop=1292
  mpx-70 traj: trials=14100000 wall=9579s knowledge=0.7027 reliable=187 spec=7.00 pop=1331
  mpx-70 traj: trials=14160000 wall=9624s knowledge=0.7038 reliable=192 spec=7.00 pop=1236
  mpx-70 traj: trials=14220000 wall=9670s knowledge=0.7027 reliable=182 spec=7.00 pop=1327
  mpx-70 traj: trials=14280000 wall=9735s knowledge=0.7027 reliable=183 spec=7.00 pop=1270
  mpx-70 traj: trials=14340000 wall=9774s knowledge=0.7060 reliable=189 spec=7.01 pop=1342
  mpx-70 traj: trials=14400000 wall=9820s knowledge=0.7106 reliable=195 spec=7.03 pop=1495
  mpx-70 traj: trials=14460000 wall=9875s knowledge=0.7132 reliable=195 spec=7.02 pop=1753
  mpx-70 traj: trials=14520000 wall=9917s knowledge=0.7107 reliable=195 spec=7.01 pop=1707
  mpx-70 traj: trials=14580000 wall=9968s knowledge=0.7071 reliable=189 spec=7.01 pop=6738
  mpx-70 traj: trials=14640000 wall=10008s knowledge=0.7074 reliable=190 spec=7.01 pop=1579
  mpx-70 traj: trials=14700000 wall=10086s knowledge=0.7072 reliable=188 spec=7.01 pop=1625
  mpx-70 traj: trials=14760000 wall=10119s knowledge=0.7063 reliable=187 spec=7.00 pop=1465
  mpx-70 traj: trials=14820000 wall=10155s knowledge=0.7053 reliable=191 spec=7.01 pop=1315
  mpx-70 traj: trials=14880000 wall=10190s knowledge=0.7047 reliable=185 spec=7.00 pop=1643
  mpx-70 traj: trials=14940000 wall=10227s knowledge=0.7041 reliable=192 spec=7.01 pop=4502
  mpx-70 traj: trials=15000000 wall=10283s knowledge=0.7035 reliable=187 spec=7.00 pop=1205
  mpx-70 traj: trials=15060000 wall=10324s knowledge=0.7035 reliable=187 spec=7.00 pop=1172
  mpx-70 traj: trials=15120000 wall=10358s knowledge=0.7025 reliable=185 spec=7.00 pop=1399
  mpx-70 traj: trials=15180000 wall=10399s knowledge=0.7045 reliable=189 spec=7.01 pop=1625
  mpx-70 traj: trials=15240000 wall=10443s knowledge=0.7045 reliable=196 spec=7.01 pop=1290
  mpx-70 traj: trials=15300000 wall=10481s knowledge=0.7025 reliable=188 spec=7.00 pop=1552
  mpx-70 traj: trials=15360000 wall=10527s knowledge=0.7042 reliable=189 spec=7.00 pop=1337
  mpx-70 traj: trials=15420000 wall=10568s knowledge=0.7061 reliable=189 spec=7.00 pop=1600
  mpx-70 traj: trials=15480000 wall=10611s knowledge=0.7052 reliable=192 spec=7.01 pop=1303
  mpx-70 traj: trials=15540000 wall=10668s knowledge=0.7055 reliable=190 spec=7.01 pop=1397
  mpx-70 traj: trials=15600000 wall=10707s knowledge=0.7045 reliable=192 spec=7.00 pop=1464
  mpx-70 traj: trials=15660000 wall=10746s knowledge=0.7065 reliable=190 spec=7.00 pop=1347
  mpx-70 traj: trials=15720000 wall=10786s knowledge=0.7065 reliable=191 spec=7.00 pop=1202
  mpx-70 traj: trials=15780000 wall=10840s knowledge=0.7046 reliable=188 spec=7.00 pop=1257
  mpx-70 traj: trials=15840000 wall=10904s knowledge=0.7042 reliable=191 spec=7.00 pop=1524
  mpx-70 traj: trials=15900000 wall=10951s knowledge=0.7046 reliable=188 spec=7.00 pop=1311
  mpx-70 traj: trials=15960000 wall=10988s knowledge=0.7025 reliable=193 spec=7.00 pop=1243
  mpx-70 traj: trials=16020000 wall=11038s knowledge=0.7045 reliable=192 spec=7.00 pop=1449
  mpx-70 traj: trials=16080000 wall=11107s knowledge=0.7054 reliable=188 spec=7.01 pop=1244
  mpx-70 traj: trials=16140000 wall=11144s knowledge=0.7029 reliable=189 spec=7.01 pop=1284
  mpx-70 traj: trials=16200000 wall=11187s knowledge=0.7025 reliable=187 spec=7.00 pop=1565
  mpx-70 traj: trials=16260000 wall=11234s knowledge=0.7035 reliable=188 spec=7.00 pop=1404
  mpx-70 traj: trials=16320000 wall=11272s knowledge=0.7025 reliable=184 spec=7.00 pop=1280
  mpx-70 traj: trials=16380000 wall=11302s knowledge=0.7036 reliable=187 spec=7.00 pop=1384
  mpx-70 traj: trials=16440000 wall=11335s knowledge=0.7029 reliable=190 spec=7.02 pop=1229
  mpx-70 traj: trials=16500000 wall=11371s knowledge=0.7058 reliable=192 spec=7.03 pop=1196
  mpx-70 traj: trials=16560000 wall=11413s knowledge=0.7054 reliable=191 spec=7.03 pop=1336
  mpx-70 traj: trials=16620000 wall=11448s knowledge=0.7045 reliable=192 spec=7.03 pop=1239
  mpx-70 traj: trials=16680000 wall=11495s knowledge=0.7057 reliable=193 spec=7.02 pop=1268
  mpx-70 traj: trials=16740000 wall=11537s knowledge=0.7065 reliable=188 spec=7.03 pop=1340
  mpx-70 traj: trials=16800000 wall=11570s knowledge=0.7071 reliable=196 spec=7.03 pop=1686
  mpx-70 traj: trials=16860000 wall=11618s knowledge=0.7073 reliable=189 spec=7.05 pop=1436
  mpx-70 traj: trials=16920000 wall=11654s knowledge=0.7073 reliable=192 spec=7.01 pop=1485
  mpx-70 traj: trials=16980000 wall=11687s knowledge=0.7104 reliable=195 spec=7.02 pop=1214
  mpx-70 traj: trials=17040000 wall=11724s knowledge=0.7059 reliable=190 spec=7.02 pop=1477
  mpx-70 traj: trials=17100000 wall=11766s knowledge=0.7067 reliable=190 spec=7.02 pop=1190
  mpx-70 traj: trials=17160000 wall=11810s knowledge=0.7076 reliable=189 spec=7.01 pop=1275
  mpx-70 traj: trials=17220000 wall=11850s knowledge=0.7044 reliable=188 spec=7.01 pop=1361
  mpx-70 traj: trials=17280000 wall=11886s knowledge=0.7075 reliable=187 spec=7.01 pop=1210
  mpx-70 traj: trials=17340000 wall=11942s knowledge=0.7094 reliable=191 spec=7.01 pop=1496
  mpx-70 traj: trials=17400000 wall=11996s knowledge=0.7080 reliable=191 spec=7.02 pop=2520
  mpx-70 traj: trials=17460000 wall=12038s knowledge=0.7063 reliable=189 spec=7.01 pop=1360
  mpx-70 traj: trials=17520000 wall=12079s knowledge=0.7083 reliable=185 spec=7.01 pop=1436
  mpx-70 traj: trials=17580000 wall=12126s knowledge=0.7089 reliable=188 spec=7.01 pop=1434
  mpx-70 traj: trials=17640000 wall=12168s knowledge=0.7115 reliable=193 spec=7.00 pop=1260
  mpx-70 traj: trials=17700000 wall=12220s knowledge=0.7091 reliable=190 spec=7.01 pop=1322
  mpx-70 traj: trials=17760000 wall=12263s knowledge=0.7128 reliable=194 spec=7.01 pop=1310
  mpx-70 traj: trials=17820000 wall=12303s knowledge=0.7085 reliable=190 spec=7.01 pop=1428
  mpx-70 traj: trials=17880000 wall=12335s knowledge=0.7089 reliable=193 spec=7.01 pop=1210
  mpx-70 traj: trials=17940000 wall=12381s knowledge=0.7094 reliable=192 spec=7.01 pop=1396
  mpx-70 traj: trials=18000000 wall=12423s knowledge=0.7102 reliable=190 spec=7.01 pop=1260
  mpx-70 traj: trials=18060000 wall=12462s knowledge=0.7106 reliable=190 spec=7.01 pop=1212
  mpx-70 traj: trials=18120000 wall=12499s knowledge=0.7106 reliable=193 spec=7.01 pop=1460
  mpx-70 traj: trials=18180000 wall=12540s knowledge=0.7137 reliable=190 spec=7.03 pop=1410
  mpx-70 traj: trials=18240000 wall=12587s knowledge=0.7118 reliable=198 spec=7.03 pop=1691
  mpx-70 traj: trials=18300000 wall=12625s knowledge=0.7112 reliable=190 spec=7.03 pop=1139
  mpx-70 traj: trials=18360000 wall=12668s knowledge=0.7105 reliable=187 spec=7.03 pop=1364
  mpx-70 traj: trials=18420000 wall=12710s knowledge=0.7093 reliable=188 spec=7.01 pop=1232
  mpx-70 traj: trials=18480000 wall=12755s knowledge=0.7093 reliable=191 spec=7.02 pop=1625
  mpx-70 traj: trials=18540000 wall=12797s knowledge=0.7085 reliable=193 spec=7.01 pop=1206
  mpx-70 traj: trials=18600000 wall=12832s knowledge=0.7085 reliable=188 spec=7.01 pop=1257
  mpx-70 traj: trials=18660000 wall=12884s knowledge=0.7094 reliable=186 spec=7.01 pop=1301
  mpx-70 traj: trials=18720000 wall=12930s knowledge=0.7105 reliable=191 spec=7.01 pop=1194
  mpx-70 traj: trials=18780000 wall=12977s knowledge=0.7114 reliable=196 spec=7.01 pop=1537
  mpx-70 traj: trials=18840000 wall=13024s knowledge=0.7115 reliable=190 spec=7.01 pop=1413
  mpx-70 traj: trials=18900000 wall=13070s knowledge=0.7085 reliable=190 spec=7.01 pop=1245
  mpx-70 traj: trials=18960000 wall=13107s knowledge=0.7095 reliable=192 spec=7.01 pop=2704
  mpx-70 traj: trials=19020000 wall=13156s knowledge=0.7087 reliable=190 spec=7.00 pop=1699
  mpx-70 traj: trials=19080000 wall=13209s knowledge=0.7103 reliable=194 spec=7.02 pop=1293
  mpx-70 traj: trials=19140000 wall=13254s knowledge=0.7127 reliable=195 spec=7.03 pop=1271
  mpx-70 traj: trials=19200000 wall=13295s knowledge=0.7102 reliable=192 spec=7.02 pop=1271
  mpx-70 traj: trials=19260000 wall=13325s knowledge=0.7104 reliable=193 spec=7.02 pop=1155
  mpx-70 traj: trials=19320000 wall=13390s knowledge=0.7114 reliable=195 spec=7.02 pop=1513
  mpx-70 traj: trials=19380000 wall=13444s knowledge=0.7102 reliable=194 spec=7.02 pop=1112
  mpx-70 traj: trials=19440000 wall=13488s knowledge=0.7092 reliable=188 spec=7.02 pop=1481
  mpx-70 traj: trials=19500000 wall=13524s knowledge=0.7102 reliable=195 spec=7.02 pop=1518
  mpx-70 traj: trials=19560000 wall=13562s knowledge=0.7092 reliable=187 spec=7.02 pop=1273
  mpx-70 traj: trials=19620000 wall=13619s knowledge=0.7108 reliable=190 spec=7.02 pop=1348
  mpx-70 traj: trials=19680000 wall=13670s knowledge=0.7105 reliable=191 spec=7.03 pop=1354
  mpx-70 traj: trials=19740000 wall=13714s knowledge=0.7119 reliable=197 spec=7.05 pop=1520
  mpx-70 traj: trials=19800000 wall=13758s knowledge=0.7126 reliable=195 spec=7.05 pop=1234
  mpx-70 traj: trials=19860000 wall=13810s knowledge=0.7150 reliable=193 spec=7.04 pop=1377
  mpx-70 traj: trials=19920000 wall=13873s knowledge=0.7143 reliable=189 spec=7.03 pop=1500
  mpx-70 traj: trials=19980000 wall=13915s knowledge=0.7118 reliable=191 spec=7.03 pop=2512
  mpx-70 traj: trials=20040000 wall=13972s knowledge=0.7119 reliable=191 spec=7.03 pop=1335
  mpx-70 traj: trials=20100000 wall=14013s knowledge=0.7118 reliable=192 spec=7.02 pop=1213
  mpx-70 traj: trials=20160000 wall=14048s knowledge=0.7099 reliable=197 spec=7.02 pop=1298
  mpx-70 traj: trials=20220000 wall=14087s knowledge=0.7099 reliable=189 spec=7.02 pop=1230
  mpx-70 traj: trials=20280000 wall=14129s knowledge=0.7107 reliable=195 spec=7.02 pop=1732
  mpx-70 traj: trials=20340000 wall=14168s knowledge=0.7114 reliable=189 spec=7.03 pop=1349
  mpx-70 traj: trials=20400000 wall=14212s knowledge=0.7137 reliable=195 spec=7.02 pop=1384
  mpx-70 traj: trials=20460000 wall=14256s knowledge=0.7139 reliable=191 spec=7.02 pop=1154
  mpx-70 traj: trials=20520000 wall=14301s knowledge=0.7113 reliable=190 spec=7.02 pop=1506
  mpx-70 traj: trials=20580000 wall=14332s knowledge=0.7102 reliable=188 spec=7.02 pop=1420
  mpx-70 traj: trials=20640000 wall=14385s knowledge=0.7108 reliable=191 spec=7.01 pop=1607
  mpx-70 traj: trials=20700000 wall=14421s knowledge=0.7108 reliable=190 spec=7.01 pop=1363
  mpx-70 traj: trials=20760000 wall=14468s knowledge=0.7088 reliable=191 spec=7.01 pop=1233
  mpx-70 traj: trials=20820000 wall=14508s knowledge=0.7088 reliable=191 spec=7.01 pop=1259
  mpx-70 traj: trials=20880000 wall=14551s knowledge=0.7096 reliable=187 spec=7.01 pop=1424
  mpx-70 traj: trials=20940000 wall=14588s knowledge=0.7096 reliable=189 spec=7.01 pop=1372
  mpx-70 traj: trials=21000000 wall=14622s knowledge=0.7104 reliable=191 spec=7.00 pop=1419
  mpx-70 traj: trials=21060000 wall=14673s knowledge=0.7096 reliable=192 spec=7.01 pop=1422
  mpx-70 traj: trials=21120000 wall=14704s knowledge=0.7116 reliable=191 spec=7.01 pop=1294
  mpx-70 traj: trials=21180000 wall=14755s knowledge=0.7118 reliable=193 spec=7.02 pop=1556
  mpx-70 traj: trials=21240000 wall=14790s knowledge=0.7135 reliable=191 spec=7.02 pop=1298
  mpx-70 traj: trials=21300000 wall=14831s knowledge=0.7135 reliable=188 spec=7.02 pop=1408
  mpx-70 traj: trials=21360000 wall=14879s knowledge=0.7108 reliable=191 spec=7.01 pop=8264
  mpx-70 traj: trials=21420000 wall=14917s knowledge=0.7127 reliable=191 spec=7.01 pop=1349
  mpx-70 traj: trials=21480000 wall=14957s knowledge=0.7133 reliable=190 spec=7.01 pop=1420
  mpx-70 traj: trials=21540000 wall=14999s knowledge=0.7127 reliable=191 spec=7.01 pop=1280
  mpx-70 traj: trials=21600000 wall=15046s knowledge=0.7127 reliable=189 spec=7.01 pop=2704
  mpx-70 traj: trials=21660000 wall=15082s knowledge=0.7143 reliable=190 spec=7.01 pop=1693
  mpx-70 traj: trials=21720000 wall=15121s knowledge=0.7127 reliable=188 spec=7.01 pop=1484
  mpx-70 traj: trials=21780000 wall=15162s knowledge=0.7127 reliable=188 spec=7.01 pop=1223
  mpx-70 traj: trials=21840000 wall=15203s knowledge=0.7127 reliable=191 spec=7.01 pop=1289
  mpx-70 traj: trials=21900000 wall=15244s knowledge=0.7148 reliable=194 spec=7.01 pop=1424
  mpx-70 traj: trials=21960000 wall=15294s knowledge=0.7158 reliable=192 spec=7.01 pop=1173
  mpx-70 traj: trials=22020000 wall=15330s knowledge=0.7127 reliable=188 spec=7.01 pop=1236
  mpx-70 traj: trials=22080000 wall=15385s knowledge=0.7127 reliable=189 spec=7.01 pop=1220
  mpx-70 traj: trials=22140000 wall=15424s knowledge=0.7179 reliable=195 spec=7.01 pop=1374
  mpx-70 traj: trials=22200000 wall=15466s knowledge=0.7161 reliable=191 spec=7.01 pop=1358
  mpx-70 traj: trials=22260000 wall=15497s knowledge=0.7158 reliable=193 spec=7.01 pop=1340
  mpx-70 traj: trials=22320000 wall=15550s knowledge=0.7137 reliable=189 spec=7.01 pop=1550
  mpx-70 traj: trials=22380000 wall=15595s knowledge=0.7128 reliable=193 spec=7.01 pop=1208
  mpx-70 traj: trials=22440000 wall=15630s knowledge=0.7133 reliable=192 spec=7.01 pop=1307
  mpx-70 traj: trials=22500000 wall=15671s knowledge=0.7128 reliable=188 spec=7.01 pop=1301
  mpx-70 traj: trials=22560000 wall=15717s knowledge=0.7148 reliable=192 spec=7.01 pop=1295
  mpx-70 traj: trials=22620000 wall=15760s knowledge=0.7128 reliable=194 spec=7.01 pop=1624
  mpx-70 traj: trials=22680000 wall=15821s knowledge=0.7165 reliable=191 spec=7.02 pop=1395
  mpx-70 traj: trials=22740000 wall=15869s knowledge=0.7171 reliable=189 spec=7.01 pop=1121
  mpx-70 traj: trials=22800000 wall=15925s knowledge=0.7134 reliable=191 spec=7.01 pop=1232
  mpx-70 traj: trials=22860000 wall=15960s knowledge=0.7131 reliable=196 spec=7.00 pop=1358
  mpx-70 traj: trials=22920000 wall=16009s knowledge=0.7131 reliable=191 spec=7.01 pop=1595
  mpx-70 traj: trials=22980000 wall=16072s knowledge=0.7146 reliable=194 spec=7.02 pop=1375
  mpx-70 traj: trials=23040000 wall=16111s knowledge=0.7151 reliable=196 spec=7.03 pop=1415
  mpx-70 traj: trials=23100000 wall=16173s knowledge=0.7142 reliable=197 spec=7.01 pop=1850
  mpx-70 traj: trials=23160000 wall=16224s knowledge=0.7142 reliable=191 spec=7.01 pop=1459
  mpx-70 traj: trials=23220000 wall=16264s knowledge=0.7142 reliable=193 spec=7.01 pop=1206
  mpx-70 traj: trials=23280000 wall=16299s knowledge=0.7136 reliable=192 spec=7.02 pop=1363
  mpx-70 traj: trials=23340000 wall=16342s knowledge=0.7136 reliable=192 spec=7.02 pop=1469
  mpx-70 traj: trials=23400000 wall=16381s knowledge=0.7152 reliable=196 spec=7.03 pop=3443
  mpx-70 traj: trials=23460000 wall=16422s knowledge=0.7142 reliable=192 spec=7.02 pop=1235
  mpx-70 traj: trials=23520000 wall=16476s knowledge=0.7154 reliable=196 spec=7.04 pop=1533
  mpx-70 traj: trials=23580000 wall=16517s knowledge=0.7140 reliable=192 spec=7.03 pop=1275
  mpx-70 traj: trials=23640000 wall=16552s knowledge=0.7143 reliable=196 spec=7.04 pop=1292
  mpx-70 traj: trials=23700000 wall=16618s knowledge=0.7154 reliable=192 spec=7.03 pop=1522
  mpx-70 traj: trials=23760000 wall=16666s knowledge=0.7140 reliable=193 spec=7.01 pop=1127
  mpx-70 traj: trials=23820000 wall=16704s knowledge=0.7178 reliable=198 spec=7.03 pop=1201
  mpx-70 traj: trials=23880000 wall=16762s knowledge=0.7197 reliable=199 spec=7.04 pop=1556
  mpx-70 traj: trials=23940000 wall=16798s knowledge=0.7178 reliable=193 spec=7.02 pop=5865
  mpx-70 traj: trials=24000000 wall=16842s knowledge=0.7162 reliable=194 spec=7.03 pop=1426
  mpx-70 traj: trials=24060000 wall=16882s knowledge=0.7166 reliable=196 spec=7.04 pop=1262
  mpx-70 traj: trials=24120000 wall=16928s knowledge=0.7183 reliable=194 spec=7.04 pop=1204
  mpx-70 traj: trials=24180000 wall=16971s knowledge=0.7198 reliable=200 spec=7.03 pop=1364
  mpx-70 traj: trials=24240000 wall=17011s knowledge=0.7190 reliable=198 spec=7.03 pop=1272
  mpx-70 traj: trials=24300000 wall=17053s knowledge=0.7190 reliable=196 spec=7.03 pop=1233
  mpx-70 traj: trials=24360000 wall=17081s knowledge=0.7208 reliable=197 spec=7.03 pop=1586
  mpx-70 traj: trials=24420000 wall=17128s knowledge=0.7212 reliable=200 spec=7.04 pop=1483
  mpx-70 traj: trials=24480000 wall=17189s knowledge=0.7229 reliable=198 spec=7.05 pop=2353
  mpx-70 traj: trials=24540000 wall=17223s knowledge=0.7213 reliable=194 spec=7.04 pop=1587
  mpx-70 traj: trials=24600000 wall=17269s knowledge=0.7190 reliable=199 spec=7.03 pop=1436
  mpx-70 traj: trials=24660000 wall=17310s knowledge=0.7169 reliable=193 spec=7.03 pop=1467
  mpx-70 traj: trials=24720000 wall=17347s knowledge=0.7235 reliable=195 spec=7.02 pop=1323
  mpx-70 traj: trials=24780000 wall=17403s knowledge=0.7186 reliable=191 spec=7.02 pop=1235
  mpx-70 traj: trials=24840000 wall=17477s knowledge=0.7184 reliable=197 spec=7.02 pop=1321
  mpx-70 traj: trials=24900000 wall=17522s knowledge=0.7158 reliable=191 spec=7.01 pop=2097
  mpx-70 traj: trials=24960000 wall=17576s knowledge=0.7157 reliable=192 spec=7.01 pop=1251
  mpx-70 traj: trials=25020000 wall=17626s knowledge=0.7146 reliable=193 spec=7.01 pop=2044
  mpx-70 traj: trials=25080000 wall=17675s knowledge=0.7146 reliable=192 spec=7.01 pop=1352
  mpx-70 traj: trials=25140000 wall=17705s knowledge=0.7150 reliable=190 spec=7.02 pop=1566
  mpx-70 traj: trials=25200000 wall=17745s knowledge=0.7186 reliable=196 spec=7.03 pop=1236
  mpx-70 traj: trials=25260000 wall=17799s knowledge=0.7175 reliable=190 spec=7.03 pop=1375
  mpx-70 traj: trials=25320000 wall=17847s knowledge=0.7221 reliable=194 spec=7.03 pop=4920
  mpx-70 traj: trials=25380000 wall=17896s knowledge=0.7208 reliable=196 spec=7.02 pop=1514
  mpx-70 traj: trials=25440000 wall=17943s knowledge=0.7191 reliable=190 spec=7.02 pop=1229
  mpx-70 traj: trials=25500000 wall=17975s knowledge=0.7191 reliable=192 spec=7.02 pop=1509
  mpx-70 traj: trials=25560000 wall=18015s knowledge=0.7191 reliable=196 spec=7.02 pop=1205
  mpx-70 traj: trials=25620000 wall=18069s knowledge=0.7206 reliable=193 spec=7.03 pop=1460
  mpx-70 traj: trials=25680000 wall=18130s knowledge=0.7228 reliable=196 spec=7.03 pop=1510
  mpx-70 traj: trials=25740000 wall=18185s knowledge=0.7228 reliable=196 spec=7.04 pop=2609
  mpx-70 traj: trials=25800000 wall=18226s knowledge=0.7211 reliable=197 spec=7.03 pop=1630
  mpx-70 traj: trials=25860000 wall=18264s knowledge=0.7206 reliable=195 spec=7.03 pop=3128
  mpx-70 traj: trials=25920000 wall=18323s knowledge=0.7206 reliable=194 spec=7.03 pop=1335
  mpx-70 traj: trials=25980000 wall=18377s knowledge=0.7210 reliable=201 spec=7.03 pop=1756
  mpx-70 traj: trials=26040000 wall=18417s knowledge=0.7206 reliable=198 spec=7.03 pop=1415
  mpx-70 traj: trials=26100000 wall=18464s knowledge=0.7203 reliable=194 spec=7.03 pop=1463
  mpx-70 traj: trials=26160000 wall=18504s knowledge=0.7200 reliable=194 spec=7.03 pop=1456
  mpx-70 traj: trials=26220000 wall=18558s knowledge=0.7220 reliable=193 spec=7.04 pop=1395
  mpx-70 traj: trials=26280000 wall=18603s knowledge=0.7248 reliable=200 spec=7.04 pop=3928
  mpx-70 traj: trials=26340000 wall=18637s knowledge=0.7228 reliable=195 spec=7.05 pop=1752
  mpx-70 traj: trials=26400000 wall=18695s knowledge=0.7229 reliable=192 spec=7.04 pop=1378
  mpx-70 traj: trials=26460000 wall=18736s knowledge=0.7236 reliable=195 spec=7.04 pop=1277
  mpx-70 traj: trials=26520000 wall=18772s knowledge=0.7222 reliable=195 spec=7.04 pop=1386
  mpx-70 traj: trials=26580000 wall=18825s knowledge=0.7222 reliable=194 spec=7.04 pop=1360
  mpx-70 traj: trials=26640000 wall=18875s knowledge=0.7212 reliable=191 spec=7.04 pop=1812
  mpx-70 traj: trials=26700000 wall=18931s knowledge=0.7223 reliable=196 spec=7.05 pop=1198
  mpx-70 traj: trials=26760000 wall=18972s knowledge=0.7212 reliable=197 spec=7.04 pop=1089
  mpx-70 traj: trials=26820000 wall=19018s knowledge=0.7224 reliable=192 spec=7.02 pop=1216
  mpx-70 traj: trials=26880000 wall=19071s knowledge=0.7224 reliable=194 spec=7.02 pop=4393
  mpx-70 traj: trials=26940000 wall=19124s knowledge=0.7284 reliable=195 spec=7.02 pop=1368
  mpx-70 traj: trials=27000000 wall=19181s knowledge=0.7284 reliable=195 spec=7.02 pop=3177
  mpx-70 traj: trials=27060000 wall=19217s knowledge=0.7284 reliable=194 spec=7.02 pop=4671
  mpx-70 traj: trials=27120000 wall=19287s knowledge=0.7284 reliable=197 spec=7.02 pop=1648
  mpx-70 traj: trials=27180000 wall=19334s knowledge=0.7294 reliable=194 spec=7.02 pop=1192
  mpx-70 traj: trials=27240000 wall=19391s knowledge=0.7299 reliable=199 spec=7.02 pop=1405
  mpx-70 traj: trials=27300000 wall=19445s knowledge=0.7298 reliable=197 spec=7.02 pop=1321
  mpx-70 traj: trials=27360000 wall=19494s knowledge=0.7289 reliable=197 spec=7.02 pop=1910
  mpx-70 traj: trials=27420000 wall=19550s knowledge=0.7309 reliable=195 spec=7.02 pop=1269
  mpx-70 traj: trials=27480000 wall=19607s knowledge=0.7324 reliable=201 spec=7.01 pop=1457
  mpx-70 traj: trials=27540000 wall=19645s knowledge=0.7335 reliable=199 spec=7.02 pop=1264
  mpx-70 traj: trials=27600000 wall=19699s knowledge=0.7328 reliable=201 spec=7.02 pop=2855
  mpx-70 traj: trials=27660000 wall=19743s knowledge=0.7328 reliable=197 spec=7.01 pop=1200
  mpx-70 traj: trials=27720000 wall=19791s knowledge=0.7332 reliable=194 spec=7.03 pop=1197
  mpx-70 traj: trials=27780000 wall=19857s knowledge=0.7334 reliable=197 spec=7.02 pop=1452
  mpx-70 traj: trials=27840000 wall=19917s knowledge=0.7354 reliable=199 spec=7.01 pop=1252
  mpx-70 traj: trials=27900000 wall=19959s knowledge=0.7324 reliable=199 spec=7.01 pop=1222
  mpx-70 traj: trials=27960000 wall=20018s knowledge=0.7343 reliable=196 spec=7.01 pop=1694
  mpx-70 traj: trials=28020000 wall=20052s knowledge=0.7343 reliable=199 spec=7.01 pop=1191
  mpx-70 traj: trials=28080000 wall=20100s knowledge=0.7343 reliable=198 spec=7.01 pop=1156
  mpx-70 traj: trials=28140000 wall=20159s knowledge=0.7343 reliable=193 spec=7.01 pop=1341
  mpx-70 traj: trials=28200000 wall=20208s knowledge=0.7337 reliable=197 spec=7.02 pop=1345
  mpx-70 traj: trials=28260000 wall=20246s knowledge=0.7323 reliable=195 spec=7.01 pop=1084
  mpx-70 traj: trials=28320000 wall=20306s knowledge=0.7327 reliable=195 spec=7.02 pop=1494
  mpx-70 traj: trials=28380000 wall=20363s knowledge=0.7332 reliable=201 spec=7.01 pop=1279
  mpx-70 traj: trials=28440000 wall=20407s knowledge=0.7344 reliable=197 spec=7.02 pop=1443
  mpx-70 traj: trials=28500000 wall=20451s knowledge=0.7349 reliable=201 spec=7.01 pop=1316
  mpx-70 traj: trials=28560000 wall=20508s knowledge=0.7344 reliable=198 spec=7.01 pop=1472
  mpx-70 traj: trials=28620000 wall=20561s knowledge=0.7344 reliable=195 spec=7.01 pop=1404
  mpx-70 traj: trials=28680000 wall=20618s knowledge=0.7344 reliable=194 spec=7.01 pop=1100
  mpx-70 traj: trials=28740000 wall=20672s knowledge=0.7325 reliable=195 spec=7.01 pop=1283
  mpx-70 traj: trials=28800000 wall=20716s knowledge=0.7325 reliable=192 spec=7.01 pop=2652
  mpx-70 traj: trials=28860000 wall=20767s knowledge=0.7335 reliable=197 spec=7.01 pop=1429
  mpx-70 traj: trials=28920000 wall=20802s knowledge=0.7304 reliable=198 spec=7.01 pop=1553
  mpx-70 traj: trials=28980000 wall=20847s knowledge=0.7304 reliable=197 spec=7.01 pop=1270
  mpx-70 traj: trials=29040000 wall=20895s knowledge=0.7320 reliable=201 spec=7.02 pop=1429
  mpx-70 traj: trials=29100000 wall=20938s knowledge=0.7313 reliable=197 spec=7.02 pop=1344
  mpx-70 traj: trials=29160000 wall=20974s knowledge=0.7304 reliable=197 spec=7.01 pop=1358
  mpx-70 traj: trials=29220000 wall=21017s knowledge=0.7304 reliable=193 spec=7.01 pop=5794
  mpx-70 traj: trials=29280000 wall=21071s knowledge=0.7313 reliable=197 spec=7.01 pop=1527
  mpx-70 traj: trials=29340000 wall=21110s knowledge=0.7319 reliable=196 spec=7.02 pop=1257
  mpx-70 traj: trials=29400000 wall=21143s knowledge=0.7313 reliable=195 spec=7.01 pop=1503
  mpx-70 traj: trials=29460000 wall=21189s knowledge=0.7326 reliable=197 spec=7.01 pop=1417
  mpx-70 traj: trials=29520000 wall=21224s knowledge=0.7304 reliable=194 spec=7.01 pop=1119
  mpx-70 traj: trials=29580000 wall=21262s knowledge=0.7304 reliable=196 spec=7.01 pop=1360
  mpx-70 traj: trials=29640000 wall=21299s knowledge=0.7304 reliable=193 spec=7.01 pop=1308
  mpx-70 traj: trials=29700000 wall=21336s knowledge=0.7304 reliable=199 spec=7.01 pop=1272
  mpx-70 traj: trials=29760000 wall=21384s knowledge=0.7304 reliable=193 spec=7.01 pop=1230
  mpx-70 traj: trials=29820000 wall=21419s knowledge=0.7304 reliable=194 spec=7.01 pop=1217
  mpx-70 traj: trials=29880000 wall=21486s knowledge=0.7323 reliable=200 spec=7.01 pop=1230
  mpx-70 traj: trials=29940000 wall=21531s knowledge=0.7334 reliable=202 spec=7.02 pop=1601
  mpx-70 traj: trials=30000000 wall=21578s knowledge=0.7323 reliable=196 spec=7.02 pop=1241
  mpx-70 traj: trials=30060000 wall=21635s knowledge=0.7327 reliable=198 spec=7.02 pop=2309
  mpx-70 traj: trials=30120000 wall=21666s knowledge=0.7323 reliable=197 spec=7.02 pop=1196
  mpx-70 traj: trials=30180000 wall=21701s knowledge=0.7349 reliable=202 spec=7.03 pop=4959
  mpx-70 traj: trials=30240000 wall=21754s knowledge=0.7325 reliable=195 spec=7.03 pop=1332
  mpx-70 traj: trials=30300000 wall=21794s knowledge=0.7333 reliable=199 spec=7.02 pop=1305
  mpx-70 traj: trials=30360000 wall=21846s knowledge=0.7341 reliable=190 spec=7.01 pop=1232
  mpx-70 traj: trials=30420000 wall=21890s knowledge=0.7353 reliable=196 spec=7.01 pop=1157
  mpx-70 traj: trials=30480000 wall=21934s knowledge=0.7369 reliable=197 spec=7.02 pop=1294
  mpx-70 traj: trials=30540000 wall=21991s knowledge=0.7378 reliable=202 spec=7.01 pop=1261
  mpx-70 traj: trials=30600000 wall=22034s knowledge=0.7378 reliable=199 spec=7.03 pop=1296
  mpx-70 traj: trials=30660000 wall=22086s knowledge=0.7387 reliable=197 spec=7.02 pop=1184
  mpx-70 traj: trials=30720000 wall=22131s knowledge=0.7372 reliable=198 spec=7.02 pop=1722
  mpx-70 traj: trials=30780000 wall=22168s knowledge=0.7357 reliable=199 spec=7.01 pop=1277
  mpx-70 traj: trials=30840000 wall=22214s knowledge=0.7366 reliable=200 spec=7.01 pop=1203
  mpx-70 traj: trials=30900000 wall=22259s knowledge=0.7357 reliable=202 spec=7.01 pop=1360
  mpx-70 traj: trials=30960000 wall=22313s knowledge=0.7337 reliable=194 spec=7.01 pop=1366
  mpx-70 traj: trials=31020000 wall=22354s knowledge=0.7337 reliable=197 spec=7.01 pop=1812
  mpx-70 traj: trials=31080000 wall=22401s knowledge=0.7354 reliable=198 spec=7.02 pop=1521
  mpx-70 traj: trials=31140000 wall=22450s knowledge=0.7350 reliable=192 spec=7.01 pop=2134
  mpx-70 traj: trials=31200000 wall=22511s knowledge=0.7350 reliable=199 spec=7.01 pop=1504
  mpx-70 traj: trials=31260000 wall=22561s knowledge=0.7350 reliable=196 spec=7.01 pop=1484
  mpx-70 traj: trials=31320000 wall=22619s knowledge=0.7337 reliable=195 spec=7.01 pop=1142
  mpx-70 traj: trials=31380000 wall=22684s knowledge=0.7337 reliable=194 spec=7.01 pop=1281
  mpx-70 traj: trials=31440000 wall=22722s knowledge=0.7337 reliable=193 spec=7.01 pop=1604
  mpx-70 traj: trials=31500000 wall=22780s knowledge=0.7337 reliable=196 spec=7.01 pop=6100
  mpx-70 traj: trials=31560000 wall=22822s knowledge=0.7368 reliable=206 spec=7.01 pop=3754
  mpx-70 traj: trials=31620000 wall=22871s knowledge=0.7357 reliable=203 spec=7.01 pop=1547
  mpx-70 traj: trials=31680000 wall=22927s knowledge=0.7347 reliable=196 spec=7.02 pop=1397
  mpx-70 traj: trials=31740000 wall=22983s knowledge=0.7337 reliable=197 spec=7.01 pop=2333
  mpx-70 traj: trials=31800000 wall=23043s knowledge=0.7337 reliable=192 spec=7.01 pop=1334
  mpx-70 traj: trials=31860000 wall=23078s knowledge=0.7342 reliable=200 spec=7.01 pop=1329
  mpx-70 traj: trials=31920000 wall=23113s knowledge=0.7348 reliable=197 spec=7.01 pop=1034
  mpx-70 traj: trials=31980000 wall=23159s knowledge=0.7357 reliable=199 spec=7.02 pop=1163
  mpx-70 traj: trials=32040000 wall=23210s knowledge=0.7357 reliable=198 spec=7.02 pop=1240
  mpx-70 traj: trials=32100000 wall=23257s knowledge=0.7357 reliable=200 spec=7.01 pop=8180
  mpx-70 traj: trials=32160000 wall=23295s knowledge=0.7357 reliable=198 spec=7.02 pop=1143
  mpx-70 traj: trials=32220000 wall=23356s knowledge=0.7367 reliable=194 spec=7.02 pop=1347
  mpx-70 traj: trials=32280000 wall=23419s knowledge=0.7357 reliable=202 spec=7.01 pop=1356
  mpx-70 traj: trials=32340000 wall=23476s knowledge=0.7357 reliable=195 spec=7.02 pop=1125
  mpx-70 traj: trials=32400000 wall=23524s knowledge=0.7357 reliable=197 spec=7.02 pop=1220
  mpx-70 traj: trials=32460000 wall=23570s knowledge=0.7357 reliable=192 spec=7.02 pop=1370
  mpx-70 traj: trials=32520000 wall=23613s knowledge=0.7357 reliable=202 spec=7.01 pop=1274
  mpx-70 traj: trials=32580000 wall=23667s knowledge=0.7357 reliable=202 spec=7.01 pop=4523
  mpx-70 traj: trials=32640000 wall=23710s knowledge=0.7357 reliable=195 spec=7.02 pop=1237
  mpx-70 traj: trials=32700000 wall=23759s knowledge=0.7376 reliable=199 spec=7.01 pop=1217
  mpx-70 traj: trials=32760000 wall=23789s knowledge=0.7376 reliable=197 spec=7.01 pop=1169
  mpx-70 traj: trials=32820000 wall=23831s knowledge=0.7385 reliable=200 spec=7.01 pop=1185
  mpx-70 traj: trials=32880000 wall=23890s knowledge=0.7400 reliable=197 spec=7.02 pop=1943
  mpx-70 traj: trials=32940000 wall=23937s knowledge=0.7376 reliable=197 spec=7.01 pop=1321
  mpx-70 traj: trials=33000000 wall=23997s knowledge=0.7376 reliable=200 spec=7.01 pop=1400
  mpx-70 traj: trials=33060000 wall=24049s knowledge=0.7397 reliable=199 spec=7.01 pop=1464
  mpx-70 traj: trials=33120000 wall=24095s knowledge=0.7419 reliable=201 spec=7.00 pop=1902
  mpx-70 traj: trials=33180000 wall=24135s knowledge=0.7397 reliable=195 spec=7.01 pop=1373
  mpx-70 traj: trials=33240000 wall=24195s knowledge=0.7397 reliable=202 spec=7.00 pop=1309
  mpx-70 traj: trials=33300000 wall=24250s knowledge=0.7416 reliable=200 spec=7.01 pop=1251
  mpx-70 traj: trials=33360000 wall=24297s knowledge=0.7397 reliable=203 spec=7.00 pop=1273
  mpx-70 traj: trials=33420000 wall=24339s knowledge=0.7410 reliable=201 spec=7.01 pop=1299
  mpx-70 traj: trials=33480000 wall=24417s knowledge=0.7397 reliable=205 spec=7.00 pop=1226
  mpx-70 traj: trials=33540000 wall=24467s knowledge=0.7421 reliable=199 spec=7.02 pop=1897
  mpx-70 traj: trials=33600000 wall=24521s knowledge=0.7419 reliable=200 spec=7.00 pop=1263
  mpx-70 traj: trials=33660000 wall=24576s knowledge=0.7429 reliable=198 spec=7.02 pop=1464
  mpx-70 traj: trials=33720000 wall=24624s knowledge=0.7429 reliable=201 spec=7.01 pop=1477
  mpx-70 traj: trials=33780000 wall=24673s knowledge=0.7429 reliable=207 spec=7.01 pop=1292
  mpx-70 traj: trials=33840000 wall=24722s knowledge=0.7450 reliable=201 spec=7.01 pop=1266
  mpx-70 traj: trials=33900000 wall=24764s knowledge=0.7425 reliable=203 spec=7.03 pop=1246
  mpx-70 traj: trials=33960000 wall=24806s knowledge=0.7416 reliable=204 spec=7.01 pop=1376
  mpx-70 traj: trials=34020000 wall=24842s knowledge=0.7407 reliable=197 spec=7.02 pop=3392
  mpx-70 traj: trials=34080000 wall=24890s knowledge=0.7407 reliable=196 spec=7.02 pop=1401
  mpx-70 traj: trials=34140000 wall=24934s knowledge=0.7407 reliable=197 spec=7.02 pop=1077
  mpx-70 traj: trials=34200000 wall=24970s knowledge=0.7407 reliable=198 spec=7.02 pop=1264
  mpx-70 traj: trials=34260000 wall=25012s knowledge=0.7407 reliable=197 spec=7.02 pop=1217
  mpx-70 traj: trials=34320000 wall=25050s knowledge=0.7407 reliable=198 spec=7.02 pop=1194
  mpx-70 traj: trials=34380000 wall=25116s knowledge=0.7428 reliable=198 spec=7.02 pop=1192
  mpx-70 traj: trials=34440000 wall=25169s knowledge=0.7407 reliable=200 spec=7.01 pop=1135
  mpx-70 traj: trials=34500000 wall=25210s knowledge=0.7407 reliable=200 spec=7.01 pop=1599
  mpx-70 traj: trials=34560000 wall=25265s knowledge=0.7407 reliable=199 spec=7.02 pop=1262
  mpx-70 traj: trials=34620000 wall=25315s knowledge=0.7407 reliable=196 spec=7.02 pop=1301
  mpx-70 traj: trials=34680000 wall=25362s knowledge=0.7417 reliable=200 spec=7.02 pop=1517
  mpx-70 traj: trials=34740000 wall=25421s knowledge=0.7417 reliable=202 spec=7.02 pop=1201
  mpx-70 traj: trials=34800000 wall=25468s knowledge=0.7417 reliable=198 spec=7.01 pop=1183
  mpx-70 traj: trials=34860000 wall=25511s knowledge=0.7420 reliable=197 spec=7.02 pop=1188
  mpx-70 traj: trials=34920000 wall=25574s knowledge=0.7427 reliable=205 spec=7.01 pop=1313
  mpx-70 traj: trials=34980000 wall=25611s knowledge=0.7417 reliable=198 spec=7.00 pop=1454
  mpx-70 traj: trials=35040000 wall=25657s knowledge=0.7417 reliable=201 spec=7.00 pop=1189
  mpx-70 traj: trials=35100000 wall=25700s knowledge=0.7417 reliable=195 spec=7.00 pop=1137
  mpx-70 traj: trials=35160000 wall=25752s knowledge=0.7417 reliable=199 spec=7.00 pop=1288
  mpx-70 traj: trials=35220000 wall=25815s knowledge=0.7423 reliable=196 spec=7.01 pop=1373
  mpx-70 traj: trials=35280000 wall=25861s knowledge=0.7423 reliable=201 spec=7.00 pop=2317
  mpx-70 traj: trials=35340000 wall=25904s knowledge=0.7429 reliable=202 spec=7.00 pop=1195
  mpx-70 traj: trials=35400000 wall=25946s knowledge=0.7429 reliable=197 spec=7.00 pop=1377
  mpx-70 traj: trials=35460000 wall=25992s knowledge=0.7417 reliable=196 spec=7.00 pop=1265
  mpx-70 traj: trials=35520000 wall=26036s knowledge=0.7417 reliable=193 spec=7.00 pop=1267
  mpx-70 traj: trials=35580000 wall=26082s knowledge=0.7423 reliable=199 spec=7.01 pop=1279
  mpx-70 traj: trials=35640000 wall=26122s knowledge=0.7417 reliable=194 spec=7.00 pop=1404
  mpx-70 traj: trials=35700000 wall=26172s knowledge=0.7417 reliable=198 spec=7.00 pop=1440
  mpx-70 traj: trials=35760000 wall=26219s knowledge=0.7417 reliable=198 spec=7.00 pop=1356
  mpx-70 traj: trials=35820000 wall=26264s knowledge=0.7417 reliable=193 spec=7.00 pop=1110
  mpx-70 traj: trials=35880000 wall=26325s knowledge=0.7417 reliable=200 spec=7.00 pop=1431
  mpx-70 traj: trials=35940000 wall=26385s knowledge=0.7428 reliable=197 spec=7.00 pop=1313
  mpx-70 traj: trials=36000000 wall=26440s knowledge=0.7438 reliable=197 spec=7.00 pop=1577
  mpx-70 traj: trials=36060000 wall=26482s knowledge=0.7417 reliable=193 spec=7.00 pop=1417
  mpx-70 traj: trials=36120000 wall=26536s knowledge=0.7423 reliable=198 spec=7.01 pop=1208
  mpx-70 traj: trials=36180000 wall=26584s knowledge=0.7417 reliable=194 spec=7.00 pop=1250
  mpx-70 traj: trials=36240000 wall=26636s knowledge=0.7428 reliable=196 spec=7.01 pop=1510
  mpx-70 traj: trials=36300000 wall=26688s knowledge=0.7428 reliable=196 spec=7.01 pop=1099
  mpx-70 traj: trials=36360000 wall=26731s knowledge=0.7417 reliable=199 spec=7.00 pop=1141
  mpx-70 traj: trials=36420000 wall=26774s knowledge=0.7417 reliable=202 spec=7.00 pop=4490
  mpx-70 traj: trials=36480000 wall=26823s knowledge=0.7417 reliable=198 spec=7.00 pop=1389
  mpx-70 traj: trials=36540000 wall=26899s knowledge=0.7417 reliable=197 spec=7.00 pop=1234
  mpx-70 traj: trials=36600000 wall=26951s knowledge=0.7417 reliable=204 spec=7.00 pop=1443
  mpx-70 traj: trials=36660000 wall=27005s knowledge=0.7417 reliable=200 spec=7.00 pop=2581
  mpx-70 traj: trials=36720000 wall=27054s knowledge=0.7417 reliable=195 spec=7.00 pop=1144
  mpx-70 traj: trials=36780000 wall=27108s knowledge=0.7417 reliable=199 spec=6.99 pop=1228
  mpx-70 traj: trials=36840000 wall=27154s knowledge=0.7417 reliable=202 spec=7.00 pop=1464
  mpx-70 traj: trials=36900000 wall=27220s knowledge=0.7417 reliable=193 spec=7.00 pop=1121
  mpx-70 traj: trials=36960000 wall=27257s knowledge=0.7417 reliable=199 spec=7.00 pop=1194
  mpx-70 traj: trials=37020000 wall=27302s knowledge=0.7429 reliable=196 spec=7.00 pop=1249
  mpx-70 traj: trials=37080000 wall=27349s knowledge=0.7429 reliable=197 spec=7.00 pop=1591
  mpx-70 traj: trials=37140000 wall=27435s knowledge=0.7417 reliable=200 spec=7.00 pop=1492
  mpx-70 traj: trials=37200000 wall=27485s knowledge=0.7417 reliable=196 spec=7.00 pop=1135
  mpx-70 traj: trials=37260000 wall=27523s knowledge=0.7417 reliable=199 spec=7.00 pop=1265
  mpx-70 traj: trials=37320000 wall=27565s knowledge=0.7427 reliable=199 spec=7.00 pop=1187
  mpx-70 traj: trials=37380000 wall=27605s knowledge=0.7427 reliable=195 spec=7.00 pop=1320
  mpx-70 traj: trials=37440000 wall=27661s knowledge=0.7417 reliable=204 spec=7.00 pop=4011
  mpx-70 traj: trials=37500000 wall=27719s knowledge=0.7427 reliable=201 spec=7.01 pop=1337
  mpx-70 traj: trials=37560000 wall=27761s knowledge=0.7417 reliable=197 spec=7.00 pop=1283
  mpx-70 traj: trials=37620000 wall=27800s knowledge=0.7417 reliable=198 spec=7.00 pop=1306
  mpx-70 traj: trials=37680000 wall=27841s knowledge=0.7427 reliable=199 spec=7.00 pop=1421
  mpx-70 traj: trials=37740000 wall=27903s knowledge=0.7427 reliable=202 spec=7.00 pop=1337
  mpx-70 traj: trials=37800000 wall=27961s knowledge=0.7417 reliable=198 spec=7.00 pop=1476
  mpx-70 traj: trials=37860000 wall=28013s knowledge=0.7417 reliable=211 spec=7.00 pop=1224
  mpx-70 traj: trials=37920000 wall=28061s knowledge=0.7422 reliable=198 spec=7.01 pop=1151
  mpx-70 traj: trials=37980000 wall=28106s knowledge=0.7417 reliable=195 spec=7.00 pop=1227
  mpx-70 traj: trials=38040000 wall=28152s knowledge=0.7422 reliable=203 spec=7.00 pop=1260
  mpx-70 traj: trials=38100000 wall=28200s knowledge=0.7426 reliable=196 spec=7.01 pop=4620
  mpx-70 traj: trials=38160000 wall=28238s knowledge=0.7430 reliable=197 spec=7.01 pop=1159
  mpx-70 traj: trials=38220000 wall=28293s knowledge=0.7417 reliable=197 spec=7.00 pop=1069
  mpx-70 traj: trials=38280000 wall=28337s knowledge=0.7417 reliable=201 spec=7.00 pop=1257
  mpx-70 traj: trials=38340000 wall=28380s knowledge=0.7417 reliable=198 spec=7.00 pop=1173
  mpx-70 traj: trials=38400000 wall=28429s knowledge=0.7417 reliable=194 spec=7.00 pop=1435
  mpx-70 traj: trials=38460000 wall=28473s knowledge=0.7417 reliable=199 spec=7.00 pop=2370
  mpx-70 traj: trials=38520000 wall=28524s knowledge=0.7417 reliable=196 spec=7.00 pop=1162
  mpx-70 traj: trials=38580000 wall=28574s knowledge=0.7427 reliable=201 spec=7.00 pop=1345
  mpx-70 traj: trials=38640000 wall=28647s knowledge=0.7431 reliable=197 spec=7.01 pop=1251
  mpx-70 traj: trials=38700000 wall=28694s knowledge=0.7417 reliable=196 spec=7.00 pop=1414
  mpx-70 traj: trials=38760000 wall=28739s knowledge=0.7417 reliable=197 spec=7.00 pop=1819
  mpx-70 traj: trials=38820000 wall=28797s knowledge=0.7417 reliable=197 spec=7.00 pop=1324
  mpx-70 traj: trials=38880000 wall=28835s knowledge=0.7417 reliable=199 spec=7.00 pop=1456
  mpx-70 traj: trials=38940000 wall=28882s knowledge=0.7417 reliable=197 spec=7.00 pop=1101
  mpx-70 traj: trials=39000000 wall=28919s knowledge=0.7417 reliable=200 spec=7.00 pop=3161
  mpx-70 traj: trials=39060000 wall=28964s knowledge=0.7417 reliable=197 spec=7.00 pop=1663
  mpx-70 traj: trials=39120000 wall=29018s knowledge=0.7417 reliable=194 spec=7.00 pop=1132
  mpx-70 traj: trials=39180000 wall=29065s knowledge=0.7422 reliable=197 spec=7.01 pop=1225
  mpx-70 traj: trials=39240000 wall=29113s knowledge=0.7417 reliable=198 spec=7.00 pop=1542
  mpx-70 traj: trials=39300000 wall=29159s knowledge=0.7417 reliable=200 spec=7.00 pop=1285
  mpx-70 traj: trials=39360000 wall=29217s knowledge=0.7417 reliable=199 spec=7.00 pop=2988
  mpx-70 traj: trials=39420000 wall=29270s knowledge=0.7428 reliable=196 spec=7.00 pop=1323
  mpx-70 traj: trials=39480000 wall=29317s knowledge=0.7417 reliable=194 spec=7.00 pop=3820
  mpx-70 traj: trials=39540000 wall=29360s knowledge=0.7417 reliable=193 spec=7.00 pop=1216
  mpx-70 traj: trials=39600000 wall=29410s knowledge=0.7417 reliable=197 spec=7.00 pop=1186
  mpx-70 traj: trials=39660000 wall=29463s knowledge=0.7417 reliable=198 spec=7.00 pop=5129
  mpx-70 traj: trials=39720000 wall=29502s knowledge=0.7417 reliable=198 spec=7.00 pop=1272
  mpx-70 traj: trials=39780000 wall=29553s knowledge=0.7417 reliable=196 spec=7.00 pop=1258
  mpx-70 traj: trials=39840000 wall=29592s knowledge=0.7417 reliable=195 spec=7.00 pop=1129
  mpx-70 traj: trials=39900000 wall=29628s knowledge=0.7417 reliable=192 spec=7.00 pop=1256
  mpx-70 traj: trials=39960000 wall=29671s knowledge=0.7417 reliable=203 spec=7.00 pop=1278
  mpx-70 traj: trials=40020000 wall=29724s knowledge=0.7438 reliable=199 spec=7.00 pop=1233
  mpx-70 traj: trials=40080000 wall=29767s knowledge=0.7438 reliable=199 spec=7.00 pop=1105
  mpx-70 traj: trials=40140000 wall=29821s knowledge=0.7438 reliable=197 spec=7.00 pop=2876
  mpx-70 traj: trials=40200000 wall=29882s knowledge=0.7417 reliable=195 spec=7.00 pop=1150
  mpx-70 traj: trials=40260000 wall=29940s knowledge=0.7438 reliable=200 spec=7.00 pop=1213
  mpx-70 traj: trials=40320000 wall=29983s knowledge=0.7458 reliable=201 spec=7.00 pop=3993
  mpx-70 traj: trials=40380000 wall=30046s knowledge=0.7458 reliable=199 spec=7.00 pop=1189
  mpx-70 traj: trials=40440000 wall=30091s knowledge=0.7458 reliable=195 spec=7.00 pop=1122
  mpx-70 traj: trials=40500000 wall=30131s knowledge=0.7458 reliable=198 spec=7.00 pop=1169
  mpx-70 traj: trials=40560000 wall=30174s knowledge=0.7458 reliable=204 spec=7.00 pop=1351
  mpx-70 traj: trials=40620000 wall=30230s knowledge=0.7458 reliable=198 spec=7.00 pop=1604
  mpx-70 traj: trials=40680000 wall=30270s knowledge=0.7469 reliable=198 spec=7.00 pop=1337
  mpx-70 traj: trials=40740000 wall=30327s knowledge=0.7458 reliable=196 spec=7.00 pop=4349
  mpx-70 traj: trials=40800000 wall=30363s knowledge=0.7458 reliable=196 spec=7.00 pop=1223
  mpx-70 traj: trials=40860000 wall=30428s knowledge=0.7458 reliable=198 spec=7.00 pop=1225
  mpx-70 traj: trials=40920000 wall=30477s knowledge=0.7458 reliable=196 spec=7.00 pop=1243
  mpx-70 traj: trials=40980000 wall=30525s knowledge=0.7458 reliable=196 spec=7.00 pop=1228
  mpx-70 traj: trials=41040000 wall=30575s knowledge=0.7458 reliable=199 spec=7.00 pop=1145
  mpx-70 traj: trials=41100000 wall=30637s knowledge=0.7458 reliable=200 spec=7.00 pop=1202
  mpx-70 traj: trials=41160000 wall=30680s knowledge=0.7458 reliable=197 spec=7.00 pop=1314
  mpx-70 traj: trials=41220000 wall=30744s knowledge=0.7458 reliable=197 spec=7.00 pop=1165
  mpx-70 traj: trials=41280000 wall=30785s knowledge=0.7458 reliable=197 spec=7.00 pop=5001
  mpx-70 traj: trials=41340000 wall=30822s knowledge=0.7458 reliable=196 spec=7.00 pop=1463
  mpx-70 traj: trials=41400000 wall=30869s knowledge=0.7458 reliable=199 spec=7.00 pop=1704
  mpx-70 traj: trials=41460000 wall=30906s knowledge=0.7458 reliable=199 spec=7.00 pop=1190
  mpx-70 traj: trials=41520000 wall=30947s knowledge=0.7458 reliable=199 spec=7.00 pop=1190
  mpx-70 traj: trials=41580000 wall=30999s knowledge=0.7458 reliable=198 spec=7.00 pop=1084
  mpx-70 traj: trials=41640000 wall=31038s knowledge=0.7478 reliable=197 spec=7.00 pop=1066
  mpx-70 traj: trials=41700000 wall=31085s knowledge=0.7478 reliable=199 spec=7.00 pop=1241
  mpx-70 traj: trials=41760000 wall=31137s knowledge=0.7478 reliable=201 spec=7.00 pop=1242
  mpx-70 traj: trials=41820000 wall=31187s knowledge=0.7458 reliable=198 spec=7.00 pop=1197
  mpx-70 traj: trials=41880000 wall=31232s knowledge=0.7478 reliable=202 spec=7.00 pop=1725
  mpx-70 traj: trials=41940000 wall=31274s knowledge=0.7478 reliable=203 spec=7.00 pop=1173
  mpx-70 traj: trials=42000000 wall=31318s knowledge=0.7478 reliable=195 spec=7.00 pop=1209
  mpx-70 traj: trials=42060000 wall=31355s knowledge=0.7478 reliable=199 spec=7.00 pop=1498
  mpx-70 traj: trials=42120000 wall=31404s knowledge=0.7478 reliable=203 spec=7.00 pop=1583
  mpx-70 traj: trials=42180000 wall=31455s knowledge=0.7478 reliable=199 spec=7.00 pop=1488
  mpx-70 traj: trials=42240000 wall=31497s knowledge=0.7458 reliable=197 spec=7.00 pop=1187
  mpx-70 traj: trials=42300000 wall=31534s knowledge=0.7458 reliable=195 spec=7.00 pop=1343
  mpx-70 traj: trials=42360000 wall=31604s knowledge=0.7458 reliable=198 spec=7.00 pop=1271
  mpx-70 traj: trials=42420000 wall=31663s knowledge=0.7458 reliable=198 spec=7.00 pop=1221
  mpx-70 traj: trials=42480000 wall=31717s knowledge=0.7458 reliable=196 spec=7.00 pop=1431
  mpx-70 traj: trials=42540000 wall=31753s knowledge=0.7458 reliable=201 spec=7.00 pop=1225
  mpx-70 traj: trials=42600000 wall=31794s knowledge=0.7458 reliable=197 spec=7.00 pop=1181
  mpx-70 traj: trials=42660000 wall=31845s knowledge=0.7458 reliable=195 spec=7.00 pop=1667
  mpx-70 traj: trials=42720000 wall=31887s knowledge=0.7458 reliable=201 spec=7.00 pop=1213
  mpx-70 traj: trials=42780000 wall=31935s knowledge=0.7458 reliable=199 spec=7.00 pop=1318
  mpx-70 traj: trials=42840000 wall=31974s knowledge=0.7468 reliable=198 spec=7.00 pop=1208
  mpx-70 traj: trials=42900000 wall=32028s knowledge=0.7458 reliable=198 spec=7.00 pop=1344
  mpx-70 traj: trials=42960000 wall=32077s knowledge=0.7458 reliable=198 spec=7.00 pop=1314
  mpx-70 traj: trials=43020000 wall=32124s knowledge=0.7458 reliable=202 spec=7.00 pop=1345
  mpx-70 traj: trials=43080000 wall=32171s knowledge=0.7467 reliable=199 spec=7.01 pop=1518
  mpx-70 traj: trials=43140000 wall=32216s knowledge=0.7469 reliable=196 spec=7.00 pop=1117
  mpx-70 traj: trials=43200000 wall=32269s knowledge=0.7458 reliable=198 spec=7.00 pop=1042
  mpx-70 traj: trials=43260000 wall=32314s knowledge=0.7458 reliable=195 spec=7.00 pop=1160
  mpx-70 traj: trials=43320000 wall=32365s knowledge=0.7469 reliable=203 spec=7.00 pop=1255
  mpx-70 traj: trials=43380000 wall=32420s knowledge=0.7469 reliable=197 spec=7.01 pop=1159
  mpx-70 traj: trials=43440000 wall=32480s knowledge=0.7469 reliable=202 spec=7.00 pop=1324
  mpx-70 traj: trials=43500000 wall=32536s knowledge=0.7458 reliable=198 spec=7.00 pop=1567
  mpx-70 traj: trials=43560000 wall=32580s knowledge=0.7458 reliable=200 spec=7.00 pop=1105
  mpx-70 traj: trials=43620000 wall=32625s knowledge=0.7458 reliable=199 spec=7.00 pop=1117
  mpx-70 traj: trials=43680000 wall=32686s knowledge=0.7458 reliable=194 spec=7.00 pop=1161
  mpx-70 traj: trials=43740000 wall=32740s knowledge=0.7458 reliable=195 spec=7.00 pop=1922
  mpx-70 traj: trials=43800000 wall=32788s knowledge=0.7458 reliable=203 spec=7.00 pop=4428
  mpx-70 traj: trials=43860000 wall=32838s knowledge=0.7458 reliable=200 spec=7.00 pop=1227
  mpx-70 traj: trials=43920000 wall=32894s knowledge=0.7458 reliable=197 spec=7.00 pop=1215
  mpx-70 traj: trials=43980000 wall=32927s knowledge=0.7458 reliable=204 spec=7.00 pop=1256
  mpx-70 traj: trials=44040000 wall=32965s knowledge=0.7458 reliable=196 spec=7.00 pop=1168
  mpx-70 traj: trials=44100000 wall=32997s knowledge=0.7458 reliable=201 spec=7.00 pop=1252
  mpx-70 traj: trials=44160000 wall=33040s knowledge=0.7458 reliable=196 spec=7.00 pop=1234
  mpx-70 traj: trials=44220000 wall=33084s knowledge=0.7458 reliable=192 spec=7.00 pop=1186
  mpx-70 traj: trials=44280000 wall=33127s knowledge=0.7458 reliable=195 spec=7.00 pop=1553
  mpx-70 traj: trials=44340000 wall=33181s knowledge=0.7458 reliable=203 spec=7.00 pop=1304
  mpx-70 traj: trials=44400000 wall=33234s knowledge=0.7458 reliable=201 spec=7.00 pop=1198
  mpx-70 traj: trials=44460000 wall=33289s knowledge=0.7458 reliable=200 spec=7.00 pop=1148
  mpx-70 traj: trials=44520000 wall=33335s knowledge=0.7468 reliable=201 spec=7.00 pop=1147
  mpx-70 traj: trials=44580000 wall=33396s knowledge=0.7490 reliable=198 spec=7.01 pop=1193
  mpx-70 traj: trials=44640000 wall=33438s knowledge=0.7480 reliable=199 spec=7.00 pop=1308
  mpx-70 traj: trials=44700000 wall=33482s knowledge=0.7480 reliable=196 spec=7.00 pop=1092
  mpx-70 traj: trials=44760000 wall=33536s knowledge=0.7480 reliable=201 spec=7.00 pop=1227
  mpx-70 traj: trials=44820000 wall=33584s knowledge=0.7490 reliable=200 spec=7.00 pop=2086
  mpx-70 traj: trials=44880000 wall=33627s knowledge=0.7480 reliable=199 spec=7.00 pop=1571
  mpx-70 traj: trials=44940000 wall=33676s knowledge=0.7470 reliable=198 spec=7.01 pop=1136
  mpx-70 traj: trials=45000000 wall=33724s knowledge=0.7480 reliable=203 spec=7.00 pop=1176
  mpx-70 traj: trials=45060000 wall=33757s knowledge=0.7470 reliable=200 spec=7.00 pop=1118
  mpx-70 traj: trials=45120000 wall=33830s knowledge=0.7470 reliable=201 spec=7.00 pop=1464
  mpx-70 traj: trials=45180000 wall=33867s knowledge=0.7460 reliable=199 spec=7.00 pop=2500
  mpx-70 traj: trials=45240000 wall=33920s knowledge=0.7460 reliable=197 spec=7.00 pop=1270
  mpx-70 traj: trials=45300000 wall=33963s knowledge=0.7460 reliable=196 spec=7.00 pop=1190
  mpx-70 traj: trials=45360000 wall=34021s knowledge=0.7460 reliable=200 spec=7.00 pop=1454
  mpx-70 traj: trials=45420000 wall=34077s knowledge=0.7500 reliable=197 spec=7.00 pop=1081
  mpx-70 traj: trials=45480000 wall=34120s knowledge=0.7500 reliable=198 spec=7.00 pop=1167
  mpx-70 traj: trials=45540000 wall=34166s knowledge=0.7500 reliable=197 spec=7.00 pop=1231
  mpx-70 traj: trials=45600000 wall=34211s knowledge=0.7500 reliable=205 spec=7.00 pop=1423
  mpx-70 traj: trials=45660000 wall=34267s knowledge=0.7500 reliable=204 spec=7.00 pop=1351
  mpx-70 traj: trials=45720000 wall=34307s knowledge=0.7500 reliable=203 spec=7.00 pop=1161
  mpx-70 traj: trials=45780000 wall=34353s knowledge=0.7500 reliable=200 spec=7.00 pop=1201
  mpx-70 traj: trials=45840000 wall=34403s knowledge=0.7500 reliable=199 spec=7.00 pop=1205
  mpx-70 traj: trials=45900000 wall=34452s knowledge=0.7500 reliable=200 spec=7.00 pop=1264
  mpx-70 traj: trials=45960000 wall=34497s knowledge=0.7500 reliable=199 spec=7.00 pop=1137
  mpx-70 traj: trials=46020000 wall=34544s knowledge=0.7500 reliable=195 spec=7.00 pop=1411
  mpx-70 traj: trials=46080000 wall=34591s knowledge=0.7500 reliable=199 spec=7.00 pop=1164
  mpx-70 traj: trials=46140000 wall=34639s knowledge=0.7500 reliable=197 spec=7.00 pop=1473
  mpx-70 traj: trials=46200000 wall=34694s knowledge=0.7500 reliable=195 spec=7.00 pop=1170
  mpx-70 traj: trials=46260000 wall=34736s knowledge=0.7500 reliable=197 spec=7.00 pop=1308
  mpx-70 traj: trials=46320000 wall=34782s knowledge=0.7500 reliable=200 spec=7.00 pop=1485
  mpx-70 traj: trials=46380000 wall=34829s knowledge=0.7500 reliable=195 spec=7.00 pop=1656
  mpx-70 traj: trials=46440000 wall=34885s knowledge=0.7500 reliable=200 spec=7.00 pop=1131
  mpx-70 traj: trials=46500000 wall=34932s knowledge=0.7500 reliable=203 spec=7.00 pop=1185
  mpx-70 traj: trials=46560000 wall=34967s knowledge=0.7500 reliable=202 spec=7.00 pop=1106
  mpx-70 traj: trials=46620000 wall=35015s knowledge=0.7500 reliable=201 spec=7.00 pop=1170
  mpx-70 traj: trials=46680000 wall=35069s knowledge=0.7500 reliable=203 spec=7.00 pop=1315
  mpx-70 traj: trials=46740000 wall=35130s knowledge=0.7500 reliable=200 spec=7.00 pop=1226
  mpx-70 traj: trials=46800000 wall=35173s knowledge=0.7500 reliable=200 spec=7.00 pop=1216
  mpx-70 traj: trials=46860000 wall=35218s knowledge=0.7500 reliable=198 spec=7.00 pop=1549
  mpx-70 traj: trials=46920000 wall=35267s knowledge=0.7500 reliable=197 spec=7.00 pop=1174
  mpx-70 traj: trials=46980000 wall=35319s knowledge=0.7500 reliable=200 spec=7.00 pop=1240
  mpx-70 traj: trials=47040000 wall=35353s knowledge=0.7500 reliable=198 spec=7.00 pop=8737
  mpx-70 traj: trials=47100000 wall=35396s knowledge=0.7500 reliable=196 spec=7.00 pop=1052
  mpx-70 traj: trials=47160000 wall=35443s knowledge=0.7500 reliable=203 spec=7.00 pop=1222
  mpx-70 traj: trials=47220000 wall=35493s knowledge=0.7484 reliable=199 spec=7.00 pop=1435
  mpx-70 traj: trials=47280000 wall=35538s knowledge=0.7476 reliable=200 spec=7.00 pop=1206
  mpx-70 traj: trials=47340000 wall=35579s knowledge=0.7483 reliable=202 spec=7.00 pop=1159
  mpx-70 traj: trials=47400000 wall=35618s knowledge=0.7475 reliable=195 spec=7.00 pop=1223
  mpx-70 traj: trials=47460000 wall=35668s knowledge=0.7467 reliable=200 spec=7.00 pop=1567
  mpx-70 traj: trials=47520000 wall=35714s knowledge=0.7493 reliable=200 spec=7.00 pop=1206
  mpx-70 traj: trials=47580000 wall=35776s knowledge=0.7467 reliable=199 spec=7.00 pop=1310
  mpx-70 traj: trials=47640000 wall=35825s knowledge=0.7475 reliable=202 spec=7.00 pop=1415
  mpx-70 traj: trials=47700000 wall=35866s knowledge=0.7476 reliable=203 spec=7.01 pop=1118
  mpx-70 traj: trials=47760000 wall=35920s knowledge=0.7478 reliable=202 spec=7.00 pop=1453
  mpx-70 traj: trials=47820000 wall=35980s knowledge=0.7475 reliable=202 spec=7.00 pop=1269
  mpx-70 traj: trials=47880000 wall=36039s knowledge=0.7477 reliable=201 spec=7.00 pop=1349
  mpx-70 traj: trials=47940000 wall=36094s knowledge=0.7476 reliable=200 spec=7.00 pop=1013
  mpx-70 traj: trials=48000000 wall=36137s knowledge=0.7477 reliable=199 spec=7.01 pop=1500
  mpx-70 traj: trials=48060000 wall=36183s knowledge=0.7483 reliable=199 spec=7.01 pop=1266
  mpx-70 traj: trials=48120000 wall=36228s knowledge=0.7491 reliable=205 spec=7.01 pop=11400
  mpx-70 traj: trials=48180000 wall=36305s knowledge=0.7500 reliable=202 spec=7.00 pop=1206
  mpx-70 traj: trials=48240000 wall=36353s knowledge=0.7500 reliable=197 spec=7.00 pop=2050
  mpx-70 traj: trials=48300000 wall=36403s knowledge=0.7500 reliable=201 spec=7.00 pop=1146
  mpx-70 traj: trials=48360000 wall=36453s knowledge=0.7500 reliable=196 spec=7.00 pop=1383
  mpx-70 traj: trials=48420000 wall=36508s knowledge=0.7500 reliable=197 spec=7.00 pop=1319
  mpx-70 traj: trials=48480000 wall=36554s knowledge=0.7500 reliable=202 spec=7.00 pop=1441
  mpx-70 traj: trials=48540000 wall=36602s knowledge=0.7500 reliable=201 spec=7.00 pop=1249
  mpx-70 traj: trials=48600000 wall=36638s knowledge=0.7500 reliable=197 spec=7.00 pop=1299
  mpx-70 traj: trials=48660000 wall=36701s knowledge=0.7500 reliable=204 spec=7.00 pop=1341
  mpx-70 traj: trials=48720000 wall=36740s knowledge=0.7500 reliable=201 spec=7.00 pop=2159
  mpx-70 traj: trials=48780000 wall=36787s knowledge=0.7500 reliable=200 spec=7.00 pop=1192
  mpx-70 traj: trials=48840000 wall=36836s knowledge=0.7500 reliable=198 spec=7.00 pop=1288
  mpx-70 traj: trials=48900000 wall=36874s knowledge=0.7500 reliable=202 spec=7.00 pop=1169
  mpx-70 traj: trials=48960000 wall=36915s knowledge=0.7500 reliable=203 spec=7.00 pop=1222
  mpx-70 traj: trials=49020000 wall=36965s knowledge=0.7500 reliable=202 spec=7.00 pop=1859
  mpx-70 traj: trials=49080000 wall=37013s knowledge=0.7500 reliable=195 spec=7.00 pop=1188
  mpx-70 traj: trials=49140000 wall=37054s knowledge=0.7500 reliable=200 spec=7.00 pop=1304
  mpx-70 traj: trials=49200000 wall=37105s knowledge=0.7500 reliable=196 spec=7.00 pop=1199
  mpx-70 traj: trials=49260000 wall=37153s knowledge=0.7500 reliable=202 spec=7.00 pop=1198
  mpx-70 traj: trials=49320000 wall=37195s knowledge=0.7500 reliable=201 spec=7.00 pop=1359
  mpx-70 traj: trials=49380000 wall=37246s knowledge=0.7500 reliable=202 spec=7.00 pop=2148
  mpx-70 traj: trials=49440000 wall=37295s knowledge=0.7500 reliable=201 spec=7.00 pop=1390
  mpx-70 traj: trials=49500000 wall=37357s knowledge=0.7500 reliable=197 spec=7.00 pop=1280
  mpx-70 traj: trials=49560000 wall=37417s knowledge=0.7500 reliable=203 spec=7.00 pop=1299
  mpx-70 traj: trials=49620000 wall=37473s knowledge=0.7500 reliable=195 spec=7.00 pop=1328
  mpx-70 traj: trials=49680000 wall=37515s knowledge=0.7500 reliable=202 spec=7.00 pop=1313
  mpx-70 traj: trials=49740000 wall=37550s knowledge=0.7500 reliable=199 spec=7.00 pop=1326
  mpx-70 traj: trials=49800000 wall=37597s knowledge=0.7500 reliable=198 spec=7.00 pop=1476
  mpx-70 traj: trials=49860000 wall=37649s knowledge=0.7500 reliable=199 spec=7.00 pop=1161
  mpx-70 traj: trials=49920000 wall=37692s knowledge=0.7500 reliable=202 spec=7.00 pop=1214
  mpx-70 traj: trials=49980000 wall=37753s knowledge=0.7500 reliable=200 spec=7.00 pop=1184
  mpx-70 traj: trials=50040000 wall=37784s knowledge=0.7500 reliable=201 spec=7.00 pop=1266
  mpx-70 traj: trials=50100000 wall=37836s knowledge=0.7500 reliable=203 spec=7.00 pop=1158
  mpx-70 traj: trials=50160000 wall=37913s knowledge=0.7500 reliable=199 spec=7.00 pop=1451
  mpx-70 traj: trials=50220000 wall=37971s knowledge=0.7500 reliable=196 spec=7.00 pop=1534
  mpx-70 traj: trials=50280000 wall=38024s knowledge=0.7500 reliable=197 spec=7.00 pop=1094
  mpx-70 traj: trials=50340000 wall=38063s knowledge=0.7500 reliable=193 spec=7.00 pop=1938
  mpx-70 traj: trials=50400000 wall=38117s knowledge=0.7500 reliable=200 spec=7.00 pop=1187
  mpx-70 traj: trials=50460000 wall=38161s knowledge=0.7500 reliable=203 spec=7.00 pop=1251
  mpx-70 traj: trials=50520000 wall=38194s knowledge=0.7500 reliable=204 spec=7.00 pop=1189
  mpx-70 traj: trials=50580000 wall=38268s knowledge=0.7500 reliable=203 spec=7.00 pop=1291
  mpx-70 traj: trials=50640000 wall=38330s knowledge=0.7500 reliable=202 spec=7.00 pop=1265
  mpx-70 traj: trials=50700000 wall=38372s knowledge=0.7500 reliable=203 spec=7.00 pop=1305
  mpx-70 traj: trials=50760000 wall=38421s knowledge=0.7500 reliable=206 spec=7.00 pop=1520
  mpx-70 traj: trials=50820000 wall=38472s knowledge=0.7500 reliable=200 spec=7.00 pop=1200
  mpx-70 traj: trials=50880000 wall=38526s knowledge=0.7500 reliable=200 spec=7.00 pop=5471
  mpx-70 traj: trials=50940000 wall=38572s knowledge=0.7500 reliable=202 spec=7.00 pop=1196
  mpx-70 traj: trials=51000000 wall=38629s knowledge=0.7500 reliable=203 spec=7.00 pop=1452
  mpx-70 traj: trials=51060000 wall=38679s knowledge=0.7500 reliable=205 spec=7.00 pop=1115
  mpx-70 traj: trials=51120000 wall=38726s knowledge=0.7500 reliable=194 spec=7.00 pop=1367
  mpx-70 traj: trials=51180000 wall=38769s knowledge=0.7500 reliable=201 spec=7.00 pop=1378
  mpx-70 traj: trials=51240000 wall=38818s knowledge=0.7500 reliable=202 spec=7.00 pop=1072
  mpx-70 traj: trials=51300000 wall=38873s knowledge=0.7500 reliable=201 spec=7.00 pop=1336
  mpx-70 traj: trials=51360000 wall=38922s knowledge=0.7500 reliable=197 spec=7.00 pop=1232
  mpx-70 traj: trials=51420000 wall=38988s knowledge=0.7500 reliable=199 spec=7.00 pop=1489
  mpx-70 traj: trials=51480000 wall=39046s knowledge=0.7500 reliable=195 spec=7.00 pop=1257
  mpx-70 traj: trials=51540000 wall=39108s knowledge=0.7500 reliable=201 spec=7.00 pop=2578
  mpx-70 traj: trials=51600000 wall=39158s knowledge=0.7500 reliable=199 spec=7.00 pop=1282
  mpx-70 traj: trials=51660000 wall=39208s knowledge=0.7500 reliable=199 spec=7.00 pop=1653
  mpx-70 traj: trials=51720000 wall=39262s knowledge=0.7500 reliable=199 spec=7.00 pop=1301
  mpx-70 traj: trials=51780000 wall=39339s knowledge=0.7500 reliable=203 spec=7.00 pop=1308
  mpx-70 traj: trials=51840000 wall=39408s knowledge=0.7500 reliable=199 spec=7.00 pop=1192
  mpx-70 traj: trials=51900000 wall=39468s knowledge=0.7500 reliable=201 spec=7.00 pop=1199
  mpx-70 traj: trials=51960000 wall=39516s knowledge=0.7500 reliable=199 spec=7.00 pop=1617
  mpx-70 traj: trials=52020000 wall=39558s knowledge=0.7500 reliable=197 spec=7.00 pop=3073
  mpx-70 traj: trials=52080000 wall=39607s knowledge=0.7500 reliable=203 spec=7.00 pop=1129
  mpx-70 traj: trials=52140000 wall=39664s knowledge=0.7500 reliable=203 spec=7.00 pop=1385
  mpx-70 traj: trials=52200000 wall=39742s knowledge=0.7500 reliable=201 spec=7.00 pop=1206
  mpx-70 traj: trials=52260000 wall=39782s knowledge=0.7500 reliable=202 spec=7.00 pop=1309
  mpx-70 traj: trials=52320000 wall=39844s knowledge=0.7500 reliable=197 spec=7.00 pop=1398
  mpx-70 traj: trials=52380000 wall=39887s knowledge=0.7500 reliable=199 spec=7.00 pop=1531
  mpx-70 traj: trials=52440000 wall=39937s knowledge=0.7500 reliable=204 spec=7.00 pop=1234
  mpx-70 traj: trials=52500000 wall=39981s knowledge=0.7500 reliable=198 spec=7.00 pop=1195
  mpx-70 traj: trials=52560000 wall=40030s knowledge=0.7500 reliable=201 spec=7.00 pop=1121
  mpx-70 traj: trials=52620000 wall=40094s knowledge=0.7500 reliable=204 spec=7.00 pop=1183
  mpx-70 traj: trials=52680000 wall=40131s knowledge=0.7500 reliable=197 spec=7.00 pop=2375
  mpx-70 traj: trials=52740000 wall=40172s knowledge=0.7500 reliable=198 spec=7.00 pop=1392
  mpx-70 traj: trials=52800000 wall=40217s knowledge=0.7500 reliable=200 spec=7.00 pop=1389
  mpx-70 traj: trials=52860000 wall=40266s knowledge=0.7500 reliable=202 spec=7.00 pop=1147
  mpx-70 traj: trials=52920000 wall=40328s knowledge=0.7500 reliable=199 spec=7.00 pop=1429
  mpx-70 traj: trials=52980000 wall=40363s knowledge=0.7502 reliable=203 spec=7.02 pop=1159
  mpx-70 traj: trials=53040000 wall=40400s knowledge=0.7502 reliable=195 spec=7.02 pop=1493
  mpx-70 traj: trials=53100000 wall=40463s knowledge=0.7502 reliable=201 spec=7.02 pop=1270
  mpx-70 traj: trials=53160000 wall=40509s knowledge=0.7502 reliable=212 spec=7.01 pop=1097
  mpx-70 traj: trials=53220000 wall=40570s knowledge=0.7502 reliable=201 spec=7.02 pop=1226
  mpx-70 traj: trials=53280000 wall=40621s knowledge=0.7502 reliable=200 spec=7.02 pop=1425
  mpx-70 traj: trials=53340000 wall=40671s knowledge=0.7502 reliable=205 spec=7.02 pop=1291
  mpx-70 traj: trials=53400000 wall=40710s knowledge=0.7502 reliable=204 spec=7.02 pop=1343
  mpx-70 traj: trials=53460000 wall=40749s knowledge=0.7510 reliable=202 spec=7.03 pop=1180
  mpx-70 traj: trials=53520000 wall=40793s knowledge=0.7538 reliable=201 spec=7.02 pop=2121
  mpx-70 traj: trials=53580000 wall=40823s knowledge=0.7538 reliable=208 spec=7.00 pop=1148
  mpx-70 traj: trials=53640000 wall=40884s knowledge=0.7538 reliable=198 spec=7.00 pop=1139
  mpx-70 traj: trials=53700000 wall=40924s knowledge=0.7538 reliable=197 spec=7.00 pop=1132
  mpx-70 traj: trials=53760000 wall=40991s knowledge=0.7538 reliable=198 spec=7.00 pop=1503
  mpx-70 traj: trials=53820000 wall=41027s knowledge=0.7538 reliable=198 spec=7.00 pop=1131
  mpx-70 traj: trials=53880000 wall=41058s knowledge=0.7538 reliable=197 spec=7.00 pop=1547
  mpx-70 traj: trials=53940000 wall=41102s knowledge=0.7538 reliable=201 spec=7.00 pop=1135
  mpx-70 traj: trials=54000000 wall=41160s knowledge=0.7538 reliable=202 spec=7.00 pop=1438
  mpx-70 traj: trials=54060000 wall=41207s knowledge=0.7538 reliable=198 spec=7.00 pop=1289
  mpx-70 traj: trials=54120000 wall=41254s knowledge=0.7538 reliable=199 spec=7.00 pop=1386
  mpx-70 traj: trials=54180000 wall=41292s knowledge=0.7538 reliable=200 spec=7.00 pop=1064
  mpx-70 traj: trials=54240000 wall=41337s knowledge=0.7538 reliable=201 spec=7.00 pop=1176
  mpx-70 traj: trials=54300000 wall=41371s knowledge=0.7538 reliable=202 spec=7.00 pop=1182
  mpx-70 traj: trials=54360000 wall=41418s knowledge=0.7538 reliable=207 spec=7.00 pop=1173
  mpx-70 traj: trials=54420000 wall=41456s knowledge=0.7538 reliable=202 spec=7.00 pop=1189
  mpx-70 traj: trials=54480000 wall=41496s knowledge=0.7538 reliable=201 spec=7.00 pop=1282
  mpx-70 traj: trials=54540000 wall=41540s knowledge=0.7538 reliable=201 spec=7.00 pop=1249
  mpx-70 traj: trials=54600000 wall=41591s knowledge=0.7538 reliable=199 spec=7.00 pop=1379
  mpx-70 traj: trials=54660000 wall=41638s knowledge=0.7538 reliable=201 spec=7.00 pop=1369
  mpx-70 traj: trials=54720000 wall=41700s knowledge=0.7538 reliable=198 spec=7.00 pop=1438
  mpx-70 traj: trials=54780000 wall=41736s knowledge=0.7538 reliable=203 spec=7.00 pop=1328
  mpx-70 traj: trials=54840000 wall=41792s knowledge=0.7538 reliable=202 spec=7.00 pop=1284
  mpx-70 traj: trials=54900000 wall=41840s knowledge=0.7538 reliable=202 spec=7.00 pop=1224
  mpx-70 traj: trials=54960000 wall=41888s knowledge=0.7538 reliable=199 spec=7.00 pop=1511
  mpx-70 traj: trials=55020000 wall=41936s knowledge=0.7538 reliable=204 spec=7.00 pop=1271
  mpx-70 traj: trials=55080000 wall=41979s knowledge=0.7538 reliable=200 spec=7.00 pop=2187
  mpx-70 traj: trials=55140000 wall=42016s knowledge=0.7538 reliable=198 spec=7.00 pop=1134
  mpx-70 traj: trials=55200000 wall=42066s knowledge=0.7538 reliable=198 spec=7.00 pop=1531
  mpx-70 traj: trials=55260000 wall=42106s knowledge=0.7538 reliable=197 spec=7.00 pop=1403
  mpx-70 traj: trials=55320000 wall=42150s knowledge=0.7538 reliable=198 spec=7.00 pop=1235
  mpx-70 traj: trials=55380000 wall=42204s knowledge=0.7538 reliable=197 spec=7.00 pop=1574
  mpx-70 traj: trials=55440000 wall=42247s knowledge=0.7538 reliable=205 spec=7.00 pop=1393
  mpx-70 traj: trials=55500000 wall=42312s knowledge=0.7549 reliable=207 spec=7.00 pop=1158
  mpx-70 traj: trials=55560000 wall=42354s knowledge=0.7517 reliable=198 spec=7.00 pop=1219
  mpx-70 traj: trials=55620000 wall=42405s knowledge=0.7517 reliable=199 spec=7.00 pop=1057
  mpx-70 traj: trials=55680000 wall=42466s knowledge=0.7547 reliable=200 spec=7.00 pop=4615
  mpx-70 traj: trials=55740000 wall=42510s knowledge=0.7525 reliable=197 spec=7.00 pop=1278
  mpx-70 traj: trials=55800000 wall=42553s knowledge=0.7547 reliable=200 spec=7.00 pop=1098
  mpx-70 traj: trials=55860000 wall=42591s knowledge=0.7547 reliable=202 spec=7.00 pop=1212
  mpx-70 traj: trials=55920000 wall=42633s knowledge=0.7497 reliable=201 spec=7.00 pop=1431
  mpx-70 traj: trials=55980000 wall=42667s knowledge=0.7528 reliable=201 spec=7.00 pop=1187
  mpx-70 traj: trials=56040000 wall=42721s knowledge=0.7538 reliable=206 spec=7.00 pop=1168
  mpx-70 traj: trials=56100000 wall=42765s knowledge=0.7523 reliable=201 spec=7.00 pop=1370
  mpx-70 traj: trials=56160000 wall=42805s knowledge=0.7518 reliable=202 spec=7.00 pop=1203
  mpx-70 traj: trials=56220000 wall=42863s knowledge=0.7517 reliable=200 spec=7.00 pop=1296
  mpx-70 traj: trials=56280000 wall=42916s knowledge=0.7529 reliable=202 spec=7.00 pop=1323
  mpx-70 traj: trials=56340000 wall=42965s knowledge=0.7537 reliable=202 spec=7.00 pop=1544
  mpx-70 traj: trials=56400000 wall=43002s knowledge=0.7537 reliable=204 spec=7.00 pop=1852
  mpx-70 traj: trials=56460000 wall=43042s knowledge=0.7538 reliable=204 spec=7.02 pop=1150
  mpx-70 traj: trials=56520000 wall=43099s knowledge=0.7538 reliable=205 spec=7.02 pop=1140
  mpx-70 traj: trials=56580000 wall=43154s knowledge=0.7538 reliable=204 spec=7.02 pop=3335
  mpx-70 traj: trials=56640000 wall=43191s knowledge=0.7538 reliable=202 spec=7.02 pop=1133
  mpx-70 traj: trials=56700000 wall=43239s knowledge=0.7538 reliable=201 spec=7.02 pop=1170
  mpx-70 traj: trials=56760000 wall=43283s knowledge=0.7538 reliable=202 spec=7.02 pop=1367
  mpx-70 traj: trials=56820000 wall=43323s knowledge=0.7538 reliable=201 spec=7.02 pop=1139
  mpx-70 traj: trials=56880000 wall=43361s knowledge=0.7555 reliable=202 spec=7.00 pop=1256
  mpx-70 traj: trials=56940000 wall=43409s knowledge=0.7555 reliable=202 spec=7.00 pop=1188
  mpx-70 traj: trials=57000000 wall=43478s knowledge=0.7565 reliable=203 spec=7.00 pop=1133
  mpx-70 traj: trials=57060000 wall=43518s knowledge=0.7546 reliable=203 spec=7.00 pop=1146
  mpx-70 traj: trials=57120000 wall=43574s knowledge=0.7537 reliable=199 spec=7.00 pop=1258
  mpx-70 traj: trials=57180000 wall=43623s knowledge=0.7557 reliable=198 spec=7.00 pop=1094
  mpx-70 traj: trials=57240000 wall=43665s knowledge=0.7557 reliable=199 spec=7.00 pop=1219
  mpx-70 traj: trials=57300000 wall=43706s knowledge=0.7557 reliable=202 spec=7.00 pop=1250
  mpx-70 traj: trials=57360000 wall=43751s knowledge=0.7577 reliable=207 spec=7.00 pop=1092
  mpx-70 traj: trials=57420000 wall=43809s knowledge=0.7587 reliable=203 spec=7.00 pop=1267
  mpx-70 traj: trials=57480000 wall=43857s knowledge=0.7596 reliable=209 spec=7.00 pop=1173
  mpx-70 traj: trials=57540000 wall=43900s knowledge=0.7612 reliable=204 spec=7.00 pop=1211
  mpx-70 traj: trials=57600000 wall=43937s knowledge=0.7593 reliable=199 spec=7.00 pop=1443
  mpx-70 traj: trials=57660000 wall=43973s knowledge=0.7595 reliable=199 spec=7.00 pop=1385
  mpx-70 traj: trials=57720000 wall=44011s knowledge=0.7637 reliable=205 spec=7.00 pop=1303
  mpx-70 traj: trials=57780000 wall=44055s knowledge=0.7617 reliable=200 spec=7.00 pop=1167
  mpx-70 traj: trials=57840000 wall=44102s knowledge=0.7634 reliable=207 spec=7.01 pop=1082
  mpx-70 traj: trials=57900000 wall=44134s knowledge=0.7651 reliable=210 spec=7.00 pop=1333
  mpx-70 traj: trials=57960000 wall=44180s knowledge=0.7679 reliable=208 spec=7.00 pop=1230
  mpx-70 traj: trials=58020000 wall=44219s knowledge=0.7701 reliable=213 spec=7.00 pop=1196
  mpx-70 traj: trials=58080000 wall=44262s knowledge=0.7690 reliable=208 spec=7.01 pop=2146
  mpx-70 traj: trials=58140000 wall=44291s knowledge=0.7707 reliable=214 spec=7.00 pop=3908
  mpx-70 traj: trials=58200000 wall=44326s knowledge=0.7707 reliable=203 spec=7.00 pop=1055
  mpx-70 traj: trials=58260000 wall=44364s knowledge=0.7717 reliable=206 spec=7.00 pop=1812
  mpx-70 traj: trials=58320000 wall=44397s knowledge=0.7720 reliable=207 spec=7.00 pop=1217
  mpx-70 traj: trials=58380000 wall=44432s knowledge=0.7731 reliable=205 spec=7.00 pop=1505
  mpx-70 traj: trials=58440000 wall=44463s knowledge=0.7739 reliable=213 spec=7.00 pop=1326
  mpx-70 traj: trials=58500000 wall=44491s knowledge=0.7711 reliable=212 spec=7.00 pop=1202
  mpx-70 traj: trials=58560000 wall=44528s knowledge=0.7728 reliable=211 spec=7.00 pop=6607
  mpx-70 traj: trials=58620000 wall=44566s knowledge=0.7728 reliable=202 spec=7.00 pop=1125
  mpx-70 traj: trials=58680000 wall=44606s knowledge=0.7736 reliable=207 spec=7.00 pop=1118
  mpx-70 traj: trials=58740000 wall=44648s knowledge=0.7728 reliable=207 spec=7.00 pop=1160
  mpx-70 traj: trials=58800000 wall=44685s knowledge=0.7719 reliable=204 spec=7.00 pop=1264
  mpx-70 traj: trials=58860000 wall=44712s knowledge=0.7729 reliable=203 spec=7.00 pop=1293
  mpx-70 traj: trials=58920000 wall=44746s knowledge=0.7756 reliable=207 spec=7.00 pop=1197
  mpx-70 traj: trials=58980000 wall=44775s knowledge=0.7766 reliable=215 spec=7.00 pop=1137
  mpx-70 traj: trials=59040000 wall=44821s knowledge=0.7786 reliable=211 spec=7.00 pop=2672
  mpx-70 traj: trials=59100000 wall=44841s knowledge=0.7775 reliable=205 spec=7.00 pop=1242
  mpx-70 traj: trials=59160000 wall=44867s knowledge=0.7788 reliable=207 spec=7.00 pop=1569
  mpx-70 traj: trials=59220000 wall=44898s knowledge=0.7805 reliable=210 spec=7.00 pop=1269
  mpx-70 traj: trials=59280000 wall=44931s knowledge=0.7805 reliable=210 spec=7.00 pop=1122
  mpx-70 traj: trials=59340000 wall=44963s knowledge=0.7786 reliable=209 spec=7.00 pop=1288
  mpx-70 traj: trials=59400000 wall=44990s knowledge=0.7825 reliable=207 spec=7.00 pop=1077
  mpx-70 traj: trials=59460000 wall=45019s knowledge=0.7833 reliable=209 spec=7.00 pop=1147
  mpx-70 traj: trials=59520000 wall=45051s knowledge=0.7910 reliable=212 spec=7.00 pop=1262
  mpx-70 traj: trials=59580000 wall=45083s knowledge=0.7910 reliable=214 spec=7.00 pop=1245
  mpx-70 traj: trials=59640000 wall=45108s knowledge=0.7974 reliable=215 spec=7.00 pop=1857
  mpx-70 traj: trials=59700000 wall=45125s knowledge=0.8014 reliable=221 spec=7.00 pop=1162
  mpx-70 traj: trials=59760000 wall=45155s knowledge=0.8003 reliable=216 spec=7.00 pop=1916
  mpx-70 traj: trials=59820000 wall=45173s knowledge=0.7975 reliable=211 spec=7.00 pop=1091
  mpx-70 traj: trials=59880000 wall=45195s knowledge=0.7978 reliable=213 spec=7.00 pop=1172
  mpx-70 traj: trials=59940000 wall=45210s knowledge=0.8001 reliable=211 spec=7.00 pop=1242
  mpx-70 traj: trials=60000000 wall=45237s knowledge=0.8120 reliable=219 spec=7.00 pop=998
  mpx-70 traj: trials=60060000 wall=45258s knowledge=0.8124 reliable=227 spec=7.00 pop=1163
  mpx-70 traj: trials=60120000 wall=45278s knowledge=0.8134 reliable=218 spec=7.02 pop=1084
  mpx-70 traj: trials=60180000 wall=45295s knowledge=0.8180 reliable=224 spec=7.03 pop=1174
  mpx-70 traj: trials=60240000 wall=45314s knowledge=0.8212 reliable=223 spec=7.02 pop=1079
  mpx-70 traj: trials=60300000 wall=45334s knowledge=0.8269 reliable=226 spec=7.00 pop=1192
  mpx-70 traj: trials=60360000 wall=45350s knowledge=0.8289 reliable=227 spec=7.00 pop=1142
  mpx-70 traj: trials=60420000 wall=45362s knowledge=0.8284 reliable=223 spec=7.00 pop=1105
  mpx-70 traj: trials=60480000 wall=45374s knowledge=0.8268 reliable=230 spec=7.01 pop=1235
  mpx-70 traj: trials=60540000 wall=45390s knowledge=0.8241 reliable=225 spec=7.00 pop=1086
  mpx-70 traj: trials=60600000 wall=45402s knowledge=0.8273 reliable=223 spec=7.00 pop=1103
  mpx-70 traj: trials=60660000 wall=45412s knowledge=0.8279 reliable=224 spec=7.00 pop=1048
  mpx-70 traj: trials=60720000 wall=45424s knowledge=0.8341 reliable=231 spec=7.00 pop=1120
  mpx-70 traj: trials=60780000 wall=45434s knowledge=0.8342 reliable=226 spec=7.00 pop=1034
  mpx-70 traj: trials=60840000 wall=45460s knowledge=0.8352 reliable=225 spec=7.02 pop=1025
  mpx-70 traj: trials=60900000 wall=45480s knowledge=0.8300 reliable=222 spec=7.00 pop=1081
  mpx-70 traj: trials=60960000 wall=45489s knowledge=0.8433 reliable=230 spec=7.00 pop=1130
  mpx-70 traj: trials=61020000 wall=45501s knowledge=0.8428 reliable=235 spec=7.01 pop=1115
  mpx-70 traj: trials=61080000 wall=45512s knowledge=0.8446 reliable=231 spec=7.00 pop=1091
  mpx-70 traj: trials=61140000 wall=45523s knowledge=0.8466 reliable=234 spec=7.00 pop=1304
  mpx-70 traj: trials=61200000 wall=45533s knowledge=0.8487 reliable=228 spec=7.01 pop=1169
  mpx-70 traj: trials=61260000 wall=45544s knowledge=0.8506 reliable=232 spec=7.00 pop=1114
  mpx-70 traj: trials=61320000 wall=45553s knowledge=0.8540 reliable=229 spec=7.01 pop=1180
  mpx-70 traj: trials=61380000 wall=45562s knowledge=0.8548 reliable=235 spec=7.02 pop=1148
  mpx-70 traj: trials=61440000 wall=45572s knowledge=0.8600 reliable=232 spec=7.00 pop=1066
  mpx-70 traj: trials=61500000 wall=45583s knowledge=0.8649 reliable=233 spec=7.00 pop=1139
  mpx-70 traj: trials=61560000 wall=45598s knowledge=0.8610 reliable=235 spec=7.01 pop=1112
  mpx-70 traj: trials=61620000 wall=45612s knowledge=0.8608 reliable=234 spec=7.00 pop=1120
  mpx-70 traj: trials=61680000 wall=45621s knowledge=0.8622 reliable=235 spec=7.00 pop=1176
  mpx-70 traj: trials=61740000 wall=45631s knowledge=0.8583 reliable=230 spec=7.01 pop=1078
  mpx-70 traj: trials=61800000 wall=45639s knowledge=0.8650 reliable=233 spec=7.01 pop=1041
  mpx-70 traj: trials=61860000 wall=45649s knowledge=0.8677 reliable=237 spec=7.00 pop=1072
  mpx-70 traj: trials=61920000 wall=45658s knowledge=0.8667 reliable=234 spec=7.01 pop=1100
  mpx-70 traj: trials=61980000 wall=45666s knowledge=0.8722 reliable=237 spec=7.01 pop=1092
  mpx-70 traj: trials=62040000 wall=45675s knowledge=0.8717 reliable=238 spec=7.00 pop=1082
  mpx-70 traj: trials=62100000 wall=45683s knowledge=0.8693 reliable=237 spec=7.01 pop=1087
  mpx-70 traj: trials=62160000 wall=45692s knowledge=0.8803 reliable=237 spec=7.01 pop=1190
  mpx-70 traj: trials=62220000 wall=45701s knowledge=0.8743 reliable=244 spec=7.03 pop=1185
  mpx-70 traj: trials=62280000 wall=45710s knowledge=0.8860 reliable=248 spec=7.03 pop=1219
  mpx-70 traj: trials=62340000 wall=45721s knowledge=0.8883 reliable=244 spec=7.02 pop=1102
  mpx-70 traj: trials=62400000 wall=45730s knowledge=0.8884 reliable=247 spec=7.04 pop=1086
  mpx-70 traj: trials=62460000 wall=45738s knowledge=0.8984 reliable=253 spec=7.06 pop=1092
  mpx-70 traj: trials=62520000 wall=45747s knowledge=0.9087 reliable=253 spec=7.06 pop=1151
  mpx-70 traj: trials=62580000 wall=45755s knowledge=0.9090 reliable=248 spec=7.02 pop=1151
  mpx-70 traj: trials=62640000 wall=45763s knowledge=0.9108 reliable=249 spec=7.02 pop=1203
  mpx-70 traj: trials=62700000 wall=45771s knowledge=0.9171 reliable=253 spec=7.02 pop=1138
  mpx-70 traj: trials=62760000 wall=45779s knowledge=0.9149 reliable=246 spec=7.00 pop=1138
  mpx-70 traj: trials=62820000 wall=45787s knowledge=0.9209 reliable=253 spec=7.02 pop=1135
  mpx-70 traj: trials=62880000 wall=45796s knowledge=0.9204 reliable=248 spec=7.01 pop=1127
  mpx-70 traj: trials=62940000 wall=45804s knowledge=0.9250 reliable=253 spec=7.01 pop=1234
  mpx-70 traj: trials=63000000 wall=45812s knowledge=0.9246 reliable=255 spec=7.01 pop=1183
  mpx-70 traj: trials=63060000 wall=45820s knowledge=0.9287 reliable=252 spec=7.01 pop=1093
  mpx-70 traj: trials=63120000 wall=45828s knowledge=0.9339 reliable=259 spec=7.01 pop=1148
  mpx-70 traj: trials=63180000 wall=45836s knowledge=0.9306 reliable=256 spec=7.00 pop=1103
  mpx-70 traj: trials=63240000 wall=45844s knowledge=0.9372 reliable=262 spec=7.03 pop=1172
  mpx-70 traj: trials=63300000 wall=45852s knowledge=0.9381 reliable=259 spec=7.02 pop=1211
  mpx-70 traj: trials=63360000 wall=45860s knowledge=0.9502 reliable=263 spec=7.03 pop=1189
  mpx-70 traj: trials=63420000 wall=45868s knowledge=0.9471 reliable=260 spec=7.01 pop=1195
  mpx-70 traj: trials=63480000 wall=45877s knowledge=0.9495 reliable=260 spec=7.02 pop=1215
  mpx-70 traj: trials=63540000 wall=45885s knowledge=0.9450 reliable=254 spec=7.02 pop=1206
  mpx-70 traj: trials=63600000 wall=45892s knowledge=0.9479 reliable=259 spec=7.00 pop=1165
  mpx-70 traj: trials=63660000 wall=45900s knowledge=0.9530 reliable=263 spec=7.01 pop=1199
  mpx-70 traj: trials=63720000 wall=45909s knowledge=0.9542 reliable=260 spec=7.01 pop=1161
  mpx-70 traj: trials=63780000 wall=45917s knowledge=0.9542 reliable=267 spec=7.00 pop=1206
  mpx-70 traj: trials=63840000 wall=45925s knowledge=0.9562 reliable=268 spec=7.00 pop=1210
  mpx-70 traj: trials=63900000 wall=45933s knowledge=0.9621 reliable=266 spec=7.02 pop=1245
  mpx-70 traj: trials=63960000 wall=45941s knowledge=0.9609 reliable=269 spec=7.03 pop=1216
  mpx-70 traj: trials=64020000 wall=45949s knowledge=0.9611 reliable=265 spec=7.02 pop=1251
  mpx-70 traj: trials=64080000 wall=45957s knowledge=0.9626 reliable=264 spec=7.02 pop=1190
  mpx-70 traj: trials=64140000 wall=45965s knowledge=0.9657 reliable=259 spec=7.01 pop=1150
  mpx-70 traj: trials=64200000 wall=45973s knowledge=0.9626 reliable=256 spec=7.00 pop=1158
  mpx-70 traj: trials=64260000 wall=45981s knowledge=0.9630 reliable=260 spec=7.00 pop=1148
  mpx-70 traj: trials=64320000 wall=45989s knowledge=0.9645 reliable=260 spec=7.00 pop=1200
  mpx-70 traj: trials=64380000 wall=45997s knowledge=0.9691 reliable=268 spec=7.01 pop=1251
  mpx-70 traj: trials=64440000 wall=46005s knowledge=0.9740 reliable=267 spec=7.00 pop=1130
  mpx-70 traj: trials=64500000 wall=46013s knowledge=0.9737 reliable=260 spec=7.00 pop=1137
  mpx-70 traj: trials=64560000 wall=46021s knowledge=0.9751 reliable=264 spec=7.00 pop=1197
  mpx-70 traj: trials=64620000 wall=46029s knowledge=0.9745 reliable=260 spec=7.00 pop=1171
  mpx-70 traj: trials=64680000 wall=46037s knowledge=0.9771 reliable=271 spec=7.00 pop=1189
  mpx-70 traj: trials=64740000 wall=46045s knowledge=0.9774 reliable=272 spec=7.01 pop=1190
  mpx-70 traj: trials=64800000 wall=46053s knowledge=0.9813 reliable=268 spec=7.01 pop=1211
  mpx-70 traj: trials=64860000 wall=46061s knowledge=0.9900 reliable=277 spec=7.00 pop=1257
  mpx-70 traj: trials=64920000 wall=46069s knowledge=0.9889 reliable=275 spec=7.00 pop=1183
  mpx-70 traj: trials=64980000 wall=46077s knowledge=0.9844 reliable=268 spec=7.00 pop=1150
  mpx-70 traj: trials=65040000 wall=46085s knowledge=0.9829 reliable=273 spec=7.00 pop=1208
  mpx-70 traj: trials=65100000 wall=46093s knowledge=0.9820 reliable=266 spec=7.00 pop=1164
  mpx-70 traj: trials=65160000 wall=46101s knowledge=0.9839 reliable=260 spec=7.00 pop=1129
  mpx-70 traj: trials=65220000 wall=46108s knowledge=0.9825 reliable=266 spec=7.00 pop=1207
  mpx-70 traj: trials=65280000 wall=46116s knowledge=0.9882 reliable=270 spec=7.00 pop=1181
  mpx-70 traj: trials=65340000 wall=46124s knowledge=0.9876 reliable=266 spec=7.00 pop=1225
  mpx-70 traj: trials=65400000 wall=46132s knowledge=0.9845 reliable=265 spec=7.00 pop=1178
  mpx-70 traj: trials=65460000 wall=46140s knowledge=0.9879 reliable=273 spec=7.01 pop=1197
  mpx-70 traj: trials=65520000 wall=46148s knowledge=0.9884 reliable=268 spec=7.00 pop=1206
  mpx-70 traj: trials=65580000 wall=46156s knowledge=0.9899 reliable=267 spec=7.01 pop=1183
  mpx-70 traj: trials=65640000 wall=46164s knowledge=0.9875 reliable=265 spec=7.01 pop=1243
  mpx-70 traj: trials=65700000 wall=46172s knowledge=0.9909 reliable=276 spec=7.01 pop=1218
  mpx-70 traj: trials=65760000 wall=46179s knowledge=0.9933 reliable=271 spec=7.00 pop=1189
  mpx-70 traj: trials=65820000 wall=46187s knowledge=0.9944 reliable=264 spec=7.00 pop=1232
  mpx-70 traj: trials=65880000 wall=46195s knowledge=0.9949 reliable=271 spec=7.00 pop=1216
  mpx-70 traj: trials=65940000 wall=46203s knowledge=0.9932 reliable=274 spec=7.00 pop=1167
  mpx-70 traj: trials=66000000 wall=46211s knowledge=0.9946 reliable=269 spec=7.00 pop=1179
  mpx-70 traj: trials=66060000 wall=46219s knowledge=0.9921 reliable=264 spec=7.00 pop=1166
  mpx-70 traj: trials=66120000 wall=46227s knowledge=0.9921 reliable=265 spec=7.00 pop=1202
  mpx-70 traj: trials=66180000 wall=46234s knowledge=0.9950 reliable=268 spec=7.00 pop=1263
  mpx-70 traj: trials=66240000 wall=46242s knowledge=0.9960 reliable=273 spec=7.00 pop=1229
  mpx-70 traj: trials=66300000 wall=46250s knowledge=0.9960 reliable=265 spec=7.00 pop=1241
  mpx-70 traj: trials=66360000 wall=46258s knowledge=0.9981 reliable=273 spec=7.00 pop=1191
  mpx-70 traj: trials=66420000 wall=46266s knowledge=1.0000 reliable=268 spec=7.00 pop=1265
  mpx-70 repeat 0: SUCCESS trials=66420000 knowledge=1.0000 reliable=268 spec=7.00/71 peak_macro=20363 peak_rss=0.00GB wall=46265.9s
  mpx-70 verdict agreement across 1 repeats: ALL AGREE
