run-provenance: commit=d97b718 job=5856652 tag=eps1b_u11 size=135 seed=42 time_cap=1080000s partition=bem2-cpu-normal host=r22c01b03.bem2.kdm.wcss.pl started=2026-09-09T13:43:49+02:00
run-argv: --log-coverage 
acs2-bench mpx-reach: agent=acs2 sizes=[135] n_exp=1 seed=42 rss_cap=5.6GB time_cap=1080000s do_ga=true alp_gen_variant=pyalcs epsilon=1 encoding=flip eval_interval=120000
  mem mpx-135 (N=136): condition=272B effect=272B mark=3264B (stack) classifier=3896B  mark/classifier=83.8%  rss-cap pop-threshold=1437371
  mpx-135 trials_cap=18446744073709551615 (= 20000*2^(k-6)*10, clamped to u64::MAX) u_max=11
  mpx-135 traj: trials=120000 wall=323s knowledge=0.0000 reliable=0 spec=0.00 pop=4570
  mpx-135 cover: trials=120000 overall=0.0000 a0_nochange=0.0000 a0_change=0.0000 a1_nochange=0.0000 a1_change=0.0000 matched_but_wrong=0
  mpx-135 acc: trials=120000 accuracy=0.5006
  mpx-135 traj: trials=240000 wall=539s knowledge=0.0000 reliable=0 spec=0.00 pop=4922
  mpx-135 cover: trials=240000 overall=0.0000 a0_nochange=0.0000 a0_change=0.0000 a1_nochange=0.0000 a1_change=0.0000 matched_but_wrong=0
  mpx-135 acc: trials=240000 accuracy=0.5032
  mpx-135 traj: trials=360000 wall=726s knowledge=0.0000 reliable=0 spec=0.00 pop=4917
  mpx-135 cover: trials=360000 overall=0.0000 a0_nochange=0.0000 a0_change=0.0000 a1_nochange=0.0000 a1_change=0.0000 matched_but_wrong=0
  mpx-135 acc: trials=360000 accuracy=0.5045
  mpx-135 traj: trials=480000 wall=944s knowledge=0.0000 reliable=0 spec=0.00 pop=4965
  mpx-135 cover: trials=480000 overall=0.0000 a0_nochange=0.0000 a0_change=0.0000 a1_nochange=0.0000 a1_change=0.0000 matched_but_wrong=0
  mpx-135 acc: trials=480000 accuracy=0.5056
  mpx-135 traj: trials=600000 wall=1154s knowledge=0.0000 reliable=0 spec=0.00 pop=4748
  mpx-135 cover: trials=600000 overall=0.0000 a0_nochange=0.0000 a0_change=0.0000 a1_nochange=0.0000 a1_change=0.0000 matched_but_wrong=0
  mpx-135 acc: trials=600000 accuracy=0.5012
  mpx-135 traj: trials=720000 wall=1351s knowledge=0.0000 reliable=0 spec=0.00 pop=5266
  mpx-135 cover: trials=720000 overall=0.0000 a0_nochange=0.0000 a0_change=0.0000 a1_nochange=0.0000 a1_change=0.0000 matched_but_wrong=0
  mpx-135 acc: trials=720000 accuracy=0.4981
  mpx-135 traj: trials=840000 wall=1558s knowledge=0.0000 reliable=0 spec=0.00 pop=5257
  mpx-135 cover: trials=840000 overall=0.0000 a0_nochange=0.0000 a0_change=0.0000 a1_nochange=0.0000 a1_change=0.0000 matched_but_wrong=0
  mpx-135 acc: trials=840000 accuracy=0.5061
  mpx-135 traj: trials=960000 wall=1766s knowledge=0.0000 reliable=0 spec=0.00 pop=5134
  mpx-135 cover: trials=960000 overall=0.0000 a0_nochange=0.0000 a0_change=0.0000 a1_nochange=0.0000 a1_change=0.0000 matched_but_wrong=0
  mpx-135 acc: trials=960000 accuracy=0.5014
  mpx-135 traj: trials=1080000 wall=1976s knowledge=0.0000 reliable=0 spec=0.00 pop=5187
  mpx-135 cover: trials=1080000 overall=0.0000 a0_nochange=0.0000 a0_change=0.0000 a1_nochange=0.0000 a1_change=0.0000 matched_but_wrong=0
  mpx-135 acc: trials=1080000 accuracy=0.5068
  mpx-135 traj: trials=1200000 wall=2178s knowledge=0.0000 reliable=0 spec=0.00 pop=5169
  mpx-135 cover: trials=1200000 overall=0.0000 a0_nochange=0.0000 a0_change=0.0000 a1_nochange=0.0000 a1_change=0.0000 matched_but_wrong=0
  mpx-135 acc: trials=1200000 accuracy=0.5027
  mpx-135 traj: trials=1320000 wall=2380s knowledge=0.0000 reliable=0 spec=0.00 pop=4952
  mpx-135 cover: trials=1320000 overall=0.0000 a0_nochange=0.0000 a0_change=0.0000 a1_nochange=0.0000 a1_change=0.0000 matched_but_wrong=0
  mpx-135 acc: trials=1320000 accuracy=0.5018
  mpx-135 traj: trials=1440000 wall=2596s knowledge=0.0000 reliable=0 spec=0.00 pop=5337
  mpx-135 cover: trials=1440000 overall=0.0000 a0_nochange=0.0000 a0_change=0.0000 a1_nochange=0.0000 a1_change=0.0000 matched_but_wrong=0
  mpx-135 acc: trials=1440000 accuracy=0.5005
  mpx-135 traj: trials=1560000 wall=2803s knowledge=0.0000 reliable=0 spec=0.00 pop=5107
  mpx-135 cover: trials=1560000 overall=0.0000 a0_nochange=0.0000 a0_change=0.0000 a1_nochange=0.0000 a1_change=0.0000 matched_but_wrong=0
  mpx-135 acc: trials=1560000 accuracy=0.5032
  mpx-135 traj: trials=1680000 wall=3000s knowledge=0.0000 reliable=0 spec=0.00 pop=5397
  mpx-135 cover: trials=1680000 overall=0.0000 a0_nochange=0.0000 a0_change=0.0000 a1_nochange=0.0000 a1_change=0.0000 matched_but_wrong=0
  mpx-135 acc: trials=1680000 accuracy=0.5041
  mpx-135 traj: trials=1800000 wall=3222s knowledge=0.0000 reliable=0 spec=0.00 pop=5245
  mpx-135 cover: trials=1800000 overall=0.0000 a0_nochange=0.0000 a0_change=0.0000 a1_nochange=0.0000 a1_change=0.0000 matched_but_wrong=0
  mpx-135 acc: trials=1800000 accuracy=0.5037
  mpx-135 traj: trials=1920000 wall=3415s knowledge=0.0000 reliable=0 spec=0.00 pop=5686
  mpx-135 cover: trials=1920000 overall=0.0000 a0_nochange=0.0000 a0_change=0.0000 a1_nochange=0.0000 a1_change=0.0000 matched_but_wrong=0
  mpx-135 acc: trials=1920000 accuracy=0.5045
  mpx-135 traj: trials=2040000 wall=3613s knowledge=0.0000 reliable=0 spec=0.00 pop=5341
  mpx-135 cover: trials=2040000 overall=0.0000 a0_nochange=0.0000 a0_change=0.0000 a1_nochange=0.0000 a1_change=0.0000 matched_but_wrong=0
  mpx-135 acc: trials=2040000 accuracy=0.5026
  mpx-135 traj: trials=2160000 wall=3811s knowledge=0.0000 reliable=0 spec=0.00 pop=5311
  mpx-135 cover: trials=2160000 overall=0.0000 a0_nochange=0.0000 a0_change=0.0000 a1_nochange=0.0000 a1_change=0.0000 matched_but_wrong=0
  mpx-135 acc: trials=2160000 accuracy=0.5029
  mpx-135 traj: trials=2280000 wall=4004s knowledge=0.0000 reliable=0 spec=0.00 pop=5522
  mpx-135 cover: trials=2280000 overall=0.0000 a0_nochange=0.0000 a0_change=0.0000 a1_nochange=0.0000 a1_change=0.0000 matched_but_wrong=0
  mpx-135 acc: trials=2280000 accuracy=0.5034
  mpx-135 traj: trials=2400000 wall=4224s knowledge=0.0000 reliable=0 spec=0.00 pop=5554
  mpx-135 cover: trials=2400000 overall=0.0000 a0_nochange=0.0000 a0_change=0.0000 a1_nochange=0.0000 a1_change=0.0000 matched_but_wrong=0
  mpx-135 acc: trials=2400000 accuracy=0.5005
  mpx-135 traj: trials=2520000 wall=4419s knowledge=0.0000 reliable=0 spec=0.00 pop=5407
  mpx-135 cover: trials=2520000 overall=0.0000 a0_nochange=0.0000 a0_change=0.0000 a1_nochange=0.0000 a1_change=0.0000 matched_but_wrong=0
  mpx-135 acc: trials=2520000 accuracy=0.5052
  mpx-135 traj: trials=2640000 wall=4612s knowledge=0.0000 reliable=0 spec=0.00 pop=5675
  mpx-135 cover: trials=2640000 overall=0.0000 a0_nochange=0.0000 a0_change=0.0000 a1_nochange=0.0000 a1_change=0.0000 matched_but_wrong=0
  mpx-135 acc: trials=2640000 accuracy=0.5041
  mpx-135 traj: trials=2760000 wall=4817s knowledge=0.0000 reliable=0 spec=0.00 pop=8132
  mpx-135 cover: trials=2760000 overall=0.0000 a0_nochange=0.0000 a0_change=0.0000 a1_nochange=0.0000 a1_change=0.0000 matched_but_wrong=0
  mpx-135 acc: trials=2760000 accuracy=0.5010
  mpx-135 traj: trials=2880000 wall=5023s knowledge=0.0000 reliable=0 spec=0.00 pop=5396
  mpx-135 cover: trials=2880000 overall=0.0000 a0_nochange=0.0000 a0_change=0.0000 a1_nochange=0.0000 a1_change=0.0000 matched_but_wrong=0
  mpx-135 acc: trials=2880000 accuracy=0.5015
  mpx-135 traj: trials=3000000 wall=5236s knowledge=0.0000 reliable=0 spec=0.00 pop=5564
  mpx-135 cover: trials=3000000 overall=0.0000 a0_nochange=0.0000 a0_change=0.0000 a1_nochange=0.0000 a1_change=0.0000 matched_but_wrong=0
  mpx-135 acc: trials=3000000 accuracy=0.5014
  mpx-135 traj: trials=3120000 wall=5446s knowledge=0.0000 reliable=0 spec=0.00 pop=5310
  mpx-135 cover: trials=3120000 overall=0.0000 a0_nochange=0.0000 a0_change=0.0000 a1_nochange=0.0000 a1_change=0.0000 matched_but_wrong=0
  mpx-135 acc: trials=3120000 accuracy=0.5039
  mpx-135 traj: trials=3240000 wall=5639s knowledge=0.0000 reliable=0 spec=0.00 pop=5308
  mpx-135 cover: trials=3240000 overall=0.0000 a0_nochange=0.0000 a0_change=0.0000 a1_nochange=0.0000 a1_change=0.0000 matched_but_wrong=0
  mpx-135 acc: trials=3240000 accuracy=0.5000
  mpx-135 traj: trials=3360000 wall=5856s knowledge=0.0000 reliable=0 spec=0.00 pop=5309
  mpx-135 cover: trials=3360000 overall=0.0000 a0_nochange=0.0000 a0_change=0.0000 a1_nochange=0.0000 a1_change=0.0000 matched_but_wrong=0
  mpx-135 acc: trials=3360000 accuracy=0.5054
  mpx-135 traj: trials=3480000 wall=6060s knowledge=0.0000 reliable=0 spec=0.00 pop=5649
  mpx-135 cover: trials=3480000 overall=0.0000 a0_nochange=0.0000 a0_change=0.0000 a1_nochange=0.0000 a1_change=0.0000 matched_but_wrong=0
  mpx-135 acc: trials=3480000 accuracy=0.5012
  mpx-135 traj: trials=3600000 wall=6313s knowledge=0.0000 reliable=0 spec=0.00 pop=5751
  mpx-135 cover: trials=3600000 overall=0.0000 a0_nochange=0.0000 a0_change=0.0000 a1_nochange=0.0000 a1_change=0.0000 matched_but_wrong=0
  mpx-135 acc: trials=3600000 accuracy=0.5068
  mpx-135 traj: trials=3720000 wall=6514s knowledge=0.0000 reliable=0 spec=0.00 pop=5503
  mpx-135 cover: trials=3720000 overall=0.0000 a0_nochange=0.0000 a0_change=0.0000 a1_nochange=0.0000 a1_change=0.0000 matched_but_wrong=0
  mpx-135 acc: trials=3720000 accuracy=0.4997
  mpx-135 traj: trials=3840000 wall=6723s knowledge=0.0000 reliable=0 spec=0.00 pop=5444
  mpx-135 cover: trials=3840000 overall=0.0000 a0_nochange=0.0000 a0_change=0.0000 a1_nochange=0.0000 a1_change=0.0000 matched_but_wrong=0
  mpx-135 acc: trials=3840000 accuracy=0.5041
  mpx-135 traj: trials=3960000 wall=6918s knowledge=0.0000 reliable=0 spec=0.00 pop=5760
  mpx-135 cover: trials=3960000 overall=0.0000 a0_nochange=0.0000 a0_change=0.0000 a1_nochange=0.0000 a1_change=0.0000 matched_but_wrong=0
  mpx-135 acc: trials=3960000 accuracy=0.5038
  mpx-135 traj: trials=4080000 wall=7157s knowledge=0.0000 reliable=0 spec=0.00 pop=5317
  mpx-135 cover: trials=4080000 overall=0.0000 a0_nochange=0.0000 a0_change=0.0000 a1_nochange=0.0000 a1_change=0.0000 matched_but_wrong=0
  mpx-135 acc: trials=4080000 accuracy=0.5068
  mpx-135 traj: trials=4200000 wall=7369s knowledge=0.0000 reliable=0 spec=0.00 pop=5401
  mpx-135 cover: trials=4200000 overall=0.0000 a0_nochange=0.0000 a0_change=0.0000 a1_nochange=0.0000 a1_change=0.0000 matched_but_wrong=0
  mpx-135 acc: trials=4200000 accuracy=0.4975
  mpx-135 traj: trials=4320000 wall=7572s knowledge=0.0000 reliable=0 spec=0.00 pop=5201
  mpx-135 cover: trials=4320000 overall=0.0000 a0_nochange=0.0000 a0_change=0.0000 a1_nochange=0.0000 a1_change=0.0000 matched_but_wrong=0
  mpx-135 acc: trials=4320000 accuracy=0.5039
  mpx-135 traj: trials=4440000 wall=7782s knowledge=0.0000 reliable=0 spec=0.00 pop=5279
  mpx-135 cover: trials=4440000 overall=0.0000 a0_nochange=0.0000 a0_change=0.0000 a1_nochange=0.0000 a1_change=0.0000 matched_but_wrong=0
  mpx-135 acc: trials=4440000 accuracy=0.5029
  mpx-135 traj: trials=4560000 wall=7985s knowledge=0.0000 reliable=0 spec=0.00 pop=5079
  mpx-135 cover: trials=4560000 overall=0.0000 a0_nochange=0.0000 a0_change=0.0000 a1_nochange=0.0000 a1_change=0.0000 matched_but_wrong=0
  mpx-135 acc: trials=4560000 accuracy=0.4988
  mpx-135 traj: trials=4680000 wall=8187s knowledge=0.0000 reliable=0 spec=0.00 pop=5520
  mpx-135 cover: trials=4680000 overall=0.0000 a0_nochange=0.0000 a0_change=0.0000 a1_nochange=0.0000 a1_change=0.0000 matched_but_wrong=0
  mpx-135 acc: trials=4680000 accuracy=0.5048
  mpx-135 traj: trials=4800000 wall=8395s knowledge=0.0000 reliable=0 spec=0.00 pop=5185
  mpx-135 cover: trials=4800000 overall=0.0000 a0_nochange=0.0000 a0_change=0.0000 a1_nochange=0.0000 a1_change=0.0000 matched_but_wrong=0
  mpx-135 acc: trials=4800000 accuracy=0.4973
  mpx-135 traj: trials=4920000 wall=8598s knowledge=0.0000 reliable=0 spec=0.00 pop=5259
  mpx-135 cover: trials=4920000 overall=0.0000 a0_nochange=0.0000 a0_change=0.0000 a1_nochange=0.0000 a1_change=0.0000 matched_but_wrong=0
  mpx-135 acc: trials=4920000 accuracy=0.5036
  mpx-135 traj: trials=5040000 wall=8791s knowledge=0.0000 reliable=0 spec=0.00 pop=5710
  mpx-135 cover: trials=5040000 overall=0.0000 a0_nochange=0.0000 a0_change=0.0000 a1_nochange=0.0000 a1_change=0.0000 matched_but_wrong=0
  mpx-135 acc: trials=5040000 accuracy=0.5019
  mpx-135 traj: trials=5160000 wall=8980s knowledge=0.0000 reliable=0 spec=0.00 pop=5279
  mpx-135 cover: trials=5160000 overall=0.0000 a0_nochange=0.0000 a0_change=0.0000 a1_nochange=0.0000 a1_change=0.0000 matched_but_wrong=0
  mpx-135 acc: trials=5160000 accuracy=0.5067
  mpx-135 traj: trials=5280000 wall=9190s knowledge=0.0000 reliable=0 spec=0.00 pop=5345
  mpx-135 cover: trials=5280000 overall=0.0000 a0_nochange=0.0000 a0_change=0.0000 a1_nochange=0.0000 a1_change=0.0000 matched_but_wrong=0
  mpx-135 acc: trials=5280000 accuracy=0.5048
  mpx-135 traj: trials=5400000 wall=9403s knowledge=0.0000 reliable=0 spec=0.00 pop=5173
  mpx-135 cover: trials=5400000 overall=0.0000 a0_nochange=0.0000 a0_change=0.0000 a1_nochange=0.0000 a1_change=0.0000 matched_but_wrong=0
  mpx-135 acc: trials=5400000 accuracy=0.5038
  mpx-135 traj: trials=5520000 wall=9616s knowledge=0.0000 reliable=0 spec=0.00 pop=5446
  mpx-135 cover: trials=5520000 overall=0.0000 a0_nochange=0.0000 a0_change=0.0000 a1_nochange=0.0000 a1_change=0.0000 matched_but_wrong=0
  mpx-135 acc: trials=5520000 accuracy=0.4988
  mpx-135 traj: trials=5640000 wall=9827s knowledge=0.0000 reliable=0 spec=0.00 pop=5273
  mpx-135 cover: trials=5640000 overall=0.0000 a0_nochange=0.0000 a0_change=0.0000 a1_nochange=0.0000 a1_change=0.0000 matched_but_wrong=0
  mpx-135 acc: trials=5640000 accuracy=0.5065
  mpx-135 traj: trials=5760000 wall=10043s knowledge=0.0000 reliable=0 spec=0.00 pop=5389
  mpx-135 cover: trials=5760000 overall=0.0000 a0_nochange=0.0000 a0_change=0.0000 a1_nochange=0.0000 a1_change=0.0000 matched_but_wrong=0
  mpx-135 acc: trials=5760000 accuracy=0.5044
  mpx-135 traj: trials=5880000 wall=10256s knowledge=0.0000 reliable=0 spec=0.00 pop=5427
  mpx-135 cover: trials=5880000 overall=0.0000 a0_nochange=0.0000 a0_change=0.0000 a1_nochange=0.0000 a1_change=0.0000 matched_but_wrong=0
  mpx-135 acc: trials=5880000 accuracy=0.5011
  mpx-135 traj: trials=6000000 wall=10468s knowledge=0.0000 reliable=0 spec=0.00 pop=5208
  mpx-135 cover: trials=6000000 overall=0.0000 a0_nochange=0.0000 a0_change=0.0000 a1_nochange=0.0000 a1_change=0.0000 matched_but_wrong=0
  mpx-135 acc: trials=6000000 accuracy=0.5043
  mpx-135 traj: trials=6120000 wall=10676s knowledge=0.0000 reliable=0 spec=0.00 pop=5237
  mpx-135 cover: trials=6120000 overall=0.0000 a0_nochange=0.0000 a0_change=0.0000 a1_nochange=0.0000 a1_change=0.0000 matched_but_wrong=0
  mpx-135 acc: trials=6120000 accuracy=0.5073
  mpx-135 traj: trials=6240000 wall=10909s knowledge=0.0000 reliable=0 spec=0.00 pop=5168
  mpx-135 cover: trials=6240000 overall=0.0000 a0_nochange=0.0000 a0_change=0.0000 a1_nochange=0.0000 a1_change=0.0000 matched_but_wrong=0
  mpx-135 acc: trials=6240000 accuracy=0.5060
  mpx-135 traj: trials=6360000 wall=11118s knowledge=0.0000 reliable=0 spec=0.00 pop=5441
  mpx-135 cover: trials=6360000 overall=0.0000 a0_nochange=0.0000 a0_change=0.0000 a1_nochange=0.0000 a1_change=0.0000 matched_but_wrong=0
  mpx-135 acc: trials=6360000 accuracy=0.5024
  mpx-135 traj: trials=6480000 wall=11334s knowledge=0.0000 reliable=0 spec=0.00 pop=5602
  mpx-135 cover: trials=6480000 overall=0.0000 a0_nochange=0.0000 a0_change=0.0000 a1_nochange=0.0000 a1_change=0.0000 matched_but_wrong=0
  mpx-135 acc: trials=6480000 accuracy=0.5052
  mpx-135 traj: trials=6600000 wall=11551s knowledge=0.0000 reliable=0 spec=0.00 pop=5442
  mpx-135 cover: trials=6600000 overall=0.0000 a0_nochange=0.0000 a0_change=0.0000 a1_nochange=0.0000 a1_change=0.0000 matched_but_wrong=0
  mpx-135 acc: trials=6600000 accuracy=0.5035
  mpx-135 traj: trials=6720000 wall=11762s knowledge=0.0000 reliable=0 spec=0.00 pop=5685
  mpx-135 cover: trials=6720000 overall=0.0000 a0_nochange=0.0000 a0_change=0.0000 a1_nochange=0.0000 a1_change=0.0000 matched_but_wrong=0
  mpx-135 acc: trials=6720000 accuracy=0.5055
  mpx-135 traj: trials=6840000 wall=11976s knowledge=0.0003 reliable=1 spec=12.00 pop=5575
  mpx-135 cover: trials=6840000 overall=0.0003 a0_nochange=0.0000 a0_change=0.0000 a1_nochange=0.0000 a1_change=0.0010 matched_but_wrong=0
  mpx-135 acc: trials=6840000 accuracy=0.5097
  mpx-135 traj: trials=6960000 wall=12181s knowledge=0.0003 reliable=1 spec=12.00 pop=5593
  mpx-135 cover: trials=6960000 overall=0.0003 a0_nochange=0.0000 a0_change=0.0000 a1_nochange=0.0000 a1_change=0.0010 matched_but_wrong=0
  mpx-135 acc: trials=6960000 accuracy=0.5032
  mpx-135 traj: trials=7080000 wall=12386s knowledge=0.0003 reliable=1 spec=12.00 pop=5647
  mpx-135 cover: trials=7080000 overall=0.0003 a0_nochange=0.0000 a0_change=0.0000 a1_nochange=0.0000 a1_change=0.0010 matched_but_wrong=0
  mpx-135 acc: trials=7080000 accuracy=0.5024
  mpx-135 traj: trials=7200000 wall=12603s knowledge=0.0004 reliable=2 spec=12.00 pop=5449
  mpx-135 cover: trials=7200000 overall=0.0004 a0_nochange=0.0000 a0_change=0.0000 a1_nochange=0.0000 a1_change=0.0018 matched_but_wrong=0
  mpx-135 acc: trials=7200000 accuracy=0.5040
  mpx-135 traj: trials=7320000 wall=12847s knowledge=0.0007 reliable=6 spec=12.33 pop=5998
  mpx-135 cover: trials=7320000 overall=0.0007 a0_nochange=0.0000 a0_change=0.0000 a1_nochange=0.0000 a1_change=0.0030 matched_but_wrong=17
  mpx-135 acc: trials=7320000 accuracy=0.5061
  mpx-135 traj: trials=7440000 wall=13063s knowledge=0.0004 reliable=3 spec=12.67 pop=5868
  mpx-135 cover: trials=7440000 overall=0.0004 a0_nochange=0.0000 a0_change=0.0000 a1_nochange=0.0000 a1_change=0.0018 matched_but_wrong=0
  mpx-135 acc: trials=7440000 accuracy=0.5046
  mpx-135 traj: trials=7560000 wall=13279s knowledge=0.0004 reliable=3 spec=12.67 pop=6038
  mpx-135 cover: trials=7560000 overall=0.0004 a0_nochange=0.0000 a0_change=0.0000 a1_nochange=0.0000 a1_change=0.0018 matched_but_wrong=0
  mpx-135 acc: trials=7560000 accuracy=0.5042
  mpx-135 traj: trials=7680000 wall=13494s knowledge=0.0006 reliable=4 spec=12.75 pop=5737
  mpx-135 cover: trials=7680000 overall=0.0006 a0_nochange=0.0000 a0_change=0.0000 a1_nochange=0.0000 a1_change=0.0022 matched_but_wrong=0
  mpx-135 acc: trials=7680000 accuracy=0.5022
  mpx-135 traj: trials=7800000 wall=13713s knowledge=0.0006 reliable=5 spec=13.00 pop=5794
  mpx-135 cover: trials=7800000 overall=0.0006 a0_nochange=0.0000 a0_change=0.0000 a1_nochange=0.0000 a1_change=0.0024 matched_but_wrong=0
  mpx-135 acc: trials=7800000 accuracy=0.5044
  mpx-135 traj: trials=7920000 wall=13934s knowledge=0.0010 reliable=6 spec=12.50 pop=5822
  mpx-135 cover: trials=7920000 overall=0.0010 a0_nochange=0.0000 a0_change=0.0000 a1_nochange=0.0000 a1_change=0.0038 matched_but_wrong=3
  mpx-135 acc: trials=7920000 accuracy=0.5090
  mpx-135 traj: trials=8040000 wall=14157s knowledge=0.0008 reliable=5 spec=12.60 pop=6360
  mpx-135 cover: trials=8040000 overall=0.0008 a0_nochange=0.0000 a0_change=0.0000 a1_nochange=0.0000 a1_change=0.0032 matched_but_wrong=0
  mpx-135 acc: trials=8040000 accuracy=0.5086
  mpx-135 traj: trials=8160000 wall=14383s knowledge=0.0008 reliable=5 spec=12.60 pop=5986
  mpx-135 cover: trials=8160000 overall=0.0008 a0_nochange=0.0000 a0_change=0.0000 a1_nochange=0.0000 a1_change=0.0032 matched_but_wrong=0
  mpx-135 acc: trials=8160000 accuracy=0.5062
  mpx-135 traj: trials=8280000 wall=14614s knowledge=0.0009 reliable=7 spec=12.71 pop=6124
  mpx-135 cover: trials=8280000 overall=0.0009 a0_nochange=0.0000 a0_change=0.0000 a1_nochange=0.0000 a1_change=0.0036 matched_but_wrong=1
  mpx-135 acc: trials=8280000 accuracy=0.5077
  mpx-135 traj: trials=8400000 wall=14845s knowledge=0.0009 reliable=7 spec=12.71 pop=5937
  mpx-135 cover: trials=8400000 overall=0.0009 a0_nochange=0.0000 a0_change=0.0000 a1_nochange=0.0000 a1_change=0.0035 matched_but_wrong=7
  mpx-135 acc: trials=8400000 accuracy=0.5058
  mpx-135 traj: trials=8520000 wall=15070s knowledge=0.0008 reliable=5 spec=12.60 pop=5731
  mpx-135 cover: trials=8520000 overall=0.0008 a0_nochange=0.0000 a0_change=0.0000 a1_nochange=0.0000 a1_change=0.0032 matched_but_wrong=0
  mpx-135 acc: trials=8520000 accuracy=0.5074
  mpx-135 traj: trials=8640000 wall=15313s knowledge=0.0007 reliable=3 spec=12.00 pop=5909
  mpx-135 cover: trials=8640000 overall=0.0007 a0_nochange=0.0000 a0_change=0.0000 a1_nochange=0.0000 a1_change=0.0028 matched_but_wrong=0
  mpx-135 acc: trials=8640000 accuracy=0.5096
  mpx-135 traj: trials=8760000 wall=15537s knowledge=0.0010 reliable=5 spec=12.40 pop=6062
  mpx-135 cover: trials=8760000 overall=0.0010 a0_nochange=0.0000 a0_change=0.0000 a1_nochange=0.0000 a1_change=0.0042 matched_but_wrong=0
  mpx-135 acc: trials=8760000 accuracy=0.5048
  mpx-135 traj: trials=8880000 wall=15764s knowledge=0.0010 reliable=5 spec=12.40 pop=5748
  mpx-135 cover: trials=8880000 overall=0.0010 a0_nochange=0.0000 a0_change=0.0000 a1_nochange=0.0000 a1_change=0.0042 matched_but_wrong=0
  mpx-135 acc: trials=8880000 accuracy=0.5039
  mpx-135 traj: trials=9000000 wall=15987s knowledge=0.0011 reliable=8 spec=13.25 pop=5760
  mpx-135 cover: trials=9000000 overall=0.0011 a0_nochange=0.0000 a0_change=0.0000 a1_nochange=0.0000 a1_change=0.0046 matched_but_wrong=0
  mpx-135 acc: trials=9000000 accuracy=0.5027
  mpx-135 traj: trials=9120000 wall=16214s knowledge=0.0011 reliable=8 spec=13.25 pop=6188
  mpx-135 cover: trials=9120000 overall=0.0011 a0_nochange=0.0000 a0_change=0.0000 a1_nochange=0.0000 a1_change=0.0046 matched_but_wrong=0
  mpx-135 acc: trials=9120000 accuracy=0.5026
  mpx-135 traj: trials=9240000 wall=16442s knowledge=0.0011 reliable=7 spec=12.86 pop=5703
  mpx-135 cover: trials=9240000 overall=0.0011 a0_nochange=0.0000 a0_change=0.0000 a1_nochange=0.0000 a1_change=0.0046 matched_but_wrong=0
  mpx-135 acc: trials=9240000 accuracy=0.5057
  mpx-135 traj: trials=9360000 wall=16667s knowledge=0.0015 reliable=9 spec=12.67 pop=5814
  mpx-135 cover: trials=9360000 overall=0.0015 a0_nochange=0.0000 a0_change=0.0000 a1_nochange=0.0000 a1_change=0.0059 matched_but_wrong=0
  mpx-135 acc: trials=9360000 accuracy=0.5073
  mpx-135 traj: trials=9480000 wall=16959s knowledge=0.0020 reliable=10 spec=12.40 pop=5865
  mpx-135 cover: trials=9480000 overall=0.0020 a0_nochange=0.0000 a0_change=0.0000 a1_nochange=0.0000 a1_change=0.0080 matched_but_wrong=0
  mpx-135 acc: trials=9480000 accuracy=0.5069
  mpx-135 traj: trials=9600000 wall=17183s knowledge=0.0019 reliable=9 spec=12.44 pop=5332
  mpx-135 cover: trials=9600000 overall=0.0019 a0_nochange=0.0000 a0_change=0.0000 a1_nochange=0.0000 a1_change=0.0076 matched_but_wrong=0
  mpx-135 acc: trials=9600000 accuracy=0.5044
  mpx-135 traj: trials=9720000 wall=17405s knowledge=0.0017 reliable=9 spec=13.00 pop=5814
  mpx-135 cover: trials=9720000 overall=0.0017 a0_nochange=0.0000 a0_change=0.0000 a1_nochange=0.0000 a1_change=0.0069 matched_but_wrong=0
  mpx-135 acc: trials=9720000 accuracy=0.5060
  mpx-135 traj: trials=9840000 wall=17682s knowledge=0.0017 reliable=8 spec=13.12 pop=5395
  mpx-135 cover: trials=9840000 overall=0.0017 a0_nochange=0.0000 a0_change=0.0000 a1_nochange=0.0000 a1_change=0.0069 matched_but_wrong=0
  mpx-135 acc: trials=9840000 accuracy=0.5012
  mpx-135 traj: trials=9960000 wall=17903s knowledge=0.0017 reliable=8 spec=13.12 pop=5949
  mpx-135 cover: trials=9960000 overall=0.0017 a0_nochange=0.0000 a0_change=0.0000 a1_nochange=0.0000 a1_change=0.0069 matched_but_wrong=0
  mpx-135 acc: trials=9960000 accuracy=0.5055
  mpx-135 traj: trials=10080000 wall=18126s knowledge=0.0021 reliable=9 spec=13.00 pop=5444
  mpx-135 cover: trials=10080000 overall=0.0021 a0_nochange=0.0000 a0_change=0.0000 a1_nochange=0.0000 a1_change=0.0082 matched_but_wrong=0
  mpx-135 acc: trials=10080000 accuracy=0.5038
  mpx-135 traj: trials=10200000 wall=18356s knowledge=0.0021 reliable=8 spec=12.50 pop=5789
  mpx-135 cover: trials=10200000 overall=0.0021 a0_nochange=0.0000 a0_change=0.0000 a1_nochange=0.0000 a1_change=0.0082 matched_but_wrong=0
  mpx-135 acc: trials=10200000 accuracy=0.5093
  mpx-135 traj: trials=10320000 wall=18580s knowledge=0.0021 reliable=8 spec=12.50 pop=5874
  mpx-135 cover: trials=10320000 overall=0.0021 a0_nochange=0.0000 a0_change=0.0000 a1_nochange=0.0000 a1_change=0.0082 matched_but_wrong=0
  mpx-135 acc: trials=10320000 accuracy=0.5014
  mpx-135 traj: trials=10440000 wall=18806s knowledge=0.0021 reliable=8 spec=12.50 pop=5599
  mpx-135 cover: trials=10440000 overall=0.0021 a0_nochange=0.0000 a0_change=0.0000 a1_nochange=0.0000 a1_change=0.0082 matched_but_wrong=0
  mpx-135 acc: trials=10440000 accuracy=0.5100
  mpx-135 traj: trials=10560000 wall=19025s knowledge=0.0025 reliable=7 spec=11.86 pop=5528
  mpx-135 cover: trials=10560000 overall=0.0025 a0_nochange=0.0000 a0_change=0.0000 a1_nochange=0.0000 a1_change=0.0100 matched_but_wrong=0
  mpx-135 acc: trials=10560000 accuracy=0.5065
  mpx-135 traj: trials=10680000 wall=19248s knowledge=0.0023 reliable=6 spec=11.83 pop=5853
  mpx-135 cover: trials=10680000 overall=0.0023 a0_nochange=0.0000 a0_change=0.0000 a1_nochange=0.0000 a1_change=0.0094 matched_but_wrong=0
  mpx-135 acc: trials=10680000 accuracy=0.5075
  mpx-135 traj: trials=10800000 wall=19475s knowledge=0.0023 reliable=4 spec=11.25 pop=5950
  mpx-135 cover: trials=10800000 overall=0.0023 a0_nochange=0.0000 a0_change=0.0000 a1_nochange=0.0000 a1_change=0.0092 matched_but_wrong=0
  mpx-135 acc: trials=10800000 accuracy=0.5113
  mpx-135 traj: trials=10920000 wall=19700s knowledge=0.0023 reliable=4 spec=11.25 pop=6241
  mpx-135 cover: trials=10920000 overall=0.0023 a0_nochange=0.0000 a0_change=0.0000 a1_nochange=0.0000 a1_change=0.0092 matched_but_wrong=0
  mpx-135 acc: trials=10920000 accuracy=0.5099
  mpx-135 traj: trials=11040000 wall=19932s knowledge=0.0023 reliable=4 spec=11.25 pop=5916
  mpx-135 cover: trials=11040000 overall=0.0023 a0_nochange=0.0000 a0_change=0.0000 a1_nochange=0.0000 a1_change=0.0092 matched_but_wrong=0
  mpx-135 acc: trials=11040000 accuracy=0.5112
  mpx-135 traj: trials=11160000 wall=20157s knowledge=0.0032 reliable=5 spec=10.60 pop=5809
  mpx-135 cover: trials=11160000 overall=0.0032 a0_nochange=0.0000 a0_change=0.0000 a1_nochange=0.0000 a1_change=0.0127 matched_but_wrong=0
  mpx-135 acc: trials=11160000 accuracy=0.5098
  mpx-135 traj: trials=11280000 wall=20381s knowledge=0.0041 reliable=5 spec=10.60 pop=5900
  mpx-135 cover: trials=11280000 overall=0.0041 a0_nochange=0.0000 a0_change=0.0000 a1_nochange=0.0000 a1_change=0.0166 matched_but_wrong=0
  mpx-135 acc: trials=11280000 accuracy=0.5095
  mpx-135 traj: trials=11400000 wall=20610s knowledge=0.0041 reliable=3 spec=9.67 pop=5797
  mpx-135 cover: trials=11400000 overall=0.0041 a0_nochange=0.0000 a0_change=0.0000 a1_nochange=0.0000 a1_change=0.0164 matched_but_wrong=0
  mpx-135 acc: trials=11400000 accuracy=0.5117
  mpx-135 traj: trials=11520000 wall=20835s knowledge=0.0043 reliable=4 spec=10.25 pop=5875
  mpx-135 cover: trials=11520000 overall=0.0043 a0_nochange=0.0000 a0_change=0.0000 a1_nochange=0.0000 a1_change=0.0173 matched_but_wrong=0
  mpx-135 acc: trials=11520000 accuracy=0.5079
  mpx-135 traj: trials=11640000 wall=21057s knowledge=0.0048 reliable=8 spec=11.25 pop=5981
  mpx-135 cover: trials=11640000 overall=0.0048 a0_nochange=0.0000 a0_change=0.0000 a1_nochange=0.0000 a1_change=0.0191 matched_but_wrong=0
  mpx-135 acc: trials=11640000 accuracy=0.5076
  mpx-135 traj: trials=11760000 wall=21276s knowledge=0.0050 reliable=11 spec=11.55 pop=5969
  mpx-135 cover: trials=11760000 overall=0.0050 a0_nochange=0.0000 a0_change=0.0000 a1_nochange=0.0000 a1_change=0.0200 matched_but_wrong=0
  mpx-135 acc: trials=11760000 accuracy=0.5036
  mpx-135 traj: trials=11880000 wall=21503s knowledge=0.0049 reliable=10 spec=11.50 pop=5966
  mpx-135 cover: trials=11880000 overall=0.0049 a0_nochange=0.0000 a0_change=0.0000 a1_nochange=0.0000 a1_change=0.0194 matched_but_wrong=0
  mpx-135 acc: trials=11880000 accuracy=0.5094
  mpx-135 traj: trials=12000000 wall=21726s knowledge=0.0049 reliable=11 spec=11.64 pop=5679
  mpx-135 cover: trials=12000000 overall=0.0049 a0_nochange=0.0000 a0_change=0.0000 a1_nochange=0.0000 a1_change=0.0196 matched_but_wrong=0
  mpx-135 acc: trials=12000000 accuracy=0.5090
  mpx-135 traj: trials=12120000 wall=21952s knowledge=0.0049 reliable=11 spec=11.64 pop=5721
  mpx-135 cover: trials=12120000 overall=0.0049 a0_nochange=0.0000 a0_change=0.0000 a1_nochange=0.0000 a1_change=0.0196 matched_but_wrong=0
  mpx-135 acc: trials=12120000 accuracy=0.5154
  mpx-135 traj: trials=12240000 wall=22175s knowledge=0.0049 reliable=12 spec=11.83 pop=5934
  mpx-135 cover: trials=12240000 overall=0.0049 a0_nochange=0.0000 a0_change=0.0000 a1_nochange=0.0000 a1_change=0.0197 matched_but_wrong=0
  mpx-135 acc: trials=12240000 accuracy=0.5073
  mpx-135 traj: trials=12360000 wall=22402s knowledge=0.0049 reliable=11 spec=11.64 pop=6197
  mpx-135 cover: trials=12360000 overall=0.0049 a0_nochange=0.0000 a0_change=0.0000 a1_nochange=0.0000 a1_change=0.0196 matched_but_wrong=0
  mpx-135 acc: trials=12360000 accuracy=0.5163
  mpx-135 traj: trials=12480000 wall=22629s knowledge=0.0051 reliable=12 spec=11.92 pop=5799
  mpx-135 cover: trials=12480000 overall=0.0051 a0_nochange=0.0000 a0_change=0.0000 a1_nochange=0.0000 a1_change=0.0204 matched_but_wrong=0
  mpx-135 acc: trials=12480000 accuracy=0.5157
  mpx-135 traj: trials=12600000 wall=22858s knowledge=0.0055 reliable=14 spec=12.07 pop=5946
  mpx-135 cover: trials=12600000 overall=0.0055 a0_nochange=0.0000 a0_change=0.0000 a1_nochange=0.0000 a1_change=0.0221 matched_but_wrong=0
  mpx-135 acc: trials=12600000 accuracy=0.5078
  mpx-135 traj: trials=12720000 wall=23085s knowledge=0.0055 reliable=14 spec=12.07 pop=6157
  mpx-135 cover: trials=12720000 overall=0.0055 a0_nochange=0.0000 a0_change=0.0000 a1_nochange=0.0000 a1_change=0.0221 matched_but_wrong=0
  mpx-135 acc: trials=12720000 accuracy=0.5114
  mpx-135 traj: trials=12840000 wall=23311s knowledge=0.0056 reliable=15 spec=12.13 pop=6368
  mpx-135 cover: trials=12840000 overall=0.0056 a0_nochange=0.0000 a0_change=0.0000 a1_nochange=0.0000 a1_change=0.0224 matched_but_wrong=0
  mpx-135 acc: trials=12840000 accuracy=0.5137
  mpx-135 traj: trials=12960000 wall=23534s knowledge=0.0057 reliable=16 spec=12.12 pop=6491
  mpx-135 cover: trials=12960000 overall=0.0057 a0_nochange=0.0000 a0_change=0.0000 a1_nochange=0.0000 a1_change=0.0229 matched_but_wrong=0
  mpx-135 acc: trials=12960000 accuracy=0.5110
  mpx-135 traj: trials=13080000 wall=23761s knowledge=0.0060 reliable=19 spec=12.26 pop=6682
  mpx-135 cover: trials=13080000 overall=0.0060 a0_nochange=0.0000 a0_change=0.0000 a1_nochange=0.0000 a1_change=0.0241 matched_but_wrong=0
  mpx-135 acc: trials=13080000 accuracy=0.5051
  mpx-135 traj: trials=13200000 wall=23985s knowledge=0.0061 reliable=20 spec=12.20 pop=7259
  mpx-135 cover: trials=13200000 overall=0.0061 a0_nochange=0.0000 a0_change=0.0000 a1_nochange=0.0000 a1_change=0.0244 matched_but_wrong=6
  mpx-135 acc: trials=13200000 accuracy=0.5099
  mpx-135 traj: trials=13320000 wall=24214s knowledge=0.0060 reliable=19 spec=12.16 pop=6918
  mpx-135 cover: trials=13320000 overall=0.0060 a0_nochange=0.0000 a0_change=0.0000 a1_nochange=0.0000 a1_change=0.0240 matched_but_wrong=3
  mpx-135 acc: trials=13320000 accuracy=0.5125
  mpx-135 traj: trials=13440000 wall=24504s knowledge=0.0060 reliable=18 spec=12.11 pop=8682
  mpx-135 cover: trials=13440000 overall=0.0060 a0_nochange=0.0000 a0_change=0.0000 a1_nochange=0.0000 a1_change=0.0239 matched_but_wrong=1
  mpx-135 acc: trials=13440000 accuracy=0.5129
  mpx-135 traj: trials=13560000 wall=24744s knowledge=0.0062 reliable=20 spec=12.15 pop=6339
  mpx-135 cover: trials=13560000 overall=0.0062 a0_nochange=0.0000 a0_change=0.0000 a1_nochange=0.0000 a1_change=0.0248 matched_but_wrong=2
  mpx-135 acc: trials=13560000 accuracy=0.5168
  mpx-135 traj: trials=13680000 wall=24972s knowledge=0.0074 reliable=32 spec=12.28 pop=6474
  mpx-135 cover: trials=13680000 overall=0.0074 a0_nochange=0.0000 a0_change=0.0000 a1_nochange=0.0000 a1_change=0.0295 matched_but_wrong=6
  mpx-135 acc: trials=13680000 accuracy=0.5134
  mpx-135 traj: trials=13800000 wall=25197s knowledge=0.0072 reliable=29 spec=12.10 pop=6430
  mpx-135 cover: trials=13800000 overall=0.0072 a0_nochange=0.0000 a0_change=0.0000 a1_nochange=0.0000 a1_change=0.0289 matched_but_wrong=3
  mpx-135 acc: trials=13800000 accuracy=0.5133
  mpx-135 traj: trials=13920000 wall=25430s knowledge=0.0076 reliable=32 spec=12.25 pop=6809
  mpx-135 cover: trials=13920000 overall=0.0076 a0_nochange=0.0000 a0_change=0.0000 a1_nochange=0.0000 a1_change=0.0303 matched_but_wrong=4
  mpx-135 acc: trials=13920000 accuracy=0.5119
  mpx-135 traj: trials=14040000 wall=25711s knowledge=0.0074 reliable=33 spec=12.48 pop=7152
  mpx-135 cover: trials=14040000 overall=0.0074 a0_nochange=0.0000 a0_change=0.0000 a1_nochange=0.0000 a1_change=0.0297 matched_but_wrong=4
  mpx-135 acc: trials=14040000 accuracy=0.5136
  mpx-135 traj: trials=14160000 wall=25944s knowledge=0.0077 reliable=38 spec=12.37 pop=6606
  mpx-135 cover: trials=14160000 overall=0.0077 a0_nochange=0.0000 a0_change=0.0000 a1_nochange=0.0000 a1_change=0.0306 matched_but_wrong=6
  mpx-135 acc: trials=14160000 accuracy=0.5127
  mpx-135 traj: trials=14280000 wall=26174s knowledge=0.0081 reliable=40 spec=12.38 pop=6718
  mpx-135 cover: trials=14280000 overall=0.0081 a0_nochange=0.0000 a0_change=0.0000 a1_nochange=0.0000 a1_change=0.0322 matched_but_wrong=31
  mpx-135 acc: trials=14280000 accuracy=0.5147
  mpx-135 traj: trials=14400000 wall=26425s knowledge=0.0080 reliable=42 spec=12.45 pop=7065
  mpx-135 cover: trials=14400000 overall=0.0080 a0_nochange=0.0000 a0_change=0.0000 a1_nochange=0.0000 a1_change=0.0321 matched_but_wrong=24
  mpx-135 acc: trials=14400000 accuracy=0.5107
  mpx-135 traj: trials=14520000 wall=26655s knowledge=0.0080 reliable=41 spec=12.51 pop=6991
  mpx-135 cover: trials=14520000 overall=0.0080 a0_nochange=0.0000 a0_change=0.0000 a1_nochange=0.0000 a1_change=0.0319 matched_but_wrong=20
  mpx-135 acc: trials=14520000 accuracy=0.5137
  mpx-135 traj: trials=14640000 wall=26890s knowledge=0.0077 reliable=34 spec=12.53 pop=6989
  mpx-135 cover: trials=14640000 overall=0.0077 a0_nochange=0.0000 a0_change=0.0000 a1_nochange=0.0000 a1_change=0.0306 matched_but_wrong=0
  mpx-135 acc: trials=14640000 accuracy=0.5104
  mpx-135 traj: trials=14760000 wall=27123s knowledge=0.0078 reliable=36 spec=12.64 pop=7201
  mpx-135 cover: trials=14760000 overall=0.0078 a0_nochange=0.0000 a0_change=0.0000 a1_nochange=0.0000 a1_change=0.0313 matched_but_wrong=2
  mpx-135 acc: trials=14760000 accuracy=0.5093
  mpx-135 traj: trials=14880000 wall=27351s knowledge=0.0084 reliable=37 spec=12.43 pop=7502
  mpx-135 cover: trials=14880000 overall=0.0084 a0_nochange=0.0000 a0_change=0.0000 a1_nochange=0.0000 a1_change=0.0338 matched_but_wrong=1
  mpx-135 acc: trials=14880000 accuracy=0.5146
  mpx-135 traj: trials=15000000 wall=27583s knowledge=0.0086 reliable=37 spec=12.43 pop=7499
  mpx-135 cover: trials=15000000 overall=0.0086 a0_nochange=0.0000 a0_change=0.0000 a1_nochange=0.0000 a1_change=0.0345 matched_but_wrong=4
  mpx-135 acc: trials=15000000 accuracy=0.5100
  mpx-135 traj: trials=15120000 wall=27813s knowledge=0.0085 reliable=36 spec=12.44 pop=6586
  mpx-135 cover: trials=15120000 overall=0.0085 a0_nochange=0.0000 a0_change=0.0000 a1_nochange=0.0000 a1_change=0.0338 matched_but_wrong=1
  mpx-135 acc: trials=15120000 accuracy=0.5161
  mpx-135 traj: trials=15240000 wall=28035s knowledge=0.0085 reliable=36 spec=12.44 pop=6577
  mpx-135 cover: trials=15240000 overall=0.0085 a0_nochange=0.0000 a0_change=0.0000 a1_nochange=0.0000 a1_change=0.0338 matched_but_wrong=1
  mpx-135 acc: trials=15240000 accuracy=0.5098
  mpx-135 traj: trials=15360000 wall=28258s knowledge=0.0084 reliable=35 spec=12.46 pop=6464
  mpx-135 cover: trials=15360000 overall=0.0084 a0_nochange=0.0000 a0_change=0.0000 a1_nochange=0.0000 a1_change=0.0335 matched_but_wrong=1
  mpx-135 acc: trials=15360000 accuracy=0.5163
  mpx-135 traj: trials=15480000 wall=28478s knowledge=0.0084 reliable=35 spec=12.46 pop=6369
  mpx-135 cover: trials=15480000 overall=0.0084 a0_nochange=0.0000 a0_change=0.0000 a1_nochange=0.0000 a1_change=0.0335 matched_but_wrong=1
  mpx-135 acc: trials=15480000 accuracy=0.5130
  mpx-135 traj: trials=15600000 wall=28698s knowledge=0.0084 reliable=34 spec=12.47 pop=6604
  mpx-135 cover: trials=15600000 overall=0.0084 a0_nochange=0.0000 a0_change=0.0000 a1_nochange=0.0000 a1_change=0.0334 matched_but_wrong=1
  mpx-135 acc: trials=15600000 accuracy=0.5111
  mpx-135 traj: trials=15720000 wall=28921s knowledge=0.0083 reliable=29 spec=12.07 pop=6188
  mpx-135 cover: trials=15720000 overall=0.0083 a0_nochange=0.0000 a0_change=0.0000 a1_nochange=0.0000 a1_change=0.0330 matched_but_wrong=0
  mpx-135 acc: trials=15720000 accuracy=0.5103
  mpx-135 traj: trials=15840000 wall=29143s knowledge=0.0078 reliable=27 spec=12.15 pop=6456
  mpx-135 cover: trials=15840000 overall=0.0078 a0_nochange=0.0000 a0_change=0.0000 a1_nochange=0.0000 a1_change=0.0310 matched_but_wrong=0
  mpx-135 acc: trials=15840000 accuracy=0.5124
  mpx-135 traj: trials=15960000 wall=29369s knowledge=0.0076 reliable=25 spec=12.04 pop=6897
  mpx-135 cover: trials=15960000 overall=0.0076 a0_nochange=0.0000 a0_change=0.0000 a1_nochange=0.0000 a1_change=0.0306 matched_but_wrong=0
  mpx-135 acc: trials=15960000 accuracy=0.5114
  mpx-135 traj: trials=16080000 wall=29593s knowledge=0.0076 reliable=25 spec=12.04 pop=6290
  mpx-135 cover: trials=16080000 overall=0.0076 a0_nochange=0.0000 a0_change=0.0000 a1_nochange=0.0000 a1_change=0.0306 matched_but_wrong=0
  mpx-135 acc: trials=16080000 accuracy=0.5060
  mpx-135 traj: trials=16200000 wall=29821s knowledge=0.0074 reliable=25 spec=12.24 pop=6418
  mpx-135 cover: trials=16200000 overall=0.0074 a0_nochange=0.0000 a0_change=0.0000 a1_nochange=0.0000 a1_change=0.0297 matched_but_wrong=0
  mpx-135 acc: trials=16200000 accuracy=0.5148
  mpx-135 traj: trials=16320000 wall=30046s knowledge=0.0075 reliable=26 spec=12.42 pop=6334
  mpx-135 cover: trials=16320000 overall=0.0075 a0_nochange=0.0000 a0_change=0.0000 a1_nochange=0.0000 a1_change=0.0299 matched_but_wrong=0
  mpx-135 acc: trials=16320000 accuracy=0.5152
  mpx-135 traj: trials=16440000 wall=30280s knowledge=0.0075 reliable=26 spec=12.42 pop=6387
  mpx-135 cover: trials=16440000 overall=0.0075 a0_nochange=0.0000 a0_change=0.0000 a1_nochange=0.0000 a1_change=0.0299 matched_but_wrong=0
  mpx-135 acc: trials=16440000 accuracy=0.5143
  mpx-135 traj: trials=16560000 wall=30504s knowledge=0.0075 reliable=26 spec=12.42 pop=6149
  mpx-135 cover: trials=16560000 overall=0.0075 a0_nochange=0.0000 a0_change=0.0000 a1_nochange=0.0000 a1_change=0.0299 matched_but_wrong=0
  mpx-135 acc: trials=16560000 accuracy=0.5142
  mpx-135 traj: trials=16680000 wall=30731s knowledge=0.0075 reliable=26 spec=12.42 pop=6128
  mpx-135 cover: trials=16680000 overall=0.0075 a0_nochange=0.0000 a0_change=0.0000 a1_nochange=0.0000 a1_change=0.0299 matched_but_wrong=0
  mpx-135 acc: trials=16680000 accuracy=0.5129
  mpx-135 traj: trials=16800000 wall=30956s knowledge=0.0074 reliable=25 spec=12.44 pop=5518
  mpx-135 cover: trials=16800000 overall=0.0074 a0_nochange=0.0000 a0_change=0.0000 a1_nochange=0.0000 a1_change=0.0294 matched_but_wrong=0
  mpx-135 acc: trials=16800000 accuracy=0.5111
  mpx-135 traj: trials=16920000 wall=31181s knowledge=0.0074 reliable=25 spec=12.44 pop=5884
  mpx-135 cover: trials=16920000 overall=0.0074 a0_nochange=0.0000 a0_change=0.0000 a1_nochange=0.0000 a1_change=0.0294 matched_but_wrong=0
  mpx-135 acc: trials=16920000 accuracy=0.5066
  mpx-135 traj: trials=17040000 wall=31404s knowledge=0.0078 reliable=26 spec=12.31 pop=5701
  mpx-135 cover: trials=17040000 overall=0.0078 a0_nochange=0.0000 a0_change=0.0000 a1_nochange=0.0000 a1_change=0.0313 matched_but_wrong=0
  mpx-135 acc: trials=17040000 accuracy=0.5166
  mpx-135 traj: trials=17160000 wall=31631s knowledge=0.0076 reliable=24 spec=12.17 pop=5659
  mpx-135 cover: trials=17160000 overall=0.0076 a0_nochange=0.0000 a0_change=0.0000 a1_nochange=0.0000 a1_change=0.0304 matched_but_wrong=0
  mpx-135 acc: trials=17160000 accuracy=0.5013
  mpx-135 traj: trials=17280000 wall=31860s knowledge=0.0073 reliable=19 spec=11.95 pop=5698
  mpx-135 cover: trials=17280000 overall=0.0073 a0_nochange=0.0000 a0_change=0.0000 a1_nochange=0.0000 a1_change=0.0291 matched_but_wrong=0
  mpx-135 acc: trials=17280000 accuracy=0.5143
  mpx-135 traj: trials=17400000 wall=32084s knowledge=0.0071 reliable=18 spec=11.94 pop=5572
  mpx-135 cover: trials=17400000 overall=0.0071 a0_nochange=0.0000 a0_change=0.0000 a1_nochange=0.0000 a1_change=0.0283 matched_but_wrong=0
  mpx-135 acc: trials=17400000 accuracy=0.5101
  mpx-135 traj: trials=17520000 wall=32318s knowledge=0.0071 reliable=19 spec=11.95 pop=5627
  mpx-135 cover: trials=17520000 overall=0.0071 a0_nochange=0.0000 a0_change=0.0000 a1_nochange=0.0000 a1_change=0.0285 matched_but_wrong=0
  mpx-135 acc: trials=17520000 accuracy=0.5117
  mpx-135 traj: trials=17640000 wall=32555s knowledge=0.0071 reliable=19 spec=11.95 pop=5909
  mpx-135 cover: trials=17640000 overall=0.0071 a0_nochange=0.0000 a0_change=0.0000 a1_nochange=0.0000 a1_change=0.0285 matched_but_wrong=0
  mpx-135 acc: trials=17640000 accuracy=0.5096
  mpx-135 traj: trials=17760000 wall=32792s knowledge=0.0071 reliable=18 spec=11.94 pop=5801
  mpx-135 cover: trials=17760000 overall=0.0071 a0_nochange=0.0000 a0_change=0.0000 a1_nochange=0.0000 a1_change=0.0284 matched_but_wrong=0
  mpx-135 acc: trials=17760000 accuracy=0.5123
  mpx-135 traj: trials=17880000 wall=33023s knowledge=0.0070 reliable=17 spec=11.94 pop=6712
  mpx-135 cover: trials=17880000 overall=0.0070 a0_nochange=0.0000 a0_change=0.0000 a1_nochange=0.0000 a1_change=0.0279 matched_but_wrong=0
  mpx-135 acc: trials=17880000 accuracy=0.5112
  mpx-135 traj: trials=18000000 wall=33252s knowledge=0.0070 reliable=17 spec=11.94 pop=6183
  mpx-135 cover: trials=18000000 overall=0.0070 a0_nochange=0.0000 a0_change=0.0000 a1_nochange=0.0000 a1_change=0.0279 matched_but_wrong=0
  mpx-135 acc: trials=18000000 accuracy=0.5091
  mpx-135 traj: trials=18120000 wall=33478s knowledge=0.0070 reliable=18 spec=12.22 pop=6405
  mpx-135 cover: trials=18120000 overall=0.0070 a0_nochange=0.0000 a0_change=0.0000 a1_nochange=0.0000 a1_change=0.0280 matched_but_wrong=0
  mpx-135 acc: trials=18120000 accuracy=0.5081
  mpx-135 traj: trials=18240000 wall=33701s knowledge=0.0070 reliable=17 spec=11.94 pop=6235
  mpx-135 cover: trials=18240000 overall=0.0070 a0_nochange=0.0000 a0_change=0.0000 a1_nochange=0.0000 a1_change=0.0279 matched_but_wrong=0
  mpx-135 acc: trials=18240000 accuracy=0.5100
  mpx-135 traj: trials=18360000 wall=33931s knowledge=0.0074 reliable=19 spec=12.00 pop=6427
  mpx-135 cover: trials=18360000 overall=0.0074 a0_nochange=0.0000 a0_change=0.0000 a1_nochange=0.0000 a1_change=0.0294 matched_but_wrong=0
  mpx-135 acc: trials=18360000 accuracy=0.5107
  mpx-135 traj: trials=18480000 wall=34153s knowledge=0.0076 reliable=22 spec=12.27 pop=6732
  mpx-135 cover: trials=18480000 overall=0.0076 a0_nochange=0.0000 a0_change=0.0000 a1_nochange=0.0000 a1_change=0.0304 matched_but_wrong=13
  mpx-135 acc: trials=18480000 accuracy=0.5104
  mpx-135 traj: trials=18600000 wall=34383s knowledge=0.0088 reliable=23 spec=12.13 pop=7560
  mpx-135 cover: trials=18600000 overall=0.0088 a0_nochange=0.0000 a0_change=0.0000 a1_nochange=0.0000 a1_change=0.0351 matched_but_wrong=0
  mpx-135 acc: trials=18600000 accuracy=0.5153
  mpx-135 traj: trials=18720000 wall=34615s knowledge=0.0092 reliable=23 spec=12.13 pop=7391
  mpx-135 cover: trials=18720000 overall=0.0092 a0_nochange=0.0000 a0_change=0.0000 a1_nochange=0.0000 a1_change=0.0368 matched_but_wrong=0
  mpx-135 acc: trials=18720000 accuracy=0.5059
  mpx-135 traj: trials=18840000 wall=34844s knowledge=0.0092 reliable=23 spec=12.30 pop=7574
  mpx-135 cover: trials=18840000 overall=0.0092 a0_nochange=0.0000 a0_change=0.0000 a1_nochange=0.0000 a1_change=0.0369 matched_but_wrong=1
  mpx-135 acc: trials=18840000 accuracy=0.5134
  mpx-135 traj: trials=18960000 wall=35084s knowledge=0.0095 reliable=24 spec=12.54 pop=7411
  mpx-135 cover: trials=18960000 overall=0.0095 a0_nochange=0.0000 a0_change=0.0000 a1_nochange=0.0000 a1_change=0.0379 matched_but_wrong=5
  mpx-135 acc: trials=18960000 accuracy=0.5175
  mpx-135 traj: trials=19080000 wall=35319s knowledge=0.0094 reliable=24 spec=12.58 pop=7664
  mpx-135 cover: trials=19080000 overall=0.0094 a0_nochange=0.0000 a0_change=0.0000 a1_nochange=0.0000 a1_change=0.0376 matched_but_wrong=1
  mpx-135 acc: trials=19080000 accuracy=0.5161
  mpx-135 traj: trials=19200000 wall=35556s knowledge=0.0096 reliable=24 spec=12.33 pop=7565
  mpx-135 cover: trials=19200000 overall=0.0096 a0_nochange=0.0000 a0_change=0.0000 a1_nochange=0.0000 a1_change=0.0383 matched_but_wrong=1
  mpx-135 acc: trials=19200000 accuracy=0.5149
  mpx-135 traj: trials=19320000 wall=35800s knowledge=0.0099 reliable=28 spec=12.57 pop=8006
  mpx-135 cover: trials=19320000 overall=0.0099 a0_nochange=0.0000 a0_change=0.0000 a1_nochange=0.0000 a1_change=0.0394 matched_but_wrong=4
  mpx-135 acc: trials=19320000 accuracy=0.5109
  mpx-135 traj: trials=19440000 wall=36032s knowledge=0.0119 reliable=36 spec=12.44 pop=8265
  mpx-135 cover: trials=19440000 overall=0.0119 a0_nochange=0.0000 a0_change=0.0000 a1_nochange=0.0000 a1_change=0.0477 matched_but_wrong=5
  mpx-135 acc: trials=19440000 accuracy=0.5236
  mpx-135 traj: trials=19560000 wall=36279s knowledge=0.0121 reliable=35 spec=12.46 pop=8330
  mpx-135 cover: trials=19560000 overall=0.0121 a0_nochange=0.0000 a0_change=0.0000 a1_nochange=0.0000 a1_change=0.0485 matched_but_wrong=0
  mpx-135 acc: trials=19560000 accuracy=0.5167
  mpx-135 traj: trials=19680000 wall=36526s knowledge=0.0122 reliable=35 spec=12.40 pop=8264
  mpx-135 cover: trials=19680000 overall=0.0122 a0_nochange=0.0000 a0_change=0.0000 a1_nochange=0.0000 a1_change=0.0489 matched_but_wrong=0
  mpx-135 acc: trials=19680000 accuracy=0.5259
  mpx-135 traj: trials=19800000 wall=36771s knowledge=0.0124 reliable=38 spec=12.53 pop=8652
  mpx-135 cover: trials=19800000 overall=0.0124 a0_nochange=0.0000 a0_change=0.0000 a1_nochange=0.0000 a1_change=0.0497 matched_but_wrong=0
  mpx-135 acc: trials=19800000 accuracy=0.5218
  mpx-135 traj: trials=19920000 wall=37014s knowledge=0.0132 reliable=39 spec=12.49 pop=8725
  mpx-135 cover: trials=19920000 overall=0.0132 a0_nochange=0.0000 a0_change=0.0000 a1_nochange=0.0000 a1_change=0.0528 matched_but_wrong=0
  mpx-135 acc: trials=19920000 accuracy=0.5170
  mpx-135 traj: trials=20040000 wall=37258s knowledge=0.0148 reliable=44 spec=12.52 pop=9061
  mpx-135 cover: trials=20040000 overall=0.0148 a0_nochange=0.0000 a0_change=0.0000 a1_nochange=0.0000 a1_change=0.0591 matched_but_wrong=4
  mpx-135 acc: trials=20040000 accuracy=0.5153
  mpx-135 traj: trials=20160000 wall=37512s knowledge=0.0146 reliable=41 spec=12.49 pop=8903
  mpx-135 cover: trials=20160000 overall=0.0146 a0_nochange=0.0000 a0_change=0.0000 a1_nochange=0.0000 a1_change=0.0583 matched_but_wrong=1
  mpx-135 acc: trials=20160000 accuracy=0.5175
  mpx-135 traj: trials=20280000 wall=37756s knowledge=0.0150 reliable=43 spec=12.79 pop=9063
  mpx-135 cover: trials=20280000 overall=0.0150 a0_nochange=0.0000 a0_change=0.0000 a1_nochange=0.0000 a1_change=0.0600 matched_but_wrong=1
  mpx-135 acc: trials=20280000 accuracy=0.5230
  mpx-135 traj: trials=20400000 wall=38002s knowledge=0.0150 reliable=44 spec=12.77 pop=9202
  mpx-135 cover: trials=20400000 overall=0.0150 a0_nochange=0.0000 a0_change=0.0000 a1_nochange=0.0000 a1_change=0.0601 matched_but_wrong=1
  mpx-135 acc: trials=20400000 accuracy=0.5122
  mpx-135 traj: trials=20520000 wall=38253s knowledge=0.0154 reliable=48 spec=12.81 pop=8641
  mpx-135 cover: trials=20520000 overall=0.0154 a0_nochange=0.0000 a0_change=0.0000 a1_nochange=0.0000 a1_change=0.0615 matched_but_wrong=2
  mpx-135 acc: trials=20520000 accuracy=0.5236
  mpx-135 traj: trials=20640000 wall=38488s knowledge=0.0160 reliable=55 spec=12.89 pop=9148
  mpx-135 cover: trials=20640000 overall=0.0160 a0_nochange=0.0000 a0_change=0.0000 a1_nochange=0.0000 a1_change=0.0641 matched_but_wrong=2
  mpx-135 acc: trials=20640000 accuracy=0.5206
  mpx-135 traj: trials=20760000 wall=38743s knowledge=0.0173 reliable=71 spec=12.94 pop=9313
  mpx-135 cover: trials=20760000 overall=0.0173 a0_nochange=0.0000 a0_change=0.0000 a1_nochange=0.0000 a1_change=0.0692 matched_but_wrong=19
  mpx-135 acc: trials=20760000 accuracy=0.5259
  mpx-135 traj: trials=20880000 wall=38987s knowledge=0.0178 reliable=72 spec=12.96 pop=9573
  mpx-135 cover: trials=20880000 overall=0.0178 a0_nochange=0.0000 a0_change=0.0000 a1_nochange=0.0000 a1_change=0.0711 matched_but_wrong=13
  mpx-135 acc: trials=20880000 accuracy=0.5361
  mpx-135 traj: trials=21000000 wall=39242s knowledge=0.0183 reliable=77 spec=12.82 pop=9595
  mpx-135 cover: trials=21000000 overall=0.0183 a0_nochange=0.0000 a0_change=0.0000 a1_nochange=0.0000 a1_change=0.0731 matched_but_wrong=5
  mpx-135 acc: trials=21000000 accuracy=0.5247
  mpx-135 traj: trials=21120000 wall=39505s knowledge=0.0190 reliable=83 spec=12.71 pop=10669
  mpx-135 cover: trials=21120000 overall=0.0190 a0_nochange=0.0000 a0_change=0.0000 a1_nochange=0.0000 a1_change=0.0760 matched_but_wrong=8
  mpx-135 acc: trials=21120000 accuracy=0.5263
  mpx-135 traj: trials=21240000 wall=39854s knowledge=0.0203 reliable=97 spec=12.62 pop=11567
  mpx-135 cover: trials=21240000 overall=0.0203 a0_nochange=0.0000 a0_change=0.0000 a1_nochange=0.0000 a1_change=0.0810 matched_but_wrong=8
  mpx-135 acc: trials=21240000 accuracy=0.5226
  mpx-135 traj: trials=21360000 wall=40143s knowledge=0.0203 reliable=90 spec=12.63 pop=11449
  mpx-135 cover: trials=21360000 overall=0.0203 a0_nochange=0.0000 a0_change=0.0000 a1_nochange=0.0000 a1_change=0.0813 matched_but_wrong=1
  mpx-135 acc: trials=21360000 accuracy=0.5237
  mpx-135 traj: trials=21480000 wall=40427s knowledge=0.0218 reliable=104 spec=12.71 pop=10632
  mpx-135 cover: trials=21480000 overall=0.0218 a0_nochange=0.0000 a0_change=0.0000 a1_nochange=0.0000 a1_change=0.0872 matched_but_wrong=19
  mpx-135 acc: trials=21480000 accuracy=0.5248
  mpx-135 traj: trials=21600000 wall=40713s knowledge=0.0242 reliable=115 spec=12.58 pop=10921
  mpx-135 cover: trials=21600000 overall=0.0242 a0_nochange=0.0000 a0_change=0.0000 a1_nochange=0.0000 a1_change=0.0967 matched_but_wrong=24
  mpx-135 acc: trials=21600000 accuracy=0.5295
  mpx-135 traj: trials=21720000 wall=40998s knowledge=0.0250 reliable=124 spec=12.50 pop=11950
  mpx-135 cover: trials=21720000 overall=0.0250 a0_nochange=0.0000 a0_change=0.0000 a1_nochange=0.0000 a1_change=0.1000 matched_but_wrong=53
  mpx-135 acc: trials=21720000 accuracy=0.5255
  mpx-135 traj: trials=21840000 wall=41291s knowledge=0.0259 reliable=118 spec=12.53 pop=12147
  mpx-135 cover: trials=21840000 overall=0.0259 a0_nochange=0.0000 a0_change=0.0000 a1_nochange=0.0000 a1_change=0.1037 matched_but_wrong=25
  mpx-135 acc: trials=21840000 accuracy=0.5300
  mpx-135 traj: trials=21960000 wall=41596s knowledge=0.0277 reliable=130 spec=12.54 pop=12663
  mpx-135 cover: trials=21960000 overall=0.0277 a0_nochange=0.0000 a0_change=0.0000 a1_nochange=0.0000 a1_change=0.1107 matched_but_wrong=24
  mpx-135 acc: trials=21960000 accuracy=0.5452
  mpx-135 traj: trials=22080000 wall=41910s knowledge=0.0289 reliable=130 spec=12.50 pop=13043
  mpx-135 cover: trials=22080000 overall=0.0289 a0_nochange=0.0000 a0_change=0.0000 a1_nochange=0.0000 a1_change=0.1155 matched_but_wrong=55
  mpx-135 acc: trials=22080000 accuracy=0.5245
  mpx-135 traj: trials=22200000 wall=42247s knowledge=0.0296 reliable=115 spec=12.41 pop=14032
  mpx-135 cover: trials=22200000 overall=0.0296 a0_nochange=0.0000 a0_change=0.0000 a1_nochange=0.0000 a1_change=0.1183 matched_but_wrong=6
  mpx-135 acc: trials=22200000 accuracy=0.5275
  mpx-135 traj: trials=22320000 wall=42577s knowledge=0.0304 reliable=127 spec=12.57 pop=13683
  mpx-135 cover: trials=22320000 overall=0.0304 a0_nochange=0.0000 a0_change=0.0000 a1_nochange=0.0000 a1_change=0.1216 matched_but_wrong=7
  mpx-135 acc: trials=22320000 accuracy=0.5294
  mpx-135 traj: trials=22440000 wall=42908s knowledge=0.0311 reliable=140 spec=12.66 pop=13873
  mpx-135 cover: trials=22440000 overall=0.0311 a0_nochange=0.0000 a0_change=0.0000 a1_nochange=0.0000 a1_change=0.1245 matched_but_wrong=12
  mpx-135 acc: trials=22440000 accuracy=0.5282
  mpx-135 traj: trials=22560000 wall=43231s knowledge=0.0317 reliable=143 spec=12.59 pop=13368
  mpx-135 cover: trials=22560000 overall=0.0317 a0_nochange=0.0000 a0_change=0.0000 a1_nochange=0.0000 a1_change=0.1269 matched_but_wrong=26
  mpx-135 acc: trials=22560000 accuracy=0.5338
  mpx-135 traj: trials=22680000 wall=43564s knowledge=0.0324 reliable=145 spec=12.61 pop=13830
  mpx-135 cover: trials=22680000 overall=0.0324 a0_nochange=0.0000 a0_change=0.0000 a1_nochange=0.0000 a1_change=0.1296 matched_but_wrong=13
  mpx-135 acc: trials=22680000 accuracy=0.5483
  mpx-135 traj: trials=22800000 wall=43910s knowledge=0.0330 reliable=144 spec=12.51 pop=14904
  mpx-135 cover: trials=22800000 overall=0.0330 a0_nochange=0.0000 a0_change=0.0000 a1_nochange=0.0000 a1_change=0.1320 matched_but_wrong=2
  mpx-135 acc: trials=22800000 accuracy=0.5421
  mpx-135 traj: trials=22920000 wall=44262s knowledge=0.0349 reliable=150 spec=12.44 pop=14503
  mpx-135 cover: trials=22920000 overall=0.0349 a0_nochange=0.0000 a0_change=0.0000 a1_nochange=0.0000 a1_change=0.1394 matched_but_wrong=2
  mpx-135 acc: trials=22920000 accuracy=0.5383
  mpx-135 traj: trials=23040000 wall=44606s knowledge=0.0370 reliable=157 spec=12.36 pop=15097
  mpx-135 cover: trials=23040000 overall=0.0370 a0_nochange=0.0000 a0_change=0.0000 a1_nochange=0.0000 a1_change=0.1479 matched_but_wrong=20
  mpx-135 acc: trials=23040000 accuracy=0.5346
  mpx-135 traj: trials=23160000 wall=44980s knowledge=0.0404 reliable=157 spec=12.33 pop=15889
  mpx-135 cover: trials=23160000 overall=0.0404 a0_nochange=0.0000 a0_change=0.0000 a1_nochange=0.0000 a1_change=0.1617 matched_but_wrong=10
  mpx-135 acc: trials=23160000 accuracy=0.5387
  mpx-135 traj: trials=23280000 wall=45368s knowledge=0.0421 reliable=165 spec=12.33 pop=16261
  mpx-135 cover: trials=23280000 overall=0.0421 a0_nochange=0.0000 a0_change=0.0000 a1_nochange=0.0000 a1_change=0.1683 matched_but_wrong=29
  mpx-135 acc: trials=23280000 accuracy=0.5412
  mpx-135 traj: trials=23400000 wall=45755s knowledge=0.0440 reliable=181 spec=12.20 pop=16107
  mpx-135 cover: trials=23400000 overall=0.0440 a0_nochange=0.0000 a0_change=0.0000 a1_nochange=0.0000 a1_change=0.1761 matched_but_wrong=43
  mpx-135 acc: trials=23400000 accuracy=0.5483
  mpx-135 traj: trials=23520000 wall=46139s knowledge=0.0478 reliable=204 spec=12.30 pop=16576
  mpx-135 cover: trials=23520000 overall=0.0478 a0_nochange=0.0000 a0_change=0.0000 a1_nochange=0.0000 a1_change=0.1912 matched_but_wrong=61
  mpx-135 acc: trials=23520000 accuracy=0.5381
  mpx-135 traj: trials=23640000 wall=46531s knowledge=0.0493 reliable=199 spec=12.36 pop=17222
  mpx-135 cover: trials=23640000 overall=0.0493 a0_nochange=0.0000 a0_change=0.0000 a1_nochange=0.0000 a1_change=0.1972 matched_but_wrong=28
  mpx-135 acc: trials=23640000 accuracy=0.5336
  mpx-135 traj: trials=23760000 wall=46923s knowledge=0.0500 reliable=181 spec=12.20 pop=16889
  mpx-135 cover: trials=23760000 overall=0.0500 a0_nochange=0.0000 a0_change=0.0000 a1_nochange=0.0000 a1_change=0.1998 matched_but_wrong=18
  mpx-135 acc: trials=23760000 accuracy=0.5328
  mpx-135 traj: trials=23880000 wall=47311s knowledge=0.0515 reliable=178 spec=12.24 pop=16688
  mpx-135 cover: trials=23880000 overall=0.0515 a0_nochange=0.0000 a0_change=0.0000 a1_nochange=0.0000 a1_change=0.2061 matched_but_wrong=9
  mpx-135 acc: trials=23880000 accuracy=0.5404
  mpx-135 traj: trials=24000000 wall=47674s knowledge=0.0525 reliable=174 spec=12.28 pop=15549
  mpx-135 cover: trials=24000000 overall=0.0525 a0_nochange=0.0000 a0_change=0.0000 a1_nochange=0.0000 a1_change=0.2101 matched_but_wrong=19
  mpx-135 acc: trials=24000000 accuracy=0.5471
  mpx-135 traj: trials=24120000 wall=48010s knowledge=0.0540 reliable=159 spec=12.16 pop=15889
  mpx-135 cover: trials=24120000 overall=0.0540 a0_nochange=0.0000 a0_change=0.0000 a1_nochange=0.0000 a1_change=0.2160 matched_but_wrong=5
  mpx-135 acc: trials=24120000 accuracy=0.5396
  mpx-135 traj: trials=24240000 wall=48344s knowledge=0.0546 reliable=159 spec=12.12 pop=15438
  mpx-135 cover: trials=24240000 overall=0.0546 a0_nochange=0.0000 a0_change=0.0000 a1_nochange=0.0000 a1_change=0.2185 matched_but_wrong=21
  mpx-135 acc: trials=24240000 accuracy=0.5526
  mpx-135 traj: trials=24360000 wall=48683s knowledge=0.0565 reliable=175 spec=12.19 pop=15878
  mpx-135 cover: trials=24360000 overall=0.0565 a0_nochange=0.0000 a0_change=0.0000 a1_nochange=0.0000 a1_change=0.2260 matched_but_wrong=40
  mpx-135 acc: trials=24360000 accuracy=0.5564
  mpx-135 traj: trials=24480000 wall=49025s knowledge=0.0608 reliable=195 spec=12.00 pop=15399
  mpx-135 cover: trials=24480000 overall=0.0608 a0_nochange=0.0000 a0_change=0.0000 a1_nochange=0.0000 a1_change=0.2431 matched_but_wrong=60
  mpx-135 acc: trials=24480000 accuracy=0.5489
  mpx-135 traj: trials=24600000 wall=49321s knowledge=0.0628 reliable=177 spec=12.02 pop=14707
  mpx-135 cover: trials=24600000 overall=0.0628 a0_nochange=0.0000 a0_change=0.0000 a1_nochange=0.0000 a1_change=0.2512 matched_but_wrong=66
  mpx-135 acc: trials=24600000 accuracy=0.5645
  mpx-135 traj: trials=24720000 wall=49601s knowledge=0.0626 reliable=171 spec=11.95 pop=14373
  mpx-135 cover: trials=24720000 overall=0.0626 a0_nochange=0.0000 a0_change=0.0000 a1_nochange=0.0000 a1_change=0.2505 matched_but_wrong=49
  mpx-135 acc: trials=24720000 accuracy=0.5492
  mpx-135 traj: trials=24840000 wall=49883s knowledge=0.0628 reliable=171 spec=12.15 pop=14259
  mpx-135 cover: trials=24840000 overall=0.0628 a0_nochange=0.0000 a0_change=0.0000 a1_nochange=0.0000 a1_change=0.2511 matched_but_wrong=34
  mpx-135 acc: trials=24840000 accuracy=0.5553
  mpx-135 traj: trials=24960000 wall=50148s knowledge=0.0626 reliable=165 spec=12.16 pop=13685
  mpx-135 cover: trials=24960000 overall=0.0626 a0_nochange=0.0000 a0_change=0.0000 a1_nochange=0.0000 a1_change=0.2502 matched_but_wrong=28
  mpx-135 acc: trials=24960000 accuracy=0.5566
  mpx-135 traj: trials=25080000 wall=50411s knowledge=0.0630 reliable=171 spec=12.16 pop=12918
  mpx-135 cover: trials=25080000 overall=0.0630 a0_nochange=0.0000 a0_change=0.0000 a1_nochange=0.0000 a1_change=0.2518 matched_but_wrong=29
  mpx-135 acc: trials=25080000 accuracy=0.5635
  mpx-135 traj: trials=25200000 wall=50661s knowledge=0.0646 reliable=186 spec=12.27 pop=13441
  mpx-135 cover: trials=25200000 overall=0.0646 a0_nochange=0.0000 a0_change=0.0000 a1_nochange=0.0000 a1_change=0.2582 matched_but_wrong=49
  mpx-135 acc: trials=25200000 accuracy=0.5531
  mpx-135 traj: trials=25320000 wall=50934s knowledge=0.0705 reliable=199 spec=12.14 pop=13612
  mpx-135 cover: trials=25320000 overall=0.0705 a0_nochange=0.0000 a0_change=0.0000 a1_nochange=0.0000 a1_change=0.2818 matched_but_wrong=58
  mpx-135 acc: trials=25320000 accuracy=0.5536
  mpx-135 traj: trials=25440000 wall=51214s knowledge=0.0716 reliable=213 spec=12.10 pop=14629
  mpx-135 cover: trials=25440000 overall=0.0716 a0_nochange=0.0000 a0_change=0.0000 a1_nochange=0.0000 a1_change=0.2863 matched_but_wrong=44
  mpx-135 acc: trials=25440000 accuracy=0.5602
  mpx-135 traj: trials=25560000 wall=51484s knowledge=0.0740 reliable=221 spec=12.05 pop=13700
  mpx-135 cover: trials=25560000 overall=0.0740 a0_nochange=0.0000 a0_change=0.0000 a1_nochange=0.0000 a1_change=0.2959 matched_but_wrong=36
  mpx-135 acc: trials=25560000 accuracy=0.5618
  mpx-135 traj: trials=25680000 wall=51754s knowledge=0.0749 reliable=229 spec=11.97 pop=13798
  mpx-135 cover: trials=25680000 overall=0.0749 a0_nochange=0.0000 a0_change=0.0000 a1_nochange=0.0000 a1_change=0.2995 matched_but_wrong=37
  mpx-135 acc: trials=25680000 accuracy=0.5745
  mpx-135 traj: trials=25800000 wall=52015s knowledge=0.0780 reliable=250 spec=11.94 pop=13713
  mpx-135 cover: trials=25800000 overall=0.0780 a0_nochange=0.0000 a0_change=0.0000 a1_nochange=0.0000 a1_change=0.3120 matched_but_wrong=41
  mpx-135 acc: trials=25800000 accuracy=0.5447
  mpx-135 traj: trials=25920000 wall=52275s knowledge=0.0770 reliable=228 spec=12.00 pop=13126
  mpx-135 cover: trials=25920000 overall=0.0770 a0_nochange=0.0000 a0_change=0.0000 a1_nochange=0.0000 a1_change=0.3077 matched_but_wrong=49
  mpx-135 acc: trials=25920000 accuracy=0.5694
  mpx-135 traj: trials=26040000 wall=52513s knowledge=0.0799 reliable=226 spec=11.95 pop=13327
  mpx-135 cover: trials=26040000 overall=0.0799 a0_nochange=0.0000 a0_change=0.0000 a1_nochange=0.0000 a1_change=0.3197 matched_but_wrong=31
  mpx-135 acc: trials=26040000 accuracy=0.5777
  mpx-135 traj: trials=26160000 wall=52770s knowledge=0.0806 reliable=230 spec=11.93 pop=12606
  mpx-135 cover: trials=26160000 overall=0.0806 a0_nochange=0.0000 a0_change=0.0000 a1_nochange=0.0000 a1_change=0.3224 matched_but_wrong=41
  mpx-135 acc: trials=26160000 accuracy=0.5695
  mpx-135 traj: trials=26280000 wall=53021s knowledge=0.0845 reliable=222 spec=11.84 pop=12408
  mpx-135 cover: trials=26280000 overall=0.0845 a0_nochange=0.0000 a0_change=0.0000 a1_nochange=0.0000 a1_change=0.3379 matched_but_wrong=9
  mpx-135 acc: trials=26280000 accuracy=0.5614
  mpx-135 traj: trials=26400000 wall=53269s knowledge=0.0844 reliable=219 spec=11.93 pop=12616
  mpx-135 cover: trials=26400000 overall=0.0844 a0_nochange=0.0000 a0_change=0.0000 a1_nochange=0.0000 a1_change=0.3376 matched_but_wrong=21
  mpx-135 acc: trials=26400000 accuracy=0.5902
  mpx-135 traj: trials=26520000 wall=53514s knowledge=0.0875 reliable=219 spec=11.84 pop=12611
  mpx-135 cover: trials=26520000 overall=0.0875 a0_nochange=0.0000 a0_change=0.0000 a1_nochange=0.0000 a1_change=0.3498 matched_but_wrong=27
  mpx-135 acc: trials=26520000 accuracy=0.5877
  mpx-135 traj: trials=26640000 wall=53747s knowledge=0.0891 reliable=213 spec=11.71 pop=11733
  mpx-135 cover: trials=26640000 overall=0.0891 a0_nochange=0.0000 a0_change=0.0000 a1_nochange=0.0000 a1_change=0.3562 matched_but_wrong=7
  mpx-135 acc: trials=26640000 accuracy=0.5916
  mpx-135 traj: trials=26760000 wall=53975s knowledge=0.0895 reliable=215 spec=11.75 pop=11494
  mpx-135 cover: trials=26760000 overall=0.0895 a0_nochange=0.0000 a0_change=0.0000 a1_nochange=0.0000 a1_change=0.3578 matched_but_wrong=8
  mpx-135 acc: trials=26760000 accuracy=0.5683
  mpx-135 traj: trials=26880000 wall=54191s knowledge=0.0898 reliable=216 spec=11.79 pop=11311
  mpx-135 cover: trials=26880000 overall=0.0898 a0_nochange=0.0000 a0_change=0.0000 a1_nochange=0.0000 a1_change=0.3592 matched_but_wrong=26
  mpx-135 acc: trials=26880000 accuracy=0.5826
  mpx-135 traj: trials=27000000 wall=54407s knowledge=0.0926 reliable=234 spec=11.83 pop=10849
  mpx-135 cover: trials=27000000 overall=0.0926 a0_nochange=0.0000 a0_change=0.0000 a1_nochange=0.0000 a1_change=0.3701 matched_but_wrong=34
  mpx-135 acc: trials=27000000 accuracy=0.5659
  mpx-135 traj: trials=27120000 wall=54621s knowledge=0.0944 reliable=231 spec=11.77 pop=10396
  mpx-135 cover: trials=27120000 overall=0.0944 a0_nochange=0.0000 a0_change=0.0000 a1_nochange=0.0000 a1_change=0.3775 matched_but_wrong=21
  mpx-135 acc: trials=27120000 accuracy=0.5922
  mpx-135 traj: trials=27240000 wall=54822s knowledge=0.0945 reliable=228 spec=11.74 pop=10138
  mpx-135 cover: trials=27240000 overall=0.0945 a0_nochange=0.0000 a0_change=0.0000 a1_nochange=0.0000 a1_change=0.3781 matched_but_wrong=2
  mpx-135 acc: trials=27240000 accuracy=0.5684
  mpx-135 traj: trials=27360000 wall=55025s knowledge=0.0949 reliable=240 spec=11.73 pop=9881
  mpx-135 cover: trials=27360000 overall=0.0949 a0_nochange=0.0000 a0_change=0.0000 a1_nochange=0.0000 a1_change=0.3793 matched_but_wrong=26
  mpx-135 acc: trials=27360000 accuracy=0.5802
  mpx-135 traj: trials=27480000 wall=55226s knowledge=0.0965 reliable=230 spec=11.67 pop=9969
  mpx-135 cover: trials=27480000 overall=0.0965 a0_nochange=0.0000 a0_change=0.0000 a1_nochange=0.0000 a1_change=0.3858 matched_but_wrong=15
  mpx-135 acc: trials=27480000 accuracy=0.5963
  mpx-135 traj: trials=27600000 wall=55422s knowledge=0.1005 reliable=237 spec=11.61 pop=9637
  mpx-135 cover: trials=27600000 overall=0.1005 a0_nochange=0.0000 a0_change=0.0000 a1_nochange=0.0000 a1_change=0.4017 matched_but_wrong=28
  mpx-135 acc: trials=27600000 accuracy=0.5824
  mpx-135 traj: trials=27720000 wall=55621s knowledge=0.0993 reliable=224 spec=11.59 pop=9605
  mpx-135 cover: trials=27720000 overall=0.0993 a0_nochange=0.0000 a0_change=0.0000 a1_nochange=0.0000 a1_change=0.3973 matched_but_wrong=16
  mpx-135 acc: trials=27720000 accuracy=0.6014
  mpx-135 traj: trials=27840000 wall=55827s knowledge=0.0980 reliable=218 spec=11.61 pop=9884
  mpx-135 cover: trials=27840000 overall=0.0980 a0_nochange=0.0000 a0_change=0.0000 a1_nochange=0.0000 a1_change=0.3921 matched_but_wrong=12
  mpx-135 acc: trials=27840000 accuracy=0.5883
  mpx-135 traj: trials=27960000 wall=56020s knowledge=0.1013 reliable=223 spec=11.60 pop=9630
  mpx-135 cover: trials=27960000 overall=0.1013 a0_nochange=0.0000 a0_change=0.0000 a1_nochange=0.0000 a1_change=0.4052 matched_but_wrong=19
  mpx-135 acc: trials=27960000 accuracy=0.5989
  mpx-135 traj: trials=28080000 wall=56214s knowledge=0.1046 reliable=232 spec=11.59 pop=9457
  mpx-135 cover: trials=28080000 overall=0.1046 a0_nochange=0.0000 a0_change=0.0000 a1_nochange=0.0000 a1_change=0.4180 matched_but_wrong=30
  mpx-135 acc: trials=28080000 accuracy=0.5877
  mpx-135 traj: trials=28200000 wall=56410s knowledge=0.1067 reliable=237 spec=11.57 pop=9281
  mpx-135 cover: trials=28200000 overall=0.1067 a0_nochange=0.0000 a0_change=0.0000 a1_nochange=0.0000 a1_change=0.4267 matched_but_wrong=19
  mpx-135 acc: trials=28200000 accuracy=0.6097
  mpx-135 traj: trials=28320000 wall=56598s knowledge=0.1064 reliable=223 spec=11.58 pop=9008
  mpx-135 cover: trials=28320000 overall=0.1064 a0_nochange=0.0000 a0_change=0.0000 a1_nochange=0.0000 a1_change=0.4256 matched_but_wrong=29
  mpx-135 acc: trials=28320000 accuracy=0.5972
  mpx-135 traj: trials=28440000 wall=56785s knowledge=0.1087 reliable=230 spec=11.55 pop=9072
  mpx-135 cover: trials=28440000 overall=0.1087 a0_nochange=0.0000 a0_change=0.0000 a1_nochange=0.0000 a1_change=0.4346 matched_but_wrong=16
  mpx-135 acc: trials=28440000 accuracy=0.5792
  mpx-135 traj: trials=28560000 wall=56994s knowledge=0.1136 reliable=223 spec=11.48 pop=8271
  mpx-135 cover: trials=28560000 overall=0.1136 a0_nochange=0.0000 a0_change=0.0000 a1_nochange=0.0000 a1_change=0.4543 matched_but_wrong=5
  mpx-135 acc: trials=28560000 accuracy=0.5789
  mpx-135 traj: trials=28680000 wall=57171s knowledge=0.1125 reliable=205 spec=11.47 pop=7745
  mpx-135 cover: trials=28680000 overall=0.1125 a0_nochange=0.0000 a0_change=0.0000 a1_nochange=0.0000 a1_change=0.4499 matched_but_wrong=5
  mpx-135 acc: trials=28680000 accuracy=0.6383
  mpx-135 traj: trials=28800000 wall=57344s knowledge=0.1142 reliable=199 spec=11.44 pop=7022
  mpx-135 cover: trials=28800000 overall=0.1142 a0_nochange=0.0000 a0_change=0.0000 a1_nochange=0.0000 a1_change=0.4568 matched_but_wrong=2
  mpx-135 acc: trials=28800000 accuracy=0.6249
  mpx-135 traj: trials=28920000 wall=57518s knowledge=0.1160 reliable=201 spec=11.39 pop=6905
  mpx-135 cover: trials=28920000 overall=0.1160 a0_nochange=0.0000 a0_change=0.0000 a1_nochange=0.0000 a1_change=0.4640 matched_but_wrong=6
  mpx-135 acc: trials=28920000 accuracy=0.6339
  mpx-135 traj: trials=29040000 wall=57690s knowledge=0.1183 reliable=197 spec=11.29 pop=6925
  mpx-135 cover: trials=29040000 overall=0.1183 a0_nochange=0.0000 a0_change=0.0000 a1_nochange=0.0000 a1_change=0.4731 matched_but_wrong=18
  mpx-135 acc: trials=29040000 accuracy=0.6538
  mpx-135 traj: trials=29160000 wall=57919s knowledge=0.1185 reliable=187 spec=11.18 pop=6688
  mpx-135 cover: trials=29160000 overall=0.1185 a0_nochange=0.0000 a0_change=0.0000 a1_nochange=0.0000 a1_change=0.4738 matched_but_wrong=40
  mpx-135 acc: trials=29160000 accuracy=0.6082
  mpx-135 traj: trials=29280000 wall=58090s knowledge=0.1205 reliable=181 spec=11.15 pop=6712
  mpx-135 cover: trials=29280000 overall=0.1205 a0_nochange=0.0000 a0_change=0.0000 a1_nochange=0.0000 a1_change=0.4820 matched_but_wrong=9
  mpx-135 acc: trials=29280000 accuracy=0.6601
  mpx-135 traj: trials=29400000 wall=58264s knowledge=0.1201 reliable=175 spec=11.14 pop=6352
  mpx-135 cover: trials=29400000 overall=0.1201 a0_nochange=0.0000 a0_change=0.0000 a1_nochange=0.0000 a1_change=0.4803 matched_but_wrong=6
  mpx-135 acc: trials=29400000 accuracy=0.6615
  mpx-135 traj: trials=29520000 wall=58436s knowledge=0.1187 reliable=168 spec=11.11 pop=6181
  mpx-135 cover: trials=29520000 overall=0.1187 a0_nochange=0.0000 a0_change=0.0000 a1_nochange=0.0000 a1_change=0.4745 matched_but_wrong=15
  mpx-135 acc: trials=29520000 accuracy=0.6547
  mpx-135 traj: trials=29640000 wall=58609s knowledge=0.1184 reliable=168 spec=11.08 pop=6394
  mpx-135 cover: trials=29640000 overall=0.1184 a0_nochange=0.0000 a0_change=0.0000 a1_nochange=0.0000 a1_change=0.4734 matched_but_wrong=10
  mpx-135 acc: trials=29640000 accuracy=0.6273
  mpx-135 traj: trials=29760000 wall=58788s knowledge=0.1173 reliable=162 spec=11.04 pop=6092
  mpx-135 cover: trials=29760000 overall=0.1173 a0_nochange=0.0000 a0_change=0.0000 a1_nochange=0.0000 a1_change=0.4691 matched_but_wrong=0
  mpx-135 acc: trials=29760000 accuracy=0.6279
  mpx-135 traj: trials=29880000 wall=58973s knowledge=0.1175 reliable=156 spec=10.96 pop=6184
  mpx-135 cover: trials=29880000 overall=0.1175 a0_nochange=0.0000 a0_change=0.0000 a1_nochange=0.0000 a1_change=0.4697 matched_but_wrong=19
  mpx-135 acc: trials=29880000 accuracy=0.6463
  mpx-135 traj: trials=30000000 wall=59205s knowledge=0.1166 reliable=147 spec=10.96 pop=5988
  mpx-135 cover: trials=30000000 overall=0.1166 a0_nochange=0.0000 a0_change=0.0000 a1_nochange=0.0000 a1_change=0.4662 matched_but_wrong=0
  mpx-135 acc: trials=30000000 accuracy=0.5994
  mpx-135 traj: trials=30120000 wall=59386s knowledge=0.1171 reliable=145 spec=10.91 pop=5827
  mpx-135 cover: trials=30120000 overall=0.1171 a0_nochange=0.0000 a0_change=0.0000 a1_nochange=0.0000 a1_change=0.4682 matched_but_wrong=0
  mpx-135 acc: trials=30120000 accuracy=0.6317
  mpx-135 traj: trials=30240000 wall=59559s knowledge=0.1178 reliable=141 spec=10.82 pop=5386
  mpx-135 cover: trials=30240000 overall=0.1178 a0_nochange=0.0000 a0_change=0.0000 a1_nochange=0.0000 a1_change=0.4709 matched_but_wrong=0
  mpx-135 acc: trials=30240000 accuracy=0.6182
  mpx-135 traj: trials=30360000 wall=59729s knowledge=0.1167 reliable=135 spec=10.83 pop=6042
  mpx-135 cover: trials=30360000 overall=0.1167 a0_nochange=0.0000 a0_change=0.0000 a1_nochange=0.0000 a1_change=0.4666 matched_but_wrong=0
  mpx-135 acc: trials=30360000 accuracy=0.6368
  mpx-135 traj: trials=30480000 wall=59914s knowledge=0.1182 reliable=131 spec=10.77 pop=6036
  mpx-135 cover: trials=30480000 overall=0.1182 a0_nochange=0.0000 a0_change=0.0000 a1_nochange=0.0000 a1_change=0.4725 matched_but_wrong=0
  mpx-135 acc: trials=30480000 accuracy=0.6436
  mpx-135 traj: trials=30600000 wall=60092s knowledge=0.1198 reliable=130 spec=10.74 pop=5571
  mpx-135 cover: trials=30600000 overall=0.1198 a0_nochange=0.0000 a0_change=0.0000 a1_nochange=0.0000 a1_change=0.4789 matched_but_wrong=0
  mpx-135 acc: trials=30600000 accuracy=0.6042
  mpx-135 traj: trials=30720000 wall=60272s knowledge=0.1222 reliable=135 spec=10.69 pop=5869
  mpx-135 cover: trials=30720000 overall=0.1222 a0_nochange=0.0000 a0_change=0.0000 a1_nochange=0.0000 a1_change=0.4887 matched_but_wrong=0
  mpx-135 acc: trials=30720000 accuracy=0.6204
  mpx-135 traj: trials=30840000 wall=60450s knowledge=0.1224 reliable=132 spec=10.66 pop=5437
  mpx-135 cover: trials=30840000 overall=0.1224 a0_nochange=0.0000 a0_change=0.0000 a1_nochange=0.0000 a1_change=0.4893 matched_but_wrong=0
  mpx-135 acc: trials=30840000 accuracy=0.6394
  mpx-135 traj: trials=30960000 wall=60689s knowledge=0.1244 reliable=129 spec=10.57 pop=5907
  mpx-135 cover: trials=30960000 overall=0.1244 a0_nochange=0.0000 a0_change=0.0000 a1_nochange=0.0000 a1_change=0.4975 matched_but_wrong=0
  mpx-135 acc: trials=30960000 accuracy=0.6111
  mpx-135 traj: trials=31080000 wall=60861s knowledge=0.1242 reliable=123 spec=10.56 pop=5627
  mpx-135 cover: trials=31080000 overall=0.1242 a0_nochange=0.0000 a0_change=0.0000 a1_nochange=0.0000 a1_change=0.4967 matched_but_wrong=0
  mpx-135 acc: trials=31080000 accuracy=0.6073
  mpx-135 traj: trials=31200000 wall=61057s knowledge=0.1244 reliable=118 spec=10.49 pop=5759
  mpx-135 cover: trials=31200000 overall=0.1244 a0_nochange=0.0000 a0_change=0.0000 a1_nochange=0.0000 a1_change=0.4975 matched_but_wrong=0
  mpx-135 acc: trials=31200000 accuracy=0.6105
  mpx-135 traj: trials=31320000 wall=61241s knowledge=0.1262 reliable=119 spec=10.39 pop=5568
  mpx-135 cover: trials=31320000 overall=0.1262 a0_nochange=0.0000 a0_change=0.0000 a1_nochange=0.0000 a1_change=0.5046 matched_but_wrong=0
  mpx-135 acc: trials=31320000 accuracy=0.6947
  mpx-135 traj: trials=31440000 wall=61546s knowledge=0.1252 reliable=117 spec=10.35 pop=5794
  mpx-135 cover: trials=31440000 overall=0.1252 a0_nochange=0.0000 a0_change=0.0000 a1_nochange=0.0000 a1_change=0.5006 matched_but_wrong=0
  mpx-135 acc: trials=31440000 accuracy=0.6473
  mpx-135 traj: trials=31560000 wall=61744s knowledge=0.1247 reliable=116 spec=10.35 pop=5416
  mpx-135 cover: trials=31560000 overall=0.1247 a0_nochange=0.0000 a0_change=0.0000 a1_nochange=0.0000 a1_change=0.4986 matched_but_wrong=0
  mpx-135 acc: trials=31560000 accuracy=0.6315
  mpx-135 traj: trials=31680000 wall=61923s knowledge=0.1254 reliable=119 spec=10.43 pop=5163
  mpx-135 cover: trials=31680000 overall=0.1254 a0_nochange=0.0000 a0_change=0.0000 a1_nochange=0.0000 a1_change=0.5013 matched_but_wrong=0
  mpx-135 acc: trials=31680000 accuracy=0.6333
  mpx-135 traj: trials=31800000 wall=62099s knowledge=0.1247 reliable=120 spec=10.49 pop=5329
  mpx-135 cover: trials=31800000 overall=0.1247 a0_nochange=0.0000 a0_change=0.0000 a1_nochange=0.0000 a1_change=0.4988 matched_but_wrong=1
  mpx-135 acc: trials=31800000 accuracy=0.6510
  mpx-135 traj: trials=31920000 wall=62276s knowledge=0.1259 reliable=121 spec=10.51 pop=5099
  mpx-135 cover: trials=31920000 overall=0.1259 a0_nochange=0.0000 a0_change=0.0000 a1_nochange=0.0000 a1_change=0.5035 matched_but_wrong=1
  mpx-135 acc: trials=31920000 accuracy=0.6128
  mpx-135 traj: trials=32040000 wall=62463s knowledge=0.1266 reliable=121 spec=10.53 pop=5244
  mpx-135 cover: trials=32040000 overall=0.1266 a0_nochange=0.0000 a0_change=0.0000 a1_nochange=0.0000 a1_change=0.5061 matched_but_wrong=1
  mpx-135 acc: trials=32040000 accuracy=0.5016
  mpx-135 traj: trials=32160000 wall=62643s knowledge=0.1266 reliable=122 spec=10.49 pop=5691
  mpx-135 cover: trials=32160000 overall=0.1266 a0_nochange=0.0000 a0_change=0.0000 a1_nochange=0.0000 a1_change=0.5061 matched_but_wrong=8
  mpx-135 acc: trials=32160000 accuracy=0.6525
  mpx-135 traj: trials=32280000 wall=62817s knowledge=0.1274 reliable=120 spec=10.53 pop=5170
  mpx-135 cover: trials=32280000 overall=0.1274 a0_nochange=0.0000 a0_change=0.0000 a1_nochange=0.0000 a1_change=0.5095 matched_but_wrong=6
  mpx-135 acc: trials=32280000 accuracy=0.6360
  mpx-135 traj: trials=32400000 wall=63011s knowledge=0.1267 reliable=116 spec=10.52 pop=5296
  mpx-135 cover: trials=32400000 overall=0.1267 a0_nochange=0.0000 a0_change=0.0000 a1_nochange=0.0000 a1_change=0.5066 matched_but_wrong=1
  mpx-135 acc: trials=32400000 accuracy=0.6366
  mpx-135 traj: trials=32520000 wall=63188s knowledge=0.1268 reliable=114 spec=10.50 pop=5135
  mpx-135 cover: trials=32520000 overall=0.1268 a0_nochange=0.0000 a0_change=0.0000 a1_nochange=0.0000 a1_change=0.5068 matched_but_wrong=1
  mpx-135 acc: trials=32520000 accuracy=0.6136
  mpx-135 traj: trials=32640000 wall=63391s knowledge=0.1276 reliable=114 spec=10.50 pop=5045
  mpx-135 cover: trials=32640000 overall=0.1276 a0_nochange=0.0000 a0_change=0.0000 a1_nochange=0.0000 a1_change=0.5103 matched_but_wrong=1
  mpx-135 acc: trials=32640000 accuracy=0.6602
  mpx-135 traj: trials=32760000 wall=63570s knowledge=0.1285 reliable=113 spec=10.39 pop=5036
  mpx-135 cover: trials=32760000 overall=0.1285 a0_nochange=0.0000 a0_change=0.0000 a1_nochange=0.0000 a1_change=0.5139 matched_but_wrong=1
  mpx-135 acc: trials=32760000 accuracy=0.6003
  mpx-135 traj: trials=32880000 wall=63753s knowledge=0.1287 reliable=114 spec=10.39 pop=5450
  mpx-135 cover: trials=32880000 overall=0.1287 a0_nochange=0.0000 a0_change=0.0000 a1_nochange=0.0000 a1_change=0.5146 matched_but_wrong=1
  mpx-135 acc: trials=32880000 accuracy=0.6734
  mpx-135 traj: trials=33000000 wall=63934s knowledge=0.1288 reliable=110 spec=10.33 pop=5561
  mpx-135 cover: trials=33000000 overall=0.1288 a0_nochange=0.0000 a0_change=0.0000 a1_nochange=0.0000 a1_change=0.5149 matched_but_wrong=0
  mpx-135 acc: trials=33000000 accuracy=0.6643
  mpx-135 traj: trials=33120000 wall=64113s knowledge=0.1292 reliable=107 spec=10.22 pop=5009
  mpx-135 cover: trials=33120000 overall=0.1292 a0_nochange=0.0000 a0_change=0.0000 a1_nochange=0.0000 a1_change=0.5168 matched_but_wrong=0
  mpx-135 acc: trials=33120000 accuracy=0.6838
  mpx-135 traj: trials=33240000 wall=64350s knowledge=0.1291 reliable=104 spec=10.21 pop=4850
  mpx-135 cover: trials=33240000 overall=0.1291 a0_nochange=0.0000 a0_change=0.0000 a1_nochange=0.0000 a1_change=0.5161 matched_but_wrong=0
  mpx-135 acc: trials=33240000 accuracy=0.6162
  mpx-135 traj: trials=33360000 wall=64532s knowledge=0.1300 reliable=105 spec=10.26 pop=5050
  mpx-135 cover: trials=33360000 overall=0.1300 a0_nochange=0.0000 a0_change=0.0000 a1_nochange=0.0000 a1_change=0.5198 matched_but_wrong=0
  mpx-135 acc: trials=33360000 accuracy=0.6767
  mpx-135 traj: trials=33480000 wall=64743s knowledge=0.1289 reliable=99 spec=10.21 pop=4971
  mpx-135 cover: trials=33480000 overall=0.1289 a0_nochange=0.0000 a0_change=0.0000 a1_nochange=0.0000 a1_change=0.5154 matched_but_wrong=0
  mpx-135 acc: trials=33480000 accuracy=0.5984
  mpx-135 traj: trials=33600000 wall=65006s knowledge=0.1291 reliable=96 spec=10.08 pop=4701
  mpx-135 cover: trials=33600000 overall=0.1291 a0_nochange=0.0000 a0_change=0.0000 a1_nochange=0.0000 a1_change=0.5163 matched_but_wrong=0
  mpx-135 acc: trials=33600000 accuracy=0.6449
  mpx-135 traj: trials=33720000 wall=65201s knowledge=0.1292 reliable=96 spec=10.04 pop=5029
  mpx-135 cover: trials=33720000 overall=0.1292 a0_nochange=0.0000 a0_change=0.0000 a1_nochange=0.0000 a1_change=0.5166 matched_but_wrong=0
  mpx-135 acc: trials=33720000 accuracy=0.6188
  mpx-135 traj: trials=33840000 wall=65415s knowledge=0.1289 reliable=91 spec=9.91 pop=5029
  mpx-135 cover: trials=33840000 overall=0.1289 a0_nochange=0.0000 a0_change=0.0000 a1_nochange=0.0000 a1_change=0.5155 matched_but_wrong=0
  mpx-135 acc: trials=33840000 accuracy=0.6760
  mpx-135 traj: trials=33960000 wall=65600s knowledge=0.1289 reliable=91 spec=9.91 pop=4908
  mpx-135 cover: trials=33960000 overall=0.1289 a0_nochange=0.0000 a0_change=0.0000 a1_nochange=0.0000 a1_change=0.5155 matched_but_wrong=0
  mpx-135 acc: trials=33960000 accuracy=0.6422
  mpx-135 traj: trials=34080000 wall=67085s knowledge=0.1285 reliable=89 spec=9.88 pop=4705
  mpx-135 cover: trials=34080000 overall=0.1285 a0_nochange=0.0000 a0_change=0.0000 a1_nochange=0.0000 a1_change=0.5137 matched_but_wrong=0
  mpx-135 acc: trials=34080000 accuracy=0.6279
  mpx-135 traj: trials=34200000 wall=67276s knowledge=0.1285 reliable=89 spec=9.88 pop=4971
  mpx-135 cover: trials=34200000 overall=0.1285 a0_nochange=0.0000 a0_change=0.0000 a1_nochange=0.0000 a1_change=0.5137 matched_but_wrong=0
  mpx-135 acc: trials=34200000 accuracy=0.6601
  mpx-135 traj: trials=34320000 wall=67476s knowledge=0.1297 reliable=90 spec=9.82 pop=4664
  mpx-135 cover: trials=34320000 overall=0.1297 a0_nochange=0.0000 a0_change=0.0000 a1_nochange=0.0000 a1_change=0.5187 matched_but_wrong=0
  mpx-135 acc: trials=34320000 accuracy=0.6382
  mpx-135 traj: trials=34440000 wall=67677s knowledge=0.1302 reliable=88 spec=9.81 pop=4855
  mpx-135 cover: trials=34440000 overall=0.1302 a0_nochange=0.0000 a0_change=0.0000 a1_nochange=0.0000 a1_change=0.5208 matched_but_wrong=0
  mpx-135 acc: trials=34440000 accuracy=0.6461
  mpx-135 traj: trials=34560000 wall=67877s knowledge=0.1305 reliable=88 spec=9.76 pop=5231
  mpx-135 cover: trials=34560000 overall=0.1305 a0_nochange=0.0000 a0_change=0.0000 a1_nochange=0.0000 a1_change=0.5216 matched_but_wrong=0
  mpx-135 acc: trials=34560000 accuracy=0.6784
  mpx-135 traj: trials=34680000 wall=68086s knowledge=0.1301 reliable=86 spec=9.70 pop=4594
  mpx-135 cover: trials=34680000 overall=0.1301 a0_nochange=0.0000 a0_change=0.0000 a1_nochange=0.0000 a1_change=0.5203 matched_but_wrong=0
  mpx-135 acc: trials=34680000 accuracy=0.6857
  mpx-135 traj: trials=34800000 wall=68339s knowledge=0.1301 reliable=86 spec=9.70 pop=5604
  mpx-135 cover: trials=34800000 overall=0.1301 a0_nochange=0.0000 a0_change=0.0000 a1_nochange=0.0000 a1_change=0.5203 matched_but_wrong=0
  mpx-135 acc: trials=34800000 accuracy=0.6872
  mpx-135 traj: trials=34920000 wall=68550s knowledge=0.1303 reliable=85 spec=9.52 pop=4700
  mpx-135 cover: trials=34920000 overall=0.1303 a0_nochange=0.0000 a0_change=0.0000 a1_nochange=0.0000 a1_change=0.5212 matched_but_wrong=0
  mpx-135 acc: trials=34920000 accuracy=0.6296
  mpx-135 traj: trials=35040000 wall=68743s knowledge=0.1310 reliable=88 spec=9.52 pop=5025
  mpx-135 cover: trials=35040000 overall=0.1310 a0_nochange=0.0000 a0_change=0.0000 a1_nochange=0.0000 a1_change=0.5236 matched_but_wrong=0
  mpx-135 acc: trials=35040000 accuracy=0.6642
  mpx-135 traj: trials=35160000 wall=68948s knowledge=0.1312 reliable=91 spec=9.70 pop=5035
  mpx-135 cover: trials=35160000 overall=0.1312 a0_nochange=0.0000 a0_change=0.0000 a1_nochange=0.0000 a1_change=0.5248 matched_but_wrong=0
  mpx-135 acc: trials=35160000 accuracy=0.6380
  mpx-135 traj: trials=35280000 wall=69141s knowledge=0.1314 reliable=92 spec=9.62 pop=5230
  mpx-135 cover: trials=35280000 overall=0.1314 a0_nochange=0.0000 a0_change=0.0000 a1_nochange=0.0000 a1_change=0.5255 matched_but_wrong=0
  mpx-135 acc: trials=35280000 accuracy=0.6213
  mpx-135 traj: trials=35400000 wall=69328s knowledge=0.1311 reliable=89 spec=9.62 pop=5078
  mpx-135 cover: trials=35400000 overall=0.1311 a0_nochange=0.0000 a0_change=0.0000 a1_nochange=0.0000 a1_change=0.5244 matched_but_wrong=0
  mpx-135 acc: trials=35400000 accuracy=0.6267
  mpx-135 traj: trials=35520000 wall=69576s knowledge=0.1307 reliable=89 spec=9.65 pop=5123
  mpx-135 cover: trials=35520000 overall=0.1307 a0_nochange=0.0000 a0_change=0.0000 a1_nochange=0.0000 a1_change=0.5226 matched_but_wrong=0
  mpx-135 acc: trials=35520000 accuracy=0.6299
  mpx-135 traj: trials=35640000 wall=69798s knowledge=0.1305 reliable=87 spec=9.59 pop=4617
  mpx-135 cover: trials=35640000 overall=0.1305 a0_nochange=0.0000 a0_change=0.0000 a1_nochange=0.0000 a1_change=0.5219 matched_but_wrong=0
  mpx-135 acc: trials=35640000 accuracy=0.6204
  mpx-135 traj: trials=35760000 wall=69986s knowledge=0.1316 reliable=88 spec=9.48 pop=4654
  mpx-135 cover: trials=35760000 overall=0.1316 a0_nochange=0.0000 a0_change=0.0000 a1_nochange=0.0000 a1_change=0.5263 matched_but_wrong=0
  mpx-135 acc: trials=35760000 accuracy=0.6075
  mpx-135 traj: trials=35880000 wall=70180s knowledge=0.1331 reliable=89 spec=9.54 pop=4711
  mpx-135 cover: trials=35880000 overall=0.1331 a0_nochange=0.0000 a0_change=0.0000 a1_nochange=0.0000 a1_change=0.5322 matched_but_wrong=0
  mpx-135 acc: trials=35880000 accuracy=0.6590
  mpx-135 traj: trials=36000000 wall=70372s knowledge=0.1331 reliable=88 spec=9.52 pop=4747
  mpx-135 cover: trials=36000000 overall=0.1331 a0_nochange=0.0000 a0_change=0.0000 a1_nochange=0.0000 a1_change=0.5321 matched_but_wrong=0
  mpx-135 acc: trials=36000000 accuracy=0.6388
  mpx-135 traj: trials=36120000 wall=70581s knowledge=0.1333 reliable=87 spec=9.47 pop=4862
  mpx-135 cover: trials=36120000 overall=0.1333 a0_nochange=0.0000 a0_change=0.0000 a1_nochange=0.0000 a1_change=0.5332 matched_but_wrong=0
  mpx-135 acc: trials=36120000 accuracy=0.6161
  mpx-135 traj: trials=36240000 wall=70833s knowledge=0.1333 reliable=87 spec=9.55 pop=4771
  mpx-135 cover: trials=36240000 overall=0.1333 a0_nochange=0.0000 a0_change=0.0000 a1_nochange=0.0000 a1_change=0.5329 matched_but_wrong=0
  mpx-135 acc: trials=36240000 accuracy=0.6341
  mpx-135 traj: trials=36360000 wall=71034s knowledge=0.1331 reliable=84 spec=9.46 pop=4794
  mpx-135 cover: trials=36360000 overall=0.1331 a0_nochange=0.0000 a0_change=0.0000 a1_nochange=0.0000 a1_change=0.5322 matched_but_wrong=0
  mpx-135 acc: trials=36360000 accuracy=0.6846
  mpx-135 traj: trials=36480000 wall=71352s knowledge=0.1327 reliable=82 spec=9.44 pop=5318
  mpx-135 cover: trials=36480000 overall=0.1327 a0_nochange=0.0000 a0_change=0.0000 a1_nochange=0.0000 a1_change=0.5306 matched_but_wrong=0
  mpx-135 acc: trials=36480000 accuracy=0.6474
  mpx-135 traj: trials=36600000 wall=71579s knowledge=0.1335 reliable=84 spec=9.37 pop=5222
  mpx-135 cover: trials=36600000 overall=0.1335 a0_nochange=0.0000 a0_change=0.0000 a1_nochange=0.0000 a1_change=0.5339 matched_but_wrong=0
  mpx-135 acc: trials=36600000 accuracy=0.6287
  mpx-135 traj: trials=36720000 wall=71787s knowledge=0.1335 reliable=84 spec=9.38 pop=4973
  mpx-135 cover: trials=36720000 overall=0.1335 a0_nochange=0.0000 a0_change=0.0000 a1_nochange=0.0000 a1_change=0.5336 matched_but_wrong=0
  mpx-135 acc: trials=36720000 accuracy=0.6604
  mpx-135 traj: trials=36840000 wall=71961s knowledge=0.1328 reliable=82 spec=9.37 pop=4987
  mpx-135 cover: trials=36840000 overall=0.1328 a0_nochange=0.0000 a0_change=0.0000 a1_nochange=0.0000 a1_change=0.5310 matched_but_wrong=0
  mpx-135 acc: trials=36840000 accuracy=0.6579
  mpx-135 traj: trials=36960000 wall=72178s knowledge=0.1327 reliable=82 spec=9.39 pop=5311
  mpx-135 cover: trials=36960000 overall=0.1327 a0_nochange=0.0000 a0_change=0.0000 a1_nochange=0.0000 a1_change=0.5307 matched_but_wrong=0
  mpx-135 acc: trials=36960000 accuracy=0.6301
  mpx-135 traj: trials=37080000 wall=72449s knowledge=0.1329 reliable=85 spec=9.48 pop=4851
  mpx-135 cover: trials=37080000 overall=0.1329 a0_nochange=0.0000 a0_change=0.0000 a1_nochange=0.0000 a1_change=0.5315 matched_but_wrong=0
  mpx-135 acc: trials=37080000 accuracy=0.6477
  mpx-135 traj: trials=37200000 wall=72936s knowledge=0.1351 reliable=87 spec=9.47 pop=6639
  mpx-135 cover: trials=37200000 overall=0.1351 a0_nochange=0.0000 a0_change=0.0007 a1_nochange=0.0000 a1_change=0.5395 matched_but_wrong=8
  mpx-135 acc: trials=37200000 accuracy=0.6097
  mpx-135 traj: trials=37320000 wall=73203s knowledge=0.1345 reliable=86 spec=9.56 pop=5862
  mpx-135 cover: trials=37320000 overall=0.1345 a0_nochange=0.0000 a0_change=0.0000 a1_nochange=0.0000 a1_change=0.5379 matched_but_wrong=0
  mpx-135 acc: trials=37320000 accuracy=0.6491
  mpx-135 traj: trials=37440000 wall=73391s knowledge=0.1357 reliable=86 spec=9.52 pop=5021
  mpx-135 cover: trials=37440000 overall=0.1357 a0_nochange=0.0000 a0_change=0.0000 a1_nochange=0.0000 a1_change=0.5424 matched_but_wrong=0
  mpx-135 acc: trials=37440000 accuracy=0.6538
  mpx-135 traj: trials=37560000 wall=73594s knowledge=0.1361 reliable=87 spec=9.52 pop=5147
  mpx-135 cover: trials=37560000 overall=0.1361 a0_nochange=0.0000 a0_change=0.0000 a1_nochange=0.0000 a1_change=0.5442 matched_but_wrong=0
  mpx-135 acc: trials=37560000 accuracy=0.6265
  mpx-135 traj: trials=37680000 wall=73776s knowledge=0.1370 reliable=87 spec=9.49 pop=5538
  mpx-135 cover: trials=37680000 overall=0.1370 a0_nochange=0.0000 a0_change=0.0000 a1_nochange=0.0000 a1_change=0.5477 matched_but_wrong=0
  mpx-135 acc: trials=37680000 accuracy=0.6435
  mpx-135 traj: trials=37800000 wall=73957s knowledge=0.1361 reliable=89 spec=9.56 pop=5392
  mpx-135 cover: trials=37800000 overall=0.1361 a0_nochange=0.0000 a0_change=0.0000 a1_nochange=0.0000 a1_change=0.5442 matched_but_wrong=0
  mpx-135 acc: trials=37800000 accuracy=0.6585
  mpx-135 traj: trials=37920000 wall=74185s knowledge=0.1346 reliable=85 spec=9.56 pop=5587
  mpx-135 cover: trials=37920000 overall=0.1346 a0_nochange=0.0000 a0_change=0.0000 a1_nochange=0.0000 a1_change=0.5380 matched_but_wrong=0
  mpx-135 acc: trials=37920000 accuracy=0.6437
  mpx-135 traj: trials=38040000 wall=74374s knowledge=0.1348 reliable=86 spec=9.60 pop=6023
  mpx-135 cover: trials=38040000 overall=0.1348 a0_nochange=0.0000 a0_change=0.0009 a1_nochange=0.0000 a1_change=0.5380 matched_but_wrong=0
  mpx-135 acc: trials=38040000 accuracy=0.6278
  mpx-135 traj: trials=38160000 wall=74563s knowledge=0.1349 reliable=87 spec=9.68 pop=6202
  mpx-135 cover: trials=38160000 overall=0.1349 a0_nochange=0.0000 a0_change=0.0010 a1_nochange=0.0000 a1_change=0.5383 matched_but_wrong=0
  mpx-135 acc: trials=38160000 accuracy=0.6632
  mpx-135 traj: trials=38280000 wall=74745s knowledge=0.1351 reliable=89 spec=9.73 pop=6151
  mpx-135 cover: trials=38280000 overall=0.1351 a0_nochange=0.0000 a0_change=0.0016 a1_nochange=0.0000 a1_change=0.5388 matched_but_wrong=0
  mpx-135 acc: trials=38280000 accuracy=0.6780
  mpx-135 traj: trials=38400000 wall=75039s knowledge=0.1359 reliable=91 spec=9.62 pop=6075
  mpx-135 cover: trials=38400000 overall=0.1359 a0_nochange=0.0000 a0_change=0.0022 a1_nochange=0.0000 a1_change=0.5411 matched_but_wrong=0
  mpx-135 acc: trials=38400000 accuracy=0.6291
  mpx-135 traj: trials=38520000 wall=75215s knowledge=0.1359 reliable=91 spec=9.62 pop=6046
  mpx-135 cover: trials=38520000 overall=0.1359 a0_nochange=0.0000 a0_change=0.0022 a1_nochange=0.0000 a1_change=0.5411 matched_but_wrong=0
  mpx-135 acc: trials=38520000 accuracy=0.6368
  mpx-135 traj: trials=38640000 wall=75411s knowledge=0.1365 reliable=95 spec=9.62 pop=5870
  mpx-135 cover: trials=38640000 overall=0.1365 a0_nochange=0.0000 a0_change=0.0027 a1_nochange=0.0000 a1_change=0.5430 matched_but_wrong=0
  mpx-135 acc: trials=38640000 accuracy=0.6459
  mpx-135 traj: trials=38760000 wall=75612s knowledge=0.1365 reliable=98 spec=9.78 pop=5997
  mpx-135 cover: trials=38760000 overall=0.1365 a0_nochange=0.0000 a0_change=0.0028 a1_nochange=0.0000 a1_change=0.5431 matched_but_wrong=0
  mpx-135 acc: trials=38760000 accuracy=0.6814
  mpx-135 traj: trials=38880000 wall=75786s knowledge=0.1373 reliable=101 spec=9.74 pop=6083
  mpx-135 cover: trials=38880000 overall=0.1373 a0_nochange=0.0000 a0_change=0.0028 a1_nochange=0.0000 a1_change=0.5463 matched_but_wrong=0
  mpx-135 acc: trials=38880000 accuracy=0.6662
  mpx-135 traj: trials=39000000 wall=75964s knowledge=0.1374 reliable=100 spec=9.74 pop=6195
  mpx-135 cover: trials=39000000 overall=0.1374 a0_nochange=0.0000 a0_change=0.0041 a1_nochange=0.0000 a1_change=0.5454 matched_but_wrong=0
  mpx-135 acc: trials=39000000 accuracy=0.6408
  mpx-135 traj: trials=39120000 wall=76162s knowledge=0.1392 reliable=101 spec=9.70 pop=5776
  mpx-135 cover: trials=39120000 overall=0.1392 a0_nochange=0.0000 a0_change=0.0041 a1_nochange=0.0000 a1_change=0.5523 matched_but_wrong=0
  mpx-135 acc: trials=39120000 accuracy=0.6726
  mpx-135 traj: trials=39240000 wall=76369s knowledge=0.1387 reliable=103 spec=9.76 pop=5599
  mpx-135 cover: trials=39240000 overall=0.1387 a0_nochange=0.0000 a0_change=0.0041 a1_nochange=0.0000 a1_change=0.5505 matched_but_wrong=0
  mpx-135 acc: trials=39240000 accuracy=0.6080
  mpx-135 traj: trials=39360000 wall=76586s knowledge=0.1391 reliable=105 spec=9.79 pop=5376
  mpx-135 cover: trials=39360000 overall=0.1391 a0_nochange=0.0000 a0_change=0.0050 a1_nochange=0.0000 a1_change=0.5512 matched_but_wrong=0
  mpx-135 acc: trials=39360000 accuracy=0.6271
  mpx-135 traj: trials=39480000 wall=76776s knowledge=0.1377 reliable=102 spec=9.82 pop=5768
  mpx-135 cover: trials=39480000 overall=0.1377 a0_nochange=0.0000 a0_change=0.0051 a1_nochange=0.0000 a1_change=0.5455 matched_but_wrong=0
  mpx-135 acc: trials=39480000 accuracy=0.6247
  mpx-135 traj: trials=39600000 wall=77128s knowledge=0.1375 reliable=100 spec=9.77 pop=6253
  mpx-135 cover: trials=39600000 overall=0.1375 a0_nochange=0.0000 a0_change=0.0057 a1_nochange=0.0000 a1_change=0.5442 matched_but_wrong=0
  mpx-135 acc: trials=39600000 accuracy=0.6554
  mpx-135 traj: trials=39720000 wall=77300s knowledge=0.1377 reliable=99 spec=9.75 pop=6446
  mpx-135 cover: trials=39720000 overall=0.1377 a0_nochange=0.0000 a0_change=0.0071 a1_nochange=0.0000 a1_change=0.5434 matched_but_wrong=1
  mpx-135 acc: trials=39720000 accuracy=0.6638
  mpx-135 traj: trials=39840000 wall=77496s knowledge=0.1381 reliable=101 spec=9.78 pop=6500
  mpx-135 cover: trials=39840000 overall=0.1381 a0_nochange=0.0000 a0_change=0.0083 a1_nochange=0.0000 a1_change=0.5437 matched_but_wrong=1
  mpx-135 acc: trials=39840000 accuracy=0.6674
  mpx-135 traj: trials=39960000 wall=77694s knowledge=0.1383 reliable=104 spec=9.85 pop=5946
  mpx-135 cover: trials=39960000 overall=0.1383 a0_nochange=0.0000 a0_change=0.0107 a1_nochange=0.0000 a1_change=0.5422 matched_but_wrong=1
  mpx-135 acc: trials=39960000 accuracy=0.6327
  mpx-135 traj: trials=40080000 wall=77919s knowledge=0.1397 reliable=109 spec=10.02 pop=6393
  mpx-135 cover: trials=40080000 overall=0.1397 a0_nochange=0.0000 a0_change=0.0131 a1_nochange=0.0000 a1_change=0.5457 matched_but_wrong=1
  mpx-135 acc: trials=40080000 accuracy=0.6634
  mpx-135 traj: trials=40200000 wall=78272s knowledge=0.1389 reliable=111 spec=10.10 pop=6488
  mpx-135 cover: trials=40200000 overall=0.1389 a0_nochange=0.0000 a0_change=0.0144 a1_nochange=0.0000 a1_change=0.5409 matched_but_wrong=3
  mpx-135 acc: trials=40200000 accuracy=0.6540
  mpx-135 traj: trials=40320000 wall=78451s knowledge=0.1390 reliable=109 spec=9.94 pop=6691
  mpx-135 cover: trials=40320000 overall=0.1390 a0_nochange=0.0000 a0_change=0.0141 a1_nochange=0.0000 a1_change=0.5417 matched_but_wrong=0
  mpx-135 acc: trials=40320000 accuracy=0.6721
  mpx-135 traj: trials=40440000 wall=78643s knowledge=0.1387 reliable=105 spec=9.81 pop=6266
  mpx-135 cover: trials=40440000 overall=0.1387 a0_nochange=0.0000 a0_change=0.0138 a1_nochange=0.0000 a1_change=0.5409 matched_but_wrong=0
  mpx-135 acc: trials=40440000 accuracy=0.6516
  mpx-135 traj: trials=40560000 wall=78832s knowledge=0.1390 reliable=104 spec=9.77 pop=6300
  mpx-135 cover: trials=40560000 overall=0.1390 a0_nochange=0.0000 a0_change=0.0133 a1_nochange=0.0000 a1_change=0.5426 matched_but_wrong=0
  mpx-135 acc: trials=40560000 accuracy=0.6720
  mpx-135 traj: trials=40680000 wall=79028s knowledge=0.1396 reliable=109 spec=9.85 pop=6251
  mpx-135 cover: trials=40680000 overall=0.1396 a0_nochange=0.0000 a0_change=0.0139 a1_nochange=0.0000 a1_change=0.5442 matched_but_wrong=2
  mpx-135 acc: trials=40680000 accuracy=0.6494
  mpx-135 traj: trials=40800000 wall=79211s knowledge=0.1406 reliable=125 spec=10.02 pop=5854
  mpx-135 cover: trials=40800000 overall=0.1406 a0_nochange=0.0000 a0_change=0.0139 a1_nochange=0.0000 a1_change=0.5484 matched_but_wrong=19
  mpx-135 acc: trials=40800000 accuracy=0.7014
  mpx-135 traj: trials=40920000 wall=79397s knowledge=0.1425 reliable=126 spec=10.10 pop=5960
  mpx-135 cover: trials=40920000 overall=0.1425 a0_nochange=0.0000 a0_change=0.0226 a1_nochange=0.0000 a1_change=0.5471 matched_but_wrong=20
  mpx-135 acc: trials=40920000 accuracy=0.6225
  mpx-135 traj: trials=41040000 wall=79565s knowledge=0.1442 reliable=135 spec=10.20 pop=6062
  mpx-135 cover: trials=41040000 overall=0.1442 a0_nochange=0.0000 a0_change=0.0254 a1_nochange=0.0000 a1_change=0.5510 matched_but_wrong=4
  mpx-135 acc: trials=41040000 accuracy=0.6423
  mpx-135 traj: trials=41160000 wall=79739s knowledge=0.1467 reliable=164 spec=10.38 pop=6384
  mpx-135 cover: trials=41160000 overall=0.1467 a0_nochange=0.0000 a0_change=0.0299 a1_nochange=0.0000 a1_change=0.5566 matched_but_wrong=96
  mpx-135 acc: trials=41160000 accuracy=0.6499
  mpx-135 traj: trials=41280000 wall=80052s knowledge=0.1463 reliable=156 spec=10.38 pop=6988
  mpx-135 cover: trials=41280000 overall=0.1463 a0_nochange=0.0000 a0_change=0.0311 a1_nochange=0.0000 a1_change=0.5538 matched_but_wrong=21
  mpx-135 acc: trials=41280000 accuracy=0.6652
  mpx-135 traj: trials=41400000 wall=80229s knowledge=0.1473 reliable=160 spec=10.40 pop=7357
  mpx-135 cover: trials=41400000 overall=0.1473 a0_nochange=0.0000 a0_change=0.0319 a1_nochange=0.0000 a1_change=0.5570 matched_but_wrong=81
  mpx-135 acc: trials=41400000 accuracy=0.6635
  mpx-135 traj: trials=41520000 wall=80411s knowledge=0.1492 reliable=163 spec=10.40 pop=7599
  mpx-135 cover: trials=41520000 overall=0.1492 a0_nochange=0.0000 a0_change=0.0343 a1_nochange=0.0000 a1_change=0.5623 matched_but_wrong=31
  mpx-135 acc: trials=41520000 accuracy=0.6996
  mpx-135 traj: trials=41640000 wall=80600s knowledge=0.1477 reliable=158 spec=10.42 pop=8907
  mpx-135 cover: trials=41640000 overall=0.1477 a0_nochange=0.0000 a0_change=0.0337 a1_nochange=0.0000 a1_change=0.5568 matched_but_wrong=29
  mpx-135 acc: trials=41640000 accuracy=0.6321
  mpx-135 traj: trials=41760000 wall=80801s knowledge=0.1477 reliable=154 spec=10.39 pop=8489
  mpx-135 cover: trials=41760000 overall=0.1477 a0_nochange=0.0000 a0_change=0.0350 a1_nochange=0.0000 a1_change=0.5556 matched_but_wrong=11
  mpx-135 acc: trials=41760000 accuracy=0.6864
  mpx-135 traj: trials=41880000 wall=80997s knowledge=0.1474 reliable=147 spec=10.27 pop=8795
  mpx-135 cover: trials=41880000 overall=0.1474 a0_nochange=0.0000 a0_change=0.0352 a1_nochange=0.0000 a1_change=0.5543 matched_but_wrong=15
  mpx-135 acc: trials=41880000 accuracy=0.7019
  mpx-135 traj: trials=42000000 wall=81191s knowledge=0.1468 reliable=149 spec=10.32 pop=8748
  mpx-135 cover: trials=42000000 overall=0.1468 a0_nochange=0.0000 a0_change=0.0370 a1_nochange=0.0000 a1_change=0.5499 matched_but_wrong=4
  mpx-135 acc: trials=42000000 accuracy=0.7156
  mpx-135 traj: trials=42120000 wall=81402s knowledge=0.1467 reliable=151 spec=10.39 pop=9114
  mpx-135 cover: trials=42120000 overall=0.1467 a0_nochange=0.0000 a0_change=0.0368 a1_nochange=0.0000 a1_change=0.5496 matched_but_wrong=5
  mpx-135 acc: trials=42120000 accuracy=0.6876
  mpx-135 traj: trials=42240000 wall=81611s knowledge=0.1476 reliable=162 spec=10.52 pop=9373
  mpx-135 cover: trials=42240000 overall=0.1476 a0_nochange=0.0000 a0_change=0.0393 a1_nochange=0.0000 a1_change=0.5510 matched_but_wrong=11
  mpx-135 acc: trials=42240000 accuracy=0.6923
  mpx-135 traj: trials=42360000 wall=81865s knowledge=0.1482 reliable=170 spec=10.56 pop=9768
  mpx-135 cover: trials=42360000 overall=0.1482 a0_nochange=0.0000 a0_change=0.0407 a1_nochange=0.0000 a1_change=0.5521 matched_but_wrong=15
  mpx-135 acc: trials=42360000 accuracy=0.6763
  mpx-135 traj: trials=42480000 wall=82081s knowledge=0.1493 reliable=174 spec=10.61 pop=9452
  mpx-135 cover: trials=42480000 overall=0.1493 a0_nochange=0.0000 a0_change=0.0434 a1_nochange=0.0000 a1_change=0.5536 matched_but_wrong=18
  mpx-135 acc: trials=42480000 accuracy=0.6833
  mpx-135 traj: trials=42600000 wall=82320s knowledge=0.1499 reliable=174 spec=10.58 pop=9947
  mpx-135 cover: trials=42600000 overall=0.1499 a0_nochange=0.0000 a0_change=0.0452 a1_nochange=0.0000 a1_change=0.5543 matched_but_wrong=11
  mpx-135 acc: trials=42600000 accuracy=0.6859
  mpx-135 traj: trials=42720000 wall=82542s knowledge=0.1503 reliable=176 spec=10.60 pop=9809
  mpx-135 cover: trials=42720000 overall=0.1503 a0_nochange=0.0000 a0_change=0.0471 a1_nochange=0.0000 a1_change=0.5537 matched_but_wrong=7
  mpx-135 acc: trials=42720000 accuracy=0.6744
  mpx-135 traj: trials=42840000 wall=82790s knowledge=0.1506 reliable=183 spec=10.67 pop=10313
  mpx-135 cover: trials=42840000 overall=0.1506 a0_nochange=0.0000 a0_change=0.0484 a1_nochange=0.0000 a1_change=0.5538 matched_but_wrong=22
  mpx-135 acc: trials=42840000 accuracy=0.6813
  mpx-135 traj: trials=42960000 wall=83020s knowledge=0.1516 reliable=193 spec=10.83 pop=10210
  mpx-135 cover: trials=42960000 overall=0.1516 a0_nochange=0.0000 a0_change=0.0539 a1_nochange=0.0000 a1_change=0.5523 matched_but_wrong=58
  mpx-135 acc: trials=42960000 accuracy=0.7296
  mpx-135 traj: trials=43080000 wall=83304s knowledge=0.1514 reliable=184 spec=10.79 pop=11257
  mpx-135 cover: trials=43080000 overall=0.1514 a0_nochange=0.0000 a0_change=0.0538 a1_nochange=0.0000 a1_change=0.5518 matched_but_wrong=3
  mpx-135 acc: trials=43080000 accuracy=0.7046
  mpx-135 traj: trials=43200000 wall=83576s knowledge=0.1543 reliable=219 spec=11.01 pop=11011
  mpx-135 cover: trials=43200000 overall=0.1543 a0_nochange=0.0000 a0_change=0.0638 a1_nochange=0.0000 a1_change=0.5531 matched_but_wrong=14
  mpx-135 acc: trials=43200000 accuracy=0.7181
  mpx-135 traj: trials=43320000 wall=83814s knowledge=0.1551 reliable=202 spec=10.86 pop=11068
  mpx-135 cover: trials=43320000 overall=0.1551 a0_nochange=0.0000 a0_change=0.0643 a1_nochange=0.0000 a1_change=0.5558 matched_but_wrong=31
  mpx-135 acc: trials=43320000 accuracy=0.7105
  mpx-135 traj: trials=43440000 wall=84066s knowledge=0.1560 reliable=205 spec=10.91 pop=11354
  mpx-135 cover: trials=43440000 overall=0.1560 a0_nochange=0.0000 a0_change=0.0684 a1_nochange=0.0000 a1_change=0.5553 matched_but_wrong=16
  mpx-135 acc: trials=43440000 accuracy=0.7048
  mpx-135 traj: trials=43560000 wall=84310s knowledge=0.1567 reliable=206 spec=10.93 pop=11032
  mpx-135 cover: trials=43560000 overall=0.1567 a0_nochange=0.0000 a0_change=0.0718 a1_nochange=0.0000 a1_change=0.5548 matched_but_wrong=20
  mpx-135 acc: trials=43560000 accuracy=0.6726
  mpx-135 traj: trials=43680000 wall=84548s knowledge=0.1567 reliable=195 spec=10.89 pop=10891
  mpx-135 cover: trials=43680000 overall=0.1567 a0_nochange=0.0000 a0_change=0.0744 a1_nochange=0.0000 a1_change=0.5523 matched_but_wrong=43
  mpx-135 acc: trials=43680000 accuracy=0.6871
  mpx-135 traj: trials=43800000 wall=84793s knowledge=0.1574 reliable=200 spec=10.95 pop=11625
  mpx-135 cover: trials=43800000 overall=0.1574 a0_nochange=0.0000 a0_change=0.0774 a1_nochange=0.0000 a1_change=0.5522 matched_but_wrong=44
  mpx-135 acc: trials=43800000 accuracy=0.6973
  mpx-135 traj: trials=43920000 wall=85053s knowledge=0.1559 reliable=192 spec=11.02 pop=11445
  mpx-135 cover: trials=43920000 overall=0.1559 a0_nochange=0.0000 a0_change=0.0751 a1_nochange=0.0000 a1_change=0.5484 matched_but_wrong=21
  mpx-135 acc: trials=43920000 accuracy=0.7116
  mpx-135 traj: trials=44040000 wall=85292s knowledge=0.1575 reliable=186 spec=10.92 pop=11548
  mpx-135 cover: trials=44040000 overall=0.1575 a0_nochange=0.0000 a0_change=0.0819 a1_nochange=0.0000 a1_change=0.5480 matched_but_wrong=23
  mpx-135 acc: trials=44040000 accuracy=0.7171
  mpx-135 traj: trials=44160000 wall=85663s knowledge=0.1583 reliable=187 spec=10.90 pop=12015
  mpx-135 cover: trials=44160000 overall=0.1583 a0_nochange=0.0000 a0_change=0.0860 a1_nochange=0.0000 a1_change=0.5471 matched_but_wrong=12
  mpx-135 acc: trials=44160000 accuracy=0.7070
  mpx-135 traj: trials=44280000 wall=85922s knowledge=0.1609 reliable=193 spec=10.99 pop=11992
  mpx-135 cover: trials=44280000 overall=0.1609 a0_nochange=0.0000 a0_change=0.0954 a1_nochange=0.0000 a1_change=0.5482 matched_but_wrong=5
  mpx-135 acc: trials=44280000 accuracy=0.6918
  mpx-135 traj: trials=44400000 wall=86297s knowledge=0.1632 reliable=195 spec=10.98 pop=11578
  mpx-135 cover: trials=44400000 overall=0.1632 a0_nochange=0.0000 a0_change=0.1069 a1_nochange=0.0000 a1_change=0.5456 matched_but_wrong=14
  mpx-135 acc: trials=44400000 accuracy=0.7058
  mpx-135 traj: trials=44520000 wall=86533s knowledge=0.1633 reliable=188 spec=10.89 pop=11020
  mpx-135 cover: trials=44520000 overall=0.1633 a0_nochange=0.0000 a0_change=0.1063 a1_nochange=0.0000 a1_change=0.5468 matched_but_wrong=5
  mpx-135 acc: trials=44520000 accuracy=0.7175
  mpx-135 traj: trials=44640000 wall=86867s knowledge=0.1629 reliable=183 spec=10.84 pop=12139
  mpx-135 cover: trials=44640000 overall=0.1629 a0_nochange=0.0000 a0_change=0.1053 a1_nochange=0.0000 a1_change=0.5463 matched_but_wrong=1
  mpx-135 acc: trials=44640000 accuracy=0.6880
  mpx-135 traj: trials=44760000 wall=87114s knowledge=0.1649 reliable=193 spec=10.87 pop=11820
  mpx-135 cover: trials=44760000 overall=0.1649 a0_nochange=0.0000 a0_change=0.1106 a1_nochange=0.0000 a1_change=0.5486 matched_but_wrong=0
  mpx-135 acc: trials=44760000 accuracy=0.7025
  mpx-135 traj: trials=44880000 wall=87367s knowledge=0.1657 reliable=196 spec=10.92 pop=12615
  mpx-135 cover: trials=44880000 overall=0.1657 a0_nochange=0.0000 a0_change=0.1149 a1_nochange=0.0000 a1_change=0.5478 matched_but_wrong=7
  mpx-135 acc: trials=44880000 accuracy=0.7197
  mpx-135 traj: trials=45000000 wall=87643s knowledge=0.1685 reliable=217 spec=11.05 pop=13388
  mpx-135 cover: trials=45000000 overall=0.1685 a0_nochange=0.0000 a0_change=0.1232 a1_nochange=0.0000 a1_change=0.5505 matched_but_wrong=25
  mpx-135 acc: trials=45000000 accuracy=0.7228
  mpx-135 traj: trials=45120000 wall=87923s knowledge=0.1713 reliable=226 spec=11.08 pop=14456
  mpx-135 cover: trials=45120000 overall=0.1713 a0_nochange=0.0000 a0_change=0.1352 a1_nochange=0.0000 a1_change=0.5498 matched_but_wrong=29
  mpx-135 acc: trials=45120000 accuracy=0.7291
  mpx-135 traj: trials=45240000 wall=88238s knowledge=0.1734 reliable=243 spec=11.11 pop=15702
  mpx-135 cover: trials=45240000 overall=0.1734 a0_nochange=0.0000 a0_change=0.1417 a1_nochange=0.0000 a1_change=0.5516 matched_but_wrong=28
  mpx-135 acc: trials=45240000 accuracy=0.7456
  mpx-135 traj: trials=45360000 wall=88606s knowledge=0.1760 reliable=250 spec=11.11 pop=17091
  mpx-135 cover: trials=45360000 overall=0.1760 a0_nochange=0.0000 a0_change=0.1540 a1_nochange=0.0000 a1_change=0.5498 matched_but_wrong=16
  mpx-135 acc: trials=45360000 accuracy=0.7418
  mpx-135 traj: trials=45480000 wall=88970s knowledge=0.1800 reliable=269 spec=11.14 pop=15883
  mpx-135 cover: trials=45480000 overall=0.1800 a0_nochange=0.0000 a0_change=0.1679 a1_nochange=0.0000 a1_change=0.5519 matched_but_wrong=42
  mpx-135 acc: trials=45480000 accuracy=0.7200
  mpx-135 traj: trials=45600000 wall=89298s knowledge=0.1815 reliable=276 spec=11.17 pop=15895
  mpx-135 cover: trials=45600000 overall=0.1815 a0_nochange=0.0000 a0_change=0.1751 a1_nochange=0.0000 a1_change=0.5508 matched_but_wrong=44
  mpx-135 acc: trials=45600000 accuracy=0.7454
  mpx-135 traj: trials=45720000 wall=89668s knowledge=0.1857 reliable=290 spec=11.25 pop=17119
  mpx-135 cover: trials=45720000 overall=0.1857 a0_nochange=0.0000 a0_change=0.1931 a1_nochange=0.0000 a1_change=0.5496 matched_but_wrong=32
  mpx-135 acc: trials=45720000 accuracy=0.7413
  mpx-135 traj: trials=45840000 wall=90006s knowledge=0.1880 reliable=294 spec=11.31 pop=15817
  mpx-135 cover: trials=45840000 overall=0.1880 a0_nochange=0.0000 a0_change=0.2031 a1_nochange=0.0000 a1_change=0.5487 matched_but_wrong=44
  mpx-135 acc: trials=45840000 accuracy=0.7404
  mpx-135 traj: trials=45960000 wall=90316s knowledge=0.1907 reliable=296 spec=11.31 pop=15790
  mpx-135 cover: trials=45960000 overall=0.1907 a0_nochange=0.0000 a0_change=0.2140 a1_nochange=0.0000 a1_change=0.5487 matched_but_wrong=30
  mpx-135 acc: trials=45960000 accuracy=0.7408
  mpx-135 traj: trials=46080000 wall=90654s knowledge=0.1926 reliable=298 spec=11.30 pop=16883
  mpx-135 cover: trials=46080000 overall=0.1926 a0_nochange=0.0000 a0_change=0.2222 a1_nochange=0.0000 a1_change=0.5480 matched_but_wrong=36
  mpx-135 acc: trials=46080000 accuracy=0.7513
  mpx-135 traj: trials=46200000 wall=90996s knowledge=0.1953 reliable=296 spec=11.24 pop=17066
  mpx-135 cover: trials=46200000 overall=0.1953 a0_nochange=0.0000 a0_change=0.2324 a1_nochange=0.0000 a1_change=0.5488 matched_but_wrong=37
  mpx-135 acc: trials=46200000 accuracy=0.7358
  mpx-135 traj: trials=46320000 wall=91343s knowledge=0.1957 reliable=294 spec=11.22 pop=16836
  mpx-135 cover: trials=46320000 overall=0.1957 a0_nochange=0.0000 a0_change=0.2305 a1_nochange=0.0000 a1_change=0.5521 matched_but_wrong=21
  mpx-135 acc: trials=46320000 accuracy=0.7466
  mpx-135 traj: trials=46440000 wall=91658s knowledge=0.2008 reliable=315 spec=11.28 pop=15979
  mpx-135 cover: trials=46440000 overall=0.2008 a0_nochange=0.0000 a0_change=0.2484 a1_nochange=0.0000 a1_change=0.5546 matched_but_wrong=46
  mpx-135 acc: trials=46440000 accuracy=0.7541
  mpx-135 traj: trials=46560000 wall=92065s knowledge=0.2026 reliable=327 spec=11.30 pop=16075
  mpx-135 cover: trials=46560000 overall=0.2026 a0_nochange=0.0000 a0_change=0.2566 a1_nochange=0.0000 a1_change=0.5538 matched_but_wrong=44
  mpx-135 acc: trials=46560000 accuracy=0.7641
  mpx-135 traj: trials=46680000 wall=92383s knowledge=0.2065 reliable=352 spec=11.35 pop=16566
  mpx-135 cover: trials=46680000 overall=0.2065 a0_nochange=0.0000 a0_change=0.2695 a1_nochange=0.0000 a1_change=0.5564 matched_but_wrong=78
  mpx-135 acc: trials=46680000 accuracy=0.7629
  mpx-135 traj: trials=46800000 wall=92725s knowledge=0.2098 reliable=332 spec=11.23 pop=16227
  mpx-135 cover: trials=46800000 overall=0.2098 a0_nochange=0.0000 a0_change=0.2788 a1_nochange=0.0000 a1_change=0.5603 matched_but_wrong=14
  mpx-135 acc: trials=46800000 accuracy=0.7651
  mpx-135 traj: trials=46920000 wall=93041s knowledge=0.2127 reliable=340 spec=11.19 pop=16109
  mpx-135 cover: trials=46920000 overall=0.2127 a0_nochange=0.0000 a0_change=0.2905 a1_nochange=0.0000 a1_change=0.5603 matched_but_wrong=43
  mpx-135 acc: trials=46920000 accuracy=0.7633
  mpx-135 traj: trials=47040000 wall=93362s knowledge=0.2163 reliable=336 spec=11.23 pop=14866
  mpx-135 cover: trials=47040000 overall=0.2163 a0_nochange=0.0000 a0_change=0.3056 a1_nochange=0.0000 a1_change=0.5596 matched_but_wrong=31
  mpx-135 acc: trials=47040000 accuracy=0.7592
  mpx-135 traj: trials=47160000 wall=93641s knowledge=0.2217 reliable=358 spec=11.16 pop=14778
  mpx-135 cover: trials=47160000 overall=0.2217 a0_nochange=0.0000 a0_change=0.3255 a1_nochange=0.0000 a1_change=0.5613 matched_but_wrong=58
  mpx-135 acc: trials=47160000 accuracy=0.7687
  mpx-135 traj: trials=47280000 wall=93906s knowledge=0.2273 reliable=361 spec=11.20 pop=14254
  mpx-135 cover: trials=47280000 overall=0.2273 a0_nochange=0.0000 a0_change=0.3456 a1_nochange=0.0000 a1_change=0.5637 matched_but_wrong=57
  mpx-135 acc: trials=47280000 accuracy=0.7662
  mpx-135 traj: trials=47400000 wall=94152s knowledge=0.2242 reliable=339 spec=11.15 pop=13395
  mpx-135 cover: trials=47400000 overall=0.2242 a0_nochange=0.0000 a0_change=0.3337 a1_nochange=0.0000 a1_change=0.5629 matched_but_wrong=60
  mpx-135 acc: trials=47400000 accuracy=0.7625
  mpx-135 traj: trials=47520000 wall=94376s knowledge=0.2281 reliable=325 spec=11.07 pop=12410
  mpx-135 cover: trials=47520000 overall=0.2281 a0_nochange=0.0000 a0_change=0.3515 a1_nochange=0.0000 a1_change=0.5610 matched_but_wrong=53
  mpx-135 acc: trials=47520000 accuracy=0.7629
  mpx-135 traj: trials=47640000 wall=94631s knowledge=0.2270 reliable=311 spec=11.09 pop=11628
  mpx-135 cover: trials=47640000 overall=0.2270 a0_nochange=0.0000 a0_change=0.3479 a1_nochange=0.0000 a1_change=0.5601 matched_but_wrong=22
  mpx-135 acc: trials=47640000 accuracy=0.7623
  mpx-135 traj: trials=47760000 wall=94917s knowledge=0.2322 reliable=322 spec=11.12 pop=11317
  mpx-135 cover: trials=47760000 overall=0.2322 a0_nochange=0.0000 a0_change=0.3615 a1_nochange=0.0000 a1_change=0.5672 matched_but_wrong=47
  mpx-135 acc: trials=47760000 accuracy=0.7572
  mpx-135 traj: trials=47880000 wall=95182s knowledge=0.2321 reliable=308 spec=11.08 pop=10822
  mpx-135 cover: trials=47880000 overall=0.2321 a0_nochange=0.0000 a0_change=0.3569 a1_nochange=0.0000 a1_change=0.5714 matched_but_wrong=35
  mpx-135 acc: trials=47880000 accuracy=0.7699
  mpx-135 traj: trials=48000000 wall=95641s knowledge=0.2335 reliable=309 spec=11.03 pop=10692
  mpx-135 cover: trials=48000000 overall=0.2335 a0_nochange=0.0000 a0_change=0.3626 a1_nochange=0.0000 a1_change=0.5714 matched_but_wrong=21
  mpx-135 acc: trials=48000000 accuracy=0.7599
  mpx-135 traj: trials=48120000 wall=95844s knowledge=0.2369 reliable=311 spec=10.94 pop=9634
  mpx-135 cover: trials=48120000 overall=0.2369 a0_nochange=0.0000 a0_change=0.3780 a1_nochange=0.0000 a1_change=0.5695 matched_but_wrong=3
  mpx-135 acc: trials=48120000 accuracy=0.7635
  mpx-135 traj: trials=48240000 wall=96020s knowledge=0.2371 reliable=305 spec=10.94 pop=9073
  mpx-135 cover: trials=48240000 overall=0.2371 a0_nochange=0.0000 a0_change=0.3792 a1_nochange=0.0000 a1_change=0.5691 matched_but_wrong=8
  mpx-135 acc: trials=48240000 accuracy=0.7612
  mpx-135 traj: trials=48360000 wall=96204s knowledge=0.2386 reliable=306 spec=10.90 pop=8194
  mpx-135 cover: trials=48360000 overall=0.2386 a0_nochange=0.0000 a0_change=0.3823 a1_nochange=0.0000 a1_change=0.5721 matched_but_wrong=9
  mpx-135 acc: trials=48360000 accuracy=0.7452
  mpx-135 traj: trials=48480000 wall=96475s knowledge=0.2366 reliable=292 spec=10.87 pop=7555
  mpx-135 cover: trials=48480000 overall=0.2366 a0_nochange=0.0000 a0_change=0.3749 a1_nochange=0.0000 a1_change=0.5713 matched_but_wrong=1
  mpx-135 acc: trials=48480000 accuracy=0.7608
  mpx-135 traj: trials=48600000 wall=96796s knowledge=0.2346 reliable=275 spec=10.83 pop=7262
  mpx-135 cover: trials=48600000 overall=0.2346 a0_nochange=0.0000 a0_change=0.3687 a1_nochange=0.0000 a1_change=0.5698 matched_but_wrong=1
  mpx-135 acc: trials=48600000 accuracy=0.7470
  mpx-135 traj: trials=48720000 wall=97037s knowledge=0.2362 reliable=275 spec=10.81 pop=7139
  mpx-135 cover: trials=48720000 overall=0.2362 a0_nochange=0.0000 a0_change=0.3724 a1_nochange=0.0000 a1_change=0.5722 matched_but_wrong=6
  mpx-135 acc: trials=48720000 accuracy=0.7630
  mpx-135 traj: trials=48840000 wall=97205s knowledge=0.2378 reliable=273 spec=10.80 pop=7063
  mpx-135 cover: trials=48840000 overall=0.2378 a0_nochange=0.0000 a0_change=0.3739 a1_nochange=0.0000 a1_change=0.5774 matched_but_wrong=4
  mpx-135 acc: trials=48840000 accuracy=0.7398
  mpx-135 traj: trials=48960000 wall=97415s knowledge=0.2362 reliable=271 spec=10.80 pop=7224
  mpx-135 cover: trials=48960000 overall=0.2362 a0_nochange=0.0000 a0_change=0.3692 a1_nochange=0.0000 a1_change=0.5754 matched_but_wrong=30
  mpx-135 acc: trials=48960000 accuracy=0.7445
  mpx-135 traj: trials=49080000 wall=97591s knowledge=0.2354 reliable=258 spec=10.78 pop=7173
  mpx-135 cover: trials=49080000 overall=0.2354 a0_nochange=0.0000 a0_change=0.3686 a1_nochange=0.0000 a1_change=0.5729 matched_but_wrong=3
  mpx-135 acc: trials=49080000 accuracy=0.7498
  mpx-135 traj: trials=49200000 wall=97752s knowledge=0.2348 reliable=259 spec=10.80 pop=7252
  mpx-135 cover: trials=49200000 overall=0.2348 a0_nochange=0.0000 a0_change=0.3664 a1_nochange=0.0000 a1_change=0.5729 matched_but_wrong=8
  mpx-135 acc: trials=49200000 accuracy=0.7413
  mpx-135 traj: trials=49320000 wall=97934s knowledge=0.2354 reliable=252 spec=10.77 pop=8056
  mpx-135 cover: trials=49320000 overall=0.2354 a0_nochange=0.0000 a0_change=0.3685 a1_nochange=0.0000 a1_change=0.5732 matched_but_wrong=18
  mpx-135 acc: trials=49320000 accuracy=0.7538
  mpx-135 traj: trials=49440000 wall=98215s knowledge=0.2371 reliable=249 spec=10.73 pop=7551
  mpx-135 cover: trials=49440000 overall=0.2371 a0_nochange=0.0000 a0_change=0.3753 a1_nochange=0.0000 a1_change=0.5732 matched_but_wrong=8
  mpx-135 acc: trials=49440000 accuracy=0.7404
  mpx-135 traj: trials=49560000 wall=98536s knowledge=0.2393 reliable=252 spec=10.75 pop=7474
  mpx-135 cover: trials=49560000 overall=0.2393 a0_nochange=0.0000 a0_change=0.3827 a1_nochange=0.0000 a1_change=0.5743 matched_but_wrong=5
  mpx-135 acc: trials=49560000 accuracy=0.7633
  mpx-135 traj: trials=49680000 wall=98687s knowledge=0.2387 reliable=249 spec=10.71 pop=7009
  mpx-135 cover: trials=49680000 overall=0.2387 a0_nochange=0.0000 a0_change=0.3826 a1_nochange=0.0000 a1_change=0.5721 matched_but_wrong=5
  mpx-135 acc: trials=49680000 accuracy=0.7544
  mpx-135 traj: trials=49800000 wall=98832s knowledge=0.2412 reliable=252 spec=10.73 pop=6609
  mpx-135 cover: trials=49800000 overall=0.2412 a0_nochange=0.0000 a0_change=0.3922 a1_nochange=0.0000 a1_change=0.5727 matched_but_wrong=7
  mpx-135 acc: trials=49800000 accuracy=0.7607
  mpx-135 traj: trials=49920000 wall=99011s knowledge=0.2396 reliable=249 spec=10.76 pop=10465
  mpx-135 cover: trials=49920000 overall=0.2396 a0_nochange=0.0000 a0_change=0.3884 a1_nochange=0.0000 a1_change=0.5698 matched_but_wrong=24
  mpx-135 acc: trials=49920000 accuracy=0.7586
  mpx-135 traj: trials=50040000 wall=99194s knowledge=0.2402 reliable=251 spec=10.73 pop=6470
  mpx-135 cover: trials=50040000 overall=0.2402 a0_nochange=0.0000 a0_change=0.3910 a1_nochange=0.0000 a1_change=0.5697 matched_but_wrong=5
  mpx-135 acc: trials=50040000 accuracy=0.7486
  mpx-135 traj: trials=50160000 wall=99627s knowledge=0.2432 reliable=248 spec=10.65 pop=6869
  mpx-135 cover: trials=50160000 overall=0.2432 a0_nochange=0.0000 a0_change=0.4038 a1_nochange=0.0000 a1_change=0.5689 matched_but_wrong=17
  mpx-135 acc: trials=50160000 accuracy=0.7661
  mpx-135 traj: trials=50280000 wall=99850s knowledge=0.2472 reliable=251 spec=10.58 pop=6594
  mpx-135 cover: trials=50280000 overall=0.2472 a0_nochange=0.0000 a0_change=0.4115 a1_nochange=0.0000 a1_change=0.5770 matched_but_wrong=9
  mpx-135 acc: trials=50280000 accuracy=0.7655
  mpx-135 traj: trials=50400000 wall=100055s knowledge=0.2464 reliable=247 spec=10.60 pop=6469
  mpx-135 cover: trials=50400000 overall=0.2464 a0_nochange=0.0000 a0_change=0.4099 a1_nochange=0.0000 a1_change=0.5755 matched_but_wrong=7
  mpx-135 acc: trials=50400000 accuracy=0.7443
  mpx-135 traj: trials=50520000 wall=100267s knowledge=0.2465 reliable=249 spec=10.59 pop=6431
  mpx-135 cover: trials=50520000 overall=0.2465 a0_nochange=0.0000 a0_change=0.4122 a1_nochange=0.0000 a1_change=0.5739 matched_but_wrong=23
  mpx-135 acc: trials=50520000 accuracy=0.7483
  mpx-135 traj: trials=50640000 wall=100457s knowledge=0.2483 reliable=258 spec=10.67 pop=8467
  mpx-135 cover: trials=50640000 overall=0.2483 a0_nochange=0.0000 a0_change=0.4181 a1_nochange=0.0000 a1_change=0.5752 matched_but_wrong=17
  mpx-135 acc: trials=50640000 accuracy=0.7618
  mpx-135 traj: trials=50760000 wall=100765s knowledge=0.2503 reliable=257 spec=10.62 pop=6660
  mpx-135 cover: trials=50760000 overall=0.2503 a0_nochange=0.0000 a0_change=0.4245 a1_nochange=0.0000 a1_change=0.5765 matched_but_wrong=16
  mpx-135 acc: trials=50760000 accuracy=0.7694
  mpx-135 traj: trials=50880000 wall=100933s knowledge=0.2525 reliable=259 spec=10.54 pop=5965
  mpx-135 cover: trials=50880000 overall=0.2525 a0_nochange=0.0000 a0_change=0.4270 a1_nochange=0.0000 a1_change=0.5828 matched_but_wrong=10
  mpx-135 acc: trials=50880000 accuracy=0.7731
  mpx-135 traj: trials=51000000 wall=101292s knowledge=0.2558 reliable=274 spec=10.63 pop=8094
  mpx-135 cover: trials=51000000 overall=0.2558 a0_nochange=0.0000 a0_change=0.4415 a1_nochange=0.0000 a1_change=0.5815 matched_but_wrong=15
  mpx-135 acc: trials=51000000 accuracy=0.7666
  mpx-135 traj: trials=51120000 wall=101472s knowledge=0.2583 reliable=282 spec=10.68 pop=5817
  mpx-135 cover: trials=51120000 overall=0.2583 a0_nochange=0.0000 a0_change=0.4506 a1_nochange=0.0000 a1_change=0.5825 matched_but_wrong=6
  mpx-135 acc: trials=51120000 accuracy=0.7615
  mpx-135 traj: trials=51240000 wall=101725s knowledge=0.2592 reliable=277 spec=10.66 pop=5384
  mpx-135 cover: trials=51240000 overall=0.2592 a0_nochange=0.0000 a0_change=0.4546 a1_nochange=0.0000 a1_change=0.5820 matched_but_wrong=5
  mpx-135 acc: trials=51240000 accuracy=0.7627
  mpx-135 traj: trials=51360000 wall=101941s knowledge=0.2572 reliable=269 spec=10.58 pop=5506
  mpx-135 cover: trials=51360000 overall=0.2572 a0_nochange=0.0000 a0_change=0.4470 a1_nochange=0.0000 a1_change=0.5820 matched_but_wrong=0
  mpx-135 acc: trials=51360000 accuracy=0.7617
  mpx-135 traj: trials=51480000 wall=102107s knowledge=0.2559 reliable=261 spec=10.56 pop=5482
  mpx-135 cover: trials=51480000 overall=0.2559 a0_nochange=0.0000 a0_change=0.4446 a1_nochange=0.0000 a1_change=0.5788 matched_but_wrong=3
  mpx-135 acc: trials=51480000 accuracy=0.7654
  mpx-135 traj: trials=51600000 wall=102310s knowledge=0.2574 reliable=257 spec=10.54 pop=5226
  mpx-135 cover: trials=51600000 overall=0.2574 a0_nochange=0.0000 a0_change=0.4490 a1_nochange=0.0000 a1_change=0.5806 matched_but_wrong=4
  mpx-135 acc: trials=51600000 accuracy=0.7718
  mpx-135 traj: trials=51720000 wall=102456s knowledge=0.2560 reliable=249 spec=10.50 pop=4677
  mpx-135 cover: trials=51720000 overall=0.2560 a0_nochange=0.0000 a0_change=0.4445 a1_nochange=0.0000 a1_change=0.5796 matched_but_wrong=13
  mpx-135 acc: trials=51720000 accuracy=0.7549
  mpx-135 traj: trials=51840000 wall=102596s knowledge=0.2575 reliable=248 spec=10.47 pop=5175
  mpx-135 cover: trials=51840000 overall=0.2575 a0_nochange=0.0000 a0_change=0.4500 a1_nochange=0.0000 a1_change=0.5798 matched_but_wrong=2
  mpx-135 acc: trials=51840000 accuracy=0.7779
  mpx-135 traj: trials=51960000 wall=102782s knowledge=0.2562 reliable=244 spec=10.46 pop=5124
  mpx-135 cover: trials=51960000 overall=0.2562 a0_nochange=0.0000 a0_change=0.4506 a1_nochange=0.0000 a1_change=0.5742 matched_but_wrong=4
  mpx-135 acc: trials=51960000 accuracy=0.7456
  mpx-135 traj: trials=52080000 wall=102954s knowledge=0.2580 reliable=249 spec=10.49 pop=5091
  mpx-135 cover: trials=52080000 overall=0.2580 a0_nochange=0.0000 a0_change=0.4576 a1_nochange=0.0000 a1_change=0.5745 matched_but_wrong=0
  mpx-135 acc: trials=52080000 accuracy=0.7618
  mpx-135 traj: trials=52200000 wall=103274s knowledge=0.2588 reliable=252 spec=10.50 pop=5921
  mpx-135 cover: trials=52200000 overall=0.2588 a0_nochange=0.0000 a0_change=0.4594 a1_nochange=0.0000 a1_change=0.5756 matched_but_wrong=0
  mpx-135 acc: trials=52200000 accuracy=0.7595
  mpx-135 traj: trials=52320000 wall=103494s knowledge=0.2595 reliable=246 spec=10.44 pop=5743
  mpx-135 cover: trials=52320000 overall=0.2595 a0_nochange=0.0000 a0_change=0.4625 a1_nochange=0.0000 a1_change=0.5754 matched_but_wrong=0
  mpx-135 acc: trials=52320000 accuracy=0.7677
  mpx-135 traj: trials=52440000 wall=103761s knowledge=0.2587 reliable=237 spec=10.39 pop=4651
  mpx-135 cover: trials=52440000 overall=0.2587 a0_nochange=0.0000 a0_change=0.4599 a1_nochange=0.0000 a1_change=0.5750 matched_but_wrong=0
  mpx-135 acc: trials=52440000 accuracy=0.7604
  mpx-135 traj: trials=52560000 wall=103935s knowledge=0.2585 reliable=231 spec=10.38 pop=4534
  mpx-135 cover: trials=52560000 overall=0.2585 a0_nochange=0.0000 a0_change=0.4575 a1_nochange=0.0000 a1_change=0.5765 matched_but_wrong=0
  mpx-135 acc: trials=52560000 accuracy=0.7643
  mpx-135 traj: trials=52680000 wall=104174s knowledge=0.2594 reliable=240 spec=10.43 pop=4486
  mpx-135 cover: trials=52680000 overall=0.2594 a0_nochange=0.0000 a0_change=0.4604 a1_nochange=0.0000 a1_change=0.5773 matched_but_wrong=14
  mpx-135 acc: trials=52680000 accuracy=0.7663
  mpx-135 traj: trials=52800000 wall=104344s knowledge=0.2589 reliable=232 spec=10.36 pop=4325
  mpx-135 cover: trials=52800000 overall=0.2589 a0_nochange=0.0000 a0_change=0.4602 a1_nochange=0.0000 a1_change=0.5755 matched_but_wrong=0
  mpx-135 acc: trials=52800000 accuracy=0.7613
  mpx-135 traj: trials=52920000 wall=104579s knowledge=0.2593 reliable=230 spec=10.34 pop=4561
  mpx-135 cover: trials=52920000 overall=0.2593 a0_nochange=0.0000 a0_change=0.4623 a1_nochange=0.0000 a1_change=0.5750 matched_but_wrong=0
  mpx-135 acc: trials=52920000 accuracy=0.7603
  mpx-135 traj: trials=53040000 wall=104782s knowledge=0.2590 reliable=227 spec=10.32 pop=4376
  mpx-135 cover: trials=53040000 overall=0.2590 a0_nochange=0.0000 a0_change=0.4616 a1_nochange=0.0000 a1_change=0.5745 matched_but_wrong=0
  mpx-135 acc: trials=53040000 accuracy=0.7625
  mpx-135 traj: trials=53160000 wall=104974s knowledge=0.2596 reliable=234 spec=10.36 pop=4499
  mpx-135 cover: trials=53160000 overall=0.2596 a0_nochange=0.0000 a0_change=0.4640 a1_nochange=0.0000 a1_change=0.5745 matched_but_wrong=10
  mpx-135 acc: trials=53160000 accuracy=0.7575
  mpx-135 traj: trials=53280000 wall=105224s knowledge=0.2605 reliable=236 spec=10.36 pop=4144
  mpx-135 cover: trials=53280000 overall=0.2605 a0_nochange=0.0000 a0_change=0.4674 a1_nochange=0.0000 a1_change=0.5745 matched_but_wrong=0
  mpx-135 acc: trials=53280000 accuracy=0.7644
  mpx-135 traj: trials=53400000 wall=105519s knowledge=0.2599 reliable=229 spec=10.27 pop=4375
  mpx-135 cover: trials=53400000 overall=0.2599 a0_nochange=0.0000 a0_change=0.4644 a1_nochange=0.0000 a1_change=0.5753 matched_but_wrong=5
  mpx-135 acc: trials=53400000 accuracy=0.7750
  mpx-135 traj: trials=53520000 wall=105713s knowledge=0.2601 reliable=227 spec=10.20 pop=4157
  mpx-135 cover: trials=53520000 overall=0.2601 a0_nochange=0.0000 a0_change=0.4652 a1_nochange=0.0000 a1_change=0.5753 matched_but_wrong=0
  mpx-135 acc: trials=53520000 accuracy=0.7705
  mpx-135 traj: trials=53640000 wall=105941s knowledge=0.2620 reliable=217 spec=10.07 pop=4693
  mpx-135 cover: trials=53640000 overall=0.2620 a0_nochange=0.0000 a0_change=0.4733 a1_nochange=0.0000 a1_change=0.5745 matched_but_wrong=0
  mpx-135 acc: trials=53640000 accuracy=0.7640
  mpx-135 traj: trials=53760000 wall=106151s knowledge=0.2626 reliable=209 spec=10.02 pop=4367
  mpx-135 cover: trials=53760000 overall=0.2626 a0_nochange=0.0000 a0_change=0.4718 a1_nochange=0.0000 a1_change=0.5788 matched_but_wrong=0
  mpx-135 acc: trials=53760000 accuracy=0.7605
  mpx-135 traj: trials=53880000 wall=106345s knowledge=0.2643 reliable=206 spec=9.96 pop=4335
  mpx-135 cover: trials=53880000 overall=0.2643 a0_nochange=0.0000 a0_change=0.4742 a1_nochange=0.0000 a1_change=0.5830 matched_but_wrong=0
  mpx-135 acc: trials=53880000 accuracy=0.7813
  mpx-135 traj: trials=54000000 wall=106581s knowledge=0.2647 reliable=204 spec=9.91 pop=4584
  mpx-135 cover: trials=54000000 overall=0.2647 a0_nochange=0.0000 a0_change=0.4743 a1_nochange=0.0000 a1_change=0.5846 matched_but_wrong=1
  mpx-135 acc: trials=54000000 accuracy=0.7807
  mpx-135 traj: trials=54120000 wall=106896s knowledge=0.2656 reliable=202 spec=9.87 pop=5494
  mpx-135 cover: trials=54120000 overall=0.2656 a0_nochange=0.0000 a0_change=0.4777 a1_nochange=0.0000 a1_change=0.5847 matched_but_wrong=0
  mpx-135 acc: trials=54120000 accuracy=0.7808
  mpx-135 traj: trials=54240000 wall=107090s knowledge=0.2648 reliable=201 spec=9.89 pop=4482
  mpx-135 cover: trials=54240000 overall=0.2648 a0_nochange=0.0000 a0_change=0.4754 a1_nochange=0.0000 a1_change=0.5836 matched_but_wrong=0
  mpx-135 acc: trials=54240000 accuracy=0.7731
  mpx-135 traj: trials=54360000 wall=107288s knowledge=0.2652 reliable=211 spec=10.01 pop=4660
  mpx-135 cover: trials=54360000 overall=0.2652 a0_nochange=0.0000 a0_change=0.4783 a1_nochange=0.0000 a1_change=0.5826 matched_but_wrong=8
  mpx-135 acc: trials=54360000 accuracy=0.7703
  mpx-135 traj: trials=54480000 wall=107628s knowledge=0.2658 reliable=214 spec=10.02 pop=5816
  mpx-135 cover: trials=54480000 overall=0.2658 a0_nochange=0.0000 a0_change=0.4854 a1_nochange=0.0000 a1_change=0.5778 matched_but_wrong=1
  mpx-135 acc: trials=54480000 accuracy=0.7675
  mpx-135 traj: trials=54600000 wall=107812s knowledge=0.2687 reliable=219 spec=10.02 pop=4515
  mpx-135 cover: trials=54600000 overall=0.2687 a0_nochange=0.0000 a0_change=0.4967 a1_nochange=0.0000 a1_change=0.5779 matched_but_wrong=3
  mpx-135 acc: trials=54600000 accuracy=0.7897
  mpx-135 traj: trials=54720000 wall=108015s knowledge=0.2701 reliable=215 spec=9.90 pop=4542
  mpx-135 cover: trials=54720000 overall=0.2701 a0_nochange=0.0000 a0_change=0.4987 a1_nochange=0.0000 a1_change=0.5818 matched_but_wrong=0
  mpx-135 acc: trials=54720000 accuracy=0.7741
  mpx-135 traj: trials=54840000 wall=108204s knowledge=0.2711 reliable=223 spec=9.95 pop=4100
  mpx-135 cover: trials=54840000 overall=0.2711 a0_nochange=0.0000 a0_change=0.5066 a1_nochange=0.0000 a1_change=0.5779 matched_but_wrong=0
  mpx-135 acc: trials=54840000 accuracy=0.7701
  mpx-135 traj: trials=54960000 wall=108518s knowledge=0.2700 reliable=212 spec=9.90 pop=4713
  mpx-135 cover: trials=54960000 overall=0.2700 a0_nochange=0.0000 a0_change=0.5053 a1_nochange=0.0000 a1_change=0.5746 matched_but_wrong=4
  mpx-135 acc: trials=54960000 accuracy=0.7684
  mpx-135 traj: trials=55080000 wall=108717s knowledge=0.2692 reliable=209 spec=9.93 pop=4479
  mpx-135 cover: trials=55080000 overall=0.2692 a0_nochange=0.0000 a0_change=0.5023 a1_nochange=0.0000 a1_change=0.5746 matched_but_wrong=6
  mpx-135 acc: trials=55080000 accuracy=0.7790
  mpx-135 traj: trials=55200000 wall=108928s knowledge=0.2693 reliable=221 spec=10.03 pop=4420
  mpx-135 cover: trials=55200000 overall=0.2693 a0_nochange=0.0000 a0_change=0.5013 a1_nochange=0.0000 a1_change=0.5760 matched_but_wrong=14
  mpx-135 acc: trials=55200000 accuracy=0.7812
  mpx-135 traj: trials=55320000 wall=109123s knowledge=0.2693 reliable=206 spec=9.86 pop=4524
  mpx-135 cover: trials=55320000 overall=0.2693 a0_nochange=0.0000 a0_change=0.5005 a1_nochange=0.0000 a1_change=0.5767 matched_but_wrong=23
  mpx-135 acc: trials=55320000 accuracy=0.7789
  mpx-135 traj: trials=55440000 wall=109300s knowledge=0.2701 reliable=200 spec=9.78 pop=4424
  mpx-135 cover: trials=55440000 overall=0.2701 a0_nochange=0.0000 a0_change=0.5036 a1_nochange=0.0000 a1_change=0.5766 matched_but_wrong=0
  mpx-135 acc: trials=55440000 accuracy=0.7752
  mpx-135 traj: trials=55560000 wall=109533s knowledge=0.2696 reliable=195 spec=9.73 pop=4093
  mpx-135 cover: trials=55560000 overall=0.2696 a0_nochange=0.0000 a0_change=0.5035 a1_nochange=0.0000 a1_change=0.5748 matched_but_wrong=0
  mpx-135 acc: trials=55560000 accuracy=0.7730
  mpx-135 traj: trials=55680000 wall=109714s knowledge=0.2697 reliable=193 spec=9.73 pop=4280
  mpx-135 cover: trials=55680000 overall=0.2697 a0_nochange=0.0000 a0_change=0.5039 a1_nochange=0.0000 a1_change=0.5748 matched_but_wrong=0
  mpx-135 acc: trials=55680000 accuracy=0.7764
  mpx-135 traj: trials=55800000 wall=109977s knowledge=0.2691 reliable=191 spec=9.69 pop=4945
  mpx-135 cover: trials=55800000 overall=0.2691 a0_nochange=0.0000 a0_change=0.5021 a1_nochange=0.0000 a1_change=0.5745 matched_but_wrong=0
  mpx-135 acc: trials=55800000 accuracy=0.7542
  mpx-135 traj: trials=55920000 wall=110252s knowledge=0.2690 reliable=189 spec=9.65 pop=3965
  mpx-135 cover: trials=55920000 overall=0.2690 a0_nochange=0.0000 a0_change=0.5007 a1_nochange=0.0000 a1_change=0.5755 matched_but_wrong=0
  mpx-135 acc: trials=55920000 accuracy=0.7753
  mpx-135 traj: trials=56040000 wall=110452s knowledge=0.2689 reliable=188 spec=9.66 pop=4663
  mpx-135 cover: trials=56040000 overall=0.2689 a0_nochange=0.0000 a0_change=0.5011 a1_nochange=0.0000 a1_change=0.5745 matched_but_wrong=0
  mpx-135 acc: trials=56040000 accuracy=0.7708
  mpx-135 traj: trials=56160000 wall=110843s knowledge=0.2688 reliable=187 spec=9.68 pop=6004
  mpx-135 cover: trials=56160000 overall=0.2688 a0_nochange=0.0000 a0_change=0.5007 a1_nochange=0.0000 a1_change=0.5745 matched_but_wrong=0
  mpx-135 acc: trials=56160000 accuracy=0.7747
  mpx-135 traj: trials=56280000 wall=111023s knowledge=0.2693 reliable=193 spec=9.75 pop=4047
  mpx-135 cover: trials=56280000 overall=0.2693 a0_nochange=0.0000 a0_change=0.5024 a1_nochange=0.0000 a1_change=0.5750 matched_but_wrong=1
  mpx-135 acc: trials=56280000 accuracy=0.7675
  mpx-135 traj: trials=56400000 wall=111254s knowledge=0.2701 reliable=194 spec=9.75 pop=3831
  mpx-135 cover: trials=56400000 overall=0.2701 a0_nochange=0.0000 a0_change=0.5019 a1_nochange=0.0000 a1_change=0.5786 matched_but_wrong=0
  mpx-135 acc: trials=56400000 accuracy=0.7713
  mpx-135 traj: trials=56520000 wall=111545s knowledge=0.2710 reliable=201 spec=9.83 pop=4008
  mpx-135 cover: trials=56520000 overall=0.2710 a0_nochange=0.0000 a0_change=0.5038 a1_nochange=0.0000 a1_change=0.5803 matched_but_wrong=10
  mpx-135 acc: trials=56520000 accuracy=0.7773
  mpx-135 traj: trials=56640000 wall=111731s knowledge=0.2715 reliable=200 spec=9.77 pop=4621
  mpx-135 cover: trials=56640000 overall=0.2715 a0_nochange=0.0000 a0_change=0.5037 a1_nochange=0.0000 a1_change=0.5822 matched_but_wrong=1
  mpx-135 acc: trials=56640000 accuracy=0.7762
  mpx-135 traj: trials=56760000 wall=112307s knowledge=0.2718 reliable=204 spec=9.77 pop=4026
  mpx-135 cover: trials=56760000 overall=0.2718 a0_nochange=0.0000 a0_change=0.5065 a1_nochange=0.0000 a1_change=0.5805 matched_but_wrong=1
  mpx-135 acc: trials=56760000 accuracy=0.7787
  mpx-135 traj: trials=56880000 wall=112496s knowledge=0.2717 reliable=203 spec=9.76 pop=4004
  mpx-135 cover: trials=56880000 overall=0.2717 a0_nochange=0.0000 a0_change=0.5067 a1_nochange=0.0000 a1_change=0.5799 matched_but_wrong=1
  mpx-135 acc: trials=56880000 accuracy=0.7764
  mpx-135 traj: trials=57000000 wall=112823s knowledge=0.2764 reliable=205 spec=9.71 pop=4008
  mpx-135 cover: trials=57000000 overall=0.2764 a0_nochange=0.0000 a0_change=0.5134 a1_nochange=0.0000 a1_change=0.5920 matched_but_wrong=9
  mpx-135 acc: trials=57000000 accuracy=0.7844
  mpx-135 traj: trials=57120000 wall=113054s knowledge=0.2754 reliable=198 spec=9.63 pop=3656
  mpx-135 cover: trials=57120000 overall=0.2754 a0_nochange=0.0000 a0_change=0.5177 a1_nochange=0.0000 a1_change=0.5837 matched_but_wrong=0
  mpx-135 acc: trials=57120000 accuracy=0.7765
  mpx-135 traj: trials=57240000 wall=113356s knowledge=0.2743 reliable=189 spec=9.61 pop=3785
  mpx-135 cover: trials=57240000 overall=0.2743 a0_nochange=0.0000 a0_change=0.5141 a1_nochange=0.0000 a1_change=0.5831 matched_but_wrong=0
  mpx-135 acc: trials=57240000 accuracy=0.7697
  mpx-135 traj: trials=57360000 wall=113601s knowledge=0.2742 reliable=188 spec=9.60 pop=3793
  mpx-135 cover: trials=57360000 overall=0.2742 a0_nochange=0.0000 a0_change=0.5137 a1_nochange=0.0000 a1_change=0.5831 matched_but_wrong=0
  mpx-135 acc: trials=57360000 accuracy=0.7841
  mpx-135 traj: trials=57480000 wall=113861s knowledge=0.2747 reliable=191 spec=9.62 pop=3715
  mpx-135 cover: trials=57480000 overall=0.2747 a0_nochange=0.0000 a0_change=0.5152 a1_nochange=0.0000 a1_change=0.5835 matched_but_wrong=5
  mpx-135 acc: trials=57480000 accuracy=0.7847
  mpx-135 traj: trials=57600000 wall=114082s knowledge=0.2756 reliable=193 spec=9.64 pop=4035
  mpx-135 cover: trials=57600000 overall=0.2756 a0_nochange=0.0000 a0_change=0.5146 a1_nochange=0.0000 a1_change=0.5878 matched_but_wrong=5
  mpx-135 acc: trials=57600000 accuracy=0.7738
  mpx-135 traj: trials=57720000 wall=114435s knowledge=0.2746 reliable=185 spec=9.58 pop=3575
  mpx-135 cover: trials=57720000 overall=0.2746 a0_nochange=0.0000 a0_change=0.5111 a1_nochange=0.0000 a1_change=0.5873 matched_but_wrong=0
  mpx-135 acc: trials=57720000 accuracy=0.7807
  mpx-135 traj: trials=57840000 wall=114722s knowledge=0.2753 reliable=186 spec=9.58 pop=3523
  mpx-135 cover: trials=57840000 overall=0.2753 a0_nochange=0.0000 a0_change=0.5126 a1_nochange=0.0000 a1_change=0.5887 matched_but_wrong=0
  mpx-135 acc: trials=57840000 accuracy=0.7813
  mpx-135 traj: trials=57960000 wall=114933s knowledge=0.2746 reliable=182 spec=9.55 pop=3817
  mpx-135 cover: trials=57960000 overall=0.2746 a0_nochange=0.0000 a0_change=0.5118 a1_nochange=0.0000 a1_change=0.5864 matched_but_wrong=0
  mpx-135 acc: trials=57960000 accuracy=0.7695
  mpx-135 traj: trials=58080000 wall=115195s knowledge=0.2757 reliable=183 spec=9.54 pop=3739
  mpx-135 cover: trials=58080000 overall=0.2757 a0_nochange=0.0000 a0_change=0.5172 a1_nochange=0.0000 a1_change=0.5858 matched_but_wrong=0
  mpx-135 acc: trials=58080000 accuracy=0.7802
  mpx-135 traj: trials=58200000 wall=115587s knowledge=0.2766 reliable=183 spec=9.53 pop=3607
  mpx-135 cover: trials=58200000 overall=0.2766 a0_nochange=0.0000 a0_change=0.5203 a1_nochange=0.0000 a1_change=0.5861 matched_but_wrong=0
  mpx-135 acc: trials=58200000 accuracy=0.7879
  mpx-135 traj: trials=58320000 wall=115930s knowledge=0.2762 reliable=182 spec=9.53 pop=3763
  mpx-135 cover: trials=58320000 overall=0.2762 a0_nochange=0.0000 a0_change=0.5193 a1_nochange=0.0000 a1_change=0.5853 matched_but_wrong=0
  mpx-135 acc: trials=58320000 accuracy=0.7800
  mpx-135 traj: trials=58440000 wall=116278s knowledge=0.2763 reliable=180 spec=9.43 pop=3451
  mpx-135 cover: trials=58440000 overall=0.2763 a0_nochange=0.0000 a0_change=0.5197 a1_nochange=0.0000 a1_change=0.5853 matched_but_wrong=0
  mpx-135 acc: trials=58440000 accuracy=0.7833
  mpx-135 traj: trials=58560000 wall=116487s knowledge=0.2765 reliable=179 spec=9.42 pop=3828
  mpx-135 cover: trials=58560000 overall=0.2765 a0_nochange=0.0000 a0_change=0.5188 a1_nochange=0.0000 a1_change=0.5873 matched_but_wrong=0
  mpx-135 acc: trials=58560000 accuracy=0.7792
  mpx-135 traj: trials=58680000 wall=116703s knowledge=0.2806 reliable=183 spec=9.40 pop=3558
  mpx-135 cover: trials=58680000 overall=0.2806 a0_nochange=0.0000 a0_change=0.5322 a1_nochange=0.0000 a1_change=0.5903 matched_but_wrong=0
  mpx-135 acc: trials=58680000 accuracy=0.7863
  mpx-135 traj: trials=58800000 wall=116961s knowledge=0.2790 reliable=176 spec=9.34 pop=3457
  mpx-135 cover: trials=58800000 overall=0.2790 a0_nochange=0.0000 a0_change=0.5302 a1_nochange=0.0000 a1_change=0.5858 matched_but_wrong=0
  mpx-135 acc: trials=58800000 accuracy=0.7881
  mpx-135 traj: trials=58920000 wall=117194s knowledge=0.2801 reliable=178 spec=9.34 pop=4662
  mpx-135 cover: trials=58920000 overall=0.2801 a0_nochange=0.0000 a0_change=0.5342 a1_nochange=0.0000 a1_change=0.5862 matched_but_wrong=0
  mpx-135 acc: trials=58920000 accuracy=0.7774
  mpx-135 traj: trials=59040000 wall=117436s knowledge=0.2780 reliable=176 spec=9.35 pop=4011
  mpx-135 cover: trials=59040000 overall=0.2780 a0_nochange=0.0000 a0_change=0.5361 a1_nochange=0.0000 a1_change=0.5757 matched_but_wrong=0
  mpx-135 acc: trials=59040000 accuracy=0.7870
  mpx-135 traj: trials=59160000 wall=117590s knowledge=0.2789 reliable=177 spec=9.33 pop=3633
  mpx-135 cover: trials=59160000 overall=0.2789 a0_nochange=0.0000 a0_change=0.5394 a1_nochange=0.0000 a1_change=0.5762 matched_but_wrong=0
  mpx-135 acc: trials=59160000 accuracy=0.7821
  mpx-135 traj: trials=59280000 wall=117793s knowledge=0.2798 reliable=176 spec=9.31 pop=3777
  mpx-135 cover: trials=59280000 overall=0.2798 a0_nochange=0.0000 a0_change=0.5384 a1_nochange=0.0000 a1_change=0.5807 matched_but_wrong=0
  mpx-135 acc: trials=59280000 accuracy=0.7834
  mpx-135 traj: trials=59400000 wall=117976s knowledge=0.2799 reliable=180 spec=9.33 pop=3389
  mpx-135 cover: trials=59400000 overall=0.2799 a0_nochange=0.0000 a0_change=0.5375 a1_nochange=0.0000 a1_change=0.5821 matched_but_wrong=0
  mpx-135 acc: trials=59400000 accuracy=0.7925
  mpx-135 traj: trials=59520000 wall=118192s knowledge=0.2799 reliable=182 spec=9.39 pop=3844
  mpx-135 cover: trials=59520000 overall=0.2799 a0_nochange=0.0000 a0_change=0.5388 a1_nochange=0.0000 a1_change=0.5808 matched_but_wrong=0
  mpx-135 acc: trials=59520000 accuracy=0.7836
  mpx-135 traj: trials=59640000 wall=118378s knowledge=0.2798 reliable=179 spec=9.42 pop=3659
  mpx-135 cover: trials=59640000 overall=0.2798 a0_nochange=0.0000 a0_change=0.5365 a1_nochange=0.0000 a1_change=0.5825 matched_but_wrong=0
  mpx-135 acc: trials=59640000 accuracy=0.7875
  mpx-135 traj: trials=59760000 wall=118611s knowledge=0.2804 reliable=180 spec=9.43 pop=3246
  mpx-135 cover: trials=59760000 overall=0.2804 a0_nochange=0.0000 a0_change=0.5366 a1_nochange=0.0000 a1_change=0.5849 matched_but_wrong=0
  mpx-135 acc: trials=59760000 accuracy=0.7950
  mpx-135 traj: trials=59880000 wall=118756s knowledge=0.2809 reliable=185 spec=9.52 pop=3387
  mpx-135 cover: trials=59880000 overall=0.2809 a0_nochange=0.0000 a0_change=0.5372 a1_nochange=0.0000 a1_change=0.5865 matched_but_wrong=0
  mpx-135 acc: trials=59880000 accuracy=0.7799
  mpx-135 traj: trials=60000000 wall=118899s knowledge=0.2807 reliable=186 spec=9.59 pop=3535
  mpx-135 cover: trials=60000000 overall=0.2807 a0_nochange=0.0000 a0_change=0.5366 a1_nochange=0.0000 a1_change=0.5863 matched_but_wrong=0
  mpx-135 acc: trials=60000000 accuracy=0.7822
  mpx-135 traj: trials=60120000 wall=119047s knowledge=0.2820 reliable=190 spec=9.58 pop=3711
  mpx-135 cover: trials=60120000 overall=0.2820 a0_nochange=0.0000 a0_change=0.5438 a1_nochange=0.0000 a1_change=0.5842 matched_but_wrong=0
  mpx-135 acc: trials=60120000 accuracy=0.7880
  mpx-135 traj: trials=60240000 wall=119220s knowledge=0.2825 reliable=189 spec=9.52 pop=3492
  mpx-135 cover: trials=60240000 overall=0.2825 a0_nochange=0.0000 a0_change=0.5436 a1_nochange=0.0000 a1_change=0.5865 matched_but_wrong=0
  mpx-135 acc: trials=60240000 accuracy=0.7873
  mpx-135 traj: trials=60360000 wall=119412s knowledge=0.2828 reliable=184 spec=9.48 pop=3571
  mpx-135 cover: trials=60360000 overall=0.2828 a0_nochange=0.0000 a0_change=0.5464 a1_nochange=0.0000 a1_change=0.5849 matched_but_wrong=0
  mpx-135 acc: trials=60360000 accuracy=0.7907
  mpx-135 traj: trials=60480000 wall=119552s knowledge=0.2840 reliable=188 spec=9.49 pop=3584
  mpx-135 cover: trials=60480000 overall=0.2840 a0_nochange=0.0000 a0_change=0.5471 a1_nochange=0.0000 a1_change=0.5889 matched_but_wrong=0
  mpx-135 acc: trials=60480000 accuracy=0.7889
  mpx-135 traj: trials=60600000 wall=119819s knowledge=0.2851 reliable=190 spec=9.52 pop=3934
  mpx-135 cover: trials=60600000 overall=0.2851 a0_nochange=0.0000 a0_change=0.5526 a1_nochange=0.0000 a1_change=0.5875 matched_but_wrong=0
  mpx-135 acc: trials=60600000 accuracy=0.7860
  mpx-135 traj: trials=60720000 wall=120066s knowledge=0.2839 reliable=188 spec=9.55 pop=3600
  mpx-135 cover: trials=60720000 overall=0.2839 a0_nochange=0.0000 a0_change=0.5499 a1_nochange=0.0000 a1_change=0.5858 matched_but_wrong=0
  mpx-135 acc: trials=60720000 accuracy=0.7816
  mpx-135 traj: trials=60840000 wall=120300s knowledge=0.2834 reliable=186 spec=9.52 pop=3950
  mpx-135 cover: trials=60840000 overall=0.2834 a0_nochange=0.0000 a0_change=0.5445 a1_nochange=0.0000 a1_change=0.5893 matched_but_wrong=0
  mpx-135 acc: trials=60840000 accuracy=0.7817
  mpx-135 traj: trials=60960000 wall=120475s knowledge=0.2826 reliable=175 spec=9.37 pop=3426
  mpx-135 cover: trials=60960000 overall=0.2826 a0_nochange=0.0000 a0_change=0.5424 a1_nochange=0.0000 a1_change=0.5881 matched_but_wrong=0
  mpx-135 acc: trials=60960000 accuracy=0.7924
  mpx-135 traj: trials=61080000 wall=120636s knowledge=0.2855 reliable=179 spec=9.30 pop=3284
  mpx-135 cover: trials=61080000 overall=0.2855 a0_nochange=0.0000 a0_change=0.5474 a1_nochange=0.0000 a1_change=0.5945 matched_but_wrong=0
  mpx-135 acc: trials=61080000 accuracy=0.7792
  mpx-135 traj: trials=61200000 wall=120803s knowledge=0.2828 reliable=176 spec=9.32 pop=4511
  mpx-135 cover: trials=61200000 overall=0.2828 a0_nochange=0.0000 a0_change=0.5480 a1_nochange=0.0000 a1_change=0.5830 matched_but_wrong=0
  mpx-135 acc: trials=61200000 accuracy=0.7945
  mpx-135 traj: trials=61320000 wall=121044s knowledge=0.2834 reliable=178 spec=9.33 pop=3795
  mpx-135 cover: trials=61320000 overall=0.2834 a0_nochange=0.0000 a0_change=0.5480 a1_nochange=0.0000 a1_change=0.5854 matched_but_wrong=0
  mpx-135 acc: trials=61320000 accuracy=0.7904
  mpx-135 traj: trials=61440000 wall=121248s knowledge=0.2827 reliable=174 spec=9.30 pop=3589
  mpx-135 cover: trials=61440000 overall=0.2827 a0_nochange=0.0000 a0_change=0.5467 a1_nochange=0.0000 a1_change=0.5841 matched_but_wrong=0
  mpx-135 acc: trials=61440000 accuracy=0.7861
  mpx-135 traj: trials=61560000 wall=121409s knowledge=0.2836 reliable=175 spec=9.30 pop=3560
  mpx-135 cover: trials=61560000 overall=0.2836 a0_nochange=0.0000 a0_change=0.5502 a1_nochange=0.0000 a1_change=0.5841 matched_but_wrong=0
  mpx-135 acc: trials=61560000 accuracy=0.7828
  mpx-135 traj: trials=61680000 wall=121663s knowledge=0.2820 reliable=175 spec=9.38 pop=3463
  mpx-135 cover: trials=61680000 overall=0.2820 a0_nochange=0.0000 a0_change=0.5447 a1_nochange=0.0000 a1_change=0.5832 matched_but_wrong=0
  mpx-135 acc: trials=61680000 accuracy=0.7897
  mpx-135 traj: trials=61800000 wall=122000s knowledge=0.2824 reliable=176 spec=9.38 pop=3490
  mpx-135 cover: trials=61800000 overall=0.2824 a0_nochange=0.0000 a0_change=0.5447 a1_nochange=0.0000 a1_change=0.5848 matched_but_wrong=0
  mpx-135 acc: trials=61800000 accuracy=0.7829
  mpx-135 traj: trials=61920000 wall=122214s knowledge=0.2820 reliable=173 spec=9.31 pop=3232
  mpx-135 cover: trials=61920000 overall=0.2820 a0_nochange=0.0000 a0_change=0.5447 a1_nochange=0.0000 a1_change=0.5833 matched_but_wrong=0
  mpx-135 acc: trials=61920000 accuracy=0.7758
  mpx-135 traj: trials=62040000 wall=122382s knowledge=0.2826 reliable=173 spec=9.36 pop=3247
  mpx-135 cover: trials=62040000 overall=0.2826 a0_nochange=0.0000 a0_change=0.5447 a1_nochange=0.0000 a1_change=0.5855 matched_but_wrong=0
  mpx-135 acc: trials=62040000 accuracy=0.7814
  mpx-135 traj: trials=62160000 wall=122549s knowledge=0.2833 reliable=173 spec=9.34 pop=3318
  mpx-135 cover: trials=62160000 overall=0.2833 a0_nochange=0.0000 a0_change=0.5484 a1_nochange=0.0000 a1_change=0.5849 matched_but_wrong=0
  mpx-135 acc: trials=62160000 accuracy=0.7884
  mpx-135 traj: trials=62280000 wall=122879s knowledge=0.2823 reliable=175 spec=9.42 pop=3587
  mpx-135 cover: trials=62280000 overall=0.2823 a0_nochange=0.0000 a0_change=0.5468 a1_nochange=0.0000 a1_change=0.5823 matched_but_wrong=0
  mpx-135 acc: trials=62280000 accuracy=0.7760
  mpx-135 traj: trials=62400000 wall=123137s knowledge=0.2818 reliable=175 spec=9.49 pop=3668
  mpx-135 cover: trials=62400000 overall=0.2818 a0_nochange=0.0000 a0_change=0.5447 a1_nochange=0.0000 a1_change=0.5823 matched_but_wrong=0
  mpx-135 acc: trials=62400000 accuracy=0.7893
  mpx-135 traj: trials=62520000 wall=123358s knowledge=0.2843 reliable=173 spec=9.37 pop=3456
  mpx-135 cover: trials=62520000 overall=0.2843 a0_nochange=0.0000 a0_change=0.5556 a1_nochange=0.0000 a1_change=0.5818 matched_but_wrong=0
  mpx-135 acc: trials=62520000 accuracy=0.7920
  mpx-135 traj: trials=62640000 wall=123513s knowledge=0.2868 reliable=177 spec=9.41 pop=3744
  mpx-135 cover: trials=62640000 overall=0.2868 a0_nochange=0.0000 a0_change=0.5632 a1_nochange=0.0000 a1_change=0.5838 matched_but_wrong=0
  mpx-135 acc: trials=62640000 accuracy=0.7807
  mpx-135 traj: trials=62760000 wall=123709s knowledge=0.2851 reliable=175 spec=9.44 pop=3236
  mpx-135 cover: trials=62760000 overall=0.2851 a0_nochange=0.0000 a0_change=0.5585 a1_nochange=0.0000 a1_change=0.5820 matched_but_wrong=0
  mpx-135 acc: trials=62760000 accuracy=0.7844
  mpx-135 traj: trials=62880000 wall=123905s knowledge=0.2855 reliable=176 spec=9.44 pop=3550
  mpx-135 cover: trials=62880000 overall=0.2855 a0_nochange=0.0000 a0_change=0.5585 a1_nochange=0.0000 a1_change=0.5833 matched_but_wrong=0
  mpx-135 acc: trials=62880000 accuracy=0.7846
  mpx-135 traj: trials=63000000 wall=124085s knowledge=0.2861 reliable=178 spec=9.46 pop=3732
  mpx-135 cover: trials=63000000 overall=0.2861 a0_nochange=0.0000 a0_change=0.5562 a1_nochange=0.0000 a1_change=0.5882 matched_but_wrong=0
  mpx-135 acc: trials=63000000 accuracy=0.7894
  mpx-135 traj: trials=63120000 wall=124324s knowledge=0.2853 reliable=180 spec=9.47 pop=3309
  mpx-135 cover: trials=63120000 overall=0.2853 a0_nochange=0.0000 a0_change=0.5547 a1_nochange=0.0000 a1_change=0.5865 matched_but_wrong=0
  mpx-135 acc: trials=63120000 accuracy=0.7891
  mpx-135 traj: trials=63240000 wall=124498s knowledge=0.2863 reliable=183 spec=9.50 pop=3906
  mpx-135 cover: trials=63240000 overall=0.2863 a0_nochange=0.0000 a0_change=0.5541 a1_nochange=0.0000 a1_change=0.5910 matched_but_wrong=0
  mpx-135 acc: trials=63240000 accuracy=0.7960
  mpx-135 traj: trials=63360000 wall=124671s knowledge=0.2857 reliable=183 spec=9.56 pop=3325
  mpx-135 cover: trials=63360000 overall=0.2857 a0_nochange=0.0000 a0_change=0.5559 a1_nochange=0.0000 a1_change=0.5870 matched_but_wrong=0
  mpx-135 acc: trials=63360000 accuracy=0.7943
  mpx-135 traj: trials=63480000 wall=124939s knowledge=0.2854 reliable=178 spec=9.52 pop=3459
  mpx-135 cover: trials=63480000 overall=0.2854 a0_nochange=0.0000 a0_change=0.5549 a1_nochange=0.0000 a1_change=0.5866 matched_but_wrong=0
  mpx-135 acc: trials=63480000 accuracy=0.7806
  mpx-135 traj: trials=63600000 wall=125088s knowledge=0.2845 reliable=177 spec=9.53 pop=3563
  mpx-135 cover: trials=63600000 overall=0.2845 a0_nochange=0.0000 a0_change=0.5513 a1_nochange=0.0000 a1_change=0.5866 matched_but_wrong=0
  mpx-135 acc: trials=63600000 accuracy=0.7883
  mpx-135 traj: trials=63720000 wall=125268s knowledge=0.2841 reliable=175 spec=9.51 pop=3502
  mpx-135 cover: trials=63720000 overall=0.2841 a0_nochange=0.0000 a0_change=0.5513 a1_nochange=0.0000 a1_change=0.5852 matched_but_wrong=0
  mpx-135 acc: trials=63720000 accuracy=0.7908
  mpx-135 traj: trials=63840000 wall=125562s knowledge=0.2843 reliable=176 spec=9.52 pop=3414
  mpx-135 cover: trials=63840000 overall=0.2843 a0_nochange=0.0000 a0_change=0.5513 a1_nochange=0.0000 a1_change=0.5857 matched_but_wrong=0
  mpx-135 acc: trials=63840000 accuracy=0.7876
  mpx-135 traj: trials=63960000 wall=125784s knowledge=0.2849 reliable=179 spec=9.53 pop=4226
  mpx-135 cover: trials=63960000 overall=0.2849 a0_nochange=0.0000 a0_change=0.5518 a1_nochange=0.0000 a1_change=0.5878 matched_but_wrong=4
  mpx-135 acc: trials=63960000 accuracy=0.7875
  mpx-135 traj: trials=64080000 wall=125932s knowledge=0.2857 reliable=179 spec=9.51 pop=3353
  mpx-135 cover: trials=64080000 overall=0.2857 a0_nochange=0.0000 a0_change=0.5512 a1_nochange=0.0000 a1_change=0.5915 matched_but_wrong=0
  mpx-135 acc: trials=64080000 accuracy=0.7891
  mpx-135 traj: trials=64200000 wall=126169s knowledge=0.2849 reliable=178 spec=9.47 pop=3214
  mpx-135 cover: trials=64200000 overall=0.2849 a0_nochange=0.0000 a0_change=0.5518 a1_nochange=0.0000 a1_change=0.5879 matched_but_wrong=0
  mpx-135 acc: trials=64200000 accuracy=0.7774
  mpx-135 traj: trials=64320000 wall=126355s knowledge=0.2853 reliable=177 spec=9.44 pop=3478
  mpx-135 cover: trials=64320000 overall=0.2853 a0_nochange=0.0000 a0_change=0.5553 a1_nochange=0.0000 a1_change=0.5859 matched_but_wrong=15
  mpx-135 acc: trials=64320000 accuracy=0.7825
  mpx-135 traj: trials=64440000 wall=126505s knowledge=0.2849 reliable=178 spec=9.46 pop=5034
  mpx-135 cover: trials=64440000 overall=0.2849 a0_nochange=0.0000 a0_change=0.5520 a1_nochange=0.0000 a1_change=0.5878 matched_but_wrong=7
  mpx-135 acc: trials=64440000 accuracy=0.7894
  mpx-135 traj: trials=64560000 wall=126699s knowledge=0.2862 reliable=180 spec=9.46 pop=3592
  mpx-135 cover: trials=64560000 overall=0.2862 a0_nochange=0.0000 a0_change=0.5518 a1_nochange=0.0000 a1_change=0.5929 matched_but_wrong=4
  mpx-135 acc: trials=64560000 accuracy=0.7908
  mpx-135 traj: trials=64680000 wall=126871s knowledge=0.2867 reliable=181 spec=9.44 pop=3978
  mpx-135 cover: trials=64680000 overall=0.2867 a0_nochange=0.0000 a0_change=0.5545 a1_nochange=0.0000 a1_change=0.5924 matched_but_wrong=7
  mpx-135 acc: trials=64680000 accuracy=0.7933
  mpx-135 traj: trials=64800000 wall=127076s knowledge=0.2867 reliable=181 spec=9.42 pop=3557
  mpx-135 cover: trials=64800000 overall=0.2867 a0_nochange=0.0000 a0_change=0.5545 a1_nochange=0.0000 a1_change=0.5922 matched_but_wrong=7
  mpx-135 acc: trials=64800000 accuracy=0.7849
  mpx-135 traj: trials=64920000 wall=127287s knowledge=0.2870 reliable=177 spec=9.34 pop=3487
  mpx-135 cover: trials=64920000 overall=0.2870 a0_nochange=0.0000 a0_change=0.5546 a1_nochange=0.0000 a1_change=0.5932 matched_but_wrong=0
  mpx-135 acc: trials=64920000 accuracy=0.7928
  mpx-135 traj: trials=65040000 wall=127650s knowledge=0.2861 reliable=174 spec=9.34 pop=3494
  mpx-135 cover: trials=65040000 overall=0.2861 a0_nochange=0.0000 a0_change=0.5532 a1_nochange=0.0000 a1_change=0.5911 matched_but_wrong=3
  mpx-135 acc: trials=65040000 accuracy=0.7905
  mpx-135 traj: trials=65160000 wall=127818s knowledge=0.2866 reliable=172 spec=9.27 pop=3076
  mpx-135 cover: trials=65160000 overall=0.2866 a0_nochange=0.0000 a0_change=0.5564 a1_nochange=0.0000 a1_change=0.5901 matched_but_wrong=0
  mpx-135 acc: trials=65160000 accuracy=0.7901
  mpx-135 traj: trials=65280000 wall=128140s knowledge=0.2875 reliable=173 spec=9.26 pop=3591
  mpx-135 cover: trials=65280000 overall=0.2875 a0_nochange=0.0000 a0_change=0.5573 a1_nochange=0.0000 a1_change=0.5927 matched_but_wrong=0
  mpx-135 acc: trials=65280000 accuracy=0.7920
  mpx-135 traj: trials=65400000 wall=128348s knowledge=0.2866 reliable=171 spec=9.25 pop=3263
  mpx-135 cover: trials=65400000 overall=0.2866 a0_nochange=0.0000 a0_change=0.5525 a1_nochange=0.0000 a1_change=0.5938 matched_but_wrong=0
  mpx-135 acc: trials=65400000 accuracy=0.7929
  mpx-135 traj: trials=65520000 wall=128539s knowledge=0.2873 reliable=176 spec=9.30 pop=4874
  mpx-135 cover: trials=65520000 overall=0.2873 a0_nochange=0.0000 a0_change=0.5573 a1_nochange=0.0000 a1_change=0.5920 matched_but_wrong=5
  mpx-135 acc: trials=65520000 accuracy=0.7807
  mpx-135 traj: trials=65640000 wall=128732s knowledge=0.2869 reliable=175 spec=9.30 pop=3487
  mpx-135 cover: trials=65640000 overall=0.2869 a0_nochange=0.0000 a0_change=0.5531 a1_nochange=0.0000 a1_change=0.5943 matched_but_wrong=6
  mpx-135 acc: trials=65640000 accuracy=0.7841
  mpx-135 traj: trials=65760000 wall=128884s knowledge=0.2855 reliable=170 spec=9.26 pop=3075
  mpx-135 cover: trials=65760000 overall=0.2855 a0_nochange=0.0000 a0_change=0.5477 a1_nochange=0.0000 a1_change=0.5943 matched_but_wrong=0
  mpx-135 acc: trials=65760000 accuracy=0.7894
  mpx-135 traj: trials=65880000 wall=129028s knowledge=0.2867 reliable=171 spec=9.25 pop=3246
  mpx-135 cover: trials=65880000 overall=0.2867 a0_nochange=0.0000 a0_change=0.5474 a1_nochange=0.0000 a1_change=0.5994 matched_but_wrong=0
  mpx-135 acc: trials=65880000 accuracy=0.7891
  mpx-135 traj: trials=66000000 wall=129198s knowledge=0.2864 reliable=169 spec=9.24 pop=3372
  mpx-135 cover: trials=66000000 overall=0.2864 a0_nochange=0.0000 a0_change=0.5474 a1_nochange=0.0000 a1_change=0.5983 matched_but_wrong=0
  mpx-135 acc: trials=66000000 accuracy=0.7875
  mpx-135 traj: trials=66120000 wall=129432s knowledge=0.2878 reliable=172 spec=9.24 pop=3406
  mpx-135 cover: trials=66120000 overall=0.2878 a0_nochange=0.0000 a0_change=0.5523 a1_nochange=0.0000 a1_change=0.5990 matched_but_wrong=0
  mpx-135 acc: trials=66120000 accuracy=0.7932
  mpx-135 traj: trials=66240000 wall=129637s knowledge=0.2865 reliable=171 spec=9.26 pop=3374
  mpx-135 cover: trials=66240000 overall=0.2865 a0_nochange=0.0000 a0_change=0.5523 a1_nochange=0.0000 a1_change=0.5937 matched_but_wrong=0
  mpx-135 acc: trials=66240000 accuracy=0.7839
  mpx-135 traj: trials=66360000 wall=129792s knowledge=0.2863 reliable=169 spec=9.20 pop=3284
  mpx-135 cover: trials=66360000 overall=0.2863 a0_nochange=0.0000 a0_change=0.5523 a1_nochange=0.0000 a1_change=0.5929 matched_but_wrong=0
  mpx-135 acc: trials=66360000 accuracy=0.7974
  mpx-135 traj: trials=66480000 wall=130269s knowledge=0.2857 reliable=170 spec=9.21 pop=4246
  mpx-135 cover: trials=66480000 overall=0.2857 a0_nochange=0.0000 a0_change=0.5487 a1_nochange=0.0000 a1_change=0.5941 matched_but_wrong=0
  mpx-135 acc: trials=66480000 accuracy=0.7857
  mpx-135 traj: trials=66600000 wall=130412s knowledge=0.2857 reliable=170 spec=9.21 pop=3366
  mpx-135 cover: trials=66600000 overall=0.2857 a0_nochange=0.0000 a0_change=0.5487 a1_nochange=0.0000 a1_change=0.5941 matched_but_wrong=0
  mpx-135 acc: trials=66600000 accuracy=0.7846
  mpx-135 traj: trials=66720000 wall=130593s knowledge=0.2861 reliable=171 spec=9.23 pop=3742
  mpx-135 cover: trials=66720000 overall=0.2861 a0_nochange=0.0000 a0_change=0.5507 a1_nochange=0.0000 a1_change=0.5935 matched_but_wrong=0
  mpx-135 acc: trials=66720000 accuracy=0.7824
  mpx-135 traj: trials=66840000 wall=130845s knowledge=0.2875 reliable=170 spec=9.18 pop=3136
  mpx-135 cover: trials=66840000 overall=0.2875 a0_nochange=0.0000 a0_change=0.5503 a1_nochange=0.0000 a1_change=0.5999 matched_but_wrong=0
  mpx-135 acc: trials=66840000 accuracy=0.7990
  mpx-135 traj: trials=66960000 wall=131070s knowledge=0.2873 reliable=170 spec=9.19 pop=3531
  mpx-135 cover: trials=66960000 overall=0.2873 a0_nochange=0.0000 a0_change=0.5483 a1_nochange=0.0000 a1_change=0.6007 matched_but_wrong=0
  mpx-135 acc: trials=66960000 accuracy=0.7905
  mpx-135 traj: trials=67080000 wall=131237s knowledge=0.2865 reliable=168 spec=9.14 pop=3306
  mpx-135 cover: trials=67080000 overall=0.2865 a0_nochange=0.0000 a0_change=0.5493 a1_nochange=0.0000 a1_change=0.5968 matched_but_wrong=0
  mpx-135 acc: trials=67080000 accuracy=0.7857
  mpx-135 traj: trials=67200000 wall=131461s knowledge=0.2863 reliable=167 spec=9.13 pop=3733
  mpx-135 cover: trials=67200000 overall=0.2863 a0_nochange=0.0000 a0_change=0.5483 a1_nochange=0.0000 a1_change=0.5968 matched_but_wrong=0
  mpx-135 acc: trials=67200000 accuracy=0.7943
  mpx-135 traj: trials=67320000 wall=131633s knowledge=0.2877 reliable=169 spec=9.12 pop=3130
  mpx-135 cover: trials=67320000 overall=0.2877 a0_nochange=0.0000 a0_change=0.5483 a1_nochange=0.0000 a1_change=0.6025 matched_but_wrong=0
  mpx-135 acc: trials=67320000 accuracy=0.7966
  mpx-135 traj: trials=67440000 wall=131835s knowledge=0.2879 reliable=168 spec=9.11 pop=3613
  mpx-135 cover: trials=67440000 overall=0.2879 a0_nochange=0.0000 a0_change=0.5515 a1_nochange=0.0000 a1_change=0.6001 matched_but_wrong=0
  mpx-135 acc: trials=67440000 accuracy=0.7984
  mpx-135 traj: trials=67560000 wall=132066s knowledge=0.2874 reliable=169 spec=9.11 pop=3447
  mpx-135 cover: trials=67560000 overall=0.2874 a0_nochange=0.0000 a0_change=0.5504 a1_nochange=0.0000 a1_change=0.5991 matched_but_wrong=0
  mpx-135 acc: trials=67560000 accuracy=0.7905
  mpx-135 traj: trials=67680000 wall=132376s knowledge=0.2858 reliable=168 spec=9.15 pop=3264
  mpx-135 cover: trials=67680000 overall=0.2858 a0_nochange=0.0000 a0_change=0.5487 a1_nochange=0.0000 a1_change=0.5945 matched_but_wrong=0
  mpx-135 acc: trials=67680000 accuracy=0.7898
  mpx-135 traj: trials=67800000 wall=132574s knowledge=0.2896 reliable=177 spec=9.20 pop=3334
  mpx-135 cover: trials=67800000 overall=0.2896 a0_nochange=0.0000 a0_change=0.5578 a1_nochange=0.0000 a1_change=0.6005 matched_but_wrong=0
  mpx-135 acc: trials=67800000 accuracy=0.7944
  mpx-135 traj: trials=67920000 wall=132758s knowledge=0.2897 reliable=177 spec=9.20 pop=3228
  mpx-135 cover: trials=67920000 overall=0.2897 a0_nochange=0.0000 a0_change=0.5570 a1_nochange=0.0000 a1_change=0.6018 matched_but_wrong=0
  mpx-135 acc: trials=67920000 accuracy=0.7991
  mpx-135 traj: trials=68040000 wall=132981s knowledge=0.2900 reliable=176 spec=9.18 pop=4197
  mpx-135 cover: trials=68040000 overall=0.2900 a0_nochange=0.0000 a0_change=0.5603 a1_nochange=0.0000 a1_change=0.5998 matched_but_wrong=0
  mpx-135 acc: trials=68040000 accuracy=0.8007
  mpx-135 traj: trials=68160000 wall=133212s knowledge=0.2879 reliable=174 spec=9.20 pop=3369
  mpx-135 cover: trials=68160000 overall=0.2879 a0_nochange=0.0000 a0_change=0.5558 a1_nochange=0.0000 a1_change=0.5958 matched_but_wrong=0
  mpx-135 acc: trials=68160000 accuracy=0.7900
  mpx-135 traj: trials=68280000 wall=133372s knowledge=0.2882 reliable=175 spec=9.19 pop=3448
  mpx-135 cover: trials=68280000 overall=0.2882 a0_nochange=0.0000 a0_change=0.5558 a1_nochange=0.0000 a1_change=0.5968 matched_but_wrong=0
  mpx-135 acc: trials=68280000 accuracy=0.7875
  mpx-135 traj: trials=68400000 wall=133549s knowledge=0.2894 reliable=177 spec=9.19 pop=3249
  mpx-135 cover: trials=68400000 overall=0.2894 a0_nochange=0.0000 a0_change=0.5560 a1_nochange=0.0000 a1_change=0.6015 matched_but_wrong=0
  mpx-135 acc: trials=68400000 accuracy=0.7954
  mpx-135 traj: trials=68520000 wall=133835s knowledge=0.2917 reliable=182 spec=9.15 pop=3660
  mpx-135 cover: trials=68520000 overall=0.2917 a0_nochange=0.0000 a0_change=0.5581 a1_nochange=0.0000 a1_change=0.6085 matched_but_wrong=3
  mpx-135 acc: trials=68520000 accuracy=0.8049
  mpx-135 traj: trials=68640000 wall=134082s knowledge=0.2923 reliable=179 spec=9.11 pop=5546
  mpx-135 cover: trials=68640000 overall=0.2923 a0_nochange=0.0000 a0_change=0.5580 a1_nochange=0.0000 a1_change=0.6113 matched_but_wrong=0
  mpx-135 acc: trials=68640000 accuracy=0.7888
  mpx-135 traj: trials=68760000 wall=134254s knowledge=0.2905 reliable=177 spec=9.12 pop=3155
  mpx-135 cover: trials=68760000 overall=0.2905 a0_nochange=0.0000 a0_change=0.5560 a1_nochange=0.0000 a1_change=0.6062 matched_but_wrong=0
  mpx-135 acc: trials=68760000 accuracy=0.7923
  mpx-135 traj: trials=68880000 wall=134478s knowledge=0.2905 reliable=178 spec=9.14 pop=3449
  mpx-135 cover: trials=68880000 overall=0.2905 a0_nochange=0.0000 a0_change=0.5562 a1_nochange=0.0000 a1_change=0.6059 matched_but_wrong=0
  mpx-135 acc: trials=68880000 accuracy=0.8007
  mpx-135 traj: trials=69000000 wall=134658s knowledge=0.2892 reliable=176 spec=9.15 pop=3301
  mpx-135 cover: trials=69000000 overall=0.2892 a0_nochange=0.0000 a0_change=0.5529 a1_nochange=0.0000 a1_change=0.6041 matched_but_wrong=0
  mpx-135 acc: trials=69000000 accuracy=0.7942
  mpx-135 traj: trials=69120000 wall=134813s knowledge=0.2892 reliable=179 spec=9.16 pop=3557
  mpx-135 cover: trials=69120000 overall=0.2892 a0_nochange=0.0000 a0_change=0.5515 a1_nochange=0.0000 a1_change=0.6052 matched_but_wrong=0
  mpx-135 acc: trials=69120000 accuracy=0.7918
  mpx-135 traj: trials=69240000 wall=134973s knowledge=0.2887 reliable=176 spec=9.13 pop=3275
  mpx-135 cover: trials=69240000 overall=0.2887 a0_nochange=0.0000 a0_change=0.5522 a1_nochange=0.0000 a1_change=0.6024 matched_but_wrong=0
  mpx-135 acc: trials=69240000 accuracy=0.7890
  mpx-135 traj: trials=69360000 wall=135162s knowledge=0.2888 reliable=180 spec=9.20 pop=3523
  mpx-135 cover: trials=69360000 overall=0.2888 a0_nochange=0.0000 a0_change=0.5527 a1_nochange=0.0000 a1_change=0.6026 matched_but_wrong=0
  mpx-135 acc: trials=69360000 accuracy=0.7877
  mpx-135 traj: trials=69480000 wall=135606s knowledge=0.2881 reliable=178 spec=9.22 pop=3185
  mpx-135 cover: trials=69480000 overall=0.2881 a0_nochange=0.0000 a0_change=0.5582 a1_nochange=0.0000 a1_change=0.5941 matched_but_wrong=0
  mpx-135 acc: trials=69480000 accuracy=0.7985
  mpx-135 traj: trials=69600000 wall=135812s knowledge=0.2864 reliable=176 spec=9.22 pop=4182
  mpx-135 cover: trials=69600000 overall=0.2864 a0_nochange=0.0000 a0_change=0.5513 a1_nochange=0.0000 a1_change=0.5944 matched_but_wrong=4
  mpx-135 acc: trials=69600000 accuracy=0.7891
  mpx-135 traj: trials=69720000 wall=136175s knowledge=0.2879 reliable=180 spec=9.24 pop=3776
  mpx-135 cover: trials=69720000 overall=0.2879 a0_nochange=0.0000 a0_change=0.5530 a1_nochange=0.0000 a1_change=0.5987 matched_but_wrong=0
  mpx-135 acc: trials=69720000 accuracy=0.7922
  mpx-135 traj: trials=69840000 wall=136393s knowledge=0.2856 reliable=176 spec=9.23 pop=3896
  mpx-135 cover: trials=69840000 overall=0.2856 a0_nochange=0.0000 a0_change=0.5522 a1_nochange=0.0000 a1_change=0.5902 matched_but_wrong=0
  mpx-135 acc: trials=69840000 accuracy=0.7886
  mpx-135 traj: trials=69960000 wall=136591s knowledge=0.2863 reliable=180 spec=9.26 pop=3283
  mpx-135 cover: trials=69960000 overall=0.2863 a0_nochange=0.0000 a0_change=0.5542 a1_nochange=0.0000 a1_change=0.5909 matched_but_wrong=11
  mpx-135 acc: trials=69960000 accuracy=0.7911
  mpx-135 traj: trials=70080000 wall=136757s knowledge=0.2864 reliable=178 spec=9.25 pop=4164
  mpx-135 cover: trials=70080000 overall=0.2864 a0_nochange=0.0000 a0_change=0.5548 a1_nochange=0.0000 a1_change=0.5909 matched_but_wrong=6
  mpx-135 acc: trials=70080000 accuracy=0.7950
  mpx-135 traj: trials=70200000 wall=136988s knowledge=0.2878 reliable=178 spec=9.20 pop=4274
  mpx-135 cover: trials=70200000 overall=0.2878 a0_nochange=0.0000 a0_change=0.5554 a1_nochange=0.0000 a1_change=0.5958 matched_but_wrong=0
  mpx-135 acc: trials=70200000 accuracy=0.7879
  mpx-135 traj: trials=70320000 wall=137195s knowledge=0.2884 reliable=178 spec=9.21 pop=3508
  mpx-135 cover: trials=70320000 overall=0.2884 a0_nochange=0.0000 a0_change=0.5545 a1_nochange=0.0000 a1_change=0.5990 matched_but_wrong=0
  mpx-135 acc: trials=70320000 accuracy=0.7952
  mpx-135 traj: trials=70440000 wall=137385s knowledge=0.2891 reliable=182 spec=9.24 pop=3103
  mpx-135 cover: trials=70440000 overall=0.2891 a0_nochange=0.0000 a0_change=0.5629 a1_nochange=0.0000 a1_change=0.5935 matched_but_wrong=8
  mpx-135 acc: trials=70440000 accuracy=0.7939
  mpx-135 traj: trials=70560000 wall=137710s knowledge=0.2904 reliable=179 spec=9.18 pop=3598
  mpx-135 cover: trials=70560000 overall=0.2904 a0_nochange=0.0000 a0_change=0.5684 a1_nochange=0.0000 a1_change=0.5931 matched_but_wrong=0
  mpx-135 acc: trials=70560000 accuracy=0.7943
  mpx-135 traj: trials=70680000 wall=138081s knowledge=0.2911 reliable=179 spec=9.18 pop=4222
  mpx-135 cover: trials=70680000 overall=0.2911 a0_nochange=0.0000 a0_change=0.5662 a1_nochange=0.0000 a1_change=0.5980 matched_but_wrong=0
  mpx-135 acc: trials=70680000 accuracy=0.7932
  mpx-135 traj: trials=70800000 wall=138359s knowledge=0.2903 reliable=177 spec=9.16 pop=5030
  mpx-135 cover: trials=70800000 overall=0.2903 a0_nochange=0.0000 a0_change=0.5683 a1_nochange=0.0000 a1_change=0.5929 matched_but_wrong=0
  mpx-135 acc: trials=70800000 accuracy=0.7878
  mpx-135 traj: trials=70920000 wall=138575s knowledge=0.2903 reliable=176 spec=9.15 pop=3143
  mpx-135 cover: trials=70920000 overall=0.2903 a0_nochange=0.0000 a0_change=0.5621 a1_nochange=0.0000 a1_change=0.5990 matched_but_wrong=0
  mpx-135 acc: trials=70920000 accuracy=0.7988
  mpx-135 traj: trials=71040000 wall=139169s knowledge=0.2891 reliable=173 spec=9.15 pop=4321
  mpx-135 cover: trials=71040000 overall=0.2891 a0_nochange=0.0000 a0_change=0.5594 a1_nochange=0.0000 a1_change=0.5971 matched_but_wrong=0
  mpx-135 acc: trials=71040000 accuracy=0.7985
  mpx-135 traj: trials=71160000 wall=139432s knowledge=0.2887 reliable=173 spec=9.17 pop=3176
  mpx-135 cover: trials=71160000 overall=0.2887 a0_nochange=0.0000 a0_change=0.5576 a1_nochange=0.0000 a1_change=0.5971 matched_but_wrong=0
  mpx-135 acc: trials=71160000 accuracy=0.7959
  mpx-135 traj: trials=71280000 wall=139608s knowledge=0.2889 reliable=174 spec=9.18 pop=4029
  mpx-135 cover: trials=71280000 overall=0.2889 a0_nochange=0.0000 a0_change=0.5586 a1_nochange=0.0000 a1_change=0.5971 matched_but_wrong=0
  mpx-135 acc: trials=71280000 accuracy=0.7914
  mpx-135 traj: trials=71400000 wall=139887s knowledge=0.2906 reliable=174 spec=9.14 pop=4843
  mpx-135 cover: trials=71400000 overall=0.2906 a0_nochange=0.0000 a0_change=0.5584 a1_nochange=0.0000 a1_change=0.6039 matched_but_wrong=0
  mpx-135 acc: trials=71400000 accuracy=0.7991
  mpx-135 traj: trials=71520000 wall=140109s knowledge=0.2911 reliable=174 spec=9.12 pop=3393
  mpx-135 cover: trials=71520000 overall=0.2911 a0_nochange=0.0000 a0_change=0.5590 a1_nochange=0.0000 a1_change=0.6055 matched_but_wrong=0
  mpx-135 acc: trials=71520000 accuracy=0.7888
  mpx-135 traj: trials=71640000 wall=140279s knowledge=0.2898 reliable=172 spec=9.06 pop=4008
  mpx-135 cover: trials=71640000 overall=0.2898 a0_nochange=0.0000 a0_change=0.5583 a1_nochange=0.0000 a1_change=0.6007 matched_but_wrong=0
  mpx-135 acc: trials=71640000 accuracy=0.7961
  mpx-135 traj: trials=71760000 wall=140427s knowledge=0.2898 reliable=176 spec=9.12 pop=3220
  mpx-135 cover: trials=71760000 overall=0.2898 a0_nochange=0.0000 a0_change=0.5597 a1_nochange=0.0000 a1_change=0.5995 matched_but_wrong=6
  mpx-135 acc: trials=71760000 accuracy=0.7950
  mpx-135 traj: trials=71880000 wall=140590s knowledge=0.2908 reliable=176 spec=9.11 pop=3311
  mpx-135 cover: trials=71880000 overall=0.2908 a0_nochange=0.0000 a0_change=0.5636 a1_nochange=0.0000 a1_change=0.5995 matched_but_wrong=1
  mpx-135 acc: trials=71880000 accuracy=0.7814
  mpx-135 traj: trials=72000000 wall=140755s knowledge=0.2903 reliable=176 spec=9.12 pop=3246
  mpx-135 cover: trials=72000000 overall=0.2903 a0_nochange=0.0000 a0_change=0.5617 a1_nochange=0.0000 a1_change=0.5997 matched_but_wrong=2
  mpx-135 acc: trials=72000000 accuracy=0.7873
  mpx-135 traj: trials=72120000 wall=141023s knowledge=0.2907 reliable=178 spec=9.14 pop=2878
  mpx-135 cover: trials=72120000 overall=0.2907 a0_nochange=0.0000 a0_change=0.5638 a1_nochange=0.0000 a1_change=0.5987 matched_but_wrong=2
  mpx-135 acc: trials=72120000 accuracy=0.7942
  mpx-135 traj: trials=72240000 wall=141307s knowledge=0.2903 reliable=176 spec=9.13 pop=5856
  mpx-135 cover: trials=72240000 overall=0.2903 a0_nochange=0.0000 a0_change=0.5624 a1_nochange=0.0000 a1_change=0.5987 matched_but_wrong=2
  mpx-135 acc: trials=72240000 accuracy=0.7928
  mpx-135 traj: trials=72360000 wall=141497s knowledge=0.2893 reliable=174 spec=9.13 pop=3110
  mpx-135 cover: trials=72360000 overall=0.2893 a0_nochange=0.0000 a0_change=0.5586 a1_nochange=0.0000 a1_change=0.5987 matched_but_wrong=2
  mpx-135 acc: trials=72360000 accuracy=0.7859
  mpx-135 traj: trials=72480000 wall=141760s knowledge=0.2896 reliable=172 spec=9.08 pop=4653
  mpx-135 cover: trials=72480000 overall=0.2896 a0_nochange=0.0000 a0_change=0.5602 a1_nochange=0.0000 a1_change=0.5983 matched_but_wrong=0
  mpx-135 acc: trials=72480000 accuracy=0.7866
  mpx-135 traj: trials=72600000 wall=142055s knowledge=0.2918 reliable=174 spec=9.05 pop=4498
  mpx-135 cover: trials=72600000 overall=0.2918 a0_nochange=0.0000 a0_change=0.5583 a1_nochange=0.0000 a1_change=0.6090 matched_but_wrong=0
  mpx-135 acc: trials=72600000 accuracy=0.7958
  mpx-135 traj: trials=72720000 wall=142240s knowledge=0.2914 reliable=174 spec=9.06 pop=3384
  mpx-135 cover: trials=72720000 overall=0.2914 a0_nochange=0.0000 a0_change=0.5583 a1_nochange=0.0000 a1_change=0.6075 matched_but_wrong=0
  mpx-135 acc: trials=72720000 accuracy=0.7997
  mpx-135 traj: trials=72840000 wall=142401s knowledge=0.2933 reliable=179 spec=9.07 pop=3633
  mpx-135 cover: trials=72840000 overall=0.2933 a0_nochange=0.0000 a0_change=0.5621 a1_nochange=0.0000 a1_change=0.6112 matched_but_wrong=0
  mpx-135 acc: trials=72840000 accuracy=0.7833
  mpx-135 traj: trials=72960000 wall=142560s knowledge=0.2918 reliable=177 spec=9.08 pop=3174
  mpx-135 cover: trials=72960000 overall=0.2918 a0_nochange=0.0000 a0_change=0.5594 a1_nochange=0.0000 a1_change=0.6076 matched_but_wrong=0
  mpx-135 acc: trials=72960000 accuracy=0.8067
  mpx-135 traj: trials=73080000 wall=142739s knowledge=0.2918 reliable=176 spec=9.07 pop=3181
  mpx-135 cover: trials=73080000 overall=0.2918 a0_nochange=0.0000 a0_change=0.5592 a1_nochange=0.0000 a1_change=0.6080 matched_but_wrong=6
  mpx-135 acc: trials=73080000 accuracy=0.7961
  mpx-135 traj: trials=73200000 wall=142901s knowledge=0.2930 reliable=176 spec=9.07 pop=3145
  mpx-135 cover: trials=73200000 overall=0.2930 a0_nochange=0.0000 a0_change=0.5640 a1_nochange=0.0000 a1_change=0.6081 matched_but_wrong=0
  mpx-135 acc: trials=73200000 accuracy=0.7887
  mpx-135 traj: trials=73320000 wall=143182s knowledge=0.2941 reliable=176 spec=9.04 pop=4123
  mpx-135 cover: trials=73320000 overall=0.2941 a0_nochange=0.0000 a0_change=0.5645 a1_nochange=0.0000 a1_change=0.6119 matched_but_wrong=0
  mpx-135 acc: trials=73320000 accuracy=0.7943
  mpx-135 traj: trials=73440000 wall=143379s knowledge=0.2967 reliable=177 spec=8.99 pop=3063
  mpx-135 cover: trials=73440000 overall=0.2967 a0_nochange=0.0000 a0_change=0.5694 a1_nochange=0.0000 a1_change=0.6173 matched_but_wrong=0
  mpx-135 acc: trials=73440000 accuracy=0.7944
  mpx-135 traj: trials=73560000 wall=143623s knowledge=0.2946 reliable=173 spec=9.00 pop=3120
  mpx-135 cover: trials=73560000 overall=0.2946 a0_nochange=0.0000 a0_change=0.5664 a1_nochange=0.0000 a1_change=0.6119 matched_but_wrong=0
  mpx-135 acc: trials=73560000 accuracy=0.7957
  mpx-135 traj: trials=73680000 wall=143847s knowledge=0.2944 reliable=175 spec=9.02 pop=2973
  mpx-135 cover: trials=73680000 overall=0.2944 a0_nochange=0.0000 a0_change=0.5644 a1_nochange=0.0000 a1_change=0.6131 matched_but_wrong=0
  mpx-135 acc: trials=73680000 accuracy=0.7905
  mpx-135 traj: trials=73800000 wall=144041s knowledge=0.2937 reliable=172 spec=8.99 pop=3255
  mpx-135 cover: trials=73800000 overall=0.2937 a0_nochange=0.0000 a0_change=0.5636 a1_nochange=0.0000 a1_change=0.6111 matched_but_wrong=0
  mpx-135 acc: trials=73800000 accuracy=0.8019
  mpx-135 traj: trials=73920000 wall=144224s knowledge=0.2937 reliable=171 spec=8.93 pop=3553
  mpx-135 cover: trials=73920000 overall=0.2937 a0_nochange=0.0000 a0_change=0.5674 a1_nochange=0.0000 a1_change=0.6074 matched_but_wrong=0
  mpx-135 acc: trials=73920000 accuracy=0.7926
  mpx-135 traj: trials=74040000 wall=144369s knowledge=0.2957 reliable=176 spec=8.94 pop=3565
  mpx-135 cover: trials=74040000 overall=0.2957 a0_nochange=0.0000 a0_change=0.5706 a1_nochange=0.0000 a1_change=0.6120 matched_but_wrong=0
  mpx-135 acc: trials=74040000 accuracy=0.7970
  mpx-135 traj: trials=74160000 wall=144528s knowledge=0.2937 reliable=170 spec=8.91 pop=3122
  mpx-135 cover: trials=74160000 overall=0.2937 a0_nochange=0.0000 a0_change=0.5665 a1_nochange=0.0000 a1_change=0.6081 matched_but_wrong=0
  mpx-135 acc: trials=74160000 accuracy=0.7974
  mpx-135 traj: trials=74280000 wall=144731s knowledge=0.2946 reliable=173 spec=8.94 pop=3012
  mpx-135 cover: trials=74280000 overall=0.2946 a0_nochange=0.0000 a0_change=0.5659 a1_nochange=0.0000 a1_change=0.6125 matched_but_wrong=0
  mpx-135 acc: trials=74280000 accuracy=0.7904
  mpx-135 traj: trials=74400000 wall=144918s knowledge=0.2943 reliable=172 spec=8.95 pop=3203
  mpx-135 cover: trials=74400000 overall=0.2943 a0_nochange=0.0000 a0_change=0.5665 a1_nochange=0.0000 a1_change=0.6106 matched_but_wrong=0
  mpx-135 acc: trials=74400000 accuracy=0.7953
  mpx-135 traj: trials=74520000 wall=145082s knowledge=0.2947 reliable=172 spec=8.94 pop=3036
  mpx-135 cover: trials=74520000 overall=0.2947 a0_nochange=0.0000 a0_change=0.5669 a1_nochange=0.0000 a1_change=0.6117 matched_but_wrong=0
  mpx-135 acc: trials=74520000 accuracy=0.8056
  mpx-135 traj: trials=74640000 wall=145394s knowledge=0.2949 reliable=171 spec=8.90 pop=3704
  mpx-135 cover: trials=74640000 overall=0.2949 a0_nochange=0.0000 a0_change=0.5659 a1_nochange=0.0000 a1_change=0.6137 matched_but_wrong=0
  mpx-135 acc: trials=74640000 accuracy=0.8000
  mpx-135 traj: trials=74760000 wall=145595s knowledge=0.2945 reliable=170 spec=8.90 pop=4313
  mpx-135 cover: trials=74760000 overall=0.2945 a0_nochange=0.0000 a0_change=0.5659 a1_nochange=0.0000 a1_change=0.6122 matched_but_wrong=0
  mpx-135 acc: trials=74760000 accuracy=0.7941
  mpx-135 traj: trials=74880000 wall=145778s knowledge=0.2931 reliable=168 spec=8.91 pop=3089
  mpx-135 cover: trials=74880000 overall=0.2931 a0_nochange=0.0000 a0_change=0.5659 a1_nochange=0.0000 a1_change=0.6066 matched_but_wrong=0
  mpx-135 acc: trials=74880000 accuracy=0.7866
  mpx-135 traj: trials=75000000 wall=145951s knowledge=0.2942 reliable=169 spec=8.90 pop=3036
  mpx-135 cover: trials=75000000 overall=0.2942 a0_nochange=0.0000 a0_change=0.5707 a1_nochange=0.0000 a1_change=0.6059 matched_but_wrong=0
  mpx-135 acc: trials=75000000 accuracy=0.7915
  mpx-135 traj: trials=75120000 wall=146133s knowledge=0.2940 reliable=168 spec=8.89 pop=2979
  mpx-135 cover: trials=75120000 overall=0.2940 a0_nochange=0.0000 a0_change=0.5702 a1_nochange=0.0000 a1_change=0.6059 matched_but_wrong=0
  mpx-135 acc: trials=75120000 accuracy=0.7968
  mpx-135 traj: trials=75240000 wall=146317s knowledge=0.2952 reliable=172 spec=8.92 pop=3255
  mpx-135 cover: trials=75240000 overall=0.2952 a0_nochange=0.0000 a0_change=0.5700 a1_nochange=0.0000 a1_change=0.6108 matched_but_wrong=0
  mpx-135 acc: trials=75240000 accuracy=0.7960
  mpx-135 traj: trials=75360000 wall=146465s knowledge=0.2947 reliable=170 spec=8.89 pop=3231
  mpx-135 cover: trials=75360000 overall=0.2947 a0_nochange=0.0000 a0_change=0.5718 a1_nochange=0.0000 a1_change=0.6071 matched_but_wrong=0
  mpx-135 acc: trials=75360000 accuracy=0.7907
  mpx-135 traj: trials=75480000 wall=146648s knowledge=0.2947 reliable=170 spec=8.89 pop=2990
  mpx-135 cover: trials=75480000 overall=0.2947 a0_nochange=0.0000 a0_change=0.5718 a1_nochange=0.0000 a1_change=0.6071 matched_but_wrong=0
  mpx-135 acc: trials=75480000 accuracy=0.7902
  mpx-135 traj: trials=75600000 wall=146842s knowledge=0.2952 reliable=173 spec=8.92 pop=3084
  mpx-135 cover: trials=75600000 overall=0.2952 a0_nochange=0.0000 a0_change=0.5730 a1_nochange=0.0000 a1_change=0.6078 matched_but_wrong=7
  mpx-135 acc: trials=75600000 accuracy=0.7970
  mpx-135 traj: trials=75720000 wall=147246s knowledge=0.2959 reliable=172 spec=8.90 pop=4396
  mpx-135 cover: trials=75720000 overall=0.2959 a0_nochange=0.0000 a0_change=0.5726 a1_nochange=0.0000 a1_change=0.6111 matched_but_wrong=0
  mpx-135 acc: trials=75720000 accuracy=0.7991
  mpx-135 traj: trials=75840000 wall=147403s knowledge=0.2944 reliable=169 spec=8.89 pop=3028
  mpx-135 cover: trials=75840000 overall=0.2944 a0_nochange=0.0000 a0_change=0.5700 a1_nochange=0.0000 a1_change=0.6074 matched_but_wrong=0
  mpx-135 acc: trials=75840000 accuracy=0.7924
  mpx-135 traj: trials=75960000 wall=147593s knowledge=0.2943 reliable=168 spec=8.88 pop=3102
  mpx-135 cover: trials=75960000 overall=0.2943 a0_nochange=0.0000 a0_change=0.5696 a1_nochange=0.0000 a1_change=0.6074 matched_but_wrong=0
  mpx-135 acc: trials=75960000 accuracy=0.8031
  mpx-135 traj: trials=76080000 wall=147825s knowledge=0.2943 reliable=169 spec=8.91 pop=3529
  mpx-135 cover: trials=76080000 overall=0.2943 a0_nochange=0.0000 a0_change=0.5698 a1_nochange=0.0000 a1_change=0.6074 matched_but_wrong=0
  mpx-135 acc: trials=76080000 accuracy=0.8023
  mpx-135 traj: trials=76200000 wall=148121s knowledge=0.2968 reliable=174 spec=8.93 pop=3332
  mpx-135 cover: trials=76200000 overall=0.2968 a0_nochange=0.0000 a0_change=0.5785 a1_nochange=0.0000 a1_change=0.6086 matched_but_wrong=6
  mpx-135 acc: trials=76200000 accuracy=0.7916
  mpx-135 traj: trials=76320000 wall=148283s knowledge=0.2975 reliable=172 spec=8.90 pop=3010
  mpx-135 cover: trials=76320000 overall=0.2975 a0_nochange=0.0000 a0_change=0.5824 a1_nochange=0.0000 a1_change=0.6077 matched_but_wrong=0
  mpx-135 acc: trials=76320000 accuracy=0.7949
  mpx-135 traj: trials=76440000 wall=148652s knowledge=0.2961 reliable=170 spec=8.89 pop=3287
  mpx-135 cover: trials=76440000 overall=0.2961 a0_nochange=0.0000 a0_change=0.5778 a1_nochange=0.0000 a1_change=0.6065 matched_but_wrong=0
  mpx-135 acc: trials=76440000 accuracy=0.8068
  mpx-135 traj: trials=76560000 wall=148908s knowledge=0.2971 reliable=173 spec=8.90 pop=3061
  mpx-135 cover: trials=76560000 overall=0.2971 a0_nochange=0.0000 a0_change=0.5801 a1_nochange=0.0000 a1_change=0.6085 matched_but_wrong=0
  mpx-135 acc: trials=76560000 accuracy=0.7992
  mpx-135 traj: trials=76680000 wall=149112s knowledge=0.2955 reliable=170 spec=8.90 pop=3712
  mpx-135 cover: trials=76680000 overall=0.2955 a0_nochange=0.0000 a0_change=0.5738 a1_nochange=0.0000 a1_change=0.6082 matched_but_wrong=0
  mpx-135 acc: trials=76680000 accuracy=0.7974
  mpx-135 traj: trials=76800000 wall=149285s knowledge=0.2962 reliable=171 spec=8.90 pop=3162
  mpx-135 cover: trials=76800000 overall=0.2962 a0_nochange=0.0000 a0_change=0.5738 a1_nochange=0.0000 a1_change=0.6108 matched_but_wrong=0
  mpx-135 acc: trials=76800000 accuracy=0.7958
  mpx-135 traj: trials=76920000 wall=149485s knowledge=0.2964 reliable=173 spec=8.92 pop=3285
  mpx-135 cover: trials=76920000 overall=0.2964 a0_nochange=0.0000 a0_change=0.5744 a1_nochange=0.0000 a1_change=0.6113 matched_but_wrong=0
  mpx-135 acc: trials=76920000 accuracy=0.8063
  mpx-135 traj: trials=77040000 wall=149704s knowledge=0.2972 reliable=173 spec=8.90 pop=3142
  mpx-135 cover: trials=77040000 overall=0.2972 a0_nochange=0.0000 a0_change=0.5738 a1_nochange=0.0000 a1_change=0.6150 matched_but_wrong=0
  mpx-135 acc: trials=77040000 accuracy=0.8056
  mpx-135 traj: trials=77160000 wall=149986s knowledge=0.2971 reliable=172 spec=8.87 pop=2857
  mpx-135 cover: trials=77160000 overall=0.2971 a0_nochange=0.0000 a0_change=0.5738 a1_nochange=0.0000 a1_change=0.6146 matched_but_wrong=0
  mpx-135 acc: trials=77160000 accuracy=0.8031
  mpx-135 traj: trials=77280000 wall=150228s knowledge=0.2958 reliable=171 spec=8.89 pop=3255
  mpx-135 cover: trials=77280000 overall=0.2958 a0_nochange=0.0000 a0_change=0.5738 a1_nochange=0.0000 a1_change=0.6095 matched_but_wrong=0
  mpx-135 acc: trials=77280000 accuracy=0.7930
  mpx-135 traj: trials=77400000 wall=150383s knowledge=0.2948 reliable=167 spec=8.86 pop=3166
  mpx-135 cover: trials=77400000 overall=0.2948 a0_nochange=0.0000 a0_change=0.5734 a1_nochange=0.0000 a1_change=0.6059 matched_but_wrong=0
  mpx-135 acc: trials=77400000 accuracy=0.7982
  mpx-135 traj: trials=77520000 wall=150616s knowledge=0.2959 reliable=169 spec=8.85 pop=3701
  mpx-135 cover: trials=77520000 overall=0.2959 a0_nochange=0.0000 a0_change=0.5734 a1_nochange=0.0000 a1_change=0.6101 matched_but_wrong=0
  mpx-135 acc: trials=77520000 accuracy=0.8024
  mpx-135 traj: trials=77640000 wall=150850s knowledge=0.2987 reliable=174 spec=8.86 pop=3626
  mpx-135 cover: trials=77640000 overall=0.2987 a0_nochange=0.0000 a0_change=0.5789 a1_nochange=0.0000 a1_change=0.6159 matched_but_wrong=0
  mpx-135 acc: trials=77640000 accuracy=0.7916
  mpx-135 traj: trials=77760000 wall=151039s knowledge=0.2973 reliable=172 spec=8.89 pop=3184
  mpx-135 cover: trials=77760000 overall=0.2973 a0_nochange=0.0000 a0_change=0.5772 a1_nochange=0.0000 a1_change=0.6120 matched_but_wrong=0
  mpx-135 acc: trials=77760000 accuracy=0.8031
  mpx-135 traj: trials=77880000 wall=151313s knowledge=0.2959 reliable=171 spec=8.89 pop=3014
  mpx-135 cover: trials=77880000 overall=0.2959 a0_nochange=0.0000 a0_change=0.5737 a1_nochange=0.0000 a1_change=0.6097 matched_but_wrong=4
  mpx-135 acc: trials=77880000 accuracy=0.8011
  mpx-135 traj: trials=78000000 wall=151447s knowledge=0.2970 reliable=171 spec=8.88 pop=3334
  mpx-135 cover: trials=78000000 overall=0.2970 a0_nochange=0.0000 a0_change=0.5733 a1_nochange=0.0000 a1_change=0.6146 matched_but_wrong=0
  mpx-135 acc: trials=78000000 accuracy=0.8036
  mpx-135 traj: trials=78120000 wall=151713s knowledge=0.2969 reliable=171 spec=8.88 pop=3936
  mpx-135 cover: trials=78120000 overall=0.2969 a0_nochange=0.0000 a0_change=0.5738 a1_nochange=0.0000 a1_change=0.6139 matched_but_wrong=0
  mpx-135 acc: trials=78120000 accuracy=0.8079
  mpx-135 traj: trials=78240000 wall=151871s knowledge=0.2994 reliable=179 spec=8.93 pop=3707
  mpx-135 cover: trials=78240000 overall=0.2994 a0_nochange=0.0000 a0_change=0.5763 a1_nochange=0.0000 a1_change=0.6213 matched_but_wrong=0
  mpx-135 acc: trials=78240000 accuracy=0.8030
  mpx-135 traj: trials=78360000 wall=152028s knowledge=0.2990 reliable=178 spec=8.89 pop=3232
  mpx-135 cover: trials=78360000 overall=0.2990 a0_nochange=0.0000 a0_change=0.5764 a1_nochange=0.0000 a1_change=0.6196 matched_but_wrong=0
  mpx-135 acc: trials=78360000 accuracy=0.8051
  mpx-135 traj: trials=78480000 wall=152156s knowledge=0.2994 reliable=179 spec=8.92 pop=3634
  mpx-135 cover: trials=78480000 overall=0.2994 a0_nochange=0.0000 a0_change=0.5773 a1_nochange=0.0000 a1_change=0.6204 matched_but_wrong=0
  mpx-135 acc: trials=78480000 accuracy=0.8088
  mpx-135 traj: trials=78600000 wall=152370s knowledge=0.2994 reliable=178 spec=8.94 pop=3534
  mpx-135 cover: trials=78600000 overall=0.2994 a0_nochange=0.0000 a0_change=0.5744 a1_nochange=0.0000 a1_change=0.6230 matched_but_wrong=0
  mpx-135 acc: trials=78600000 accuracy=0.8039
  mpx-135 traj: trials=78720000 wall=152571s knowledge=0.2996 reliable=178 spec=8.92 pop=3219
  mpx-135 cover: trials=78720000 overall=0.2996 a0_nochange=0.0000 a0_change=0.5755 a1_nochange=0.0000 a1_change=0.6229 matched_but_wrong=0
  mpx-135 acc: trials=78720000 accuracy=0.8024
  mpx-135 traj: trials=78840000 wall=152712s knowledge=0.2997 reliable=176 spec=8.88 pop=3305
  mpx-135 cover: trials=78840000 overall=0.2997 a0_nochange=0.0000 a0_change=0.5749 a1_nochange=0.0000 a1_change=0.6238 matched_but_wrong=0
  mpx-135 acc: trials=78840000 accuracy=0.8037
  mpx-135 traj: trials=78960000 wall=152922s knowledge=0.2994 reliable=173 spec=8.85 pop=4353
  mpx-135 cover: trials=78960000 overall=0.2994 a0_nochange=0.0000 a0_change=0.5744 a1_nochange=0.0000 a1_change=0.6232 matched_but_wrong=0
  mpx-135 acc: trials=78960000 accuracy=0.7962
  mpx-135 traj: trials=79080000 wall=153077s knowledge=0.2999 reliable=175 spec=8.86 pop=3284
  mpx-135 cover: trials=79080000 overall=0.2999 a0_nochange=0.0000 a0_change=0.5744 a1_nochange=0.0000 a1_change=0.6254 matched_but_wrong=0
  mpx-135 acc: trials=79080000 accuracy=0.7950
  mpx-135 traj: trials=79200000 wall=153235s knowledge=0.2998 reliable=173 spec=8.80 pop=3300
  mpx-135 cover: trials=79200000 overall=0.2998 a0_nochange=0.0000 a0_change=0.5744 a1_nochange=0.0000 a1_change=0.6249 matched_but_wrong=0
  mpx-135 acc: trials=79200000 accuracy=0.7999
  mpx-135 traj: trials=79320000 wall=153455s knowledge=0.2998 reliable=172 spec=8.74 pop=3398
  mpx-135 cover: trials=79320000 overall=0.2998 a0_nochange=0.0000 a0_change=0.5744 a1_nochange=0.0000 a1_change=0.6249 matched_but_wrong=0
  mpx-135 acc: trials=79320000 accuracy=0.8102
  mpx-135 traj: trials=79440000 wall=153630s knowledge=0.3009 reliable=172 spec=8.66 pop=3905
  mpx-135 cover: trials=79440000 overall=0.3009 a0_nochange=0.0000 a0_change=0.5744 a1_nochange=0.0000 a1_change=0.6292 matched_but_wrong=0
  mpx-135 acc: trials=79440000 accuracy=0.8032
  mpx-135 traj: trials=79560000 wall=153770s knowledge=0.3006 reliable=171 spec=8.67 pop=3474
  mpx-135 cover: trials=79560000 overall=0.3006 a0_nochange=0.0000 a0_change=0.5755 a1_nochange=0.0000 a1_change=0.6268 matched_but_wrong=0
  mpx-135 acc: trials=79560000 accuracy=0.8010
  mpx-135 traj: trials=79680000 wall=153972s knowledge=0.3019 reliable=172 spec=8.66 pop=4728
  mpx-135 cover: trials=79680000 overall=0.3019 a0_nochange=0.0000 a0_change=0.5766 a1_nochange=0.0000 a1_change=0.6310 matched_but_wrong=0
  mpx-135 acc: trials=79680000 accuracy=0.8010
  mpx-135 traj: trials=79800000 wall=154114s knowledge=0.3031 reliable=174 spec=8.65 pop=3613
  mpx-135 cover: trials=79800000 overall=0.3031 a0_nochange=0.0000 a0_change=0.5794 a1_nochange=0.0000 a1_change=0.6329 matched_but_wrong=0
  mpx-135 acc: trials=79800000 accuracy=0.8086
  mpx-135 traj: trials=79920000 wall=154259s knowledge=0.3016 reliable=170 spec=8.62 pop=3221
  mpx-135 cover: trials=79920000 overall=0.3016 a0_nochange=0.0000 a0_change=0.5734 a1_nochange=0.0000 a1_change=0.6329 matched_but_wrong=0
  mpx-135 acc: trials=79920000 accuracy=0.8053
  mpx-135 traj: trials=80040000 wall=154395s knowledge=0.3009 reliable=167 spec=8.60 pop=3311
  mpx-135 cover: trials=80040000 overall=0.3009 a0_nochange=0.0000 a0_change=0.5734 a1_nochange=0.0000 a1_change=0.6303 matched_but_wrong=0
  mpx-135 acc: trials=80040000 accuracy=0.7998
  mpx-135 traj: trials=80160000 wall=154826s knowledge=0.3009 reliable=171 spec=8.67 pop=3505
  mpx-135 cover: trials=80160000 overall=0.3009 a0_nochange=0.0000 a0_change=0.5760 a1_nochange=0.0000 a1_change=0.6277 matched_but_wrong=8
  mpx-135 acc: trials=80160000 accuracy=0.7960
  mpx-135 traj: trials=80280000 wall=154960s knowledge=0.3025 reliable=173 spec=8.66 pop=3515
  mpx-135 cover: trials=80280000 overall=0.3025 a0_nochange=0.0000 a0_change=0.5767 a1_nochange=0.0000 a1_change=0.6334 matched_but_wrong=4
  mpx-135 acc: trials=80280000 accuracy=0.8087
  mpx-135 traj: trials=80400000 wall=155119s knowledge=0.3023 reliable=180 spec=8.77 pop=3541
  mpx-135 cover: trials=80400000 overall=0.3023 a0_nochange=0.0000 a0_change=0.5775 a1_nochange=0.0000 a1_change=0.6317 matched_but_wrong=6
  mpx-135 acc: trials=80400000 accuracy=0.8056
  mpx-135 traj: trials=80520000 wall=155271s knowledge=0.3007 reliable=170 spec=8.66 pop=3746
  mpx-135 cover: trials=80520000 overall=0.3007 a0_nochange=0.0000 a0_change=0.5751 a1_nochange=0.0000 a1_change=0.6277 matched_but_wrong=0
  mpx-135 acc: trials=80520000 accuracy=0.8029
  mpx-135 traj: trials=80640000 wall=155444s knowledge=0.3009 reliable=172 spec=8.67 pop=3483
  mpx-135 cover: trials=80640000 overall=0.3009 a0_nochange=0.0000 a0_change=0.5758 a1_nochange=0.0000 a1_change=0.6277 matched_but_wrong=0
  mpx-135 acc: trials=80640000 accuracy=0.8065
  mpx-135 traj: trials=80760000 wall=155597s knowledge=0.3015 reliable=175 spec=8.75 pop=3600
  mpx-135 cover: trials=80760000 overall=0.3015 a0_nochange=0.0000 a0_change=0.5774 a1_nochange=0.0002 a1_change=0.6284 matched_but_wrong=0
  mpx-135 acc: trials=80760000 accuracy=0.8062
  mpx-135 traj: trials=80880000 wall=155872s knowledge=0.3029 reliable=176 spec=8.73 pop=3451
  mpx-135 cover: trials=80880000 overall=0.3029 a0_nochange=0.0000 a0_change=0.5830 a1_nochange=0.0002 a1_change=0.6284 matched_but_wrong=0
  mpx-135 acc: trials=80880000 accuracy=0.7985
  mpx-135 traj: trials=81000000 wall=156011s knowledge=0.3037 reliable=175 spec=8.68 pop=3381
  mpx-135 cover: trials=81000000 overall=0.3037 a0_nochange=0.0000 a0_change=0.5861 a1_nochange=0.0002 a1_change=0.6284 matched_but_wrong=0
  mpx-135 acc: trials=81000000 accuracy=0.8088
  mpx-135 traj: trials=81120000 wall=156211s knowledge=0.3033 reliable=174 spec=8.66 pop=3138
  mpx-135 cover: trials=81120000 overall=0.3033 a0_nochange=0.0000 a0_change=0.5853 a1_nochange=0.0002 a1_change=0.6277 matched_but_wrong=0
  mpx-135 acc: trials=81120000 accuracy=0.8017
  mpx-135 traj: trials=81240000 wall=156453s knowledge=0.3036 reliable=174 spec=8.66 pop=4409
  mpx-135 cover: trials=81240000 overall=0.3036 a0_nochange=0.0000 a0_change=0.5853 a1_nochange=0.0002 a1_change=0.6291 matched_but_wrong=0
  mpx-135 acc: trials=81240000 accuracy=0.8050
  mpx-135 traj: trials=81360000 wall=156613s knowledge=0.3023 reliable=171 spec=8.65 pop=3521
  mpx-135 cover: trials=81360000 overall=0.3023 a0_nochange=0.0000 a0_change=0.5828 a1_nochange=0.0002 a1_change=0.6263 matched_but_wrong=0
  mpx-135 acc: trials=81360000 accuracy=0.8001
  mpx-135 traj: trials=81480000 wall=156775s knowledge=0.3021 reliable=171 spec=8.67 pop=3350
  mpx-135 cover: trials=81480000 overall=0.3021 a0_nochange=0.0000 a0_change=0.5812 a1_nochange=0.0002 a1_change=0.6269 matched_but_wrong=0
  mpx-135 acc: trials=81480000 accuracy=0.8071
  mpx-135 traj: trials=81600000 wall=157039s knowledge=0.3022 reliable=172 spec=8.69 pop=4376
  mpx-135 cover: trials=81600000 overall=0.3022 a0_nochange=0.0000 a0_change=0.5852 a1_nochange=0.0002 a1_change=0.6234 matched_but_wrong=0
  mpx-135 acc: trials=81600000 accuracy=0.7997
  mpx-135 traj: trials=81720000 wall=157198s knowledge=0.3028 reliable=172 spec=8.66 pop=3508
  mpx-135 cover: trials=81720000 overall=0.3028 a0_nochange=0.0000 a0_change=0.5812 a1_nochange=0.0002 a1_change=0.6297 matched_but_wrong=0
  mpx-135 acc: trials=81720000 accuracy=0.8047
  mpx-135 traj: trials=81840000 wall=157339s knowledge=0.3042 reliable=173 spec=8.65 pop=4132
  mpx-135 cover: trials=81840000 overall=0.3042 a0_nochange=0.0000 a0_change=0.5824 a1_nochange=0.0002 a1_change=0.6341 matched_but_wrong=0
  mpx-135 acc: trials=81840000 accuracy=0.8157
  mpx-135 traj: trials=81960000 wall=157503s knowledge=0.3047 reliable=174 spec=8.65 pop=3432
  mpx-135 cover: trials=81960000 overall=0.3047 a0_nochange=0.0000 a0_change=0.5824 a1_nochange=0.0002 a1_change=0.6363 matched_but_wrong=0
  mpx-135 acc: trials=81960000 accuracy=0.8000
  mpx-135 traj: trials=82080000 wall=157632s knowledge=0.3048 reliable=182 spec=8.76 pop=3576
  mpx-135 cover: trials=82080000 overall=0.3048 a0_nochange=0.0000 a0_change=0.5777 a1_nochange=0.0034 a1_change=0.6379 matched_but_wrong=1
  mpx-135 acc: trials=82080000 accuracy=0.8010
  mpx-135 traj: trials=82200000 wall=157752s knowledge=0.3041 reliable=185 spec=8.85 pop=4244
  mpx-135 cover: trials=82200000 overall=0.3041 a0_nochange=0.0000 a0_change=0.5781 a1_nochange=0.0054 a1_change=0.6327 matched_but_wrong=6
  mpx-135 acc: trials=82200000 accuracy=0.8041
  mpx-135 traj: trials=82320000 wall=157910s knowledge=0.3051 reliable=193 spec=8.93 pop=4570
  mpx-135 cover: trials=82320000 overall=0.3051 a0_nochange=0.0000 a0_change=0.5808 a1_nochange=0.0065 a1_change=0.6332 matched_but_wrong=4
  mpx-135 acc: trials=82320000 accuracy=0.8044
  mpx-135 traj: trials=82440000 wall=158106s knowledge=0.3064 reliable=194 spec=8.94 pop=5051
  mpx-135 cover: trials=82440000 overall=0.3064 a0_nochange=0.0000 a0_change=0.5798 a1_nochange=0.0083 a1_change=0.6374 matched_but_wrong=7
  mpx-135 acc: trials=82440000 accuracy=0.8008
  mpx-135 traj: trials=82560000 wall=158235s knowledge=0.3067 reliable=195 spec=9.01 pop=4519
  mpx-135 cover: trials=82560000 overall=0.3067 a0_nochange=0.0000 a0_change=0.5816 a1_nochange=0.0089 a1_change=0.6361 matched_but_wrong=1
  mpx-135 acc: trials=82560000 accuracy=0.8056
  mpx-135 traj: trials=82680000 wall=158378s knowledge=0.3107 reliable=201 spec=8.99 pop=4866
  mpx-135 cover: trials=82680000 overall=0.3107 a0_nochange=0.0000 a0_change=0.5834 a1_nochange=0.0231 a1_change=0.6361 matched_but_wrong=3
  mpx-135 acc: trials=82680000 accuracy=0.8077
  mpx-135 traj: trials=82800000 wall=158599s knowledge=0.3115 reliable=198 spec=9.01 pop=4766
  mpx-135 cover: trials=82800000 overall=0.3115 a0_nochange=0.0000 a0_change=0.5853 a1_nochange=0.0240 a1_change=0.6368 matched_but_wrong=5
  mpx-135 acc: trials=82800000 accuracy=0.8095
  mpx-135 traj: trials=82920000 wall=158762s knowledge=0.3118 reliable=197 spec=8.98 pop=4486
  mpx-135 cover: trials=82920000 overall=0.3118 a0_nochange=0.0000 a0_change=0.5892 a1_nochange=0.0238 a1_change=0.6343 matched_but_wrong=0
  mpx-135 acc: trials=82920000 accuracy=0.8068
  mpx-135 traj: trials=83040000 wall=158981s knowledge=0.3139 reliable=199 spec=8.92 pop=5343
  mpx-135 cover: trials=83040000 overall=0.3139 a0_nochange=0.0000 a0_change=0.5891 a1_nochange=0.0296 a1_change=0.6369 matched_but_wrong=2
  mpx-135 acc: trials=83040000 accuracy=0.8090
  mpx-135 traj: trials=83160000 wall=159108s knowledge=0.3170 reliable=216 spec=9.04 pop=4858
  mpx-135 cover: trials=83160000 overall=0.3170 a0_nochange=0.0000 a0_change=0.5856 a1_nochange=0.0351 a1_change=0.6475 matched_but_wrong=13
  mpx-135 acc: trials=83160000 accuracy=0.8123
  mpx-135 traj: trials=83280000 wall=159265s knowledge=0.3181 reliable=210 spec=9.01 pop=5806
  mpx-135 cover: trials=83280000 overall=0.3181 a0_nochange=0.0000 a0_change=0.5818 a1_nochange=0.0361 a1_change=0.6546 matched_but_wrong=20
  mpx-135 acc: trials=83280000 accuracy=0.8085
  mpx-135 traj: trials=83400000 wall=159411s knowledge=0.3185 reliable=207 spec=8.97 pop=5139
  mpx-135 cover: trials=83400000 overall=0.3185 a0_nochange=0.0000 a0_change=0.5818 a1_nochange=0.0389 a1_change=0.6533 matched_but_wrong=8
  mpx-135 acc: trials=83400000 accuracy=0.8167
  mpx-135 traj: trials=83520000 wall=159696s knowledge=0.3165 reliable=201 spec=8.99 pop=5978
  mpx-135 cover: trials=83520000 overall=0.3165 a0_nochange=0.0000 a0_change=0.5778 a1_nochange=0.0448 a1_change=0.6432 matched_but_wrong=6
  mpx-135 acc: trials=83520000 accuracy=0.7982
  mpx-135 traj: trials=83640000 wall=159900s knowledge=0.3174 reliable=206 spec=9.05 pop=5291
  mpx-135 cover: trials=83640000 overall=0.3174 a0_nochange=0.0000 a0_change=0.5780 a1_nochange=0.0506 a1_change=0.6412 matched_but_wrong=8
  mpx-135 acc: trials=83640000 accuracy=0.8063
  mpx-135 traj: trials=83760000 wall=160055s knowledge=0.3150 reliable=201 spec=9.06 pop=5339
  mpx-135 cover: trials=83760000 overall=0.3150 a0_nochange=0.0000 a0_change=0.5739 a1_nochange=0.0507 a1_change=0.6353 matched_but_wrong=6
  mpx-135 acc: trials=83760000 accuracy=0.8004
  mpx-135 traj: trials=83880000 wall=160193s knowledge=0.3172 reliable=204 spec=9.07 pop=5248
  mpx-135 cover: trials=83880000 overall=0.3172 a0_nochange=0.0000 a0_change=0.5739 a1_nochange=0.0555 a1_change=0.6392 matched_but_wrong=0
  mpx-135 acc: trials=83880000 accuracy=0.8040
  mpx-135 traj: trials=84000000 wall=160324s knowledge=0.3203 reliable=214 spec=9.10 pop=5497
  mpx-135 cover: trials=84000000 overall=0.3203 a0_nochange=0.0000 a0_change=0.5776 a1_nochange=0.0600 a1_change=0.6436 matched_but_wrong=3
  mpx-135 acc: trials=84000000 accuracy=0.8085
  mpx-135 traj: trials=84120000 wall=160472s knowledge=0.3234 reliable=220 spec=9.14 pop=5667
  mpx-135 cover: trials=84120000 overall=0.3234 a0_nochange=0.0000 a0_change=0.5841 a1_nochange=0.0691 a1_change=0.6404 matched_but_wrong=11
  mpx-135 acc: trials=84120000 accuracy=0.8111
  mpx-135 traj: trials=84240000 wall=160646s knowledge=0.3262 reliable=242 spec=9.25 pop=6067
  mpx-135 cover: trials=84240000 overall=0.3262 a0_nochange=0.0000 a0_change=0.5855 a1_nochange=0.0732 a1_change=0.6459 matched_but_wrong=19
  mpx-135 acc: trials=84240000 accuracy=0.8073
  mpx-135 traj: trials=84360000 wall=160787s knowledge=0.3274 reliable=235 spec=9.15 pop=6619
  mpx-135 cover: trials=84360000 overall=0.3274 a0_nochange=0.0000 a0_change=0.5821 a1_nochange=0.0750 a1_change=0.6526 matched_but_wrong=6
  mpx-135 acc: trials=84360000 accuracy=0.8060
  mpx-135 traj: trials=84480000 wall=160931s knowledge=0.3267 reliable=217 spec=9.03 pop=6898
  mpx-135 cover: trials=84480000 overall=0.3267 a0_nochange=0.0000 a0_change=0.5849 a1_nochange=0.0679 a1_change=0.6541 matched_but_wrong=4
  mpx-135 acc: trials=84480000 accuracy=0.8147
  mpx-135 traj: trials=84600000 wall=161068s knowledge=0.3292 reliable=218 spec=9.00 pop=7463
  mpx-135 cover: trials=84600000 overall=0.3292 a0_nochange=0.0000 a0_change=0.5849 a1_nochange=0.0803 a1_change=0.6514 matched_but_wrong=1
  mpx-135 acc: trials=84600000 accuracy=0.8098
  mpx-135 traj: trials=84720000 wall=161221s knowledge=0.3342 reliable=222 spec=8.96 pop=6400
  mpx-135 cover: trials=84720000 overall=0.3342 a0_nochange=0.0000 a0_change=0.5853 a1_nochange=0.0915 a1_change=0.6601 matched_but_wrong=1
  mpx-135 acc: trials=84720000 accuracy=0.8084
  mpx-135 traj: trials=84840000 wall=161358s knowledge=0.3367 reliable=228 spec=9.06 pop=5935
  mpx-135 cover: trials=84840000 overall=0.3367 a0_nochange=0.0000 a0_change=0.5886 a1_nochange=0.0996 a1_change=0.6585 matched_but_wrong=6
  mpx-135 acc: trials=84840000 accuracy=0.8102
  mpx-135 traj: trials=84960000 wall=161485s knowledge=0.3405 reliable=221 spec=8.95 pop=5498
  mpx-135 cover: trials=84960000 overall=0.3405 a0_nochange=0.0000 a0_change=0.5886 a1_nochange=0.1129 a1_change=0.6606 matched_but_wrong=2
  mpx-135 acc: trials=84960000 accuracy=0.8067
  mpx-135 traj: trials=85080000 wall=161633s knowledge=0.3419 reliable=217 spec=8.92 pop=5409
  mpx-135 cover: trials=85080000 overall=0.3419 a0_nochange=0.0000 a0_change=0.5886 a1_nochange=0.1194 a1_change=0.6596 matched_but_wrong=0
  mpx-135 acc: trials=85080000 accuracy=0.8040
  mpx-135 traj: trials=85200000 wall=161772s knowledge=0.3449 reliable=225 spec=8.97 pop=5267
  mpx-135 cover: trials=85200000 overall=0.3449 a0_nochange=0.0000 a0_change=0.5895 a1_nochange=0.1286 a1_change=0.6615 matched_but_wrong=1
  mpx-135 acc: trials=85200000 accuracy=0.8203
  mpx-135 traj: trials=85320000 wall=162032s knowledge=0.3479 reliable=220 spec=8.89 pop=5067
  mpx-135 cover: trials=85320000 overall=0.3479 a0_nochange=0.0000 a0_change=0.5886 a1_nochange=0.1377 a1_change=0.6655 matched_but_wrong=0
  mpx-135 acc: trials=85320000 accuracy=0.8139
  mpx-135 traj: trials=85440000 wall=162265s knowledge=0.3529 reliable=219 spec=8.77 pop=4961
  mpx-135 cover: trials=85440000 overall=0.3529 a0_nochange=0.0000 a0_change=0.5884 a1_nochange=0.1541 a1_change=0.6690 matched_but_wrong=0
  mpx-135 acc: trials=85440000 accuracy=0.8101
  mpx-135 traj: trials=85560000 wall=162414s knowledge=0.3531 reliable=212 spec=8.70 pop=5350
  mpx-135 cover: trials=85560000 overall=0.3531 a0_nochange=0.0000 a0_change=0.5883 a1_nochange=0.1552 a1_change=0.6688 matched_but_wrong=0
  mpx-135 acc: trials=85560000 accuracy=0.8113
  mpx-135 traj: trials=85680000 wall=162555s knowledge=0.3567 reliable=220 spec=8.81 pop=5233
  mpx-135 cover: trials=85680000 overall=0.3567 a0_nochange=0.0000 a0_change=0.5883 a1_nochange=0.1610 a1_change=0.6774 matched_but_wrong=0
  mpx-135 acc: trials=85680000 accuracy=0.8245
  mpx-135 traj: trials=85800000 wall=162740s knowledge=0.3613 reliable=228 spec=8.82 pop=5660
  mpx-135 cover: trials=85800000 overall=0.3613 a0_nochange=0.0000 a0_change=0.5883 a1_nochange=0.1736 a1_change=0.6832 matched_but_wrong=4
  mpx-135 acc: trials=85800000 accuracy=0.8169
  mpx-135 traj: trials=85920000 wall=162911s knowledge=0.3651 reliable=233 spec=8.86 pop=6140
  mpx-135 cover: trials=85920000 overall=0.3651 a0_nochange=0.0000 a0_change=0.5883 a1_nochange=0.1915 a1_change=0.6806 matched_but_wrong=3
  mpx-135 acc: trials=85920000 accuracy=0.8180
  mpx-135 traj: trials=86040000 wall=163062s knowledge=0.3657 reliable=241 spec=8.96 pop=6683
  mpx-135 cover: trials=86040000 overall=0.3657 a0_nochange=0.0000 a0_change=0.5883 a1_nochange=0.1873 a1_change=0.6872 matched_but_wrong=7
  mpx-135 acc: trials=86040000 accuracy=0.8191
  mpx-135 traj: trials=86160000 wall=163308s knowledge=0.3717 reliable=248 spec=8.91 pop=6747
  mpx-135 cover: trials=86160000 overall=0.3717 a0_nochange=0.0000 a0_change=0.5917 a1_nochange=0.2082 a1_change=0.6868 matched_but_wrong=0
  mpx-135 acc: trials=86160000 accuracy=0.8147
  mpx-135 traj: trials=86280000 wall=163499s knowledge=0.3797 reliable=270 spec=9.01 pop=7135
  mpx-135 cover: trials=86280000 overall=0.3797 a0_nochange=0.0000 a0_change=0.5917 a1_nochange=0.2315 a1_change=0.6956 matched_but_wrong=9
  mpx-135 acc: trials=86280000 accuracy=0.8076
  mpx-135 traj: trials=86400000 wall=163658s knowledge=0.3890 reliable=273 spec=8.99 pop=7408
  mpx-135 cover: trials=86400000 overall=0.3890 a0_nochange=0.0000 a0_change=0.5917 a1_nochange=0.2615 a1_change=0.7027 matched_but_wrong=14
  mpx-135 acc: trials=86400000 accuracy=0.8259
  mpx-135 traj: trials=86520000 wall=163839s knowledge=0.4002 reliable=294 spec=9.12 pop=7013
  mpx-135 cover: trials=86520000 overall=0.4002 a0_nochange=0.0000 a0_change=0.5927 a1_nochange=0.2951 a1_change=0.7131 matched_but_wrong=4
  mpx-135 acc: trials=86520000 accuracy=0.8285
  mpx-135 traj: trials=86640000 wall=164002s knowledge=0.4005 reliable=282 spec=8.98 pop=6776
  mpx-135 cover: trials=86640000 overall=0.4005 a0_nochange=0.0000 a0_change=0.5926 a1_nochange=0.2910 a1_change=0.7185 matched_but_wrong=13
  mpx-135 acc: trials=86640000 accuracy=0.8176
  mpx-135 traj: trials=86760000 wall=164154s knowledge=0.4077 reliable=300 spec=9.11 pop=6843
  mpx-135 cover: trials=86760000 overall=0.4077 a0_nochange=0.0000 a0_change=0.5880 a1_nochange=0.3210 a1_change=0.7219 matched_but_wrong=4
  mpx-135 acc: trials=86760000 accuracy=0.8257
  mpx-135 traj: trials=86880000 wall=164369s knowledge=0.4148 reliable=317 spec=9.17 pop=6834
  mpx-135 cover: trials=86880000 overall=0.4148 a0_nochange=0.0000 a0_change=0.5883 a1_nochange=0.3629 a1_change=0.7080 matched_but_wrong=6
  mpx-135 acc: trials=86880000 accuracy=0.8203
  mpx-135 traj: trials=87000000 wall=164518s knowledge=0.4213 reliable=331 spec=9.17 pop=5845
  mpx-135 cover: trials=87000000 overall=0.4213 a0_nochange=0.0000 a0_change=0.5906 a1_nochange=0.3756 a1_change=0.7191 matched_but_wrong=10
  mpx-135 acc: trials=87000000 accuracy=0.8306
  mpx-135 traj: trials=87120000 wall=164652s knowledge=0.4269 reliable=320 spec=9.04 pop=6088
  mpx-135 cover: trials=87120000 overall=0.4269 a0_nochange=0.0000 a0_change=0.5963 a1_nochange=0.3926 a1_change=0.7189 matched_but_wrong=4
  mpx-135 acc: trials=87120000 accuracy=0.8166
  mpx-135 traj: trials=87240000 wall=164815s knowledge=0.4360 reliable=328 spec=9.03 pop=6194
  mpx-135 cover: trials=87240000 overall=0.4360 a0_nochange=0.0000 a0_change=0.5920 a1_nochange=0.4118 a1_change=0.7402 matched_but_wrong=16
  mpx-135 acc: trials=87240000 accuracy=0.8153
  mpx-135 traj: trials=87360000 wall=164953s knowledge=0.4388 reliable=359 spec=9.22 pop=6148
  mpx-135 cover: trials=87360000 overall=0.4388 a0_nochange=0.0000 a0_change=0.5921 a1_nochange=0.4330 a1_change=0.7303 matched_but_wrong=7
  mpx-135 acc: trials=87360000 accuracy=0.8414
  mpx-135 traj: trials=87480000 wall=165118s knowledge=0.4507 reliable=356 spec=9.13 pop=6406
  mpx-135 cover: trials=87480000 overall=0.4507 a0_nochange=0.0000 a0_change=0.5923 a1_nochange=0.4616 a1_change=0.7492 matched_but_wrong=5
  mpx-135 acc: trials=87480000 accuracy=0.8229
  mpx-135 traj: trials=87600000 wall=165268s knowledge=0.4566 reliable=340 spec=9.01 pop=5341
  mpx-135 cover: trials=87600000 overall=0.4566 a0_nochange=0.0000 a0_change=0.5932 a1_nochange=0.4782 a1_change=0.7550 matched_but_wrong=1
  mpx-135 acc: trials=87600000 accuracy=0.8322
  mpx-135 traj: trials=87720000 wall=165395s knowledge=0.4585 reliable=336 spec=8.99 pop=5040
  mpx-135 cover: trials=87720000 overall=0.4585 a0_nochange=0.0000 a0_change=0.5917 a1_nochange=0.4923 a1_change=0.7502 matched_but_wrong=1
  mpx-135 acc: trials=87720000 accuracy=0.8194
  mpx-135 traj: trials=87840000 wall=165614s knowledge=0.4665 reliable=333 spec=8.88 pop=5172
  mpx-135 cover: trials=87840000 overall=0.4665 a0_nochange=0.0000 a0_change=0.5944 a1_nochange=0.5258 a1_change=0.7460 matched_but_wrong=1
  mpx-135 acc: trials=87840000 accuracy=0.8306
  mpx-135 traj: trials=87960000 wall=165747s knowledge=0.4632 reliable=317 spec=8.85 pop=4743
  mpx-135 cover: trials=87960000 overall=0.4632 a0_nochange=0.0000 a0_change=0.5910 a1_nochange=0.5180 a1_change=0.7437 matched_but_wrong=2
  mpx-135 acc: trials=87960000 accuracy=0.8131
  mpx-135 traj: trials=88080000 wall=165873s knowledge=0.4723 reliable=318 spec=8.84 pop=4632
  mpx-135 cover: trials=88080000 overall=0.4723 a0_nochange=0.0000 a0_change=0.5908 a1_nochange=0.5490 a1_change=0.7495 matched_but_wrong=5
  mpx-135 acc: trials=88080000 accuracy=0.8181
  mpx-135 traj: trials=88200000 wall=166007s knowledge=0.4757 reliable=319 spec=8.79 pop=4008
  mpx-135 cover: trials=88200000 overall=0.4757 a0_nochange=0.0000 a0_change=0.5871 a1_nochange=0.5637 a1_change=0.7522 matched_but_wrong=0
  mpx-135 acc: trials=88200000 accuracy=0.8271
  mpx-135 traj: trials=88320000 wall=166196s knowledge=0.4764 reliable=309 spec=8.75 pop=4482
  mpx-135 cover: trials=88320000 overall=0.4764 a0_nochange=0.0000 a0_change=0.5871 a1_nochange=0.5498 a1_change=0.7688 matched_but_wrong=3
  mpx-135 acc: trials=88320000 accuracy=0.8055
  mpx-135 traj: trials=88440000 wall=166342s knowledge=0.4877 reliable=312 spec=8.64 pop=3973
  mpx-135 cover: trials=88440000 overall=0.4877 a0_nochange=0.0000 a0_change=0.5960 a1_nochange=0.5799 a1_change=0.7750 matched_but_wrong=5
  mpx-135 acc: trials=88440000 accuracy=0.8432
  mpx-135 traj: trials=88560000 wall=166483s knowledge=0.4838 reliable=308 spec=8.66 pop=15608
  mpx-135 cover: trials=88560000 overall=0.4838 a0_nochange=0.0000 a0_change=0.5921 a1_nochange=0.5710 a1_change=0.7721 matched_but_wrong=0
  mpx-135 acc: trials=88560000 accuracy=0.8431
  mpx-135 traj: trials=88680000 wall=166686s knowledge=0.4847 reliable=303 spec=8.63 pop=3989
  mpx-135 cover: trials=88680000 overall=0.4847 a0_nochange=0.0000 a0_change=0.5903 a1_nochange=0.5711 a1_change=0.7775 matched_but_wrong=0
  mpx-135 acc: trials=88680000 accuracy=0.8365
  mpx-135 traj: trials=88800000 wall=166814s knowledge=0.4874 reliable=315 spec=8.70 pop=4349
  mpx-135 cover: trials=88800000 overall=0.4874 a0_nochange=0.0000 a0_change=0.5903 a1_nochange=0.5845 a1_change=0.7751 matched_but_wrong=3
  mpx-135 acc: trials=88800000 accuracy=0.8322
  mpx-135 traj: trials=88920000 wall=166931s knowledge=0.4964 reliable=326 spec=8.73 pop=3963
  mpx-135 cover: trials=88920000 overall=0.4964 a0_nochange=0.0000 a0_change=0.5940 a1_nochange=0.6200 a1_change=0.7716 matched_but_wrong=0
  mpx-135 acc: trials=88920000 accuracy=0.8298
  mpx-135 traj: trials=89040000 wall=167070s knowledge=0.4993 reliable=337 spec=8.80 pop=3822
  mpx-135 cover: trials=89040000 overall=0.4993 a0_nochange=0.0000 a0_change=0.5946 a1_nochange=0.6175 a1_change=0.7854 matched_but_wrong=0
  mpx-135 acc: trials=89040000 accuracy=0.8322
  mpx-135 traj: trials=89160000 wall=167241s knowledge=0.5073 reliable=341 spec=8.75 pop=3882
  mpx-135 cover: trials=89160000 overall=0.5073 a0_nochange=0.0000 a0_change=0.6059 a1_nochange=0.6231 a1_change=0.8004 matched_but_wrong=9
  mpx-135 acc: trials=89160000 accuracy=0.8325
  mpx-135 traj: trials=89280000 wall=167470s knowledge=0.5152 reliable=334 spec=8.70 pop=4895
  mpx-135 cover: trials=89280000 overall=0.5152 a0_nochange=0.0000 a0_change=0.6020 a1_nochange=0.6522 a1_change=0.8069 matched_but_wrong=0
  mpx-135 acc: trials=89280000 accuracy=0.8389
  mpx-135 traj: trials=89400000 wall=167580s knowledge=0.5125 reliable=321 spec=8.68 pop=3699
  mpx-135 cover: trials=89400000 overall=0.5125 a0_nochange=0.0000 a0_change=0.5983 a1_nochange=0.6468 a1_change=0.8050 matched_but_wrong=0
  mpx-135 acc: trials=89400000 accuracy=0.8320
  mpx-135 traj: trials=89520000 wall=167745s knowledge=0.5150 reliable=325 spec=8.67 pop=3757
  mpx-135 cover: trials=89520000 overall=0.5150 a0_nochange=0.0000 a0_change=0.5989 a1_nochange=0.6548 a1_change=0.8063 matched_but_wrong=0
  mpx-135 acc: trials=89520000 accuracy=0.8330
  mpx-135 traj: trials=89640000 wall=167858s knowledge=0.5191 reliable=331 spec=8.63 pop=3662
  mpx-135 cover: trials=89640000 overall=0.5191 a0_nochange=0.0000 a0_change=0.5987 a1_nochange=0.6688 a1_change=0.8091 matched_but_wrong=1
  mpx-135 acc: trials=89640000 accuracy=0.8461
  mpx-135 traj: trials=89760000 wall=167976s knowledge=0.5246 reliable=331 spec=8.62 pop=3774
  mpx-135 cover: trials=89760000 overall=0.5246 a0_nochange=0.0000 a0_change=0.6001 a1_nochange=0.6848 a1_change=0.8137 matched_but_wrong=0
  mpx-135 acc: trials=89760000 accuracy=0.8358
  mpx-135 traj: trials=89880000 wall=168096s knowledge=0.5313 reliable=342 spec=8.62 pop=3741
  mpx-135 cover: trials=89880000 overall=0.5313 a0_nochange=0.0000 a0_change=0.6032 a1_nochange=0.7041 a1_change=0.8182 matched_but_wrong=0
  mpx-135 acc: trials=89880000 accuracy=0.8283
  mpx-135 traj: trials=90000000 wall=168235s knowledge=0.5356 reliable=348 spec=8.63 pop=3502
  mpx-135 cover: trials=90000000 overall=0.5356 a0_nochange=0.0000 a0_change=0.6032 a1_nochange=0.7127 a1_change=0.8268 matched_but_wrong=2
  mpx-135 acc: trials=90000000 accuracy=0.8405
  mpx-135 traj: trials=90120000 wall=168367s knowledge=0.5388 reliable=339 spec=8.58 pop=3036
  mpx-135 cover: trials=90120000 overall=0.5388 a0_nochange=0.0000 a0_change=0.6025 a1_nochange=0.7243 a1_change=0.8286 matched_but_wrong=0
  mpx-135 acc: trials=90120000 accuracy=0.8273
  mpx-135 traj: trials=90240000 wall=168480s knowledge=0.5446 reliable=339 spec=8.54 pop=3044
  mpx-135 cover: trials=90240000 overall=0.5446 a0_nochange=0.0000 a0_change=0.6026 a1_nochange=0.7497 a1_change=0.8263 matched_but_wrong=0
  mpx-135 acc: trials=90240000 accuracy=0.8454
  mpx-135 traj: trials=90360000 wall=168618s knowledge=0.5498 reliable=335 spec=8.49 pop=3106
  mpx-135 cover: trials=90360000 overall=0.5498 a0_nochange=0.0000 a0_change=0.6082 a1_nochange=0.7633 a1_change=0.8279 matched_but_wrong=0
  mpx-135 acc: trials=90360000 accuracy=0.8388
  mpx-135 traj: trials=90480000 wall=168760s knowledge=0.5509 reliable=338 spec=8.50 pop=3143
  mpx-135 cover: trials=90480000 overall=0.5509 a0_nochange=0.0000 a0_change=0.6103 a1_nochange=0.7598 a1_change=0.8337 matched_but_wrong=0
  mpx-135 acc: trials=90480000 accuracy=0.8412
  mpx-135 traj: trials=90600000 wall=168877s knowledge=0.5555 reliable=335 spec=8.46 pop=3279
  mpx-135 cover: trials=90600000 overall=0.5555 a0_nochange=0.0000 a0_change=0.6098 a1_nochange=0.7736 a1_change=0.8387 matched_but_wrong=0
  mpx-135 acc: trials=90600000 accuracy=0.8529
  mpx-135 traj: trials=90720000 wall=169020s knowledge=0.5581 reliable=337 spec=8.46 pop=3284
  mpx-135 cover: trials=90720000 overall=0.5581 a0_nochange=0.0000 a0_change=0.6050 a1_nochange=0.7873 a1_change=0.8403 matched_but_wrong=3
  mpx-135 acc: trials=90720000 accuracy=0.8409
  mpx-135 traj: trials=90840000 wall=169150s knowledge=0.5612 reliable=350 spec=8.51 pop=3084
  mpx-135 cover: trials=90840000 overall=0.5612 a0_nochange=0.0000 a0_change=0.6067 a1_nochange=0.8010 a1_change=0.8372 matched_but_wrong=0
  mpx-135 acc: trials=90840000 accuracy=0.8424
  mpx-135 traj: trials=90960000 wall=169416s knowledge=0.5604 reliable=343 spec=8.51 pop=3134
  mpx-135 cover: trials=90960000 overall=0.5604 a0_nochange=0.0000 a0_change=0.6045 a1_nochange=0.7995 a1_change=0.8377 matched_but_wrong=0
  mpx-135 acc: trials=90960000 accuracy=0.8432
  mpx-135 traj: trials=91080000 wall=169609s knowledge=0.5654 reliable=360 spec=8.53 pop=3033
  mpx-135 cover: trials=91080000 overall=0.5654 a0_nochange=0.0000 a0_change=0.6043 a1_nochange=0.8104 a1_change=0.8470 matched_but_wrong=0
  mpx-135 acc: trials=91080000 accuracy=0.8675
  mpx-135 traj: trials=91200000 wall=169725s knowledge=0.5678 reliable=350 spec=8.51 pop=2893
  mpx-135 cover: trials=91200000 overall=0.5678 a0_nochange=0.0000 a0_change=0.5994 a1_nochange=0.8219 a1_change=0.8503 matched_but_wrong=0
  mpx-135 acc: trials=91200000 accuracy=0.8327
  mpx-135 traj: trials=91320000 wall=169907s knowledge=0.5656 reliable=339 spec=8.49 pop=3861
  mpx-135 cover: trials=91320000 overall=0.5656 a0_nochange=0.0000 a0_change=0.5962 a1_nochange=0.8119 a1_change=0.8545 matched_but_wrong=0
  mpx-135 acc: trials=91320000 accuracy=0.8396
  mpx-135 traj: trials=91440000 wall=170198s knowledge=0.5660 reliable=332 spec=8.40 pop=4556
  mpx-135 cover: trials=91440000 overall=0.5660 a0_nochange=0.0000 a0_change=0.5998 a1_nochange=0.8142 a1_change=0.8503 matched_but_wrong=0
  mpx-135 acc: trials=91440000 accuracy=0.8305
  mpx-135 traj: trials=91560000 wall=170309s knowledge=0.5680 reliable=342 spec=8.45 pop=2937
  mpx-135 cover: trials=91560000 overall=0.5680 a0_nochange=0.0000 a0_change=0.5969 a1_nochange=0.8254 a1_change=0.8497 matched_but_wrong=0
  mpx-135 acc: trials=91560000 accuracy=0.8538
  mpx-135 traj: trials=91680000 wall=170428s knowledge=0.5724 reliable=337 spec=8.39 pop=3074
  mpx-135 cover: trials=91680000 overall=0.5724 a0_nochange=0.0000 a0_change=0.5976 a1_nochange=0.8301 a1_change=0.8621 matched_but_wrong=0
  mpx-135 acc: trials=91680000 accuracy=0.8398
  mpx-135 traj: trials=91800000 wall=170553s knowledge=0.5778 reliable=352 spec=8.47 pop=3215
  mpx-135 cover: trials=91800000 overall=0.5778 a0_nochange=0.0000 a0_change=0.5981 a1_nochange=0.8507 a1_change=0.8624 matched_but_wrong=0
  mpx-135 acc: trials=91800000 accuracy=0.8361
  mpx-135 traj: trials=91920000 wall=170663s knowledge=0.5744 reliable=347 spec=8.48 pop=2994
  mpx-135 cover: trials=91920000 overall=0.5744 a0_nochange=0.0000 a0_change=0.6005 a1_nochange=0.8406 a1_change=0.8569 matched_but_wrong=0
  mpx-135 acc: trials=91920000 accuracy=0.8488
  mpx-135 traj: trials=92040000 wall=170789s knowledge=0.5728 reliable=347 spec=8.42 pop=2796
  mpx-135 cover: trials=92040000 overall=0.5728 a0_nochange=0.0000 a0_change=0.5976 a1_nochange=0.8355 a1_change=0.8585 matched_but_wrong=0
  mpx-135 acc: trials=92040000 accuracy=0.8443
  mpx-135 traj: trials=92160000 wall=170904s knowledge=0.5745 reliable=345 spec=8.43 pop=2987
  mpx-135 cover: trials=92160000 overall=0.5745 a0_nochange=0.0000 a0_change=0.5961 a1_nochange=0.8452 a1_change=0.8569 matched_but_wrong=11
  mpx-135 acc: trials=92160000 accuracy=0.8549
  mpx-135 traj: trials=92280000 wall=171026s knowledge=0.5777 reliable=348 spec=8.47 pop=3579
  mpx-135 cover: trials=92280000 overall=0.5777 a0_nochange=0.0000 a0_change=0.5962 a1_nochange=0.8545 a1_change=0.8604 matched_but_wrong=7
  mpx-135 acc: trials=92280000 accuracy=0.8482
  mpx-135 traj: trials=92400000 wall=171155s knowledge=0.5798 reliable=343 spec=8.43 pop=3975
  mpx-135 cover: trials=92400000 overall=0.5798 a0_nochange=0.0000 a0_change=0.5976 a1_nochange=0.8661 a1_change=0.8557 matched_but_wrong=2
  mpx-135 acc: trials=92400000 accuracy=0.8498
  mpx-135 traj: trials=92520000 wall=171300s knowledge=0.5831 reliable=352 spec=8.45 pop=3283
  mpx-135 cover: trials=92520000 overall=0.5831 a0_nochange=0.0000 a0_change=0.5981 a1_nochange=0.8737 a1_change=0.8611 matched_but_wrong=5
  mpx-135 acc: trials=92520000 accuracy=0.8543
  mpx-135 traj: trials=92640000 wall=171393s knowledge=0.5797 reliable=343 spec=8.45 pop=2938
  mpx-135 cover: trials=92640000 overall=0.5797 a0_nochange=0.0000 a0_change=0.5989 a1_nochange=0.8700 a1_change=0.8503 matched_but_wrong=3
  mpx-135 acc: trials=92640000 accuracy=0.8480
  mpx-135 traj: trials=92760000 wall=171487s knowledge=0.5795 reliable=348 spec=8.52 pop=2987
  mpx-135 cover: trials=92760000 overall=0.5795 a0_nochange=0.0000 a0_change=0.5999 a1_nochange=0.8631 a1_change=0.8552 matched_but_wrong=7
  mpx-135 acc: trials=92760000 accuracy=0.8581
  mpx-135 traj: trials=92880000 wall=171649s knowledge=0.5854 reliable=351 spec=8.47 pop=4479
  mpx-135 cover: trials=92880000 overall=0.5854 a0_nochange=0.0000 a0_change=0.5993 a1_nochange=0.8737 a1_change=0.8688 matched_but_wrong=0
  mpx-135 acc: trials=92880000 accuracy=0.8523
  mpx-135 traj: trials=93000000 wall=171767s knowledge=0.5821 reliable=338 spec=8.41 pop=2981
  mpx-135 cover: trials=93000000 overall=0.5821 a0_nochange=0.0000 a0_change=0.5994 a1_nochange=0.8636 a1_change=0.8655 matched_but_wrong=11
  mpx-135 acc: trials=93000000 accuracy=0.8496
  mpx-135 traj: trials=93120000 wall=171890s knowledge=0.5821 reliable=342 spec=8.39 pop=3270
  mpx-135 cover: trials=93120000 overall=0.5821 a0_nochange=0.0000 a0_change=0.6031 a1_nochange=0.8665 a1_change=0.8589 matched_but_wrong=0
  mpx-135 acc: trials=93120000 accuracy=0.8337
  mpx-135 traj: trials=93240000 wall=171994s knowledge=0.5842 reliable=348 spec=8.43 pop=2961
  mpx-135 cover: trials=93240000 overall=0.5842 a0_nochange=0.0000 a0_change=0.6065 a1_nochange=0.8727 a1_change=0.8581 matched_but_wrong=1
  mpx-135 acc: trials=93240000 accuracy=0.8420
  mpx-135 traj: trials=93360000 wall=172103s knowledge=0.5873 reliable=350 spec=8.45 pop=2909
  mpx-135 cover: trials=93360000 overall=0.5873 a0_nochange=0.0000 a0_change=0.5994 a1_nochange=0.8778 a1_change=0.8721 matched_but_wrong=0
  mpx-135 acc: trials=93360000 accuracy=0.8542
  mpx-135 traj: trials=93480000 wall=172206s knowledge=0.5860 reliable=352 spec=8.47 pop=3113
  mpx-135 cover: trials=93480000 overall=0.5860 a0_nochange=0.0000 a0_change=0.6093 a1_nochange=0.8755 a1_change=0.8595 matched_but_wrong=0
  mpx-135 acc: trials=93480000 accuracy=0.8465
  mpx-135 traj: trials=93600000 wall=172355s knowledge=0.5903 reliable=360 spec=8.49 pop=2998
  mpx-135 cover: trials=93600000 overall=0.5903 a0_nochange=0.0000 a0_change=0.6096 a1_nochange=0.8909 a1_change=0.8609 matched_but_wrong=0
  mpx-135 acc: trials=93600000 accuracy=0.8417
  mpx-135 traj: trials=93720000 wall=172621s knowledge=0.5904 reliable=355 spec=8.44 pop=3249
  mpx-135 cover: trials=93720000 overall=0.5904 a0_nochange=0.0000 a0_change=0.6136 a1_nochange=0.8889 a1_change=0.8593 matched_but_wrong=5
  mpx-135 acc: trials=93720000 accuracy=0.8393
  mpx-135 traj: trials=93840000 wall=172748s knowledge=0.5883 reliable=350 spec=8.42 pop=2946
  mpx-135 cover: trials=93840000 overall=0.5883 a0_nochange=0.0000 a0_change=0.6057 a1_nochange=0.8933 a1_change=0.8544 matched_but_wrong=5
  mpx-135 acc: trials=93840000 accuracy=0.8514
  mpx-135 traj: trials=93960000 wall=172865s knowledge=0.5910 reliable=354 spec=8.44 pop=2906
  mpx-135 cover: trials=93960000 overall=0.5910 a0_nochange=0.0000 a0_change=0.6094 a1_nochange=0.8894 a1_change=0.8655 matched_but_wrong=0
  mpx-135 acc: trials=93960000 accuracy=0.8413
  mpx-135 traj: trials=94080000 wall=172989s knowledge=0.5948 reliable=364 spec=8.48 pop=3224
  mpx-135 cover: trials=94080000 overall=0.5948 a0_nochange=0.0000 a0_change=0.6063 a1_nochange=0.8953 a1_change=0.8780 matched_but_wrong=0
  mpx-135 acc: trials=94080000 accuracy=0.8327
  mpx-135 traj: trials=94200000 wall=173109s knowledge=0.5978 reliable=371 spec=8.49 pop=2975
  mpx-135 cover: trials=94200000 overall=0.5978 a0_nochange=0.0000 a0_change=0.6121 a1_nochange=0.9025 a1_change=0.8768 matched_but_wrong=0
  mpx-135 acc: trials=94200000 accuracy=0.8565
  mpx-135 traj: trials=94320000 wall=173244s knowledge=0.6014 reliable=373 spec=8.49 pop=2790
  mpx-135 cover: trials=94320000 overall=0.6014 a0_nochange=0.0000 a0_change=0.6134 a1_nochange=0.9123 a1_change=0.8802 matched_but_wrong=0
  mpx-135 acc: trials=94320000 accuracy=0.8524
  mpx-135 traj: trials=94440000 wall=173360s knowledge=0.6028 reliable=369 spec=8.48 pop=3073
  mpx-135 cover: trials=94440000 overall=0.6028 a0_nochange=0.0000 a0_change=0.6135 a1_nochange=0.9101 a1_change=0.8877 matched_but_wrong=1
  mpx-135 acc: trials=94440000 accuracy=0.8577
  mpx-135 traj: trials=94560000 wall=173479s knowledge=0.6074 reliable=372 spec=8.51 pop=3134
  mpx-135 cover: trials=94560000 overall=0.6074 a0_nochange=0.0000 a0_change=0.6142 a1_nochange=0.9070 a1_change=0.9087 matched_but_wrong=0
  mpx-135 acc: trials=94560000 accuracy=0.8434
  mpx-135 traj: trials=94680000 wall=173598s knowledge=0.6089 reliable=372 spec=8.48 pop=2804
  mpx-135 cover: trials=94680000 overall=0.6089 a0_nochange=0.0000 a0_change=0.6130 a1_nochange=0.9108 a1_change=0.9119 matched_but_wrong=8
  mpx-135 acc: trials=94680000 accuracy=0.8751
  mpx-135 traj: trials=94800000 wall=173724s knowledge=0.6078 reliable=355 spec=8.41 pop=3261
  mpx-135 cover: trials=94800000 overall=0.6078 a0_nochange=0.0000 a0_change=0.6119 a1_nochange=0.9033 a1_change=0.9163 matched_but_wrong=0
  mpx-135 acc: trials=94800000 accuracy=0.8402
  mpx-135 traj: trials=94920000 wall=173865s knowledge=0.6128 reliable=358 spec=8.38 pop=2859
  mpx-135 cover: trials=94920000 overall=0.6128 a0_nochange=0.0000 a0_change=0.6103 a1_nochange=0.9164 a1_change=0.9246 matched_but_wrong=0
  mpx-135 acc: trials=94920000 accuracy=0.8598
  mpx-135 traj: trials=95040000 wall=174001s knowledge=0.6145 reliable=358 spec=8.34 pop=2695
  mpx-135 cover: trials=95040000 overall=0.6145 a0_nochange=0.0000 a0_change=0.6123 a1_nochange=0.9190 a1_change=0.9271 matched_but_wrong=0
  mpx-135 acc: trials=95040000 accuracy=0.8603
  mpx-135 traj: trials=95160000 wall=174129s knowledge=0.6185 reliable=365 spec=8.35 pop=2738
  mpx-135 cover: trials=95160000 overall=0.6185 a0_nochange=0.0000 a0_change=0.6123 a1_nochange=0.9295 a1_change=0.9324 matched_but_wrong=0
  mpx-135 acc: trials=95160000 accuracy=0.8736
  mpx-135 traj: trials=95280000 wall=174350s knowledge=0.6162 reliable=357 spec=8.30 pop=2698
  mpx-135 cover: trials=95280000 overall=0.6162 a0_nochange=0.0000 a0_change=0.6102 a1_nochange=0.9190 a1_change=0.9357 matched_but_wrong=1
  mpx-135 acc: trials=95280000 accuracy=0.8497
  mpx-135 traj: trials=95400000 wall=174595s knowledge=0.6168 reliable=350 spec=8.28 pop=2712
  mpx-135 cover: trials=95400000 overall=0.6168 a0_nochange=0.0000 a0_change=0.6129 a1_nochange=0.9154 a1_change=0.9390 matched_but_wrong=1
  mpx-135 acc: trials=95400000 accuracy=0.8533
  mpx-135 traj: trials=95520000 wall=174706s knowledge=0.6191 reliable=361 spec=8.32 pop=2940
  mpx-135 cover: trials=95520000 overall=0.6191 a0_nochange=0.0000 a0_change=0.6142 a1_nochange=0.9248 a1_change=0.9377 matched_but_wrong=0
  mpx-135 acc: trials=95520000 accuracy=0.8956
  mpx-135 traj: trials=95640000 wall=174856s knowledge=0.6205 reliable=349 spec=8.29 pop=2697
  mpx-135 cover: trials=95640000 overall=0.6205 a0_nochange=0.0000 a0_change=0.6145 a1_nochange=0.9315 a1_change=0.9365 matched_but_wrong=0
  mpx-135 acc: trials=95640000 accuracy=0.8632
  mpx-135 traj: trials=95760000 wall=175077s knowledge=0.6215 reliable=349 spec=8.26 pop=2855
  mpx-135 cover: trials=95760000 overall=0.6215 a0_nochange=0.0000 a0_change=0.6155 a1_nochange=0.9322 a1_change=0.9385 matched_but_wrong=0
  mpx-135 acc: trials=95760000 accuracy=0.8738
  mpx-135 traj: trials=95880000 wall=175231s knowledge=0.6217 reliable=350 spec=8.27 pop=2533
  mpx-135 cover: trials=95880000 overall=0.6217 a0_nochange=0.0000 a0_change=0.6142 a1_nochange=0.9398 a1_change=0.9331 matched_but_wrong=0
  mpx-135 acc: trials=95880000 accuracy=0.8417
  mpx-135 traj: trials=96000000 wall=175389s knowledge=0.6237 reliable=355 spec=8.29 pop=3411
  mpx-135 cover: trials=96000000 overall=0.6237 a0_nochange=0.0000 a0_change=0.6142 a1_nochange=0.9354 a1_change=0.9456 matched_but_wrong=0
  mpx-135 acc: trials=96000000 accuracy=0.8692
  mpx-135 traj: trials=96120000 wall=175555s knowledge=0.6224 reliable=358 spec=8.31 pop=2658
  mpx-135 cover: trials=96120000 overall=0.6224 a0_nochange=0.0000 a0_change=0.6136 a1_nochange=0.9323 a1_change=0.9439 matched_but_wrong=0
  mpx-135 acc: trials=96120000 accuracy=0.8417
  mpx-135 traj: trials=96240000 wall=176684s knowledge=0.6223 reliable=354 spec=8.32 pop=3407
  mpx-135 cover: trials=96240000 overall=0.6223 a0_nochange=0.0000 a0_change=0.6210 a1_nochange=0.9284 a1_change=0.9399 matched_but_wrong=0
  mpx-135 acc: trials=96240000 accuracy=0.8598
  mpx-135 traj: trials=96360000 wall=176790s knowledge=0.6251 reliable=364 spec=8.30 pop=2892
  mpx-135 cover: trials=96360000 overall=0.6251 a0_nochange=0.0000 a0_change=0.6239 a1_nochange=0.9349 a1_change=0.9419 matched_but_wrong=0
  mpx-135 acc: trials=96360000 accuracy=0.8510
  mpx-135 traj: trials=96480000 wall=176925s knowledge=0.6283 reliable=354 spec=8.27 pop=2871
  mpx-135 cover: trials=96480000 overall=0.6283 a0_nochange=0.0000 a0_change=0.6282 a1_nochange=0.9403 a1_change=0.9448 matched_but_wrong=0
  mpx-135 acc: trials=96480000 accuracy=0.8472
  mpx-135 traj: trials=96600000 wall=177058s knowledge=0.6258 reliable=343 spec=8.20 pop=2760
  mpx-135 cover: trials=96600000 overall=0.6258 a0_nochange=0.0000 a0_change=0.6253 a1_nochange=0.9362 a1_change=0.9417 matched_but_wrong=0
  mpx-135 acc: trials=96600000 accuracy=0.8604
  mpx-135 traj: trials=96720000 wall=177169s knowledge=0.6285 reliable=346 spec=8.20 pop=2775
  mpx-135 cover: trials=96720000 overall=0.6285 a0_nochange=0.0000 a0_change=0.6215 a1_nochange=0.9492 a1_change=0.9435 matched_but_wrong=0
  mpx-135 acc: trials=96720000 accuracy=0.8657
  mpx-135 traj: trials=96840000 wall=177326s knowledge=0.6312 reliable=358 spec=8.22 pop=2627
  mpx-135 cover: trials=96840000 overall=0.6312 a0_nochange=0.0000 a0_change=0.6215 a1_nochange=0.9543 a1_change=0.9493 matched_but_wrong=0
  mpx-135 acc: trials=96840000 accuracy=0.8660
  mpx-135 traj: trials=96960000 wall=177456s knowledge=0.6281 reliable=353 spec=8.20 pop=3031
  mpx-135 cover: trials=96960000 overall=0.6281 a0_nochange=0.0000 a0_change=0.6211 a1_nochange=0.9467 a1_change=0.9450 matched_but_wrong=0
  mpx-135 acc: trials=96960000 accuracy=0.8558
  mpx-135 traj: trials=97080000 wall=177583s knowledge=0.6302 reliable=352 spec=8.20 pop=3060
  mpx-135 cover: trials=97080000 overall=0.6302 a0_nochange=0.0000 a0_change=0.6262 a1_nochange=0.9481 a1_change=0.9467 matched_but_wrong=0
  mpx-135 acc: trials=97080000 accuracy=0.8761
  mpx-135 traj: trials=97200000 wall=177691s knowledge=0.6322 reliable=353 spec=8.18 pop=2612
  mpx-135 cover: trials=97200000 overall=0.6322 a0_nochange=0.0000 a0_change=0.6278 a1_nochange=0.9555 a1_change=0.9459 matched_but_wrong=0
  mpx-135 acc: trials=97200000 accuracy=0.8666
  mpx-135 traj: trials=97320000 wall=177839s knowledge=0.6291 reliable=340 spec=8.17 pop=3022
  mpx-135 cover: trials=97320000 overall=0.6291 a0_nochange=0.0000 a0_change=0.6237 a1_nochange=0.9545 a1_change=0.9384 matched_but_wrong=0
  mpx-135 acc: trials=97320000 accuracy=0.8566
  mpx-135 traj: trials=97440000 wall=177949s knowledge=0.6280 reliable=337 spec=8.17 pop=2584
  mpx-135 cover: trials=97440000 overall=0.6280 a0_nochange=0.0000 a0_change=0.6217 a1_nochange=0.9459 a1_change=0.9447 matched_but_wrong=0
  mpx-135 acc: trials=97440000 accuracy=0.8493
  mpx-135 traj: trials=97560000 wall=178305s knowledge=0.6254 reliable=336 spec=8.18 pop=4273
  mpx-135 cover: trials=97560000 overall=0.6254 a0_nochange=0.0000 a0_change=0.6185 a1_nochange=0.9471 a1_change=0.9363 matched_but_wrong=0
  mpx-135 acc: trials=97560000 accuracy=0.8608
  mpx-135 traj: trials=97680000 wall=178591s knowledge=0.6261 reliable=340 spec=8.18 pop=4301
  mpx-135 cover: trials=97680000 overall=0.6261 a0_nochange=0.0000 a0_change=0.6185 a1_nochange=0.9429 a1_change=0.9432 matched_but_wrong=0
  mpx-135 acc: trials=97680000 accuracy=0.8573
  mpx-135 traj: trials=97800000 wall=178721s knowledge=0.6291 reliable=343 spec=8.19 pop=3265
  mpx-135 cover: trials=97800000 overall=0.6291 a0_nochange=0.0000 a0_change=0.6205 a1_nochange=0.9508 a1_change=0.9453 matched_but_wrong=0
  mpx-135 acc: trials=97800000 accuracy=0.8502
  mpx-135 traj: trials=97920000 wall=178851s knowledge=0.6325 reliable=351 spec=8.20 pop=2806
  mpx-135 cover: trials=97920000 overall=0.6325 a0_nochange=0.0000 a0_change=0.6259 a1_nochange=0.9618 a1_change=0.9424 matched_but_wrong=0
  mpx-135 acc: trials=97920000 accuracy=0.8657
  mpx-135 traj: trials=98040000 wall=178961s knowledge=0.6339 reliable=352 spec=8.20 pop=2642
  mpx-135 cover: trials=98040000 overall=0.6339 a0_nochange=0.0000 a0_change=0.6237 a1_nochange=0.9674 a1_change=0.9448 matched_but_wrong=0
  mpx-135 acc: trials=98040000 accuracy=0.8639
  mpx-135 traj: trials=98160000 wall=179077s knowledge=0.6312 reliable=343 spec=8.19 pop=3107
  mpx-135 cover: trials=98160000 overall=0.6312 a0_nochange=0.0000 a0_change=0.6272 a1_nochange=0.9587 a1_change=0.9390 matched_but_wrong=0
  mpx-135 acc: trials=98160000 accuracy=0.8518
  mpx-135 traj: trials=98280000 wall=179178s knowledge=0.6347 reliable=355 spec=8.22 pop=2582
  mpx-135 cover: trials=98280000 overall=0.6347 a0_nochange=0.0000 a0_change=0.6280 a1_nochange=0.9689 a1_change=0.9423 matched_but_wrong=0
  mpx-135 acc: trials=98280000 accuracy=0.8520
  mpx-135 traj: trials=98400000 wall=179273s knowledge=0.6361 reliable=366 spec=8.28 pop=2896
  mpx-135 cover: trials=98400000 overall=0.6361 a0_nochange=0.0000 a0_change=0.6277 a1_nochange=0.9719 a1_change=0.9452 matched_but_wrong=0
  mpx-135 acc: trials=98400000 accuracy=0.8701
  mpx-135 traj: trials=98520000 wall=179394s knowledge=0.6350 reliable=359 spec=8.26 pop=2732
  mpx-135 cover: trials=98520000 overall=0.6350 a0_nochange=0.0000 a0_change=0.6275 a1_nochange=0.9666 a1_change=0.9462 matched_but_wrong=0
  mpx-135 acc: trials=98520000 accuracy=0.8509
  mpx-135 traj: trials=98640000 wall=179497s knowledge=0.6354 reliable=361 spec=8.27 pop=3272
  mpx-135 cover: trials=98640000 overall=0.6354 a0_nochange=0.0000 a0_change=0.6274 a1_nochange=0.9653 a1_change=0.9492 matched_but_wrong=1
  mpx-135 acc: trials=98640000 accuracy=0.8579
  mpx-135 traj: trials=98760000 wall=179593s knowledge=0.6328 reliable=355 spec=8.25 pop=2670
  mpx-135 cover: trials=98760000 overall=0.6328 a0_nochange=0.0000 a0_change=0.6279 a1_nochange=0.9640 a1_change=0.9396 matched_but_wrong=0
  mpx-135 acc: trials=98760000 accuracy=0.8584
  mpx-135 traj: trials=98880000 wall=179765s knowledge=0.6349 reliable=357 spec=8.27 pop=2789
  mpx-135 cover: trials=98880000 overall=0.6349 a0_nochange=0.0000 a0_change=0.6287 a1_nochange=0.9676 a1_change=0.9435 matched_but_wrong=0
  mpx-135 acc: trials=98880000 accuracy=0.8586
  mpx-135 traj: trials=99000000 wall=179858s knowledge=0.6352 reliable=362 spec=8.28 pop=2913
  mpx-135 cover: trials=99000000 overall=0.6352 a0_nochange=0.0000 a0_change=0.6301 a1_nochange=0.9694 a1_change=0.9417 matched_but_wrong=2
  mpx-135 acc: trials=99000000 accuracy=0.8511
  mpx-135 traj: trials=99120000 wall=179962s knowledge=0.6349 reliable=357 spec=8.24 pop=2641
  mpx-135 cover: trials=99120000 overall=0.6349 a0_nochange=0.0000 a0_change=0.6281 a1_nochange=0.9723 a1_change=0.9396 matched_but_wrong=0
  mpx-135 acc: trials=99120000 accuracy=0.8619
  mpx-135 traj: trials=99240000 wall=180101s knowledge=0.6361 reliable=356 spec=8.24 pop=2553
  mpx-135 cover: trials=99240000 overall=0.6361 a0_nochange=0.0000 a0_change=0.6281 a1_nochange=0.9691 a1_change=0.9473 matched_but_wrong=0
  mpx-135 acc: trials=99240000 accuracy=0.8740
  mpx-135 traj: trials=99360000 wall=180284s knowledge=0.6358 reliable=352 spec=8.24 pop=2777
  mpx-135 cover: trials=99360000 overall=0.6358 a0_nochange=0.0000 a0_change=0.6288 a1_nochange=0.9695 a1_change=0.9451 matched_but_wrong=0
  mpx-135 acc: trials=99360000 accuracy=0.8752
  mpx-135 traj: trials=99480000 wall=180373s knowledge=0.6348 reliable=354 spec=8.24 pop=2671
  mpx-135 cover: trials=99480000 overall=0.6348 a0_nochange=0.0000 a0_change=0.6266 a1_nochange=0.9675 a1_change=0.9453 matched_but_wrong=0
  mpx-135 acc: trials=99480000 accuracy=0.8683
  mpx-135 traj: trials=99600000 wall=180491s knowledge=0.6352 reliable=357 spec=8.25 pop=2758
  mpx-135 cover: trials=99600000 overall=0.6352 a0_nochange=0.0000 a0_change=0.6265 a1_nochange=0.9650 a1_change=0.9493 matched_but_wrong=0
  mpx-135 acc: trials=99600000 accuracy=0.8825
  mpx-135 traj: trials=99720000 wall=180590s knowledge=0.6355 reliable=360 spec=8.28 pop=2525
  mpx-135 cover: trials=99720000 overall=0.6355 a0_nochange=0.0000 a0_change=0.6259 a1_nochange=0.9687 a1_change=0.9478 matched_but_wrong=4
  mpx-135 acc: trials=99720000 accuracy=0.8583
  mpx-135 traj: trials=99840000 wall=180752s knowledge=0.6352 reliable=355 spec=8.26 pop=2686
  mpx-135 cover: trials=99840000 overall=0.6352 a0_nochange=0.0000 a0_change=0.6264 a1_nochange=0.9672 a1_change=0.9473 matched_but_wrong=6
  mpx-135 acc: trials=99840000 accuracy=0.8462
  mpx-135 traj: trials=99960000 wall=180846s knowledge=0.6360 reliable=351 spec=8.19 pop=2641
  mpx-135 cover: trials=99960000 overall=0.6360 a0_nochange=0.0000 a0_change=0.6249 a1_nochange=0.9672 a1_change=0.9523 matched_but_wrong=0
  mpx-135 acc: trials=99960000 accuracy=0.8675
  mpx-135 traj: trials=100080000 wall=180943s knowledge=0.6395 reliable=361 spec=8.26 pop=3192
  mpx-135 cover: trials=100080000 overall=0.6395 a0_nochange=0.0000 a0_change=0.6328 a1_nochange=0.9738 a1_change=0.9517 matched_but_wrong=0
  mpx-135 acc: trials=100080000 accuracy=0.8752
  mpx-135 traj: trials=100200000 wall=181054s knowledge=0.6405 reliable=357 spec=8.27 pop=2612
  mpx-135 cover: trials=100200000 overall=0.6405 a0_nochange=0.0000 a0_change=0.6303 a1_nochange=0.9768 a1_change=0.9553 matched_but_wrong=0
  mpx-135 acc: trials=100200000 accuracy=0.8535
  mpx-135 traj: trials=100320000 wall=181207s knowledge=0.6451 reliable=358 spec=8.22 pop=2687
  mpx-135 cover: trials=100320000 overall=0.6451 a0_nochange=0.0000 a0_change=0.6373 a1_nochange=0.9807 a1_change=0.9626 matched_but_wrong=0
  mpx-135 acc: trials=100320000 accuracy=0.8719
  mpx-135 traj: trials=100440000 wall=181391s knowledge=0.6451 reliable=362 spec=8.23 pop=2778
  mpx-135 cover: trials=100440000 overall=0.6451 a0_nochange=0.0000 a0_change=0.6353 a1_nochange=0.9758 a1_change=0.9697 matched_but_wrong=0
  mpx-135 acc: trials=100440000 accuracy=0.8749
  mpx-135 traj: trials=100560000 wall=181600s knowledge=0.6460 reliable=359 spec=8.21 pop=2630
  mpx-135 cover: trials=100560000 overall=0.6460 a0_nochange=0.0000 a0_change=0.6331 a1_nochange=0.9804 a1_change=0.9707 matched_but_wrong=0
  mpx-135 acc: trials=100560000 accuracy=0.8482
  mpx-135 traj: trials=100680000 wall=181718s knowledge=0.6441 reliable=354 spec=8.21 pop=2812
  mpx-135 cover: trials=100680000 overall=0.6441 a0_nochange=0.0000 a0_change=0.6344 a1_nochange=0.9755 a1_change=0.9668 matched_but_wrong=0
  mpx-135 acc: trials=100680000 accuracy=0.8682
  mpx-135 traj: trials=100800000 wall=181917s knowledge=0.6437 reliable=348 spec=8.18 pop=2599
  mpx-135 cover: trials=100800000 overall=0.6437 a0_nochange=0.0000 a0_change=0.6320 a1_nochange=0.9748 a1_change=0.9683 matched_but_wrong=0
  mpx-135 acc: trials=100800000 accuracy=0.8835
  mpx-135 traj: trials=100920000 wall=182097s knowledge=0.6444 reliable=352 spec=8.19 pop=2461
  mpx-135 cover: trials=100920000 overall=0.6444 a0_nochange=0.0000 a0_change=0.6326 a1_nochange=0.9804 a1_change=0.9648 matched_but_wrong=4
  mpx-135 acc: trials=100920000 accuracy=0.8657
  mpx-135 traj: trials=101040000 wall=182239s knowledge=0.6446 reliable=349 spec=8.19 pop=2705
  mpx-135 cover: trials=101040000 overall=0.6446 a0_nochange=0.0000 a0_change=0.6320 a1_nochange=0.9812 a1_change=0.9656 matched_but_wrong=0
  mpx-135 acc: trials=101040000 accuracy=0.8772
  mpx-135 traj: trials=101160000 wall=182342s knowledge=0.6444 reliable=349 spec=8.19 pop=2770
  mpx-135 cover: trials=101160000 overall=0.6444 a0_nochange=0.0000 a0_change=0.6317 a1_nochange=0.9785 a1_change=0.9678 matched_but_wrong=0
  mpx-135 acc: trials=101160000 accuracy=0.8631
  mpx-135 traj: trials=101280000 wall=182491s knowledge=0.6433 reliable=346 spec=8.18 pop=2710
  mpx-135 cover: trials=101280000 overall=0.6433 a0_nochange=0.0000 a0_change=0.6283 a1_nochange=0.9769 a1_change=0.9681 matched_but_wrong=0
  mpx-135 acc: trials=101280000 accuracy=0.8750
  mpx-135 traj: trials=101400000 wall=182605s knowledge=0.6464 reliable=352 spec=8.17 pop=2755
  mpx-135 cover: trials=101400000 overall=0.6464 a0_nochange=0.0000 a0_change=0.6325 a1_nochange=0.9790 a1_change=0.9744 matched_but_wrong=0
  mpx-135 acc: trials=101400000 accuracy=0.8719
  mpx-135 traj: trials=101520000 wall=182762s knowledge=0.6484 reliable=350 spec=8.17 pop=2556
  mpx-135 cover: trials=101520000 overall=0.6484 a0_nochange=0.0000 a0_change=0.6361 a1_nochange=0.9846 a1_change=0.9731 matched_but_wrong=0
  mpx-135 acc: trials=101520000 accuracy=0.8607
  mpx-135 traj: trials=101640000 wall=182885s knowledge=0.6472 reliable=355 spec=8.17 pop=2620
  mpx-135 cover: trials=101640000 overall=0.6472 a0_nochange=0.0000 a0_change=0.6309 a1_nochange=0.9841 a1_change=0.9740 matched_but_wrong=0
  mpx-135 acc: trials=101640000 accuracy=0.8519
  mpx-135 traj: trials=101760000 wall=183008s knowledge=0.6485 reliable=347 spec=8.17 pop=2919
  mpx-135 cover: trials=101760000 overall=0.6485 a0_nochange=0.0000 a0_change=0.6336 a1_nochange=0.9868 a1_change=0.9738 matched_but_wrong=0
  mpx-135 acc: trials=101760000 accuracy=0.8801
  mpx-135 traj: trials=101880000 wall=183130s knowledge=0.6499 reliable=355 spec=8.17 pop=2346
  mpx-135 cover: trials=101880000 overall=0.6499 a0_nochange=0.0000 a0_change=0.6337 a1_nochange=0.9905 a1_change=0.9757 matched_but_wrong=0
  mpx-135 acc: trials=101880000 accuracy=0.8661
  mpx-135 traj: trials=102000000 wall=183263s knowledge=0.6484 reliable=349 spec=8.15 pop=3070
  mpx-135 cover: trials=102000000 overall=0.6484 a0_nochange=0.0000 a0_change=0.6335 a1_nochange=0.9868 a1_change=0.9738 matched_but_wrong=0
  mpx-135 acc: trials=102000000 accuracy=0.8970
  mpx-135 traj: trials=102120000 wall=183349s knowledge=0.6493 reliable=351 spec=8.19 pop=2383
  mpx-135 cover: trials=102120000 overall=0.6493 a0_nochange=0.0000 a0_change=0.6343 a1_nochange=0.9856 a1_change=0.9774 matched_but_wrong=0
  mpx-135 acc: trials=102120000 accuracy=0.8589
  mpx-135 traj: trials=102240000 wall=183452s knowledge=0.6494 reliable=357 spec=8.20 pop=3376
  mpx-135 cover: trials=102240000 overall=0.6494 a0_nochange=0.0000 a0_change=0.6355 a1_nochange=0.9849 a1_change=0.9774 matched_but_wrong=2
  mpx-135 acc: trials=102240000 accuracy=0.8766
  mpx-135 traj: trials=102360000 wall=183570s knowledge=0.6491 reliable=350 spec=8.17 pop=2575
  mpx-135 cover: trials=102360000 overall=0.6491 a0_nochange=0.0000 a0_change=0.6349 a1_nochange=0.9849 a1_change=0.9768 matched_but_wrong=0
  mpx-135 acc: trials=102360000 accuracy=0.8703
  mpx-135 traj: trials=102480000 wall=183671s knowledge=0.6494 reliable=356 spec=8.17 pop=2786
  mpx-135 cover: trials=102480000 overall=0.6494 a0_nochange=0.0000 a0_change=0.6361 a1_nochange=0.9849 a1_change=0.9768 matched_but_wrong=0
  mpx-135 acc: trials=102480000 accuracy=0.8589
  mpx-135 traj: trials=102600000 wall=183761s knowledge=0.6489 reliable=346 spec=8.16 pop=2685
  mpx-135 cover: trials=102600000 overall=0.6489 a0_nochange=0.0000 a0_change=0.6349 a1_nochange=0.9843 a1_change=0.9768 matched_but_wrong=0
  mpx-135 acc: trials=102600000 accuracy=0.8655
  mpx-135 traj: trials=102720000 wall=183866s knowledge=0.6482 reliable=344 spec=8.17 pop=2731
  mpx-135 cover: trials=102720000 overall=0.6482 a0_nochange=0.0000 a0_change=0.6319 a1_nochange=0.9843 a1_change=0.9768 matched_but_wrong=2
  mpx-135 acc: trials=102720000 accuracy=0.8717
  mpx-135 traj: trials=102840000 wall=184100s knowledge=0.6509 reliable=354 spec=8.18 pop=2586
  mpx-135 cover: trials=102840000 overall=0.6509 a0_nochange=0.0000 a0_change=0.6348 a1_nochange=0.9911 a1_change=0.9778 matched_but_wrong=0
  mpx-135 acc: trials=102840000 accuracy=0.8772
  mpx-135 traj: trials=102960000 wall=184214s knowledge=0.6502 reliable=352 spec=8.19 pop=2454
  mpx-135 cover: trials=102960000 overall=0.6502 a0_nochange=0.0000 a0_change=0.6378 a1_nochange=0.9862 a1_change=0.9768 matched_but_wrong=3
  mpx-135 acc: trials=102960000 accuracy=0.8625
  mpx-135 traj: trials=103080000 wall=184359s knowledge=0.6495 reliable=353 spec=8.20 pop=2620
  mpx-135 cover: trials=103080000 overall=0.6495 a0_nochange=0.0000 a0_change=0.6331 a1_nochange=0.9843 a1_change=0.9810 matched_but_wrong=10
  mpx-135 acc: trials=103080000 accuracy=0.8682
  mpx-135 traj: trials=103200000 wall=184462s knowledge=0.6527 reliable=354 spec=8.18 pop=2835
  mpx-135 cover: trials=103200000 overall=0.6527 a0_nochange=0.0000 a0_change=0.6330 a1_nochange=0.9938 a1_change=0.9843 matched_but_wrong=0
  mpx-135 acc: trials=103200000 accuracy=0.8868
  mpx-135 traj: trials=103320000 wall=184550s knowledge=0.6541 reliable=354 spec=8.21 pop=2779
  mpx-135 cover: trials=103320000 overall=0.6541 a0_nochange=0.0000 a0_change=0.6385 a1_nochange=0.9936 a1_change=0.9843 matched_but_wrong=0
  mpx-135 acc: trials=103320000 accuracy=0.8706
  mpx-135 traj: trials=103440000 wall=184679s knowledge=0.6539 reliable=351 spec=8.20 pop=3267
  mpx-135 cover: trials=103440000 overall=0.6539 a0_nochange=0.0000 a0_change=0.6394 a1_nochange=0.9922 a1_change=0.9843 matched_but_wrong=0
  mpx-135 acc: trials=103440000 accuracy=0.8751
  mpx-135 traj: trials=103560000 wall=184815s knowledge=0.6523 reliable=353 spec=8.18 pop=2460
  mpx-135 cover: trials=103560000 overall=0.6523 a0_nochange=0.0000 a0_change=0.6370 a1_nochange=0.9922 a1_change=0.9802 matched_but_wrong=0
  mpx-135 acc: trials=103560000 accuracy=0.8688
  mpx-135 traj: trials=103680000 wall=184919s knowledge=0.6543 reliable=353 spec=8.19 pop=2394
  mpx-135 cover: trials=103680000 overall=0.6543 a0_nochange=0.0000 a0_change=0.6370 a1_nochange=0.9922 a1_change=0.9880 matched_but_wrong=0
  mpx-135 acc: trials=103680000 accuracy=0.8459
  mpx-135 traj: trials=103800000 wall=185075s knowledge=0.6548 reliable=355 spec=8.19 pop=2496
  mpx-135 cover: trials=103800000 overall=0.6548 a0_nochange=0.0000 a0_change=0.6351 a1_nochange=0.9960 a1_change=0.9883 matched_but_wrong=0
  mpx-135 acc: trials=103800000 accuracy=0.8584
  mpx-135 traj: trials=103920000 wall=185164s knowledge=0.6539 reliable=353 spec=8.19 pop=2497
  mpx-135 cover: trials=103920000 overall=0.6539 a0_nochange=0.0000 a0_change=0.6331 a1_nochange=0.9979 a1_change=0.9846 matched_but_wrong=0
  mpx-135 acc: trials=103920000 accuracy=0.8521
  mpx-135 traj: trials=104040000 wall=185600s knowledge=0.6534 reliable=349 spec=8.19 pop=2309
  mpx-135 cover: trials=104040000 overall=0.6534 a0_nochange=0.0000 a0_change=0.6331 a1_nochange=0.9960 a1_change=0.9845 matched_but_wrong=0
  mpx-135 acc: trials=104040000 accuracy=0.8814
  mpx-135 traj: trials=104160000 wall=185698s knowledge=0.6536 reliable=351 spec=8.17 pop=2454
  mpx-135 cover: trials=104160000 overall=0.6536 a0_nochange=0.0000 a0_change=0.6325 a1_nochange=0.9947 a1_change=0.9874 matched_but_wrong=0
  mpx-135 acc: trials=104160000 accuracy=0.8618
  mpx-135 traj: trials=104280000 wall=185874s knowledge=0.6542 reliable=354 spec=8.16 pop=3120
  mpx-135 cover: trials=104280000 overall=0.6542 a0_nochange=0.0000 a0_change=0.6349 a1_nochange=0.9977 a1_change=0.9843 matched_but_wrong=0
  mpx-135 acc: trials=104280000 accuracy=0.8868
  mpx-135 traj: trials=104400000 wall=185970s knowledge=0.6553 reliable=353 spec=8.15 pop=2687
  mpx-135 cover: trials=104400000 overall=0.6553 a0_nochange=0.0000 a0_change=0.6353 a1_nochange=1.0000 a1_change=0.9861 matched_but_wrong=3
  mpx-135 acc: trials=104400000 accuracy=0.8706
  mpx-135 traj: trials=104520000 wall=186092s knowledge=0.6551 reliable=352 spec=8.12 pop=2773
  mpx-135 cover: trials=104520000 overall=0.6551 a0_nochange=0.0000 a0_change=0.6344 a1_nochange=1.0000 a1_change=0.9861 matched_but_wrong=2
  mpx-135 acc: trials=104520000 accuracy=0.8741
  mpx-135 traj: trials=104640000 wall=186403s knowledge=0.6560 reliable=350 spec=8.13 pop=2719
  mpx-135 cover: trials=104640000 overall=0.6560 a0_nochange=0.0000 a0_change=0.6383 a1_nochange=1.0000 a1_change=0.9861 matched_but_wrong=0
  mpx-135 acc: trials=104640000 accuracy=0.8633
  mpx-135 traj: trials=104760000 wall=186608s knowledge=0.6556 reliable=354 spec=8.10 pop=4179
  mpx-135 cover: trials=104760000 overall=0.6556 a0_nochange=0.0000 a0_change=0.6364 a1_nochange=1.0000 a1_change=0.9861 matched_but_wrong=0
  mpx-135 acc: trials=104760000 accuracy=0.8692
  mpx-135 traj: trials=104880000 wall=186706s knowledge=0.6560 reliable=348 spec=8.09 pop=2549
  mpx-135 cover: trials=104880000 overall=0.6560 a0_nochange=0.0000 a0_change=0.6400 a1_nochange=1.0000 a1_change=0.9842 matched_but_wrong=0
  mpx-135 acc: trials=104880000 accuracy=0.8626
  mpx-135 traj: trials=105000000 wall=186889s knowledge=0.6558 reliable=351 spec=8.11 pop=2938
  mpx-135 cover: trials=105000000 overall=0.6558 a0_nochange=0.0000 a0_change=0.6394 a1_nochange=1.0000 a1_change=0.9842 matched_but_wrong=0
  mpx-135 acc: trials=105000000 accuracy=0.8716
  mpx-135 traj: trials=105120000 wall=187410s knowledge=0.6566 reliable=347 spec=8.10 pop=2488
  mpx-135 cover: trials=105120000 overall=0.6566 a0_nochange=0.0000 a0_change=0.6426 a1_nochange=1.0000 a1_change=0.9842 matched_but_wrong=4
  mpx-135 acc: trials=105120000 accuracy=0.8779
  mpx-135 traj: trials=105240000 wall=187573s knowledge=0.6566 reliable=349 spec=8.07 pop=2451
  mpx-135 cover: trials=105240000 overall=0.6566 a0_nochange=0.0000 a0_change=0.6424 a1_nochange=1.0000 a1_change=0.9842 matched_but_wrong=9
  mpx-135 acc: trials=105240000 accuracy=0.8949
  mpx-135 traj: trials=105360000 wall=187794s knowledge=0.6573 reliable=352 spec=8.09 pop=3115
  mpx-135 cover: trials=105360000 overall=0.6573 a0_nochange=0.0000 a0_change=0.6448 a1_nochange=1.0000 a1_change=0.9846 matched_but_wrong=6
  mpx-135 acc: trials=105360000 accuracy=0.8531
  mpx-135 traj: trials=105480000 wall=187884s knowledge=0.6566 reliable=345 spec=8.07 pop=2431
  mpx-135 cover: trials=105480000 overall=0.6566 a0_nochange=0.0000 a0_change=0.6426 a1_nochange=1.0000 a1_change=0.9842 matched_but_wrong=0
  mpx-135 acc: trials=105480000 accuracy=0.8730
  mpx-135 traj: trials=105600000 wall=187985s knowledge=0.6586 reliable=347 spec=8.08 pop=2614
  mpx-135 cover: trials=105600000 overall=0.6586 a0_nochange=0.0000 a0_change=0.6488 a1_nochange=1.0000 a1_change=0.9860 matched_but_wrong=0
  mpx-135 acc: trials=105600000 accuracy=0.8775
  mpx-135 traj: trials=105720000 wall=188106s knowledge=0.6595 reliable=355 spec=8.08 pop=2480
  mpx-135 cover: trials=105720000 overall=0.6595 a0_nochange=0.0000 a0_change=0.6492 a1_nochange=1.0000 a1_change=0.9892 matched_but_wrong=0
  mpx-135 acc: trials=105720000 accuracy=0.8738
  mpx-135 traj: trials=105840000 wall=188206s knowledge=0.6614 reliable=351 spec=8.08 pop=2358
  mpx-135 cover: trials=105840000 overall=0.6614 a0_nochange=0.0000 a0_change=0.6539 a1_nochange=1.0000 a1_change=0.9920 matched_but_wrong=0
  mpx-135 acc: trials=105840000 accuracy=0.8760
  mpx-135 traj: trials=105960000 wall=188388s knowledge=0.6626 reliable=359 spec=8.08 pop=2663
  mpx-135 cover: trials=105960000 overall=0.6626 a0_nochange=0.0000 a0_change=0.6586 a1_nochange=1.0000 a1_change=0.9920 matched_but_wrong=0
  mpx-135 acc: trials=105960000 accuracy=0.8632
  mpx-135 traj: trials=106080000 wall=188526s knowledge=0.6640 reliable=362 spec=8.11 pop=2481
  mpx-135 cover: trials=106080000 overall=0.6640 a0_nochange=0.0000 a0_change=0.6635 a1_nochange=1.0000 a1_change=0.9927 matched_but_wrong=2
  mpx-135 acc: trials=106080000 accuracy=0.8749
  mpx-135 traj: trials=106200000 wall=188677s knowledge=0.6650 reliable=357 spec=8.10 pop=3690
  mpx-135 cover: trials=106200000 overall=0.6650 a0_nochange=0.0000 a0_change=0.6634 a1_nochange=1.0000 a1_change=0.9969 matched_but_wrong=0
  mpx-135 acc: trials=106200000 accuracy=0.8846
  mpx-135 traj: trials=106320000 wall=188868s knowledge=0.6641 reliable=355 spec=8.08 pop=2440
  mpx-135 cover: trials=106320000 overall=0.6641 a0_nochange=0.0000 a0_change=0.6629 a1_nochange=1.0000 a1_change=0.9939 matched_but_wrong=0
  mpx-135 acc: trials=106320000 accuracy=0.8862
  mpx-135 traj: trials=106440000 wall=188959s knowledge=0.6622 reliable=348 spec=8.07 pop=2559
  mpx-135 cover: trials=106440000 overall=0.6622 a0_nochange=0.0000 a0_change=0.6561 a1_nochange=1.0000 a1_change=0.9930 matched_but_wrong=0
  mpx-135 acc: trials=106440000 accuracy=0.8703
  mpx-135 traj: trials=106560000 wall=189050s knowledge=0.6622 reliable=352 spec=8.08 pop=2457
  mpx-135 cover: trials=106560000 overall=0.6622 a0_nochange=0.0000 a0_change=0.6562 a1_nochange=1.0000 a1_change=0.9930 matched_but_wrong=0
  mpx-135 acc: trials=106560000 accuracy=0.8677
  mpx-135 traj: trials=106680000 wall=189266s knowledge=0.6628 reliable=352 spec=8.08 pop=3556
  mpx-135 cover: trials=106680000 overall=0.6628 a0_nochange=0.0000 a0_change=0.6596 a1_nochange=1.0000 a1_change=0.9920 matched_but_wrong=0
  mpx-135 acc: trials=106680000 accuracy=0.8939
  mpx-135 traj: trials=106800000 wall=189386s knowledge=0.6632 reliable=356 spec=8.08 pop=2397
  mpx-135 cover: trials=106800000 overall=0.6632 a0_nochange=0.0000 a0_change=0.6612 a1_nochange=1.0000 a1_change=0.9920 matched_but_wrong=0
  mpx-135 acc: trials=106800000 accuracy=0.8812
  mpx-135 traj: trials=106920000 wall=189506s knowledge=0.6628 reliable=353 spec=8.07 pop=2666
  mpx-135 cover: trials=106920000 overall=0.6628 a0_nochange=0.0000 a0_change=0.6596 a1_nochange=1.0000 a1_change=0.9920 matched_but_wrong=0
  mpx-135 acc: trials=106920000 accuracy=0.8713
  mpx-135 traj: trials=107040000 wall=189606s knowledge=0.6631 reliable=350 spec=8.07 pop=2875
  mpx-135 cover: trials=107040000 overall=0.6631 a0_nochange=0.0000 a0_change=0.6606 a1_nochange=1.0000 a1_change=0.9920 matched_but_wrong=3
  mpx-135 acc: trials=107040000 accuracy=0.8929
  mpx-135 traj: trials=107160000 wall=189744s knowledge=0.6635 reliable=348 spec=8.07 pop=2638
  mpx-135 cover: trials=107160000 overall=0.6635 a0_nochange=0.0000 a0_change=0.6622 a1_nochange=1.0000 a1_change=0.9920 matched_but_wrong=0
  mpx-135 acc: trials=107160000 accuracy=0.8672
  mpx-135 traj: trials=107280000 wall=189846s knowledge=0.6633 reliable=357 spec=8.09 pop=2382
  mpx-135 cover: trials=107280000 overall=0.6633 a0_nochange=0.0000 a0_change=0.6614 a1_nochange=1.0000 a1_change=0.9920 matched_but_wrong=1
  mpx-135 acc: trials=107280000 accuracy=0.8623
  mpx-135 traj: trials=107400000 wall=189941s knowledge=0.6632 reliable=354 spec=8.08 pop=2527
  mpx-135 cover: trials=107400000 overall=0.6632 a0_nochange=0.0000 a0_change=0.6609 a1_nochange=1.0000 a1_change=0.9920 matched_but_wrong=0
  mpx-135 acc: trials=107400000 accuracy=0.8825
  mpx-135 traj: trials=107520000 wall=190042s knowledge=0.6636 reliable=357 spec=8.07 pop=2548
  mpx-135 cover: trials=107520000 overall=0.6636 a0_nochange=0.0000 a0_change=0.6626 a1_nochange=1.0000 a1_change=0.9920 matched_but_wrong=0
  mpx-135 acc: trials=107520000 accuracy=0.8634
  mpx-135 traj: trials=107640000 wall=190205s knowledge=0.6629 reliable=349 spec=8.07 pop=2400
  mpx-135 cover: trials=107640000 overall=0.6629 a0_nochange=0.0000 a0_change=0.6597 a1_nochange=1.0000 a1_change=0.9920 matched_but_wrong=0
  mpx-135 acc: trials=107640000 accuracy=0.8809
  mpx-135 traj: trials=107760000 wall=190319s knowledge=0.6627 reliable=349 spec=8.06 pop=2471
  mpx-135 cover: trials=107760000 overall=0.6627 a0_nochange=0.0000 a0_change=0.6591 a1_nochange=1.0000 a1_change=0.9920 matched_but_wrong=0
  mpx-135 acc: trials=107760000 accuracy=0.8709
  mpx-135 traj: trials=107880000 wall=190443s knowledge=0.6632 reliable=351 spec=8.10 pop=3282
  mpx-135 cover: trials=107880000 overall=0.6632 a0_nochange=0.0000 a0_change=0.6612 a1_nochange=1.0000 a1_change=0.9920 matched_but_wrong=0
  mpx-135 acc: trials=107880000 accuracy=0.8745
  mpx-135 traj: trials=108000000 wall=190540s knowledge=0.6639 reliable=350 spec=8.06 pop=2578
  mpx-135 cover: trials=108000000 overall=0.6639 a0_nochange=0.0000 a0_change=0.6640 a1_nochange=1.0000 a1_change=0.9920 matched_but_wrong=0
  mpx-135 acc: trials=108000000 accuracy=0.8836
  mpx-135 traj: trials=108120000 wall=190632s knowledge=0.6630 reliable=350 spec=8.06 pop=2417
  mpx-135 cover: trials=108120000 overall=0.6630 a0_nochange=0.0000 a0_change=0.6601 a1_nochange=1.0000 a1_change=0.9920 matched_but_wrong=0
  mpx-135 acc: trials=108120000 accuracy=0.8701
  mpx-135 traj: trials=108240000 wall=190745s knowledge=0.6646 reliable=350 spec=8.07 pop=2335
  mpx-135 cover: trials=108240000 overall=0.6646 a0_nochange=0.0000 a0_change=0.6665 a1_nochange=1.0000 a1_change=0.9920 matched_but_wrong=0
  mpx-135 acc: trials=108240000 accuracy=0.8864
  mpx-135 traj: trials=108360000 wall=190851s knowledge=0.6655 reliable=353 spec=8.07 pop=2622
  mpx-135 cover: trials=108360000 overall=0.6655 a0_nochange=0.0000 a0_change=0.6705 a1_nochange=1.0000 a1_change=0.9920 matched_but_wrong=0
  mpx-135 acc: trials=108360000 accuracy=0.8793
  mpx-135 traj: trials=108480000 wall=190940s knowledge=0.6649 reliable=350 spec=8.07 pop=2445
  mpx-135 cover: trials=108480000 overall=0.6649 a0_nochange=0.0000 a0_change=0.6677 a1_nochange=1.0000 a1_change=0.9920 matched_but_wrong=2
  mpx-135 acc: trials=108480000 accuracy=0.8720
  mpx-135 traj: trials=108600000 wall=191074s knowledge=0.6657 reliable=356 spec=8.08 pop=2540
  mpx-135 cover: trials=108600000 overall=0.6657 a0_nochange=0.0000 a0_change=0.6706 a1_nochange=1.0000 a1_change=0.9924 matched_but_wrong=46
  mpx-135 acc: trials=108600000 accuracy=0.8878
  mpx-135 traj: trials=108720000 wall=191163s knowledge=0.6643 reliable=353 spec=8.07 pop=2397
  mpx-135 cover: trials=108720000 overall=0.6643 a0_nochange=0.0000 a0_change=0.6637 a1_nochange=1.0000 a1_change=0.9937 matched_but_wrong=0
  mpx-135 acc: trials=108720000 accuracy=0.8758
  mpx-135 traj: trials=108840000 wall=191276s knowledge=0.6655 reliable=349 spec=8.06 pop=2487
  mpx-135 cover: trials=108840000 overall=0.6655 a0_nochange=0.0000 a0_change=0.6704 a1_nochange=1.0000 a1_change=0.9920 matched_but_wrong=0
  mpx-135 acc: trials=108840000 accuracy=0.8760
  mpx-135 traj: trials=108960000 wall=191383s knowledge=0.6648 reliable=354 spec=8.06 pop=2360
  mpx-135 cover: trials=108960000 overall=0.6648 a0_nochange=0.0000 a0_change=0.6673 a1_nochange=1.0000 a1_change=0.9920 matched_but_wrong=0
  mpx-135 acc: trials=108960000 accuracy=0.8764
  mpx-135 traj: trials=109080000 wall=191568s knowledge=0.6638 reliable=351 spec=8.06 pop=2519
  mpx-135 cover: trials=109080000 overall=0.6638 a0_nochange=0.0000 a0_change=0.6634 a1_nochange=1.0000 a1_change=0.9920 matched_but_wrong=0
  mpx-135 acc: trials=109080000 accuracy=0.8797
  mpx-135 traj: trials=109200000 wall=191665s knowledge=0.6646 reliable=351 spec=8.09 pop=2565
  mpx-135 cover: trials=109200000 overall=0.6646 a0_nochange=0.0000 a0_change=0.6667 a1_nochange=1.0000 a1_change=0.9920 matched_but_wrong=0
  mpx-135 acc: trials=109200000 accuracy=0.8831
  mpx-135 traj: trials=109320000 wall=191777s knowledge=0.6628 reliable=349 spec=8.08 pop=2350
  mpx-135 cover: trials=109320000 overall=0.6628 a0_nochange=0.0000 a0_change=0.6595 a1_nochange=1.0000 a1_change=0.9920 matched_but_wrong=0
  mpx-135 acc: trials=109320000 accuracy=0.8684
  mpx-135 traj: trials=109440000 wall=191875s knowledge=0.6660 reliable=359 spec=8.09 pop=2609
  mpx-135 cover: trials=109440000 overall=0.6660 a0_nochange=0.0000 a0_change=0.6682 a1_nochange=1.0000 a1_change=0.9958 matched_but_wrong=0
  mpx-135 acc: trials=109440000 accuracy=0.8969
  mpx-135 traj: trials=109560000 wall=192033s knowledge=0.6637 reliable=355 spec=8.08 pop=2536
  mpx-135 cover: trials=109560000 overall=0.6637 a0_nochange=0.0000 a0_change=0.6632 a1_nochange=1.0000 a1_change=0.9920 matched_but_wrong=0
  mpx-135 acc: trials=109560000 accuracy=0.8754
  mpx-135 traj: trials=109680000 wall=192173s knowledge=0.6643 reliable=362 spec=8.11 pop=2780
  mpx-135 cover: trials=109680000 overall=0.6643 a0_nochange=0.0000 a0_change=0.6654 a1_nochange=1.0000 a1_change=0.9920 matched_but_wrong=0
  mpx-135 acc: trials=109680000 accuracy=0.8858
  mpx-135 traj: trials=109800000 wall=192453s knowledge=0.6643 reliable=362 spec=8.11 pop=2445
  mpx-135 cover: trials=109800000 overall=0.6643 a0_nochange=0.0000 a0_change=0.6646 a1_nochange=1.0000 a1_change=0.9928 matched_but_wrong=0
  mpx-135 acc: trials=109800000 accuracy=0.8783
  mpx-135 traj: trials=109920000 wall=192570s knowledge=0.6657 reliable=361 spec=8.13 pop=2593
  mpx-135 cover: trials=109920000 overall=0.6657 a0_nochange=0.0000 a0_change=0.6696 a1_nochange=1.0000 a1_change=0.9935 matched_but_wrong=0
  mpx-135 acc: trials=109920000 accuracy=0.8805
  mpx-135 traj: trials=110040000 wall=192706s knowledge=0.6672 reliable=367 spec=8.15 pop=2622
  mpx-135 cover: trials=110040000 overall=0.6672 a0_nochange=0.0000 a0_change=0.6770 a1_nochange=1.0000 a1_change=0.9920 matched_but_wrong=0
  mpx-135 acc: trials=110040000 accuracy=0.9044
  mpx-135 traj: trials=110160000 wall=192899s knowledge=0.6665 reliable=361 spec=8.15 pop=2521
  mpx-135 cover: trials=110160000 overall=0.6665 a0_nochange=0.0000 a0_change=0.6738 a1_nochange=1.0000 a1_change=0.9927 matched_but_wrong=0
  mpx-135 acc: trials=110160000 accuracy=0.8728
  mpx-135 traj: trials=110280000 wall=193018s knowledge=0.6647 reliable=354 spec=8.14 pop=2585
  mpx-135 cover: trials=110280000 overall=0.6647 a0_nochange=0.0000 a0_change=0.6667 a1_nochange=1.0000 a1_change=0.9924 matched_but_wrong=0
  mpx-135 acc: trials=110280000 accuracy=0.8904
  mpx-135 traj: trials=110400000 wall=193106s knowledge=0.6654 reliable=363 spec=8.13 pop=2659
  mpx-135 cover: trials=110400000 overall=0.6654 a0_nochange=0.0000 a0_change=0.6698 a1_nochange=1.0000 a1_change=0.9920 matched_but_wrong=0
  mpx-135 acc: trials=110400000 accuracy=0.8703
  mpx-135 traj: trials=110520000 wall=193204s knowledge=0.6643 reliable=360 spec=8.11 pop=2504
  mpx-135 cover: trials=110520000 overall=0.6643 a0_nochange=0.0000 a0_change=0.6653 a1_nochange=1.0000 a1_change=0.9920 matched_but_wrong=0
  mpx-135 acc: trials=110520000 accuracy=0.8816
  mpx-135 traj: trials=110640000 wall=193305s knowledge=0.6659 reliable=358 spec=8.12 pop=2372
  mpx-135 cover: trials=110640000 overall=0.6659 a0_nochange=0.0000 a0_change=0.6720 a1_nochange=1.0000 a1_change=0.9920 matched_but_wrong=0
  mpx-135 acc: trials=110640000 accuracy=0.9109
  mpx-135 traj: trials=110760000 wall=193517s knowledge=0.6650 reliable=357 spec=8.13 pop=2574
  mpx-135 cover: trials=110760000 overall=0.6650 a0_nochange=0.0000 a0_change=0.6683 a1_nochange=1.0000 a1_change=0.9920 matched_but_wrong=0
  mpx-135 acc: trials=110760000 accuracy=0.8857
  mpx-135 traj: trials=110880000 wall=193634s knowledge=0.6645 reliable=356 spec=8.12 pop=2542
  mpx-135 cover: trials=110880000 overall=0.6645 a0_nochange=0.0000 a0_change=0.6665 a1_nochange=1.0000 a1_change=0.9920 matched_but_wrong=0
  mpx-135 acc: trials=110880000 accuracy=0.8792
  mpx-135 traj: trials=111000000 wall=193754s knowledge=0.6646 reliable=363 spec=8.13 pop=2557
  mpx-135 cover: trials=111000000 overall=0.6646 a0_nochange=0.0000 a0_change=0.6668 a1_nochange=1.0000 a1_change=0.9920 matched_but_wrong=0
  mpx-135 acc: trials=111000000 accuracy=0.8747
  mpx-135 traj: trials=111120000 wall=193929s knowledge=0.6667 reliable=365 spec=8.14 pop=2431
  mpx-135 cover: trials=111120000 overall=0.6667 a0_nochange=0.0000 a0_change=0.6717 a1_nochange=1.0000 a1_change=0.9954 matched_but_wrong=0
  mpx-135 acc: trials=111120000 accuracy=0.8766
  mpx-135 traj: trials=111240000 wall=194026s knowledge=0.6660 reliable=356 spec=8.12 pop=2611
  mpx-135 cover: trials=111240000 overall=0.6660 a0_nochange=0.0000 a0_change=0.6704 a1_nochange=1.0000 a1_change=0.9939 matched_but_wrong=0
  mpx-135 acc: trials=111240000 accuracy=0.8639
  mpx-135 traj: trials=111360000 wall=194135s knowledge=0.6658 reliable=356 spec=8.12 pop=2395
  mpx-135 cover: trials=111360000 overall=0.6658 a0_nochange=0.0000 a0_change=0.6696 a1_nochange=1.0000 a1_change=0.9939 matched_but_wrong=0
  mpx-135 acc: trials=111360000 accuracy=0.8962
  mpx-135 traj: trials=111480000 wall=194234s knowledge=0.6656 reliable=356 spec=8.12 pop=2383
  mpx-135 cover: trials=111480000 overall=0.6656 a0_nochange=0.0000 a0_change=0.6696 a1_nochange=1.0000 a1_change=0.9932 matched_but_wrong=0
  mpx-135 acc: trials=111480000 accuracy=0.8726
  mpx-135 traj: trials=111600000 wall=194391s knowledge=0.6648 reliable=358 spec=8.11 pop=2402
  mpx-135 cover: trials=111600000 overall=0.6648 a0_nochange=0.0000 a0_change=0.6674 a1_nochange=1.0000 a1_change=0.9920 matched_but_wrong=0
  mpx-135 acc: trials=111600000 accuracy=0.8716
  mpx-135 traj: trials=111720000 wall=194485s knowledge=0.6658 reliable=361 spec=8.11 pop=2739
  mpx-135 cover: trials=111720000 overall=0.6658 a0_nochange=0.0000 a0_change=0.6714 a1_nochange=1.0000 a1_change=0.9920 matched_but_wrong=5
  mpx-135 acc: trials=111720000 accuracy=0.8793
  mpx-135 traj: trials=111840000 wall=194627s knowledge=0.6653 reliable=359 spec=8.11 pop=2247
  mpx-135 cover: trials=111840000 overall=0.6653 a0_nochange=0.0000 a0_change=0.6697 a1_nochange=1.0000 a1_change=0.9920 matched_but_wrong=0
  mpx-135 acc: trials=111840000 accuracy=0.8696
  mpx-135 traj: trials=111960000 wall=194729s knowledge=0.6662 reliable=363 spec=8.12 pop=2521
  mpx-135 cover: trials=111960000 overall=0.6662 a0_nochange=0.0000 a0_change=0.6729 a1_nochange=1.0000 a1_change=0.9920 matched_but_wrong=0
  mpx-135 acc: trials=111960000 accuracy=0.8717
  mpx-135 traj: trials=112080000 wall=194829s knowledge=0.6659 reliable=365 spec=8.13 pop=2590
  mpx-135 cover: trials=112080000 overall=0.6659 a0_nochange=0.0000 a0_change=0.6720 a1_nochange=1.0000 a1_change=0.9920 matched_but_wrong=0
  mpx-135 acc: trials=112080000 accuracy=0.8723
  mpx-135 traj: trials=112200000 wall=194966s knowledge=0.6693 reliable=358 spec=8.11 pop=2399
  mpx-135 cover: trials=112200000 overall=0.6693 a0_nochange=0.0000 a0_change=0.6855 a1_nochange=1.0000 a1_change=0.9920 matched_but_wrong=0
  mpx-135 acc: trials=112200000 accuracy=0.8765
  mpx-135 traj: trials=112320000 wall=195061s knowledge=0.6681 reliable=362 spec=8.09 pop=2573
  mpx-135 cover: trials=112320000 overall=0.6681 a0_nochange=0.0000 a0_change=0.6807 a1_nochange=1.0000 a1_change=0.9920 matched_but_wrong=0
  mpx-135 acc: trials=112320000 accuracy=0.8849
  mpx-135 traj: trials=112440000 wall=195171s knowledge=0.6676 reliable=358 spec=8.08 pop=2933
  mpx-135 cover: trials=112440000 overall=0.6676 a0_nochange=0.0000 a0_change=0.6786 a1_nochange=1.0000 a1_change=0.9920 matched_but_wrong=0
  mpx-135 acc: trials=112440000 accuracy=0.8694
  mpx-135 traj: trials=112560000 wall=195280s knowledge=0.6675 reliable=358 spec=8.09 pop=2430
  mpx-135 cover: trials=112560000 overall=0.6675 a0_nochange=0.0000 a0_change=0.6765 a1_nochange=1.0000 a1_change=0.9939 matched_but_wrong=0
  mpx-135 acc: trials=112560000 accuracy=0.8767
  mpx-135 traj: trials=112680000 wall=195390s knowledge=0.6676 reliable=356 spec=8.09 pop=2355
  mpx-135 cover: trials=112680000 overall=0.6676 a0_nochange=0.0000 a0_change=0.6789 a1_nochange=1.0000 a1_change=0.9920 matched_but_wrong=0
  mpx-135 acc: trials=112680000 accuracy=0.8817
  mpx-135 traj: trials=112800000 wall=195569s knowledge=0.6677 reliable=361 spec=8.09 pop=2636
  mpx-135 cover: trials=112800000 overall=0.6677 a0_nochange=0.0000 a0_change=0.6791 a1_nochange=1.0000 a1_change=0.9920 matched_but_wrong=0
  mpx-135 acc: trials=112800000 accuracy=0.8913
  mpx-135 traj: trials=112920000 wall=195710s knowledge=0.6684 reliable=357 spec=8.08 pop=2434
  mpx-135 cover: trials=112920000 overall=0.6684 a0_nochange=0.0000 a0_change=0.6820 a1_nochange=1.0000 a1_change=0.9920 matched_but_wrong=0
  mpx-135 acc: trials=112920000 accuracy=0.8831
  mpx-135 traj: trials=113040000 wall=195883s knowledge=0.6705 reliable=360 spec=8.08 pop=2458
  mpx-135 cover: trials=113040000 overall=0.6705 a0_nochange=0.0000 a0_change=0.6902 a1_nochange=1.0000 a1_change=0.9920 matched_but_wrong=0
  mpx-135 acc: trials=113040000 accuracy=0.8985
  mpx-135 traj: trials=113160000 wall=196015s knowledge=0.6694 reliable=358 spec=8.09 pop=2591
  mpx-135 cover: trials=113160000 overall=0.6694 a0_nochange=0.0000 a0_change=0.6847 a1_nochange=1.0000 a1_change=0.9931 matched_but_wrong=0
  mpx-135 acc: trials=113160000 accuracy=0.8878
  mpx-135 traj: trials=113280000 wall=196119s knowledge=0.6704 reliable=356 spec=8.08 pop=2361
  mpx-135 cover: trials=113280000 overall=0.6704 a0_nochange=0.0000 a0_change=0.6900 a1_nochange=1.0000 a1_change=0.9920 matched_but_wrong=0
  mpx-135 acc: trials=113280000 accuracy=0.8886
  mpx-135 traj: trials=113400000 wall=196234s knowledge=0.6696 reliable=357 spec=8.08 pop=2449
  mpx-135 cover: trials=113400000 overall=0.6696 a0_nochange=0.0000 a0_change=0.6867 a1_nochange=1.0000 a1_change=0.9920 matched_but_wrong=0
  mpx-135 acc: trials=113400000 accuracy=0.8983
  mpx-135 traj: trials=113520000 wall=196433s knowledge=0.6684 reliable=360 spec=8.07 pop=3055
  mpx-135 cover: trials=113520000 overall=0.6684 a0_nochange=0.0000 a0_change=0.6808 a1_nochange=1.0000 a1_change=0.9929 matched_but_wrong=0
  mpx-135 acc: trials=113520000 accuracy=0.8825
  mpx-135 traj: trials=113640000 wall=196604s knowledge=0.6684 reliable=357 spec=8.07 pop=2462
  mpx-135 cover: trials=113640000 overall=0.6684 a0_nochange=0.0000 a0_change=0.6808 a1_nochange=1.0000 a1_change=0.9929 matched_but_wrong=0
  mpx-135 acc: trials=113640000 accuracy=0.8901
  mpx-135 traj: trials=113760000 wall=196696s knowledge=0.6688 reliable=355 spec=8.07 pop=2365
  mpx-135 cover: trials=113760000 overall=0.6688 a0_nochange=0.0000 a0_change=0.6824 a1_nochange=1.0000 a1_change=0.9929 matched_but_wrong=0
  mpx-135 acc: trials=113760000 accuracy=0.8796
  mpx-135 traj: trials=113880000 wall=196788s knowledge=0.6694 reliable=355 spec=8.08 pop=2405
  mpx-135 cover: trials=113880000 overall=0.6694 a0_nochange=0.0000 a0_change=0.6842 a1_nochange=1.0000 a1_change=0.9936 matched_but_wrong=0
  mpx-135 acc: trials=113880000 accuracy=0.8825
  mpx-135 traj: trials=114000000 wall=196956s knowledge=0.6691 reliable=355 spec=8.07 pop=2914
  mpx-135 cover: trials=114000000 overall=0.6691 a0_nochange=0.0000 a0_change=0.6842 a1_nochange=1.0000 a1_change=0.9924 matched_but_wrong=0
  mpx-135 acc: trials=114000000 accuracy=0.8992
  mpx-135 traj: trials=114120000 wall=197061s knowledge=0.6690 reliable=351 spec=8.06 pop=2348
  mpx-135 cover: trials=114120000 overall=0.6690 a0_nochange=0.0000 a0_change=0.6842 a1_nochange=1.0000 a1_change=0.9920 matched_but_wrong=0
  mpx-135 acc: trials=114120000 accuracy=0.8928
  mpx-135 traj: trials=114240000 wall=197202s knowledge=0.6700 reliable=350 spec=8.06 pop=2892
  mpx-135 cover: trials=114240000 overall=0.6700 a0_nochange=0.0000 a0_change=0.6842 a1_nochange=1.0000 a1_change=0.9958 matched_but_wrong=0
  mpx-135 acc: trials=114240000 accuracy=0.8801
  mpx-135 traj: trials=114360000 wall=197368s knowledge=0.6690 reliable=352 spec=8.06 pop=2341
  mpx-135 cover: trials=114360000 overall=0.6690 a0_nochange=0.0000 a0_change=0.6842 a1_nochange=1.0000 a1_change=0.9920 matched_but_wrong=0
  mpx-135 acc: trials=114360000 accuracy=0.8987
  mpx-135 traj: trials=114480000 wall=197459s knowledge=0.6693 reliable=362 spec=8.07 pop=2617
  mpx-135 cover: trials=114480000 overall=0.6693 a0_nochange=0.0000 a0_change=0.6855 a1_nochange=1.0000 a1_change=0.9920 matched_but_wrong=0
  mpx-135 acc: trials=114480000 accuracy=0.8859
  mpx-135 traj: trials=114600000 wall=197548s knowledge=0.6713 reliable=357 spec=8.07 pop=2758
  mpx-135 cover: trials=114600000 overall=0.6713 a0_nochange=0.0000 a0_change=0.6896 a1_nochange=1.0000 a1_change=0.9958 matched_but_wrong=0
  mpx-135 acc: trials=114600000 accuracy=0.8786
  mpx-135 traj: trials=114720000 wall=197656s knowledge=0.6703 reliable=355 spec=8.07 pop=2180
  mpx-135 cover: trials=114720000 overall=0.6703 a0_nochange=0.0000 a0_change=0.6896 a1_nochange=1.0000 a1_change=0.9920 matched_but_wrong=0
  mpx-135 acc: trials=114720000 accuracy=0.8855
  mpx-135 traj: trials=114840000 wall=197805s knowledge=0.6703 reliable=355 spec=8.07 pop=2609
  mpx-135 cover: trials=114840000 overall=0.6703 a0_nochange=0.0000 a0_change=0.6896 a1_nochange=1.0000 a1_change=0.9920 matched_but_wrong=0
  mpx-135 acc: trials=114840000 accuracy=0.8777
  mpx-135 traj: trials=114960000 wall=197943s knowledge=0.6709 reliable=356 spec=8.07 pop=2541
  mpx-135 cover: trials=114960000 overall=0.6709 a0_nochange=0.0000 a0_change=0.6920 a1_nochange=1.0000 a1_change=0.9920 matched_but_wrong=0
  mpx-135 acc: trials=114960000 accuracy=0.8952
  mpx-135 traj: trials=115080000 wall=198072s knowledge=0.6709 reliable=359 spec=8.08 pop=2729
  mpx-135 cover: trials=115080000 overall=0.6709 a0_nochange=0.0000 a0_change=0.6918 a1_nochange=1.0000 a1_change=0.9920 matched_but_wrong=0
  mpx-135 acc: trials=115080000 accuracy=0.8787
  mpx-135 traj: trials=115200000 wall=198184s knowledge=0.6716 reliable=361 spec=8.09 pop=2382
  mpx-135 cover: trials=115200000 overall=0.6716 a0_nochange=0.0000 a0_change=0.6926 a1_nochange=1.0000 a1_change=0.9940 matched_but_wrong=0
  mpx-135 acc: trials=115200000 accuracy=0.9019
  mpx-135 traj: trials=115320000 wall=198467s knowledge=0.6712 reliable=365 spec=8.08 pop=2437
  mpx-135 cover: trials=115320000 overall=0.6712 a0_nochange=0.0000 a0_change=0.6909 a1_nochange=1.0000 a1_change=0.9940 matched_but_wrong=0
  mpx-135 acc: trials=115320000 accuracy=0.8993
  mpx-135 traj: trials=115440000 wall=198580s knowledge=0.6712 reliable=361 spec=8.09 pop=2292
  mpx-135 cover: trials=115440000 overall=0.6712 a0_nochange=0.0000 a0_change=0.6909 a1_nochange=1.0000 a1_change=0.9940 matched_but_wrong=0
  mpx-135 acc: trials=115440000 accuracy=0.8886
  mpx-135 traj: trials=115560000 wall=198746s knowledge=0.6720 reliable=358 spec=8.10 pop=2322
  mpx-135 cover: trials=115560000 overall=0.6720 a0_nochange=0.0000 a0_change=0.6924 a1_nochange=1.0000 a1_change=0.9958 matched_but_wrong=0
  mpx-135 acc: trials=115560000 accuracy=0.8992
  mpx-135 traj: trials=115680000 wall=198859s knowledge=0.6722 reliable=363 spec=8.10 pop=2784
  mpx-135 cover: trials=115680000 overall=0.6722 a0_nochange=0.0000 a0_change=0.6932 a1_nochange=1.0000 a1_change=0.9958 matched_but_wrong=0
  mpx-135 acc: trials=115680000 accuracy=0.8781
  mpx-135 traj: trials=115800000 wall=198953s knowledge=0.6732 reliable=367 spec=8.12 pop=2538
  mpx-135 cover: trials=115800000 overall=0.6732 a0_nochange=0.0000 a0_change=0.6953 a1_nochange=1.0000 a1_change=0.9976 matched_but_wrong=0
  mpx-135 acc: trials=115800000 accuracy=0.8819
  mpx-135 traj: trials=115920000 wall=199052s knowledge=0.6711 reliable=367 spec=8.11 pop=2452
  mpx-135 cover: trials=115920000 overall=0.6711 a0_nochange=0.0000 a0_change=0.6890 a1_nochange=1.0000 a1_change=0.9958 matched_but_wrong=0
  mpx-135 acc: trials=115920000 accuracy=0.8984
  mpx-135 traj: trials=116040000 wall=199216s knowledge=0.6714 reliable=358 spec=8.10 pop=2492
  mpx-135 cover: trials=116040000 overall=0.6714 a0_nochange=0.0000 a0_change=0.6878 a1_nochange=1.0000 a1_change=0.9979 matched_but_wrong=0
  mpx-135 acc: trials=116040000 accuracy=0.8945
  mpx-135 traj: trials=116160000 wall=199336s knowledge=0.6711 reliable=361 spec=8.09 pop=2535
  mpx-135 cover: trials=116160000 overall=0.6711 a0_nochange=0.0000 a0_change=0.6886 a1_nochange=1.0000 a1_change=0.9958 matched_but_wrong=0
  mpx-135 acc: trials=116160000 accuracy=0.8828
  mpx-135 traj: trials=116280000 wall=199429s knowledge=0.6701 reliable=358 spec=8.09 pop=2414
  mpx-135 cover: trials=116280000 overall=0.6701 a0_nochange=0.0000 a0_change=0.6888 a1_nochange=1.0000 a1_change=0.9920 matched_but_wrong=0
  mpx-135 acc: trials=116280000 accuracy=0.8875
  mpx-135 traj: trials=116400000 wall=199533s knowledge=0.6699 reliable=358 spec=8.08 pop=2436
  mpx-135 cover: trials=116400000 overall=0.6699 a0_nochange=0.0000 a0_change=0.6877 a1_nochange=1.0000 a1_change=0.9920 matched_but_wrong=0
  mpx-135 acc: trials=116400000 accuracy=0.8903
  mpx-135 traj: trials=116520000 wall=199650s knowledge=0.6731 reliable=363 spec=8.10 pop=2206
  mpx-135 cover: trials=116520000 overall=0.6731 a0_nochange=0.0000 a0_change=0.6970 a1_nochange=1.0000 a1_change=0.9958 matched_but_wrong=0
  mpx-135 acc: trials=116520000 accuracy=0.8919
  mpx-135 traj: trials=116640000 wall=199763s knowledge=0.6718 reliable=361 spec=8.09 pop=2559
  mpx-135 cover: trials=116640000 overall=0.6718 a0_nochange=0.0000 a0_change=0.6955 a1_nochange=1.0000 a1_change=0.9920 matched_but_wrong=0
  mpx-135 acc: trials=116640000 accuracy=0.9102
  mpx-135 traj: trials=116760000 wall=199876s knowledge=0.6728 reliable=356 spec=8.08 pop=2518
  mpx-135 cover: trials=116760000 overall=0.6728 a0_nochange=0.0000 a0_change=0.6994 a1_nochange=1.0000 a1_change=0.9920 matched_but_wrong=0
  mpx-135 acc: trials=116760000 accuracy=0.8826
  mpx-135 traj: trials=116880000 wall=200001s knowledge=0.6717 reliable=355 spec=8.08 pop=2629
  mpx-135 cover: trials=116880000 overall=0.6717 a0_nochange=0.0000 a0_change=0.6933 a1_nochange=1.0000 a1_change=0.9938 matched_but_wrong=0
  mpx-135 acc: trials=116880000 accuracy=0.8997
  mpx-135 traj: trials=117000000 wall=200102s knowledge=0.6710 reliable=358 spec=8.09 pop=2787
  mpx-135 cover: trials=117000000 overall=0.6710 a0_nochange=0.0000 a0_change=0.6924 a1_nochange=1.0000 a1_change=0.9920 matched_but_wrong=0
  mpx-135 acc: trials=117000000 accuracy=0.8966
  mpx-135 traj: trials=117120000 wall=200208s knowledge=0.6712 reliable=366 spec=8.11 pop=2330
  mpx-135 cover: trials=117120000 overall=0.6712 a0_nochange=0.0000 a0_change=0.6928 a1_nochange=1.0000 a1_change=0.9922 matched_but_wrong=0
  mpx-135 acc: trials=117120000 accuracy=0.8787
  mpx-135 traj: trials=117240000 wall=200299s knowledge=0.6720 reliable=357 spec=8.09 pop=2437
  mpx-135 cover: trials=117240000 overall=0.6720 a0_nochange=0.0000 a0_change=0.6961 a1_nochange=1.0000 a1_change=0.9922 matched_but_wrong=0
  mpx-135 acc: trials=117240000 accuracy=0.8791
  mpx-135 traj: trials=117360000 wall=200413s knowledge=0.6718 reliable=353 spec=8.07 pop=2430
  mpx-135 cover: trials=117360000 overall=0.6718 a0_nochange=0.0000 a0_change=0.6956 a1_nochange=1.0000 a1_change=0.9920 matched_but_wrong=0
  mpx-135 acc: trials=117360000 accuracy=0.8870
  mpx-135 traj: trials=117480000 wall=200600s knowledge=0.6723 reliable=357 spec=8.08 pop=3208
  mpx-135 cover: trials=117480000 overall=0.6723 a0_nochange=0.0000 a0_change=0.6973 a1_nochange=1.0000 a1_change=0.9920 matched_but_wrong=0
  mpx-135 acc: trials=117480000 accuracy=0.8920
  mpx-135 traj: trials=117600000 wall=200694s knowledge=0.6733 reliable=360 spec=8.07 pop=2283
  mpx-135 cover: trials=117600000 overall=0.6733 a0_nochange=0.0000 a0_change=0.7013 a1_nochange=1.0000 a1_change=0.9920 matched_but_wrong=0
  mpx-135 acc: trials=117600000 accuracy=0.8789
  mpx-135 traj: trials=117720000 wall=200784s knowledge=0.6727 reliable=355 spec=8.07 pop=2225
  mpx-135 cover: trials=117720000 overall=0.6727 a0_nochange=0.0000 a0_change=0.6992 a1_nochange=1.0000 a1_change=0.9920 matched_but_wrong=0
  mpx-135 acc: trials=117720000 accuracy=0.8937
  mpx-135 traj: trials=117840000 wall=201023s knowledge=0.6728 reliable=361 spec=8.08 pop=2703
  mpx-135 cover: trials=117840000 overall=0.6728 a0_nochange=0.0000 a0_change=0.6996 a1_nochange=1.0000 a1_change=0.9920 matched_but_wrong=0
  mpx-135 acc: trials=117840000 accuracy=0.9143
  mpx-135 traj: trials=117960000 wall=201154s knowledge=0.6714 reliable=355 spec=8.08 pop=2239
  mpx-135 cover: trials=117960000 overall=0.6714 a0_nochange=0.0000 a0_change=0.6941 a1_nochange=1.0000 a1_change=0.9920 matched_but_wrong=0
  mpx-135 acc: trials=117960000 accuracy=0.9076
  mpx-135 traj: trials=118080000 wall=201267s knowledge=0.6720 reliable=363 spec=8.10 pop=2295
  mpx-135 cover: trials=118080000 overall=0.6720 a0_nochange=0.0000 a0_change=0.6941 a1_nochange=1.0000 a1_change=0.9941 matched_but_wrong=0
  mpx-135 acc: trials=118080000 accuracy=0.8948
  mpx-135 traj: trials=118200000 wall=201366s knowledge=0.6719 reliable=354 spec=8.10 pop=2646
  mpx-135 cover: trials=118200000 overall=0.6719 a0_nochange=0.0000 a0_change=0.6936 a1_nochange=1.0000 a1_change=0.9942 matched_but_wrong=0
  mpx-135 acc: trials=118200000 accuracy=0.8820
  mpx-135 traj: trials=118320000 wall=201478s knowledge=0.6711 reliable=353 spec=8.08 pop=2240
  mpx-135 cover: trials=118320000 overall=0.6711 a0_nochange=0.0000 a0_change=0.6928 a1_nochange=1.0000 a1_change=0.9920 matched_but_wrong=0
  mpx-135 acc: trials=118320000 accuracy=0.9039
  mpx-135 traj: trials=118440000 wall=201666s knowledge=0.6711 reliable=351 spec=8.08 pop=2623
  mpx-135 cover: trials=118440000 overall=0.6711 a0_nochange=0.0000 a0_change=0.6928 a1_nochange=1.0000 a1_change=0.9920 matched_but_wrong=0
  mpx-135 acc: trials=118440000 accuracy=0.8970
  mpx-135 traj: trials=118560000 wall=201759s knowledge=0.6711 reliable=352 spec=8.08 pop=2654
  mpx-135 cover: trials=118560000 overall=0.6711 a0_nochange=0.0000 a0_change=0.6928 a1_nochange=1.0000 a1_change=0.9920 matched_but_wrong=0
  mpx-135 acc: trials=118560000 accuracy=0.8885
  mpx-135 traj: trials=118680000 wall=201907s knowledge=0.6723 reliable=358 spec=8.10 pop=2273
  mpx-135 cover: trials=118680000 overall=0.6723 a0_nochange=0.0000 a0_change=0.6934 a1_nochange=1.0000 a1_change=0.9962 matched_but_wrong=0
  mpx-135 acc: trials=118680000 accuracy=0.9038
  mpx-135 traj: trials=118800000 wall=202025s knowledge=0.6724 reliable=359 spec=8.08 pop=2489
  mpx-135 cover: trials=118800000 overall=0.6724 a0_nochange=0.0000 a0_change=0.6938 a1_nochange=1.0000 a1_change=0.9958 matched_but_wrong=1
  mpx-135 acc: trials=118800000 accuracy=0.8805
  mpx-135 traj: trials=118920000 wall=202140s knowledge=0.6714 reliable=358 spec=8.06 pop=2331
  mpx-135 cover: trials=118920000 overall=0.6714 a0_nochange=0.0000 a0_change=0.6938 a1_nochange=1.0000 a1_change=0.9920 matched_but_wrong=0
  mpx-135 acc: trials=118920000 accuracy=0.8767
  mpx-135 traj: trials=119040000 wall=202335s knowledge=0.6726 reliable=354 spec=8.06 pop=2420
  mpx-135 cover: trials=119040000 overall=0.6726 a0_nochange=0.0000 a0_change=0.6987 a1_nochange=1.0000 a1_change=0.9920 matched_but_wrong=0
  mpx-135 acc: trials=119040000 accuracy=0.8880
  mpx-135 traj: trials=119160000 wall=202428s knowledge=0.6716 reliable=353 spec=8.05 pop=2427
  mpx-135 cover: trials=119160000 overall=0.6716 a0_nochange=0.0000 a0_change=0.6949 a1_nochange=1.0000 a1_change=0.9920 matched_but_wrong=0
  mpx-135 acc: trials=119160000 accuracy=0.9006
  mpx-135 traj: trials=119280000 wall=202512s knowledge=0.6723 reliable=355 spec=8.06 pop=2305
  mpx-135 cover: trials=119280000 overall=0.6723 a0_nochange=0.0000 a0_change=0.6974 a1_nochange=1.0000 a1_change=0.9920 matched_but_wrong=0
  mpx-135 acc: trials=119280000 accuracy=0.9028
  mpx-135 traj: trials=119400000 wall=202651s knowledge=0.6717 reliable=352 spec=8.07 pop=3210
  mpx-135 cover: trials=119400000 overall=0.6717 a0_nochange=0.0000 a0_change=0.6945 a1_nochange=1.0000 a1_change=0.9926 matched_but_wrong=0
  mpx-135 acc: trials=119400000 accuracy=0.8963
  mpx-135 traj: trials=119520000 wall=202783s knowledge=0.6714 reliable=353 spec=8.06 pop=2073
  mpx-135 cover: trials=119520000 overall=0.6714 a0_nochange=0.0000 a0_change=0.6938 a1_nochange=1.0000 a1_change=0.9920 matched_but_wrong=0
  mpx-135 acc: trials=119520000 accuracy=0.8993
  mpx-135 traj: trials=119640000 wall=202920s knowledge=0.6714 reliable=350 spec=8.06 pop=5102
  mpx-135 cover: trials=119640000 overall=0.6714 a0_nochange=0.0000 a0_change=0.6938 a1_nochange=1.0000 a1_change=0.9920 matched_but_wrong=0
  mpx-135 acc: trials=119640000 accuracy=0.8939
  mpx-135 traj: trials=119760000 wall=203122s knowledge=0.6741 reliable=355 spec=8.07 pop=2376
  mpx-135 cover: trials=119760000 overall=0.6741 a0_nochange=0.0000 a0_change=0.7047 a1_nochange=1.0000 a1_change=0.9920 matched_but_wrong=0
  mpx-135 acc: trials=119760000 accuracy=0.9102
  mpx-135 traj: trials=119880000 wall=203304s knowledge=0.6747 reliable=361 spec=8.10 pop=2330
  mpx-135 cover: trials=119880000 overall=0.6747 a0_nochange=0.0000 a0_change=0.7033 a1_nochange=1.0000 a1_change=0.9958 matched_but_wrong=0
  mpx-135 acc: trials=119880000 accuracy=0.8978
  mpx-135 traj: trials=120000000 wall=203395s knowledge=0.6730 reliable=357 spec=8.12 pop=2141
  mpx-135 cover: trials=120000000 overall=0.6730 a0_nochange=0.0000 a0_change=0.7002 a1_nochange=1.0000 a1_change=0.9920 matched_but_wrong=0
  mpx-135 acc: trials=120000000 accuracy=0.8874
  mpx-135 traj: trials=120120000 wall=203533s knowledge=0.6734 reliable=355 spec=8.10 pop=2267
  mpx-135 cover: trials=120120000 overall=0.6734 a0_nochange=0.0000 a0_change=0.7018 a1_nochange=1.0000 a1_change=0.9920 matched_but_wrong=0
  mpx-135 acc: trials=120120000 accuracy=0.8962
  mpx-135 traj: trials=120240000 wall=203646s knowledge=0.6732 reliable=353 spec=8.09 pop=2413
  mpx-135 cover: trials=120240000 overall=0.6732 a0_nochange=0.0000 a0_change=0.7011 a1_nochange=1.0000 a1_change=0.9920 matched_but_wrong=0
  mpx-135 acc: trials=120240000 accuracy=0.8888
  mpx-135 traj: trials=120360000 wall=203754s knowledge=0.6740 reliable=357 spec=8.08 pop=2399
  mpx-135 cover: trials=120360000 overall=0.6740 a0_nochange=0.0000 a0_change=0.7042 a1_nochange=1.0000 a1_change=0.9920 matched_but_wrong=0
  mpx-135 acc: trials=120360000 accuracy=0.8997
  mpx-135 traj: trials=120480000 wall=203898s knowledge=0.6734 reliable=362 spec=8.08 pop=2353
  mpx-135 cover: trials=120480000 overall=0.6734 a0_nochange=0.0000 a0_change=0.7009 a1_nochange=1.0000 a1_change=0.9929 matched_but_wrong=0
  mpx-135 acc: trials=120480000 accuracy=0.8819
  mpx-135 traj: trials=120600000 wall=204157s knowledge=0.6731 reliable=355 spec=8.09 pop=2558
  mpx-135 cover: trials=120600000 overall=0.6731 a0_nochange=0.0000 a0_change=0.6973 a1_nochange=1.0000 a1_change=0.9954 matched_but_wrong=0
  mpx-135 acc: trials=120600000 accuracy=0.8938
  mpx-135 traj: trials=120720000 wall=204245s knowledge=0.6737 reliable=351 spec=8.09 pop=2288
  mpx-135 cover: trials=120720000 overall=0.6737 a0_nochange=0.0000 a0_change=0.6994 a1_nochange=1.0000 a1_change=0.9958 matched_but_wrong=0
  mpx-135 acc: trials=120720000 accuracy=0.8896
  mpx-135 traj: trials=120840000 wall=204356s knowledge=0.6746 reliable=361 spec=8.09 pop=2419
  mpx-135 cover: trials=120840000 overall=0.6746 a0_nochange=0.0000 a0_change=0.7029 a1_nochange=1.0000 a1_change=0.9958 matched_but_wrong=0
  mpx-135 acc: trials=120840000 accuracy=0.8797
  mpx-135 traj: trials=120960000 wall=204489s knowledge=0.6744 reliable=370 spec=8.11 pop=2537
  mpx-135 cover: trials=120960000 overall=0.6744 a0_nochange=0.0000 a0_change=0.7014 a1_nochange=1.0000 a1_change=0.9964 matched_but_wrong=0
  mpx-135 acc: trials=120960000 accuracy=0.8922
  mpx-135 traj: trials=121080000 wall=204575s knowledge=0.6754 reliable=364 spec=8.13 pop=2215
  mpx-135 cover: trials=121080000 overall=0.6754 a0_nochange=0.0000 a0_change=0.7052 a1_nochange=1.0000 a1_change=0.9968 matched_but_wrong=0
  mpx-135 acc: trials=121080000 accuracy=0.8818
  mpx-135 traj: trials=121200000 wall=204663s knowledge=0.6730 reliable=358 spec=8.11 pop=2228
  mpx-135 cover: trials=121200000 overall=0.6730 a0_nochange=0.0000 a0_change=0.7003 a1_nochange=1.0000 a1_change=0.9920 matched_but_wrong=0
  mpx-135 acc: trials=121200000 accuracy=0.8872
  mpx-135 traj: trials=121320000 wall=204776s knowledge=0.6727 reliable=356 spec=8.11 pop=2605
  mpx-135 cover: trials=121320000 overall=0.6727 a0_nochange=0.0000 a0_change=0.6991 a1_nochange=1.0000 a1_change=0.9920 matched_but_wrong=0
  mpx-135 acc: trials=121320000 accuracy=0.8945
  mpx-135 traj: trials=121440000 wall=204895s knowledge=0.6730 reliable=357 spec=8.05 pop=2355
  mpx-135 cover: trials=121440000 overall=0.6730 a0_nochange=0.0000 a0_change=0.7001 a1_nochange=1.0000 a1_change=0.9920 matched_but_wrong=0
  mpx-135 acc: trials=121440000 accuracy=0.8998
  mpx-135 traj: trials=121560000 wall=205058s knowledge=0.6724 reliable=356 spec=8.04 pop=2549
  mpx-135 cover: trials=121560000 overall=0.6724 a0_nochange=0.0000 a0_change=0.6979 a1_nochange=1.0000 a1_change=0.9920 matched_but_wrong=0
  mpx-135 acc: trials=121560000 accuracy=0.8995
  mpx-135 traj: trials=121680000 wall=205187s knowledge=0.6723 reliable=349 spec=8.05 pop=2282
  mpx-135 cover: trials=121680000 overall=0.6723 a0_nochange=0.0000 a0_change=0.6951 a1_nochange=1.0000 a1_change=0.9942 matched_but_wrong=0
  mpx-135 acc: trials=121680000 accuracy=0.8949
  mpx-135 traj: trials=121800000 wall=205302s knowledge=0.6725 reliable=353 spec=8.05 pop=2710
  mpx-135 cover: trials=121800000 overall=0.6725 a0_nochange=0.0000 a0_change=0.6960 a1_nochange=1.0000 a1_change=0.9942 matched_but_wrong=0
  mpx-135 acc: trials=121800000 accuracy=0.8935
  mpx-135 traj: trials=121920000 wall=205422s knowledge=0.6726 reliable=353 spec=8.05 pop=2661
  mpx-135 cover: trials=121920000 overall=0.6726 a0_nochange=0.0000 a0_change=0.6987 a1_nochange=1.0000 a1_change=0.9920 matched_but_wrong=0
  mpx-135 acc: trials=121920000 accuracy=0.9083
  mpx-135 traj: trials=122040000 wall=205499s knowledge=0.6726 reliable=358 spec=8.10 pop=2297
  mpx-135 cover: trials=122040000 overall=0.6726 a0_nochange=0.0000 a0_change=0.6985 a1_nochange=1.0000 a1_change=0.9922 matched_but_wrong=3
  mpx-135 acc: trials=122040000 accuracy=0.8972
  mpx-135 traj: trials=122160000 wall=205602s knowledge=0.6721 reliable=360 spec=8.12 pop=2462
  mpx-135 cover: trials=122160000 overall=0.6721 a0_nochange=0.0000 a0_change=0.6964 a1_nochange=1.0000 a1_change=0.9922 matched_but_wrong=1
  mpx-135 acc: trials=122160000 accuracy=0.8773
  mpx-135 traj: trials=122280000 wall=205809s knowledge=0.6718 reliable=358 spec=8.10 pop=2163
  mpx-135 cover: trials=122280000 overall=0.6718 a0_nochange=0.0000 a0_change=0.6954 a1_nochange=1.0000 a1_change=0.9922 matched_but_wrong=0
  mpx-135 acc: trials=122280000 accuracy=0.9013
  mpx-135 traj: trials=122400000 wall=205915s knowledge=0.6727 reliable=367 spec=8.10 pop=2265
  mpx-135 cover: trials=122400000 overall=0.6727 a0_nochange=0.0000 a0_change=0.6988 a1_nochange=1.0000 a1_change=0.9922 matched_but_wrong=0
  mpx-135 acc: trials=122400000 accuracy=0.8956
  mpx-135 traj: trials=122520000 wall=206009s knowledge=0.6724 reliable=361 spec=8.09 pop=2782
  mpx-135 cover: trials=122520000 overall=0.6724 a0_nochange=0.0000 a0_change=0.6981 a1_nochange=1.0000 a1_change=0.9920 matched_but_wrong=0
  mpx-135 acc: trials=122520000 accuracy=0.8918
  mpx-135 traj: trials=122640000 wall=206124s knowledge=0.6724 reliable=356 spec=8.09 pop=2734
  mpx-135 cover: trials=122640000 overall=0.6724 a0_nochange=0.0000 a0_change=0.6981 a1_nochange=1.0000 a1_change=0.9920 matched_but_wrong=0
  mpx-135 acc: trials=122640000 accuracy=0.8976
  mpx-135 traj: trials=122760000 wall=206258s knowledge=0.6728 reliable=360 spec=8.09 pop=3006
  mpx-135 cover: trials=122760000 overall=0.6728 a0_nochange=0.0000 a0_change=0.6996 a1_nochange=1.0000 a1_change=0.9920 matched_but_wrong=0
  mpx-135 acc: trials=122760000 accuracy=0.8634
  mpx-135 traj: trials=122880000 wall=206388s knowledge=0.6731 reliable=356 spec=8.08 pop=2702
  mpx-135 cover: trials=122880000 overall=0.6731 a0_nochange=0.0000 a0_change=0.7007 a1_nochange=1.0000 a1_change=0.9920 matched_but_wrong=0
  mpx-135 acc: trials=122880000 accuracy=0.8865
  mpx-135 traj: trials=123000000 wall=206533s knowledge=0.6734 reliable=356 spec=8.08 pop=2414
  mpx-135 cover: trials=123000000 overall=0.6734 a0_nochange=0.0000 a0_change=0.6979 a1_nochange=1.0000 a1_change=0.9958 matched_but_wrong=0
  mpx-135 acc: trials=123000000 accuracy=0.9121
  mpx-135 traj: trials=123120000 wall=206722s knowledge=0.6734 reliable=360 spec=8.07 pop=4006
  mpx-135 cover: trials=123120000 overall=0.6734 a0_nochange=0.0000 a0_change=0.6981 a1_nochange=1.0000 a1_change=0.9958 matched_but_wrong=0
  mpx-135 acc: trials=123120000 accuracy=0.8936
  mpx-135 traj: trials=123240000 wall=206808s knowledge=0.6741 reliable=360 spec=8.06 pop=2129
  mpx-135 cover: trials=123240000 overall=0.6741 a0_nochange=0.0000 a0_change=0.7009 a1_nochange=1.0000 a1_change=0.9958 matched_but_wrong=0
  mpx-135 acc: trials=123240000 accuracy=0.9033
  mpx-135 traj: trials=123360000 wall=206938s knowledge=0.6751 reliable=360 spec=8.06 pop=2598
  mpx-135 cover: trials=123360000 overall=0.6751 a0_nochange=0.0000 a0_change=0.7048 a1_nochange=1.0000 a1_change=0.9958 matched_but_wrong=0
  mpx-135 acc: trials=123360000 accuracy=0.8969
  mpx-135 traj: trials=123480000 wall=207173s knowledge=0.6741 reliable=356 spec=8.04 pop=3182
  mpx-135 cover: trials=123480000 overall=0.6741 a0_nochange=0.0000 a0_change=0.7047 a1_nochange=1.0000 a1_change=0.9920 matched_but_wrong=0
  mpx-135 acc: trials=123480000 accuracy=0.9072
  mpx-135 traj: trials=123600000 wall=207261s knowledge=0.6745 reliable=359 spec=8.05 pop=2356
  mpx-135 cover: trials=123600000 overall=0.6745 a0_nochange=0.0000 a0_change=0.7065 a1_nochange=1.0000 a1_change=0.9920 matched_but_wrong=0
  mpx-135 acc: trials=123600000 accuracy=0.8876
  mpx-135 traj: trials=123720000 wall=207374s knowledge=0.6746 reliable=356 spec=8.06 pop=2442
  mpx-135 cover: trials=123720000 overall=0.6746 a0_nochange=0.0000 a0_change=0.7067 a1_nochange=1.0000 a1_change=0.9920 matched_but_wrong=0
  mpx-135 acc: trials=123720000 accuracy=0.8908
  mpx-135 traj: trials=123840000 wall=207467s knowledge=0.6754 reliable=354 spec=8.06 pop=2223
  mpx-135 cover: trials=123840000 overall=0.6754 a0_nochange=0.0000 a0_change=0.7097 a1_nochange=1.0000 a1_change=0.9920 matched_but_wrong=0
  mpx-135 acc: trials=123840000 accuracy=0.8968
  mpx-135 traj: trials=123960000 wall=207567s knowledge=0.6754 reliable=357 spec=8.06 pop=2333
  mpx-135 cover: trials=123960000 overall=0.6754 a0_nochange=0.0000 a0_change=0.7097 a1_nochange=1.0000 a1_change=0.9920 matched_but_wrong=0
  mpx-135 acc: trials=123960000 accuracy=0.9070
  mpx-135 traj: trials=124080000 wall=207702s knowledge=0.6762 reliable=368 spec=8.05 pop=2169
  mpx-135 cover: trials=124080000 overall=0.6762 a0_nochange=0.0000 a0_change=0.7109 a1_nochange=1.0000 a1_change=0.9942 matched_but_wrong=0
  mpx-135 acc: trials=124080000 accuracy=0.8898
  mpx-135 traj: trials=124200000 wall=207847s knowledge=0.6773 reliable=360 spec=8.05 pop=2423
  mpx-135 cover: trials=124200000 overall=0.6773 a0_nochange=0.0000 a0_change=0.7174 a1_nochange=1.0000 a1_change=0.9920 matched_but_wrong=0
  mpx-135 acc: trials=124200000 accuracy=0.9011
  mpx-135 traj: trials=124320000 wall=207949s knowledge=0.6763 reliable=361 spec=8.04 pop=2353
  mpx-135 cover: trials=124320000 overall=0.6763 a0_nochange=0.0000 a0_change=0.7136 a1_nochange=1.0000 a1_change=0.9920 matched_but_wrong=0
  mpx-135 acc: trials=124320000 accuracy=0.9089
  mpx-135 traj: trials=124440000 wall=208047s knowledge=0.6757 reliable=364 spec=8.04 pop=2413
  mpx-135 cover: trials=124440000 overall=0.6757 a0_nochange=0.0000 a0_change=0.7110 a1_nochange=1.0000 a1_change=0.9920 matched_but_wrong=0
  mpx-135 acc: trials=124440000 accuracy=0.9106
  mpx-135 traj: trials=124560000 wall=208134s knowledge=0.6759 reliable=358 spec=8.05 pop=2332
  mpx-135 cover: trials=124560000 overall=0.6759 a0_nochange=0.0000 a0_change=0.7110 a1_nochange=1.0000 a1_change=0.9930 matched_but_wrong=0
  mpx-135 acc: trials=124560000 accuracy=0.8823
  mpx-135 traj: trials=124680000 wall=208255s knowledge=0.6753 reliable=360 spec=8.04 pop=2338
  mpx-135 cover: trials=124680000 overall=0.6753 a0_nochange=0.0000 a0_change=0.7093 a1_nochange=1.0000 a1_change=0.9920 matched_but_wrong=0
  mpx-135 acc: trials=124680000 accuracy=0.8882
  mpx-135 traj: trials=124800000 wall=208463s knowledge=0.6754 reliable=356 spec=8.05 pop=2392
  mpx-135 cover: trials=124800000 overall=0.6754 a0_nochange=0.0000 a0_change=0.7100 a1_nochange=1.0000 a1_change=0.9920 matched_but_wrong=0
  mpx-135 acc: trials=124800000 accuracy=0.9040
  mpx-135 traj: trials=124920000 wall=208578s knowledge=0.6754 reliable=352 spec=8.05 pop=2588
  mpx-135 cover: trials=124920000 overall=0.6754 a0_nochange=0.0000 a0_change=0.7100 a1_nochange=1.0000 a1_change=0.9920 matched_but_wrong=0
  mpx-135 acc: trials=124920000 accuracy=0.8872
  mpx-135 traj: trials=125040000 wall=208758s knowledge=0.6754 reliable=352 spec=8.05 pop=2439
  mpx-135 cover: trials=125040000 overall=0.6754 a0_nochange=0.0000 a0_change=0.7100 a1_nochange=1.0000 a1_change=0.9920 matched_but_wrong=0
  mpx-135 acc: trials=125040000 accuracy=0.8945
  mpx-135 traj: trials=125160000 wall=209067s knowledge=0.6766 reliable=355 spec=8.05 pop=2462
  mpx-135 cover: trials=125160000 overall=0.6766 a0_nochange=0.0000 a0_change=0.7148 a1_nochange=1.0000 a1_change=0.9920 matched_but_wrong=0
  mpx-135 acc: trials=125160000 accuracy=0.8898
  mpx-135 traj: trials=125280000 wall=209150s knowledge=0.6788 reliable=358 spec=8.05 pop=2229
  mpx-135 cover: trials=125280000 overall=0.6788 a0_nochange=0.0000 a0_change=0.7214 a1_nochange=1.0000 a1_change=0.9942 matched_but_wrong=0
  mpx-135 acc: trials=125280000 accuracy=0.8974
  mpx-135 traj: trials=125400000 wall=209307s knowledge=0.6770 reliable=357 spec=8.05 pop=2108
  mpx-135 cover: trials=125400000 overall=0.6770 a0_nochange=0.0000 a0_change=0.7143 a1_nochange=1.0000 a1_change=0.9942 matched_but_wrong=0
  mpx-135 acc: trials=125400000 accuracy=0.9144
  mpx-135 traj: trials=125520000 wall=209471s knowledge=0.6755 reliable=358 spec=8.06 pop=2247
  mpx-135 cover: trials=125520000 overall=0.6755 a0_nochange=0.0000 a0_change=0.7105 a1_nochange=1.0000 a1_change=0.9920 matched_but_wrong=4
  mpx-135 acc: trials=125520000 accuracy=0.8900
  mpx-135 traj: trials=125640000 wall=209598s knowledge=0.6759 reliable=354 spec=8.05 pop=2156
  mpx-135 cover: trials=125640000 overall=0.6759 a0_nochange=0.0000 a0_change=0.7100 a1_nochange=1.0000 a1_change=0.9939 matched_but_wrong=0
  mpx-135 acc: trials=125640000 accuracy=0.9091
  mpx-135 traj: trials=125760000 wall=209713s knowledge=0.6760 reliable=353 spec=8.04 pop=2337
  mpx-135 cover: trials=125760000 overall=0.6760 a0_nochange=0.0000 a0_change=0.7100 a1_nochange=1.0000 a1_change=0.9942 matched_but_wrong=0
  mpx-135 acc: trials=125760000 accuracy=0.9020
  mpx-135 traj: trials=125880000 wall=209845s knowledge=0.6763 reliable=362 spec=8.09 pop=2516
  mpx-135 cover: trials=125880000 overall=0.6763 a0_nochange=0.0000 a0_change=0.7103 a1_nochange=1.0000 a1_change=0.9950 matched_but_wrong=0
  mpx-135 acc: trials=125880000 accuracy=0.9035
  mpx-135 traj: trials=126000000 wall=209985s knowledge=0.6763 reliable=362 spec=8.09 pop=3531
  mpx-135 cover: trials=126000000 overall=0.6763 a0_nochange=0.0000 a0_change=0.7105 a1_nochange=1.0000 a1_change=0.9950 matched_but_wrong=0
  mpx-135 acc: trials=126000000 accuracy=0.8933
  mpx-135 traj: trials=126120000 wall=210143s knowledge=0.6779 reliable=362 spec=8.07 pop=2690
  mpx-135 cover: trials=126120000 overall=0.6779 a0_nochange=0.0000 a0_change=0.7167 a1_nochange=1.0000 a1_change=0.9950 matched_but_wrong=0
  mpx-135 acc: trials=126120000 accuracy=0.8973
  mpx-135 traj: trials=126240000 wall=210250s knowledge=0.6790 reliable=365 spec=8.07 pop=2361
  mpx-135 cover: trials=126240000 overall=0.6790 a0_nochange=0.0000 a0_change=0.7213 a1_nochange=1.0000 a1_change=0.9950 matched_but_wrong=0
  mpx-135 acc: trials=126240000 accuracy=0.8912
  mpx-135 traj: trials=126360000 wall=210342s knowledge=0.6796 reliable=368 spec=8.10 pop=2247
  mpx-135 cover: trials=126360000 overall=0.6796 a0_nochange=0.0000 a0_change=0.7238 a1_nochange=1.0000 a1_change=0.9950 matched_but_wrong=0
  mpx-135 acc: trials=126360000 accuracy=0.9130
  mpx-135 traj: trials=126480000 wall=210479s knowledge=0.6801 reliable=364 spec=8.10 pop=2453
  mpx-135 cover: trials=126480000 overall=0.6801 a0_nochange=0.0000 a0_change=0.7257 a1_nochange=1.0000 a1_change=0.9950 matched_but_wrong=0
  mpx-135 acc: trials=126480000 accuracy=0.9073
  mpx-135 traj: trials=126600000 wall=210610s knowledge=0.6802 reliable=370 spec=8.11 pop=2427
  mpx-135 cover: trials=126600000 overall=0.6802 a0_nochange=0.0000 a0_change=0.7263 a1_nochange=1.0000 a1_change=0.9948 matched_but_wrong=0
  mpx-135 acc: trials=126600000 accuracy=0.9245
  mpx-135 traj: trials=126720000 wall=210733s knowledge=0.6789 reliable=364 spec=8.10 pop=2307
  mpx-135 cover: trials=126720000 overall=0.6789 a0_nochange=0.0000 a0_change=0.7209 a1_nochange=1.0000 a1_change=0.9948 matched_but_wrong=0
  mpx-135 acc: trials=126720000 accuracy=0.8964
  mpx-135 traj: trials=126840000 wall=210852s knowledge=0.6770 reliable=358 spec=8.08 pop=2411
  mpx-135 cover: trials=126840000 overall=0.6770 a0_nochange=0.0000 a0_change=0.7135 a1_nochange=1.0000 a1_change=0.9948 matched_but_wrong=0
  mpx-135 acc: trials=126840000 accuracy=0.8995
  mpx-135 traj: trials=126960000 wall=210947s knowledge=0.6768 reliable=358 spec=8.08 pop=2361
  mpx-135 cover: trials=126960000 overall=0.6768 a0_nochange=0.0000 a0_change=0.7129 a1_nochange=1.0000 a1_change=0.9948 matched_but_wrong=0
  mpx-135 acc: trials=126960000 accuracy=0.8971
  mpx-135 traj: trials=127080000 wall=211044s knowledge=0.6777 reliable=362 spec=8.08 pop=2226
  mpx-135 cover: trials=127080000 overall=0.6777 a0_nochange=0.0000 a0_change=0.7111 a1_nochange=1.0000 a1_change=1.0000 matched_but_wrong=0
  mpx-135 acc: trials=127080000 accuracy=0.8993
  mpx-135 traj: trials=127200000 wall=211148s knowledge=0.6783 reliable=370 spec=8.09 pop=2200
  mpx-135 cover: trials=127200000 overall=0.6783 a0_nochange=0.0000 a0_change=0.7136 a1_nochange=1.0000 a1_change=1.0000 matched_but_wrong=0
  mpx-135 acc: trials=127200000 accuracy=0.9071
  mpx-135 traj: trials=127320000 wall=211331s knowledge=0.6807 reliable=360 spec=8.07 pop=2451
  mpx-135 cover: trials=127320000 overall=0.6807 a0_nochange=0.0000 a0_change=0.7232 a1_nochange=1.0000 a1_change=1.0000 matched_but_wrong=0
  mpx-135 acc: trials=127320000 accuracy=0.8959
  mpx-135 traj: trials=127440000 wall=211427s knowledge=0.6807 reliable=361 spec=8.07 pop=5314
  mpx-135 cover: trials=127440000 overall=0.6807 a0_nochange=0.0000 a0_change=0.7233 a1_nochange=1.0000 a1_change=1.0000 matched_but_wrong=0
  mpx-135 acc: trials=127440000 accuracy=0.8996
  mpx-135 traj: trials=127560000 wall=211645s knowledge=0.6783 reliable=360 spec=8.04 pop=3069
  mpx-135 cover: trials=127560000 overall=0.6783 a0_nochange=0.0000 a0_change=0.7178 a1_nochange=1.0000 a1_change=0.9958 matched_but_wrong=0
  mpx-135 acc: trials=127560000 accuracy=0.9015
  mpx-135 traj: trials=127680000 wall=211795s knowledge=0.6790 reliable=355 spec=8.05 pop=2271
  mpx-135 cover: trials=127680000 overall=0.6790 a0_nochange=0.0000 a0_change=0.7206 a1_nochange=1.0000 a1_change=0.9958 matched_but_wrong=0
  mpx-135 acc: trials=127680000 accuracy=0.9068
  mpx-135 traj: trials=127800000 wall=211906s knowledge=0.6789 reliable=360 spec=8.06 pop=2559
  mpx-135 cover: trials=127800000 overall=0.6789 a0_nochange=0.0000 a0_change=0.7199 a1_nochange=1.0000 a1_change=0.9958 matched_but_wrong=0
  mpx-135 acc: trials=127800000 accuracy=0.9094
  mpx-135 traj: trials=127920000 wall=212043s knowledge=0.6789 reliable=364 spec=8.06 pop=2267
  mpx-135 cover: trials=127920000 overall=0.6789 a0_nochange=0.0000 a0_change=0.7199 a1_nochange=1.0000 a1_change=0.9958 matched_but_wrong=0
  mpx-135 acc: trials=127920000 accuracy=0.9128
  mpx-135 traj: trials=128040000 wall=212139s knowledge=0.6791 reliable=360 spec=8.07 pop=2529
  mpx-135 cover: trials=128040000 overall=0.6791 a0_nochange=0.0000 a0_change=0.7209 a1_nochange=1.0000 a1_change=0.9958 matched_but_wrong=9
  mpx-135 acc: trials=128040000 accuracy=0.8919
  mpx-135 traj: trials=128160000 wall=212237s knowledge=0.6797 reliable=357 spec=8.08 pop=6503
  mpx-135 cover: trials=128160000 overall=0.6797 a0_nochange=0.0000 a0_change=0.7232 a1_nochange=1.0000 a1_change=0.9958 matched_but_wrong=0
  mpx-135 acc: trials=128160000 accuracy=0.9047
  mpx-135 traj: trials=128280000 wall=212384s knowledge=0.6803 reliable=360 spec=8.08 pop=2551
  mpx-135 cover: trials=128280000 overall=0.6803 a0_nochange=0.0000 a0_change=0.7256 a1_nochange=1.0000 a1_change=0.9958 matched_but_wrong=0
  mpx-135 acc: trials=128280000 accuracy=0.9033
  mpx-135 traj: trials=128400000 wall=212502s knowledge=0.6787 reliable=357 spec=8.08 pop=2354
  mpx-135 cover: trials=128400000 overall=0.6787 a0_nochange=0.0000 a0_change=0.7194 a1_nochange=1.0000 a1_change=0.9958 matched_but_wrong=0
  mpx-135 acc: trials=128400000 accuracy=0.9173
  mpx-135 traj: trials=128520000 wall=212599s knowledge=0.6789 reliable=366 spec=8.08 pop=2124
  mpx-135 cover: trials=128520000 overall=0.6789 a0_nochange=0.0000 a0_change=0.7200 a1_nochange=1.0000 a1_change=0.9958 matched_but_wrong=0
  mpx-135 acc: trials=128520000 accuracy=0.9115
  mpx-135 traj: trials=128640000 wall=212723s knowledge=0.6792 reliable=358 spec=8.07 pop=2458
  mpx-135 cover: trials=128640000 overall=0.6792 a0_nochange=0.0000 a0_change=0.7211 a1_nochange=1.0000 a1_change=0.9958 matched_but_wrong=0
  mpx-135 acc: trials=128640000 accuracy=0.9042
  mpx-135 traj: trials=128760000 wall=212857s knowledge=0.6794 reliable=368 spec=8.09 pop=2392
  mpx-135 cover: trials=128760000 overall=0.6794 a0_nochange=0.0000 a0_change=0.7213 a1_nochange=1.0000 a1_change=0.9964 matched_but_wrong=0
  mpx-135 acc: trials=128760000 accuracy=0.9107
  mpx-135 traj: trials=128880000 wall=213005s knowledge=0.6823 reliable=373 spec=8.08 pop=2365
  mpx-135 cover: trials=128880000 overall=0.6823 a0_nochange=0.0000 a0_change=0.7294 a1_nochange=1.0000 a1_change=1.0000 matched_but_wrong=0
  mpx-135 acc: trials=128880000 accuracy=0.9145
  mpx-135 traj: trials=129000000 wall=213089s knowledge=0.6827 reliable=362 spec=8.08 pop=2243
  mpx-135 cover: trials=129000000 overall=0.6827 a0_nochange=0.0000 a0_change=0.7309 a1_nochange=1.0000 a1_change=1.0000 matched_but_wrong=0
  mpx-135 acc: trials=129000000 accuracy=0.9018
  mpx-135 traj: trials=129120000 wall=213200s knowledge=0.6829 reliable=364 spec=8.08 pop=2601
  mpx-135 cover: trials=129120000 overall=0.6829 a0_nochange=0.0000 a0_change=0.7319 a1_nochange=1.0000 a1_change=1.0000 matched_but_wrong=0
  mpx-135 acc: trials=129120000 accuracy=0.9209
  mpx-135 traj: trials=129240000 wall=213296s knowledge=0.6833 reliable=367 spec=8.09 pop=2358
  mpx-135 cover: trials=129240000 overall=0.6833 a0_nochange=0.0000 a0_change=0.7333 a1_nochange=1.0000 a1_change=1.0000 matched_but_wrong=0
  mpx-135 acc: trials=129240000 accuracy=0.9027
  mpx-135 traj: trials=129360000 wall=213393s knowledge=0.6823 reliable=364 spec=8.08 pop=2089
  mpx-135 cover: trials=129360000 overall=0.6823 a0_nochange=0.0000 a0_change=0.7294 a1_nochange=1.0000 a1_change=1.0000 matched_but_wrong=0
  mpx-135 acc: trials=129360000 accuracy=0.8916
  mpx-135 traj: trials=129480000 wall=213496s knowledge=0.6823 reliable=364 spec=8.08 pop=2294
  mpx-135 cover: trials=129480000 overall=0.6823 a0_nochange=0.0000 a0_change=0.7294 a1_nochange=1.0000 a1_change=1.0000 matched_but_wrong=0
  mpx-135 acc: trials=129480000 accuracy=0.9085
  mpx-135 traj: trials=129600000 wall=213651s knowledge=0.6816 reliable=368 spec=8.07 pop=2341
  mpx-135 cover: trials=129600000 overall=0.6816 a0_nochange=0.0000 a0_change=0.7266 a1_nochange=1.0000 a1_change=1.0000 matched_but_wrong=0
  mpx-135 acc: trials=129600000 accuracy=0.9220
  mpx-135 traj: trials=129720000 wall=213919s knowledge=0.6818 reliable=358 spec=8.06 pop=2519
  mpx-135 cover: trials=129720000 overall=0.6818 a0_nochange=0.0000 a0_change=0.7275 a1_nochange=1.0000 a1_change=1.0000 matched_but_wrong=0
  mpx-135 acc: trials=129720000 accuracy=0.9174
  mpx-135 traj: trials=129840000 wall=214009s knowledge=0.6813 reliable=357 spec=8.06 pop=2227
  mpx-135 cover: trials=129840000 overall=0.6813 a0_nochange=0.0000 a0_change=0.7253 a1_nochange=1.0000 a1_change=1.0000 matched_but_wrong=4
  mpx-135 acc: trials=129840000 accuracy=0.9049
  mpx-135 traj: trials=129960000 wall=214095s knowledge=0.6825 reliable=362 spec=8.06 pop=2279
  mpx-135 cover: trials=129960000 overall=0.6825 a0_nochange=0.0000 a0_change=0.7303 a1_nochange=1.0000 a1_change=1.0000 matched_but_wrong=0
  mpx-135 acc: trials=129960000 accuracy=0.8979
  mpx-135 traj: trials=130080000 wall=214210s knowledge=0.6849 reliable=363 spec=8.07 pop=2227
  mpx-135 cover: trials=130080000 overall=0.6849 a0_nochange=0.0000 a0_change=0.7399 a1_nochange=1.0000 a1_change=1.0000 matched_but_wrong=0
  mpx-135 acc: trials=130080000 accuracy=0.9139
  mpx-135 traj: trials=130200000 wall=214304s knowledge=0.6845 reliable=369 spec=8.07 pop=2338
  mpx-135 cover: trials=130200000 overall=0.6845 a0_nochange=0.0000 a0_change=0.7383 a1_nochange=1.0000 a1_change=1.0000 matched_but_wrong=0
  mpx-135 acc: trials=130200000 accuracy=0.9079
  mpx-135 traj: trials=130320000 wall=214412s knowledge=0.6856 reliable=366 spec=8.06 pop=2252
  mpx-135 cover: trials=130320000 overall=0.6856 a0_nochange=0.0000 a0_change=0.7426 a1_nochange=1.0000 a1_change=1.0000 matched_but_wrong=0
  mpx-135 acc: trials=130320000 accuracy=0.9254
  mpx-135 traj: trials=130440000 wall=214506s knowledge=0.6838 reliable=362 spec=8.06 pop=2221
  mpx-135 cover: trials=130440000 overall=0.6838 a0_nochange=0.0000 a0_change=0.7357 a1_nochange=1.0000 a1_change=1.0000 matched_but_wrong=0
  mpx-135 acc: trials=130440000 accuracy=0.9014
  mpx-135 traj: trials=130560000 wall=214848s knowledge=0.6842 reliable=362 spec=8.05 pop=2276
  mpx-135 cover: trials=130560000 overall=0.6842 a0_nochange=0.0000 a0_change=0.7372 a1_nochange=1.0000 a1_change=1.0000 matched_but_wrong=0
  mpx-135 acc: trials=130560000 accuracy=0.9035
  mpx-135 traj: trials=130680000 wall=214976s knowledge=0.6842 reliable=365 spec=8.05 pop=2368
  mpx-135 cover: trials=130680000 overall=0.6842 a0_nochange=0.0000 a0_change=0.7372 a1_nochange=1.0000 a1_change=1.0000 matched_but_wrong=0
  mpx-135 acc: trials=130680000 accuracy=0.9072
  mpx-135 traj: trials=130800000 wall=215061s knowledge=0.6837 reliable=361 spec=8.05 pop=2200
  mpx-135 cover: trials=130800000 overall=0.6837 a0_nochange=0.0000 a0_change=0.7352 a1_nochange=1.0000 a1_change=1.0000 matched_but_wrong=0
  mpx-135 acc: trials=130800000 accuracy=0.8999
  mpx-135 traj: trials=130920000 wall=215239s knowledge=0.6816 reliable=363 spec=8.05 pop=2473
  mpx-135 cover: trials=130920000 overall=0.6816 a0_nochange=0.0000 a0_change=0.7266 a1_nochange=1.0000 a1_change=1.0000 matched_but_wrong=0
  mpx-135 acc: trials=130920000 accuracy=0.8981
  mpx-135 traj: trials=131040000 wall=215394s knowledge=0.6816 reliable=358 spec=8.05 pop=3099
  mpx-135 cover: trials=131040000 overall=0.6816 a0_nochange=0.0000 a0_change=0.7266 a1_nochange=1.0000 a1_change=1.0000 matched_but_wrong=0
  mpx-135 acc: trials=131040000 accuracy=0.9156
  mpx-135 traj: trials=131160000 wall=215534s knowledge=0.6816 reliable=357 spec=8.05 pop=2177
  mpx-135 cover: trials=131160000 overall=0.6816 a0_nochange=0.0000 a0_change=0.7266 a1_nochange=1.0000 a1_change=1.0000 matched_but_wrong=0
  mpx-135 acc: trials=131160000 accuracy=0.9054
  mpx-135 traj: trials=131280000 wall=215968s knowledge=0.6836 reliable=362 spec=8.05 pop=4400
  mpx-135 cover: trials=131280000 overall=0.6836 a0_nochange=0.0000 a0_change=0.7347 a1_nochange=1.0000 a1_change=1.0000 matched_but_wrong=0
  mpx-135 acc: trials=131280000 accuracy=0.9141
  mpx-135 traj: trials=131400000 wall=216138s knowledge=0.6826 reliable=363 spec=8.06 pop=2482
  mpx-135 cover: trials=131400000 overall=0.6826 a0_nochange=0.0000 a0_change=0.7308 a1_nochange=1.0000 a1_change=1.0000 matched_but_wrong=0
  mpx-135 acc: trials=131400000 accuracy=0.9114
  mpx-135 traj: trials=131520000 wall=216238s knowledge=0.6826 reliable=363 spec=8.06 pop=2574
  mpx-135 cover: trials=131520000 overall=0.6826 a0_nochange=0.0000 a0_change=0.7308 a1_nochange=1.0000 a1_change=1.0000 matched_but_wrong=0
  mpx-135 acc: trials=131520000 accuracy=0.9032
  mpx-135 traj: trials=131640000 wall=216386s knowledge=0.6831 reliable=364 spec=8.06 pop=2289
  mpx-135 cover: trials=131640000 overall=0.6831 a0_nochange=0.0000 a0_change=0.7325 a1_nochange=1.0000 a1_change=1.0000 matched_but_wrong=0
  mpx-135 acc: trials=131640000 accuracy=0.9041
  mpx-135 traj: trials=131760000 wall=216528s knowledge=0.6816 reliable=363 spec=8.06 pop=2222
  mpx-135 cover: trials=131760000 overall=0.6816 a0_nochange=0.0000 a0_change=0.7269 a1_nochange=1.0000 a1_change=1.0000 matched_but_wrong=0
  mpx-135 acc: trials=131760000 accuracy=0.8929
  mpx-135 traj: trials=131880000 wall=216697s knowledge=0.6816 reliable=359 spec=8.06 pop=2500
  mpx-135 cover: trials=131880000 overall=0.6816 a0_nochange=0.0000 a0_change=0.7269 a1_nochange=1.0000 a1_change=1.0000 matched_but_wrong=0
  mpx-135 acc: trials=131880000 accuracy=0.8998
  mpx-135 traj: trials=132000000 wall=217262s knowledge=0.6828 reliable=364 spec=8.06 pop=2451
  mpx-135 cover: trials=132000000 overall=0.6828 a0_nochange=0.0000 a0_change=0.7315 a1_nochange=1.0000 a1_change=1.0000 matched_but_wrong=0
  mpx-135 acc: trials=132000000 accuracy=0.9202
  mpx-135 traj: trials=132120000 wall=217449s knowledge=0.6817 reliable=360 spec=8.07 pop=2479
  mpx-135 cover: trials=132120000 overall=0.6817 a0_nochange=0.0000 a0_change=0.7271 a1_nochange=1.0000 a1_change=1.0000 matched_but_wrong=2
  mpx-135 acc: trials=132120000 accuracy=0.9016
  mpx-135 traj: trials=132240000 wall=217594s knowledge=0.6817 reliable=359 spec=8.06 pop=2622
  mpx-135 cover: trials=132240000 overall=0.6817 a0_nochange=0.0000 a0_change=0.7270 a1_nochange=1.0000 a1_change=1.0000 matched_but_wrong=0
  mpx-135 acc: trials=132240000 accuracy=0.8887
  mpx-135 traj: trials=132360000 wall=217756s knowledge=0.6818 reliable=357 spec=8.05 pop=2324
  mpx-135 cover: trials=132360000 overall=0.6818 a0_nochange=0.0000 a0_change=0.7275 a1_nochange=1.0000 a1_change=1.0000 matched_but_wrong=0
  mpx-135 acc: trials=132360000 accuracy=0.9138
  mpx-135 traj: trials=132480000 wall=217929s knowledge=0.6817 reliable=359 spec=8.05 pop=2478
  mpx-135 cover: trials=132480000 overall=0.6817 a0_nochange=0.0000 a0_change=0.7271 a1_nochange=1.0000 a1_change=1.0000 matched_but_wrong=0
  mpx-135 acc: trials=132480000 accuracy=0.9170
  mpx-135 traj: trials=132600000 wall=218268s knowledge=0.6816 reliable=353 spec=8.05 pop=2359
  mpx-135 cover: trials=132600000 overall=0.6816 a0_nochange=0.0000 a0_change=0.7266 a1_nochange=1.0000 a1_change=1.0000 matched_but_wrong=0
  mpx-135 acc: trials=132600000 accuracy=0.8993
  mpx-135 traj: trials=132720000 wall=218355s knowledge=0.6816 reliable=359 spec=8.05 pop=2178
  mpx-135 cover: trials=132720000 overall=0.6816 a0_nochange=0.0000 a0_change=0.7266 a1_nochange=1.0000 a1_change=1.0000 matched_but_wrong=0
  mpx-135 acc: trials=132720000 accuracy=0.9132
  mpx-135 traj: trials=132840000 wall=218487s knowledge=0.6826 reliable=359 spec=8.05 pop=2355
  mpx-135 cover: trials=132840000 overall=0.6826 a0_nochange=0.0000 a0_change=0.7308 a1_nochange=1.0000 a1_change=1.0000 matched_but_wrong=0
  mpx-135 acc: trials=132840000 accuracy=0.9002
  mpx-135 traj: trials=132960000 wall=218568s knowledge=0.6833 reliable=360 spec=8.06 pop=2229
  mpx-135 cover: trials=132960000 overall=0.6833 a0_nochange=0.0000 a0_change=0.7333 a1_nochange=1.0000 a1_change=1.0000 matched_but_wrong=0
  mpx-135 acc: trials=132960000 accuracy=0.9284
  mpx-135 traj: trials=133080000 wall=218653s knowledge=0.6854 reliable=363 spec=8.06 pop=2260
  mpx-135 cover: trials=133080000 overall=0.6854 a0_nochange=0.0000 a0_change=0.7420 a1_nochange=1.0000 a1_change=1.0000 matched_but_wrong=0
  mpx-135 acc: trials=133080000 accuracy=0.9021
  mpx-135 traj: trials=133200000 wall=218750s knowledge=0.6854 reliable=361 spec=8.06 pop=10545
  mpx-135 cover: trials=133200000 overall=0.6854 a0_nochange=0.0000 a0_change=0.7420 a1_nochange=1.0000 a1_change=1.0000 matched_but_wrong=0
  mpx-135 acc: trials=133200000 accuracy=0.9007
  mpx-135 traj: trials=133320000 wall=218978s knowledge=0.6855 reliable=361 spec=8.06 pop=2420
  mpx-135 cover: trials=133320000 overall=0.6855 a0_nochange=0.0000 a0_change=0.7424 a1_nochange=1.0000 a1_change=1.0000 matched_but_wrong=0
  mpx-135 acc: trials=133320000 accuracy=0.9058
  mpx-135 traj: trials=133440000 wall=219070s knowledge=0.6845 reliable=364 spec=8.06 pop=2222
  mpx-135 cover: trials=133440000 overall=0.6845 a0_nochange=0.0000 a0_change=0.7383 a1_nochange=1.0000 a1_change=1.0000 matched_but_wrong=0
  mpx-135 acc: trials=133440000 accuracy=0.9060
  mpx-135 traj: trials=133560000 wall=219208s knowledge=0.6843 reliable=360 spec=8.06 pop=2222
  mpx-135 cover: trials=133560000 overall=0.6843 a0_nochange=0.0000 a0_change=0.7376 a1_nochange=1.0000 a1_change=1.0000 matched_but_wrong=0
  mpx-135 acc: trials=133560000 accuracy=0.9081
  mpx-135 traj: trials=133680000 wall=219294s knowledge=0.6831 reliable=357 spec=8.04 pop=2697
  mpx-135 cover: trials=133680000 overall=0.6831 a0_nochange=0.0000 a0_change=0.7326 a1_nochange=1.0000 a1_change=1.0000 matched_but_wrong=0
  mpx-135 acc: trials=133680000 accuracy=0.9021
  mpx-135 traj: trials=133800000 wall=219401s knowledge=0.6837 reliable=361 spec=8.05 pop=2146
  mpx-135 cover: trials=133800000 overall=0.6837 a0_nochange=0.0000 a0_change=0.7350 a1_nochange=1.0000 a1_change=1.0000 matched_but_wrong=0
  mpx-135 acc: trials=133800000 accuracy=0.9278
  mpx-135 traj: trials=133920000 wall=219596s knowledge=0.6832 reliable=356 spec=8.05 pop=3726
  mpx-135 cover: trials=133920000 overall=0.6832 a0_nochange=0.0000 a0_change=0.7331 a1_nochange=1.0000 a1_change=1.0000 matched_but_wrong=0
  mpx-135 acc: trials=133920000 accuracy=0.9127
  mpx-135 traj: trials=134040000 wall=219730s knowledge=0.6843 reliable=358 spec=8.06 pop=2328
  mpx-135 cover: trials=134040000 overall=0.6843 a0_nochange=0.0000 a0_change=0.7374 a1_nochange=1.0000 a1_change=1.0000 matched_but_wrong=0
  mpx-135 acc: trials=134040000 accuracy=0.9109
  mpx-135 traj: trials=134160000 wall=220063s knowledge=0.6832 reliable=362 spec=8.05 pop=2848
  mpx-135 cover: trials=134160000 overall=0.6832 a0_nochange=0.0000 a0_change=0.7331 a1_nochange=1.0000 a1_change=1.0000 matched_but_wrong=0
  mpx-135 acc: trials=134160000 accuracy=0.9099
  mpx-135 traj: trials=134280000 wall=220200s knowledge=0.6834 reliable=359 spec=8.07 pop=2226
  mpx-135 cover: trials=134280000 overall=0.6834 a0_nochange=0.0000 a0_change=0.7337 a1_nochange=1.0000 a1_change=1.0000 matched_but_wrong=0
  mpx-135 acc: trials=134280000 accuracy=0.9119
  mpx-135 traj: trials=134400000 wall=220285s knowledge=0.6831 reliable=355 spec=8.05 pop=2211
  mpx-135 cover: trials=134400000 overall=0.6831 a0_nochange=0.0000 a0_change=0.7328 a1_nochange=1.0000 a1_change=1.0000 matched_but_wrong=0
  mpx-135 acc: trials=134400000 accuracy=0.9150
  mpx-135 traj: trials=134520000 wall=220379s knowledge=0.6831 reliable=360 spec=8.04 pop=2280
  mpx-135 cover: trials=134520000 overall=0.6831 a0_nochange=0.0000 a0_change=0.7326 a1_nochange=1.0000 a1_change=1.0000 matched_but_wrong=0
  mpx-135 acc: trials=134520000 accuracy=0.9076
  mpx-135 traj: trials=134640000 wall=220463s knowledge=0.6833 reliable=358 spec=8.05 pop=2609
  mpx-135 cover: trials=134640000 overall=0.6833 a0_nochange=0.0000 a0_change=0.7333 a1_nochange=1.0000 a1_change=1.0000 matched_but_wrong=0
  mpx-135 acc: trials=134640000 accuracy=0.8997
  mpx-135 traj: trials=134760000 wall=220585s knowledge=0.6837 reliable=363 spec=8.04 pop=2654
  mpx-135 cover: trials=134760000 overall=0.6837 a0_nochange=0.0000 a0_change=0.7349 a1_nochange=1.0000 a1_change=1.0000 matched_but_wrong=0
  mpx-135 acc: trials=134760000 accuracy=0.9044
  mpx-135 traj: trials=134880000 wall=220669s knowledge=0.6837 reliable=361 spec=8.04 pop=2610
  mpx-135 cover: trials=134880000 overall=0.6837 a0_nochange=0.0000 a0_change=0.7349 a1_nochange=1.0000 a1_change=1.0000 matched_but_wrong=0
  mpx-135 acc: trials=134880000 accuracy=0.9097
  mpx-135 traj: trials=135000000 wall=220757s knowledge=0.6846 reliable=360 spec=8.04 pop=2564
  mpx-135 cover: trials=135000000 overall=0.6846 a0_nochange=0.0000 a0_change=0.7389 a1_nochange=1.0000 a1_change=1.0000 matched_but_wrong=0
  mpx-135 acc: trials=135000000 accuracy=0.8946
  mpx-135 traj: trials=135120000 wall=220892s knowledge=0.6845 reliable=361 spec=8.04 pop=2142
  mpx-135 cover: trials=135120000 overall=0.6845 a0_nochange=0.0000 a0_change=0.7384 a1_nochange=1.0000 a1_change=1.0000 matched_but_wrong=0
  mpx-135 acc: trials=135120000 accuracy=0.8997
  mpx-135 traj: trials=135240000 wall=221011s knowledge=0.6845 reliable=366 spec=8.04 pop=2239
  mpx-135 cover: trials=135240000 overall=0.6845 a0_nochange=0.0000 a0_change=0.7384 a1_nochange=1.0000 a1_change=1.0000 matched_but_wrong=0
  mpx-135 acc: trials=135240000 accuracy=0.9069
  mpx-135 traj: trials=135360000 wall=221186s knowledge=0.6835 reliable=357 spec=8.04 pop=3041
  mpx-135 cover: trials=135360000 overall=0.6835 a0_nochange=0.0000 a0_change=0.7342 a1_nochange=1.0000 a1_change=1.0000 matched_but_wrong=0
  mpx-135 acc: trials=135360000 accuracy=0.9135
  mpx-135 traj: trials=135480000 wall=221294s knowledge=0.6835 reliable=365 spec=8.04 pop=2453
  mpx-135 cover: trials=135480000 overall=0.6835 a0_nochange=0.0000 a0_change=0.7342 a1_nochange=1.0000 a1_change=1.0000 matched_but_wrong=0
  mpx-135 acc: trials=135480000 accuracy=0.9042
  mpx-135 traj: trials=135600000 wall=221455s knowledge=0.6835 reliable=365 spec=8.04 pop=2170
  mpx-135 cover: trials=135600000 overall=0.6835 a0_nochange=0.0000 a0_change=0.7342 a1_nochange=1.0000 a1_change=1.0000 matched_but_wrong=0
  mpx-135 acc: trials=135600000 accuracy=0.9028
  mpx-135 traj: trials=135720000 wall=221568s knowledge=0.6832 reliable=361 spec=8.02 pop=2159
  mpx-135 cover: trials=135720000 overall=0.6832 a0_nochange=0.0000 a0_change=0.7329 a1_nochange=1.0000 a1_change=1.0000 matched_but_wrong=0
  mpx-135 acc: trials=135720000 accuracy=0.8928
  mpx-135 traj: trials=135840000 wall=221712s knowledge=0.6836 reliable=362 spec=8.06 pop=2351
  mpx-135 cover: trials=135840000 overall=0.6836 a0_nochange=0.0000 a0_change=0.7345 a1_nochange=1.0000 a1_change=1.0000 matched_but_wrong=0
  mpx-135 acc: trials=135840000 accuracy=0.9047
  mpx-135 traj: trials=135960000 wall=221845s knowledge=0.6836 reliable=365 spec=8.05 pop=2860
  mpx-135 cover: trials=135960000 overall=0.6836 a0_nochange=0.0000 a0_change=0.7345 a1_nochange=1.0000 a1_change=1.0000 matched_but_wrong=0
  mpx-135 acc: trials=135960000 accuracy=0.9140
  mpx-135 traj: trials=136080000 wall=221947s knowledge=0.6836 reliable=361 spec=8.05 pop=2268
  mpx-135 cover: trials=136080000 overall=0.6836 a0_nochange=0.0000 a0_change=0.7348 a1_nochange=1.0000 a1_change=1.0000 matched_but_wrong=0
  mpx-135 acc: trials=136080000 accuracy=0.9140
  mpx-135 traj: trials=136200000 wall=222117s knowledge=0.6838 reliable=361 spec=8.05 pop=2402
  mpx-135 cover: trials=136200000 overall=0.6838 a0_nochange=0.0000 a0_change=0.7355 a1_nochange=1.0000 a1_change=1.0000 matched_but_wrong=0
  mpx-135 acc: trials=136200000 accuracy=0.9063
  mpx-135 traj: trials=136320000 wall=222256s knowledge=0.6835 reliable=361 spec=8.04 pop=2496
  mpx-135 cover: trials=136320000 overall=0.6835 a0_nochange=0.0000 a0_change=0.7343 a1_nochange=1.0000 a1_change=1.0000 matched_but_wrong=0
  mpx-135 acc: trials=136320000 accuracy=0.9070
  mpx-135 traj: trials=136440000 wall=222371s knowledge=0.6844 reliable=360 spec=8.03 pop=2151
  mpx-135 cover: trials=136440000 overall=0.6844 a0_nochange=0.0000 a0_change=0.7378 a1_nochange=1.0000 a1_change=1.0000 matched_but_wrong=0
  mpx-135 acc: trials=136440000 accuracy=0.9066
  mpx-135 traj: trials=136560000 wall=223165s knowledge=0.6836 reliable=357 spec=8.03 pop=4922
  mpx-135 cover: trials=136560000 overall=0.6836 a0_nochange=0.0000 a0_change=0.7347 a1_nochange=1.0000 a1_change=1.0000 matched_but_wrong=0
  mpx-135 acc: trials=136560000 accuracy=0.9164
  mpx-135 traj: trials=136680000 wall=223266s knowledge=0.6865 reliable=361 spec=8.04 pop=2186
  mpx-135 cover: trials=136680000 overall=0.6865 a0_nochange=0.0000 a0_change=0.7462 a1_nochange=1.0000 a1_change=1.0000 matched_but_wrong=0
  mpx-135 acc: trials=136680000 accuracy=0.9150
  mpx-135 traj: trials=136800000 wall=223346s knowledge=0.6871 reliable=360 spec=8.04 pop=2245
  mpx-135 cover: trials=136800000 overall=0.6871 a0_nochange=0.0000 a0_change=0.7486 a1_nochange=1.0000 a1_change=1.0000 matched_but_wrong=0
  mpx-135 acc: trials=136800000 accuracy=0.9018
  mpx-135 traj: trials=136920000 wall=223467s knowledge=0.6890 reliable=367 spec=8.06 pop=2377
  mpx-135 cover: trials=136920000 overall=0.6890 a0_nochange=0.0000 a0_change=0.7564 a1_nochange=1.0000 a1_change=1.0000 matched_but_wrong=0
  mpx-135 acc: trials=136920000 accuracy=0.9250
  mpx-135 traj: trials=137040000 wall=223554s knowledge=0.6878 reliable=370 spec=8.06 pop=2493
  mpx-135 cover: trials=137040000 overall=0.6878 a0_nochange=0.0000 a0_change=0.7515 a1_nochange=1.0000 a1_change=1.0000 matched_but_wrong=0
  mpx-135 acc: trials=137040000 accuracy=0.9039
  mpx-135 traj: trials=137160000 wall=223644s knowledge=0.6862 reliable=367 spec=8.03 pop=2191
  mpx-135 cover: trials=137160000 overall=0.6862 a0_nochange=0.0000 a0_change=0.7451 a1_nochange=1.0000 a1_change=1.0000 matched_but_wrong=0
  mpx-135 acc: trials=137160000 accuracy=0.9131
  mpx-135 traj: trials=137280000 wall=223776s knowledge=0.6858 reliable=358 spec=8.03 pop=2271
  mpx-135 cover: trials=137280000 overall=0.6858 a0_nochange=0.0000 a0_change=0.7436 a1_nochange=1.0000 a1_change=1.0000 matched_but_wrong=0
  mpx-135 acc: trials=137280000 accuracy=0.9110
  mpx-135 traj: trials=137400000 wall=223949s knowledge=0.6853 reliable=363 spec=8.03 pop=2741
  mpx-135 cover: trials=137400000 overall=0.6853 a0_nochange=0.0000 a0_change=0.7415 a1_nochange=1.0000 a1_change=1.0000 matched_but_wrong=0
  mpx-135 acc: trials=137400000 accuracy=0.9167
  mpx-135 traj: trials=137520000 wall=224033s knowledge=0.6851 reliable=361 spec=8.02 pop=2206
  mpx-135 cover: trials=137520000 overall=0.6851 a0_nochange=0.0000 a0_change=0.7406 a1_nochange=1.0000 a1_change=1.0000 matched_but_wrong=0
  mpx-135 acc: trials=137520000 accuracy=0.9185
  mpx-135 traj: trials=137640000 wall=224120s knowledge=0.6858 reliable=359 spec=8.03 pop=2223
  mpx-135 cover: trials=137640000 overall=0.6858 a0_nochange=0.0000 a0_change=0.7436 a1_nochange=1.0000 a1_change=1.0000 matched_but_wrong=0
  mpx-135 acc: trials=137640000 accuracy=0.9067
  mpx-135 traj: trials=137760000 wall=224212s knowledge=0.6864 reliable=359 spec=8.04 pop=2249
  mpx-135 cover: trials=137760000 overall=0.6864 a0_nochange=0.0000 a0_change=0.7457 a1_nochange=1.0000 a1_change=1.0000 matched_but_wrong=0
  mpx-135 acc: trials=137760000 accuracy=0.9158
  mpx-135 traj: trials=137880000 wall=224335s knowledge=0.6852 reliable=367 spec=8.05 pop=2082
  mpx-135 cover: trials=137880000 overall=0.6852 a0_nochange=0.0000 a0_change=0.7410 a1_nochange=1.0000 a1_change=1.0000 matched_but_wrong=0
  mpx-135 acc: trials=137880000 accuracy=0.9155
  mpx-135 traj: trials=138000000 wall=224424s knowledge=0.6851 reliable=367 spec=8.05 pop=2286
  mpx-135 cover: trials=138000000 overall=0.6851 a0_nochange=0.0000 a0_change=0.7407 a1_nochange=1.0000 a1_change=1.0000 matched_but_wrong=0
  mpx-135 acc: trials=138000000 accuracy=0.9171
  mpx-135 traj: trials=138120000 wall=224508s knowledge=0.6848 reliable=365 spec=8.04 pop=2360
  mpx-135 cover: trials=138120000 overall=0.6848 a0_nochange=0.0000 a0_change=0.7396 a1_nochange=1.0000 a1_change=1.0000 matched_but_wrong=0
  mpx-135 acc: trials=138120000 accuracy=0.9063
  mpx-135 traj: trials=138240000 wall=224784s knowledge=0.6848 reliable=370 spec=8.06 pop=5372
  mpx-135 cover: trials=138240000 overall=0.6848 a0_nochange=0.0000 a0_change=0.7395 a1_nochange=1.0000 a1_change=1.0000 matched_but_wrong=0
  mpx-135 acc: trials=138240000 accuracy=0.9360
  mpx-135 traj: trials=138360000 wall=224986s knowledge=0.6850 reliable=367 spec=8.06 pop=2418
  mpx-135 cover: trials=138360000 overall=0.6850 a0_nochange=0.0000 a0_change=0.7401 a1_nochange=1.0000 a1_change=1.0000 matched_but_wrong=0
  mpx-135 acc: trials=138360000 accuracy=0.8944
  mpx-135 traj: trials=138480000 wall=225159s knowledge=0.6844 reliable=365 spec=8.05 pop=2653
  mpx-135 cover: trials=138480000 overall=0.6844 a0_nochange=0.0000 a0_change=0.7380 a1_nochange=1.0000 a1_change=1.0000 matched_but_wrong=0
  mpx-135 acc: trials=138480000 accuracy=0.9257
  mpx-135 traj: trials=138600000 wall=225286s knowledge=0.6844 reliable=360 spec=8.04 pop=2505
  mpx-135 cover: trials=138600000 overall=0.6844 a0_nochange=0.0000 a0_change=0.7380 a1_nochange=1.0000 a1_change=1.0000 matched_but_wrong=0
  mpx-135 acc: trials=138600000 accuracy=0.9183
  mpx-135 traj: trials=138720000 wall=225393s knowledge=0.6848 reliable=359 spec=8.02 pop=2242
  mpx-135 cover: trials=138720000 overall=0.6848 a0_nochange=0.0000 a0_change=0.7393 a1_nochange=1.0000 a1_change=1.0000 matched_but_wrong=0
  mpx-135 acc: trials=138720000 accuracy=0.9024
  mpx-135 traj: trials=138840000 wall=225491s knowledge=0.6847 reliable=359 spec=8.03 pop=2250
  mpx-135 cover: trials=138840000 overall=0.6847 a0_nochange=0.0000 a0_change=0.7389 a1_nochange=1.0000 a1_change=1.0000 matched_but_wrong=0
  mpx-135 acc: trials=138840000 accuracy=0.9066
  mpx-135 traj: trials=138960000 wall=225594s knowledge=0.6846 reliable=361 spec=8.02 pop=2798
  mpx-135 cover: trials=138960000 overall=0.6846 a0_nochange=0.0000 a0_change=0.7387 a1_nochange=1.0000 a1_change=1.0000 matched_but_wrong=0
  mpx-135 acc: trials=138960000 accuracy=0.9177
  mpx-135 traj: trials=139080000 wall=225776s knowledge=0.6852 reliable=360 spec=8.02 pop=2431
  mpx-135 cover: trials=139080000 overall=0.6852 a0_nochange=0.0000 a0_change=0.7409 a1_nochange=1.0000 a1_change=1.0000 matched_but_wrong=0
  mpx-135 acc: trials=139080000 accuracy=0.9105
  mpx-135 traj: trials=139200000 wall=225933s knowledge=0.6842 reliable=364 spec=8.02 pop=2226
  mpx-135 cover: trials=139200000 overall=0.6842 a0_nochange=0.0000 a0_change=0.7371 a1_nochange=1.0000 a1_change=1.0000 matched_but_wrong=0
  mpx-135 acc: trials=139200000 accuracy=0.8968
  mpx-135 traj: trials=139320000 wall=226057s knowledge=0.6842 reliable=358 spec=8.03 pop=2157
  mpx-135 cover: trials=139320000 overall=0.6842 a0_nochange=0.0000 a0_change=0.7371 a1_nochange=1.0000 a1_change=1.0000 matched_but_wrong=0
  mpx-135 acc: trials=139320000 accuracy=0.9061
  mpx-135 traj: trials=139440000 wall=226156s knowledge=0.6841 reliable=356 spec=8.02 pop=2180
  mpx-135 cover: trials=139440000 overall=0.6841 a0_nochange=0.0000 a0_change=0.7365 a1_nochange=1.0000 a1_change=1.0000 matched_but_wrong=0
  mpx-135 acc: trials=139440000 accuracy=0.9063
  mpx-135 traj: trials=139560000 wall=226267s knowledge=0.6841 reliable=360 spec=8.02 pop=2036
  mpx-135 cover: trials=139560000 overall=0.6841 a0_nochange=0.0000 a0_change=0.7365 a1_nochange=1.0000 a1_change=1.0000 matched_but_wrong=0
  mpx-135 acc: trials=139560000 accuracy=0.8920
  mpx-135 traj: trials=139680000 wall=226407s knowledge=0.6861 reliable=363 spec=8.03 pop=2477
  mpx-135 cover: trials=139680000 overall=0.6861 a0_nochange=0.0000 a0_change=0.7446 a1_nochange=1.0000 a1_change=1.0000 matched_but_wrong=0
  mpx-135 acc: trials=139680000 accuracy=0.9158
  mpx-135 traj: trials=139800000 wall=226505s knowledge=0.6861 reliable=359 spec=8.03 pop=2294
  mpx-135 cover: trials=139800000 overall=0.6861 a0_nochange=0.0000 a0_change=0.7446 a1_nochange=1.0000 a1_change=1.0000 matched_but_wrong=0
  mpx-135 acc: trials=139800000 accuracy=0.9098
  mpx-135 traj: trials=139920000 wall=226651s knowledge=0.6870 reliable=362 spec=8.03 pop=2355
  mpx-135 cover: trials=139920000 overall=0.6870 a0_nochange=0.0000 a0_change=0.7482 a1_nochange=1.0000 a1_change=1.0000 matched_but_wrong=0
  mpx-135 acc: trials=139920000 accuracy=0.9084
  mpx-135 traj: trials=140040000 wall=226789s knowledge=0.6869 reliable=366 spec=8.02 pop=2482
  mpx-135 cover: trials=140040000 overall=0.6869 a0_nochange=0.0000 a0_change=0.7480 a1_nochange=1.0000 a1_change=1.0000 matched_but_wrong=0
  mpx-135 acc: trials=140040000 accuracy=0.9273
  mpx-135 traj: trials=140160000 wall=226869s knowledge=0.6877 reliable=369 spec=8.03 pop=2150
  mpx-135 cover: trials=140160000 overall=0.6877 a0_nochange=0.0000 a0_change=0.7510 a1_nochange=1.0000 a1_change=1.0000 matched_but_wrong=0
  mpx-135 acc: trials=140160000 accuracy=0.9154
  mpx-135 traj: trials=140280000 wall=227244s knowledge=0.6867 reliable=363 spec=8.02 pop=2817
  mpx-135 cover: trials=140280000 overall=0.6867 a0_nochange=0.0000 a0_change=0.7469 a1_nochange=1.0000 a1_change=1.0000 matched_but_wrong=0
  mpx-135 acc: trials=140280000 accuracy=0.8995
  mpx-135 traj: trials=140400000 wall=227356s knowledge=0.6846 reliable=356 spec=8.02 pop=2440
  mpx-135 cover: trials=140400000 overall=0.6846 a0_nochange=0.0000 a0_change=0.7387 a1_nochange=1.0000 a1_change=1.0000 matched_but_wrong=0
  mpx-135 acc: trials=140400000 accuracy=0.8924
  mpx-135 traj: trials=140520000 wall=227456s knowledge=0.6868 reliable=364 spec=8.04 pop=2422
  mpx-135 cover: trials=140520000 overall=0.6868 a0_nochange=0.0000 a0_change=0.7473 a1_nochange=1.0000 a1_change=1.0000 matched_but_wrong=0
  mpx-135 acc: trials=140520000 accuracy=0.9072
  mpx-135 traj: trials=140640000 wall=227563s knowledge=0.6865 reliable=370 spec=8.08 pop=2264
  mpx-135 cover: trials=140640000 overall=0.6865 a0_nochange=0.0000 a0_change=0.7463 a1_nochange=1.0000 a1_change=1.0000 matched_but_wrong=0
  mpx-135 acc: trials=140640000 accuracy=0.9049
  mpx-135 traj: trials=140760000 wall=227671s knowledge=0.6865 reliable=366 spec=8.08 pop=2273
  mpx-135 cover: trials=140760000 overall=0.6865 a0_nochange=0.0000 a0_change=0.7463 a1_nochange=1.0000 a1_change=1.0000 matched_but_wrong=0
  mpx-135 acc: trials=140760000 accuracy=0.9034
  mpx-135 traj: trials=140880000 wall=227764s knowledge=0.6856 reliable=371 spec=8.12 pop=3035
  mpx-135 cover: trials=140880000 overall=0.6856 a0_nochange=0.0000 a0_change=0.7425 a1_nochange=1.0000 a1_change=1.0000 matched_but_wrong=0
  mpx-135 acc: trials=140880000 accuracy=0.9095
  mpx-135 traj: trials=141000000 wall=227876s knowledge=0.6854 reliable=367 spec=8.11 pop=2295
  mpx-135 cover: trials=141000000 overall=0.6854 a0_nochange=0.0000 a0_change=0.7419 a1_nochange=1.0000 a1_change=1.0000 matched_but_wrong=0
  mpx-135 acc: trials=141000000 accuracy=0.9050
  mpx-135 traj: trials=141120000 wall=227988s knowledge=0.6853 reliable=369 spec=8.09 pop=2128
  mpx-135 cover: trials=141120000 overall=0.6853 a0_nochange=0.0000 a0_change=0.7413 a1_nochange=1.0000 a1_change=1.0000 matched_but_wrong=0
  mpx-135 acc: trials=141120000 accuracy=0.9122
  mpx-135 traj: trials=141240000 wall=228119s knowledge=0.6852 reliable=370 spec=8.08 pop=2253
  mpx-135 cover: trials=141240000 overall=0.6852 a0_nochange=0.0000 a0_change=0.7412 a1_nochange=1.0000 a1_change=1.0000 matched_but_wrong=0
  mpx-135 acc: trials=141240000 accuracy=0.9182
  mpx-135 traj: trials=141360000 wall=228219s knowledge=0.6862 reliable=373 spec=8.07 pop=2375
  mpx-135 cover: trials=141360000 overall=0.6862 a0_nochange=0.0000 a0_change=0.7449 a1_nochange=1.0000 a1_change=1.0000 matched_but_wrong=0
  mpx-135 acc: trials=141360000 accuracy=0.9004
  mpx-135 traj: trials=141480000 wall=228328s knowledge=0.6857 reliable=366 spec=8.08 pop=2094
  mpx-135 cover: trials=141480000 overall=0.6857 a0_nochange=0.0000 a0_change=0.7431 a1_nochange=1.0000 a1_change=1.0000 matched_but_wrong=0
  mpx-135 acc: trials=141480000 accuracy=0.9010
  mpx-135 traj: trials=141600000 wall=228430s knowledge=0.6857 reliable=367 spec=8.07 pop=2353
  mpx-135 cover: trials=141600000 overall=0.6857 a0_nochange=0.0000 a0_change=0.7431 a1_nochange=1.0000 a1_change=1.0000 matched_but_wrong=0
  mpx-135 acc: trials=141600000 accuracy=0.9165
  mpx-135 traj: trials=141720000 wall=228714s knowledge=0.6859 reliable=368 spec=8.06 pop=2509
  mpx-135 cover: trials=141720000 overall=0.6859 a0_nochange=0.0000 a0_change=0.7437 a1_nochange=1.0000 a1_change=1.0000 matched_but_wrong=0
  mpx-135 acc: trials=141720000 accuracy=0.8949
  mpx-135 traj: trials=141840000 wall=228831s knowledge=0.6855 reliable=368 spec=8.06 pop=2224
  mpx-135 cover: trials=141840000 overall=0.6855 a0_nochange=0.0000 a0_change=0.7423 a1_nochange=1.0000 a1_change=1.0000 matched_but_wrong=0
  mpx-135 acc: trials=141840000 accuracy=0.9147
  mpx-135 traj: trials=141960000 wall=228944s knowledge=0.6856 reliable=364 spec=8.07 pop=2733
  mpx-135 cover: trials=141960000 overall=0.6856 a0_nochange=0.0000 a0_change=0.7427 a1_nochange=1.0000 a1_change=1.0000 matched_but_wrong=0
  mpx-135 acc: trials=141960000 accuracy=0.9306
  mpx-135 traj: trials=142080000 wall=229093s knowledge=0.6854 reliable=362 spec=8.05 pop=2443
  mpx-135 cover: trials=142080000 overall=0.6854 a0_nochange=0.0000 a0_change=0.7417 a1_nochange=1.0000 a1_change=1.0000 matched_but_wrong=0
  mpx-135 acc: trials=142080000 accuracy=0.9007
  mpx-135 traj: trials=142200000 wall=229267s knowledge=0.6866 reliable=357 spec=8.06 pop=2259
  mpx-135 cover: trials=142200000 overall=0.6866 a0_nochange=0.0000 a0_change=0.7466 a1_nochange=1.0000 a1_change=1.0000 matched_but_wrong=0
  mpx-135 acc: trials=142200000 accuracy=0.9190
  mpx-135 traj: trials=142320000 wall=229384s knowledge=0.6881 reliable=362 spec=8.06 pop=2699
  mpx-135 cover: trials=142320000 overall=0.6881 a0_nochange=0.0000 a0_change=0.7526 a1_nochange=1.0000 a1_change=1.0000 matched_but_wrong=0
  mpx-135 acc: trials=142320000 accuracy=0.9055
  mpx-135 traj: trials=142440000 wall=229467s knowledge=0.6878 reliable=366 spec=8.04 pop=2132
  mpx-135 cover: trials=142440000 overall=0.6878 a0_nochange=0.0000 a0_change=0.7514 a1_nochange=1.0000 a1_change=1.0000 matched_but_wrong=0
  mpx-135 acc: trials=142440000 accuracy=0.8947
  mpx-135 traj: trials=142560000 wall=229548s knowledge=0.6881 reliable=362 spec=8.03 pop=2147
  mpx-135 cover: trials=142560000 overall=0.6881 a0_nochange=0.0000 a0_change=0.7527 a1_nochange=1.0000 a1_change=1.0000 matched_but_wrong=0
  mpx-135 acc: trials=142560000 accuracy=0.9015
  mpx-135 traj: trials=142680000 wall=229645s knowledge=0.6881 reliable=367 spec=8.02 pop=2226
  mpx-135 cover: trials=142680000 overall=0.6881 a0_nochange=0.0000 a0_change=0.7526 a1_nochange=1.0000 a1_change=1.0000 matched_but_wrong=0
  mpx-135 acc: trials=142680000 accuracy=0.9227
  mpx-135 traj: trials=142800000 wall=229893s knowledge=0.6865 reliable=363 spec=8.01 pop=2362
  mpx-135 cover: trials=142800000 overall=0.6865 a0_nochange=0.0000 a0_change=0.7461 a1_nochange=1.0000 a1_change=1.0000 matched_but_wrong=0
  mpx-135 acc: trials=142800000 accuracy=0.9262
  mpx-135 traj: trials=142920000 wall=230044s knowledge=0.6870 reliable=361 spec=8.01 pop=2235
  mpx-135 cover: trials=142920000 overall=0.6870 a0_nochange=0.0000 a0_change=0.7483 a1_nochange=1.0000 a1_change=1.0000 matched_but_wrong=0
  mpx-135 acc: trials=142920000 accuracy=0.9097
  mpx-135 traj: trials=143040000 wall=230168s knowledge=0.6870 reliable=359 spec=8.02 pop=2164
  mpx-135 cover: trials=143040000 overall=0.6870 a0_nochange=0.0000 a0_change=0.7483 a1_nochange=1.0000 a1_change=1.0000 matched_but_wrong=0
  mpx-135 acc: trials=143040000 accuracy=0.9094
  mpx-135 traj: trials=143160000 wall=230354s knowledge=0.6865 reliable=358 spec=8.01 pop=2854
  mpx-135 cover: trials=143160000 overall=0.6865 a0_nochange=0.0000 a0_change=0.7461 a1_nochange=1.0000 a1_change=1.0000 matched_but_wrong=0
  mpx-135 acc: trials=143160000 accuracy=0.8964
  mpx-135 traj: trials=143280000 wall=230472s knowledge=0.6878 reliable=364 spec=8.01 pop=3617
  mpx-135 cover: trials=143280000 overall=0.6878 a0_nochange=0.0000 a0_change=0.7514 a1_nochange=1.0000 a1_change=1.0000 matched_but_wrong=0
  mpx-135 acc: trials=143280000 accuracy=0.9000
  mpx-135 traj: trials=143400000 wall=230657s knowledge=0.6880 reliable=365 spec=8.02 pop=2168
  mpx-135 cover: trials=143400000 overall=0.6880 a0_nochange=0.0000 a0_change=0.7524 a1_nochange=1.0000 a1_change=1.0000 matched_but_wrong=0
  mpx-135 acc: trials=143400000 accuracy=0.9067
  mpx-135 traj: trials=143520000 wall=230804s knowledge=0.6875 reliable=365 spec=8.02 pop=2222
  mpx-135 cover: trials=143520000 overall=0.6875 a0_nochange=0.0000 a0_change=0.7505 a1_nochange=1.0000 a1_change=1.0000 matched_but_wrong=0
  mpx-135 acc: trials=143520000 accuracy=0.9298
  mpx-135 traj: trials=143640000 wall=230907s knowledge=0.6867 reliable=361 spec=8.02 pop=2298
  mpx-135 cover: trials=143640000 overall=0.6867 a0_nochange=0.0000 a0_change=0.7470 a1_nochange=1.0000 a1_change=1.0000 matched_but_wrong=0
  mpx-135 acc: trials=143640000 accuracy=0.9105
  mpx-135 traj: trials=143760000 wall=231000s knowledge=0.6866 reliable=365 spec=8.02 pop=2362
  mpx-135 cover: trials=143760000 overall=0.6866 a0_nochange=0.0000 a0_change=0.7469 a1_nochange=1.0000 a1_change=1.0000 matched_but_wrong=0
  mpx-135 acc: trials=143760000 accuracy=0.9081
  mpx-135 traj: trials=143880000 wall=231091s knowledge=0.6878 reliable=367 spec=8.03 pop=2108
  mpx-135 cover: trials=143880000 overall=0.6878 a0_nochange=0.0000 a0_change=0.7517 a1_nochange=1.0000 a1_change=1.0000 matched_but_wrong=0
  mpx-135 acc: trials=143880000 accuracy=0.9293
  mpx-135 traj: trials=144000000 wall=231223s knowledge=0.6868 reliable=360 spec=8.02 pop=2279
  mpx-135 cover: trials=144000000 overall=0.6868 a0_nochange=0.0000 a0_change=0.7473 a1_nochange=1.0000 a1_change=1.0000 matched_but_wrong=0
  mpx-135 acc: trials=144000000 accuracy=0.9121
  mpx-135 traj: trials=144120000 wall=231399s knowledge=0.6876 reliable=366 spec=8.04 pop=2125
  mpx-135 cover: trials=144120000 overall=0.6876 a0_nochange=0.0000 a0_change=0.7506 a1_nochange=1.0000 a1_change=1.0000 matched_but_wrong=0
  mpx-135 acc: trials=144120000 accuracy=0.9243
  mpx-135 traj: trials=144240000 wall=231620s knowledge=0.6871 reliable=368 spec=8.03 pop=2357
  mpx-135 cover: trials=144240000 overall=0.6871 a0_nochange=0.0000 a0_change=0.7487 a1_nochange=1.0000 a1_change=1.0000 matched_but_wrong=0
  mpx-135 acc: trials=144240000 accuracy=0.9016
  mpx-135 traj: trials=144360000 wall=231740s knowledge=0.6869 reliable=359 spec=8.03 pop=2189
  mpx-135 cover: trials=144360000 overall=0.6869 a0_nochange=0.0000 a0_change=0.7477 a1_nochange=1.0000 a1_change=1.0000 matched_but_wrong=0
  mpx-135 acc: trials=144360000 accuracy=0.9136
  mpx-135 traj: trials=144480000 wall=231830s knowledge=0.6870 reliable=362 spec=8.05 pop=2370
  mpx-135 cover: trials=144480000 overall=0.6870 a0_nochange=0.0000 a0_change=0.7483 a1_nochange=1.0000 a1_change=1.0000 matched_but_wrong=0
  mpx-135 acc: trials=144480000 accuracy=0.9089
  mpx-135 traj: trials=144600000 wall=231916s knowledge=0.6885 reliable=373 spec=8.05 pop=2176
  mpx-135 cover: trials=144600000 overall=0.6885 a0_nochange=0.0000 a0_change=0.7541 a1_nochange=1.0000 a1_change=1.0000 matched_but_wrong=0
  mpx-135 acc: trials=144600000 accuracy=0.9225
  mpx-135 traj: trials=144720000 wall=232462s knowledge=0.6879 reliable=368 spec=8.04 pop=2602
  mpx-135 cover: trials=144720000 overall=0.6879 a0_nochange=0.0000 a0_change=0.7518 a1_nochange=1.0000 a1_change=1.0000 matched_but_wrong=0
  mpx-135 acc: trials=144720000 accuracy=0.9034
  mpx-135 traj: trials=144840000 wall=232538s knowledge=0.6877 reliable=367 spec=8.06 pop=2055
  mpx-135 cover: trials=144840000 overall=0.6877 a0_nochange=0.0000 a0_change=0.7511 a1_nochange=1.0000 a1_change=1.0000 matched_but_wrong=0
  mpx-135 acc: trials=144840000 accuracy=0.9094
  mpx-135 traj: trials=144960000 wall=232731s knowledge=0.6879 reliable=367 spec=8.06 pop=3244
  mpx-135 cover: trials=144960000 overall=0.6879 a0_nochange=0.0000 a0_change=0.7519 a1_nochange=1.0000 a1_change=1.0000 matched_but_wrong=0
  mpx-135 acc: trials=144960000 accuracy=0.9204
  mpx-135 traj: trials=145080000 wall=232818s knowledge=0.6882 reliable=370 spec=8.05 pop=2139
  mpx-135 cover: trials=145080000 overall=0.6882 a0_nochange=0.0000 a0_change=0.7530 a1_nochange=1.0000 a1_change=1.0000 matched_but_wrong=0
  mpx-135 acc: trials=145080000 accuracy=0.9067
  mpx-135 traj: trials=145200000 wall=232907s knowledge=0.6877 reliable=364 spec=8.05 pop=2116
  mpx-135 cover: trials=145200000 overall=0.6877 a0_nochange=0.0000 a0_change=0.7509 a1_nochange=1.0000 a1_change=1.0000 matched_but_wrong=0
  mpx-135 acc: trials=145200000 accuracy=0.9089
  mpx-135 traj: trials=145320000 wall=233034s knowledge=0.6884 reliable=370 spec=8.06 pop=2473
  mpx-135 cover: trials=145320000 overall=0.6884 a0_nochange=0.0000 a0_change=0.7540 a1_nochange=1.0000 a1_change=1.0000 matched_but_wrong=0
  mpx-135 acc: trials=145320000 accuracy=0.9271
  mpx-135 traj: trials=145440000 wall=233162s knowledge=0.6879 reliable=362 spec=8.06 pop=3082
  mpx-135 cover: trials=145440000 overall=0.6879 a0_nochange=0.0000 a0_change=0.7518 a1_nochange=1.0000 a1_change=1.0000 matched_but_wrong=0
  mpx-135 acc: trials=145440000 accuracy=0.9047
  mpx-135 traj: trials=145560000 wall=233260s knowledge=0.6877 reliable=362 spec=8.06 pop=2389
  mpx-135 cover: trials=145560000 overall=0.6877 a0_nochange=0.0000 a0_change=0.7511 a1_nochange=1.0000 a1_change=1.0000 matched_but_wrong=0
  mpx-135 acc: trials=145560000 accuracy=0.9125
  mpx-135 traj: trials=145680000 wall=233372s knowledge=0.6873 reliable=367 spec=8.08 pop=2146
  mpx-135 cover: trials=145680000 overall=0.6873 a0_nochange=0.0000 a0_change=0.7494 a1_nochange=1.0000 a1_change=1.0000 matched_but_wrong=0
  mpx-135 acc: trials=145680000 accuracy=0.9132
  mpx-135 traj: trials=145800000 wall=233460s knowledge=0.6881 reliable=367 spec=8.07 pop=2468
  mpx-135 cover: trials=145800000 overall=0.6881 a0_nochange=0.0000 a0_change=0.7527 a1_nochange=1.0000 a1_change=1.0000 matched_but_wrong=0
  mpx-135 acc: trials=145800000 accuracy=0.9293
  mpx-135 traj: trials=145920000 wall=233637s knowledge=0.6875 reliable=359 spec=8.04 pop=2258
  mpx-135 cover: trials=145920000 overall=0.6875 a0_nochange=0.0000 a0_change=0.7501 a1_nochange=1.0000 a1_change=1.0000 matched_but_wrong=0
  mpx-135 acc: trials=145920000 accuracy=0.9135
  mpx-135 traj: trials=146040000 wall=233723s knowledge=0.6872 reliable=358 spec=8.04 pop=2199
  mpx-135 cover: trials=146040000 overall=0.6872 a0_nochange=0.0000 a0_change=0.7490 a1_nochange=1.0000 a1_change=1.0000 matched_but_wrong=0
  mpx-135 acc: trials=146040000 accuracy=0.9231
  mpx-135 traj: trials=146160000 wall=233831s knowledge=0.6884 reliable=369 spec=8.04 pop=2172
  mpx-135 cover: trials=146160000 overall=0.6884 a0_nochange=0.0000 a0_change=0.7537 a1_nochange=1.0000 a1_change=1.0000 matched_but_wrong=0
  mpx-135 acc: trials=146160000 accuracy=0.9245
  mpx-135 traj: trials=146280000 wall=233928s knowledge=0.6881 reliable=362 spec=8.04 pop=2842
  mpx-135 cover: trials=146280000 overall=0.6881 a0_nochange=0.0000 a0_change=0.7528 a1_nochange=1.0000 a1_change=1.0000 matched_but_wrong=0
  mpx-135 acc: trials=146280000 accuracy=0.9212
  mpx-135 traj: trials=146400000 wall=234048s knowledge=0.6895 reliable=361 spec=8.04 pop=2197
  mpx-135 cover: trials=146400000 overall=0.6895 a0_nochange=0.0000 a0_change=0.7584 a1_nochange=1.0000 a1_change=1.0000 matched_but_wrong=0
  mpx-135 acc: trials=146400000 accuracy=0.9197
  mpx-135 traj: trials=146520000 wall=234172s knowledge=0.6897 reliable=367 spec=8.03 pop=2223
  mpx-135 cover: trials=146520000 overall=0.6897 a0_nochange=0.0000 a0_change=0.7591 a1_nochange=1.0000 a1_change=1.0000 matched_but_wrong=0
  mpx-135 acc: trials=146520000 accuracy=0.9250
  mpx-135 traj: trials=146640000 wall=234273s knowledge=0.6908 reliable=368 spec=8.04 pop=2165
  mpx-135 cover: trials=146640000 overall=0.6908 a0_nochange=0.0000 a0_change=0.7634 a1_nochange=1.0000 a1_change=1.0000 matched_but_wrong=0
  mpx-135 acc: trials=146640000 accuracy=0.9144
  mpx-135 traj: trials=146760000 wall=234374s knowledge=0.6902 reliable=364 spec=8.05 pop=3440
  mpx-135 cover: trials=146760000 overall=0.6902 a0_nochange=0.0000 a0_change=0.7609 a1_nochange=1.0000 a1_change=1.0000 matched_but_wrong=0
  mpx-135 acc: trials=146760000 accuracy=0.9304
  mpx-135 traj: trials=146880000 wall=234687s knowledge=0.6898 reliable=360 spec=8.03 pop=2324
  mpx-135 cover: trials=146880000 overall=0.6898 a0_nochange=0.0000 a0_change=0.7594 a1_nochange=1.0000 a1_change=1.0000 matched_but_wrong=0
  mpx-135 acc: trials=146880000 accuracy=0.9286
  mpx-135 traj: trials=147000000 wall=234766s knowledge=0.6879 reliable=367 spec=8.03 pop=2082
  mpx-135 cover: trials=147000000 overall=0.6879 a0_nochange=0.0000 a0_change=0.7519 a1_nochange=1.0000 a1_change=1.0000 matched_but_wrong=0
  mpx-135 acc: trials=147000000 accuracy=0.9253
  mpx-135 traj: trials=147120000 wall=234864s knowledge=0.6892 reliable=368 spec=8.04 pop=2158
  mpx-135 cover: trials=147120000 overall=0.6892 a0_nochange=0.0000 a0_change=0.7570 a1_nochange=1.0000 a1_change=1.0000 matched_but_wrong=0
  mpx-135 acc: trials=147120000 accuracy=0.9478
  mpx-135 traj: trials=147240000 wall=234947s knowledge=0.6897 reliable=363 spec=8.04 pop=2087
  mpx-135 cover: trials=147240000 overall=0.6897 a0_nochange=0.0000 a0_change=0.7589 a1_nochange=1.0000 a1_change=1.0000 matched_but_wrong=0
  mpx-135 acc: trials=147240000 accuracy=0.9102
  mpx-135 traj: trials=147360000 wall=235050s knowledge=0.6896 reliable=361 spec=8.04 pop=2213
  mpx-135 cover: trials=147360000 overall=0.6896 a0_nochange=0.0000 a0_change=0.7588 a1_nochange=1.0000 a1_change=1.0000 matched_but_wrong=0
  mpx-135 acc: trials=147360000 accuracy=0.9388
  mpx-135 traj: trials=147480000 wall=235138s knowledge=0.6905 reliable=365 spec=8.04 pop=2226
  mpx-135 cover: trials=147480000 overall=0.6905 a0_nochange=0.0000 a0_change=0.7624 a1_nochange=1.0000 a1_change=1.0000 matched_but_wrong=0
  mpx-135 acc: trials=147480000 accuracy=0.9132
  mpx-135 traj: trials=147600000 wall=235218s knowledge=0.6902 reliable=364 spec=8.04 pop=2127
  mpx-135 cover: trials=147600000 overall=0.6902 a0_nochange=0.0000 a0_change=0.7611 a1_nochange=1.0000 a1_change=1.0000 matched_but_wrong=0
  mpx-135 acc: trials=147600000 accuracy=0.9120
  mpx-135 traj: trials=147720000 wall=235330s knowledge=0.6889 reliable=366 spec=8.04 pop=2103
  mpx-135 cover: trials=147720000 overall=0.6889 a0_nochange=0.0000 a0_change=0.7560 a1_nochange=1.0000 a1_change=1.0000 matched_but_wrong=0
  mpx-135 acc: trials=147720000 accuracy=0.9229
  mpx-135 traj: trials=147840000 wall=235433s knowledge=0.6894 reliable=365 spec=8.04 pop=2208
  mpx-135 cover: trials=147840000 overall=0.6894 a0_nochange=0.0000 a0_change=0.7580 a1_nochange=1.0000 a1_change=1.0000 matched_but_wrong=0
  mpx-135 acc: trials=147840000 accuracy=0.9195
  mpx-135 traj: trials=147960000 wall=235696s knowledge=0.6893 reliable=362 spec=8.03 pop=2193
  mpx-135 cover: trials=147960000 overall=0.6893 a0_nochange=0.0000 a0_change=0.7573 a1_nochange=1.0000 a1_change=1.0000 matched_but_wrong=0
  mpx-135 acc: trials=147960000 accuracy=0.9143
  mpx-135 traj: trials=148080000 wall=235771s knowledge=0.6883 reliable=366 spec=8.03 pop=2205
  mpx-135 cover: trials=148080000 overall=0.6883 a0_nochange=0.0000 a0_change=0.7536 a1_nochange=1.0000 a1_change=1.0000 matched_but_wrong=0
  mpx-135 acc: trials=148080000 accuracy=0.9151
  mpx-135 traj: trials=148200000 wall=235869s knowledge=0.6889 reliable=366 spec=8.04 pop=2063
  mpx-135 cover: trials=148200000 overall=0.6889 a0_nochange=0.0000 a0_change=0.7557 a1_nochange=1.0000 a1_change=1.0000 matched_but_wrong=0
  mpx-135 acc: trials=148200000 accuracy=0.9306
  mpx-135 traj: trials=148320000 wall=235958s knowledge=0.6882 reliable=361 spec=8.03 pop=2195
  mpx-135 cover: trials=148320000 overall=0.6882 a0_nochange=0.0000 a0_change=0.7529 a1_nochange=1.0000 a1_change=1.0000 matched_but_wrong=0
  mpx-135 acc: trials=148320000 accuracy=0.9173
  mpx-135 traj: trials=148440000 wall=236097s knowledge=0.6878 reliable=357 spec=8.01 pop=2270
  mpx-135 cover: trials=148440000 overall=0.6878 a0_nochange=0.0000 a0_change=0.7516 a1_nochange=1.0000 a1_change=1.0000 matched_but_wrong=0
  mpx-135 acc: trials=148440000 accuracy=0.9248
  mpx-135 traj: trials=148560000 wall=236168s knowledge=0.6878 reliable=361 spec=8.01 pop=2163
  mpx-135 cover: trials=148560000 overall=0.6878 a0_nochange=0.0000 a0_change=0.7516 a1_nochange=1.0000 a1_change=1.0000 matched_but_wrong=0
  mpx-135 acc: trials=148560000 accuracy=0.9053
  mpx-135 traj: trials=148680000 wall=236257s knowledge=0.6870 reliable=361 spec=8.01 pop=2485
  mpx-135 cover: trials=148680000 overall=0.6870 a0_nochange=0.0000 a0_change=0.7481 a1_nochange=1.0000 a1_change=1.0000 matched_but_wrong=0
  mpx-135 acc: trials=148680000 accuracy=0.8960
  mpx-135 traj: trials=148800000 wall=236378s knowledge=0.6869 reliable=365 spec=8.04 pop=2340
  mpx-135 cover: trials=148800000 overall=0.6869 a0_nochange=0.0000 a0_change=0.7479 a1_nochange=1.0000 a1_change=1.0000 matched_but_wrong=0
  mpx-135 acc: trials=148800000 accuracy=0.9174
  mpx-135 traj: trials=148920000 wall=236468s knowledge=0.6868 reliable=357 spec=8.03 pop=2338
  mpx-135 cover: trials=148920000 overall=0.6868 a0_nochange=0.0000 a0_change=0.7473 a1_nochange=1.0000 a1_change=1.0000 matched_but_wrong=0
  mpx-135 acc: trials=148920000 accuracy=0.9055
  mpx-135 traj: trials=149040000 wall=236589s knowledge=0.6868 reliable=361 spec=8.03 pop=2580
  mpx-135 cover: trials=149040000 overall=0.6868 a0_nochange=0.0000 a0_change=0.7473 a1_nochange=1.0000 a1_change=1.0000 matched_but_wrong=0
  mpx-135 acc: trials=149040000 accuracy=0.9058
  mpx-135 traj: trials=149160000 wall=236672s knowledge=0.6867 reliable=359 spec=8.02 pop=2500
  mpx-135 cover: trials=149160000 overall=0.6867 a0_nochange=0.0000 a0_change=0.7473 a1_nochange=1.0000 a1_change=1.0000 matched_but_wrong=0
  mpx-135 acc: trials=149160000 accuracy=0.9079
  mpx-135 traj: trials=149280000 wall=236799s knowledge=0.6872 reliable=362 spec=8.02 pop=2130
  mpx-135 cover: trials=149280000 overall=0.6872 a0_nochange=0.0000 a0_change=0.7489 a1_nochange=1.0000 a1_change=1.0000 matched_but_wrong=0
  mpx-135 acc: trials=149280000 accuracy=0.9081
  mpx-135 traj: trials=149400000 wall=236905s knowledge=0.6884 reliable=368 spec=8.03 pop=2392
  mpx-135 cover: trials=149400000 overall=0.6884 a0_nochange=0.0000 a0_change=0.7537 a1_nochange=1.0000 a1_change=1.0000 matched_but_wrong=0
  mpx-135 acc: trials=149400000 accuracy=0.9177
  mpx-135 traj: trials=149520000 wall=237003s knowledge=0.6882 reliable=362 spec=8.01 pop=2946
  mpx-135 cover: trials=149520000 overall=0.6882 a0_nochange=0.0000 a0_change=0.7530 a1_nochange=1.0000 a1_change=1.0000 matched_but_wrong=0
  mpx-135 acc: trials=149520000 accuracy=0.9319
  mpx-135 traj: trials=149640000 wall=237082s knowledge=0.6880 reliable=365 spec=8.01 pop=2176
  mpx-135 cover: trials=149640000 overall=0.6880 a0_nochange=0.0000 a0_change=0.7521 a1_nochange=1.0000 a1_change=1.0000 matched_but_wrong=0
  mpx-135 acc: trials=149640000 accuracy=0.9042
  mpx-135 traj: trials=149760000 wall=237201s knowledge=0.6877 reliable=358 spec=8.01 pop=2629
  mpx-135 cover: trials=149760000 overall=0.6877 a0_nochange=0.0000 a0_change=0.7511 a1_nochange=1.0000 a1_change=1.0000 matched_but_wrong=0
  mpx-135 acc: trials=149760000 accuracy=0.9058
  mpx-135 traj: trials=149880000 wall=237304s knowledge=0.6900 reliable=363 spec=8.01 pop=2314
  mpx-135 cover: trials=149880000 overall=0.6900 a0_nochange=0.0000 a0_change=0.7602 a1_nochange=1.0000 a1_change=1.0000 matched_but_wrong=0
  mpx-135 acc: trials=149880000 accuracy=0.9197
  mpx-135 traj: trials=150000000 wall=237405s knowledge=0.6885 reliable=360 spec=8.01 pop=2334
  mpx-135 cover: trials=150000000 overall=0.6885 a0_nochange=0.0000 a0_change=0.7544 a1_nochange=1.0000 a1_change=1.0000 matched_but_wrong=0
  mpx-135 acc: trials=150000000 accuracy=0.9331
  mpx-135 traj: trials=150120000 wall=237478s knowledge=0.6885 reliable=359 spec=8.01 pop=3173
  mpx-135 cover: trials=150120000 overall=0.6885 a0_nochange=0.0000 a0_change=0.7544 a1_nochange=1.0000 a1_change=1.0000 matched_but_wrong=0
  mpx-135 acc: trials=150120000 accuracy=0.9081
  mpx-135 traj: trials=150240000 wall=237586s knowledge=0.6895 reliable=361 spec=8.01 pop=2097
  mpx-135 cover: trials=150240000 overall=0.6895 a0_nochange=0.0000 a0_change=0.7585 a1_nochange=1.0000 a1_change=1.0000 matched_but_wrong=0
  mpx-135 acc: trials=150240000 accuracy=0.9254
  mpx-135 traj: trials=150360000 wall=237701s knowledge=0.6897 reliable=366 spec=8.02 pop=2180
  mpx-135 cover: trials=150360000 overall=0.6897 a0_nochange=0.0000 a0_change=0.7590 a1_nochange=1.0000 a1_change=1.0000 matched_but_wrong=0
  mpx-135 acc: trials=150360000 accuracy=0.9139
  mpx-135 traj: trials=150480000 wall=237820s knowledge=0.6912 reliable=366 spec=8.01 pop=2295
  mpx-135 cover: trials=150480000 overall=0.6912 a0_nochange=0.0000 a0_change=0.7652 a1_nochange=1.0000 a1_change=1.0000 matched_but_wrong=0
  mpx-135 acc: trials=150480000 accuracy=0.9200
  mpx-135 traj: trials=150600000 wall=237905s knowledge=0.6907 reliable=361 spec=8.01 pop=2253
  mpx-135 cover: trials=150600000 overall=0.6907 a0_nochange=0.0000 a0_change=0.7630 a1_nochange=1.0000 a1_change=1.0000 matched_but_wrong=0
  mpx-135 acc: trials=150600000 accuracy=0.9230
  mpx-135 traj: trials=150720000 wall=238005s knowledge=0.6907 reliable=362 spec=8.02 pop=2365
  mpx-135 cover: trials=150720000 overall=0.6907 a0_nochange=0.0000 a0_change=0.7632 a1_nochange=1.0000 a1_change=1.0000 matched_but_wrong=4
  mpx-135 acc: trials=150720000 accuracy=0.9174
  mpx-135 traj: trials=150840000 wall=238103s knowledge=0.6892 reliable=357 spec=8.02 pop=2148
  mpx-135 cover: trials=150840000 overall=0.6892 a0_nochange=0.0000 a0_change=0.7570 a1_nochange=1.0000 a1_change=1.0000 matched_but_wrong=0
  mpx-135 acc: trials=150840000 accuracy=0.9207
  mpx-135 traj: trials=150960000 wall=238198s knowledge=0.6899 reliable=361 spec=8.02 pop=2154
  mpx-135 cover: trials=150960000 overall=0.6899 a0_nochange=0.0000 a0_change=0.7600 a1_nochange=1.0000 a1_change=1.0000 matched_but_wrong=0
  mpx-135 acc: trials=150960000 accuracy=0.9166
  mpx-135 traj: trials=151080000 wall=238343s knowledge=0.6905 reliable=363 spec=8.03 pop=2962
  mpx-135 cover: trials=151080000 overall=0.6905 a0_nochange=0.0000 a0_change=0.7624 a1_nochange=1.0000 a1_change=1.0000 matched_but_wrong=0
  mpx-135 acc: trials=151080000 accuracy=0.9051
  mpx-135 traj: trials=151200000 wall=238524s knowledge=0.6910 reliable=365 spec=8.03 pop=2192
  mpx-135 cover: trials=151200000 overall=0.6910 a0_nochange=0.0000 a0_change=0.7643 a1_nochange=1.0000 a1_change=1.0000 matched_but_wrong=0
  mpx-135 acc: trials=151200000 accuracy=0.9177
  mpx-135 traj: trials=151320000 wall=238616s knowledge=0.6908 reliable=363 spec=8.02 pop=2357
  mpx-135 cover: trials=151320000 overall=0.6908 a0_nochange=0.0000 a0_change=0.7634 a1_nochange=1.0000 a1_change=1.0000 matched_but_wrong=0
  mpx-135 acc: trials=151320000 accuracy=0.9330
  mpx-135 traj: trials=151440000 wall=238691s knowledge=0.6905 reliable=367 spec=8.02 pop=2176
  mpx-135 cover: trials=151440000 overall=0.6905 a0_nochange=0.0000 a0_change=0.7624 a1_nochange=1.0000 a1_change=1.0000 matched_but_wrong=0
  mpx-135 acc: trials=151440000 accuracy=0.9154
  mpx-135 traj: trials=151560000 wall=238775s knowledge=0.6906 reliable=365 spec=8.03 pop=2929
  mpx-135 cover: trials=151560000 overall=0.6906 a0_nochange=0.0000 a0_change=0.7627 a1_nochange=1.0000 a1_change=1.0000 matched_but_wrong=0
  mpx-135 acc: trials=151560000 accuracy=0.9230
  mpx-135 traj: trials=151680000 wall=238860s knowledge=0.6905 reliable=364 spec=8.02 pop=2095
  mpx-135 cover: trials=151680000 overall=0.6905 a0_nochange=0.0000 a0_change=0.7624 a1_nochange=1.0000 a1_change=1.0000 matched_but_wrong=0
  mpx-135 acc: trials=151680000 accuracy=0.9081
  mpx-135 traj: trials=151800000 wall=239025s knowledge=0.6915 reliable=364 spec=8.02 pop=2470
  mpx-135 cover: trials=151800000 overall=0.6915 a0_nochange=0.0000 a0_change=0.7662 a1_nochange=1.0000 a1_change=1.0000 matched_but_wrong=0
  mpx-135 acc: trials=151800000 accuracy=0.9135
  mpx-135 traj: trials=151920000 wall=239138s knowledge=0.6905 reliable=360 spec=8.03 pop=2165
  mpx-135 cover: trials=151920000 overall=0.6905 a0_nochange=0.0000 a0_change=0.7625 a1_nochange=1.0000 a1_change=1.0000 matched_but_wrong=0
  mpx-135 acc: trials=151920000 accuracy=0.9321
  mpx-135 traj: trials=152040000 wall=239283s knowledge=0.6911 reliable=363 spec=8.03 pop=2458
  mpx-135 cover: trials=152040000 overall=0.6911 a0_nochange=0.0000 a0_change=0.7646 a1_nochange=1.0000 a1_change=1.0000 matched_but_wrong=0
  mpx-135 acc: trials=152040000 accuracy=0.9367
  mpx-135 traj: trials=152160000 wall=239407s knowledge=0.6914 reliable=366 spec=8.03 pop=2325
  mpx-135 cover: trials=152160000 overall=0.6914 a0_nochange=0.0000 a0_change=0.7659 a1_nochange=1.0000 a1_change=1.0000 matched_but_wrong=0
  mpx-135 acc: trials=152160000 accuracy=0.9108
  mpx-135 traj: trials=152280000 wall=239508s knowledge=0.6911 reliable=364 spec=8.02 pop=2186
  mpx-135 cover: trials=152280000 overall=0.6911 a0_nochange=0.0000 a0_change=0.7645 a1_nochange=1.0000 a1_change=1.0000 matched_but_wrong=0
  mpx-135 acc: trials=152280000 accuracy=0.9193
  mpx-135 traj: trials=152400000 wall=239604s knowledge=0.6906 reliable=362 spec=8.03 pop=2297
  mpx-135 cover: trials=152400000 overall=0.6906 a0_nochange=0.0000 a0_change=0.7626 a1_nochange=1.0000 a1_change=1.0000 matched_but_wrong=0
  mpx-135 acc: trials=152400000 accuracy=0.9351
  mpx-135 traj: trials=152520000 wall=239785s knowledge=0.6909 reliable=367 spec=8.04 pop=2731
  mpx-135 cover: trials=152520000 overall=0.6909 a0_nochange=0.0000 a0_change=0.7638 a1_nochange=1.0000 a1_change=1.0000 matched_but_wrong=0
  mpx-135 acc: trials=152520000 accuracy=0.9165
  mpx-135 traj: trials=152640000 wall=239892s knowledge=0.6913 reliable=363 spec=8.04 pop=2121
  mpx-135 cover: trials=152640000 overall=0.6913 a0_nochange=0.0000 a0_change=0.7656 a1_nochange=1.0000 a1_change=1.0000 matched_but_wrong=0
  mpx-135 acc: trials=152640000 accuracy=0.9237
  mpx-135 traj: trials=152760000 wall=239975s knowledge=0.6902 reliable=368 spec=8.02 pop=2178
  mpx-135 cover: trials=152760000 overall=0.6902 a0_nochange=0.0000 a0_change=0.7612 a1_nochange=1.0000 a1_change=1.0000 matched_but_wrong=0
  mpx-135 acc: trials=152760000 accuracy=0.9021
  mpx-135 traj: trials=152880000 wall=240083s knowledge=0.6906 reliable=365 spec=8.03 pop=2341
  mpx-135 cover: trials=152880000 overall=0.6906 a0_nochange=0.0000 a0_change=0.7629 a1_nochange=1.0000 a1_change=1.0000 matched_but_wrong=0
  mpx-135 acc: trials=152880000 accuracy=0.9126
  mpx-135 traj: trials=153000000 wall=240329s knowledge=0.6899 reliable=367 spec=8.03 pop=2342
  mpx-135 cover: trials=153000000 overall=0.6899 a0_nochange=0.0000 a0_change=0.7600 a1_nochange=1.0000 a1_change=1.0000 matched_but_wrong=0
  mpx-135 acc: trials=153000000 accuracy=0.9143
  mpx-135 traj: trials=153120000 wall=240442s knowledge=0.6899 reliable=361 spec=8.03 pop=2082
  mpx-135 cover: trials=153120000 overall=0.6899 a0_nochange=0.0000 a0_change=0.7598 a1_nochange=1.0000 a1_change=1.0000 matched_but_wrong=0
  mpx-135 acc: trials=153120000 accuracy=0.9152
  mpx-135 traj: trials=153240000 wall=240522s knowledge=0.6905 reliable=367 spec=8.02 pop=2080
  mpx-135 cover: trials=153240000 overall=0.6905 a0_nochange=0.0000 a0_change=0.7621 a1_nochange=1.0000 a1_change=1.0000 matched_but_wrong=0
  mpx-135 acc: trials=153240000 accuracy=0.9195
  mpx-135 traj: trials=153360000 wall=240617s knowledge=0.6900 reliable=359 spec=8.02 pop=2139
  mpx-135 cover: trials=153360000 overall=0.6900 a0_nochange=0.0000 a0_change=0.7604 a1_nochange=1.0000 a1_change=1.0000 matched_but_wrong=0
  mpx-135 acc: trials=153360000 accuracy=0.9196
  mpx-135 traj: trials=153480000 wall=240757s knowledge=0.6904 reliable=360 spec=8.02 pop=2138
  mpx-135 cover: trials=153480000 overall=0.6904 a0_nochange=0.0000 a0_change=0.7620 a1_nochange=1.0000 a1_change=1.0000 matched_but_wrong=0
  mpx-135 acc: trials=153480000 accuracy=0.9101
  mpx-135 traj: trials=153600000 wall=240920s knowledge=0.6913 reliable=365 spec=8.02 pop=2228
  mpx-135 cover: trials=153600000 overall=0.6913 a0_nochange=0.0000 a0_change=0.7656 a1_nochange=1.0000 a1_change=1.0000 matched_but_wrong=0
  mpx-135 acc: trials=153600000 accuracy=0.9254
  mpx-135 traj: trials=153720000 wall=241028s knowledge=0.6907 reliable=363 spec=8.04 pop=2244
  mpx-135 cover: trials=153720000 overall=0.6907 a0_nochange=0.0000 a0_change=0.7633 a1_nochange=1.0000 a1_change=1.0000 matched_but_wrong=0
  mpx-135 acc: trials=153720000 accuracy=0.9189
  mpx-135 traj: trials=153840000 wall=241119s knowledge=0.6902 reliable=363 spec=8.03 pop=2133
  mpx-135 cover: trials=153840000 overall=0.6902 a0_nochange=0.0000 a0_change=0.7610 a1_nochange=1.0000 a1_change=1.0000 matched_but_wrong=0
  mpx-135 acc: trials=153840000 accuracy=0.9281
  mpx-135 traj: trials=153960000 wall=241195s knowledge=0.6906 reliable=371 spec=8.03 pop=2181
  mpx-135 cover: trials=153960000 overall=0.6906 a0_nochange=0.0000 a0_change=0.7627 a1_nochange=1.0000 a1_change=1.0000 matched_but_wrong=0
  mpx-135 acc: trials=153960000 accuracy=0.9277
  mpx-135 traj: trials=154080000 wall=241329s knowledge=0.6908 reliable=370 spec=8.03 pop=2169
  mpx-135 cover: trials=154080000 overall=0.6908 a0_nochange=0.0000 a0_change=0.7681 a1_nochange=0.9956 a1_change=1.0000 matched_but_wrong=0
  mpx-135 acc: trials=154080000 accuracy=0.9240
  mpx-135 traj: trials=154200000 wall=241423s knowledge=0.6915 reliable=366 spec=8.05 pop=2495
  mpx-135 cover: trials=154200000 overall=0.6915 a0_nochange=0.0000 a0_change=0.7707 a1_nochange=0.9956 a1_change=1.0000 matched_but_wrong=0
  mpx-135 acc: trials=154200000 accuracy=0.9246
  mpx-135 traj: trials=154320000 wall=241607s knowledge=0.6916 reliable=366 spec=8.04 pop=2792
  mpx-135 cover: trials=154320000 overall=0.6916 a0_nochange=0.0000 a0_change=0.7713 a1_nochange=0.9956 a1_change=1.0000 matched_but_wrong=0
  mpx-135 acc: trials=154320000 accuracy=0.9331
  mpx-135 traj: trials=154440000 wall=241700s knowledge=0.6915 reliable=367 spec=8.05 pop=2455
  mpx-135 cover: trials=154440000 overall=0.6915 a0_nochange=0.0000 a0_change=0.7702 a1_nochange=0.9960 a1_change=1.0000 matched_but_wrong=5
  mpx-135 acc: trials=154440000 accuracy=0.9255
  mpx-135 traj: trials=154560000 wall=241798s knowledge=0.6926 reliable=367 spec=8.04 pop=2303
  mpx-135 cover: trials=154560000 overall=0.6926 a0_nochange=0.0000 a0_change=0.7708 a1_nochange=1.0000 a1_change=1.0000 matched_but_wrong=0
  mpx-135 acc: trials=154560000 accuracy=0.9129
  mpx-135 traj: trials=154680000 wall=241953s knowledge=0.6929 reliable=362 spec=8.02 pop=2736
  mpx-135 cover: trials=154680000 overall=0.6929 a0_nochange=0.0000 a0_change=0.7717 a1_nochange=1.0000 a1_change=1.0000 matched_but_wrong=0
  mpx-135 acc: trials=154680000 accuracy=0.9120
  mpx-135 traj: trials=154800000 wall=242062s knowledge=0.6926 reliable=365 spec=8.03 pop=2249
  mpx-135 cover: trials=154800000 overall=0.6926 a0_nochange=0.0000 a0_change=0.7707 a1_nochange=1.0000 a1_change=1.0000 matched_but_wrong=0
  mpx-135 acc: trials=154800000 accuracy=0.9123
  mpx-135 traj: trials=154920000 wall=242229s knowledge=0.6921 reliable=368 spec=8.02 pop=2143
  mpx-135 cover: trials=154920000 overall=0.6921 a0_nochange=0.0000 a0_change=0.7686 a1_nochange=1.0000 a1_change=1.0000 matched_but_wrong=0
  mpx-135 acc: trials=154920000 accuracy=0.9127
  mpx-135 traj: trials=155040000 wall=242315s knowledge=0.6928 reliable=366 spec=8.01 pop=2104
  mpx-135 cover: trials=155040000 overall=0.6928 a0_nochange=0.0000 a0_change=0.7716 a1_nochange=1.0000 a1_change=1.0000 matched_but_wrong=0
  mpx-135 acc: trials=155040000 accuracy=0.9182
  mpx-135 traj: trials=155160000 wall=242412s knowledge=0.6925 reliable=364 spec=8.01 pop=2329
  mpx-135 cover: trials=155160000 overall=0.6925 a0_nochange=0.0000 a0_change=0.7701 a1_nochange=1.0000 a1_change=1.0000 matched_but_wrong=0
  mpx-135 acc: trials=155160000 accuracy=0.9135
  mpx-135 traj: trials=155280000 wall=242546s knowledge=0.6910 reliable=361 spec=8.01 pop=2359
  mpx-135 cover: trials=155280000 overall=0.6910 a0_nochange=0.0000 a0_change=0.7644 a1_nochange=1.0000 a1_change=1.0000 matched_but_wrong=0
  mpx-135 acc: trials=155280000 accuracy=0.9113
  mpx-135 traj: trials=155400000 wall=242638s knowledge=0.6911 reliable=366 spec=8.01 pop=2091
  mpx-135 cover: trials=155400000 overall=0.6911 a0_nochange=0.0000 a0_change=0.7648 a1_nochange=1.0000 a1_change=1.0000 matched_but_wrong=0
  mpx-135 acc: trials=155400000 accuracy=0.9286
  mpx-135 traj: trials=155520000 wall=242734s knowledge=0.6923 reliable=363 spec=8.02 pop=2526
  mpx-135 cover: trials=155520000 overall=0.6923 a0_nochange=0.0000 a0_change=0.7694 a1_nochange=1.0000 a1_change=1.0000 matched_but_wrong=0
  mpx-135 acc: trials=155520000 accuracy=0.9249
  mpx-135 traj: trials=155640000 wall=242815s knowledge=0.6912 reliable=365 spec=8.02 pop=2195
  mpx-135 cover: trials=155640000 overall=0.6912 a0_nochange=0.0000 a0_change=0.7651 a1_nochange=1.0000 a1_change=1.0000 matched_but_wrong=0
  mpx-135 acc: trials=155640000 accuracy=0.9107
  mpx-135 traj: trials=155760000 wall=242895s knowledge=0.6911 reliable=365 spec=8.01 pop=2310
  mpx-135 cover: trials=155760000 overall=0.6911 a0_nochange=0.0000 a0_change=0.7647 a1_nochange=1.0000 a1_change=1.0000 matched_but_wrong=0
  mpx-135 acc: trials=155760000 accuracy=0.9107
  mpx-135 traj: trials=155880000 wall=243016s knowledge=0.6921 reliable=371 spec=8.03 pop=2266
  mpx-135 cover: trials=155880000 overall=0.6921 a0_nochange=0.0000 a0_change=0.7687 a1_nochange=1.0000 a1_change=1.0000 matched_but_wrong=0
  mpx-135 acc: trials=155880000 accuracy=0.9333
  mpx-135 traj: trials=156000000 wall=243093s knowledge=0.6934 reliable=363 spec=8.05 pop=2450
  mpx-135 cover: trials=156000000 overall=0.6934 a0_nochange=0.0000 a0_change=0.7739 a1_nochange=1.0000 a1_change=1.0000 matched_but_wrong=0
  mpx-135 acc: trials=156000000 accuracy=0.9115
  mpx-135 traj: trials=156120000 wall=243225s knowledge=0.6929 reliable=365 spec=8.05 pop=2318
  mpx-135 cover: trials=156120000 overall=0.6929 a0_nochange=0.0000 a0_change=0.7717 a1_nochange=1.0000 a1_change=1.0000 matched_but_wrong=0
  mpx-135 acc: trials=156120000 accuracy=0.9077
  mpx-135 traj: trials=156240000 wall=243405s knowledge=0.6937 reliable=369 spec=8.04 pop=1982
  mpx-135 cover: trials=156240000 overall=0.6937 a0_nochange=0.0000 a0_change=0.7752 a1_nochange=1.0000 a1_change=1.0000 matched_but_wrong=0
  mpx-135 acc: trials=156240000 accuracy=0.9117
  mpx-135 traj: trials=156360000 wall=243537s knowledge=0.6911 reliable=360 spec=8.01 pop=2450
  mpx-135 cover: trials=156360000 overall=0.6911 a0_nochange=0.0000 a0_change=0.7647 a1_nochange=1.0000 a1_change=1.0000 matched_but_wrong=0
  mpx-135 acc: trials=156360000 accuracy=0.9346
  mpx-135 traj: trials=156480000 wall=243626s knowledge=0.6931 reliable=364 spec=8.01 pop=2160
  mpx-135 cover: trials=156480000 overall=0.6931 a0_nochange=0.0000 a0_change=0.7728 a1_nochange=1.0000 a1_change=1.0000 matched_but_wrong=0
  mpx-135 acc: trials=156480000 accuracy=0.9290
  mpx-135 traj: trials=156600000 wall=243749s knowledge=0.6926 reliable=364 spec=8.01 pop=2169
  mpx-135 cover: trials=156600000 overall=0.6926 a0_nochange=0.0000 a0_change=0.7706 a1_nochange=1.0000 a1_change=1.0000 matched_but_wrong=0
  mpx-135 acc: trials=156600000 accuracy=0.9219
  mpx-135 traj: trials=156720000 wall=243831s knowledge=0.6926 reliable=361 spec=8.01 pop=2209
  mpx-135 cover: trials=156720000 overall=0.6926 a0_nochange=0.0000 a0_change=0.7706 a1_nochange=1.0000 a1_change=1.0000 matched_but_wrong=0
  mpx-135 acc: trials=156720000 accuracy=0.9150
  mpx-135 traj: trials=156840000 wall=243920s knowledge=0.6926 reliable=365 spec=8.02 pop=2200
  mpx-135 cover: trials=156840000 overall=0.6926 a0_nochange=0.0000 a0_change=0.7708 a1_nochange=1.0000 a1_change=1.0000 matched_but_wrong=0
  mpx-135 acc: trials=156840000 accuracy=0.9262
  mpx-135 traj: trials=156960000 wall=244038s knowledge=0.6911 reliable=365 spec=8.01 pop=2162
  mpx-135 cover: trials=156960000 overall=0.6911 a0_nochange=0.0000 a0_change=0.7646 a1_nochange=1.0000 a1_change=1.0000 matched_but_wrong=0
  mpx-135 acc: trials=156960000 accuracy=0.9321
  mpx-135 traj: trials=157080000 wall=244135s knowledge=0.6911 reliable=363 spec=8.01 pop=2729
  mpx-135 cover: trials=157080000 overall=0.6911 a0_nochange=0.0000 a0_change=0.7646 a1_nochange=1.0000 a1_change=1.0000 matched_but_wrong=0
  mpx-135 acc: trials=157080000 accuracy=0.9370
  mpx-135 traj: trials=157200000 wall=244227s knowledge=0.6922 reliable=369 spec=8.04 pop=2213
  mpx-135 cover: trials=157200000 overall=0.6922 a0_nochange=0.0000 a0_change=0.7692 a1_nochange=1.0000 a1_change=1.0000 matched_but_wrong=0
  mpx-135 acc: trials=157200000 accuracy=0.9279
  mpx-135 traj: trials=157320000 wall=244342s knowledge=0.6913 reliable=365 spec=8.03 pop=2724
  mpx-135 cover: trials=157320000 overall=0.6913 a0_nochange=0.0000 a0_change=0.7654 a1_nochange=1.0000 a1_change=1.0000 matched_but_wrong=0
  mpx-135 acc: trials=157320000 accuracy=0.9215
  mpx-135 traj: trials=157440000 wall=244442s knowledge=0.6909 reliable=361 spec=8.01 pop=2494
  mpx-135 cover: trials=157440000 overall=0.6909 a0_nochange=0.0000 a0_change=0.7640 a1_nochange=1.0000 a1_change=1.0000 matched_but_wrong=0
  mpx-135 acc: trials=157440000 accuracy=0.9197
  mpx-135 traj: trials=157560000 wall=244522s knowledge=0.6915 reliable=364 spec=8.01 pop=2050
  mpx-135 cover: trials=157560000 overall=0.6915 a0_nochange=0.0000 a0_change=0.7662 a1_nochange=1.0000 a1_change=1.0000 matched_but_wrong=0
  mpx-135 acc: trials=157560000 accuracy=0.9118
  mpx-135 traj: trials=157680000 wall=244610s knowledge=0.6934 reliable=367 spec=8.01 pop=2018
  mpx-135 cover: trials=157680000 overall=0.6934 a0_nochange=0.0000 a0_change=0.7738 a1_nochange=1.0000 a1_change=1.0000 matched_but_wrong=0
  mpx-135 acc: trials=157680000 accuracy=0.9283
  mpx-135 traj: trials=157800000 wall=244683s knowledge=0.6928 reliable=366 spec=8.01 pop=2111
  mpx-135 cover: trials=157800000 overall=0.6928 a0_nochange=0.0000 a0_change=0.7717 a1_nochange=1.0000 a1_change=1.0000 matched_but_wrong=0
  mpx-135 acc: trials=157800000 accuracy=0.9133
  mpx-135 traj: trials=157920000 wall=244777s knowledge=0.6919 reliable=370 spec=8.01 pop=2286
  mpx-135 cover: trials=157920000 overall=0.6919 a0_nochange=0.0000 a0_change=0.7679 a1_nochange=1.0000 a1_change=1.0000 matched_but_wrong=0
  mpx-135 acc: trials=157920000 accuracy=0.9225
  mpx-135 traj: trials=158040000 wall=244927s knowledge=0.6924 reliable=369 spec=8.01 pop=2475
  mpx-135 cover: trials=158040000 overall=0.6924 a0_nochange=0.0000 a0_change=0.7699 a1_nochange=1.0000 a1_change=1.0000 matched_but_wrong=0
  mpx-135 acc: trials=158040000 accuracy=0.9467
  mpx-135 traj: trials=158160000 wall=245010s knowledge=0.6922 reliable=366 spec=8.01 pop=2423
  mpx-135 cover: trials=158160000 overall=0.6922 a0_nochange=0.0000 a0_change=0.7691 a1_nochange=1.0000 a1_change=1.0000 matched_but_wrong=0
  mpx-135 acc: trials=158160000 accuracy=0.9161
  mpx-135 traj: trials=158280000 wall=245108s knowledge=0.6932 reliable=368 spec=8.02 pop=2169
  mpx-135 cover: trials=158280000 overall=0.6932 a0_nochange=0.0000 a0_change=0.7732 a1_nochange=1.0000 a1_change=1.0000 matched_but_wrong=0
  mpx-135 acc: trials=158280000 accuracy=0.9364
  mpx-135 traj: trials=158400000 wall=245185s knowledge=0.6935 reliable=369 spec=8.01 pop=2152
  mpx-135 cover: trials=158400000 overall=0.6935 a0_nochange=0.0000 a0_change=0.7744 a1_nochange=1.0000 a1_change=1.0000 matched_but_wrong=0
  mpx-135 acc: trials=158400000 accuracy=0.9204
  mpx-135 traj: trials=158520000 wall=245312s knowledge=0.6928 reliable=361 spec=8.01 pop=2424
  mpx-135 cover: trials=158520000 overall=0.6928 a0_nochange=0.0000 a0_change=0.7713 a1_nochange=1.0000 a1_change=1.0000 matched_but_wrong=0
  mpx-135 acc: trials=158520000 accuracy=0.9277
  mpx-135 traj: trials=158640000 wall=245562s knowledge=0.6919 reliable=366 spec=8.01 pop=2334
  mpx-135 cover: trials=158640000 overall=0.6919 a0_nochange=0.0000 a0_change=0.7678 a1_nochange=1.0000 a1_change=1.0000 matched_but_wrong=0
  mpx-135 acc: trials=158640000 accuracy=0.9179
  mpx-135 traj: trials=158760000 wall=245652s knowledge=0.6913 reliable=364 spec=8.02 pop=2599
  mpx-135 cover: trials=158760000 overall=0.6913 a0_nochange=0.0000 a0_change=0.7655 a1_nochange=1.0000 a1_change=1.0000 matched_but_wrong=0
  mpx-135 acc: trials=158760000 accuracy=0.9199
  mpx-135 traj: trials=158880000 wall=245744s knowledge=0.6916 reliable=364 spec=8.01 pop=2472
  mpx-135 cover: trials=158880000 overall=0.6916 a0_nochange=0.0000 a0_change=0.7665 a1_nochange=1.0000 a1_change=1.0000 matched_but_wrong=0
  mpx-135 acc: trials=158880000 accuracy=0.9136
  mpx-135 traj: trials=159000000 wall=246227s knowledge=0.6929 reliable=363 spec=8.02 pop=2507
  mpx-135 cover: trials=159000000 overall=0.6929 a0_nochange=0.0000 a0_change=0.7720 a1_nochange=1.0000 a1_change=1.0000 matched_but_wrong=0
  mpx-135 acc: trials=159000000 accuracy=0.9243
  mpx-135 traj: trials=159120000 wall=246341s knowledge=0.6927 reliable=367 spec=8.01 pop=2086
  mpx-135 cover: trials=159120000 overall=0.6927 a0_nochange=0.0000 a0_change=0.7712 a1_nochange=1.0000 a1_change=1.0000 matched_but_wrong=0
  mpx-135 acc: trials=159120000 accuracy=0.9290
  mpx-135 traj: trials=159240000 wall=246432s knowledge=0.6914 reliable=362 spec=8.01 pop=2089
  mpx-135 cover: trials=159240000 overall=0.6914 a0_nochange=0.0000 a0_change=0.7658 a1_nochange=1.0000 a1_change=1.0000 matched_but_wrong=0
  mpx-135 acc: trials=159240000 accuracy=0.9050
  mpx-135 traj: trials=159360000 wall=246537s knowledge=0.6909 reliable=363 spec=8.01 pop=2359
  mpx-135 cover: trials=159360000 overall=0.6909 a0_nochange=0.0000 a0_change=0.7640 a1_nochange=1.0000 a1_change=1.0000 matched_but_wrong=0
  mpx-135 acc: trials=159360000 accuracy=0.9325
  mpx-135 traj: trials=159480000 wall=246678s knowledge=0.6917 reliable=367 spec=8.02 pop=2802
  mpx-135 cover: trials=159480000 overall=0.6917 a0_nochange=0.0000 a0_change=0.7669 a1_nochange=1.0000 a1_change=1.0000 matched_but_wrong=8
  mpx-135 acc: trials=159480000 accuracy=0.9231
  mpx-135 traj: trials=159600000 wall=246756s knowledge=0.6924 reliable=365 spec=8.01 pop=2452
  mpx-135 cover: trials=159600000 overall=0.6924 a0_nochange=0.0000 a0_change=0.7697 a1_nochange=1.0000 a1_change=1.0000 matched_but_wrong=0
  mpx-135 acc: trials=159600000 accuracy=0.9270
  mpx-135 traj: trials=159720000 wall=246843s knowledge=0.6934 reliable=371 spec=8.02 pop=2138
  mpx-135 cover: trials=159720000 overall=0.6934 a0_nochange=0.0000 a0_change=0.7737 a1_nochange=1.0000 a1_change=1.0000 matched_but_wrong=0
  mpx-135 acc: trials=159720000 accuracy=0.9245
  mpx-135 traj: trials=159840000 wall=246951s knowledge=0.6933 reliable=367 spec=8.01 pop=2244
  mpx-135 cover: trials=159840000 overall=0.6933 a0_nochange=0.0000 a0_change=0.7734 a1_nochange=1.0000 a1_change=1.0000 matched_but_wrong=0
  mpx-135 acc: trials=159840000 accuracy=0.9196
  mpx-135 traj: trials=159960000 wall=247040s knowledge=0.6943 reliable=365 spec=8.02 pop=4326
  mpx-135 cover: trials=159960000 overall=0.6943 a0_nochange=0.0000 a0_change=0.7776 a1_nochange=1.0000 a1_change=1.0000 matched_but_wrong=0
  mpx-135 acc: trials=159960000 accuracy=0.9226
  mpx-135 traj: trials=160080000 wall=247164s knowledge=0.6918 reliable=367 spec=8.01 pop=2267
  mpx-135 cover: trials=160080000 overall=0.6918 a0_nochange=0.0000 a0_change=0.7676 a1_nochange=1.0000 a1_change=1.0000 matched_but_wrong=0
  mpx-135 acc: trials=160080000 accuracy=0.9196
  mpx-135 traj: trials=160200000 wall=247246s knowledge=0.6924 reliable=368 spec=8.05 pop=2449
  mpx-135 cover: trials=160200000 overall=0.6924 a0_nochange=0.0000 a0_change=0.7698 a1_nochange=1.0000 a1_change=1.0000 matched_but_wrong=0
  mpx-135 acc: trials=160200000 accuracy=0.9120
  mpx-135 traj: trials=160320000 wall=247342s knowledge=0.6923 reliable=368 spec=8.05 pop=3565
  mpx-135 cover: trials=160320000 overall=0.6923 a0_nochange=0.0000 a0_change=0.7696 a1_nochange=1.0000 a1_change=1.0000 matched_but_wrong=0
  mpx-135 acc: trials=160320000 accuracy=0.9262
  mpx-135 traj: trials=160440000 wall=247418s knowledge=0.6923 reliable=372 spec=8.06 pop=2304
  mpx-135 cover: trials=160440000 overall=0.6923 a0_nochange=0.0000 a0_change=0.7694 a1_nochange=1.0000 a1_change=1.0000 matched_but_wrong=0
  mpx-135 acc: trials=160440000 accuracy=0.9264
  mpx-135 traj: trials=160560000 wall=247505s knowledge=0.6928 reliable=367 spec=8.05 pop=2570
  mpx-135 cover: trials=160560000 overall=0.6928 a0_nochange=0.0000 a0_change=0.7713 a1_nochange=1.0000 a1_change=1.0000 matched_but_wrong=0
  mpx-135 acc: trials=160560000 accuracy=0.9381
  mpx-135 traj: trials=160680000 wall=247590s knowledge=0.6922 reliable=369 spec=8.04 pop=2018
  mpx-135 cover: trials=160680000 overall=0.6922 a0_nochange=0.0000 a0_change=0.7689 a1_nochange=1.0000 a1_change=1.0000 matched_but_wrong=3
  mpx-135 acc: trials=160680000 accuracy=0.9076
  mpx-135 traj: trials=160800000 wall=247750s knowledge=0.6922 reliable=369 spec=8.03 pop=2357
  mpx-135 cover: trials=160800000 overall=0.6922 a0_nochange=0.0000 a0_change=0.7689 a1_nochange=1.0000 a1_change=1.0000 matched_but_wrong=0
  mpx-135 acc: trials=160800000 accuracy=0.9223
  mpx-135 traj: trials=160920000 wall=247843s knowledge=0.6924 reliable=369 spec=8.04 pop=2279
  mpx-135 cover: trials=160920000 overall=0.6924 a0_nochange=0.0000 a0_change=0.7699 a1_nochange=1.0000 a1_change=1.0000 matched_but_wrong=0
  mpx-135 acc: trials=160920000 accuracy=0.9299
  mpx-135 traj: trials=161040000 wall=248019s knowledge=0.6929 reliable=368 spec=8.05 pop=2110
  mpx-135 cover: trials=161040000 overall=0.6929 a0_nochange=0.0000 a0_change=0.7720 a1_nochange=1.0000 a1_change=1.0000 matched_but_wrong=0
  mpx-135 acc: trials=161040000 accuracy=0.9106
  mpx-135 traj: trials=161160000 wall=248141s knowledge=0.6928 reliable=369 spec=8.04 pop=2266
  mpx-135 cover: trials=161160000 overall=0.6928 a0_nochange=0.0000 a0_change=0.7716 a1_nochange=1.0000 a1_change=1.0000 matched_but_wrong=0
  mpx-135 acc: trials=161160000 accuracy=0.9150
  mpx-135 traj: trials=161280000 wall=248280s knowledge=0.6913 reliable=365 spec=8.03 pop=2381
  mpx-135 cover: trials=161280000 overall=0.6913 a0_nochange=0.0000 a0_change=0.7656 a1_nochange=1.0000 a1_change=1.0000 matched_but_wrong=2
  mpx-135 acc: trials=161280000 accuracy=0.9243
  mpx-135 traj: trials=161400000 wall=248406s knowledge=0.6923 reliable=367 spec=8.02 pop=2080
  mpx-135 cover: trials=161400000 overall=0.6923 a0_nochange=0.0000 a0_change=0.7694 a1_nochange=1.0000 a1_change=1.0000 matched_but_wrong=0
  mpx-135 acc: trials=161400000 accuracy=0.9105
  mpx-135 traj: trials=161520000 wall=248508s knowledge=0.6916 reliable=366 spec=8.01 pop=2174
  mpx-135 cover: trials=161520000 overall=0.6916 a0_nochange=0.0000 a0_change=0.7668 a1_nochange=1.0000 a1_change=1.0000 matched_but_wrong=0
  mpx-135 acc: trials=161520000 accuracy=0.9108
  mpx-135 traj: trials=161640000 wall=248611s knowledge=0.6908 reliable=361 spec=8.01 pop=2078
  mpx-135 cover: trials=161640000 overall=0.6908 a0_nochange=0.0000 a0_change=0.7636 a1_nochange=1.0000 a1_change=1.0000 matched_but_wrong=0
  mpx-135 acc: trials=161640000 accuracy=0.9255
  mpx-135 traj: trials=161760000 wall=248711s knowledge=0.6908 reliable=363 spec=8.01 pop=2171
  mpx-135 cover: trials=161760000 overall=0.6908 a0_nochange=0.0000 a0_change=0.7636 a1_nochange=1.0000 a1_change=1.0000 matched_but_wrong=0
  mpx-135 acc: trials=161760000 accuracy=0.9239
  mpx-135 traj: trials=161880000 wall=248862s knowledge=0.6908 reliable=360 spec=8.01 pop=2227
  mpx-135 cover: trials=161880000 overall=0.6908 a0_nochange=0.0000 a0_change=0.7636 a1_nochange=1.0000 a1_change=1.0000 matched_but_wrong=0
  mpx-135 acc: trials=161880000 accuracy=0.9222
  mpx-135 traj: trials=162000000 wall=248958s knowledge=0.6908 reliable=357 spec=8.01 pop=2361
  mpx-135 cover: trials=162000000 overall=0.6908 a0_nochange=0.0000 a0_change=0.7636 a1_nochange=1.0000 a1_change=1.0000 matched_but_wrong=0
  mpx-135 acc: trials=162000000 accuracy=0.9135
  mpx-135 traj: trials=162120000 wall=249088s knowledge=0.6908 reliable=360 spec=8.01 pop=3429
  mpx-135 cover: trials=162120000 overall=0.6908 a0_nochange=0.0000 a0_change=0.7636 a1_nochange=1.0000 a1_change=1.0000 matched_but_wrong=0
  mpx-135 acc: trials=162120000 accuracy=0.9057
  mpx-135 traj: trials=162240000 wall=249216s knowledge=0.6912 reliable=363 spec=8.03 pop=2235
  mpx-135 cover: trials=162240000 overall=0.6912 a0_nochange=0.0000 a0_change=0.7652 a1_nochange=1.0000 a1_change=1.0000 matched_but_wrong=0
  mpx-135 acc: trials=162240000 accuracy=0.9093
  mpx-135 traj: trials=162360000 wall=249378s knowledge=0.6909 reliable=358 spec=8.02 pop=2265
  mpx-135 cover: trials=162360000 overall=0.6909 a0_nochange=0.0000 a0_change=0.7639 a1_nochange=1.0000 a1_change=1.0000 matched_but_wrong=0
  mpx-135 acc: trials=162360000 accuracy=0.9414
  mpx-135 traj: trials=162480000 wall=249463s knowledge=0.6915 reliable=362 spec=8.02 pop=2477
  mpx-135 cover: trials=162480000 overall=0.6915 a0_nochange=0.0000 a0_change=0.7661 a1_nochange=1.0000 a1_change=1.0000 matched_but_wrong=0
  mpx-135 acc: trials=162480000 accuracy=0.9085
  mpx-135 traj: trials=162600000 wall=249544s knowledge=0.6909 reliable=364 spec=8.02 pop=2426
  mpx-135 cover: trials=162600000 overall=0.6909 a0_nochange=0.0000 a0_change=0.7639 a1_nochange=1.0000 a1_change=1.0000 matched_but_wrong=0
  mpx-135 acc: trials=162600000 accuracy=0.9229
  mpx-135 traj: trials=162720000 wall=249687s knowledge=0.6914 reliable=361 spec=8.02 pop=2369
  mpx-135 cover: trials=162720000 overall=0.6914 a0_nochange=0.0000 a0_change=0.7658 a1_nochange=1.0000 a1_change=1.0000 matched_but_wrong=0
  mpx-135 acc: trials=162720000 accuracy=0.9085
  mpx-135 traj: trials=162840000 wall=249857s knowledge=0.6909 reliable=360 spec=8.02 pop=3009
  mpx-135 cover: trials=162840000 overall=0.6909 a0_nochange=0.0000 a0_change=0.7639 a1_nochange=1.0000 a1_change=1.0000 matched_but_wrong=0
  mpx-135 acc: trials=162840000 accuracy=0.9175
  mpx-135 traj: trials=162960000 wall=250004s knowledge=0.6922 reliable=367 spec=8.05 pop=2783
  mpx-135 cover: trials=162960000 overall=0.6922 a0_nochange=0.0000 a0_change=0.7690 a1_nochange=1.0000 a1_change=1.0000 matched_but_wrong=1
  mpx-135 acc: trials=162960000 accuracy=0.9262
  mpx-135 traj: trials=163080000 wall=250156s knowledge=0.6919 reliable=365 spec=8.02 pop=2248
  mpx-135 cover: trials=163080000 overall=0.6919 a0_nochange=0.0000 a0_change=0.7681 a1_nochange=1.0000 a1_change=1.0000 matched_but_wrong=0
  mpx-135 acc: trials=163080000 accuracy=0.9210
  mpx-135 traj: trials=163200000 wall=250249s knowledge=0.6923 reliable=368 spec=8.02 pop=2563
  mpx-135 cover: trials=163200000 overall=0.6923 a0_nochange=0.0000 a0_change=0.7693 a1_nochange=1.0000 a1_change=1.0000 matched_but_wrong=0
  mpx-135 acc: trials=163200000 accuracy=0.9355
  mpx-135 traj: trials=163320000 wall=250336s knowledge=0.6918 reliable=365 spec=8.02 pop=2152
  mpx-135 cover: trials=163320000 overall=0.6918 a0_nochange=0.0000 a0_change=0.7675 a1_nochange=1.0000 a1_change=1.0000 matched_but_wrong=0
  mpx-135 acc: trials=163320000 accuracy=0.9232
  mpx-135 traj: trials=163440000 wall=250413s knowledge=0.6910 reliable=362 spec=8.03 pop=2235
  mpx-135 cover: trials=163440000 overall=0.6910 a0_nochange=0.0000 a0_change=0.7641 a1_nochange=1.0000 a1_change=1.0000 matched_but_wrong=0
  mpx-135 acc: trials=163440000 accuracy=0.9191
  mpx-135 traj: trials=163560000 wall=250494s knowledge=0.6912 reliable=365 spec=8.04 pop=2561
  mpx-135 cover: trials=163560000 overall=0.6912 a0_nochange=0.0000 a0_change=0.7652 a1_nochange=1.0000 a1_change=1.0000 matched_but_wrong=0
  mpx-135 acc: trials=163560000 accuracy=0.9275
  mpx-135 traj: trials=163680000 wall=250577s knowledge=0.6920 reliable=369 spec=8.06 pop=2297
  mpx-135 cover: trials=163680000 overall=0.6920 a0_nochange=0.0000 a0_change=0.7684 a1_nochange=1.0000 a1_change=1.0000 matched_but_wrong=0
  mpx-135 acc: trials=163680000 accuracy=0.9291
  mpx-135 traj: trials=163800000 wall=250696s knowledge=0.6916 reliable=368 spec=8.05 pop=2208
  mpx-135 cover: trials=163800000 overall=0.6916 a0_nochange=0.0000 a0_change=0.7667 a1_nochange=1.0000 a1_change=1.0000 matched_but_wrong=0
  mpx-135 acc: trials=163800000 accuracy=0.9174
  mpx-135 traj: trials=163920000 wall=250774s knowledge=0.6914 reliable=367 spec=8.03 pop=2593
  mpx-135 cover: trials=163920000 overall=0.6914 a0_nochange=0.0000 a0_change=0.7658 a1_nochange=1.0000 a1_change=1.0000 matched_but_wrong=22
  mpx-135 acc: trials=163920000 accuracy=0.9274
  mpx-135 traj: trials=164040000 wall=250850s knowledge=0.6912 reliable=369 spec=8.05 pop=2234
  mpx-135 cover: trials=164040000 overall=0.6912 a0_nochange=0.0000 a0_change=0.7649 a1_nochange=1.0000 a1_change=1.0000 matched_but_wrong=0
  mpx-135 acc: trials=164040000 accuracy=0.9163
  mpx-135 traj: trials=164160000 wall=251087s knowledge=0.6918 reliable=372 spec=8.04 pop=3125
  mpx-135 cover: trials=164160000 overall=0.6918 a0_nochange=0.0000 a0_change=0.7676 a1_nochange=1.0000 a1_change=1.0000 matched_but_wrong=0
  mpx-135 acc: trials=164160000 accuracy=0.9172
  mpx-135 traj: trials=164280000 wall=251157s knowledge=0.6915 reliable=371 spec=8.04 pop=2256
  mpx-135 cover: trials=164280000 overall=0.6915 a0_nochange=0.0000 a0_change=0.7662 a1_nochange=1.0000 a1_change=1.0000 matched_but_wrong=0
  mpx-135 acc: trials=164280000 accuracy=0.9182
  mpx-135 traj: trials=164400000 wall=251265s knowledge=0.6920 reliable=365 spec=8.06 pop=2242
  mpx-135 cover: trials=164400000 overall=0.6920 a0_nochange=0.0000 a0_change=0.7683 a1_nochange=1.0000 a1_change=1.0000 matched_but_wrong=0
  mpx-135 acc: trials=164400000 accuracy=0.9178
  mpx-135 traj: trials=164520000 wall=251347s knowledge=0.6922 reliable=369 spec=8.06 pop=2236
  mpx-135 cover: trials=164520000 overall=0.6922 a0_nochange=0.0000 a0_change=0.7692 a1_nochange=1.0000 a1_change=1.0000 matched_but_wrong=0
  mpx-135 acc: trials=164520000 accuracy=0.8997
  mpx-135 traj: trials=164640000 wall=251432s knowledge=0.6910 reliable=366 spec=8.04 pop=2106
  mpx-135 cover: trials=164640000 overall=0.6910 a0_nochange=0.0000 a0_change=0.7644 a1_nochange=1.0000 a1_change=1.0000 matched_but_wrong=0
  mpx-135 acc: trials=164640000 accuracy=0.9140
  mpx-135 traj: trials=164760000 wall=251888s knowledge=0.6915 reliable=367 spec=8.04 pop=2332
  mpx-135 cover: trials=164760000 overall=0.6915 a0_nochange=0.0000 a0_change=0.7663 a1_nochange=1.0000 a1_change=1.0000 matched_but_wrong=0
  mpx-135 acc: trials=164760000 accuracy=0.9205
  mpx-135 traj: trials=164880000 wall=251965s knowledge=0.6910 reliable=361 spec=8.04 pop=2236
  mpx-135 cover: trials=164880000 overall=0.6910 a0_nochange=0.0000 a0_change=0.7644 a1_nochange=1.0000 a1_change=1.0000 matched_but_wrong=0
  mpx-135 acc: trials=164880000 accuracy=0.9345
  mpx-135 traj: trials=165000000 wall=252132s knowledge=0.6909 reliable=361 spec=8.02 pop=2191
  mpx-135 cover: trials=165000000 overall=0.6909 a0_nochange=0.0000 a0_change=0.7639 a1_nochange=1.0000 a1_change=1.0000 matched_but_wrong=0
  mpx-135 acc: trials=165000000 accuracy=0.9143
  mpx-135 traj: trials=165120000 wall=252303s knowledge=0.6909 reliable=360 spec=8.02 pop=3424
  mpx-135 cover: trials=165120000 overall=0.6909 a0_nochange=0.0000 a0_change=0.7639 a1_nochange=1.0000 a1_change=1.0000 matched_but_wrong=0
  mpx-135 acc: trials=165120000 accuracy=0.9121
  mpx-135 traj: trials=165240000 wall=252403s knowledge=0.6909 reliable=362 spec=8.02 pop=2361
  mpx-135 cover: trials=165240000 overall=0.6909 a0_nochange=0.0000 a0_change=0.7639 a1_nochange=1.0000 a1_change=1.0000 matched_but_wrong=0
  mpx-135 acc: trials=165240000 accuracy=0.8997
  mpx-135 traj: trials=165360000 wall=252487s knowledge=0.6909 reliable=364 spec=8.02 pop=2143
  mpx-135 cover: trials=165360000 overall=0.6909 a0_nochange=0.0000 a0_change=0.7639 a1_nochange=1.0000 a1_change=1.0000 matched_but_wrong=0
  mpx-135 acc: trials=165360000 accuracy=0.9130
  mpx-135 traj: trials=165480000 wall=252601s knowledge=0.6910 reliable=366 spec=8.03 pop=2053
  mpx-135 cover: trials=165480000 overall=0.6910 a0_nochange=0.0000 a0_change=0.7642 a1_nochange=1.0000 a1_change=1.0000 matched_but_wrong=0
  mpx-135 acc: trials=165480000 accuracy=0.9305
  mpx-135 traj: trials=165600000 wall=252777s knowledge=0.6911 reliable=363 spec=8.01 pop=2203
  mpx-135 cover: trials=165600000 overall=0.6911 a0_nochange=0.0000 a0_change=0.7645 a1_nochange=1.0000 a1_change=1.0000 matched_but_wrong=0
  mpx-135 acc: trials=165600000 accuracy=0.9120
  mpx-135 traj: trials=165720000 wall=252858s knowledge=0.6908 reliable=361 spec=8.01 pop=2370
  mpx-135 cover: trials=165720000 overall=0.6908 a0_nochange=0.0000 a0_change=0.7636 a1_nochange=1.0000 a1_change=1.0000 matched_but_wrong=0
  mpx-135 acc: trials=165720000 accuracy=0.9094
  mpx-135 traj: trials=165840000 wall=252971s knowledge=0.6912 reliable=362 spec=8.01 pop=2419
  mpx-135 cover: trials=165840000 overall=0.6912 a0_nochange=0.0000 a0_change=0.7652 a1_nochange=1.0000 a1_change=1.0000 matched_but_wrong=0
  mpx-135 acc: trials=165840000 accuracy=0.9166
  mpx-135 traj: trials=165960000 wall=253052s knowledge=0.6914 reliable=363 spec=8.01 pop=2122
  mpx-135 cover: trials=165960000 overall=0.6914 a0_nochange=0.0000 a0_change=0.7658 a1_nochange=1.0000 a1_change=1.0000 matched_but_wrong=0
  mpx-135 acc: trials=165960000 accuracy=0.9114
  mpx-135 traj: trials=166080000 wall=253165s knowledge=0.6919 reliable=367 spec=8.02 pop=2342
  mpx-135 cover: trials=166080000 overall=0.6919 a0_nochange=0.0000 a0_change=0.7678 a1_nochange=1.0000 a1_change=1.0000 matched_but_wrong=0
  mpx-135 acc: trials=166080000 accuracy=0.9174
  mpx-135 traj: trials=166200000 wall=253298s knowledge=0.6914 reliable=362 spec=8.02 pop=2273
  mpx-135 cover: trials=166200000 overall=0.6914 a0_nochange=0.0000 a0_change=0.7658 a1_nochange=1.0000 a1_change=1.0000 matched_but_wrong=0
  mpx-135 acc: trials=166200000 accuracy=0.9065
  mpx-135 traj: trials=166320000 wall=253379s knowledge=0.6926 reliable=369 spec=8.03 pop=2050
  mpx-135 cover: trials=166320000 overall=0.6926 a0_nochange=0.0000 a0_change=0.7706 a1_nochange=1.0000 a1_change=1.0000 matched_but_wrong=0
  mpx-135 acc: trials=166320000 accuracy=0.9172
  mpx-135 traj: trials=166440000 wall=253469s knowledge=0.6928 reliable=368 spec=8.02 pop=2084
  mpx-135 cover: trials=166440000 overall=0.6928 a0_nochange=0.0000 a0_change=0.7714 a1_nochange=1.0000 a1_change=1.0000 matched_but_wrong=0
  mpx-135 acc: trials=166440000 accuracy=0.9091
  mpx-135 traj: trials=166560000 wall=253661s knowledge=0.6911 reliable=363 spec=8.03 pop=3293
  mpx-135 cover: trials=166560000 overall=0.6911 a0_nochange=0.0000 a0_change=0.7647 a1_nochange=1.0000 a1_change=1.0000 matched_but_wrong=0
  mpx-135 acc: trials=166560000 accuracy=0.9289
  mpx-135 traj: trials=166680000 wall=253739s knowledge=0.6911 reliable=364 spec=8.03 pop=2015
  mpx-135 cover: trials=166680000 overall=0.6911 a0_nochange=0.0000 a0_change=0.7647 a1_nochange=1.0000 a1_change=1.0000 matched_but_wrong=0
  mpx-135 acc: trials=166680000 accuracy=0.9134
  mpx-135 traj: trials=166800000 wall=253811s knowledge=0.6911 reliable=363 spec=8.03 pop=2178
  mpx-135 cover: trials=166800000 overall=0.6911 a0_nochange=0.0000 a0_change=0.7647 a1_nochange=1.0000 a1_change=1.0000 matched_but_wrong=0
  mpx-135 acc: trials=166800000 accuracy=0.9088
  mpx-135 traj: trials=166920000 wall=253929s knowledge=0.6922 reliable=367 spec=8.04 pop=2261
  mpx-135 cover: trials=166920000 overall=0.6922 a0_nochange=0.0000 a0_change=0.7690 a1_nochange=1.0000 a1_change=1.0000 matched_but_wrong=0
  mpx-135 acc: trials=166920000 accuracy=0.9066
  mpx-135 traj: trials=167040000 wall=254127s knowledge=0.6910 reliable=363 spec=8.03 pop=3379
  mpx-135 cover: trials=167040000 overall=0.6910 a0_nochange=0.0000 a0_change=0.7643 a1_nochange=1.0000 a1_change=1.0000 matched_but_wrong=0
  mpx-135 acc: trials=167040000 accuracy=0.9242
  mpx-135 traj: trials=167160000 wall=254203s knowledge=0.6919 reliable=363 spec=8.02 pop=2150
  mpx-135 cover: trials=167160000 overall=0.6919 a0_nochange=0.0000 a0_change=0.7677 a1_nochange=1.0000 a1_change=1.0000 matched_but_wrong=0
  mpx-135 acc: trials=167160000 accuracy=0.9201
  mpx-135 traj: trials=167280000 wall=254299s knowledge=0.6920 reliable=368 spec=8.02 pop=2085
  mpx-135 cover: trials=167280000 overall=0.6920 a0_nochange=0.0000 a0_change=0.7683 a1_nochange=1.0000 a1_change=1.0000 matched_but_wrong=0
  mpx-135 acc: trials=167280000 accuracy=0.9163
  mpx-135 traj: trials=167400000 wall=254392s knowledge=0.6934 reliable=364 spec=8.01 pop=2066
  mpx-135 cover: trials=167400000 overall=0.6934 a0_nochange=0.0000 a0_change=0.7738 a1_nochange=1.0000 a1_change=1.0000 matched_but_wrong=0
  mpx-135 acc: trials=167400000 accuracy=0.9358
  mpx-135 traj: trials=167520000 wall=254475s knowledge=0.6932 reliable=368 spec=8.02 pop=2510
  mpx-135 cover: trials=167520000 overall=0.6932 a0_nochange=0.0000 a0_change=0.7731 a1_nochange=1.0000 a1_change=1.0000 matched_but_wrong=0
  mpx-135 acc: trials=167520000 accuracy=0.9295
  mpx-135 traj: trials=167640000 wall=254587s knowledge=0.6931 reliable=366 spec=8.02 pop=2455
  mpx-135 cover: trials=167640000 overall=0.6931 a0_nochange=0.0000 a0_change=0.7726 a1_nochange=1.0000 a1_change=1.0000 matched_but_wrong=0
  mpx-135 acc: trials=167640000 accuracy=0.9303
  mpx-135 traj: trials=167760000 wall=254667s knowledge=0.6913 reliable=368 spec=8.03 pop=2246
  mpx-135 cover: trials=167760000 overall=0.6913 a0_nochange=0.0000 a0_change=0.7656 a1_nochange=1.0000 a1_change=1.0000 matched_but_wrong=0
  mpx-135 acc: trials=167760000 accuracy=0.9109
  mpx-135 traj: trials=167880000 wall=254752s knowledge=0.6914 reliable=360 spec=8.04 pop=2307
  mpx-135 cover: trials=167880000 overall=0.6914 a0_nochange=0.0000 a0_change=0.7657 a1_nochange=1.0000 a1_change=1.0000 matched_but_wrong=0
  mpx-135 acc: trials=167880000 accuracy=0.9101
  mpx-135 traj: trials=168000000 wall=254967s knowledge=0.6914 reliable=367 spec=8.05 pop=2298
  mpx-135 cover: trials=168000000 overall=0.6914 a0_nochange=0.0000 a0_change=0.7660 a1_nochange=1.0000 a1_change=1.0000 matched_but_wrong=0
  mpx-135 acc: trials=168000000 accuracy=0.9116
  mpx-135 traj: trials=168120000 wall=255094s knowledge=0.6921 reliable=369 spec=8.05 pop=2779
  mpx-135 cover: trials=168120000 overall=0.6921 a0_nochange=0.0000 a0_change=0.7685 a1_nochange=1.0000 a1_change=1.0000 matched_but_wrong=0
  mpx-135 acc: trials=168120000 accuracy=0.9277
  mpx-135 traj: trials=168240000 wall=255280s knowledge=0.6914 reliable=364 spec=8.04 pop=2703
  mpx-135 cover: trials=168240000 overall=0.6914 a0_nochange=0.0000 a0_change=0.7660 a1_nochange=1.0000 a1_change=1.0000 matched_but_wrong=0
  mpx-135 acc: trials=168240000 accuracy=0.9103
  mpx-135 traj: trials=168360000 wall=255472s knowledge=0.6921 reliable=370 spec=8.02 pop=2187
  mpx-135 cover: trials=168360000 overall=0.6921 a0_nochange=0.0000 a0_change=0.7686 a1_nochange=1.0000 a1_change=1.0000 matched_but_wrong=0
  mpx-135 acc: trials=168360000 accuracy=0.9125
  mpx-135 traj: trials=168480000 wall=255598s knowledge=0.6926 reliable=365 spec=8.02 pop=2986
  mpx-135 cover: trials=168480000 overall=0.6926 a0_nochange=0.0000 a0_change=0.7705 a1_nochange=1.0000 a1_change=1.0000 matched_but_wrong=0
  mpx-135 acc: trials=168480000 accuracy=0.9302
  mpx-135 traj: trials=168600000 wall=255707s knowledge=0.6914 reliable=367 spec=8.03 pop=2301
  mpx-135 cover: trials=168600000 overall=0.6914 a0_nochange=0.0000 a0_change=0.7658 a1_nochange=1.0000 a1_change=1.0000 matched_but_wrong=0
  mpx-135 acc: trials=168600000 accuracy=0.9111
  mpx-135 traj: trials=168720000 wall=255817s knowledge=0.6914 reliable=364 spec=8.04 pop=2307
  mpx-135 cover: trials=168720000 overall=0.6914 a0_nochange=0.0000 a0_change=0.7660 a1_nochange=1.0000 a1_change=1.0000 matched_but_wrong=0
  mpx-135 acc: trials=168720000 accuracy=0.9203
  mpx-135 traj: trials=168840000 wall=255897s knowledge=0.6918 reliable=366 spec=8.03 pop=2147
  mpx-135 cover: trials=168840000 overall=0.6918 a0_nochange=0.0000 a0_change=0.7675 a1_nochange=1.0000 a1_change=1.0000 matched_but_wrong=0
  mpx-135 acc: trials=168840000 accuracy=0.9079
  mpx-135 traj: trials=168960000 wall=255982s knowledge=0.6913 reliable=361 spec=8.02 pop=2175
  mpx-135 cover: trials=168960000 overall=0.6913 a0_nochange=0.0000 a0_change=0.7655 a1_nochange=1.0000 a1_change=1.0000 matched_but_wrong=0
  mpx-135 acc: trials=168960000 accuracy=0.9165
  mpx-135 traj: trials=169080000 wall=256069s knowledge=0.6922 reliable=363 spec=8.03 pop=2343
  mpx-135 cover: trials=169080000 overall=0.6922 a0_nochange=0.0000 a0_change=0.7690 a1_nochange=1.0000 a1_change=1.0000 matched_but_wrong=0
  mpx-135 acc: trials=169080000 accuracy=0.9184
  mpx-135 traj: trials=169200000 wall=256167s knowledge=0.6942 reliable=368 spec=8.04 pop=2025
  mpx-135 cover: trials=169200000 overall=0.6942 a0_nochange=0.0000 a0_change=0.7769 a1_nochange=1.0000 a1_change=1.0000 matched_but_wrong=0
  mpx-135 acc: trials=169200000 accuracy=0.9435
  mpx-135 traj: trials=169320000 wall=256264s knowledge=0.6960 reliable=371 spec=8.06 pop=2296
  mpx-135 cover: trials=169320000 overall=0.6960 a0_nochange=0.0000 a0_change=0.7841 a1_nochange=1.0000 a1_change=1.0000 matched_but_wrong=0
  mpx-135 acc: trials=169320000 accuracy=0.9234
  mpx-135 traj: trials=169440000 wall=256410s knowledge=0.6965 reliable=373 spec=8.05 pop=2222
  mpx-135 cover: trials=169440000 overall=0.6965 a0_nochange=0.0000 a0_change=0.7863 a1_nochange=1.0000 a1_change=1.0000 matched_but_wrong=0
  mpx-135 acc: trials=169440000 accuracy=0.9328
  mpx-135 traj: trials=169560000 wall=256504s knowledge=0.6970 reliable=374 spec=8.04 pop=2061
  mpx-135 cover: trials=169560000 overall=0.6970 a0_nochange=0.0000 a0_change=0.7883 a1_nochange=1.0000 a1_change=1.0000 matched_but_wrong=0
  mpx-135 acc: trials=169560000 accuracy=0.9333
  mpx-135 traj: trials=169680000 wall=256673s knowledge=0.6946 reliable=372 spec=8.03 pop=2101
  mpx-135 cover: trials=169680000 overall=0.6946 a0_nochange=0.0000 a0_change=0.7789 a1_nochange=1.0000 a1_change=1.0000 matched_but_wrong=0
  mpx-135 acc: trials=169680000 accuracy=0.9353
  mpx-135 traj: trials=169800000 wall=256772s knowledge=0.6942 reliable=367 spec=8.04 pop=2169
  mpx-135 cover: trials=169800000 overall=0.6942 a0_nochange=0.0000 a0_change=0.7771 a1_nochange=1.0000 a1_change=1.0000 matched_but_wrong=0
  mpx-135 acc: trials=169800000 accuracy=0.9185
  mpx-135 traj: trials=169920000 wall=256876s knowledge=0.6940 reliable=368 spec=8.04 pop=2339
  mpx-135 cover: trials=169920000 overall=0.6940 a0_nochange=0.0000 a0_change=0.7764 a1_nochange=1.0000 a1_change=1.0000 matched_but_wrong=0
  mpx-135 acc: trials=169920000 accuracy=0.9216
  mpx-135 traj: trials=170040000 wall=256971s knowledge=0.6940 reliable=367 spec=8.04 pop=2268
  mpx-135 cover: trials=170040000 overall=0.6940 a0_nochange=0.0000 a0_change=0.7764 a1_nochange=1.0000 a1_change=1.0000 matched_but_wrong=0
  mpx-135 acc: trials=170040000 accuracy=0.9199
  mpx-135 traj: trials=170160000 wall=257057s knowledge=0.6945 reliable=368 spec=8.03 pop=2150
  mpx-135 cover: trials=170160000 overall=0.6945 a0_nochange=0.0000 a0_change=0.7782 a1_nochange=1.0000 a1_change=1.0000 matched_but_wrong=0
  mpx-135 acc: trials=170160000 accuracy=0.9184
  mpx-135 traj: trials=170280000 wall=257146s knowledge=0.6949 reliable=370 spec=8.03 pop=2679
  mpx-135 cover: trials=170280000 overall=0.6949 a0_nochange=0.0000 a0_change=0.7797 a1_nochange=1.0000 a1_change=1.0000 matched_but_wrong=0
  mpx-135 acc: trials=170280000 accuracy=0.9417
  mpx-135 traj: trials=170400000 wall=257273s knowledge=0.6947 reliable=365 spec=8.02 pop=2613
  mpx-135 cover: trials=170400000 overall=0.6947 a0_nochange=0.0000 a0_change=0.7791 a1_nochange=1.0000 a1_change=1.0000 matched_but_wrong=0
  mpx-135 acc: trials=170400000 accuracy=0.9162
  mpx-135 traj: trials=170520000 wall=257403s knowledge=0.6946 reliable=369 spec=8.01 pop=2797
  mpx-135 cover: trials=170520000 overall=0.6946 a0_nochange=0.0000 a0_change=0.7787 a1_nochange=1.0000 a1_change=1.0000 matched_but_wrong=0
  mpx-135 acc: trials=170520000 accuracy=0.9213
  mpx-135 traj: trials=170640000 wall=257530s knowledge=0.6960 reliable=369 spec=8.01 pop=2144
  mpx-135 cover: trials=170640000 overall=0.6960 a0_nochange=0.0000 a0_change=0.7845 a1_nochange=1.0000 a1_change=1.0000 matched_but_wrong=0
  mpx-135 acc: trials=170640000 accuracy=0.9334
  mpx-135 traj: trials=170760000 wall=257697s knowledge=0.6959 reliable=369 spec=8.01 pop=2372
  mpx-135 cover: trials=170760000 overall=0.6959 a0_nochange=0.0000 a0_change=0.7840 a1_nochange=1.0000 a1_change=1.0000 matched_but_wrong=0
  mpx-135 acc: trials=170760000 accuracy=0.9324
  mpx-135 traj: trials=170880000 wall=257814s knowledge=0.6961 reliable=365 spec=8.01 pop=2104
  mpx-135 cover: trials=170880000 overall=0.6961 a0_nochange=0.0000 a0_change=0.7846 a1_nochange=1.0000 a1_change=1.0000 matched_but_wrong=0
  mpx-135 acc: trials=170880000 accuracy=0.9308
  mpx-135 traj: trials=171000000 wall=257891s knowledge=0.6964 reliable=366 spec=8.02 pop=2165
  mpx-135 cover: trials=171000000 overall=0.6964 a0_nochange=0.0000 a0_change=0.7859 a1_nochange=1.0000 a1_change=1.0000 matched_but_wrong=0
  mpx-135 acc: trials=171000000 accuracy=0.9309
  mpx-135 traj: trials=171120000 wall=257973s knowledge=0.6954 reliable=364 spec=8.01 pop=2095
  mpx-135 cover: trials=171120000 overall=0.6954 a0_nochange=0.0000 a0_change=0.7817 a1_nochange=1.0000 a1_change=1.0000 matched_but_wrong=0
  mpx-135 acc: trials=171120000 accuracy=0.9237
  mpx-135 traj: trials=171240000 wall=258089s knowledge=0.6945 reliable=365 spec=8.00 pop=2349
  mpx-135 cover: trials=171240000 overall=0.6945 a0_nochange=0.0000 a0_change=0.7783 a1_nochange=1.0000 a1_change=1.0000 matched_but_wrong=0
  mpx-135 acc: trials=171240000 accuracy=0.9444
  mpx-135 traj: trials=171360000 wall=258187s knowledge=0.6927 reliable=357 spec=8.01 pop=2559
  mpx-135 cover: trials=171360000 overall=0.6927 a0_nochange=0.0000 a0_change=0.7713 a1_nochange=1.0000 a1_change=1.0000 matched_but_wrong=0
  mpx-135 acc: trials=171360000 accuracy=0.9107
  mpx-135 traj: trials=171480000 wall=258297s knowledge=0.6927 reliable=358 spec=8.01 pop=2259
  mpx-135 cover: trials=171480000 overall=0.6927 a0_nochange=0.0000 a0_change=0.7713 a1_nochange=1.0000 a1_change=1.0000 matched_but_wrong=0
  mpx-135 acc: trials=171480000 accuracy=0.9132
  mpx-135 traj: trials=171600000 wall=258414s knowledge=0.6927 reliable=358 spec=8.01 pop=2215
  mpx-135 cover: trials=171600000 overall=0.6927 a0_nochange=0.0000 a0_change=0.7712 a1_nochange=1.0000 a1_change=1.0000 matched_but_wrong=0
  mpx-135 acc: trials=171600000 accuracy=0.9135
  mpx-135 traj: trials=171720000 wall=258498s knowledge=0.6927 reliable=364 spec=8.01 pop=2265
  mpx-135 cover: trials=171720000 overall=0.6927 a0_nochange=0.0000 a0_change=0.7712 a1_nochange=1.0000 a1_change=1.0000 matched_but_wrong=0
  mpx-135 acc: trials=171720000 accuracy=0.9254
  mpx-135 traj: trials=171840000 wall=258582s knowledge=0.6933 reliable=366 spec=8.02 pop=2361
  mpx-135 cover: trials=171840000 overall=0.6933 a0_nochange=0.0000 a0_change=0.7735 a1_nochange=1.0000 a1_change=1.0000 matched_but_wrong=0
  mpx-135 acc: trials=171840000 accuracy=0.9217
  mpx-135 traj: trials=171960000 wall=258666s knowledge=0.6933 reliable=367 spec=8.02 pop=2102
  mpx-135 cover: trials=171960000 overall=0.6933 a0_nochange=0.0000 a0_change=0.7736 a1_nochange=1.0000 a1_change=1.0000 matched_but_wrong=0
  mpx-135 acc: trials=171960000 accuracy=0.9318
  mpx-135 traj: trials=172080000 wall=258798s knowledge=0.6931 reliable=361 spec=8.01 pop=2270
  mpx-135 cover: trials=172080000 overall=0.6931 a0_nochange=0.0000 a0_change=0.7726 a1_nochange=1.0000 a1_change=1.0000 matched_but_wrong=0
  mpx-135 acc: trials=172080000 accuracy=0.9267
  mpx-135 traj: trials=172200000 wall=258925s knowledge=0.6945 reliable=361 spec=8.01 pop=2270
  mpx-135 cover: trials=172200000 overall=0.6945 a0_nochange=0.0000 a0_change=0.7783 a1_nochange=1.0000 a1_change=1.0000 matched_but_wrong=0
  mpx-135 acc: trials=172200000 accuracy=0.9252
  mpx-135 traj: trials=172320000 wall=259028s knowledge=0.6948 reliable=371 spec=8.01 pop=2003
  mpx-135 cover: trials=172320000 overall=0.6948 a0_nochange=0.0000 a0_change=0.7793 a1_nochange=1.0000 a1_change=1.0000 matched_but_wrong=0
  mpx-135 acc: trials=172320000 accuracy=0.9235
  mpx-135 traj: trials=172440000 wall=259137s knowledge=0.6937 reliable=365 spec=8.01 pop=2525
  mpx-135 cover: trials=172440000 overall=0.6937 a0_nochange=0.0000 a0_change=0.7750 a1_nochange=1.0000 a1_change=1.0000 matched_but_wrong=5
  mpx-135 acc: trials=172440000 accuracy=0.9376
  mpx-135 traj: trials=172560000 wall=259237s knowledge=0.6938 reliable=364 spec=8.02 pop=2194
  mpx-135 cover: trials=172560000 overall=0.6938 a0_nochange=0.0000 a0_change=0.7755 a1_nochange=1.0000 a1_change=1.0000 matched_but_wrong=2
  mpx-135 acc: trials=172560000 accuracy=0.9212
  mpx-135 traj: trials=172680000 wall=259346s knowledge=0.6949 reliable=366 spec=8.02 pop=2964
  mpx-135 cover: trials=172680000 overall=0.6949 a0_nochange=0.0000 a0_change=0.7798 a1_nochange=1.0000 a1_change=1.0000 matched_but_wrong=2
  mpx-135 acc: trials=172680000 accuracy=0.9457
  mpx-135 traj: trials=172800000 wall=259529s knowledge=0.6948 reliable=365 spec=8.02 pop=2259
  mpx-135 cover: trials=172800000 overall=0.6948 a0_nochange=0.0000 a0_change=0.7796 a1_nochange=1.0000 a1_change=1.0000 matched_but_wrong=0
  mpx-135 acc: trials=172800000 accuracy=0.9207
  mpx-135 traj: trials=172920000 wall=259627s knowledge=0.6930 reliable=368 spec=8.04 pop=2160
  mpx-135 cover: trials=172920000 overall=0.6930 a0_nochange=0.0000 a0_change=0.7722 a1_nochange=1.0000 a1_change=1.0000 matched_but_wrong=0
  mpx-135 acc: trials=172920000 accuracy=0.9202
  mpx-135 traj: trials=173040000 wall=259895s knowledge=0.6930 reliable=365 spec=8.02 pop=3059
  mpx-135 cover: trials=173040000 overall=0.6930 a0_nochange=0.0000 a0_change=0.7722 a1_nochange=1.0000 a1_change=1.0000 matched_but_wrong=0
  mpx-135 acc: trials=173040000 accuracy=0.9104
  mpx-135 traj: trials=173160000 wall=259981s knowledge=0.6931 reliable=363 spec=8.03 pop=2292
  mpx-135 cover: trials=173160000 overall=0.6931 a0_nochange=0.0000 a0_change=0.7728 a1_nochange=1.0000 a1_change=1.0000 matched_but_wrong=0
  mpx-135 acc: trials=173160000 accuracy=0.9292
  mpx-135 traj: trials=173280000 wall=260136s knowledge=0.6928 reliable=368 spec=8.02 pop=2210
  mpx-135 cover: trials=173280000 overall=0.6928 a0_nochange=0.0000 a0_change=0.7716 a1_nochange=1.0000 a1_change=1.0000 matched_but_wrong=0
  mpx-135 acc: trials=173280000 accuracy=0.9394
  mpx-135 traj: trials=173400000 wall=260279s knowledge=0.6939 reliable=368 spec=8.02 pop=2238
  mpx-135 cover: trials=173400000 overall=0.6939 a0_nochange=0.0000 a0_change=0.7759 a1_nochange=1.0000 a1_change=1.0000 matched_but_wrong=0
  mpx-135 acc: trials=173400000 accuracy=0.9265
  mpx-135 traj: trials=173520000 wall=260448s knowledge=0.6933 reliable=363 spec=8.02 pop=2258
  mpx-135 cover: trials=173520000 overall=0.6933 a0_nochange=0.0000 a0_change=0.7734 a1_nochange=1.0000 a1_change=1.0000 matched_but_wrong=0
  mpx-135 acc: trials=173520000 accuracy=0.9237
  mpx-135 traj: trials=173640000 wall=260521s knowledge=0.6933 reliable=361 spec=8.02 pop=1995
  mpx-135 cover: trials=173640000 overall=0.6933 a0_nochange=0.0000 a0_change=0.7733 a1_nochange=1.0000 a1_change=1.0000 matched_but_wrong=0
  mpx-135 acc: trials=173640000 accuracy=0.9185
  mpx-135 traj: trials=173760000 wall=260607s knowledge=0.6926 reliable=359 spec=8.00 pop=2165
  mpx-135 cover: trials=173760000 overall=0.6926 a0_nochange=0.0000 a0_change=0.7707 a1_nochange=1.0000 a1_change=1.0000 matched_but_wrong=0
  mpx-135 acc: trials=173760000 accuracy=0.9088
  mpx-135 traj: trials=173880000 wall=260693s knowledge=0.6927 reliable=364 spec=8.01 pop=2079
  mpx-135 cover: trials=173880000 overall=0.6927 a0_nochange=0.0000 a0_change=0.7710 a1_nochange=1.0000 a1_change=1.0000 matched_but_wrong=0
  mpx-135 acc: trials=173880000 accuracy=0.9347
  mpx-135 traj: trials=174000000 wall=260778s knowledge=0.6934 reliable=363 spec=8.02 pop=2696
  mpx-135 cover: trials=174000000 overall=0.6934 a0_nochange=0.0000 a0_change=0.7739 a1_nochange=1.0000 a1_change=1.0000 matched_but_wrong=0
  mpx-135 acc: trials=174000000 accuracy=0.9338
  mpx-135 traj: trials=174120000 wall=260971s knowledge=0.6935 reliable=369 spec=8.03 pop=2076
  mpx-135 cover: trials=174120000 overall=0.6935 a0_nochange=0.0000 a0_change=0.7742 a1_nochange=1.0000 a1_change=1.0000 matched_but_wrong=0
  mpx-135 acc: trials=174120000 accuracy=0.9271
  mpx-135 traj: trials=174240000 wall=261061s knowledge=0.6941 reliable=366 spec=8.03 pop=2156
  mpx-135 cover: trials=174240000 overall=0.6941 a0_nochange=0.0000 a0_change=0.7768 a1_nochange=1.0000 a1_change=1.0000 matched_but_wrong=0
  mpx-135 acc: trials=174240000 accuracy=0.9352
  mpx-135 traj: trials=174360000 wall=261273s knowledge=0.6938 reliable=364 spec=8.02 pop=3279
  mpx-135 cover: trials=174360000 overall=0.6938 a0_nochange=0.0000 a0_change=0.7755 a1_nochange=1.0000 a1_change=1.0000 matched_but_wrong=0
  mpx-135 acc: trials=174360000 accuracy=0.9369
  mpx-135 traj: trials=174480000 wall=261450s knowledge=0.6934 reliable=367 spec=8.02 pop=2561
  mpx-135 cover: trials=174480000 overall=0.6934 a0_nochange=0.0000 a0_change=0.7739 a1_nochange=1.0000 a1_change=1.0000 matched_but_wrong=0
  mpx-135 acc: trials=174480000 accuracy=0.9235
  mpx-135 traj: trials=174600000 wall=261666s knowledge=0.6945 reliable=363 spec=8.03 pop=2185
  mpx-135 cover: trials=174600000 overall=0.6945 a0_nochange=0.0000 a0_change=0.7782 a1_nochange=1.0000 a1_change=1.0000 matched_but_wrong=0
  mpx-135 acc: trials=174600000 accuracy=0.9141
  mpx-135 traj: trials=174720000 wall=261755s knowledge=0.6939 reliable=362 spec=8.03 pop=2235
  mpx-135 cover: trials=174720000 overall=0.6939 a0_nochange=0.0000 a0_change=0.7758 a1_nochange=1.0000 a1_change=1.0000 matched_but_wrong=0
  mpx-135 acc: trials=174720000 accuracy=0.9196
  mpx-135 traj: trials=174840000 wall=261839s knowledge=0.6953 reliable=367 spec=8.05 pop=2184
  mpx-135 cover: trials=174840000 overall=0.6953 a0_nochange=0.0000 a0_change=0.7813 a1_nochange=1.0000 a1_change=1.0000 matched_but_wrong=0
  mpx-135 acc: trials=174840000 accuracy=0.9219
  mpx-135 traj: trials=174960000 wall=261927s knowledge=0.6944 reliable=372 spec=8.03 pop=2079
  mpx-135 cover: trials=174960000 overall=0.6944 a0_nochange=0.0000 a0_change=0.7780 a1_nochange=1.0000 a1_change=1.0000 matched_but_wrong=7
  mpx-135 acc: trials=174960000 accuracy=0.9268
  mpx-135 traj: trials=175080000 wall=262004s knowledge=0.6943 reliable=373 spec=8.02 pop=2071
  mpx-135 cover: trials=175080000 overall=0.6943 a0_nochange=0.0000 a0_change=0.7774 a1_nochange=1.0000 a1_change=1.0000 matched_but_wrong=0
  mpx-135 acc: trials=175080000 accuracy=0.9336
  mpx-135 traj: trials=175200000 wall=262077s knowledge=0.6958 reliable=369 spec=8.03 pop=2426
  mpx-135 cover: trials=175200000 overall=0.6958 a0_nochange=0.0000 a0_change=0.7836 a1_nochange=1.0000 a1_change=1.0000 matched_but_wrong=0
  mpx-135 acc: trials=175200000 accuracy=0.9198
  mpx-135 traj: trials=175320000 wall=262173s knowledge=0.6957 reliable=369 spec=8.04 pop=2087
  mpx-135 cover: trials=175320000 overall=0.6957 a0_nochange=0.0000 a0_change=0.7833 a1_nochange=1.0000 a1_change=1.0000 matched_but_wrong=0
  mpx-135 acc: trials=175320000 accuracy=0.9225
  mpx-135 traj: trials=175440000 wall=262251s knowledge=0.6962 reliable=373 spec=8.04 pop=2168
  mpx-135 cover: trials=175440000 overall=0.6962 a0_nochange=0.0000 a0_change=0.7852 a1_nochange=1.0000 a1_change=1.0000 matched_but_wrong=0
  mpx-135 acc: trials=175440000 accuracy=0.9543
  mpx-135 traj: trials=175560000 wall=262348s knowledge=0.6952 reliable=373 spec=8.03 pop=2234
  mpx-135 cover: trials=175560000 overall=0.6952 a0_nochange=0.0000 a0_change=0.7811 a1_nochange=1.0000 a1_change=1.0000 matched_but_wrong=0
  mpx-135 acc: trials=175560000 accuracy=0.9186
  mpx-135 traj: trials=175680000 wall=262464s knowledge=0.6937 reliable=366 spec=8.02 pop=2563
  mpx-135 cover: trials=175680000 overall=0.6937 a0_nochange=0.0000 a0_change=0.7753 a1_nochange=1.0000 a1_change=1.0000 matched_but_wrong=0
  mpx-135 acc: trials=175680000 accuracy=0.9219
  mpx-135 traj: trials=175800000 wall=262550s knowledge=0.6949 reliable=367 spec=8.03 pop=2176
  mpx-135 cover: trials=175800000 overall=0.6949 a0_nochange=0.0000 a0_change=0.7800 a1_nochange=1.0000 a1_change=1.0000 matched_but_wrong=0
  mpx-135 acc: trials=175800000 accuracy=0.9183
  mpx-135 traj: trials=175920000 wall=262631s knowledge=0.6948 reliable=362 spec=8.01 pop=2256
  mpx-135 cover: trials=175920000 overall=0.6948 a0_nochange=0.0000 a0_change=0.7796 a1_nochange=1.0000 a1_change=1.0000 matched_but_wrong=0
  mpx-135 acc: trials=175920000 accuracy=0.9289
  mpx-135 traj: trials=176040000 wall=262727s knowledge=0.6960 reliable=367 spec=8.00 pop=2113
  mpx-135 cover: trials=176040000 overall=0.6960 a0_nochange=0.0000 a0_change=0.7844 a1_nochange=1.0000 a1_change=1.0000 matched_but_wrong=0
  mpx-135 acc: trials=176040000 accuracy=0.9319
  mpx-135 traj: trials=176160000 wall=262828s knowledge=0.6958 reliable=366 spec=8.00 pop=2480
  mpx-135 cover: trials=176160000 overall=0.6958 a0_nochange=0.0000 a0_change=0.7836 a1_nochange=1.0000 a1_change=1.0000 matched_but_wrong=0
  mpx-135 acc: trials=176160000 accuracy=0.9450
  mpx-135 traj: trials=176280000 wall=263004s knowledge=0.6964 reliable=363 spec=8.00 pop=2106
  mpx-135 cover: trials=176280000 overall=0.6964 a0_nochange=0.0000 a0_change=0.7857 a1_nochange=1.0000 a1_change=1.0000 matched_but_wrong=0
  mpx-135 acc: trials=176280000 accuracy=0.9251
  mpx-135 traj: trials=176400000 wall=263116s knowledge=0.6957 reliable=367 spec=8.01 pop=2225
  mpx-135 cover: trials=176400000 overall=0.6957 a0_nochange=0.0000 a0_change=0.7829 a1_nochange=1.0000 a1_change=1.0000 matched_but_wrong=0
  mpx-135 acc: trials=176400000 accuracy=0.9235
  mpx-135 traj: trials=176520000 wall=263193s knowledge=0.6958 reliable=365 spec=8.02 pop=2112
  mpx-135 cover: trials=176520000 overall=0.6958 a0_nochange=0.0000 a0_change=0.7837 a1_nochange=1.0000 a1_change=1.0000 matched_but_wrong=0
  mpx-135 acc: trials=176520000 accuracy=0.9317
  mpx-135 traj: trials=176640000 wall=263320s knowledge=0.6960 reliable=364 spec=8.03 pop=2338
  mpx-135 cover: trials=176640000 overall=0.6960 a0_nochange=0.0000 a0_change=0.7842 a1_nochange=1.0000 a1_change=1.0000 matched_but_wrong=0
  mpx-135 acc: trials=176640000 accuracy=0.9168
  mpx-135 traj: trials=176760000 wall=263408s knowledge=0.6951 reliable=372 spec=8.02 pop=2159
  mpx-135 cover: trials=176760000 overall=0.6951 a0_nochange=0.0000 a0_change=0.7806 a1_nochange=1.0000 a1_change=1.0000 matched_but_wrong=0
  mpx-135 acc: trials=176760000 accuracy=0.9589
  mpx-135 traj: trials=176880000 wall=263520s knowledge=0.6948 reliable=366 spec=8.02 pop=2468
  mpx-135 cover: trials=176880000 overall=0.6948 a0_nochange=0.0000 a0_change=0.7795 a1_nochange=1.0000 a1_change=1.0000 matched_but_wrong=0
  mpx-135 acc: trials=176880000 accuracy=0.9248
  mpx-135 traj: trials=177000000 wall=263657s knowledge=0.6949 reliable=368 spec=8.03 pop=2301
  mpx-135 cover: trials=177000000 overall=0.6949 a0_nochange=0.0000 a0_change=0.7801 a1_nochange=1.0000 a1_change=1.0000 matched_but_wrong=0
  mpx-135 acc: trials=177000000 accuracy=0.9244
  mpx-135 traj: trials=177120000 wall=263774s knowledge=0.6951 reliable=366 spec=8.03 pop=2115
  mpx-135 cover: trials=177120000 overall=0.6951 a0_nochange=0.0000 a0_change=0.7805 a1_nochange=1.0000 a1_change=1.0000 matched_but_wrong=5
  mpx-135 acc: trials=177120000 accuracy=0.9193
  mpx-135 traj: trials=177240000 wall=263869s knowledge=0.6957 reliable=366 spec=8.02 pop=2533
  mpx-135 cover: trials=177240000 overall=0.6957 a0_nochange=0.0000 a0_change=0.7831 a1_nochange=1.0000 a1_change=1.0000 matched_but_wrong=0
  mpx-135 acc: trials=177240000 accuracy=0.9266
  mpx-135 traj: trials=177360000 wall=263943s knowledge=0.6948 reliable=368 spec=8.02 pop=2056
  mpx-135 cover: trials=177360000 overall=0.6948 a0_nochange=0.0000 a0_change=0.7796 a1_nochange=1.0000 a1_change=1.0000 matched_but_wrong=0
  mpx-135 acc: trials=177360000 accuracy=0.9273
  mpx-135 traj: trials=177480000 wall=264119s knowledge=0.6964 reliable=365 spec=8.02 pop=2191
  mpx-135 cover: trials=177480000 overall=0.6964 a0_nochange=0.0000 a0_change=0.7858 a1_nochange=1.0000 a1_change=1.0000 matched_but_wrong=0
  mpx-135 acc: trials=177480000 accuracy=0.9205
  mpx-135 traj: trials=177600000 wall=264193s knowledge=0.6957 reliable=367 spec=8.02 pop=2215
  mpx-135 cover: trials=177600000 overall=0.6957 a0_nochange=0.0000 a0_change=0.7832 a1_nochange=1.0000 a1_change=1.0000 matched_but_wrong=0
  mpx-135 acc: trials=177600000 accuracy=0.9276
  mpx-135 traj: trials=177720000 wall=264302s knowledge=0.6962 reliable=366 spec=8.03 pop=2260
  mpx-135 cover: trials=177720000 overall=0.6962 a0_nochange=0.0000 a0_change=0.7849 a1_nochange=1.0000 a1_change=1.0000 matched_but_wrong=0
  mpx-135 acc: trials=177720000 accuracy=0.9244
  mpx-135 traj: trials=177840000 wall=264381s knowledge=0.6964 reliable=367 spec=8.03 pop=2149
  mpx-135 cover: trials=177840000 overall=0.6964 a0_nochange=0.0000 a0_change=0.7860 a1_nochange=1.0000 a1_change=1.0000 matched_but_wrong=0
  mpx-135 acc: trials=177840000 accuracy=0.9281
  mpx-135 traj: trials=177960000 wall=264484s knowledge=0.6964 reliable=367 spec=8.03 pop=2221
  mpx-135 cover: trials=177960000 overall=0.6964 a0_nochange=0.0000 a0_change=0.7857 a1_nochange=1.0000 a1_change=1.0000 matched_but_wrong=0
  mpx-135 acc: trials=177960000 accuracy=0.9179
  mpx-135 traj: trials=178080000 wall=264574s knowledge=0.6954 reliable=367 spec=8.04 pop=2233
  mpx-135 cover: trials=178080000 overall=0.6954 a0_nochange=0.0000 a0_change=0.7818 a1_nochange=1.0000 a1_change=1.0000 matched_but_wrong=0
  mpx-135 acc: trials=178080000 accuracy=0.9117
  mpx-135 traj: trials=178200000 wall=264655s knowledge=0.6954 reliable=367 spec=8.02 pop=2180
  mpx-135 cover: trials=178200000 overall=0.6954 a0_nochange=0.0000 a0_change=0.7819 a1_nochange=1.0000 a1_change=1.0000 matched_but_wrong=0
  mpx-135 acc: trials=178200000 accuracy=0.9249
  mpx-135 traj: trials=178320000 wall=264769s knowledge=0.6957 reliable=370 spec=8.04 pop=2499
  mpx-135 cover: trials=178320000 overall=0.6957 a0_nochange=0.0000 a0_change=0.7830 a1_nochange=1.0000 a1_change=1.0000 matched_but_wrong=1
  mpx-135 acc: trials=178320000 accuracy=0.9242
  mpx-135 traj: trials=178440000 wall=265192s knowledge=0.6956 reliable=371 spec=8.01 pop=4530
  mpx-135 cover: trials=178440000 overall=0.6956 a0_nochange=0.0000 a0_change=0.7827 a1_nochange=1.0000 a1_change=1.0000 matched_but_wrong=0
  mpx-135 acc: trials=178440000 accuracy=0.9462
  mpx-135 traj: trials=178560000 wall=265266s knowledge=0.6948 reliable=363 spec=8.01 pop=2370
  mpx-135 cover: trials=178560000 overall=0.6948 a0_nochange=0.0000 a0_change=0.7794 a1_nochange=1.0000 a1_change=1.0000 matched_but_wrong=0
  mpx-135 acc: trials=178560000 accuracy=0.9294
  mpx-135 traj: trials=178680000 wall=265380s knowledge=0.6955 reliable=370 spec=8.00 pop=2212
  mpx-135 cover: trials=178680000 overall=0.6955 a0_nochange=0.0000 a0_change=0.7823 a1_nochange=1.0000 a1_change=1.0000 matched_but_wrong=0
  mpx-135 acc: trials=178680000 accuracy=0.9262
  mpx-135 traj: trials=178800000 wall=265749s knowledge=0.6960 reliable=369 spec=8.05 pop=3199
  mpx-135 cover: trials=178800000 overall=0.6960 a0_nochange=0.0000 a0_change=0.7842 a1_nochange=1.0000 a1_change=1.0000 matched_but_wrong=6
  mpx-135 acc: trials=178800000 accuracy=0.9126
  mpx-135 traj: trials=178920000 wall=265863s knowledge=0.6960 reliable=369 spec=8.02 pop=2155
  mpx-135 cover: trials=178920000 overall=0.6960 a0_nochange=0.0000 a0_change=0.7842 a1_nochange=1.0000 a1_change=1.0000 matched_but_wrong=2
  mpx-135 acc: trials=178920000 accuracy=0.9142
  mpx-135 traj: trials=179040000 wall=265955s knowledge=0.6961 reliable=366 spec=8.02 pop=2231
  mpx-135 cover: trials=179040000 overall=0.6961 a0_nochange=0.0000 a0_change=0.7846 a1_nochange=1.0000 a1_change=1.0000 matched_but_wrong=0
  mpx-135 acc: trials=179040000 accuracy=0.9299
  mpx-135 traj: trials=179160000 wall=266048s knowledge=0.6957 reliable=366 spec=8.02 pop=2508
  mpx-135 cover: trials=179160000 overall=0.6957 a0_nochange=0.0000 a0_change=0.7829 a1_nochange=1.0000 a1_change=1.0000 matched_but_wrong=0
  mpx-135 acc: trials=179160000 accuracy=0.9206
  mpx-135 traj: trials=179280000 wall=266211s knowledge=0.6974 reliable=369 spec=8.01 pop=2518
  mpx-135 cover: trials=179280000 overall=0.6974 a0_nochange=0.0000 a0_change=0.7900 a1_nochange=1.0000 a1_change=1.0000 matched_but_wrong=0
  mpx-135 acc: trials=179280000 accuracy=0.9204
  mpx-135 traj: trials=179400000 wall=266308s knowledge=0.6990 reliable=373 spec=8.02 pop=2266
  mpx-135 cover: trials=179400000 overall=0.6990 a0_nochange=0.0000 a0_change=0.7964 a1_nochange=1.0000 a1_change=1.0000 matched_but_wrong=0
  mpx-135 acc: trials=179400000 accuracy=0.9371
  mpx-135 traj: trials=179520000 wall=266397s knowledge=0.6984 reliable=366 spec=8.04 pop=2676
  mpx-135 cover: trials=179520000 overall=0.6984 a0_nochange=0.0000 a0_change=0.7938 a1_nochange=1.0000 a1_change=1.0000 matched_but_wrong=10
  mpx-135 acc: trials=179520000 accuracy=0.9394
  mpx-135 traj: trials=179640000 wall=266530s knowledge=0.6987 reliable=369 spec=8.09 pop=2069
  mpx-135 cover: trials=179640000 overall=0.6987 a0_nochange=0.0000 a0_change=0.7952 a1_nochange=1.0000 a1_change=1.0000 matched_but_wrong=2
  mpx-135 acc: trials=179640000 accuracy=0.9285
  mpx-135 traj: trials=179760000 wall=266624s knowledge=0.6998 reliable=374 spec=8.06 pop=2533
  mpx-135 cover: trials=179760000 overall=0.6998 a0_nochange=0.0000 a0_change=0.7994 a1_nochange=1.0000 a1_change=1.0000 matched_but_wrong=0
  mpx-135 acc: trials=179760000 accuracy=0.9274
  mpx-135 traj: trials=179880000 wall=266700s knowledge=0.7001 reliable=372 spec=8.05 pop=2348
  mpx-135 cover: trials=179880000 overall=0.7001 a0_nochange=0.0000 a0_change=0.8007 a1_nochange=1.0000 a1_change=1.0000 matched_but_wrong=0
  mpx-135 acc: trials=179880000 accuracy=0.9307
  mpx-135 traj: trials=180000000 wall=266937s knowledge=0.7004 reliable=375 spec=8.03 pop=2198
  mpx-135 cover: trials=180000000 overall=0.7004 a0_nochange=0.0000 a0_change=0.8020 a1_nochange=1.0000 a1_change=1.0000 matched_but_wrong=0
  mpx-135 acc: trials=180000000 accuracy=0.9286
  mpx-135 traj: trials=180120000 wall=267102s knowledge=0.7024 reliable=376 spec=8.05 pop=1933
  mpx-135 cover: trials=180120000 overall=0.7024 a0_nochange=0.0000 a0_change=0.8098 a1_nochange=1.0000 a1_change=1.0000 matched_but_wrong=0
  mpx-135 acc: trials=180120000 accuracy=0.9306
  mpx-135 traj: trials=180240000 wall=267262s knowledge=0.7022 reliable=372 spec=8.03 pop=2944
  mpx-135 cover: trials=180240000 overall=0.7022 a0_nochange=0.0000 a0_change=0.8090 a1_nochange=1.0000 a1_change=1.0000 matched_but_wrong=0
  mpx-135 acc: trials=180240000 accuracy=0.9359
  mpx-135 traj: trials=180360000 wall=267385s knowledge=0.7002 reliable=371 spec=8.02 pop=2234
  mpx-135 cover: trials=180360000 overall=0.7002 a0_nochange=0.0000 a0_change=0.8011 a1_nochange=1.0000 a1_change=1.0000 matched_but_wrong=0
  mpx-135 acc: trials=180360000 accuracy=0.9291
  mpx-135 traj: trials=180480000 wall=267649s knowledge=0.7000 reliable=369 spec=8.02 pop=2215
  mpx-135 cover: trials=180480000 overall=0.7000 a0_nochange=0.0000 a0_change=0.8002 a1_nochange=1.0000 a1_change=1.0000 matched_but_wrong=0
  mpx-135 acc: trials=180480000 accuracy=0.9349
  mpx-135 traj: trials=180600000 wall=267798s knowledge=0.7000 reliable=372 spec=8.02 pop=2141
  mpx-135 cover: trials=180600000 overall=0.7000 a0_nochange=0.0000 a0_change=0.8001 a1_nochange=1.0000 a1_change=1.0000 matched_but_wrong=0
  mpx-135 acc: trials=180600000 accuracy=0.9359
  mpx-135 traj: trials=180720000 wall=268003s knowledge=0.7002 reliable=366 spec=8.02 pop=2064
  mpx-135 cover: trials=180720000 overall=0.7002 a0_nochange=0.0000 a0_change=0.8011 a1_nochange=1.0000 a1_change=1.0000 matched_but_wrong=0
  mpx-135 acc: trials=180720000 accuracy=0.9303
  mpx-135 traj: trials=180840000 wall=268121s knowledge=0.6997 reliable=372 spec=8.01 pop=2227
  mpx-135 cover: trials=180840000 overall=0.6997 a0_nochange=0.0000 a0_change=0.7991 a1_nochange=1.0000 a1_change=1.0000 matched_but_wrong=0
  mpx-135 acc: trials=180840000 accuracy=0.9268
  mpx-135 traj: trials=180960000 wall=268212s knowledge=0.7000 reliable=370 spec=8.01 pop=2217
  mpx-135 cover: trials=180960000 overall=0.7000 a0_nochange=0.0000 a0_change=0.8002 a1_nochange=1.0000 a1_change=1.0000 matched_but_wrong=0
  mpx-135 acc: trials=180960000 accuracy=0.9314
  mpx-135 traj: trials=181080000 wall=268302s knowledge=0.6999 reliable=364 spec=8.01 pop=2224
  mpx-135 cover: trials=181080000 overall=0.6999 a0_nochange=0.0000 a0_change=0.7999 a1_nochange=1.0000 a1_change=1.0000 matched_but_wrong=0
  mpx-135 acc: trials=181080000 accuracy=0.9280
  mpx-135 traj: trials=181200000 wall=268410s knowledge=0.7009 reliable=373 spec=8.03 pop=1962
  mpx-135 cover: trials=181200000 overall=0.7009 a0_nochange=0.0000 a0_change=0.8038 a1_nochange=1.0000 a1_change=1.0000 matched_but_wrong=0
  mpx-135 acc: trials=181200000 accuracy=0.9332
  mpx-135 traj: trials=181320000 wall=268512s knowledge=0.6998 reliable=362 spec=8.03 pop=2179
  mpx-135 cover: trials=181320000 overall=0.6998 a0_nochange=0.0000 a0_change=0.7995 a1_nochange=1.0000 a1_change=1.0000 matched_but_wrong=0
  mpx-135 acc: trials=181320000 accuracy=0.9346
  mpx-135 traj: trials=181440000 wall=268599s knowledge=0.7000 reliable=369 spec=8.02 pop=2107
  mpx-135 cover: trials=181440000 overall=0.7000 a0_nochange=0.0000 a0_change=0.8004 a1_nochange=1.0000 a1_change=1.0000 matched_but_wrong=0
  mpx-135 acc: trials=181440000 accuracy=0.9389
  mpx-135 traj: trials=181560000 wall=268684s knowledge=0.7000 reliable=368 spec=8.02 pop=2011
  mpx-135 cover: trials=181560000 overall=0.7000 a0_nochange=0.0000 a0_change=0.8004 a1_nochange=1.0000 a1_change=1.0000 matched_but_wrong=0
  mpx-135 acc: trials=181560000 accuracy=0.9284
  mpx-135 traj: trials=181680000 wall=268768s knowledge=0.7004 reliable=371 spec=8.06 pop=1984
  mpx-135 cover: trials=181680000 overall=0.7004 a0_nochange=0.0000 a0_change=0.8020 a1_nochange=1.0000 a1_change=1.0000 matched_but_wrong=0
  mpx-135 acc: trials=181680000 accuracy=0.9373
  mpx-135 traj: trials=181800000 wall=268979s knowledge=0.7002 reliable=370 spec=8.06 pop=4279
  mpx-135 cover: trials=181800000 overall=0.7002 a0_nochange=0.0000 a0_change=0.8012 a1_nochange=1.0000 a1_change=1.0000 matched_but_wrong=0
  mpx-135 acc: trials=181800000 accuracy=0.9269
  mpx-135 traj: trials=181920000 wall=269068s knowledge=0.7001 reliable=366 spec=8.04 pop=1999
  mpx-135 cover: trials=181920000 overall=0.7001 a0_nochange=0.0000 a0_change=0.8007 a1_nochange=1.0000 a1_change=1.0000 matched_but_wrong=0
  mpx-135 acc: trials=181920000 accuracy=0.9394
  mpx-135 traj: trials=182040000 wall=269200s knowledge=0.7006 reliable=370 spec=8.04 pop=2113
  mpx-135 cover: trials=182040000 overall=0.7006 a0_nochange=0.0000 a0_change=0.8027 a1_nochange=1.0000 a1_change=1.0000 matched_but_wrong=0
  mpx-135 acc: trials=182040000 accuracy=0.9366
  mpx-135 traj: trials=182160000 wall=269397s knowledge=0.7006 reliable=365 spec=8.04 pop=3666
  mpx-135 cover: trials=182160000 overall=0.7006 a0_nochange=0.0000 a0_change=0.8028 a1_nochange=1.0000 a1_change=1.0000 matched_but_wrong=0
  mpx-135 acc: trials=182160000 accuracy=0.9354
  mpx-135 traj: trials=182280000 wall=269481s knowledge=0.6996 reliable=368 spec=8.05 pop=2209
  mpx-135 cover: trials=182280000 overall=0.6996 a0_nochange=0.0000 a0_change=0.7989 a1_nochange=1.0000 a1_change=1.0000 matched_but_wrong=0
  mpx-135 acc: trials=182280000 accuracy=0.9364
  mpx-135 traj: trials=182400000 wall=269620s knowledge=0.7004 reliable=367 spec=8.07 pop=2819
  mpx-135 cover: trials=182400000 overall=0.7004 a0_nochange=0.0000 a0_change=0.8019 a1_nochange=1.0000 a1_change=1.0000 matched_but_wrong=0
  mpx-135 acc: trials=182400000 accuracy=0.9297
  mpx-135 traj: trials=182520000 wall=269704s knowledge=0.7007 reliable=369 spec=8.08 pop=2058
  mpx-135 cover: trials=182520000 overall=0.7007 a0_nochange=0.0000 a0_change=0.8033 a1_nochange=1.0000 a1_change=1.0000 matched_but_wrong=0
  mpx-135 acc: trials=182520000 accuracy=0.9362
  mpx-135 traj: trials=182640000 wall=269775s knowledge=0.7006 reliable=376 spec=8.07 pop=2149
  mpx-135 cover: trials=182640000 overall=0.7006 a0_nochange=0.0000 a0_change=0.8026 a1_nochange=1.0000 a1_change=1.0000 matched_but_wrong=0
  mpx-135 acc: trials=182640000 accuracy=0.9388
  mpx-135 traj: trials=182760000 wall=269870s knowledge=0.6996 reliable=373 spec=8.06 pop=2057
  mpx-135 cover: trials=182760000 overall=0.6996 a0_nochange=0.0000 a0_change=0.7988 a1_nochange=1.0000 a1_change=1.0000 matched_but_wrong=0
  mpx-135 acc: trials=182760000 accuracy=0.9401
  mpx-135 traj: trials=182880000 wall=269986s knowledge=0.7004 reliable=366 spec=8.05 pop=1950
  mpx-135 cover: trials=182880000 overall=0.7004 a0_nochange=0.0000 a0_change=0.8018 a1_nochange=1.0000 a1_change=1.0000 matched_but_wrong=0
  mpx-135 acc: trials=182880000 accuracy=0.9312
  mpx-135 traj: trials=183000000 wall=270272s knowledge=0.6996 reliable=370 spec=8.06 pop=2265
  mpx-135 cover: trials=183000000 overall=0.6996 a0_nochange=0.0000 a0_change=0.7987 a1_nochange=1.0000 a1_change=1.0000 matched_but_wrong=1
  mpx-135 acc: trials=183000000 accuracy=0.9337
  mpx-135 traj: trials=183120000 wall=270808s knowledge=0.6997 reliable=375 spec=8.06 pop=2495
  mpx-135 cover: trials=183120000 overall=0.6997 a0_nochange=0.0000 a0_change=0.7991 a1_nochange=1.0000 a1_change=1.0000 matched_but_wrong=0
  mpx-135 acc: trials=183120000 accuracy=0.9251
  mpx-135 traj: trials=183240000 wall=270945s knowledge=0.7011 reliable=378 spec=8.07 pop=3294
  mpx-135 cover: trials=183240000 overall=0.7011 a0_nochange=0.0000 a0_change=0.8046 a1_nochange=1.0000 a1_change=1.0000 matched_but_wrong=0
  mpx-135 acc: trials=183240000 accuracy=0.9273
  mpx-135 traj: trials=183360000 wall=271063s knowledge=0.7000 reliable=372 spec=8.08 pop=2228
  mpx-135 cover: trials=183360000 overall=0.7000 a0_nochange=0.0000 a0_change=0.8001 a1_nochange=1.0000 a1_change=1.0000 matched_but_wrong=0
  mpx-135 acc: trials=183360000 accuracy=0.9394
  mpx-135 traj: trials=183480000 wall=271157s knowledge=0.6999 reliable=373 spec=8.07 pop=2359
  mpx-135 cover: trials=183480000 overall=0.6999 a0_nochange=0.0000 a0_change=0.7998 a1_nochange=1.0000 a1_change=1.0000 matched_but_wrong=0
  mpx-135 acc: trials=183480000 accuracy=0.9348
  mpx-135 traj: trials=183600000 wall=271297s knowledge=0.6998 reliable=369 spec=8.07 pop=2268
  mpx-135 cover: trials=183600000 overall=0.6998 a0_nochange=0.0000 a0_change=0.7994 a1_nochange=1.0000 a1_change=1.0000 matched_but_wrong=0
  mpx-135 acc: trials=183600000 accuracy=0.9377
  mpx-135 traj: trials=183720000 wall=271425s knowledge=0.6999 reliable=374 spec=8.07 pop=2245
  mpx-135 cover: trials=183720000 overall=0.6999 a0_nochange=0.0000 a0_change=0.7999 a1_nochange=1.0000 a1_change=1.0000 matched_but_wrong=0
  mpx-135 acc: trials=183720000 accuracy=0.9415
  mpx-135 traj: trials=183840000 wall=271529s knowledge=0.7007 reliable=373 spec=8.08 pop=2191
  mpx-135 cover: trials=183840000 overall=0.7007 a0_nochange=0.0000 a0_change=0.8032 a1_nochange=1.0000 a1_change=1.0000 matched_but_wrong=0
  mpx-135 acc: trials=183840000 accuracy=0.9458
  mpx-135 traj: trials=183960000 wall=271628s knowledge=0.7004 reliable=370 spec=8.05 pop=2305
  mpx-135 cover: trials=183960000 overall=0.7004 a0_nochange=0.0000 a0_change=0.8018 a1_nochange=1.0000 a1_change=1.0000 matched_but_wrong=0
  mpx-135 acc: trials=183960000 accuracy=0.9214
  mpx-135 traj: trials=184080000 wall=271707s knowledge=0.7004 reliable=372 spec=8.07 pop=2051
  mpx-135 cover: trials=184080000 overall=0.7004 a0_nochange=0.0000 a0_change=0.8019 a1_nochange=1.0000 a1_change=1.0000 matched_but_wrong=0
  mpx-135 acc: trials=184080000 accuracy=0.9255
  mpx-135 traj: trials=184200000 wall=271801s knowledge=0.7006 reliable=372 spec=8.07 pop=2356
  mpx-135 cover: trials=184200000 overall=0.7006 a0_nochange=0.0000 a0_change=0.8026 a1_nochange=1.0000 a1_change=1.0000 matched_but_wrong=0
  mpx-135 acc: trials=184200000 accuracy=0.9321
  mpx-135 traj: trials=184320000 wall=271879s knowledge=0.7013 reliable=371 spec=8.07 pop=2074
  mpx-135 cover: trials=184320000 overall=0.7013 a0_nochange=0.0000 a0_change=0.8055 a1_nochange=1.0000 a1_change=1.0000 matched_but_wrong=0
  mpx-135 acc: trials=184320000 accuracy=0.9405
  mpx-135 traj: trials=184440000 wall=272004s knowledge=0.7023 reliable=371 spec=8.06 pop=2546
  mpx-135 cover: trials=184440000 overall=0.7023 a0_nochange=0.0000 a0_change=0.8096 a1_nochange=1.0000 a1_change=1.0000 matched_but_wrong=0
  mpx-135 acc: trials=184440000 accuracy=0.9354
  mpx-135 traj: trials=184560000 wall=272116s knowledge=0.7007 reliable=370 spec=8.05 pop=2100
  mpx-135 cover: trials=184560000 overall=0.7007 a0_nochange=0.0000 a0_change=0.8030 a1_nochange=1.0000 a1_change=1.0000 matched_but_wrong=0
  mpx-135 acc: trials=184560000 accuracy=0.9227
  mpx-135 traj: trials=184680000 wall=272241s knowledge=0.7007 reliable=369 spec=8.05 pop=2268
  mpx-135 cover: trials=184680000 overall=0.7007 a0_nochange=0.0000 a0_change=0.8030 a1_nochange=1.0000 a1_change=1.0000 matched_but_wrong=0
  mpx-135 acc: trials=184680000 accuracy=0.9361
  mpx-135 traj: trials=184800000 wall=272363s knowledge=0.7017 reliable=374 spec=8.06 pop=2025
  mpx-135 cover: trials=184800000 overall=0.7017 a0_nochange=0.0000 a0_change=0.8073 a1_nochange=1.0000 a1_change=1.0000 matched_but_wrong=0
  mpx-135 acc: trials=184800000 accuracy=0.9257
  mpx-135 traj: trials=184920000 wall=272455s knowledge=0.7012 reliable=370 spec=8.06 pop=2234
  mpx-135 cover: trials=184920000 overall=0.7012 a0_nochange=0.0000 a0_change=0.8052 a1_nochange=1.0000 a1_change=1.0000 matched_but_wrong=0
  mpx-135 acc: trials=184920000 accuracy=0.9289
  mpx-135 traj: trials=185040000 wall=272593s knowledge=0.7003 reliable=375 spec=8.06 pop=2460
  mpx-135 cover: trials=185040000 overall=0.7003 a0_nochange=0.0000 a0_change=0.8014 a1_nochange=1.0000 a1_change=1.0000 matched_but_wrong=0
  mpx-135 acc: trials=185040000 accuracy=0.9270
  mpx-135 traj: trials=185160000 wall=272703s knowledge=0.7003 reliable=371 spec=8.06 pop=2207
  mpx-135 cover: trials=185160000 overall=0.7003 a0_nochange=0.0000 a0_change=0.8014 a1_nochange=1.0000 a1_change=1.0000 matched_but_wrong=0
  mpx-135 acc: trials=185160000 accuracy=0.9371
  mpx-135 traj: trials=185280000 wall=272890s knowledge=0.7003 reliable=370 spec=8.06 pop=2368
  mpx-135 cover: trials=185280000 overall=0.7003 a0_nochange=0.0000 a0_change=0.8015 a1_nochange=1.0000 a1_change=1.0000 matched_but_wrong=0
  mpx-135 acc: trials=185280000 accuracy=0.9269
  mpx-135 traj: trials=185400000 wall=273042s knowledge=0.6995 reliable=372 spec=8.06 pop=2195
  mpx-135 cover: trials=185400000 overall=0.6995 a0_nochange=0.0000 a0_change=0.7984 a1_nochange=1.0000 a1_change=1.0000 matched_but_wrong=0
  mpx-135 acc: trials=185400000 accuracy=0.9201
  mpx-135 traj: trials=185520000 wall=273146s knowledge=0.6997 reliable=369 spec=8.07 pop=2126
  mpx-135 cover: trials=185520000 overall=0.6997 a0_nochange=0.0000 a0_change=0.7993 a1_nochange=1.0000 a1_change=1.0000 matched_but_wrong=0
  mpx-135 acc: trials=185520000 accuracy=0.9380
  mpx-135 traj: trials=185640000 wall=273300s knowledge=0.7002 reliable=369 spec=8.07 pop=2803
  mpx-135 cover: trials=185640000 overall=0.7002 a0_nochange=0.0000 a0_change=0.8012 a1_nochange=1.0000 a1_change=1.0000 matched_but_wrong=0
  mpx-135 acc: trials=185640000 accuracy=0.9309
  mpx-135 traj: trials=185760000 wall=273374s knowledge=0.6988 reliable=372 spec=8.08 pop=2108
  mpx-135 cover: trials=185760000 overall=0.6988 a0_nochange=0.0000 a0_change=0.7956 a1_nochange=1.0000 a1_change=1.0000 matched_but_wrong=0
  mpx-135 acc: trials=185760000 accuracy=0.9368
  mpx-135 traj: trials=185880000 wall=273499s knowledge=0.6994 reliable=369 spec=8.08 pop=2167
  mpx-135 cover: trials=185880000 overall=0.6994 a0_nochange=0.0000 a0_change=0.7980 a1_nochange=1.0000 a1_change=1.0000 matched_but_wrong=0
  mpx-135 acc: trials=185880000 accuracy=0.9382
  mpx-135 traj: trials=186000000 wall=273611s knowledge=0.6992 reliable=377 spec=8.09 pop=2424
  mpx-135 cover: trials=186000000 overall=0.6992 a0_nochange=0.0000 a0_change=0.7970 a1_nochange=1.0000 a1_change=1.0000 matched_but_wrong=0
  mpx-135 acc: trials=186000000 accuracy=0.9418
  mpx-135 traj: trials=186120000 wall=273766s knowledge=0.6987 reliable=368 spec=8.08 pop=2173
  mpx-135 cover: trials=186120000 overall=0.6987 a0_nochange=0.0000 a0_change=0.7952 a1_nochange=1.0000 a1_change=1.0000 matched_but_wrong=0
  mpx-135 acc: trials=186120000 accuracy=0.9257
  mpx-135 traj: trials=186240000 wall=273951s knowledge=0.6990 reliable=377 spec=8.09 pop=2204
  mpx-135 cover: trials=186240000 overall=0.6990 a0_nochange=0.0000 a0_change=0.7963 a1_nochange=1.0000 a1_change=1.0000 matched_but_wrong=0
  mpx-135 acc: trials=186240000 accuracy=0.9250
  mpx-135 traj: trials=186360000 wall=274029s knowledge=0.6988 reliable=374 spec=8.07 pop=2129
  mpx-135 cover: trials=186360000 overall=0.6988 a0_nochange=0.0000 a0_change=0.7957 a1_nochange=1.0000 a1_change=1.0000 matched_but_wrong=0
  mpx-135 acc: trials=186360000 accuracy=0.9227
  mpx-135 traj: trials=186480000 wall=274112s knowledge=0.6989 reliable=372 spec=8.09 pop=5184
  mpx-135 cover: trials=186480000 overall=0.6989 a0_nochange=0.0000 a0_change=0.7961 a1_nochange=1.0000 a1_change=1.0000 matched_but_wrong=0
  mpx-135 acc: trials=186480000 accuracy=0.9290
  mpx-135 traj: trials=186600000 wall=274243s knowledge=0.6985 reliable=372 spec=8.09 pop=7134
  mpx-135 cover: trials=186600000 overall=0.6985 a0_nochange=0.0000 a0_change=0.7943 a1_nochange=1.0000 a1_change=1.0000 matched_but_wrong=0
  mpx-135 acc: trials=186600000 accuracy=0.9282
  mpx-135 traj: trials=186720000 wall=274351s knowledge=0.6987 reliable=375 spec=8.09 pop=2424
  mpx-135 cover: trials=186720000 overall=0.6987 a0_nochange=0.0000 a0_change=0.7953 a1_nochange=1.0000 a1_change=1.0000 matched_but_wrong=0
  mpx-135 acc: trials=186720000 accuracy=0.9346
  mpx-135 traj: trials=186840000 wall=274477s knowledge=0.6984 reliable=371 spec=8.08 pop=2385
  mpx-135 cover: trials=186840000 overall=0.6984 a0_nochange=0.0000 a0_change=0.7940 a1_nochange=1.0000 a1_change=1.0000 matched_but_wrong=0
  mpx-135 acc: trials=186840000 accuracy=0.9334
  mpx-135 traj: trials=186960000 wall=274561s knowledge=0.6986 reliable=372 spec=8.10 pop=2287
  mpx-135 cover: trials=186960000 overall=0.6986 a0_nochange=0.0000 a0_change=0.7948 a1_nochange=1.0000 a1_change=1.0000 matched_but_wrong=0
  mpx-135 acc: trials=186960000 accuracy=0.9359
  mpx-135 traj: trials=187080000 wall=274674s knowledge=0.6992 reliable=369 spec=8.09 pop=2347
  mpx-135 cover: trials=187080000 overall=0.6992 a0_nochange=0.0000 a0_change=0.7972 a1_nochange=1.0000 a1_change=1.0000 matched_but_wrong=0
  mpx-135 acc: trials=187080000 accuracy=0.9369
  mpx-135 traj: trials=187200000 wall=274823s knowledge=0.6994 reliable=375 spec=8.09 pop=2083
  mpx-135 cover: trials=187200000 overall=0.6994 a0_nochange=0.0000 a0_change=0.7978 a1_nochange=1.0000 a1_change=1.0000 matched_but_wrong=0
  mpx-135 acc: trials=187200000 accuracy=0.9258
  mpx-135 traj: trials=187320000 wall=275094s knowledge=0.6997 reliable=380 spec=8.07 pop=4360
  mpx-135 cover: trials=187320000 overall=0.6997 a0_nochange=0.0000 a0_change=0.7993 a1_nochange=1.0000 a1_change=1.0000 matched_but_wrong=0
  mpx-135 acc: trials=187320000 accuracy=0.9389
  mpx-135 traj: trials=187440000 wall=275183s knowledge=0.6996 reliable=376 spec=8.11 pop=2111
  mpx-135 cover: trials=187440000 overall=0.6996 a0_nochange=0.0000 a0_change=0.7987 a1_nochange=1.0000 a1_change=1.0000 matched_but_wrong=0
  mpx-135 acc: trials=187440000 accuracy=0.9317
  mpx-135 traj: trials=187560000 wall=275275s knowledge=0.6988 reliable=376 spec=8.10 pop=2173
  mpx-135 cover: trials=187560000 overall=0.6988 a0_nochange=0.0000 a0_change=0.7955 a1_nochange=1.0000 a1_change=1.0000 matched_but_wrong=0
  mpx-135 acc: trials=187560000 accuracy=0.9254
  mpx-135 traj: trials=187680000 wall=275377s knowledge=0.6998 reliable=371 spec=8.10 pop=2235
  mpx-135 cover: trials=187680000 overall=0.6998 a0_nochange=0.0000 a0_change=0.7993 a1_nochange=1.0000 a1_change=1.0000 matched_but_wrong=0
  mpx-135 acc: trials=187680000 accuracy=0.9267
  mpx-135 traj: trials=187800000 wall=275521s knowledge=0.6995 reliable=376 spec=8.11 pop=3210
  mpx-135 cover: trials=187800000 overall=0.6995 a0_nochange=0.0000 a0_change=0.7982 a1_nochange=1.0000 a1_change=1.0000 matched_but_wrong=0
  mpx-135 acc: trials=187800000 accuracy=0.9357
  mpx-135 traj: trials=187920000 wall=275599s knowledge=0.6990 reliable=373 spec=8.11 pop=1937
  mpx-135 cover: trials=187920000 overall=0.6990 a0_nochange=0.0000 a0_change=0.7962 a1_nochange=1.0000 a1_change=1.0000 matched_but_wrong=0
  mpx-135 acc: trials=187920000 accuracy=0.9260
  mpx-135 traj: trials=188040000 wall=275701s knowledge=0.6999 reliable=370 spec=8.10 pop=2116
  mpx-135 cover: trials=188040000 overall=0.6999 a0_nochange=0.0000 a0_change=0.7999 a1_nochange=1.0000 a1_change=1.0000 matched_but_wrong=0
  mpx-135 acc: trials=188040000 accuracy=0.9312
  mpx-135 traj: trials=188160000 wall=275871s knowledge=0.6992 reliable=374 spec=8.09 pop=2210
  mpx-135 cover: trials=188160000 overall=0.6992 a0_nochange=0.0000 a0_change=0.7971 a1_nochange=1.0000 a1_change=1.0000 matched_but_wrong=0
  mpx-135 acc: trials=188160000 accuracy=0.9234
  mpx-135 traj: trials=188280000 wall=276011s knowledge=0.6998 reliable=369 spec=8.06 pop=2162
  mpx-135 cover: trials=188280000 overall=0.6998 a0_nochange=0.0000 a0_change=0.7996 a1_nochange=1.0000 a1_change=1.0000 matched_but_wrong=0
  mpx-135 acc: trials=188280000 accuracy=0.9250
  mpx-135 traj: trials=188400000 wall=276090s knowledge=0.7002 reliable=371 spec=8.07 pop=2084
  mpx-135 cover: trials=188400000 overall=0.7002 a0_nochange=0.0000 a0_change=0.8012 a1_nochange=1.0000 a1_change=1.0000 matched_but_wrong=0
  mpx-135 acc: trials=188400000 accuracy=0.9387
  mpx-135 traj: trials=188520000 wall=276189s knowledge=0.6999 reliable=372 spec=8.06 pop=2228
  mpx-135 cover: trials=188520000 overall=0.6999 a0_nochange=0.0000 a0_change=0.8000 a1_nochange=1.0000 a1_change=1.0000 matched_but_wrong=0
  mpx-135 acc: trials=188520000 accuracy=0.9220
  mpx-135 traj: trials=188640000 wall=276273s knowledge=0.6996 reliable=373 spec=8.09 pop=2304
  mpx-135 cover: trials=188640000 overall=0.6996 a0_nochange=0.0000 a0_change=0.7988 a1_nochange=1.0000 a1_change=1.0000 matched_but_wrong=1
  mpx-135 acc: trials=188640000 accuracy=0.9251
  mpx-135 traj: trials=188760000 wall=276361s knowledge=0.7002 reliable=374 spec=8.09 pop=2148
  mpx-135 cover: trials=188760000 overall=0.7002 a0_nochange=0.0000 a0_change=0.8010 a1_nochange=1.0000 a1_change=1.0000 matched_but_wrong=1
  mpx-135 acc: trials=188760000 accuracy=0.9259
  mpx-135 traj: trials=188880000 wall=276487s knowledge=0.7011 reliable=375 spec=8.09 pop=2241
  mpx-135 cover: trials=188880000 overall=0.7011 a0_nochange=0.0000 a0_change=0.8045 a1_nochange=1.0000 a1_change=1.0000 matched_but_wrong=0
  mpx-135 acc: trials=188880000 accuracy=0.9402
  mpx-135 traj: trials=189000000 wall=276626s knowledge=0.7009 reliable=371 spec=8.09 pop=2114
  mpx-135 cover: trials=189000000 overall=0.7009 a0_nochange=0.0000 a0_change=0.8039 a1_nochange=1.0000 a1_change=1.0000 matched_but_wrong=0
  mpx-135 acc: trials=189000000 accuracy=0.9371
  mpx-135 traj: trials=189120000 wall=276740s knowledge=0.7004 reliable=372 spec=8.07 pop=2100
  mpx-135 cover: trials=189120000 overall=0.7004 a0_nochange=0.0000 a0_change=0.8019 a1_nochange=1.0000 a1_change=1.0000 matched_but_wrong=0
  mpx-135 acc: trials=189120000 accuracy=0.9331
  mpx-135 traj: trials=189240000 wall=276883s knowledge=0.7006 reliable=376 spec=8.09 pop=2170
  mpx-135 cover: trials=189240000 overall=0.7006 a0_nochange=0.0000 a0_change=0.8028 a1_nochange=1.0000 a1_change=1.0000 matched_but_wrong=0
  mpx-135 acc: trials=189240000 accuracy=0.9267
  mpx-135 traj: trials=189360000 wall=277020s knowledge=0.7008 reliable=379 spec=8.09 pop=2325
  mpx-135 cover: trials=189360000 overall=0.7008 a0_nochange=0.0000 a0_change=0.8034 a1_nochange=1.0000 a1_change=1.0000 matched_but_wrong=0
  mpx-135 acc: trials=189360000 accuracy=0.9476
  mpx-135 traj: trials=189480000 wall=277170s knowledge=0.7019 reliable=379 spec=8.09 pop=2340
  mpx-135 cover: trials=189480000 overall=0.7019 a0_nochange=0.0000 a0_change=0.8079 a1_nochange=1.0000 a1_change=1.0000 matched_but_wrong=0
  mpx-135 acc: trials=189480000 accuracy=0.9281
  mpx-135 traj: trials=189600000 wall=277249s knowledge=0.7023 reliable=375 spec=8.07 pop=2099
  mpx-135 cover: trials=189600000 overall=0.7023 a0_nochange=0.0000 a0_change=0.8095 a1_nochange=1.0000 a1_change=1.0000 matched_but_wrong=0
  mpx-135 acc: trials=189600000 accuracy=0.9279
  mpx-135 traj: trials=189720000 wall=277435s knowledge=0.7026 reliable=378 spec=8.06 pop=2572
  mpx-135 cover: trials=189720000 overall=0.7026 a0_nochange=0.0000 a0_change=0.8106 a1_nochange=1.0000 a1_change=1.0000 matched_but_wrong=0
  mpx-135 acc: trials=189720000 accuracy=0.9383
  mpx-135 traj: trials=189840000 wall=277540s knowledge=0.7025 reliable=378 spec=8.07 pop=2149
  mpx-135 cover: trials=189840000 overall=0.7025 a0_nochange=0.0000 a0_change=0.8102 a1_nochange=1.0000 a1_change=1.0000 matched_but_wrong=0
  mpx-135 acc: trials=189840000 accuracy=0.9368
  mpx-135 traj: trials=189960000 wall=277618s knowledge=0.7023 reliable=371 spec=8.08 pop=2123
  mpx-135 cover: trials=189960000 overall=0.7023 a0_nochange=0.0000 a0_change=0.8093 a1_nochange=1.0000 a1_change=1.0000 matched_but_wrong=0
  mpx-135 acc: trials=189960000 accuracy=0.9383
  mpx-135 traj: trials=190080000 wall=277845s knowledge=0.7017 reliable=371 spec=8.08 pop=2404
  mpx-135 cover: trials=190080000 overall=0.7017 a0_nochange=0.0000 a0_change=0.8073 a1_nochange=1.0000 a1_change=1.0000 matched_but_wrong=0
  mpx-135 acc: trials=190080000 accuracy=0.9247
  mpx-135 traj: trials=190200000 wall=277935s knowledge=0.7023 reliable=367 spec=8.08 pop=2094
  mpx-135 cover: trials=190200000 overall=0.7023 a0_nochange=0.0000 a0_change=0.8096 a1_nochange=1.0000 a1_change=1.0000 matched_but_wrong=0
  mpx-135 acc: trials=190200000 accuracy=0.9270
  mpx-135 traj: trials=190320000 wall=278047s knowledge=0.7018 reliable=372 spec=8.07 pop=2300
  mpx-135 cover: trials=190320000 overall=0.7018 a0_nochange=0.0000 a0_change=0.8096 a1_nochange=1.0000 a1_change=0.9981 matched_but_wrong=0
  mpx-135 acc: trials=190320000 accuracy=0.9401
  mpx-135 traj: trials=190440000 wall=278246s knowledge=0.7010 reliable=372 spec=8.07 pop=2080
  mpx-135 cover: trials=190440000 overall=0.7010 a0_nochange=0.0000 a0_change=0.8061 a1_nochange=1.0000 a1_change=0.9982 matched_but_wrong=0
  mpx-135 acc: trials=190440000 accuracy=0.9363
  mpx-135 traj: trials=190560000 wall=278342s knowledge=0.7020 reliable=376 spec=8.08 pop=2409
  mpx-135 cover: trials=190560000 overall=0.7020 a0_nochange=0.0000 a0_change=0.8102 a1_nochange=1.0000 a1_change=0.9982 matched_but_wrong=0
  mpx-135 acc: trials=190560000 accuracy=0.9322
  mpx-135 traj: trials=190680000 wall=278423s knowledge=0.7007 reliable=373 spec=8.09 pop=2221
  mpx-135 cover: trials=190680000 overall=0.7007 a0_nochange=0.0000 a0_change=0.8050 a1_nochange=1.0000 a1_change=0.9982 matched_but_wrong=0
  mpx-135 acc: trials=190680000 accuracy=0.9324
  mpx-135 traj: trials=190800000 wall=278649s knowledge=0.6990 reliable=370 spec=8.08 pop=2567
  mpx-135 cover: trials=190800000 overall=0.6990 a0_nochange=0.0000 a0_change=0.8046 a1_nochange=1.0000 a1_change=0.9919 matched_but_wrong=0
  mpx-135 acc: trials=190800000 accuracy=0.9201
  mpx-135 traj: trials=190920000 wall=278899s knowledge=0.6981 reliable=368 spec=8.07 pop=2298
  mpx-135 cover: trials=190920000 overall=0.6981 a0_nochange=0.0000 a0_change=0.8008 a1_nochange=1.0000 a1_change=0.9919 matched_but_wrong=0
  mpx-135 acc: trials=190920000 accuracy=0.9294
  mpx-135 traj: trials=191040000 wall=279023s knowledge=0.6987 reliable=371 spec=8.08 pop=2433
  mpx-135 cover: trials=191040000 overall=0.6987 a0_nochange=0.0000 a0_change=0.8030 a1_nochange=1.0000 a1_change=0.9919 matched_but_wrong=0
  mpx-135 acc: trials=191040000 accuracy=0.9216
  mpx-135 traj: trials=191160000 wall=279148s knowledge=0.6981 reliable=375 spec=8.07 pop=2206
  mpx-135 cover: trials=191160000 overall=0.6981 a0_nochange=0.0000 a0_change=0.8007 a1_nochange=1.0000 a1_change=0.9919 matched_but_wrong=0
  mpx-135 acc: trials=191160000 accuracy=0.9273
  mpx-135 traj: trials=191280000 wall=279259s knowledge=0.6988 reliable=372 spec=8.06 pop=2184
  mpx-135 cover: trials=191280000 overall=0.6988 a0_nochange=0.0000 a0_change=0.8038 a1_nochange=1.0000 a1_change=0.9919 matched_but_wrong=0
  mpx-135 acc: trials=191280000 accuracy=0.9363
  mpx-135 traj: trials=191400000 wall=279394s knowledge=0.7001 reliable=375 spec=8.06 pop=2171
  mpx-135 cover: trials=191400000 overall=0.7001 a0_nochange=0.0000 a0_change=0.8089 a1_nochange=1.0000 a1_change=0.9919 matched_but_wrong=0
  mpx-135 acc: trials=191400000 accuracy=0.9348
  mpx-135 traj: trials=191520000 wall=279563s knowledge=0.7012 reliable=372 spec=8.08 pop=1977
  mpx-135 cover: trials=191520000 overall=0.7012 a0_nochange=0.0000 a0_change=0.8133 a1_nochange=1.0000 a1_change=0.9919 matched_but_wrong=0
  mpx-135 acc: trials=191520000 accuracy=0.9291
  mpx-135 traj: trials=191640000 wall=279636s knowledge=0.7005 reliable=373 spec=8.08 pop=2364
  mpx-135 cover: trials=191640000 overall=0.7005 a0_nochange=0.0000 a0_change=0.8105 a1_nochange=1.0000 a1_change=0.9919 matched_but_wrong=0
  mpx-135 acc: trials=191640000 accuracy=0.9392
  mpx-135 traj: trials=191760000 wall=279722s knowledge=0.7005 reliable=368 spec=8.05 pop=1977
  mpx-135 cover: trials=191760000 overall=0.7005 a0_nochange=0.0000 a0_change=0.8105 a1_nochange=1.0000 a1_change=0.9919 matched_but_wrong=0
  mpx-135 acc: trials=191760000 accuracy=0.9363
  mpx-135 traj: trials=191880000 wall=279856s knowledge=0.7013 reliable=370 spec=8.06 pop=2097
  mpx-135 cover: trials=191880000 overall=0.7013 a0_nochange=0.0000 a0_change=0.8113 a1_nochange=1.0000 a1_change=0.9940 matched_but_wrong=0
  mpx-135 acc: trials=191880000 accuracy=0.9423
  mpx-135 traj: trials=192000000 wall=279975s knowledge=0.7013 reliable=372 spec=8.06 pop=2070
  mpx-135 cover: trials=192000000 overall=0.7013 a0_nochange=0.0000 a0_change=0.8138 a1_nochange=1.0000 a1_change=0.9919 matched_but_wrong=0
  mpx-135 acc: trials=192000000 accuracy=0.9368
  mpx-135 traj: trials=192120000 wall=280068s knowledge=0.7021 reliable=373 spec=8.08 pop=2200
  mpx-135 cover: trials=192120000 overall=0.7021 a0_nochange=0.0000 a0_change=0.8150 a1_nochange=1.0000 a1_change=0.9938 matched_but_wrong=0
  mpx-135 acc: trials=192120000 accuracy=0.9281
  mpx-135 traj: trials=192240000 wall=280278s knowledge=0.7016 reliable=372 spec=8.08 pop=2105
  mpx-135 cover: trials=192240000 overall=0.7016 a0_nochange=0.0000 a0_change=0.8147 a1_nochange=1.0000 a1_change=0.9919 matched_but_wrong=0
  mpx-135 acc: trials=192240000 accuracy=0.9407
  mpx-135 traj: trials=192360000 wall=280383s knowledge=0.7005 reliable=371 spec=8.05 pop=2285
  mpx-135 cover: trials=192360000 overall=0.7005 a0_nochange=0.0000 a0_change=0.8087 a1_nochange=1.0000 a1_change=0.9936 matched_but_wrong=0
  mpx-135 acc: trials=192360000 accuracy=0.9453
  mpx-135 traj: trials=192480000 wall=280466s knowledge=0.7012 reliable=375 spec=8.06 pop=2418
  mpx-135 cover: trials=192480000 overall=0.7012 a0_nochange=0.0000 a0_change=0.8127 a1_nochange=1.0000 a1_change=0.9924 matched_but_wrong=0
  mpx-135 acc: trials=192480000 accuracy=0.9242
  mpx-135 traj: trials=192600000 wall=280578s knowledge=0.7013 reliable=376 spec=8.07 pop=2246
  mpx-135 cover: trials=192600000 overall=0.7013 a0_nochange=0.0000 a0_change=0.8113 a1_nochange=1.0000 a1_change=0.9944 matched_but_wrong=0
  mpx-135 acc: trials=192600000 accuracy=0.9256
  mpx-135 traj: trials=192720000 wall=280720s knowledge=0.7009 reliable=373 spec=8.06 pop=2318
  mpx-135 cover: trials=192720000 overall=0.7009 a0_nochange=0.0000 a0_change=0.8103 a1_nochange=1.0000 a1_change=0.9936 matched_but_wrong=0
  mpx-135 acc: trials=192720000 accuracy=0.9353
  mpx-135 traj: trials=192840000 wall=280802s knowledge=0.7016 reliable=371 spec=8.07 pop=2041
  mpx-135 cover: trials=192840000 overall=0.7016 a0_nochange=0.0000 a0_change=0.8109 a1_nochange=1.0000 a1_change=0.9959 matched_but_wrong=0
  mpx-135 acc: trials=192840000 accuracy=0.9248
  mpx-135 traj: trials=192960000 wall=280922s knowledge=0.7015 reliable=374 spec=8.07 pop=2062
  mpx-135 cover: trials=192960000 overall=0.7015 a0_nochange=0.0000 a0_change=0.8135 a1_nochange=1.0000 a1_change=0.9929 matched_but_wrong=0
  mpx-135 acc: trials=192960000 accuracy=0.9227
  mpx-135 traj: trials=193080000 wall=281171s knowledge=0.7009 reliable=369 spec=8.06 pop=2244
  mpx-135 cover: trials=193080000 overall=0.7009 a0_nochange=0.0000 a0_change=0.8112 a1_nochange=1.0000 a1_change=0.9929 matched_but_wrong=0
  mpx-135 acc: trials=193080000 accuracy=0.9457
  mpx-135 traj: trials=193200000 wall=281430s knowledge=0.7027 reliable=374 spec=8.06 pop=4378
  mpx-135 cover: trials=193200000 overall=0.7027 a0_nochange=0.0000 a0_change=0.8151 a1_nochange=1.0000 a1_change=0.9959 matched_but_wrong=0
  mpx-135 acc: trials=193200000 accuracy=0.9371
  mpx-135 traj: trials=193320000 wall=281598s knowledge=0.7020 reliable=367 spec=8.05 pop=2295
  mpx-135 cover: trials=193320000 overall=0.7020 a0_nochange=0.0000 a0_change=0.8125 a1_nochange=1.0000 a1_change=0.9959 matched_but_wrong=0
  mpx-135 acc: trials=193320000 accuracy=0.9427
  mpx-135 traj: trials=193440000 wall=281716s knowledge=0.7022 reliable=366 spec=8.05 pop=3132
  mpx-135 cover: trials=193440000 overall=0.7022 a0_nochange=0.0000 a0_change=0.8131 a1_nochange=1.0000 a1_change=0.9959 matched_but_wrong=0
  mpx-135 acc: trials=193440000 accuracy=0.9306
  mpx-135 traj: trials=193560000 wall=281809s knowledge=0.7011 reliable=375 spec=8.05 pop=2284
  mpx-135 cover: trials=193560000 overall=0.7011 a0_nochange=0.0000 a0_change=0.8087 a1_nochange=1.0000 a1_change=0.9959 matched_but_wrong=0
  mpx-135 acc: trials=193560000 accuracy=0.9327
  mpx-135 traj: trials=193680000 wall=281909s knowledge=0.7005 reliable=373 spec=8.05 pop=1968
  mpx-135 cover: trials=193680000 overall=0.7005 a0_nochange=0.0000 a0_change=0.8087 a1_nochange=1.0000 a1_change=0.9936 matched_but_wrong=0
  mpx-135 acc: trials=193680000 accuracy=0.9440
  mpx-135 traj: trials=193800000 wall=281988s knowledge=0.7001 reliable=368 spec=8.05 pop=2135
  mpx-135 cover: trials=193800000 overall=0.7001 a0_nochange=0.0000 a0_change=0.8087 a1_nochange=1.0000 a1_change=0.9919 matched_but_wrong=0
  mpx-135 acc: trials=193800000 accuracy=0.9416
  mpx-135 traj: trials=193920000 wall=282122s knowledge=0.7005 reliable=369 spec=8.05 pop=1990
  mpx-135 cover: trials=193920000 overall=0.7005 a0_nochange=0.0000 a0_change=0.8105 a1_nochange=1.0000 a1_change=0.9919 matched_but_wrong=0
  mpx-135 acc: trials=193920000 accuracy=0.9328
  mpx-135 traj: trials=194040000 wall=282244s knowledge=0.7021 reliable=368 spec=8.05 pop=2195
  mpx-135 cover: trials=194040000 overall=0.7021 a0_nochange=0.0000 a0_change=0.8167 a1_nochange=1.0000 a1_change=0.9919 matched_but_wrong=0
  mpx-135 acc: trials=194040000 accuracy=0.9362
  mpx-135 traj: trials=194160000 wall=282397s knowledge=0.7004 reliable=370 spec=8.05 pop=2177
  mpx-135 cover: trials=194160000 overall=0.7004 a0_nochange=0.0000 a0_change=0.8101 a1_nochange=1.0000 a1_change=0.9919 matched_but_wrong=0
  mpx-135 acc: trials=194160000 accuracy=0.9374
  mpx-135 traj: trials=194280000 wall=282570s knowledge=0.7003 reliable=370 spec=8.08 pop=2732
  mpx-135 cover: trials=194280000 overall=0.7003 a0_nochange=0.0000 a0_change=0.8097 a1_nochange=1.0000 a1_change=0.9919 matched_but_wrong=0
  mpx-135 acc: trials=194280000 accuracy=0.9372
  mpx-135 traj: trials=194400000 wall=282715s knowledge=0.7003 reliable=371 spec=8.07 pop=1918
  mpx-135 cover: trials=194400000 overall=0.7003 a0_nochange=0.0000 a0_change=0.8094 a1_nochange=1.0000 a1_change=0.9919 matched_but_wrong=0
  mpx-135 acc: trials=194400000 accuracy=0.9355
  mpx-135 traj: trials=194520000 wall=282841s knowledge=0.7002 reliable=369 spec=8.06 pop=2186
  mpx-135 cover: trials=194520000 overall=0.7002 a0_nochange=0.0000 a0_change=0.8091 a1_nochange=1.0000 a1_change=0.9919 matched_but_wrong=0
  mpx-135 acc: trials=194520000 accuracy=0.9350
  mpx-135 traj: trials=194640000 wall=282928s knowledge=0.7002 reliable=365 spec=8.06 pop=2521
  mpx-135 cover: trials=194640000 overall=0.7002 a0_nochange=0.0000 a0_change=0.8091 a1_nochange=1.0000 a1_change=0.9919 matched_but_wrong=0
  mpx-135 acc: trials=194640000 accuracy=0.9282
  mpx-135 traj: trials=194760000 wall=283063s knowledge=0.7007 reliable=372 spec=8.08 pop=2670
  mpx-135 cover: trials=194760000 overall=0.7007 a0_nochange=0.0000 a0_change=0.8111 a1_nochange=1.0000 a1_change=0.9919 matched_but_wrong=5
  mpx-135 acc: trials=194760000 accuracy=0.9304
  mpx-135 traj: trials=194880000 wall=283204s knowledge=0.7010 reliable=369 spec=8.07 pop=2118
  mpx-135 cover: trials=194880000 overall=0.7010 a0_nochange=0.0000 a0_change=0.8117 a1_nochange=1.0000 a1_change=0.9927 matched_but_wrong=0
  mpx-135 acc: trials=194880000 accuracy=0.9435
  mpx-135 traj: trials=195000000 wall=283289s knowledge=0.7009 reliable=373 spec=8.08 pop=2547
  mpx-135 cover: trials=195000000 overall=0.7009 a0_nochange=0.0000 a0_change=0.8103 a1_nochange=1.0000 a1_change=0.9938 matched_but_wrong=0
  mpx-135 acc: trials=195000000 accuracy=0.9422
  mpx-135 traj: trials=195120000 wall=283374s knowledge=0.7025 reliable=384 spec=8.09 pop=2849
  mpx-135 cover: trials=195120000 overall=0.7025 a0_nochange=0.0000 a0_change=0.8168 a1_nochange=1.0000 a1_change=0.9937 matched_but_wrong=0
  mpx-135 acc: trials=195120000 accuracy=0.9367
  mpx-135 traj: trials=195240000 wall=283483s knowledge=0.7026 reliable=383 spec=8.08 pop=2034
  mpx-135 cover: trials=195240000 overall=0.7026 a0_nochange=0.0000 a0_change=0.8187 a1_nochange=1.0000 a1_change=0.9919 matched_but_wrong=0
  mpx-135 acc: trials=195240000 accuracy=0.9462
  mpx-135 traj: trials=195360000 wall=283607s knowledge=0.7028 reliable=376 spec=8.08 pop=2287
  mpx-135 cover: trials=195360000 overall=0.7028 a0_nochange=0.0000 a0_change=0.8185 a1_nochange=1.0000 a1_change=0.9930 matched_but_wrong=0
  mpx-135 acc: trials=195360000 accuracy=0.9441
  mpx-135 traj: trials=195480000 wall=283712s knowledge=0.7025 reliable=376 spec=8.06 pop=1954
  mpx-135 cover: trials=195480000 overall=0.7025 a0_nochange=0.0000 a0_change=0.8184 a1_nochange=1.0000 a1_change=0.9919 matched_but_wrong=0
  mpx-135 acc: trials=195480000 accuracy=0.9297
  mpx-135 traj: trials=195600000 wall=283835s knowledge=0.7026 reliable=376 spec=8.08 pop=2012
  mpx-135 cover: trials=195600000 overall=0.7026 a0_nochange=0.0000 a0_change=0.8188 a1_nochange=1.0000 a1_change=0.9919 matched_but_wrong=15
  mpx-135 acc: trials=195600000 accuracy=0.9538
  mpx-135 traj: trials=195720000 wall=283908s knowledge=0.7039 reliable=373 spec=8.08 pop=2189
  mpx-135 cover: trials=195720000 overall=0.7039 a0_nochange=0.0000 a0_change=0.8241 a1_nochange=1.0000 a1_change=0.9919 matched_but_wrong=0
  mpx-135 acc: trials=195720000 accuracy=0.9357
  mpx-135 traj: trials=195840000 wall=284057s knowledge=0.7036 reliable=379 spec=8.08 pop=2246
  mpx-135 cover: trials=195840000 overall=0.7036 a0_nochange=0.0000 a0_change=0.8228 a1_nochange=1.0000 a1_change=0.9919 matched_but_wrong=0
  mpx-135 acc: trials=195840000 accuracy=0.9370
  mpx-135 traj: trials=195960000 wall=284180s knowledge=0.7040 reliable=371 spec=8.08 pop=2211
  mpx-135 cover: trials=195960000 overall=0.7040 a0_nochange=0.0000 a0_change=0.8244 a1_nochange=1.0000 a1_change=0.9919 matched_but_wrong=0
  mpx-135 acc: trials=195960000 accuracy=0.9293
  mpx-135 traj: trials=196080000 wall=284272s knowledge=0.7027 reliable=375 spec=8.08 pop=2037
  mpx-135 cover: trials=196080000 overall=0.7027 a0_nochange=0.0000 a0_change=0.8192 a1_nochange=1.0000 a1_change=0.9919 matched_but_wrong=0
  mpx-135 acc: trials=196080000 accuracy=0.9410
  mpx-135 traj: trials=196200000 wall=284461s knowledge=0.7042 reliable=376 spec=8.08 pop=2073
  mpx-135 cover: trials=196200000 overall=0.7042 a0_nochange=0.0000 a0_change=0.8252 a1_nochange=1.0000 a1_change=0.9919 matched_but_wrong=0
  mpx-135 acc: trials=196200000 accuracy=0.9432
  mpx-135 traj: trials=196320000 wall=284614s knowledge=0.7044 reliable=374 spec=8.08 pop=2306
  mpx-135 cover: trials=196320000 overall=0.7044 a0_nochange=0.0000 a0_change=0.8241 a1_nochange=1.0000 a1_change=0.9936 matched_but_wrong=0
  mpx-135 acc: trials=196320000 accuracy=0.9390
  mpx-135 traj: trials=196440000 wall=284829s knowledge=0.7035 reliable=372 spec=8.07 pop=2142
  mpx-135 cover: trials=196440000 overall=0.7035 a0_nochange=0.0000 a0_change=0.8223 a1_nochange=1.0000 a1_change=0.9919 matched_but_wrong=0
  mpx-135 acc: trials=196440000 accuracy=0.9368
  mpx-135 traj: trials=196560000 wall=285004s knowledge=0.7021 reliable=370 spec=8.05 pop=1958
  mpx-135 cover: trials=196560000 overall=0.7021 a0_nochange=0.0000 a0_change=0.8168 a1_nochange=1.0000 a1_change=0.9919 matched_but_wrong=0
  mpx-135 acc: trials=196560000 accuracy=0.9371
  mpx-135 traj: trials=196680000 wall=285141s knowledge=0.7021 reliable=370 spec=8.06 pop=2111
  mpx-135 cover: trials=196680000 overall=0.7021 a0_nochange=0.0000 a0_change=0.8169 a1_nochange=1.0000 a1_change=0.9919 matched_but_wrong=0
  mpx-135 acc: trials=196680000 accuracy=0.9328
  mpx-135 traj: trials=196800000 wall=285242s knowledge=0.7036 reliable=370 spec=8.06 pop=2199
  mpx-135 cover: trials=196800000 overall=0.7036 a0_nochange=0.0000 a0_change=0.8189 a1_nochange=1.0000 a1_change=0.9960 matched_but_wrong=0
  mpx-135 acc: trials=196800000 accuracy=0.9334
  mpx-135 traj: trials=196920000 wall=285466s knowledge=0.7021 reliable=369 spec=8.05 pop=2249
  mpx-135 cover: trials=196920000 overall=0.7021 a0_nochange=0.0000 a0_change=0.8168 a1_nochange=1.0000 a1_change=0.9919 matched_but_wrong=0
  mpx-135 acc: trials=196920000 accuracy=0.9371
  mpx-135 traj: trials=197040000 wall=285564s knowledge=0.7036 reliable=371 spec=8.06 pop=2142
  mpx-135 cover: trials=197040000 overall=0.7036 a0_nochange=0.0000 a0_change=0.8227 a1_nochange=1.0000 a1_change=0.9919 matched_but_wrong=0
  mpx-135 acc: trials=197040000 accuracy=0.9336
  mpx-135 traj: trials=197160000 wall=285717s knowledge=0.7043 reliable=372 spec=8.05 pop=2339
  mpx-135 cover: trials=197160000 overall=0.7043 a0_nochange=0.0000 a0_change=0.8256 a1_nochange=1.0000 a1_change=0.9919 matched_but_wrong=0
  mpx-135 acc: trials=197160000 accuracy=0.9433
  mpx-135 traj: trials=197280000 wall=285824s knowledge=0.7042 reliable=372 spec=8.07 pop=2195
  mpx-135 cover: trials=197280000 overall=0.7042 a0_nochange=0.0000 a0_change=0.8253 a1_nochange=1.0000 a1_change=0.9919 matched_but_wrong=0
  mpx-135 acc: trials=197280000 accuracy=0.9383
  mpx-135 traj: trials=197400000 wall=285962s knowledge=0.7042 reliable=374 spec=8.07 pop=2359
  mpx-135 cover: trials=197400000 overall=0.7042 a0_nochange=0.0000 a0_change=0.8251 a1_nochange=1.0000 a1_change=0.9919 matched_but_wrong=0
  mpx-135 acc: trials=197400000 accuracy=0.9379
  mpx-135 traj: trials=197520000 wall=286053s knowledge=0.7051 reliable=374 spec=8.06 pop=2333
  mpx-135 cover: trials=197520000 overall=0.7051 a0_nochange=0.0000 a0_change=0.8289 a1_nochange=1.0000 a1_change=0.9919 matched_but_wrong=0
  mpx-135 acc: trials=197520000 accuracy=0.9474
  mpx-135 traj: trials=197640000 wall=286171s knowledge=0.7046 reliable=376 spec=8.06 pop=2186
  mpx-135 cover: trials=197640000 overall=0.7046 a0_nochange=0.0000 a0_change=0.8249 a1_nochange=1.0000 a1_change=0.9937 matched_but_wrong=0
  mpx-135 acc: trials=197640000 accuracy=0.9278
  mpx-135 traj: trials=197760000 wall=286283s knowledge=0.7046 reliable=372 spec=8.08 pop=2196
  mpx-135 cover: trials=197760000 overall=0.7046 a0_nochange=0.0000 a0_change=0.8257 a1_nochange=1.0000 a1_change=0.9930 matched_but_wrong=0
  mpx-135 acc: trials=197760000 accuracy=0.9360
  mpx-135 traj: trials=197880000 wall=286400s knowledge=0.7025 reliable=369 spec=8.05 pop=1989
  mpx-135 cover: trials=197880000 overall=0.7025 a0_nochange=0.0000 a0_change=0.8163 a1_nochange=1.0000 a1_change=0.9941 matched_but_wrong=0
  mpx-135 acc: trials=197880000 accuracy=0.9330
  mpx-135 traj: trials=198000000 wall=286533s knowledge=0.7022 reliable=366 spec=8.07 pop=2003
  mpx-135 cover: trials=198000000 overall=0.7022 a0_nochange=0.0000 a0_change=0.8171 a1_nochange=1.0000 a1_change=0.9919 matched_but_wrong=0
  mpx-135 acc: trials=198000000 accuracy=0.9447
  mpx-135 traj: trials=198120000 wall=286645s knowledge=0.7024 reliable=372 spec=8.08 pop=6204
  mpx-135 cover: trials=198120000 overall=0.7024 a0_nochange=0.0000 a0_change=0.8180 a1_nochange=1.0000 a1_change=0.9919 matched_but_wrong=0
  mpx-135 acc: trials=198120000 accuracy=0.9410
  mpx-135 traj: trials=198240000 wall=286765s knowledge=0.7021 reliable=377 spec=8.06 pop=2469
  mpx-135 cover: trials=198240000 overall=0.7021 a0_nochange=0.0000 a0_change=0.8167 a1_nochange=1.0000 a1_change=0.9919 matched_but_wrong=0
  mpx-135 acc: trials=198240000 accuracy=0.9275
  mpx-135 traj: trials=198360000 wall=286864s knowledge=0.7021 reliable=374 spec=8.06 pop=1996
  mpx-135 cover: trials=198360000 overall=0.7021 a0_nochange=0.0000 a0_change=0.8167 a1_nochange=1.0000 a1_change=0.9919 matched_but_wrong=0
  mpx-135 acc: trials=198360000 accuracy=0.9411
  mpx-135 traj: trials=198480000 wall=286937s knowledge=0.7024 reliable=373 spec=8.06 pop=1956
  mpx-135 cover: trials=198480000 overall=0.7024 a0_nochange=0.0000 a0_change=0.8181 a1_nochange=1.0000 a1_change=0.9919 matched_but_wrong=0
  mpx-135 acc: trials=198480000 accuracy=0.9283
  mpx-135 traj: trials=198600000 wall=287068s knowledge=0.7025 reliable=370 spec=8.06 pop=2451
  mpx-135 cover: trials=198600000 overall=0.7025 a0_nochange=0.0000 a0_change=0.8185 a1_nochange=1.0000 a1_change=0.9919 matched_but_wrong=0
  mpx-135 acc: trials=198600000 accuracy=0.9402
  mpx-135 traj: trials=198720000 wall=287191s knowledge=0.7035 reliable=372 spec=8.09 pop=2160
  mpx-135 cover: trials=198720000 overall=0.7035 a0_nochange=0.0000 a0_change=0.8223 a1_nochange=1.0000 a1_change=0.9919 matched_but_wrong=0
  mpx-135 acc: trials=198720000 accuracy=0.9453
  mpx-135 traj: trials=198840000 wall=287275s knowledge=0.7024 reliable=374 spec=8.07 pop=2056
  mpx-135 cover: trials=198840000 overall=0.7024 a0_nochange=0.0000 a0_change=0.8179 a1_nochange=1.0000 a1_change=0.9919 matched_but_wrong=0
  mpx-135 acc: trials=198840000 accuracy=0.9394
  mpx-135 traj: trials=198960000 wall=287365s knowledge=0.7028 reliable=374 spec=8.07 pop=2070
  mpx-135 cover: trials=198960000 overall=0.7028 a0_nochange=0.0000 a0_change=0.8176 a1_nochange=1.0000 a1_change=0.9938 matched_but_wrong=0
  mpx-135 acc: trials=198960000 accuracy=0.9423
  mpx-135 traj: trials=199080000 wall=287460s knowledge=0.7024 reliable=372 spec=8.08 pop=2073
  mpx-135 cover: trials=199080000 overall=0.7024 a0_nochange=0.0000 a0_change=0.8181 a1_nochange=1.0000 a1_change=0.9919 matched_but_wrong=0
  mpx-135 acc: trials=199080000 accuracy=0.9477
  mpx-135 traj: trials=199200000 wall=287646s knowledge=0.7032 reliable=373 spec=8.07 pop=2345
  mpx-135 cover: trials=199200000 overall=0.7032 a0_nochange=0.0000 a0_change=0.8214 a1_nochange=1.0000 a1_change=0.9919 matched_but_wrong=0
  mpx-135 acc: trials=199200000 accuracy=0.9435
  mpx-135 traj: trials=199320000 wall=287754s knowledge=0.7035 reliable=369 spec=8.08 pop=2120
  mpx-135 cover: trials=199320000 overall=0.7035 a0_nochange=0.0000 a0_change=0.8214 a1_nochange=1.0000 a1_change=0.9930 matched_but_wrong=0
  mpx-135 acc: trials=199320000 accuracy=0.9375
  mpx-135 traj: trials=199440000 wall=287829s knowledge=0.7037 reliable=373 spec=8.08 pop=2183
  mpx-135 cover: trials=199440000 overall=0.7037 a0_nochange=0.0000 a0_change=0.8234 a1_nochange=1.0000 a1_change=0.9919 matched_but_wrong=0
  mpx-135 acc: trials=199440000 accuracy=0.9462
  mpx-135 traj: trials=199560000 wall=287914s knowledge=0.7041 reliable=380 spec=8.11 pop=2376
  mpx-135 cover: trials=199560000 overall=0.7041 a0_nochange=0.0000 a0_change=0.8249 a1_nochange=1.0000 a1_change=0.9919 matched_but_wrong=0
  mpx-135 acc: trials=199560000 accuracy=0.9473
  mpx-135 traj: trials=199680000 wall=288099s knowledge=0.7037 reliable=384 spec=8.16 pop=2265
  mpx-135 cover: trials=199680000 overall=0.7037 a0_nochange=0.0000 a0_change=0.8232 a1_nochange=1.0000 a1_change=0.9921 matched_but_wrong=0
  mpx-135 acc: trials=199680000 accuracy=0.9377
  mpx-135 traj: trials=199800000 wall=288167s knowledge=0.7039 reliable=383 spec=8.16 pop=2208
  mpx-135 cover: trials=199800000 overall=0.7039 a0_nochange=0.0000 a0_change=0.8242 a1_nochange=1.0000 a1_change=0.9919 matched_but_wrong=0
  mpx-135 acc: trials=199800000 accuracy=0.9370
  mpx-135 traj: trials=199920000 wall=288301s knowledge=0.7051 reliable=391 spec=8.19 pop=2656
  mpx-135 cover: trials=199920000 overall=0.7051 a0_nochange=0.0000 a0_change=0.8268 a1_nochange=1.0000 a1_change=0.9938 matched_but_wrong=0
  mpx-135 acc: trials=199920000 accuracy=0.9443
  mpx-135 traj: trials=200040000 wall=288375s knowledge=0.7066 reliable=391 spec=8.18 pop=2278
  mpx-135 cover: trials=200040000 overall=0.7066 a0_nochange=0.0000 a0_change=0.8327 a1_nochange=1.0000 a1_change=0.9938 matched_but_wrong=0
  mpx-135 acc: trials=200040000 accuracy=0.9303
  mpx-135 traj: trials=200160000 wall=288452s knowledge=0.7054 reliable=386 spec=8.23 pop=2246
  mpx-135 cover: trials=200160000 overall=0.7054 a0_nochange=0.0000 a0_change=0.8279 a1_nochange=1.0000 a1_change=0.9938 matched_but_wrong=0
  mpx-135 acc: trials=200160000 accuracy=0.9446
  mpx-135 traj: trials=200280000 wall=288556s knowledge=0.7055 reliable=389 spec=8.23 pop=2077
  mpx-135 cover: trials=200280000 overall=0.7055 a0_nochange=0.0000 a0_change=0.8303 a1_nochange=1.0000 a1_change=0.9919 matched_but_wrong=0
  mpx-135 acc: trials=200280000 accuracy=0.9457
  mpx-135 traj: trials=200400000 wall=288689s knowledge=0.7052 reliable=390 spec=8.21 pop=2051
  mpx-135 cover: trials=200400000 overall=0.7052 a0_nochange=0.0000 a0_change=0.8291 a1_nochange=1.0000 a1_change=0.9919 matched_but_wrong=0
  mpx-135 acc: trials=200400000 accuracy=0.9661
  mpx-135 traj: trials=200520000 wall=288896s knowledge=0.7052 reliable=382 spec=8.18 pop=2045
  mpx-135 cover: trials=200520000 overall=0.7052 a0_nochange=0.0000 a0_change=0.8292 a1_nochange=1.0000 a1_change=0.9919 matched_but_wrong=0
  mpx-135 acc: trials=200520000 accuracy=0.9382
  mpx-135 traj: trials=200640000 wall=289048s knowledge=0.7056 reliable=383 spec=8.16 pop=2142
  mpx-135 cover: trials=200640000 overall=0.7056 a0_nochange=0.0000 a0_change=0.8310 a1_nochange=1.0000 a1_change=0.9919 matched_but_wrong=0
  mpx-135 acc: trials=200640000 accuracy=0.9448
  mpx-135 traj: trials=200760000 wall=289162s knowledge=0.7058 reliable=383 spec=8.10 pop=2091
  mpx-135 cover: trials=200760000 overall=0.7058 a0_nochange=0.0000 a0_change=0.8276 a1_nochange=1.0000 a1_change=0.9959 matched_but_wrong=0
  mpx-135 acc: trials=200760000 accuracy=0.9361
  mpx-135 traj: trials=200880000 wall=289251s knowledge=0.7075 reliable=383 spec=8.10 pop=2111
  mpx-135 cover: trials=200880000 overall=0.7075 a0_nochange=0.0000 a0_change=0.8324 a1_nochange=1.0000 a1_change=0.9980 matched_but_wrong=0
  mpx-135 acc: trials=200880000 accuracy=0.9304
  mpx-135 traj: trials=201000000 wall=289335s knowledge=0.7073 reliable=377 spec=8.08 pop=2024
  mpx-135 cover: trials=201000000 overall=0.7073 a0_nochange=0.0000 a0_change=0.8317 a1_nochange=1.0000 a1_change=0.9980 matched_but_wrong=0
  mpx-135 acc: trials=201000000 accuracy=0.9325
  mpx-135 traj: trials=201120000 wall=289438s knowledge=0.7064 reliable=377 spec=8.05 pop=2562
  mpx-135 cover: trials=201120000 overall=0.7064 a0_nochange=0.0000 a0_change=0.8299 a1_nochange=1.0000 a1_change=0.9959 matched_but_wrong=0
  mpx-135 acc: trials=201120000 accuracy=0.9403
  mpx-135 traj: trials=201240000 wall=289614s knowledge=0.7085 reliable=382 spec=8.05 pop=2600
  mpx-135 cover: trials=201240000 overall=0.7085 a0_nochange=0.0000 a0_change=0.8371 a1_nochange=1.0000 a1_change=0.9970 matched_but_wrong=0
  mpx-135 acc: trials=201240000 accuracy=0.9450
  mpx-135 traj: trials=201360000 wall=289686s knowledge=0.7071 reliable=375 spec=8.06 pop=2081
  mpx-135 cover: trials=201360000 overall=0.7071 a0_nochange=0.0000 a0_change=0.8359 a1_nochange=1.0000 a1_change=0.9929 matched_but_wrong=0
  mpx-135 acc: trials=201360000 accuracy=0.9420
  mpx-135 traj: trials=201480000 wall=289778s knowledge=0.7073 reliable=374 spec=8.05 pop=2057
  mpx-135 cover: trials=201480000 overall=0.7073 a0_nochange=0.0000 a0_change=0.8330 a1_nochange=1.0000 a1_change=0.9964 matched_but_wrong=0
  mpx-135 acc: trials=201480000 accuracy=0.9474
  mpx-135 traj: trials=201600000 wall=289873s knowledge=0.7066 reliable=374 spec=8.06 pop=2000
  mpx-135 cover: trials=201600000 overall=0.7066 a0_nochange=0.0000 a0_change=0.8303 a1_nochange=1.0000 a1_change=0.9964 matched_but_wrong=0
  mpx-135 acc: trials=201600000 accuracy=0.9337
  mpx-135 traj: trials=201720000 wall=289959s knowledge=0.7065 reliable=375 spec=8.05 pop=2176
  mpx-135 cover: trials=201720000 overall=0.7065 a0_nochange=0.0000 a0_change=0.8299 a1_nochange=1.0000 a1_change=0.9964 matched_but_wrong=0
  mpx-135 acc: trials=201720000 accuracy=0.9354
  mpx-135 traj: trials=201840000 wall=290135s knowledge=0.7074 reliable=375 spec=8.07 pop=2088
  mpx-135 cover: trials=201840000 overall=0.7074 a0_nochange=0.0000 a0_change=0.8331 a1_nochange=1.0000 a1_change=0.9966 matched_but_wrong=0
  mpx-135 acc: trials=201840000 accuracy=0.9463
  mpx-135 traj: trials=201960000 wall=290233s knowledge=0.7075 reliable=372 spec=8.06 pop=2019
  mpx-135 cover: trials=201960000 overall=0.7075 a0_nochange=0.0000 a0_change=0.8341 a1_nochange=1.0000 a1_change=0.9964 matched_but_wrong=0
  mpx-135 acc: trials=201960000 accuracy=0.9370
  mpx-135 traj: trials=202080000 wall=290350s knowledge=0.7071 reliable=371 spec=8.05 pop=2119
  mpx-135 cover: trials=202080000 overall=0.7071 a0_nochange=0.0000 a0_change=0.8324 a1_nochange=1.0000 a1_change=0.9964 matched_but_wrong=0
  mpx-135 acc: trials=202080000 accuracy=0.9483
  mpx-135 traj: trials=202200000 wall=290474s knowledge=0.7075 reliable=375 spec=8.06 pop=2326
  mpx-135 cover: trials=202200000 overall=0.7075 a0_nochange=0.0000 a0_change=0.8376 a1_nochange=1.0000 a1_change=0.9927 matched_but_wrong=0
  mpx-135 acc: trials=202200000 accuracy=0.9486
  mpx-135 traj: trials=202320000 wall=290559s knowledge=0.7078 reliable=377 spec=8.06 pop=1940
  mpx-135 cover: trials=202320000 overall=0.7078 a0_nochange=0.0000 a0_change=0.8390 a1_nochange=1.0000 a1_change=0.9927 matched_but_wrong=0
  mpx-135 acc: trials=202320000 accuracy=0.9326
  mpx-135 traj: trials=202440000 wall=290636s knowledge=0.7076 reliable=377 spec=8.07 pop=2353
  mpx-135 cover: trials=202440000 overall=0.7076 a0_nochange=0.0000 a0_change=0.8380 a1_nochange=1.0000 a1_change=0.9927 matched_but_wrong=0
  mpx-135 acc: trials=202440000 accuracy=0.9487
  mpx-135 traj: trials=202560000 wall=290746s knowledge=0.7085 reliable=376 spec=8.06 pop=1998
  mpx-135 cover: trials=202560000 overall=0.7085 a0_nochange=0.0000 a0_change=0.8379 a1_nochange=1.0000 a1_change=0.9964 matched_but_wrong=0
  mpx-135 acc: trials=202560000 accuracy=0.9422
  mpx-135 traj: trials=202680000 wall=291025s knowledge=0.7091 reliable=377 spec=8.05 pop=2812
  mpx-135 cover: trials=202680000 overall=0.7091 a0_nochange=0.0000 a0_change=0.8403 a1_nochange=1.0000 a1_change=0.9964 matched_but_wrong=0
  mpx-135 acc: trials=202680000 accuracy=0.9413
  mpx-135 traj: trials=202800000 wall=291099s knowledge=0.7097 reliable=379 spec=8.08 pop=2870
  mpx-135 cover: trials=202800000 overall=0.7097 a0_nochange=0.0000 a0_change=0.8428 a1_nochange=1.0000 a1_change=0.9964 matched_but_wrong=0
  mpx-135 acc: trials=202800000 accuracy=0.9440
  mpx-135 traj: trials=202920000 wall=291203s knowledge=0.7079 reliable=381 spec=8.09 pop=2166
  mpx-135 cover: trials=202920000 overall=0.7079 a0_nochange=0.0000 a0_change=0.8355 a1_nochange=1.0000 a1_change=0.9964 matched_but_wrong=0
  mpx-135 acc: trials=202920000 accuracy=0.9587
  mpx-135 traj: trials=203040000 wall=291490s knowledge=0.7078 reliable=386 spec=8.08 pop=2136
  mpx-135 cover: trials=203040000 overall=0.7078 a0_nochange=0.0000 a0_change=0.8387 a1_nochange=1.0000 a1_change=0.9927 matched_but_wrong=1
  mpx-135 acc: trials=203040000 accuracy=0.9493
  mpx-135 traj: trials=203160000 wall=291581s knowledge=0.7092 reliable=378 spec=8.06 pop=2001
  mpx-135 cover: trials=203160000 overall=0.7092 a0_nochange=0.0000 a0_change=0.8443 a1_nochange=1.0000 a1_change=0.9927 matched_but_wrong=0
  mpx-135 acc: trials=203160000 accuracy=0.9497
  mpx-135 traj: trials=203280000 wall=291656s knowledge=0.7090 reliable=376 spec=8.05 pop=1947
  mpx-135 cover: trials=203280000 overall=0.7090 a0_nochange=0.0000 a0_change=0.8419 a1_nochange=1.0000 a1_change=0.9944 matched_but_wrong=0
  mpx-135 acc: trials=203280000 accuracy=0.9486
  mpx-135 traj: trials=203400000 wall=291722s knowledge=0.7088 reliable=374 spec=8.07 pop=2100
  mpx-135 cover: trials=203400000 overall=0.7088 a0_nochange=0.0000 a0_change=0.8427 a1_nochange=1.0000 a1_change=0.9927 matched_but_wrong=0
  mpx-135 acc: trials=203400000 accuracy=0.9515
  mpx-135 traj: trials=203520000 wall=291800s knowledge=0.7088 reliable=382 spec=8.07 pop=2398
  mpx-135 cover: trials=203520000 overall=0.7088 a0_nochange=0.0000 a0_change=0.8428 a1_nochange=1.0000 a1_change=0.9927 matched_but_wrong=16
  mpx-135 acc: trials=203520000 accuracy=0.9535
  mpx-135 traj: trials=203640000 wall=291884s knowledge=0.7098 reliable=386 spec=8.08 pop=2251
  mpx-135 cover: trials=203640000 overall=0.7098 a0_nochange=0.0000 a0_change=0.8449 a1_nochange=1.0000 a1_change=0.9946 matched_but_wrong=0
  mpx-135 acc: trials=203640000 accuracy=0.9411
  mpx-135 traj: trials=203760000 wall=292100s knowledge=0.7094 reliable=382 spec=8.08 pop=2279
  mpx-135 cover: trials=203760000 overall=0.7094 a0_nochange=0.0000 a0_change=0.8447 a1_nochange=1.0000 a1_change=0.9931 matched_but_wrong=0
  mpx-135 acc: trials=203760000 accuracy=0.9431
  mpx-135 traj: trials=203880000 wall=292203s knowledge=0.7111 reliable=384 spec=8.10 pop=2281
  mpx-135 cover: trials=203880000 overall=0.7111 a0_nochange=0.0000 a0_change=0.8480 a1_nochange=1.0000 a1_change=0.9966 matched_but_wrong=0
  mpx-135 acc: trials=203880000 accuracy=0.9477
  mpx-135 traj: trials=204000000 wall=292346s knowledge=0.7096 reliable=385 spec=8.11 pop=3076
  mpx-135 cover: trials=204000000 overall=0.7096 a0_nochange=0.0000 a0_change=0.8463 a1_nochange=1.0000 a1_change=0.9926 matched_but_wrong=0
  mpx-135 acc: trials=204000000 accuracy=0.9496
  mpx-135 traj: trials=204120000 wall=292432s knowledge=0.7107 reliable=387 spec=8.10 pop=2062
  mpx-135 cover: trials=204120000 overall=0.7107 a0_nochange=0.0000 a0_change=0.8505 a1_nochange=1.0000 a1_change=0.9926 matched_but_wrong=0
  mpx-135 acc: trials=204120000 accuracy=0.9487
  mpx-135 traj: trials=204240000 wall=292520s knowledge=0.7098 reliable=392 spec=8.13 pop=2209
  mpx-135 cover: trials=204240000 overall=0.7098 a0_nochange=0.0000 a0_change=0.8462 a1_nochange=1.0000 a1_change=0.9934 matched_but_wrong=2
  mpx-135 acc: trials=204240000 accuracy=0.9391
  mpx-135 traj: trials=204360000 wall=292635s knowledge=0.7095 reliable=385 spec=8.10 pop=2114
  mpx-135 cover: trials=204360000 overall=0.7095 a0_nochange=0.0000 a0_change=0.8456 a1_nochange=1.0000 a1_change=0.9926 matched_but_wrong=2
  mpx-135 acc: trials=204360000 accuracy=0.9421
  mpx-135 traj: trials=204480000 wall=292709s knowledge=0.7088 reliable=377 spec=8.10 pop=2415
  mpx-135 cover: trials=204480000 overall=0.7088 a0_nochange=0.0000 a0_change=0.8430 a1_nochange=1.0000 a1_change=0.9926 matched_but_wrong=2
  mpx-135 acc: trials=204480000 accuracy=0.9505
  mpx-135 traj: trials=204600000 wall=292792s knowledge=0.7103 reliable=382 spec=8.09 pop=2022
  mpx-135 cover: trials=204600000 overall=0.7103 a0_nochange=0.0000 a0_change=0.8469 a1_nochange=1.0000 a1_change=0.9945 matched_but_wrong=0
  mpx-135 acc: trials=204600000 accuracy=0.9609
  mpx-135 traj: trials=204720000 wall=292981s knowledge=0.7109 reliable=380 spec=8.09 pop=2273
  mpx-135 cover: trials=204720000 overall=0.7109 a0_nochange=0.0000 a0_change=0.8478 a1_nochange=1.0000 a1_change=0.9962 matched_but_wrong=0
  mpx-135 acc: trials=204720000 accuracy=0.9568
  mpx-135 traj: trials=204840000 wall=293113s knowledge=0.7102 reliable=376 spec=8.09 pop=2360
  mpx-135 cover: trials=204840000 overall=0.7102 a0_nochange=0.0000 a0_change=0.8468 a1_nochange=1.0000 a1_change=0.9942 matched_but_wrong=0
  mpx-135 acc: trials=204840000 accuracy=0.9426
  mpx-135 traj: trials=204960000 wall=293226s knowledge=0.7102 reliable=379 spec=8.07 pop=2290
  mpx-135 cover: trials=204960000 overall=0.7102 a0_nochange=0.0000 a0_change=0.8469 a1_nochange=1.0000 a1_change=0.9942 matched_but_wrong=0
  mpx-135 acc: trials=204960000 accuracy=0.9479
  mpx-135 traj: trials=205080000 wall=293304s knowledge=0.7103 reliable=379 spec=8.06 pop=2088
  mpx-135 cover: trials=205080000 overall=0.7103 a0_nochange=0.0000 a0_change=0.8471 a1_nochange=1.0000 a1_change=0.9942 matched_but_wrong=0
  mpx-135 acc: trials=205080000 accuracy=0.9570
  mpx-135 traj: trials=205200000 wall=293379s knowledge=0.7106 reliable=378 spec=8.06 pop=2207
  mpx-135 cover: trials=205200000 overall=0.7106 a0_nochange=0.0000 a0_change=0.8465 a1_nochange=1.0000 a1_change=0.9964 matched_but_wrong=0
  mpx-135 acc: trials=205200000 accuracy=0.9486
  mpx-135 traj: trials=205320000 wall=293473s knowledge=0.7100 reliable=374 spec=8.05 pop=2147
  mpx-135 cover: trials=205320000 overall=0.7100 a0_nochange=0.0000 a0_change=0.8461 a1_nochange=1.0000 a1_change=0.9942 matched_but_wrong=0
  mpx-135 acc: trials=205320000 accuracy=0.9637
  mpx-135 traj: trials=205440000 wall=293579s knowledge=0.7113 reliable=379 spec=8.07 pop=3400
  mpx-135 cover: trials=205440000 overall=0.7113 a0_nochange=0.0000 a0_change=0.8489 a1_nochange=1.0000 a1_change=0.9964 matched_but_wrong=0
  mpx-135 acc: trials=205440000 accuracy=0.9454
  mpx-135 traj: trials=205560000 wall=293690s knowledge=0.7099 reliable=377 spec=8.07 pop=2522
  mpx-135 cover: trials=205560000 overall=0.7099 a0_nochange=0.0000 a0_change=0.8491 a1_nochange=1.0000 a1_change=0.9906 matched_but_wrong=0
  mpx-135 acc: trials=205560000 accuracy=0.9579
  mpx-135 traj: trials=205680000 wall=293896s knowledge=0.7100 reliable=377 spec=8.05 pop=2186
  mpx-135 cover: trials=205680000 overall=0.7100 a0_nochange=0.0000 a0_change=0.8498 a1_nochange=1.0000 a1_change=0.9906 matched_but_wrong=0
  mpx-135 acc: trials=205680000 accuracy=0.9451
  mpx-135 traj: trials=205800000 wall=293983s knowledge=0.7108 reliable=382 spec=8.08 pop=2231
  mpx-135 cover: trials=205800000 overall=0.7108 a0_nochange=0.0000 a0_change=0.8528 a1_nochange=1.0000 a1_change=0.9906 matched_but_wrong=0
  mpx-135 acc: trials=205800000 accuracy=0.9507
  mpx-135 traj: trials=205920000 wall=294049s knowledge=0.7108 reliable=383 spec=8.07 pop=1938
  mpx-135 cover: trials=205920000 overall=0.7108 a0_nochange=0.0000 a0_change=0.8527 a1_nochange=1.0000 a1_change=0.9906 matched_but_wrong=0
  mpx-135 acc: trials=205920000 accuracy=0.9343
  mpx-135 traj: trials=206040000 wall=294320s knowledge=0.7094 reliable=374 spec=8.07 pop=2782
  mpx-135 cover: trials=206040000 overall=0.7094 a0_nochange=0.0000 a0_change=0.8511 a1_nochange=1.0000 a1_change=0.9869 matched_but_wrong=0
  mpx-135 acc: trials=206040000 accuracy=0.9482
  mpx-135 traj: trials=206160000 wall=294391s knowledge=0.7103 reliable=381 spec=8.07 pop=1894
  mpx-135 cover: trials=206160000 overall=0.7103 a0_nochange=0.0000 a0_change=0.8511 a1_nochange=1.0000 a1_change=0.9905 matched_but_wrong=0
  mpx-135 acc: trials=206160000 accuracy=0.9550
  mpx-135 traj: trials=206280000 wall=294518s knowledge=0.7101 reliable=379 spec=8.06 pop=1999
  mpx-135 cover: trials=206280000 overall=0.7101 a0_nochange=0.0000 a0_change=0.8513 a1_nochange=1.0000 a1_change=0.9896 matched_but_wrong=0
  mpx-135 acc: trials=206280000 accuracy=0.9578
  mpx-135 traj: trials=206400000 wall=294607s knowledge=0.7101 reliable=374 spec=8.07 pop=1879
  mpx-135 cover: trials=206400000 overall=0.7101 a0_nochange=0.0000 a0_change=0.8479 a1_nochange=1.0000 a1_change=0.9927 matched_but_wrong=0
  mpx-135 acc: trials=206400000 accuracy=0.9416
  mpx-135 traj: trials=206520000 wall=294753s knowledge=0.7100 reliable=372 spec=8.05 pop=2436
  mpx-135 cover: trials=206520000 overall=0.7100 a0_nochange=0.0000 a0_change=0.8477 a1_nochange=1.0000 a1_change=0.9927 matched_but_wrong=0
  mpx-135 acc: trials=206520000 accuracy=0.9356
  mpx-135 traj: trials=206640000 wall=294852s knowledge=0.7120 reliable=379 spec=8.05 pop=2001
  mpx-135 cover: trials=206640000 overall=0.7120 a0_nochange=0.0000 a0_change=0.8556 a1_nochange=1.0000 a1_change=0.9927 matched_but_wrong=0
  mpx-135 acc: trials=206640000 accuracy=0.9413
  mpx-135 traj: trials=206760000 wall=295051s knowledge=0.7110 reliable=376 spec=8.05 pop=2309
  mpx-135 cover: trials=206760000 overall=0.7110 a0_nochange=0.0000 a0_change=0.8517 a1_nochange=1.0000 a1_change=0.9927 matched_but_wrong=0
  mpx-135 acc: trials=206760000 accuracy=0.9437
  mpx-135 traj: trials=206880000 wall=295176s knowledge=0.7117 reliable=382 spec=8.06 pop=2053
  mpx-135 cover: trials=206880000 overall=0.7117 a0_nochange=0.0000 a0_change=0.8524 a1_nochange=1.0000 a1_change=0.9947 matched_but_wrong=0
  mpx-135 acc: trials=206880000 accuracy=0.9500
  mpx-135 traj: trials=207000000 wall=295292s knowledge=0.7112 reliable=376 spec=8.07 pop=1866
  mpx-135 cover: trials=207000000 overall=0.7112 a0_nochange=0.0000 a0_change=0.8517 a1_nochange=1.0000 a1_change=0.9934 matched_but_wrong=0
  mpx-135 acc: trials=207000000 accuracy=0.9633
  mpx-135 traj: trials=207120000 wall=295367s knowledge=0.7109 reliable=375 spec=8.04 pop=2301
  mpx-135 cover: trials=207120000 overall=0.7109 a0_nochange=0.0000 a0_change=0.8513 a1_nochange=1.0000 a1_change=0.9927 matched_but_wrong=0
  mpx-135 acc: trials=207120000 accuracy=0.9455
  mpx-135 traj: trials=207240000 wall=295549s knowledge=0.7110 reliable=375 spec=8.05 pop=2085
  mpx-135 cover: trials=207240000 overall=0.7110 a0_nochange=0.0000 a0_change=0.8514 a1_nochange=1.0000 a1_change=0.9927 matched_but_wrong=3
  mpx-135 acc: trials=207240000 accuracy=0.9370
  mpx-135 traj: trials=207360000 wall=295666s knowledge=0.7110 reliable=376 spec=8.06 pop=2072
  mpx-135 cover: trials=207360000 overall=0.7110 a0_nochange=0.0000 a0_change=0.8516 a1_nochange=1.0000 a1_change=0.9927 matched_but_wrong=3
  mpx-135 acc: trials=207360000 accuracy=0.9435
  mpx-135 traj: trials=207480000 wall=295748s knowledge=0.7136 reliable=377 spec=8.06 pop=2053
  mpx-135 cover: trials=207480000 overall=0.7136 a0_nochange=0.0000 a0_change=0.8620 a1_nochange=1.0000 a1_change=0.9927 matched_but_wrong=0
  mpx-135 acc: trials=207480000 accuracy=0.9544
  mpx-135 traj: trials=207600000 wall=295844s knowledge=0.7129 reliable=380 spec=8.05 pop=1972
  mpx-135 cover: trials=207600000 overall=0.7129 a0_nochange=0.0000 a0_change=0.8593 a1_nochange=1.0000 a1_change=0.9927 matched_but_wrong=0
  mpx-135 acc: trials=207600000 accuracy=0.9519
  mpx-135 traj: trials=207720000 wall=295917s knowledge=0.7139 reliable=374 spec=8.05 pop=2041
  mpx-135 cover: trials=207720000 overall=0.7139 a0_nochange=0.0000 a0_change=0.8596 a1_nochange=1.0000 a1_change=0.9964 matched_but_wrong=0
  mpx-135 acc: trials=207720000 accuracy=0.9519
  mpx-135 traj: trials=207840000 wall=295995s knowledge=0.7136 reliable=376 spec=8.04 pop=1958
  mpx-135 cover: trials=207840000 overall=0.7136 a0_nochange=0.0000 a0_change=0.8581 a1_nochange=1.0000 a1_change=0.9964 matched_but_wrong=0
  mpx-135 acc: trials=207840000 accuracy=0.9451
  mpx-135 traj: trials=207960000 wall=296155s knowledge=0.7145 reliable=385 spec=8.04 pop=2166
  mpx-135 cover: trials=207960000 overall=0.7145 a0_nochange=0.0000 a0_change=0.8618 a1_nochange=1.0000 a1_change=0.9964 matched_but_wrong=0
  mpx-135 acc: trials=207960000 accuracy=0.9590
  mpx-135 traj: trials=208080000 wall=296240s knowledge=0.7161 reliable=385 spec=8.04 pop=2013
  mpx-135 cover: trials=208080000 overall=0.7161 a0_nochange=0.0000 a0_change=0.8685 a1_nochange=1.0000 a1_change=0.9964 matched_but_wrong=0
  mpx-135 acc: trials=208080000 accuracy=0.9573
  mpx-135 traj: trials=208200000 wall=296356s knowledge=0.7130 reliable=375 spec=8.03 pop=2051
  mpx-135 cover: trials=208200000 overall=0.7130 a0_nochange=0.0000 a0_change=0.8597 a1_nochange=1.0000 a1_change=0.9927 matched_but_wrong=0
  mpx-135 acc: trials=208200000 accuracy=0.9461
  mpx-135 traj: trials=208320000 wall=296511s knowledge=0.7137 reliable=380 spec=8.03 pop=2339
  mpx-135 cover: trials=208320000 overall=0.7137 a0_nochange=0.0000 a0_change=0.8601 a1_nochange=1.0000 a1_change=0.9951 matched_but_wrong=0
  mpx-135 acc: trials=208320000 accuracy=0.9653
  mpx-135 traj: trials=208440000 wall=296647s knowledge=0.7141 reliable=380 spec=8.03 pop=2103
  mpx-135 cover: trials=208440000 overall=0.7141 a0_nochange=0.0000 a0_change=0.8604 a1_nochange=1.0000 a1_change=0.9964 matched_but_wrong=0
  mpx-135 acc: trials=208440000 accuracy=0.9486
  mpx-135 traj: trials=208560000 wall=296767s knowledge=0.7145 reliable=376 spec=8.03 pop=1985
  mpx-135 cover: trials=208560000 overall=0.7145 a0_nochange=0.0000 a0_change=0.8640 a1_nochange=1.0000 a1_change=0.9943 matched_but_wrong=0
  mpx-135 acc: trials=208560000 accuracy=0.9679
  mpx-135 traj: trials=208680000 wall=296869s knowledge=0.7136 reliable=381 spec=8.03 pop=2058
  mpx-135 cover: trials=208680000 overall=0.7136 a0_nochange=0.0000 a0_change=0.8604 a1_nochange=1.0000 a1_change=0.9943 matched_but_wrong=0
  mpx-135 acc: trials=208680000 accuracy=0.9545
  mpx-135 traj: trials=208800000 wall=297069s knowledge=0.7133 reliable=382 spec=8.04 pop=2554
  mpx-135 cover: trials=208800000 overall=0.7133 a0_nochange=0.0000 a0_change=0.8607 a1_nochange=1.0000 a1_change=0.9927 matched_but_wrong=0
  mpx-135 acc: trials=208800000 accuracy=0.9432
  mpx-135 traj: trials=208920000 wall=297149s knowledge=0.7127 reliable=379 spec=8.04 pop=2412
  mpx-135 cover: trials=208920000 overall=0.7127 a0_nochange=0.0000 a0_change=0.8562 a1_nochange=1.0000 a1_change=0.9948 matched_but_wrong=0
  mpx-135 acc: trials=208920000 accuracy=0.9558
  mpx-135 traj: trials=209040000 wall=297219s knowledge=0.7125 reliable=371 spec=8.02 pop=2048
  mpx-135 cover: trials=209040000 overall=0.7125 a0_nochange=0.0000 a0_change=0.8559 a1_nochange=1.0000 a1_change=0.9943 matched_but_wrong=0
  mpx-135 acc: trials=209040000 accuracy=0.9433
  mpx-135 traj: trials=209160000 wall=297325s knowledge=0.7148 reliable=377 spec=8.03 pop=1910
  mpx-135 cover: trials=209160000 overall=0.7148 a0_nochange=0.0000 a0_change=0.8653 a1_nochange=1.0000 a1_change=0.9943 matched_but_wrong=0
  mpx-135 acc: trials=209160000 accuracy=0.9562
  mpx-135 traj: trials=209280000 wall=297428s knowledge=0.7146 reliable=375 spec=8.03 pop=2231
  mpx-135 cover: trials=209280000 overall=0.7146 a0_nochange=0.0000 a0_change=0.8660 a1_nochange=1.0000 a1_change=0.9927 matched_but_wrong=0
  mpx-135 acc: trials=209280000 accuracy=0.9470
  mpx-135 traj: trials=209400000 wall=297556s knowledge=0.7146 reliable=379 spec=8.04 pop=2417
  mpx-135 cover: trials=209400000 overall=0.7146 a0_nochange=0.0000 a0_change=0.8661 a1_nochange=1.0000 a1_change=0.9927 matched_but_wrong=0
  mpx-135 acc: trials=209400000 accuracy=0.9536
  mpx-135 traj: trials=209520000 wall=297651s knowledge=0.7148 reliable=376 spec=8.03 pop=2429
  mpx-135 cover: trials=209520000 overall=0.7148 a0_nochange=0.0000 a0_change=0.8652 a1_nochange=1.0000 a1_change=0.9944 matched_but_wrong=0
  mpx-135 acc: trials=209520000 accuracy=0.9493
  mpx-135 traj: trials=209640000 wall=297773s knowledge=0.7144 reliable=374 spec=8.03 pop=2124
  mpx-135 cover: trials=209640000 overall=0.7144 a0_nochange=0.0000 a0_change=0.8652 a1_nochange=1.0000 a1_change=0.9927 matched_but_wrong=0
  mpx-135 acc: trials=209640000 accuracy=0.9543
  mpx-135 traj: trials=209760000 wall=297951s knowledge=0.7149 reliable=378 spec=8.03 pop=2115
  mpx-135 cover: trials=209760000 overall=0.7149 a0_nochange=0.0000 a0_change=0.8661 a1_nochange=1.0000 a1_change=0.9937 matched_but_wrong=0
  mpx-135 acc: trials=209760000 accuracy=0.9546
  mpx-135 traj: trials=209880000 wall=298028s knowledge=0.7154 reliable=382 spec=8.05 pop=2067
  mpx-135 cover: trials=209880000 overall=0.7154 a0_nochange=0.0000 a0_change=0.8648 a1_nochange=1.0000 a1_change=0.9973 matched_but_wrong=0
  mpx-135 acc: trials=209880000 accuracy=0.9515
  mpx-135 traj: trials=210000000 wall=298107s knowledge=0.7153 reliable=378 spec=8.03 pop=1981
  mpx-135 cover: trials=210000000 overall=0.7153 a0_nochange=0.0000 a0_change=0.8686 a1_nochange=1.0000 a1_change=0.9927 matched_but_wrong=0
  mpx-135 acc: trials=210000000 accuracy=0.9685
  mpx-135 traj: trials=210120000 wall=298212s knowledge=0.7151 reliable=373 spec=8.02 pop=1998
  mpx-135 cover: trials=210120000 overall=0.7151 a0_nochange=0.0000 a0_change=0.8680 a1_nochange=1.0000 a1_change=0.9927 matched_but_wrong=0
  mpx-135 acc: trials=210120000 accuracy=0.9514
  mpx-135 traj: trials=210240000 wall=298308s knowledge=0.7137 reliable=375 spec=8.03 pop=2136
  mpx-135 cover: trials=210240000 overall=0.7137 a0_nochange=0.0000 a0_change=0.8615 a1_nochange=1.0000 a1_change=0.9937 matched_but_wrong=0
  mpx-135 acc: trials=210240000 accuracy=0.9568
  mpx-135 traj: trials=210360000 wall=298410s knowledge=0.7135 reliable=372 spec=8.03 pop=2220
  mpx-135 cover: trials=210360000 overall=0.7135 a0_nochange=0.0000 a0_change=0.8615 a1_nochange=1.0000 a1_change=0.9927 matched_but_wrong=0
  mpx-135 acc: trials=210360000 accuracy=0.9480
  mpx-135 traj: trials=210480000 wall=298515s knowledge=0.7141 reliable=373 spec=8.04 pop=2249
  mpx-135 cover: trials=210480000 overall=0.7141 a0_nochange=0.0000 a0_change=0.8620 a1_nochange=1.0000 a1_change=0.9949 matched_but_wrong=0
  mpx-135 acc: trials=210480000 accuracy=0.9471
  mpx-135 traj: trials=210600000 wall=298660s knowledge=0.7130 reliable=378 spec=8.02 pop=2602
  mpx-135 cover: trials=210600000 overall=0.7130 a0_nochange=0.0000 a0_change=0.8597 a1_nochange=1.0000 a1_change=0.9927 matched_but_wrong=0
  mpx-135 acc: trials=210600000 accuracy=0.9617
  mpx-135 traj: trials=210720000 wall=298733s knowledge=0.7133 reliable=380 spec=8.04 pop=1864
  mpx-135 cover: trials=210720000 overall=0.7133 a0_nochange=0.0000 a0_change=0.8608 a1_nochange=1.0000 a1_change=0.9927 matched_but_wrong=0
  mpx-135 acc: trials=210720000 accuracy=0.9492
  mpx-135 traj: trials=210840000 wall=298816s knowledge=0.7139 reliable=375 spec=8.03 pop=2082
  mpx-135 cover: trials=210840000 overall=0.7139 a0_nochange=0.0000 a0_change=0.8597 a1_nochange=1.0000 a1_change=0.9963 matched_but_wrong=0
  mpx-135 acc: trials=210840000 accuracy=0.9601
  mpx-135 traj: trials=210960000 wall=298950s knowledge=0.7130 reliable=374 spec=8.02 pop=2080
  mpx-135 cover: trials=210960000 overall=0.7130 a0_nochange=0.0000 a0_change=0.8597 a1_nochange=1.0000 a1_change=0.9927 matched_but_wrong=0
  mpx-135 acc: trials=210960000 accuracy=0.9461
  mpx-135 traj: trials=211080000 wall=299018s knowledge=0.7135 reliable=374 spec=8.05 pop=1962
  mpx-135 cover: trials=211080000 overall=0.7135 a0_nochange=0.0000 a0_change=0.8617 a1_nochange=1.0000 a1_change=0.9927 matched_but_wrong=0
  mpx-135 acc: trials=211080000 accuracy=0.9558
  mpx-135 traj: trials=211200000 wall=299110s knowledge=0.7139 reliable=378 spec=8.06 pop=1928
  mpx-135 cover: trials=211200000 overall=0.7139 a0_nochange=0.0000 a0_change=0.8632 a1_nochange=1.0000 a1_change=0.9927 matched_but_wrong=0
  mpx-135 acc: trials=211200000 accuracy=0.9499
  mpx-135 traj: trials=211320000 wall=299196s knowledge=0.7141 reliable=376 spec=8.05 pop=2044
  mpx-135 cover: trials=211320000 overall=0.7141 a0_nochange=0.0000 a0_change=0.8642 a1_nochange=1.0000 a1_change=0.9927 matched_but_wrong=0
  mpx-135 acc: trials=211320000 accuracy=0.9453
  mpx-135 traj: trials=211440000 wall=299327s knowledge=0.7142 reliable=374 spec=8.05 pop=2043
  mpx-135 cover: trials=211440000 overall=0.7142 a0_nochange=0.0000 a0_change=0.8646 a1_nochange=1.0000 a1_change=0.9927 matched_but_wrong=0
  mpx-135 acc: trials=211440000 accuracy=0.9591
  mpx-135 traj: trials=211560000 wall=299495s knowledge=0.7155 reliable=379 spec=8.04 pop=2798
  mpx-135 cover: trials=211560000 overall=0.7155 a0_nochange=0.0000 a0_change=0.8660 a1_nochange=1.0000 a1_change=0.9963 matched_but_wrong=0
  mpx-135 acc: trials=211560000 accuracy=0.9588
  mpx-135 traj: trials=211680000 wall=299565s knowledge=0.7148 reliable=376 spec=8.02 pop=2198
  mpx-135 cover: trials=211680000 overall=0.7148 a0_nochange=0.0000 a0_change=0.8631 a1_nochange=1.0000 a1_change=0.9963 matched_but_wrong=0
  mpx-135 acc: trials=211680000 accuracy=0.9464
  mpx-135 traj: trials=211800000 wall=299643s knowledge=0.7157 reliable=377 spec=8.01 pop=1941
  mpx-135 cover: trials=211800000 overall=0.7157 a0_nochange=0.0000 a0_change=0.8667 a1_nochange=1.0000 a1_change=0.9966 matched_but_wrong=0
  mpx-135 acc: trials=211800000 accuracy=0.9469
  mpx-135 traj: trials=211920000 wall=299726s knowledge=0.7140 reliable=375 spec=8.02 pop=2080
  mpx-135 cover: trials=211920000 overall=0.7140 a0_nochange=0.0000 a0_change=0.8597 a1_nochange=1.0000 a1_change=0.9966 matched_but_wrong=0
  mpx-135 acc: trials=211920000 accuracy=0.9579
  mpx-135 traj: trials=212040000 wall=299946s knowledge=0.7140 reliable=379 spec=8.02 pop=2112
  mpx-135 cover: trials=212040000 overall=0.7140 a0_nochange=0.0000 a0_change=0.8598 a1_nochange=1.0000 a1_change=0.9966 matched_but_wrong=0
  mpx-135 acc: trials=212040000 accuracy=0.9498
  mpx-135 traj: trials=212160000 wall=300037s knowledge=0.7156 reliable=380 spec=8.03 pop=2123
  mpx-135 cover: trials=212160000 overall=0.7156 a0_nochange=0.0000 a0_change=0.8663 a1_nochange=1.0000 a1_change=0.9966 matched_but_wrong=0
  mpx-135 acc: trials=212160000 accuracy=0.9616
  mpx-135 traj: trials=212280000 wall=300143s knowledge=0.7158 reliable=386 spec=8.02 pop=2173
  mpx-135 cover: trials=212280000 overall=0.7158 a0_nochange=0.0000 a0_change=0.8668 a1_nochange=1.0000 a1_change=0.9966 matched_but_wrong=0
  mpx-135 acc: trials=212280000 accuracy=0.9497
  mpx-135 traj: trials=212400000 wall=300293s knowledge=0.7139 reliable=373 spec=8.02 pop=2622
  mpx-135 cover: trials=212400000 overall=0.7139 a0_nochange=0.0000 a0_change=0.8632 a1_nochange=1.0000 a1_change=0.9927 matched_but_wrong=0
  mpx-135 acc: trials=212400000 accuracy=0.9566
  mpx-135 traj: trials=212520000 wall=300437s knowledge=0.7164 reliable=380 spec=8.03 pop=2023
  mpx-135 cover: trials=212520000 overall=0.7164 a0_nochange=0.0000 a0_change=0.8730 a1_nochange=1.0000 a1_change=0.9927 matched_but_wrong=0
  mpx-135 acc: trials=212520000 accuracy=0.9576
  mpx-135 traj: trials=212640000 wall=300546s knowledge=0.7146 reliable=378 spec=8.02 pop=2281
  mpx-135 cover: trials=212640000 overall=0.7146 a0_nochange=0.0000 a0_change=0.8660 a1_nochange=1.0000 a1_change=0.9927 matched_but_wrong=0
  mpx-135 acc: trials=212640000 accuracy=0.9588
  mpx-135 traj: trials=212760000 wall=300639s knowledge=0.7144 reliable=373 spec=8.01 pop=2047
  mpx-135 cover: trials=212760000 overall=0.7144 a0_nochange=0.0000 a0_change=0.8653 a1_nochange=1.0000 a1_change=0.9927 matched_but_wrong=0
  mpx-135 acc: trials=212760000 accuracy=0.9636
  mpx-135 traj: trials=212880000 wall=300756s knowledge=0.7139 reliable=373 spec=8.00 pop=3143
  mpx-135 cover: trials=212880000 overall=0.7139 a0_nochange=0.0000 a0_change=0.8631 a1_nochange=1.0000 a1_change=0.9927 matched_but_wrong=0
  mpx-135 acc: trials=212880000 accuracy=0.9561
  mpx-135 traj: trials=213000000 wall=300852s knowledge=0.7145 reliable=376 spec=8.01 pop=2041
  mpx-135 cover: trials=213000000 overall=0.7145 a0_nochange=0.0000 a0_change=0.8655 a1_nochange=1.0000 a1_change=0.9927 matched_but_wrong=0
  mpx-135 acc: trials=213000000 accuracy=0.9491
  mpx-135 traj: trials=213120000 wall=300975s knowledge=0.7144 reliable=378 spec=8.01 pop=2002
  mpx-135 cover: trials=213120000 overall=0.7144 a0_nochange=0.0000 a0_change=0.8650 a1_nochange=1.0000 a1_change=0.9927 matched_but_wrong=0
  mpx-135 acc: trials=213120000 accuracy=0.9522
  mpx-135 traj: trials=213240000 wall=301092s knowledge=0.7137 reliable=377 spec=8.02 pop=2056
  mpx-135 cover: trials=213240000 overall=0.7137 a0_nochange=0.0000 a0_change=0.8623 a1_nochange=1.0000 a1_change=0.9927 matched_but_wrong=0
  mpx-135 acc: trials=213240000 accuracy=0.9631
  mpx-135 traj: trials=213360000 wall=301176s knowledge=0.7146 reliable=379 spec=8.02 pop=1912
  mpx-135 cover: trials=213360000 overall=0.7146 a0_nochange=0.0000 a0_change=0.8623 a1_nochange=1.0000 a1_change=0.9963 matched_but_wrong=0
  mpx-135 acc: trials=213360000 accuracy=0.9503
  mpx-135 traj: trials=213480000 wall=301274s knowledge=0.7138 reliable=376 spec=8.03 pop=2448
  mpx-135 cover: trials=213480000 overall=0.7138 a0_nochange=0.0000 a0_change=0.8629 a1_nochange=1.0000 a1_change=0.9927 matched_but_wrong=0
  mpx-135 acc: trials=213480000 accuracy=0.9559
  mpx-135 traj: trials=213600000 wall=301391s knowledge=0.7137 reliable=378 spec=8.03 pop=2604
  mpx-135 cover: trials=213600000 overall=0.7137 a0_nochange=0.0000 a0_change=0.8624 a1_nochange=1.0000 a1_change=0.9927 matched_but_wrong=0
  mpx-135 acc: trials=213600000 accuracy=0.9451
  mpx-135 traj: trials=213720000 wall=301855s knowledge=0.7157 reliable=378 spec=8.03 pop=2141
  mpx-135 cover: trials=213720000 overall=0.7157 a0_nochange=0.0000 a0_change=0.8698 a1_nochange=1.0000 a1_change=0.9932 matched_but_wrong=0
  mpx-135 acc: trials=213720000 accuracy=0.9632
  mpx-135 traj: trials=213840000 wall=301926s knowledge=0.7138 reliable=375 spec=8.03 pop=1941
  mpx-135 cover: trials=213840000 overall=0.7138 a0_nochange=0.0000 a0_change=0.8622 a1_nochange=1.0000 a1_change=0.9932 matched_but_wrong=0
  mpx-135 acc: trials=213840000 accuracy=0.9459
  mpx-135 traj: trials=213960000 wall=302006s knowledge=0.7137 reliable=377 spec=8.02 pop=1899
  mpx-135 cover: trials=213960000 overall=0.7137 a0_nochange=0.0000 a0_change=0.8613 a1_nochange=1.0000 a1_change=0.9938 matched_but_wrong=0
  mpx-135 acc: trials=213960000 accuracy=0.9591
  mpx-135 traj: trials=214080000 wall=302079s knowledge=0.7133 reliable=380 spec=8.03 pop=2011
  mpx-135 cover: trials=214080000 overall=0.7133 a0_nochange=0.0000 a0_change=0.8605 a1_nochange=1.0000 a1_change=0.9932 matched_but_wrong=0
  mpx-135 acc: trials=214080000 accuracy=0.9547
  mpx-135 traj: trials=214200000 wall=302174s knowledge=0.7144 reliable=380 spec=8.04 pop=2053
  mpx-135 cover: trials=214200000 overall=0.7144 a0_nochange=0.0000 a0_change=0.8634 a1_nochange=1.0000 a1_change=0.9946 matched_but_wrong=0
  mpx-135 acc: trials=214200000 accuracy=0.9506
  mpx-135 traj: trials=214320000 wall=302254s knowledge=0.7149 reliable=381 spec=8.03 pop=2038
  mpx-135 cover: trials=214320000 overall=0.7149 a0_nochange=0.0000 a0_change=0.8648 a1_nochange=1.0000 a1_change=0.9950 matched_but_wrong=0
  mpx-135 acc: trials=214320000 accuracy=0.9564
  mpx-135 traj: trials=214440000 wall=302502s knowledge=0.7142 reliable=377 spec=8.02 pop=3510
  mpx-135 cover: trials=214440000 overall=0.7142 a0_nochange=0.0000 a0_change=0.8643 a1_nochange=1.0000 a1_change=0.9927 matched_but_wrong=0
  mpx-135 acc: trials=214440000 accuracy=0.9537
  mpx-135 traj: trials=214560000 wall=302650s knowledge=0.7146 reliable=376 spec=8.03 pop=2242
  mpx-135 cover: trials=214560000 overall=0.7146 a0_nochange=0.0000 a0_change=0.8658 a1_nochange=1.0000 a1_change=0.9927 matched_but_wrong=0
  mpx-135 acc: trials=214560000 accuracy=0.9540
  mpx-135 traj: trials=214680000 wall=302733s knowledge=0.7144 reliable=376 spec=8.03 pop=2047
  mpx-135 cover: trials=214680000 overall=0.7144 a0_nochange=0.0000 a0_change=0.8616 a1_nochange=1.0000 a1_change=0.9963 matched_but_wrong=0
  mpx-135 acc: trials=214680000 accuracy=0.9575
  mpx-135 traj: trials=214800000 wall=302857s knowledge=0.7150 reliable=375 spec=8.03 pop=2046
  mpx-135 cover: trials=214800000 overall=0.7150 a0_nochange=0.0000 a0_change=0.8638 a1_nochange=1.0000 a1_change=0.9963 matched_but_wrong=0
  mpx-135 acc: trials=214800000 accuracy=0.9432
  mpx-135 traj: trials=214920000 wall=302948s knowledge=0.7143 reliable=375 spec=8.04 pop=1972
  mpx-135 cover: trials=214920000 overall=0.7143 a0_nochange=0.0000 a0_change=0.8614 a1_nochange=1.0000 a1_change=0.9963 matched_but_wrong=0
  mpx-135 acc: trials=214920000 accuracy=0.9594
  mpx-135 traj: trials=215040000 wall=303043s knowledge=0.7156 reliable=374 spec=8.03 pop=2237
  mpx-135 cover: trials=215040000 overall=0.7156 a0_nochange=0.0000 a0_change=0.8663 a1_nochange=1.0000 a1_change=0.9963 matched_but_wrong=0
  mpx-135 acc: trials=215040000 accuracy=0.9512
  mpx-135 traj: trials=215160000 wall=303115s knowledge=0.7147 reliable=372 spec=8.00 pop=2016
  mpx-135 cover: trials=215160000 overall=0.7147 a0_nochange=0.0000 a0_change=0.8627 a1_nochange=1.0000 a1_change=0.9963 matched_but_wrong=0
  mpx-135 acc: trials=215160000 accuracy=0.9629
  mpx-135 traj: trials=215280000 wall=303259s knowledge=0.7152 reliable=373 spec=8.00 pop=2253
  mpx-135 cover: trials=215280000 overall=0.7152 a0_nochange=0.0000 a0_change=0.8647 a1_nochange=1.0000 a1_change=0.9963 matched_but_wrong=0
  mpx-135 acc: trials=215280000 accuracy=0.9570
  mpx-135 traj: trials=215400000 wall=303364s knowledge=0.7156 reliable=376 spec=8.00 pop=2052
  mpx-135 cover: trials=215400000 overall=0.7156 a0_nochange=0.0000 a0_change=0.8664 a1_nochange=1.0000 a1_change=0.9963 matched_but_wrong=0
  mpx-135 acc: trials=215400000 accuracy=0.9529
  mpx-135 traj: trials=215520000 wall=303498s knowledge=0.7161 reliable=373 spec=8.00 pop=3119
  mpx-135 cover: trials=215520000 overall=0.7161 a0_nochange=0.0000 a0_change=0.8664 a1_nochange=1.0000 a1_change=0.9984 matched_but_wrong=0
  mpx-135 acc: trials=215520000 accuracy=0.9616
  mpx-135 traj: trials=215640000 wall=303586s knowledge=0.7165 reliable=378 spec=8.02 pop=2238
  mpx-135 cover: trials=215640000 overall=0.7165 a0_nochange=0.0000 a0_change=0.8679 a1_nochange=1.0000 a1_change=0.9984 matched_but_wrong=0
  mpx-135 acc: trials=215640000 accuracy=0.9551
  mpx-135 traj: trials=215760000 wall=303673s knowledge=0.7174 reliable=382 spec=8.03 pop=2070
  mpx-135 cover: trials=215760000 overall=0.7174 a0_nochange=0.0000 a0_change=0.8737 a1_nochange=1.0000 a1_change=0.9962 matched_but_wrong=0
  mpx-135 acc: trials=215760000 accuracy=0.9599
  mpx-135 traj: trials=215880000 wall=303774s knowledge=0.7182 reliable=382 spec=8.05 pop=2284
  mpx-135 cover: trials=215880000 overall=0.7182 a0_nochange=0.0000 a0_change=0.8770 a1_nochange=1.0000 a1_change=0.9962 matched_but_wrong=0
  mpx-135 acc: trials=215880000 accuracy=0.9622
  mpx-135 traj: trials=216000000 wall=303960s knowledge=0.7176 reliable=384 spec=8.06 pop=2084
  mpx-135 cover: trials=216000000 overall=0.7176 a0_nochange=0.0000 a0_change=0.8731 a1_nochange=1.0000 a1_change=0.9974 matched_but_wrong=0
  mpx-135 acc: trials=216000000 accuracy=0.9626
  mpx-135 traj: trials=216120000 wall=304124s knowledge=0.7182 reliable=384 spec=8.05 pop=2766
  mpx-135 cover: trials=216120000 overall=0.7182 a0_nochange=0.0000 a0_change=0.8770 a1_nochange=1.0000 a1_change=0.9962 matched_but_wrong=0
  mpx-135 acc: trials=216120000 accuracy=0.9630
  mpx-135 traj: trials=216240000 wall=304267s knowledge=0.7184 reliable=382 spec=8.07 pop=2031
  mpx-135 cover: trials=216240000 overall=0.7184 a0_nochange=0.0000 a0_change=0.8777 a1_nochange=1.0000 a1_change=0.9962 matched_but_wrong=0
  mpx-135 acc: trials=216240000 accuracy=0.9583
  mpx-135 traj: trials=216360000 wall=304366s knowledge=0.7173 reliable=383 spec=8.05 pop=2102
  mpx-135 cover: trials=216360000 overall=0.7173 a0_nochange=0.0000 a0_change=0.8734 a1_nochange=1.0000 a1_change=0.9962 matched_but_wrong=0
  mpx-135 acc: trials=216360000 accuracy=0.9571
  mpx-135 traj: trials=216480000 wall=304752s knowledge=0.7163 reliable=378 spec=8.05 pop=2018
  mpx-135 cover: trials=216480000 overall=0.7163 a0_nochange=0.0000 a0_change=0.8692 a1_nochange=1.0000 a1_change=0.9964 matched_but_wrong=0
  mpx-135 acc: trials=216480000 accuracy=0.9501
  mpx-135 traj: trials=216600000 wall=304868s knowledge=0.7177 reliable=385 spec=8.04 pop=2141
  mpx-135 cover: trials=216600000 overall=0.7177 a0_nochange=0.0000 a0_change=0.8748 a1_nochange=1.0000 a1_change=0.9962 matched_but_wrong=0
  mpx-135 acc: trials=216600000 accuracy=0.9524
  mpx-135 traj: trials=216720000 wall=304969s knowledge=0.7172 reliable=386 spec=8.05 pop=1942
  mpx-135 cover: trials=216720000 overall=0.7172 a0_nochange=0.0000 a0_change=0.8750 a1_nochange=1.0000 a1_change=0.9943 matched_but_wrong=0
  mpx-135 acc: trials=216720000 accuracy=0.9559
  mpx-135 traj: trials=216840000 wall=305146s knowledge=0.7173 reliable=384 spec=8.06 pop=2455
  mpx-135 cover: trials=216840000 overall=0.7173 a0_nochange=0.0000 a0_change=0.8736 a1_nochange=1.0000 a1_change=0.9960 matched_but_wrong=0
  mpx-135 acc: trials=216840000 accuracy=0.9514
  mpx-135 traj: trials=216960000 wall=305226s knowledge=0.7165 reliable=375 spec=8.06 pop=1927
  mpx-135 cover: trials=216960000 overall=0.7165 a0_nochange=0.0000 a0_change=0.8702 a1_nochange=1.0000 a1_change=0.9960 matched_but_wrong=0
  mpx-135 acc: trials=216960000 accuracy=0.9601
  mpx-135 traj: trials=217080000 wall=305338s knowledge=0.7171 reliable=382 spec=8.07 pop=1904
  mpx-135 cover: trials=217080000 overall=0.7171 a0_nochange=0.0000 a0_change=0.8716 a1_nochange=1.0000 a1_change=0.9972 matched_but_wrong=0
  mpx-135 acc: trials=217080000 accuracy=0.9578
  mpx-135 traj: trials=217200000 wall=305519s knowledge=0.7158 reliable=386 spec=8.06 pop=1940
  mpx-135 cover: trials=217200000 overall=0.7158 a0_nochange=0.0000 a0_change=0.8713 a1_nochange=1.0000 a1_change=0.9922 matched_but_wrong=0
  mpx-135 acc: trials=217200000 accuracy=0.9552
  mpx-135 traj: trials=217320000 wall=305655s knowledge=0.7171 reliable=382 spec=8.05 pop=1982
  mpx-135 cover: trials=217320000 overall=0.7171 a0_nochange=0.0000 a0_change=0.8737 a1_nochange=1.0000 a1_change=0.9952 matched_but_wrong=0
  mpx-135 acc: trials=217320000 accuracy=0.9523
  mpx-135 traj: trials=217440000 wall=305874s knowledge=0.7183 reliable=384 spec=8.05 pop=2394
  mpx-135 cover: trials=217440000 overall=0.7183 a0_nochange=0.0000 a0_change=0.8793 a1_nochange=1.0000 a1_change=0.9942 matched_but_wrong=0
  mpx-135 acc: trials=217440000 accuracy=0.9626
  mpx-135 traj: trials=217560000 wall=305971s knowledge=0.7180 reliable=385 spec=8.05 pop=1946
  mpx-135 cover: trials=217560000 overall=0.7180 a0_nochange=0.0000 a0_change=0.8795 a1_nochange=1.0000 a1_change=0.9926 matched_but_wrong=0
  mpx-135 acc: trials=217560000 accuracy=0.9513
  mpx-135 traj: trials=217680000 wall=306143s knowledge=0.7182 reliable=382 spec=8.04 pop=1941
  mpx-135 cover: trials=217680000 overall=0.7182 a0_nochange=0.0000 a0_change=0.8810 a1_nochange=1.0000 a1_change=0.9922 matched_but_wrong=0
  mpx-135 acc: trials=217680000 accuracy=0.9618
  mpx-135 traj: trials=217800000 wall=306255s knowledge=0.7192 reliable=381 spec=8.03 pop=2008
  mpx-135 cover: trials=217800000 overall=0.7192 a0_nochange=0.0000 a0_change=0.8810 a1_nochange=1.0000 a1_change=0.9962 matched_but_wrong=0
  mpx-135 acc: trials=217800000 accuracy=0.9574
  mpx-135 traj: trials=217920000 wall=306459s knowledge=0.7190 reliable=382 spec=8.02 pop=1900
  mpx-135 cover: trials=217920000 overall=0.7190 a0_nochange=0.0000 a0_change=0.8800 a1_nochange=1.0000 a1_change=0.9962 matched_but_wrong=0
  mpx-135 acc: trials=217920000 accuracy=0.9597
  mpx-135 traj: trials=218040000 wall=306593s knowledge=0.7191 reliable=382 spec=8.03 pop=2071
  mpx-135 cover: trials=218040000 overall=0.7191 a0_nochange=0.0000 a0_change=0.8804 a1_nochange=1.0000 a1_change=0.9962 matched_but_wrong=0
  mpx-135 acc: trials=218040000 accuracy=0.9606
  mpx-135 traj: trials=218160000 wall=306781s knowledge=0.7171 reliable=378 spec=8.02 pop=3116
  mpx-135 cover: trials=218160000 overall=0.7171 a0_nochange=0.0000 a0_change=0.8727 a1_nochange=1.0000 a1_change=0.9962 matched_but_wrong=0
  mpx-135 acc: trials=218160000 accuracy=0.9586
  mpx-135 traj: trials=218280000 wall=306883s knowledge=0.7157 reliable=385 spec=8.03 pop=1872
  mpx-135 cover: trials=218280000 overall=0.7157 a0_nochange=0.0000 a0_change=0.8704 a1_nochange=1.0000 a1_change=0.9926 matched_but_wrong=0
  mpx-135 acc: trials=218280000 accuracy=0.9590
  mpx-135 traj: trials=218400000 wall=306959s knowledge=0.7160 reliable=380 spec=8.03 pop=1929
  mpx-135 cover: trials=218400000 overall=0.7160 a0_nochange=0.0000 a0_change=0.8704 a1_nochange=1.0000 a1_change=0.9941 matched_but_wrong=0
  mpx-135 acc: trials=218400000 accuracy=0.9561
  mpx-135 traj: trials=218520000 wall=307317s knowledge=0.7151 reliable=375 spec=8.02 pop=1912
  mpx-135 cover: trials=218520000 overall=0.7151 a0_nochange=0.0000 a0_change=0.8683 a1_nochange=1.0000 a1_change=0.9926 matched_but_wrong=0
  mpx-135 acc: trials=218520000 accuracy=0.9630
  mpx-135 traj: trials=218640000 wall=307416s knowledge=0.7150 reliable=375 spec=8.01 pop=2125
  mpx-135 cover: trials=218640000 overall=0.7150 a0_nochange=0.0000 a0_change=0.8683 a1_nochange=1.0000 a1_change=0.9922 matched_but_wrong=0
  mpx-135 acc: trials=218640000 accuracy=0.9579
  mpx-135 traj: trials=218760000 wall=307505s knowledge=0.7160 reliable=375 spec=8.01 pop=2006
  mpx-135 cover: trials=218760000 overall=0.7160 a0_nochange=0.0000 a0_change=0.8683 a1_nochange=1.0000 a1_change=0.9962 matched_but_wrong=0
  mpx-135 acc: trials=218760000 accuracy=0.9539
  mpx-135 traj: trials=218880000 wall=307591s knowledge=0.7160 reliable=373 spec=8.01 pop=2218
  mpx-135 cover: trials=218880000 overall=0.7160 a0_nochange=0.0000 a0_change=0.8683 a1_nochange=1.0000 a1_change=0.9962 matched_but_wrong=0
  mpx-135 acc: trials=218880000 accuracy=0.9529
  mpx-135 traj: trials=219000000 wall=307700s knowledge=0.7160 reliable=376 spec=8.01 pop=2100
  mpx-135 cover: trials=219000000 overall=0.7160 a0_nochange=0.0000 a0_change=0.8683 a1_nochange=1.0000 a1_change=0.9962 matched_but_wrong=0
  mpx-135 acc: trials=219000000 accuracy=0.9467
  mpx-135 traj: trials=219120000 wall=307769s knowledge=0.7160 reliable=376 spec=8.01 pop=2179
  mpx-135 cover: trials=219120000 overall=0.7160 a0_nochange=0.0000 a0_change=0.8683 a1_nochange=1.0000 a1_change=0.9962 matched_but_wrong=0
  mpx-135 acc: trials=219120000 accuracy=0.9618
  mpx-135 traj: trials=219240000 wall=307866s knowledge=0.7161 reliable=377 spec=8.02 pop=1904
  mpx-135 cover: trials=219240000 overall=0.7161 a0_nochange=0.0000 a0_change=0.8686 a1_nochange=1.0000 a1_change=0.9962 matched_but_wrong=0
  mpx-135 acc: trials=219240000 accuracy=0.9544
  mpx-135 traj: trials=219360000 wall=308330s knowledge=0.7166 reliable=378 spec=8.01 pop=2096
  mpx-135 cover: trials=219360000 overall=0.7166 a0_nochange=0.0000 a0_change=0.8703 a1_nochange=1.0000 a1_change=0.9962 matched_but_wrong=0
  mpx-135 acc: trials=219360000 accuracy=0.9539
  mpx-135 traj: trials=219480000 wall=308488s knowledge=0.7171 reliable=379 spec=8.02 pop=2585
  mpx-135 cover: trials=219480000 overall=0.7171 a0_nochange=0.0000 a0_change=0.8725 a1_nochange=1.0000 a1_change=0.9962 matched_but_wrong=0
  mpx-135 acc: trials=219480000 accuracy=0.9633
  mpx-135 traj: trials=219600000 wall=308558s knowledge=0.7162 reliable=375 spec=8.02 pop=1972
  mpx-135 cover: trials=219600000 overall=0.7162 a0_nochange=0.0000 a0_change=0.8689 a1_nochange=1.0000 a1_change=0.9962 matched_but_wrong=0
  mpx-135 acc: trials=219600000 accuracy=0.9529
  mpx-135 traj: trials=219720000 wall=308689s knowledge=0.7176 reliable=375 spec=8.02 pop=1940
  mpx-135 cover: trials=219720000 overall=0.7176 a0_nochange=0.0000 a0_change=0.8746 a1_nochange=1.0000 a1_change=0.9962 matched_but_wrong=0
  mpx-135 acc: trials=219720000 accuracy=0.9614
  mpx-135 traj: trials=219840000 wall=308797s knowledge=0.7185 reliable=381 spec=8.01 pop=2132
  mpx-135 cover: trials=219840000 overall=0.7185 a0_nochange=0.0000 a0_change=0.8781 a1_nochange=1.0000 a1_change=0.9962 matched_but_wrong=0
  mpx-135 acc: trials=219840000 accuracy=0.9610
  mpx-135 traj: trials=219960000 wall=308878s knowledge=0.7187 reliable=383 spec=8.01 pop=1977
  mpx-135 cover: trials=219960000 overall=0.7187 a0_nochange=0.0000 a0_change=0.8789 a1_nochange=1.0000 a1_change=0.9962 matched_but_wrong=0
  mpx-135 acc: trials=219960000 accuracy=0.9599
  mpx-135 traj: trials=220080000 wall=308947s knowledge=0.7179 reliable=380 spec=8.00 pop=2107
  mpx-135 cover: trials=220080000 overall=0.7179 a0_nochange=0.0000 a0_change=0.8758 a1_nochange=1.0000 a1_change=0.9962 matched_but_wrong=0
  mpx-135 acc: trials=220080000 accuracy=0.9598
  mpx-135 traj: trials=220200000 wall=309026s knowledge=0.7175 reliable=380 spec=8.00 pop=2084
  mpx-135 cover: trials=220200000 overall=0.7175 a0_nochange=0.0000 a0_change=0.8741 a1_nochange=1.0000 a1_change=0.9962 matched_but_wrong=0
  mpx-135 acc: trials=220200000 accuracy=0.9529
  mpx-135 traj: trials=220320000 wall=309140s knowledge=0.7165 reliable=373 spec=8.00 pop=2078
  mpx-135 cover: trials=220320000 overall=0.7165 a0_nochange=0.0000 a0_change=0.8741 a1_nochange=1.0000 a1_change=0.9922 matched_but_wrong=0
  mpx-135 acc: trials=220320000 accuracy=0.9506
  mpx-135 traj: trials=220440000 wall=309487s knowledge=0.7175 reliable=379 spec=8.01 pop=1946
  mpx-135 cover: trials=220440000 overall=0.7175 a0_nochange=0.0000 a0_change=0.8741 a1_nochange=1.0000 a1_change=0.9960 matched_but_wrong=0
  mpx-135 acc: trials=220440000 accuracy=0.9617
  mpx-135 traj: trials=220560000 wall=309941s knowledge=0.7183 reliable=378 spec=8.02 pop=2201
  mpx-135 cover: trials=220560000 overall=0.7183 a0_nochange=0.0000 a0_change=0.8773 a1_nochange=1.0000 a1_change=0.9960 matched_but_wrong=0
  mpx-135 acc: trials=220560000 accuracy=0.9565
  mpx-135 traj: trials=220680000 wall=310025s knowledge=0.7196 reliable=387 spec=8.03 pop=2064
  mpx-135 cover: trials=220680000 overall=0.7196 a0_nochange=0.0000 a0_change=0.8786 a1_nochange=1.0000 a1_change=1.0000 matched_but_wrong=0
  mpx-135 acc: trials=220680000 accuracy=0.9603
  mpx-135 traj: trials=220800000 wall=310318s knowledge=0.7192 reliable=382 spec=8.04 pop=2064
  mpx-135 cover: trials=220800000 overall=0.7192 a0_nochange=0.0000 a0_change=0.8770 a1_nochange=1.0000 a1_change=1.0000 matched_but_wrong=0
  mpx-135 acc: trials=220800000 accuracy=0.9592
  mpx-135 traj: trials=220920000 wall=310480s knowledge=0.7192 reliable=378 spec=8.03 pop=2290
  mpx-135 cover: trials=220920000 overall=0.7192 a0_nochange=0.0000 a0_change=0.8770 a1_nochange=1.0000 a1_change=1.0000 matched_but_wrong=0
  mpx-135 acc: trials=220920000 accuracy=0.9553
  mpx-135 traj: trials=221040000 wall=310566s knowledge=0.7198 reliable=385 spec=8.03 pop=2453
  mpx-135 cover: trials=221040000 overall=0.7198 a0_nochange=0.0000 a0_change=0.8794 a1_nochange=1.0000 a1_change=1.0000 matched_but_wrong=0
  mpx-135 acc: trials=221040000 accuracy=0.9596
  mpx-135 traj: trials=221160000 wall=310760s knowledge=0.7214 reliable=382 spec=8.04 pop=2100
  mpx-135 cover: trials=221160000 overall=0.7214 a0_nochange=0.0000 a0_change=0.8859 a1_nochange=1.0000 a1_change=1.0000 matched_but_wrong=2
  mpx-135 acc: trials=221160000 accuracy=0.9592
  mpx-135 traj: trials=221280000 wall=310835s knowledge=0.7204 reliable=382 spec=8.04 pop=2178
  mpx-135 cover: trials=221280000 overall=0.7204 a0_nochange=0.0000 a0_change=0.8818 a1_nochange=1.0000 a1_change=1.0000 matched_but_wrong=3
  mpx-135 acc: trials=221280000 accuracy=0.9641
  mpx-135 traj: trials=221400000 wall=311045s knowledge=0.7190 reliable=381 spec=8.05 pop=2092
  mpx-135 cover: trials=221400000 overall=0.7190 a0_nochange=0.0000 a0_change=0.8764 a1_nochange=1.0000 a1_change=1.0000 matched_but_wrong=0
  mpx-135 acc: trials=221400000 accuracy=0.9564
  mpx-135 traj: trials=221520000 wall=311151s knowledge=0.7203 reliable=389 spec=8.05 pop=2198
  mpx-135 cover: trials=221520000 overall=0.7203 a0_nochange=0.0000 a0_change=0.8815 a1_nochange=1.0000 a1_change=1.0000 matched_but_wrong=0
  mpx-135 acc: trials=221520000 accuracy=0.9660
  mpx-135 traj: trials=221640000 wall=311221s knowledge=0.7207 reliable=386 spec=8.08 pop=1939
  mpx-135 cover: trials=221640000 overall=0.7207 a0_nochange=0.0000 a0_change=0.8832 a1_nochange=1.0000 a1_change=1.0000 matched_but_wrong=2
  mpx-135 acc: trials=221640000 accuracy=0.9637
  mpx-135 traj: trials=221760000 wall=311355s knowledge=0.7203 reliable=383 spec=8.09 pop=2214
  mpx-135 cover: trials=221760000 overall=0.7203 a0_nochange=0.0000 a0_change=0.8816 a1_nochange=1.0000 a1_change=1.0000 matched_but_wrong=7
  mpx-135 acc: trials=221760000 accuracy=0.9591
  mpx-135 traj: trials=221880000 wall=311432s knowledge=0.7180 reliable=379 spec=8.03 pop=2337
  mpx-135 cover: trials=221880000 overall=0.7180 a0_nochange=0.0000 a0_change=0.8724 a1_nochange=1.0000 a1_change=1.0000 matched_but_wrong=0
  mpx-135 acc: trials=221880000 accuracy=0.9651
  mpx-135 traj: trials=222000000 wall=311507s knowledge=0.7192 reliable=380 spec=8.04 pop=2240
  mpx-135 cover: trials=222000000 overall=0.7192 a0_nochange=0.0000 a0_change=0.8772 a1_nochange=1.0000 a1_change=1.0000 matched_but_wrong=0
  mpx-135 acc: trials=222000000 accuracy=0.9641
  mpx-135 traj: trials=222120000 wall=311659s knowledge=0.7197 reliable=388 spec=8.07 pop=2103
  mpx-135 cover: trials=222120000 overall=0.7197 a0_nochange=0.0000 a0_change=0.8791 a1_nochange=1.0000 a1_change=1.0000 matched_but_wrong=0
  mpx-135 acc: trials=222120000 accuracy=0.9591
  mpx-135 traj: trials=222240000 wall=311734s knowledge=0.7206 reliable=379 spec=8.06 pop=2206
  mpx-135 cover: trials=222240000 overall=0.7206 a0_nochange=0.0000 a0_change=0.8826 a1_nochange=1.0000 a1_change=1.0000 matched_but_wrong=0
  mpx-135 acc: trials=222240000 accuracy=0.9517
  mpx-135 traj: trials=222360000 wall=311806s knowledge=0.7203 reliable=386 spec=8.05 pop=1964
  mpx-135 cover: trials=222360000 overall=0.7203 a0_nochange=0.0000 a0_change=0.8815 a1_nochange=1.0000 a1_change=1.0000 matched_but_wrong=0
  mpx-135 acc: trials=222360000 accuracy=0.9521
  mpx-135 traj: trials=222480000 wall=311940s knowledge=0.7206 reliable=385 spec=8.05 pop=2497
  mpx-135 cover: trials=222480000 overall=0.7206 a0_nochange=0.0000 a0_change=0.8827 a1_nochange=1.0000 a1_change=1.0000 matched_but_wrong=0
  mpx-135 acc: trials=222480000 accuracy=0.9625
  mpx-135 traj: trials=222600000 wall=312009s knowledge=0.7205 reliable=382 spec=8.04 pop=1925
  mpx-135 cover: trials=222600000 overall=0.7205 a0_nochange=0.0000 a0_change=0.8823 a1_nochange=1.0000 a1_change=1.0000 matched_but_wrong=0
  mpx-135 acc: trials=222600000 accuracy=0.9569
  mpx-135 traj: trials=222720000 wall=312078s knowledge=0.7190 reliable=380 spec=8.04 pop=1912
  mpx-135 cover: trials=222720000 overall=0.7190 a0_nochange=0.0000 a0_change=0.8764 a1_nochange=1.0000 a1_change=1.0000 matched_but_wrong=0
  mpx-135 acc: trials=222720000 accuracy=0.9730
  mpx-135 traj: trials=222840000 wall=312183s knowledge=0.7182 reliable=380 spec=8.04 pop=1879
  mpx-135 cover: trials=222840000 overall=0.7182 a0_nochange=0.0000 a0_change=0.8730 a1_nochange=1.0000 a1_change=1.0000 matched_but_wrong=0
  mpx-135 acc: trials=222840000 accuracy=0.9649
  mpx-135 traj: trials=222960000 wall=312395s knowledge=0.7178 reliable=384 spec=8.04 pop=2002
  mpx-135 cover: trials=222960000 overall=0.7178 a0_nochange=0.0000 a0_change=0.8714 a1_nochange=1.0000 a1_change=1.0000 matched_but_wrong=0
  mpx-135 acc: trials=222960000 accuracy=0.9569
  mpx-135 traj: trials=223080000 wall=312500s knowledge=0.7176 reliable=379 spec=8.02 pop=2107
  mpx-135 cover: trials=223080000 overall=0.7176 a0_nochange=0.0000 a0_change=0.8709 a1_nochange=1.0000 a1_change=1.0000 matched_but_wrong=0
  mpx-135 acc: trials=223080000 accuracy=0.9452
  mpx-135 traj: trials=223200000 wall=312601s knowledge=0.7178 reliable=387 spec=8.03 pop=2067
  mpx-135 cover: trials=223200000 overall=0.7178 a0_nochange=0.0000 a0_change=0.8715 a1_nochange=1.0000 a1_change=1.0000 matched_but_wrong=0
  mpx-135 acc: trials=223200000 accuracy=0.9569
  mpx-135 traj: trials=223320000 wall=312719s knowledge=0.7181 reliable=382 spec=8.04 pop=2185
  mpx-135 cover: trials=223320000 overall=0.7181 a0_nochange=0.0000 a0_change=0.8727 a1_nochange=1.0000 a1_change=1.0000 matched_but_wrong=0
  mpx-135 acc: trials=223320000 accuracy=0.9549
  mpx-135 traj: trials=223440000 wall=312808s knowledge=0.7189 reliable=382 spec=8.04 pop=1948
  mpx-135 cover: trials=223440000 overall=0.7189 a0_nochange=0.0000 a0_change=0.8760 a1_nochange=1.0000 a1_change=1.0000 matched_but_wrong=0
  mpx-135 acc: trials=223440000 accuracy=0.9557
  mpx-135 traj: trials=223560000 wall=312928s knowledge=0.7183 reliable=386 spec=8.04 pop=2467
  mpx-135 cover: trials=223560000 overall=0.7183 a0_nochange=0.0000 a0_change=0.8737 a1_nochange=1.0000 a1_change=1.0000 matched_but_wrong=0
  mpx-135 acc: trials=223560000 accuracy=0.9611
  mpx-135 traj: trials=223680000 wall=313022s knowledge=0.7190 reliable=384 spec=8.04 pop=1955
  mpx-135 cover: trials=223680000 overall=0.7190 a0_nochange=0.0000 a0_change=0.8765 a1_nochange=1.0000 a1_change=1.0000 matched_but_wrong=0
  mpx-135 acc: trials=223680000 accuracy=0.9562
  mpx-135 traj: trials=223800000 wall=313162s knowledge=0.7188 reliable=381 spec=8.04 pop=1882
  mpx-135 cover: trials=223800000 overall=0.7188 a0_nochange=0.0000 a0_change=0.8756 a1_nochange=1.0000 a1_change=1.0000 matched_but_wrong=0
  mpx-135 acc: trials=223800000 accuracy=0.9579
  mpx-135 traj: trials=223920000 wall=313285s knowledge=0.7184 reliable=384 spec=8.03 pop=2023
  mpx-135 cover: trials=223920000 overall=0.7184 a0_nochange=0.0000 a0_change=0.8740 a1_nochange=1.0000 a1_change=1.0000 matched_but_wrong=0
  mpx-135 acc: trials=223920000 accuracy=0.9544
  mpx-135 traj: trials=224040000 wall=313397s knowledge=0.7179 reliable=379 spec=8.02 pop=2223
  mpx-135 cover: trials=224040000 overall=0.7179 a0_nochange=0.0000 a0_change=0.8720 a1_nochange=1.0000 a1_change=1.0000 matched_but_wrong=0
  mpx-135 acc: trials=224040000 accuracy=0.9605
  mpx-135 traj: trials=224160000 wall=313496s knowledge=0.7179 reliable=380 spec=8.02 pop=1915
  mpx-135 cover: trials=224160000 overall=0.7179 a0_nochange=0.0000 a0_change=0.8720 a1_nochange=1.0000 a1_change=1.0000 matched_but_wrong=0
  mpx-135 acc: trials=224160000 accuracy=0.9526
  mpx-135 traj: trials=224280000 wall=313594s knowledge=0.7188 reliable=387 spec=8.05 pop=2671
  mpx-135 cover: trials=224280000 overall=0.7188 a0_nochange=0.0000 a0_change=0.8756 a1_nochange=1.0000 a1_change=1.0000 matched_but_wrong=0
  mpx-135 acc: trials=224280000 accuracy=0.9637
  mpx-135 traj: trials=224400000 wall=313770s knowledge=0.7202 reliable=390 spec=8.06 pop=2210
  mpx-135 cover: trials=224400000 overall=0.7202 a0_nochange=0.0000 a0_change=0.8813 a1_nochange=1.0000 a1_change=1.0000 matched_but_wrong=0
  mpx-135 acc: trials=224400000 accuracy=0.9652
  mpx-135 traj: trials=224520000 wall=313960s knowledge=0.7207 reliable=384 spec=8.05 pop=2129
  mpx-135 cover: trials=224520000 overall=0.7207 a0_nochange=0.0000 a0_change=0.8833 a1_nochange=1.0000 a1_change=1.0000 matched_but_wrong=0
  mpx-135 acc: trials=224520000 accuracy=0.9621
  mpx-135 traj: trials=224640000 wall=314133s knowledge=0.7205 reliable=384 spec=8.05 pop=2388
  mpx-135 cover: trials=224640000 overall=0.7205 a0_nochange=0.0000 a0_change=0.8822 a1_nochange=1.0000 a1_change=1.0000 matched_but_wrong=0
  mpx-135 acc: trials=224640000 accuracy=0.9609
  mpx-135 traj: trials=224760000 wall=314211s knowledge=0.7214 reliable=383 spec=8.05 pop=2328
  mpx-135 cover: trials=224760000 overall=0.7214 a0_nochange=0.0000 a0_change=0.8860 a1_nochange=1.0000 a1_change=1.0000 matched_but_wrong=0
  mpx-135 acc: trials=224760000 accuracy=0.9591
  mpx-135 traj: trials=224880000 wall=314372s knowledge=0.7219 reliable=381 spec=8.04 pop=1956
  mpx-135 cover: trials=224880000 overall=0.7219 a0_nochange=0.0000 a0_change=0.8878 a1_nochange=1.0000 a1_change=1.0000 matched_but_wrong=0
  mpx-135 acc: trials=224880000 accuracy=0.9557
  mpx-135 traj: trials=225000000 wall=314586s knowledge=0.7210 reliable=380 spec=8.03 pop=2134
  mpx-135 cover: trials=225000000 overall=0.7210 a0_nochange=0.0000 a0_change=0.8845 a1_nochange=1.0000 a1_change=1.0000 matched_but_wrong=0
  mpx-135 acc: trials=225000000 accuracy=0.9640
  mpx-135 traj: trials=225120000 wall=314692s knowledge=0.7213 reliable=378 spec=8.03 pop=2184
  mpx-135 cover: trials=225120000 overall=0.7213 a0_nochange=0.0000 a0_change=0.8854 a1_nochange=1.0000 a1_change=1.0000 matched_but_wrong=0
  mpx-135 acc: trials=225120000 accuracy=0.9642
  mpx-135 traj: trials=225240000 wall=314820s knowledge=0.7208 reliable=376 spec=8.02 pop=1972
  mpx-135 cover: trials=225240000 overall=0.7208 a0_nochange=0.0000 a0_change=0.8837 a1_nochange=1.0000 a1_change=1.0000 matched_but_wrong=0
  mpx-135 acc: trials=225240000 accuracy=0.9574
  mpx-135 traj: trials=225360000 wall=315040s knowledge=0.7208 reliable=379 spec=8.02 pop=2020
  mpx-135 cover: trials=225360000 overall=0.7208 a0_nochange=0.0000 a0_change=0.8837 a1_nochange=1.0000 a1_change=1.0000 matched_but_wrong=0
  mpx-135 acc: trials=225360000 accuracy=0.9723
  mpx-135 traj: trials=225480000 wall=315125s knowledge=0.7215 reliable=384 spec=8.04 pop=2114
  mpx-135 cover: trials=225480000 overall=0.7215 a0_nochange=0.0000 a0_change=0.8862 a1_nochange=1.0000 a1_change=1.0000 matched_but_wrong=0
  mpx-135 acc: trials=225480000 accuracy=0.9592
  mpx-135 traj: trials=225600000 wall=315314s knowledge=0.7213 reliable=379 spec=8.03 pop=1981
  mpx-135 cover: trials=225600000 overall=0.7213 a0_nochange=0.0000 a0_change=0.8856 a1_nochange=1.0000 a1_change=1.0000 matched_but_wrong=0
  mpx-135 acc: trials=225600000 accuracy=0.9683
  mpx-135 traj: trials=225720000 wall=315512s knowledge=0.7214 reliable=386 spec=8.04 pop=2645
  mpx-135 cover: trials=225720000 overall=0.7214 a0_nochange=0.0000 a0_change=0.8861 a1_nochange=1.0000 a1_change=1.0000 matched_but_wrong=0
  mpx-135 acc: trials=225720000 accuracy=0.9638
  mpx-135 traj: trials=225840000 wall=315578s knowledge=0.7215 reliable=384 spec=8.04 pop=1882
  mpx-135 cover: trials=225840000 overall=0.7215 a0_nochange=0.0000 a0_change=0.8864 a1_nochange=1.0000 a1_change=1.0000 matched_but_wrong=0
  mpx-135 acc: trials=225840000 accuracy=0.9602
  mpx-135 traj: trials=225960000 wall=315734s knowledge=0.7215 reliable=384 spec=8.01 pop=2036
  mpx-135 cover: trials=225960000 overall=0.7215 a0_nochange=0.0000 a0_change=0.8862 a1_nochange=1.0000 a1_change=1.0000 matched_but_wrong=0
  mpx-135 acc: trials=225960000 accuracy=0.9570
  mpx-135 traj: trials=226080000 wall=315839s knowledge=0.7216 reliable=378 spec=8.02 pop=1925
  mpx-135 cover: trials=226080000 overall=0.7216 a0_nochange=0.0000 a0_change=0.8868 a1_nochange=1.0000 a1_change=1.0000 matched_but_wrong=0
  mpx-135 acc: trials=226080000 accuracy=0.9702
  mpx-135 traj: trials=226200000 wall=315910s knowledge=0.7210 reliable=379 spec=8.01 pop=1970
  mpx-135 cover: trials=226200000 overall=0.7210 a0_nochange=0.0000 a0_change=0.8844 a1_nochange=1.0000 a1_change=1.0000 matched_but_wrong=0
  mpx-135 acc: trials=226200000 accuracy=0.9563
  mpx-135 traj: trials=226320000 wall=315988s knowledge=0.7221 reliable=382 spec=8.01 pop=2168
  mpx-135 cover: trials=226320000 overall=0.7221 a0_nochange=0.0000 a0_change=0.8888 a1_nochange=1.0000 a1_change=1.0000 matched_but_wrong=0
  mpx-135 acc: trials=226320000 accuracy=0.9691
  mpx-135 traj: trials=226440000 wall=316077s knowledge=0.7211 reliable=376 spec=8.01 pop=1980
  mpx-135 cover: trials=226440000 overall=0.7211 a0_nochange=0.0000 a0_change=0.8849 a1_nochange=1.0000 a1_change=1.0000 matched_but_wrong=0
  mpx-135 acc: trials=226440000 accuracy=0.9628
  mpx-135 traj: trials=226560000 wall=316239s knowledge=0.7212 reliable=377 spec=8.01 pop=1955
  mpx-135 cover: trials=226560000 overall=0.7212 a0_nochange=0.0000 a0_change=0.8852 a1_nochange=1.0000 a1_change=1.0000 matched_but_wrong=0
  mpx-135 acc: trials=226560000 accuracy=0.9691
  mpx-135 traj: trials=226680000 wall=316438s knowledge=0.7209 reliable=374 spec=8.01 pop=2801
  mpx-135 cover: trials=226680000 overall=0.7209 a0_nochange=0.0000 a0_change=0.8841 a1_nochange=1.0000 a1_change=1.0000 matched_but_wrong=0
  mpx-135 acc: trials=226680000 accuracy=0.9617
  mpx-135 traj: trials=226800000 wall=316519s knowledge=0.7211 reliable=379 spec=8.02 pop=1817
  mpx-135 cover: trials=226800000 overall=0.7211 a0_nochange=0.0000 a0_change=0.8848 a1_nochange=1.0000 a1_change=1.0000 matched_but_wrong=0
  mpx-135 acc: trials=226800000 accuracy=0.9605
  mpx-135 traj: trials=226920000 wall=316739s knowledge=0.7221 reliable=377 spec=8.02 pop=1794
  mpx-135 cover: trials=226920000 overall=0.7221 a0_nochange=0.0000 a0_change=0.8887 a1_nochange=1.0000 a1_change=1.0000 matched_but_wrong=0
  mpx-135 acc: trials=226920000 accuracy=0.9649
  mpx-135 traj: trials=227040000 wall=316872s knowledge=0.7221 reliable=378 spec=8.02 pop=2002
  mpx-135 cover: trials=227040000 overall=0.7221 a0_nochange=0.0000 a0_change=0.8887 a1_nochange=1.0000 a1_change=1.0000 matched_but_wrong=0
  mpx-135 acc: trials=227040000 accuracy=0.9652
  mpx-135 traj: trials=227160000 wall=316989s knowledge=0.7227 reliable=383 spec=8.03 pop=1954
  mpx-135 cover: trials=227160000 overall=0.7227 a0_nochange=0.0000 a0_change=0.8910 a1_nochange=1.0000 a1_change=1.0000 matched_but_wrong=0
  mpx-135 acc: trials=227160000 accuracy=0.9673
  mpx-135 traj: trials=227280000 wall=317132s knowledge=0.7231 reliable=380 spec=8.02 pop=1866
  mpx-135 cover: trials=227280000 overall=0.7231 a0_nochange=0.0000 a0_change=0.8929 a1_nochange=1.0000 a1_change=1.0000 matched_but_wrong=0
  mpx-135 acc: trials=227280000 accuracy=0.9632
  mpx-135 traj: trials=227400000 wall=317232s knowledge=0.7221 reliable=377 spec=8.01 pop=2714
  mpx-135 cover: trials=227400000 overall=0.7221 a0_nochange=0.0000 a0_change=0.8887 a1_nochange=1.0000 a1_change=1.0000 matched_but_wrong=0
  mpx-135 acc: trials=227400000 accuracy=0.9770
  mpx-135 traj: trials=227520000 wall=317333s knowledge=0.7234 reliable=378 spec=8.02 pop=2133
  mpx-135 cover: trials=227520000 overall=0.7234 a0_nochange=0.0000 a0_change=0.8939 a1_nochange=1.0000 a1_change=1.0000 matched_but_wrong=0
  mpx-135 acc: trials=227520000 accuracy=0.9641
  mpx-135 traj: trials=227640000 wall=317683s knowledge=0.7232 reliable=375 spec=8.01 pop=1923
  mpx-135 cover: trials=227640000 overall=0.7232 a0_nochange=0.0000 a0_change=0.8930 a1_nochange=1.0000 a1_change=1.0000 matched_but_wrong=0
  mpx-135 acc: trials=227640000 accuracy=0.9600
  mpx-135 traj: trials=227760000 wall=317827s knowledge=0.7234 reliable=381 spec=8.01 pop=2034
  mpx-135 cover: trials=227760000 overall=0.7234 a0_nochange=0.0000 a0_change=0.8940 a1_nochange=1.0000 a1_change=1.0000 matched_but_wrong=0
  mpx-135 acc: trials=227760000 accuracy=0.9636
  mpx-135 traj: trials=227880000 wall=317979s knowledge=0.7230 reliable=379 spec=8.01 pop=2064
  mpx-135 cover: trials=227880000 overall=0.7230 a0_nochange=0.0000 a0_change=0.8924 a1_nochange=1.0000 a1_change=1.0000 matched_but_wrong=0
  mpx-135 acc: trials=227880000 accuracy=0.9683
  mpx-135 traj: trials=228000000 wall=318323s knowledge=0.7230 reliable=380 spec=8.01 pop=2005
  mpx-135 cover: trials=228000000 overall=0.7230 a0_nochange=0.0000 a0_change=0.8924 a1_nochange=1.0000 a1_change=1.0000 matched_but_wrong=0
  mpx-135 acc: trials=228000000 accuracy=0.9610
  mpx-135 traj: trials=228120000 wall=318414s knowledge=0.7234 reliable=380 spec=8.02 pop=1925
  mpx-135 cover: trials=228120000 overall=0.7234 a0_nochange=0.0000 a0_change=0.8939 a1_nochange=1.0000 a1_change=1.0000 matched_but_wrong=0
  mpx-135 acc: trials=228120000 accuracy=0.9695
  mpx-135 traj: trials=228240000 wall=318732s knowledge=0.7229 reliable=378 spec=8.02 pop=2296
  mpx-135 cover: trials=228240000 overall=0.7229 a0_nochange=0.0000 a0_change=0.8920 a1_nochange=1.0000 a1_change=1.0000 matched_but_wrong=0
  mpx-135 acc: trials=228240000 accuracy=0.9636
  mpx-135 traj: trials=228360000 wall=319208s knowledge=0.7224 reliable=379 spec=8.02 pop=2523
  mpx-135 cover: trials=228360000 overall=0.7224 a0_nochange=0.0000 a0_change=0.8900 a1_nochange=1.0000 a1_change=1.0000 matched_but_wrong=0
  mpx-135 acc: trials=228360000 accuracy=0.9667
  mpx-135 traj: trials=228480000 wall=319290s knowledge=0.7224 reliable=383 spec=8.02 pop=2064
  mpx-135 cover: trials=228480000 overall=0.7224 a0_nochange=0.0000 a0_change=0.8900 a1_nochange=1.0000 a1_change=1.0000 matched_but_wrong=0
  mpx-135 acc: trials=228480000 accuracy=0.9713
  mpx-135 traj: trials=228600000 wall=319536s knowledge=0.7225 reliable=381 spec=8.02 pop=2198
  mpx-135 cover: trials=228600000 overall=0.7225 a0_nochange=0.0000 a0_change=0.8904 a1_nochange=1.0000 a1_change=1.0000 matched_but_wrong=0
  mpx-135 acc: trials=228600000 accuracy=0.9728
  mpx-135 traj: trials=228720000 wall=319667s knowledge=0.7225 reliable=378 spec=8.01 pop=1968
  mpx-135 cover: trials=228720000 overall=0.7225 a0_nochange=0.0000 a0_change=0.8904 a1_nochange=1.0000 a1_change=1.0000 matched_but_wrong=0
  mpx-135 acc: trials=228720000 accuracy=0.9629
  mpx-135 traj: trials=228840000 wall=319831s knowledge=0.7224 reliable=382 spec=8.01 pop=3266
  mpx-135 cover: trials=228840000 overall=0.7224 a0_nochange=0.0000 a0_change=0.8900 a1_nochange=1.0000 a1_change=1.0000 matched_but_wrong=0
  mpx-135 acc: trials=228840000 accuracy=0.9569
  mpx-135 traj: trials=228960000 wall=319927s knowledge=0.7228 reliable=378 spec=8.01 pop=2051
  mpx-135 cover: trials=228960000 overall=0.7228 a0_nochange=0.0000 a0_change=0.8917 a1_nochange=1.0000 a1_change=1.0000 matched_but_wrong=0
  mpx-135 acc: trials=228960000 accuracy=0.9724
  mpx-135 traj: trials=229080000 wall=320035s knowledge=0.7214 reliable=378 spec=8.01 pop=1864
  mpx-135 cover: trials=229080000 overall=0.7214 a0_nochange=0.0000 a0_change=0.8860 a1_nochange=1.0000 a1_change=1.0000 matched_but_wrong=0
  mpx-135 acc: trials=229080000 accuracy=0.9584
  mpx-135 traj: trials=229200000 wall=320217s knowledge=0.7220 reliable=377 spec=8.01 pop=2105
  mpx-135 cover: trials=229200000 overall=0.7220 a0_nochange=0.0000 a0_change=0.8882 a1_nochange=1.0000 a1_change=1.0000 matched_but_wrong=0
  mpx-135 acc: trials=229200000 accuracy=0.9597
  mpx-135 traj: trials=229320000 wall=320424s knowledge=0.7214 reliable=376 spec=8.01 pop=2223
  mpx-135 cover: trials=229320000 overall=0.7214 a0_nochange=0.0000 a0_change=0.8860 a1_nochange=1.0000 a1_change=1.0000 matched_but_wrong=0
  mpx-135 acc: trials=229320000 accuracy=0.9722
  mpx-135 traj: trials=229440000 wall=320523s knowledge=0.7214 reliable=380 spec=8.01 pop=2007
  mpx-135 cover: trials=229440000 overall=0.7214 a0_nochange=0.0000 a0_change=0.8860 a1_nochange=1.0000 a1_change=1.0000 matched_but_wrong=0
  mpx-135 acc: trials=229440000 accuracy=0.9584
  mpx-135 traj: trials=229560000 wall=320664s knowledge=0.7240 reliable=382 spec=8.01 pop=2016
  mpx-135 cover: trials=229560000 overall=0.7240 a0_nochange=0.0000 a0_change=0.8964 a1_nochange=1.0000 a1_change=1.0000 matched_but_wrong=0
  mpx-135 acc: trials=229560000 accuracy=0.9618
  mpx-135 traj: trials=229680000 wall=320768s knowledge=0.7243 reliable=381 spec=8.02 pop=1896
  mpx-135 cover: trials=229680000 overall=0.7243 a0_nochange=0.0000 a0_change=0.8974 a1_nochange=1.0000 a1_change=1.0000 matched_but_wrong=0
  mpx-135 acc: trials=229680000 accuracy=0.9740
  mpx-135 traj: trials=229800000 wall=320901s knowledge=0.7229 reliable=380 spec=8.00 pop=1881
  mpx-135 cover: trials=229800000 overall=0.7229 a0_nochange=0.0000 a0_change=0.8918 a1_nochange=1.0000 a1_change=1.0000 matched_but_wrong=0
  mpx-135 acc: trials=229800000 accuracy=0.9608
  mpx-135 traj: trials=229920000 wall=321106s knowledge=0.7233 reliable=386 spec=8.02 pop=2106
  mpx-135 cover: trials=229920000 overall=0.7233 a0_nochange=0.0000 a0_change=0.8934 a1_nochange=1.0000 a1_change=1.0000 matched_but_wrong=0
  mpx-135 acc: trials=229920000 accuracy=0.9711
  mpx-135 traj: trials=230040000 wall=321189s knowledge=0.7233 reliable=384 spec=8.03 pop=1933
  mpx-135 cover: trials=230040000 overall=0.7233 a0_nochange=0.0000 a0_change=0.8936 a1_nochange=1.0000 a1_change=1.0000 matched_but_wrong=0
  mpx-135 acc: trials=230040000 accuracy=0.9665
  mpx-135 traj: trials=230160000 wall=321338s knowledge=0.7233 reliable=380 spec=8.03 pop=1933
  mpx-135 cover: trials=230160000 overall=0.7233 a0_nochange=0.0000 a0_change=0.8936 a1_nochange=1.0000 a1_change=1.0000 matched_but_wrong=0
  mpx-135 acc: trials=230160000 accuracy=0.9744
  mpx-135 traj: trials=230280000 wall=321423s knowledge=0.7233 reliable=383 spec=8.03 pop=3539
  mpx-135 cover: trials=230280000 overall=0.7233 a0_nochange=0.0000 a0_change=0.8936 a1_nochange=1.0000 a1_change=1.0000 matched_but_wrong=0
  mpx-135 acc: trials=230280000 accuracy=0.9649
  mpx-135 traj: trials=230400000 wall=321530s knowledge=0.7238 reliable=380 spec=8.02 pop=1810
  mpx-135 cover: trials=230400000 overall=0.7238 a0_nochange=0.0000 a0_change=0.8955 a1_nochange=1.0000 a1_change=1.0000 matched_but_wrong=0
  mpx-135 acc: trials=230400000 accuracy=0.9692
  mpx-135 traj: trials=230520000 wall=321844s knowledge=0.7237 reliable=383 spec=8.02 pop=3336
  mpx-135 cover: trials=230520000 overall=0.7237 a0_nochange=0.0000 a0_change=0.8952 a1_nochange=1.0000 a1_change=1.0000 matched_but_wrong=0
  mpx-135 acc: trials=230520000 accuracy=0.9685
  mpx-135 traj: trials=230640000 wall=321910s knowledge=0.7242 reliable=387 spec=8.02 pop=1874
  mpx-135 cover: trials=230640000 overall=0.7242 a0_nochange=0.0000 a0_change=0.8973 a1_nochange=1.0000 a1_change=1.0000 matched_but_wrong=0
  mpx-135 acc: trials=230640000 accuracy=0.9640
  mpx-135 traj: trials=230760000 wall=322005s knowledge=0.7233 reliable=380 spec=8.02 pop=2022
  mpx-135 cover: trials=230760000 overall=0.7233 a0_nochange=0.0000 a0_change=0.8934 a1_nochange=1.0000 a1_change=1.0000 matched_but_wrong=0
  mpx-135 acc: trials=230760000 accuracy=0.9677
  mpx-135 traj: trials=230880000 wall=322087s knowledge=0.7239 reliable=383 spec=8.03 pop=2221
  mpx-135 cover: trials=230880000 overall=0.7239 a0_nochange=0.0000 a0_change=0.8958 a1_nochange=1.0000 a1_change=1.0000 matched_but_wrong=0
  mpx-135 acc: trials=230880000 accuracy=0.9607
  mpx-135 traj: trials=231000000 wall=322153s knowledge=0.7233 reliable=383 spec=8.03 pop=1929
  mpx-135 cover: trials=231000000 overall=0.7233 a0_nochange=0.0000 a0_change=0.8936 a1_nochange=1.0000 a1_change=1.0000 matched_but_wrong=0
  mpx-135 acc: trials=231000000 accuracy=0.9688
  mpx-135 traj: trials=231120000 wall=322342s knowledge=0.7247 reliable=391 spec=8.04 pop=1911
  mpx-135 cover: trials=231120000 overall=0.7247 a0_nochange=0.0000 a0_change=0.8992 a1_nochange=1.0000 a1_change=1.0000 matched_but_wrong=0
  mpx-135 acc: trials=231120000 accuracy=0.9591
  mpx-135 traj: trials=231240000 wall=322451s knowledge=0.7264 reliable=384 spec=8.03 pop=1764
  mpx-135 cover: trials=231240000 overall=0.7264 a0_nochange=0.0000 a0_change=0.9058 a1_nochange=1.0000 a1_change=1.0000 matched_but_wrong=0
  mpx-135 acc: trials=231240000 accuracy=0.9674
  mpx-135 traj: trials=231360000 wall=322513s knowledge=0.7249 reliable=383 spec=8.01 pop=1874
  mpx-135 cover: trials=231360000 overall=0.7249 a0_nochange=0.0000 a0_change=0.9000 a1_nochange=1.0000 a1_change=1.0000 matched_but_wrong=0
  mpx-135 acc: trials=231360000 accuracy=0.9696
  mpx-135 traj: trials=231480000 wall=322602s knowledge=0.7249 reliable=379 spec=8.01 pop=1741
  mpx-135 cover: trials=231480000 overall=0.7249 a0_nochange=0.0000 a0_change=0.9000 a1_nochange=1.0000 a1_change=1.0000 matched_but_wrong=0
  mpx-135 acc: trials=231480000 accuracy=0.9683
  mpx-135 traj: trials=231600000 wall=323057s knowledge=0.7254 reliable=385 spec=8.01 pop=4248
  mpx-135 cover: trials=231600000 overall=0.7254 a0_nochange=0.0000 a0_change=0.9018 a1_nochange=1.0000 a1_change=1.0000 matched_but_wrong=0
  mpx-135 acc: trials=231600000 accuracy=0.9698
  mpx-135 traj: trials=231720000 wall=323124s knowledge=0.7266 reliable=385 spec=8.03 pop=1950
  mpx-135 cover: trials=231720000 overall=0.7266 a0_nochange=0.0000 a0_change=0.9065 a1_nochange=1.0000 a1_change=1.0000 matched_but_wrong=0
  mpx-135 acc: trials=231720000 accuracy=0.9706
  mpx-135 traj: trials=231840000 wall=323261s knowledge=0.7257 reliable=383 spec=8.02 pop=2493
  mpx-135 cover: trials=231840000 overall=0.7257 a0_nochange=0.0000 a0_change=0.9030 a1_nochange=1.0000 a1_change=1.0000 matched_but_wrong=0
  mpx-135 acc: trials=231840000 accuracy=0.9656
  mpx-135 traj: trials=231960000 wall=323358s knowledge=0.7251 reliable=380 spec=8.02 pop=1958
  mpx-135 cover: trials=231960000 overall=0.7251 a0_nochange=0.0000 a0_change=0.9006 a1_nochange=1.0000 a1_change=1.0000 matched_but_wrong=0
  mpx-135 acc: trials=231960000 accuracy=0.9681
  mpx-135 traj: trials=232080000 wall=323437s knowledge=0.7249 reliable=382 spec=8.01 pop=1848
  mpx-135 cover: trials=232080000 overall=0.7249 a0_nochange=0.0000 a0_change=0.9000 a1_nochange=1.0000 a1_change=1.0000 matched_but_wrong=0
  mpx-135 acc: trials=232080000 accuracy=0.9710
  mpx-135 traj: trials=232200000 wall=323509s knowledge=0.7253 reliable=387 spec=8.02 pop=1787
  mpx-135 cover: trials=232200000 overall=0.7253 a0_nochange=0.0000 a0_change=0.9014 a1_nochange=1.0000 a1_change=1.0000 matched_but_wrong=0
  mpx-135 acc: trials=232200000 accuracy=0.9721
  mpx-135 traj: trials=232320000 wall=323578s knowledge=0.7251 reliable=378 spec=8.01 pop=3762
  mpx-135 cover: trials=232320000 overall=0.7251 a0_nochange=0.0000 a0_change=0.9006 a1_nochange=1.0000 a1_change=1.0000 matched_but_wrong=0
  mpx-135 acc: trials=232320000 accuracy=0.9619
  mpx-135 traj: trials=232440000 wall=323685s knowledge=0.7249 reliable=382 spec=8.01 pop=1946
  mpx-135 cover: trials=232440000 overall=0.7249 a0_nochange=0.0000 a0_change=0.9001 a1_nochange=1.0000 a1_change=1.0000 matched_but_wrong=0
  mpx-135 acc: trials=232440000 accuracy=0.9693
  mpx-135 traj: trials=232560000 wall=323799s knowledge=0.7250 reliable=380 spec=8.02 pop=2489
  mpx-135 cover: trials=232560000 overall=0.7250 a0_nochange=0.0000 a0_change=0.9004 a1_nochange=1.0000 a1_change=1.0000 matched_but_wrong=0
  mpx-135 acc: trials=232560000 accuracy=0.9737
  mpx-135 traj: trials=232680000 wall=323904s knowledge=0.7272 reliable=385 spec=8.03 pop=1930
  mpx-135 cover: trials=232680000 overall=0.7272 a0_nochange=0.0000 a0_change=0.9092 a1_nochange=1.0000 a1_change=1.0000 matched_but_wrong=0
  mpx-135 acc: trials=232680000 accuracy=0.9747
  mpx-135 traj: trials=232800000 wall=323968s knowledge=0.7290 reliable=382 spec=8.04 pop=1765
  mpx-135 cover: trials=232800000 overall=0.7290 a0_nochange=0.0000 a0_change=0.9164 a1_nochange=1.0000 a1_change=1.0000 matched_but_wrong=0
  mpx-135 acc: trials=232800000 accuracy=0.9766
  mpx-135 traj: trials=232920000 wall=324080s knowledge=0.7294 reliable=389 spec=8.03 pop=2808
  mpx-135 cover: trials=232920000 overall=0.7294 a0_nochange=0.0000 a0_change=0.9180 a1_nochange=1.0000 a1_change=1.0000 matched_but_wrong=0
  mpx-135 acc: trials=232920000 accuracy=0.9674
  mpx-135 traj: trials=233040000 wall=324218s knowledge=0.7281 reliable=385 spec=8.01 pop=1957
  mpx-135 cover: trials=233040000 overall=0.7281 a0_nochange=0.0000 a0_change=0.9128 a1_nochange=1.0000 a1_change=1.0000 matched_but_wrong=0
  mpx-135 acc: trials=233040000 accuracy=0.9618
  mpx-135 traj: trials=233160000 wall=324330s knowledge=0.7281 reliable=381 spec=8.01 pop=1986
  mpx-135 cover: trials=233160000 overall=0.7281 a0_nochange=0.0000 a0_change=0.9128 a1_nochange=1.0000 a1_change=1.0000 matched_but_wrong=0
  mpx-135 acc: trials=233160000 accuracy=0.9749
  mpx-135 traj: trials=233280000 wall=324531s knowledge=0.7283 reliable=391 spec=8.00 pop=2154
  mpx-135 cover: trials=233280000 overall=0.7283 a0_nochange=0.0000 a0_change=0.9136 a1_nochange=1.0000 a1_change=1.0000 matched_but_wrong=0
  mpx-135 acc: trials=233280000 accuracy=0.9700
  mpx-135 traj: trials=233400000 wall=324702s knowledge=0.7279 reliable=386 spec=8.01 pop=2255
  mpx-135 cover: trials=233400000 overall=0.7279 a0_nochange=0.0000 a0_change=0.9118 a1_nochange=1.0000 a1_change=1.0000 matched_but_wrong=9
  mpx-135 acc: trials=233400000 accuracy=0.9683
  mpx-135 traj: trials=233520000 wall=324871s knowledge=0.7279 reliable=384 spec=8.01 pop=2255
  mpx-135 cover: trials=233520000 overall=0.7279 a0_nochange=0.0000 a0_change=0.9119 a1_nochange=1.0000 a1_change=1.0000 matched_but_wrong=0
  mpx-135 acc: trials=233520000 accuracy=0.9745
  mpx-135 traj: trials=233640000 wall=324936s knowledge=0.7280 reliable=383 spec=8.02 pop=2427
  mpx-135 cover: trials=233640000 overall=0.7280 a0_nochange=0.0000 a0_change=0.9123 a1_nochange=1.0000 a1_change=1.0000 matched_but_wrong=0
  mpx-135 acc: trials=233640000 accuracy=0.9664
  mpx-135 traj: trials=233760000 wall=325141s knowledge=0.7282 reliable=386 spec=8.02 pop=1893
  mpx-135 cover: trials=233760000 overall=0.7282 a0_nochange=0.0000 a0_change=0.9131 a1_nochange=1.0000 a1_change=1.0000 matched_but_wrong=0
  mpx-135 acc: trials=233760000 accuracy=0.9750
  mpx-135 traj: trials=233880000 wall=325251s knowledge=0.7271 reliable=387 spec=8.02 pop=1990
  mpx-135 cover: trials=233880000 overall=0.7271 a0_nochange=0.0000 a0_change=0.9089 a1_nochange=1.0000 a1_change=1.0000 matched_but_wrong=0
  mpx-135 acc: trials=233880000 accuracy=0.9678
  mpx-135 traj: trials=234000000 wall=325368s knowledge=0.7269 reliable=382 spec=8.01 pop=2115
  mpx-135 cover: trials=234000000 overall=0.7269 a0_nochange=0.0000 a0_change=0.9080 a1_nochange=1.0000 a1_change=1.0000 matched_but_wrong=0
  mpx-135 acc: trials=234000000 accuracy=0.9694
  mpx-135 traj: trials=234120000 wall=325558s knowledge=0.7278 reliable=383 spec=8.03 pop=2143
  mpx-135 cover: trials=234120000 overall=0.7278 a0_nochange=0.0000 a0_change=0.9116 a1_nochange=1.0000 a1_change=1.0000 matched_but_wrong=0
  mpx-135 acc: trials=234120000 accuracy=0.9753
  mpx-135 traj: trials=234240000 wall=325640s knowledge=0.7271 reliable=385 spec=8.01 pop=1946
  mpx-135 cover: trials=234240000 overall=0.7271 a0_nochange=0.0000 a0_change=0.9089 a1_nochange=1.0000 a1_change=1.0000 matched_but_wrong=0
  mpx-135 acc: trials=234240000 accuracy=0.9671
  mpx-135 traj: trials=234360000 wall=325770s knowledge=0.7279 reliable=390 spec=8.01 pop=2060
  mpx-135 cover: trials=234360000 overall=0.7279 a0_nochange=0.0000 a0_change=0.9119 a1_nochange=1.0000 a1_change=1.0000 matched_but_wrong=0
  mpx-135 acc: trials=234360000 accuracy=0.9691
  mpx-135 traj: trials=234480000 wall=325885s knowledge=0.7282 reliable=382 spec=8.01 pop=2015
  mpx-135 cover: trials=234480000 overall=0.7282 a0_nochange=0.0000 a0_change=0.9132 a1_nochange=1.0000 a1_change=1.0000 matched_but_wrong=0
  mpx-135 acc: trials=234480000 accuracy=0.9664
  mpx-135 traj: trials=234600000 wall=325980s knowledge=0.7279 reliable=377 spec=8.00 pop=1956
  mpx-135 cover: trials=234600000 overall=0.7279 a0_nochange=0.0000 a0_change=0.9118 a1_nochange=1.0000 a1_change=1.0000 matched_but_wrong=0
  mpx-135 acc: trials=234600000 accuracy=0.9756
  mpx-135 traj: trials=234720000 wall=326075s knowledge=0.7278 reliable=380 spec=8.01 pop=1873
  mpx-135 cover: trials=234720000 overall=0.7278 a0_nochange=0.0000 a0_change=0.9117 a1_nochange=1.0000 a1_change=1.0000 matched_but_wrong=0
  mpx-135 acc: trials=234720000 accuracy=0.9736
  mpx-135 traj: trials=234840000 wall=326204s knowledge=0.7281 reliable=379 spec=8.01 pop=1930
  mpx-135 cover: trials=234840000 overall=0.7281 a0_nochange=0.0000 a0_change=0.9126 a1_nochange=1.0000 a1_change=1.0000 matched_but_wrong=0
  mpx-135 acc: trials=234840000 accuracy=0.9688
  mpx-135 traj: trials=234960000 wall=326298s knowledge=0.7287 reliable=386 spec=8.01 pop=1992
  mpx-135 cover: trials=234960000 overall=0.7287 a0_nochange=0.0000 a0_change=0.9151 a1_nochange=1.0000 a1_change=1.0000 matched_but_wrong=0
  mpx-135 acc: trials=234960000 accuracy=0.9767
  mpx-135 traj: trials=235080000 wall=326394s knowledge=0.7289 reliable=383 spec=8.02 pop=2028
  mpx-135 cover: trials=235080000 overall=0.7289 a0_nochange=0.0000 a0_change=0.9161 a1_nochange=1.0000 a1_change=1.0000 matched_but_wrong=0
  mpx-135 acc: trials=235080000 accuracy=0.9712
  mpx-135 traj: trials=235200000 wall=326503s knowledge=0.7289 reliable=380 spec=8.02 pop=1769
  mpx-135 cover: trials=235200000 overall=0.7289 a0_nochange=0.0000 a0_change=0.9159 a1_nochange=1.0000 a1_change=1.0000 matched_but_wrong=0
  mpx-135 acc: trials=235200000 accuracy=0.9705
  mpx-135 traj: trials=235320000 wall=326564s knowledge=0.7280 reliable=382 spec=8.03 pop=1966
  mpx-135 cover: trials=235320000 overall=0.7280 a0_nochange=0.0000 a0_change=0.9122 a1_nochange=1.0000 a1_change=1.0000 matched_but_wrong=0
  mpx-135 acc: trials=235320000 accuracy=0.9718
  mpx-135 traj: trials=235440000 wall=326655s knowledge=0.7286 reliable=385 spec=8.03 pop=1955
  mpx-135 cover: trials=235440000 overall=0.7286 a0_nochange=0.0000 a0_change=0.9145 a1_nochange=1.0000 a1_change=1.0000 matched_but_wrong=0
  mpx-135 acc: trials=235440000 accuracy=0.9664
  mpx-135 traj: trials=235560000 wall=326750s knowledge=0.7283 reliable=388 spec=8.05 pop=1971
  mpx-135 cover: trials=235560000 overall=0.7283 a0_nochange=0.0000 a0_change=0.9136 a1_nochange=1.0000 a1_change=1.0000 matched_but_wrong=2
  mpx-135 acc: trials=235560000 accuracy=0.9692
  mpx-135 traj: trials=235680000 wall=326814s knowledge=0.7281 reliable=386 spec=8.04 pop=2117
  mpx-135 cover: trials=235680000 overall=0.7281 a0_nochange=0.0000 a0_change=0.9127 a1_nochange=1.0000 a1_change=1.0000 matched_but_wrong=0
  mpx-135 acc: trials=235680000 accuracy=0.9743
  mpx-135 traj: trials=235800000 wall=326927s knowledge=0.7273 reliable=388 spec=8.04 pop=2205
  mpx-135 cover: trials=235800000 overall=0.7273 a0_nochange=0.0000 a0_change=0.9096 a1_nochange=1.0000 a1_change=1.0000 matched_but_wrong=0
  mpx-135 acc: trials=235800000 accuracy=0.9635
  mpx-135 traj: trials=235920000 wall=327000s knowledge=0.7287 reliable=394 spec=8.04 pop=1966
  mpx-135 cover: trials=235920000 overall=0.7287 a0_nochange=0.0000 a0_change=0.9153 a1_nochange=1.0000 a1_change=1.0000 matched_but_wrong=0
  mpx-135 acc: trials=235920000 accuracy=0.9698
  mpx-135 traj: trials=236040000 wall=327067s knowledge=0.7272 reliable=384 spec=8.03 pop=2071
  mpx-135 cover: trials=236040000 overall=0.7272 a0_nochange=0.0000 a0_change=0.9093 a1_nochange=1.0000 a1_change=1.0000 matched_but_wrong=0
  mpx-135 acc: trials=236040000 accuracy=0.9805
  mpx-135 traj: trials=236160000 wall=327153s knowledge=0.7286 reliable=386 spec=8.04 pop=1899
  mpx-135 cover: trials=236160000 overall=0.7286 a0_nochange=0.0000 a0_change=0.9147 a1_nochange=1.0000 a1_change=1.0000 matched_but_wrong=0
  mpx-135 acc: trials=236160000 accuracy=0.9723
  mpx-135 traj: trials=236280000 wall=327236s knowledge=0.7279 reliable=387 spec=8.04 pop=2008
  mpx-135 cover: trials=236280000 overall=0.7279 a0_nochange=0.0000 a0_change=0.9119 a1_nochange=1.0000 a1_change=1.0000 matched_but_wrong=0
  mpx-135 acc: trials=236280000 accuracy=0.9660
  mpx-135 traj: trials=236400000 wall=327373s knowledge=0.7283 reliable=390 spec=8.04 pop=1933
  mpx-135 cover: trials=236400000 overall=0.7283 a0_nochange=0.0000 a0_change=0.9136 a1_nochange=1.0000 a1_change=1.0000 matched_but_wrong=0
  mpx-135 acc: trials=236400000 accuracy=0.9692
  mpx-135 traj: trials=236520000 wall=327508s knowledge=0.7282 reliable=382 spec=8.02 pop=1942
  mpx-135 cover: trials=236520000 overall=0.7282 a0_nochange=0.0000 a0_change=0.9132 a1_nochange=1.0000 a1_change=1.0000 matched_but_wrong=0
  mpx-135 acc: trials=236520000 accuracy=0.9696
  mpx-135 traj: trials=236640000 wall=327644s knowledge=0.7279 reliable=382 spec=8.02 pop=2000
  mpx-135 cover: trials=236640000 overall=0.7279 a0_nochange=0.0000 a0_change=0.9118 a1_nochange=1.0000 a1_change=1.0000 matched_but_wrong=0
  mpx-135 acc: trials=236640000 accuracy=0.9742
  mpx-135 traj: trials=236760000 wall=327733s knowledge=0.7286 reliable=386 spec=8.03 pop=2212
  mpx-135 cover: trials=236760000 overall=0.7286 a0_nochange=0.0000 a0_change=0.9147 a1_nochange=1.0000 a1_change=1.0000 matched_but_wrong=0
  mpx-135 acc: trials=236760000 accuracy=0.9665
  mpx-135 traj: trials=236880000 wall=327793s knowledge=0.7297 reliable=388 spec=8.04 pop=2472
  mpx-135 cover: trials=236880000 overall=0.7297 a0_nochange=0.0000 a0_change=0.9191 a1_nochange=1.0000 a1_change=1.0000 matched_but_wrong=0
  mpx-135 acc: trials=236880000 accuracy=0.9803
  mpx-135 traj: trials=237000000 wall=327922s knowledge=0.7290 reliable=390 spec=8.03 pop=2587
  mpx-135 cover: trials=237000000 overall=0.7290 a0_nochange=0.0000 a0_change=0.9164 a1_nochange=1.0000 a1_change=1.0000 matched_but_wrong=0
  mpx-135 acc: trials=237000000 accuracy=0.9721
  mpx-135 traj: trials=237120000 wall=328032s knowledge=0.7289 reliable=386 spec=8.02 pop=2395
  mpx-135 cover: trials=237120000 overall=0.7289 a0_nochange=0.0000 a0_change=0.9159 a1_nochange=1.0000 a1_change=1.0000 matched_but_wrong=0
  mpx-135 acc: trials=237120000 accuracy=0.9705
  mpx-135 traj: trials=237240000 wall=328117s knowledge=0.7285 reliable=381 spec=8.02 pop=2008
  mpx-135 cover: trials=237240000 overall=0.7285 a0_nochange=0.0000 a0_change=0.9143 a1_nochange=1.0000 a1_change=1.0000 matched_but_wrong=0
  mpx-135 acc: trials=237240000 accuracy=0.9722
  mpx-135 traj: trials=237360000 wall=328197s knowledge=0.7279 reliable=381 spec=8.02 pop=2172
  mpx-135 cover: trials=237360000 overall=0.7279 a0_nochange=0.0000 a0_change=0.9121 a1_nochange=1.0000 a1_change=1.0000 matched_but_wrong=0
  mpx-135 acc: trials=237360000 accuracy=0.9692
  mpx-135 traj: trials=237480000 wall=328282s knowledge=0.7289 reliable=382 spec=8.02 pop=1817
  mpx-135 cover: trials=237480000 overall=0.7289 a0_nochange=0.0000 a0_change=0.9159 a1_nochange=1.0000 a1_change=1.0000 matched_but_wrong=0
  mpx-135 acc: trials=237480000 accuracy=0.9726
  mpx-135 traj: trials=237600000 wall=328419s knowledge=0.7290 reliable=390 spec=8.03 pop=1876
  mpx-135 cover: trials=237600000 overall=0.7290 a0_nochange=0.0000 a0_change=0.9162 a1_nochange=1.0000 a1_change=1.0000 matched_but_wrong=0
  mpx-135 acc: trials=237600000 accuracy=0.9761
  mpx-135 traj: trials=237720000 wall=328521s knowledge=0.7298 reliable=399 spec=8.03 pop=1893
  mpx-135 cover: trials=237720000 overall=0.7298 a0_nochange=0.0000 a0_change=0.9194 a1_nochange=1.0000 a1_change=1.0000 matched_but_wrong=0
  mpx-135 acc: trials=237720000 accuracy=0.9673
  mpx-135 traj: trials=237840000 wall=328616s knowledge=0.7285 reliable=388 spec=8.03 pop=1998
  mpx-135 cover: trials=237840000 overall=0.7285 a0_nochange=0.0000 a0_change=0.9142 a1_nochange=1.0000 a1_change=1.0000 matched_but_wrong=0
  mpx-135 acc: trials=237840000 accuracy=0.9635
  mpx-135 traj: trials=237960000 wall=328710s knowledge=0.7285 reliable=385 spec=8.03 pop=1856
  mpx-135 cover: trials=237960000 overall=0.7285 a0_nochange=0.0000 a0_change=0.9142 a1_nochange=1.0000 a1_change=1.0000 matched_but_wrong=0
  mpx-135 acc: trials=237960000 accuracy=0.9737
  mpx-135 traj: trials=238080000 wall=328781s knowledge=0.7285 reliable=385 spec=8.03 pop=1715
  mpx-135 cover: trials=238080000 overall=0.7285 a0_nochange=0.0000 a0_change=0.9142 a1_nochange=1.0000 a1_change=1.0000 matched_but_wrong=0
  mpx-135 acc: trials=238080000 accuracy=0.9709
  mpx-135 traj: trials=238200000 wall=329069s knowledge=0.7285 reliable=386 spec=8.03 pop=1952
  mpx-135 cover: trials=238200000 overall=0.7285 a0_nochange=0.0000 a0_change=0.9142 a1_nochange=1.0000 a1_change=1.0000 matched_but_wrong=0
  mpx-135 acc: trials=238200000 accuracy=0.9713
  mpx-135 traj: trials=238320000 wall=329156s knowledge=0.7299 reliable=387 spec=8.02 pop=1827
  mpx-135 cover: trials=238320000 overall=0.7299 a0_nochange=0.0000 a0_change=0.9199 a1_nochange=1.0000 a1_change=1.0000 matched_but_wrong=0
  mpx-135 acc: trials=238320000 accuracy=0.9722
  mpx-135 traj: trials=238440000 wall=329223s knowledge=0.7299 reliable=382 spec=8.02 pop=1790
  mpx-135 cover: trials=238440000 overall=0.7299 a0_nochange=0.0000 a0_change=0.9199 a1_nochange=1.0000 a1_change=1.0000 matched_but_wrong=0
  mpx-135 acc: trials=238440000 accuracy=0.9704
  mpx-135 traj: trials=238560000 wall=329351s knowledge=0.7308 reliable=382 spec=8.01 pop=2624
  mpx-135 cover: trials=238560000 overall=0.7308 a0_nochange=0.0000 a0_change=0.9233 a1_nochange=1.0000 a1_change=1.0000 matched_but_wrong=0
  mpx-135 acc: trials=238560000 accuracy=0.9783
  mpx-135 traj: trials=238680000 wall=329419s knowledge=0.7308 reliable=384 spec=8.01 pop=2178
  mpx-135 cover: trials=238680000 overall=0.7308 a0_nochange=0.0000 a0_change=0.9233 a1_nochange=1.0000 a1_change=1.0000 matched_but_wrong=0
  mpx-135 acc: trials=238680000 accuracy=0.9717
  mpx-135 traj: trials=238800000 wall=329558s knowledge=0.7308 reliable=386 spec=8.01 pop=1832
  mpx-135 cover: trials=238800000 overall=0.7308 a0_nochange=0.0000 a0_change=0.9233 a1_nochange=1.0000 a1_change=1.0000 matched_but_wrong=0
  mpx-135 acc: trials=238800000 accuracy=0.9757
  mpx-135 traj: trials=238920000 wall=329688s knowledge=0.7308 reliable=386 spec=8.02 pop=1832
  mpx-135 cover: trials=238920000 overall=0.7308 a0_nochange=0.0000 a0_change=0.9237 a1_nochange=1.0000 a1_change=1.0000 matched_but_wrong=0
  mpx-135 acc: trials=238920000 accuracy=0.9761
  mpx-135 traj: trials=239040000 wall=329797s knowledge=0.7308 reliable=388 spec=8.01 pop=1922
  mpx-135 cover: trials=239040000 overall=0.7308 a0_nochange=0.0000 a0_change=0.9233 a1_nochange=1.0000 a1_change=1.0000 matched_but_wrong=0
  mpx-135 acc: trials=239040000 accuracy=0.9783
  mpx-135 traj: trials=239160000 wall=329870s knowledge=0.7308 reliable=385 spec=8.01 pop=2587
  mpx-135 cover: trials=239160000 overall=0.7308 a0_nochange=0.0000 a0_change=0.9233 a1_nochange=1.0000 a1_change=1.0000 matched_but_wrong=0
  mpx-135 acc: trials=239160000 accuracy=0.9731
  mpx-135 traj: trials=239280000 wall=329947s knowledge=0.7308 reliable=385 spec=8.01 pop=2075
  mpx-135 cover: trials=239280000 overall=0.7308 a0_nochange=0.0000 a0_change=0.9233 a1_nochange=1.0000 a1_change=1.0000 matched_but_wrong=0
  mpx-135 acc: trials=239280000 accuracy=0.9772
  mpx-135 traj: trials=239400000 wall=330021s knowledge=0.7316 reliable=386 spec=8.01 pop=2001
  mpx-135 cover: trials=239400000 overall=0.7316 a0_nochange=0.0000 a0_change=0.9267 a1_nochange=1.0000 a1_change=1.0000 matched_but_wrong=0
  mpx-135 acc: trials=239400000 accuracy=0.9776
  mpx-135 traj: trials=239520000 wall=330087s knowledge=0.7316 reliable=387 spec=8.01 pop=1787
  mpx-135 cover: trials=239520000 overall=0.7316 a0_nochange=0.0000 a0_change=0.9267 a1_nochange=1.0000 a1_change=1.0000 matched_but_wrong=0
  mpx-135 acc: trials=239520000 accuracy=0.9796
  mpx-135 traj: trials=239640000 wall=330183s knowledge=0.7316 reliable=392 spec=8.01 pop=1873
  mpx-135 cover: trials=239640000 overall=0.7316 a0_nochange=0.0000 a0_change=0.9267 a1_nochange=1.0000 a1_change=1.0000 matched_but_wrong=0
  mpx-135 acc: trials=239640000 accuracy=0.9737
  mpx-135 traj: trials=239760000 wall=330273s knowledge=0.7308 reliable=380 spec=8.01 pop=1947
  mpx-135 cover: trials=239760000 overall=0.7308 a0_nochange=0.0000 a0_change=0.9233 a1_nochange=1.0000 a1_change=1.0000 matched_but_wrong=0
  mpx-135 acc: trials=239760000 accuracy=0.9747
  mpx-135 traj: trials=239880000 wall=330477s knowledge=0.7308 reliable=382 spec=8.01 pop=2295
  mpx-135 cover: trials=239880000 overall=0.7308 a0_nochange=0.0000 a0_change=0.9233 a1_nochange=1.0000 a1_change=1.0000 matched_but_wrong=0
  mpx-135 acc: trials=239880000 accuracy=0.9748
  mpx-135 traj: trials=240000000 wall=330548s knowledge=0.7310 reliable=382 spec=8.03 pop=2494
  mpx-135 cover: trials=240000000 overall=0.7310 a0_nochange=0.0000 a0_change=0.9245 a1_nochange=1.0000 a1_change=1.0000 matched_but_wrong=0
  mpx-135 acc: trials=240000000 accuracy=0.9861
  mpx-135 traj: trials=240120000 wall=330612s knowledge=0.7317 reliable=389 spec=8.05 pop=1891
  mpx-135 cover: trials=240120000 overall=0.7317 a0_nochange=0.0000 a0_change=0.9273 a1_nochange=1.0000 a1_change=1.0000 matched_but_wrong=0
  mpx-135 acc: trials=240120000 accuracy=0.9804
  mpx-135 traj: trials=240240000 wall=330725s knowledge=0.7323 reliable=388 spec=8.05 pop=2038
  mpx-135 cover: trials=240240000 overall=0.7323 a0_nochange=0.0000 a0_change=0.9295 a1_nochange=1.0000 a1_change=1.0000 matched_but_wrong=0
  mpx-135 acc: trials=240240000 accuracy=0.9767
  mpx-135 traj: trials=240360000 wall=330790s knowledge=0.7329 reliable=387 spec=8.04 pop=1853
  mpx-135 cover: trials=240360000 overall=0.7329 a0_nochange=0.0000 a0_change=0.9319 a1_nochange=1.0000 a1_change=1.0000 matched_but_wrong=0
  mpx-135 acc: trials=240360000 accuracy=0.9769
  mpx-135 traj: trials=240480000 wall=330850s knowledge=0.7321 reliable=389 spec=8.04 pop=1826
  mpx-135 cover: trials=240480000 overall=0.7321 a0_nochange=0.0000 a0_change=0.9287 a1_nochange=1.0000 a1_change=1.0000 matched_but_wrong=0
  mpx-135 acc: trials=240480000 accuracy=0.9734
  mpx-135 traj: trials=240600000 wall=331017s knowledge=0.7320 reliable=389 spec=8.03 pop=2270
  mpx-135 cover: trials=240600000 overall=0.7320 a0_nochange=0.0000 a0_change=0.9282 a1_nochange=1.0000 a1_change=1.0000 matched_but_wrong=0
  mpx-135 acc: trials=240600000 accuracy=0.9806
  mpx-135 traj: trials=240720000 wall=331101s knowledge=0.7327 reliable=383 spec=8.03 pop=1808
  mpx-135 cover: trials=240720000 overall=0.7327 a0_nochange=0.0000 a0_change=0.9310 a1_nochange=1.0000 a1_change=1.0000 matched_but_wrong=0
  mpx-135 acc: trials=240720000 accuracy=0.9748
  mpx-135 traj: trials=240840000 wall=331184s knowledge=0.7339 reliable=390 spec=8.03 pop=1839
  mpx-135 cover: trials=240840000 overall=0.7339 a0_nochange=0.0000 a0_change=0.9359 a1_nochange=1.0000 a1_change=1.0000 matched_but_wrong=0
  mpx-135 acc: trials=240840000 accuracy=0.9784
  mpx-135 traj: trials=240960000 wall=331247s knowledge=0.7331 reliable=386 spec=8.03 pop=1988
  mpx-135 cover: trials=240960000 overall=0.7331 a0_nochange=0.0000 a0_change=0.9328 a1_nochange=1.0000 a1_change=1.0000 matched_but_wrong=0
  mpx-135 acc: trials=240960000 accuracy=0.9757
  mpx-135 traj: trials=241080000 wall=331325s knowledge=0.7330 reliable=387 spec=8.02 pop=2089
  mpx-135 cover: trials=241080000 overall=0.7330 a0_nochange=0.0000 a0_change=0.9322 a1_nochange=1.0000 a1_change=1.0000 matched_but_wrong=0
  mpx-135 acc: trials=241080000 accuracy=0.9768
  mpx-135 traj: trials=241200000 wall=331561s knowledge=0.7335 reliable=386 spec=8.03 pop=1969
  mpx-135 cover: trials=241200000 overall=0.7335 a0_nochange=0.0000 a0_change=0.9345 a1_nochange=1.0000 a1_change=1.0000 matched_but_wrong=0
  mpx-135 acc: trials=241200000 accuracy=0.9802
  mpx-135 traj: trials=241320000 wall=331651s knowledge=0.7343 reliable=387 spec=8.02 pop=1831
  mpx-135 cover: trials=241320000 overall=0.7343 a0_nochange=0.0000 a0_change=0.9375 a1_nochange=1.0000 a1_change=1.0000 matched_but_wrong=0
  mpx-135 acc: trials=241320000 accuracy=0.9859
  mpx-135 traj: trials=241440000 wall=332039s knowledge=0.7339 reliable=390 spec=8.02 pop=1999
  mpx-135 cover: trials=241440000 overall=0.7339 a0_nochange=0.0000 a0_change=0.9361 a1_nochange=1.0000 a1_change=1.0000 matched_but_wrong=0
  mpx-135 acc: trials=241440000 accuracy=0.9806
  mpx-135 traj: trials=241560000 wall=332158s knowledge=0.7331 reliable=390 spec=8.02 pop=1963
  mpx-135 cover: trials=241560000 overall=0.7331 a0_nochange=0.0000 a0_change=0.9327 a1_nochange=1.0000 a1_change=1.0000 matched_but_wrong=0
  mpx-135 acc: trials=241560000 accuracy=0.9800
  mpx-135 traj: trials=241680000 wall=332307s knowledge=0.7320 reliable=384 spec=8.01 pop=1809
  mpx-135 cover: trials=241680000 overall=0.7320 a0_nochange=0.0000 a0_change=0.9282 a1_nochange=1.0000 a1_change=1.0000 matched_but_wrong=0
  mpx-135 acc: trials=241680000 accuracy=0.9769
  mpx-135 traj: trials=241800000 wall=332379s knowledge=0.7326 reliable=386 spec=8.01 pop=2039
  mpx-135 cover: trials=241800000 overall=0.7326 a0_nochange=0.0000 a0_change=0.9306 a1_nochange=1.0000 a1_change=1.0000 matched_but_wrong=0
  mpx-135 acc: trials=241800000 accuracy=0.9761
  mpx-135 traj: trials=241920000 wall=332613s knowledge=0.7320 reliable=389 spec=8.02 pop=1961
  mpx-135 cover: trials=241920000 overall=0.7320 a0_nochange=0.0000 a0_change=0.9283 a1_nochange=1.0000 a1_change=1.0000 matched_but_wrong=0
  mpx-135 acc: trials=241920000 accuracy=0.9787
  mpx-135 traj: trials=242040000 wall=332700s knowledge=0.7320 reliable=388 spec=8.01 pop=1971
  mpx-135 cover: trials=242040000 overall=0.7320 a0_nochange=0.0000 a0_change=0.9282 a1_nochange=1.0000 a1_change=1.0000 matched_but_wrong=0
  mpx-135 acc: trials=242040000 accuracy=0.9812
  mpx-135 traj: trials=242160000 wall=332788s knowledge=0.7320 reliable=385 spec=8.01 pop=1843
  mpx-135 cover: trials=242160000 overall=0.7320 a0_nochange=0.0000 a0_change=0.9282 a1_nochange=1.0000 a1_change=1.0000 matched_but_wrong=0
  mpx-135 acc: trials=242160000 accuracy=0.9774
  mpx-135 traj: trials=242280000 wall=332847s knowledge=0.7320 reliable=391 spec=8.01 pop=1869
  mpx-135 cover: trials=242280000 overall=0.7320 a0_nochange=0.0000 a0_change=0.9282 a1_nochange=1.0000 a1_change=1.0000 matched_but_wrong=0
  mpx-135 acc: trials=242280000 accuracy=0.9739
  mpx-135 traj: trials=242400000 wall=332913s knowledge=0.7328 reliable=388 spec=8.01 pop=1972
  mpx-135 cover: trials=242400000 overall=0.7328 a0_nochange=0.0000 a0_change=0.9314 a1_nochange=1.0000 a1_change=1.0000 matched_but_wrong=0
  mpx-135 acc: trials=242400000 accuracy=0.9780
  mpx-135 traj: trials=242520000 wall=332993s knowledge=0.7333 reliable=389 spec=8.02 pop=1975
  mpx-135 cover: trials=242520000 overall=0.7333 a0_nochange=0.0000 a0_change=0.9334 a1_nochange=1.0000 a1_change=1.0000 matched_but_wrong=0
  mpx-135 acc: trials=242520000 accuracy=0.9796
  mpx-135 traj: trials=242640000 wall=333092s knowledge=0.7333 reliable=385 spec=8.02 pop=1898
  mpx-135 cover: trials=242640000 overall=0.7333 a0_nochange=0.0000 a0_change=0.9337 a1_nochange=1.0000 a1_change=1.0000 matched_but_wrong=0
  mpx-135 acc: trials=242640000 accuracy=0.9760
  mpx-135 traj: trials=242760000 wall=333163s knowledge=0.7328 reliable=387 spec=8.01 pop=1976
  mpx-135 cover: trials=242760000 overall=0.7328 a0_nochange=0.0000 a0_change=0.9314 a1_nochange=1.0000 a1_change=1.0000 matched_but_wrong=0
  mpx-135 acc: trials=242760000 accuracy=0.9781
  mpx-135 traj: trials=242880000 wall=333285s knowledge=0.7329 reliable=386 spec=8.01 pop=1974
  mpx-135 cover: trials=242880000 overall=0.7329 a0_nochange=0.0000 a0_change=0.9318 a1_nochange=1.0000 a1_change=1.0000 matched_but_wrong=0
  mpx-135 acc: trials=242880000 accuracy=0.9802
  mpx-135 traj: trials=243000000 wall=333361s knowledge=0.7338 reliable=396 spec=8.02 pop=1938
  mpx-135 cover: trials=243000000 overall=0.7338 a0_nochange=0.0000 a0_change=0.9355 a1_nochange=1.0000 a1_change=1.0000 matched_but_wrong=0
  mpx-135 acc: trials=243000000 accuracy=0.9749
  mpx-135 traj: trials=243120000 wall=333458s knowledge=0.7331 reliable=391 spec=8.03 pop=1757
  mpx-135 cover: trials=243120000 overall=0.7331 a0_nochange=0.0000 a0_change=0.9329 a1_nochange=1.0000 a1_change=1.0000 matched_but_wrong=0
  mpx-135 acc: trials=243120000 accuracy=0.9777
  mpx-135 traj: trials=243240000 wall=333551s knowledge=0.7329 reliable=383 spec=8.01 pop=2199
  mpx-135 cover: trials=243240000 overall=0.7329 a0_nochange=0.0000 a0_change=0.9318 a1_nochange=1.0000 a1_change=1.0000 matched_but_wrong=0
  mpx-135 acc: trials=243240000 accuracy=0.9760
  mpx-135 traj: trials=243360000 wall=333642s knowledge=0.7342 reliable=391 spec=8.03 pop=1940
  mpx-135 cover: trials=243360000 overall=0.7342 a0_nochange=0.0000 a0_change=0.9373 a1_nochange=1.0000 a1_change=1.0000 matched_but_wrong=0
  mpx-135 acc: trials=243360000 accuracy=0.9767
  mpx-135 traj: trials=243480000 wall=333728s knowledge=0.7348 reliable=385 spec=8.01 pop=2088
  mpx-135 cover: trials=243480000 overall=0.7348 a0_nochange=0.0000 a0_change=0.9396 a1_nochange=1.0000 a1_change=1.0000 matched_but_wrong=0
  mpx-135 acc: trials=243480000 accuracy=0.9804
  mpx-135 traj: trials=243600000 wall=333892s knowledge=0.7353 reliable=387 spec=8.02 pop=1831
  mpx-135 cover: trials=243600000 overall=0.7353 a0_nochange=0.0000 a0_change=0.9414 a1_nochange=1.0000 a1_change=1.0000 matched_but_wrong=0
  mpx-135 acc: trials=243600000 accuracy=0.9830
  mpx-135 traj: trials=243720000 wall=333979s knowledge=0.7348 reliable=384 spec=8.01 pop=2104
  mpx-135 cover: trials=243720000 overall=0.7348 a0_nochange=0.0000 a0_change=0.9396 a1_nochange=1.0000 a1_change=1.0000 matched_but_wrong=0
  mpx-135 acc: trials=243720000 accuracy=0.9844
  mpx-135 traj: trials=243840000 wall=334058s knowledge=0.7349 reliable=387 spec=8.02 pop=1780
  mpx-135 cover: trials=243840000 overall=0.7349 a0_nochange=0.0000 a0_change=0.9400 a1_nochange=1.0000 a1_change=1.0000 matched_but_wrong=0
  mpx-135 acc: trials=243840000 accuracy=0.9823
  mpx-135 traj: trials=243960000 wall=334140s knowledge=0.7337 reliable=387 spec=8.01 pop=1944
  mpx-135 cover: trials=243960000 overall=0.7337 a0_nochange=0.0000 a0_change=0.9353 a1_nochange=1.0000 a1_change=1.0000 matched_but_wrong=0
  mpx-135 acc: trials=243960000 accuracy=0.9820
  mpx-135 traj: trials=244080000 wall=334226s knowledge=0.7318 reliable=388 spec=8.00 pop=1887
  mpx-135 cover: trials=244080000 overall=0.7318 a0_nochange=0.0000 a0_change=0.9275 a1_nochange=1.0000 a1_change=1.0000 matched_but_wrong=0
  mpx-135 acc: trials=244080000 accuracy=0.9740
  mpx-135 traj: trials=244200000 wall=334373s knowledge=0.7326 reliable=384 spec=8.00 pop=1839
  mpx-135 cover: trials=244200000 overall=0.7326 a0_nochange=0.0000 a0_change=0.9309 a1_nochange=1.0000 a1_change=1.0000 matched_but_wrong=0
  mpx-135 acc: trials=244200000 accuracy=0.9792
  mpx-135 traj: trials=244320000 wall=334441s knowledge=0.7320 reliable=392 spec=8.01 pop=1876
  mpx-135 cover: trials=244320000 overall=0.7320 a0_nochange=0.0000 a0_change=0.9285 a1_nochange=1.0000 a1_change=1.0000 matched_but_wrong=0
  mpx-135 acc: trials=244320000 accuracy=0.9754
  mpx-135 traj: trials=244440000 wall=334525s knowledge=0.7326 reliable=389 spec=8.03 pop=2295
  mpx-135 cover: trials=244440000 overall=0.7326 a0_nochange=0.0000 a0_change=0.9307 a1_nochange=1.0000 a1_change=1.0000 matched_but_wrong=0
  mpx-135 acc: trials=244440000 accuracy=0.9761
  mpx-135 traj: trials=244560000 wall=334615s knowledge=0.7320 reliable=379 spec=8.01 pop=2007
  mpx-135 cover: trials=244560000 overall=0.7320 a0_nochange=0.0000 a0_change=0.9285 a1_nochange=1.0000 a1_change=1.0000 matched_but_wrong=0
  mpx-135 acc: trials=244560000 accuracy=0.9821
  mpx-135 traj: trials=244680000 wall=334686s knowledge=0.7332 reliable=386 spec=8.02 pop=1916
  mpx-135 cover: trials=244680000 overall=0.7332 a0_nochange=0.0000 a0_change=0.9330 a1_nochange=1.0000 a1_change=1.0000 matched_but_wrong=0
  mpx-135 acc: trials=244680000 accuracy=0.9828
  mpx-135 traj: trials=244800000 wall=334801s knowledge=0.7330 reliable=385 spec=8.01 pop=1895
  mpx-135 cover: trials=244800000 overall=0.7330 a0_nochange=0.0000 a0_change=0.9324 a1_nochange=1.0000 a1_change=1.0000 matched_but_wrong=0
  mpx-135 acc: trials=244800000 accuracy=0.9776
  mpx-135 traj: trials=244920000 wall=334864s knowledge=0.7320 reliable=381 spec=8.01 pop=1818
  mpx-135 cover: trials=244920000 overall=0.7320 a0_nochange=0.0000 a0_change=0.9285 a1_nochange=1.0000 a1_change=1.0000 matched_but_wrong=0
  mpx-135 acc: trials=244920000 accuracy=0.9792
  mpx-135 traj: trials=245040000 wall=334937s knowledge=0.7320 reliable=381 spec=8.01 pop=1900
  mpx-135 cover: trials=245040000 overall=0.7320 a0_nochange=0.0000 a0_change=0.9285 a1_nochange=1.0000 a1_change=1.0000 matched_but_wrong=0
  mpx-135 acc: trials=245040000 accuracy=0.9763
  mpx-135 traj: trials=245160000 wall=335006s knowledge=0.7329 reliable=385 spec=8.02 pop=1803
  mpx-135 cover: trials=245160000 overall=0.7329 a0_nochange=0.0000 a0_change=0.9319 a1_nochange=1.0000 a1_change=1.0000 matched_but_wrong=0
  mpx-135 acc: trials=245160000 accuracy=0.9794
  mpx-135 traj: trials=245280000 wall=335087s knowledge=0.7328 reliable=381 spec=8.01 pop=1805
  mpx-135 cover: trials=245280000 overall=0.7328 a0_nochange=0.0000 a0_change=0.9314 a1_nochange=1.0000 a1_change=1.0000 matched_but_wrong=0
  mpx-135 acc: trials=245280000 accuracy=0.9830
  mpx-135 traj: trials=245400000 wall=335181s knowledge=0.7328 reliable=386 spec=8.01 pop=1833
  mpx-135 cover: trials=245400000 overall=0.7328 a0_nochange=0.0000 a0_change=0.9314 a1_nochange=1.0000 a1_change=1.0000 matched_but_wrong=0
  mpx-135 acc: trials=245400000 accuracy=0.9792
  mpx-135 traj: trials=245520000 wall=335246s knowledge=0.7332 reliable=390 spec=8.02 pop=1775
  mpx-135 cover: trials=245520000 overall=0.7332 a0_nochange=0.0000 a0_change=0.9331 a1_nochange=1.0000 a1_change=1.0000 matched_but_wrong=0
  mpx-135 acc: trials=245520000 accuracy=0.9835
  mpx-135 traj: trials=245640000 wall=335329s knowledge=0.7338 reliable=388 spec=8.02 pop=2089
  mpx-135 cover: trials=245640000 overall=0.7338 a0_nochange=0.0000 a0_change=0.9357 a1_nochange=1.0000 a1_change=1.0000 matched_but_wrong=0
  mpx-135 acc: trials=245640000 accuracy=0.9767
  mpx-135 traj: trials=245760000 wall=335397s knowledge=0.7329 reliable=385 spec=8.01 pop=1952
  mpx-135 cover: trials=245760000 overall=0.7329 a0_nochange=0.0000 a0_change=0.9318 a1_nochange=1.0000 a1_change=1.0000 matched_but_wrong=0
  mpx-135 acc: trials=245760000 accuracy=0.9799
  mpx-135 traj: trials=245880000 wall=335466s knowledge=0.7329 reliable=389 spec=8.01 pop=1811
  mpx-135 cover: trials=245880000 overall=0.7329 a0_nochange=0.0000 a0_change=0.9318 a1_nochange=1.0000 a1_change=1.0000 matched_but_wrong=0
  mpx-135 acc: trials=245880000 accuracy=0.9754
  mpx-135 traj: trials=246000000 wall=335572s knowledge=0.7338 reliable=382 spec=8.02 pop=1876
  mpx-135 cover: trials=246000000 overall=0.7338 a0_nochange=0.0000 a0_change=0.9355 a1_nochange=1.0000 a1_change=1.0000 matched_but_wrong=0
  mpx-135 acc: trials=246000000 accuracy=0.9817
  mpx-135 traj: trials=246120000 wall=335673s knowledge=0.7338 reliable=390 spec=8.02 pop=1850
  mpx-135 cover: trials=246120000 overall=0.7338 a0_nochange=0.0000 a0_change=0.9355 a1_nochange=1.0000 a1_change=1.0000 matched_but_wrong=0
  mpx-135 acc: trials=246120000 accuracy=0.9740
  mpx-135 traj: trials=246240000 wall=335781s knowledge=0.7346 reliable=390 spec=8.00 pop=1809
  mpx-135 cover: trials=246240000 overall=0.7346 a0_nochange=0.0000 a0_change=0.9387 a1_nochange=1.0000 a1_change=1.0000 matched_but_wrong=0
  mpx-135 acc: trials=246240000 accuracy=0.9757
  mpx-135 traj: trials=246360000 wall=335853s knowledge=0.7342 reliable=387 spec=8.02 pop=2127
  mpx-135 cover: trials=246360000 overall=0.7342 a0_nochange=0.0000 a0_change=0.9370 a1_nochange=1.0000 a1_change=1.0000 matched_but_wrong=0
  mpx-135 acc: trials=246360000 accuracy=0.9817
  mpx-135 traj: trials=246480000 wall=336026s knowledge=0.7342 reliable=386 spec=8.02 pop=3321
  mpx-135 cover: trials=246480000 overall=0.7342 a0_nochange=0.0000 a0_change=0.9370 a1_nochange=1.0000 a1_change=1.0000 matched_but_wrong=0
  mpx-135 acc: trials=246480000 accuracy=0.9728
  mpx-135 traj: trials=246600000 wall=336106s knowledge=0.7341 reliable=385 spec=8.01 pop=1809
  mpx-135 cover: trials=246600000 overall=0.7341 a0_nochange=0.0000 a0_change=0.9366 a1_nochange=1.0000 a1_change=1.0000 matched_but_wrong=0
  mpx-135 acc: trials=246600000 accuracy=0.9829
  mpx-135 traj: trials=246720000 wall=336288s knowledge=0.7336 reliable=388 spec=8.00 pop=1906
  mpx-135 cover: trials=246720000 overall=0.7336 a0_nochange=0.0000 a0_change=0.9347 a1_nochange=1.0000 a1_change=1.0000 matched_but_wrong=0
  mpx-135 acc: trials=246720000 accuracy=0.9762
  mpx-135 traj: trials=246840000 wall=336406s knowledge=0.7341 reliable=390 spec=8.00 pop=1701
  mpx-135 cover: trials=246840000 overall=0.7341 a0_nochange=0.0000 a0_change=0.9366 a1_nochange=1.0000 a1_change=1.0000 matched_but_wrong=0
  mpx-135 acc: trials=246840000 accuracy=0.9794
  mpx-135 traj: trials=246960000 wall=336543s knowledge=0.7336 reliable=387 spec=8.00 pop=1856
  mpx-135 cover: trials=246960000 overall=0.7336 a0_nochange=0.0000 a0_change=0.9347 a1_nochange=1.0000 a1_change=1.0000 matched_but_wrong=0
  mpx-135 acc: trials=246960000 accuracy=0.9759
  mpx-135 traj: trials=247080000 wall=336827s knowledge=0.7338 reliable=388 spec=8.01 pop=1941
  mpx-135 cover: trials=247080000 overall=0.7338 a0_nochange=0.0000 a0_change=0.9356 a1_nochange=1.0000 a1_change=1.0000 matched_but_wrong=0
  mpx-135 acc: trials=247080000 accuracy=0.9761
  mpx-135 traj: trials=247200000 wall=336907s knowledge=0.7336 reliable=385 spec=8.00 pop=2014
  mpx-135 cover: trials=247200000 overall=0.7336 a0_nochange=0.0000 a0_change=0.9347 a1_nochange=1.0000 a1_change=1.0000 matched_but_wrong=0
  mpx-135 acc: trials=247200000 accuracy=0.9799
  mpx-135 traj: trials=247320000 wall=337037s knowledge=0.7338 reliable=382 spec=8.01 pop=1829
  mpx-135 cover: trials=247320000 overall=0.7338 a0_nochange=0.0000 a0_change=0.9357 a1_nochange=1.0000 a1_change=1.0000 matched_but_wrong=0
  mpx-135 acc: trials=247320000 accuracy=0.9827
  mpx-135 traj: trials=247440000 wall=337186s knowledge=0.7344 reliable=383 spec=8.00 pop=1777
  mpx-135 cover: trials=247440000 overall=0.7344 a0_nochange=0.0000 a0_change=0.9381 a1_nochange=1.0000 a1_change=1.0000 matched_but_wrong=0
  mpx-135 acc: trials=247440000 accuracy=0.9807
  mpx-135 traj: trials=247560000 wall=337258s knowledge=0.7350 reliable=385 spec=8.00 pop=1841
  mpx-135 cover: trials=247560000 overall=0.7350 a0_nochange=0.0000 a0_change=0.9405 a1_nochange=1.0000 a1_change=1.0000 matched_but_wrong=0
  mpx-135 acc: trials=247560000 accuracy=0.9777
  mpx-135 traj: trials=247680000 wall=337454s knowledge=0.7344 reliable=383 spec=8.00 pop=2105
  mpx-135 cover: trials=247680000 overall=0.7344 a0_nochange=0.0000 a0_change=0.9381 a1_nochange=1.0000 a1_change=1.0000 matched_but_wrong=0
  mpx-135 acc: trials=247680000 accuracy=0.9842
  mpx-135 traj: trials=247800000 wall=337552s knowledge=0.7336 reliable=383 spec=8.01 pop=3626
  mpx-135 cover: trials=247800000 overall=0.7336 a0_nochange=0.0000 a0_change=0.9349 a1_nochange=1.0000 a1_change=1.0000 matched_but_wrong=0
  mpx-135 acc: trials=247800000 accuracy=0.9753
  mpx-135 traj: trials=247920000 wall=337712s knowledge=0.7336 reliable=385 spec=8.01 pop=1757
  mpx-135 cover: trials=247920000 overall=0.7336 a0_nochange=0.0000 a0_change=0.9349 a1_nochange=1.0000 a1_change=1.0000 matched_but_wrong=0
  mpx-135 acc: trials=247920000 accuracy=0.9845
  mpx-135 traj: trials=248040000 wall=337800s knowledge=0.7336 reliable=387 spec=8.01 pop=1827
  mpx-135 cover: trials=248040000 overall=0.7336 a0_nochange=0.0000 a0_change=0.9349 a1_nochange=1.0000 a1_change=1.0000 matched_but_wrong=0
  mpx-135 acc: trials=248040000 accuracy=0.9833
  mpx-135 traj: trials=248160000 wall=337891s knowledge=0.7339 reliable=386 spec=8.01 pop=2006
  mpx-135 cover: trials=248160000 overall=0.7339 a0_nochange=0.0000 a0_change=0.9358 a1_nochange=1.0000 a1_change=1.0000 matched_but_wrong=0
  mpx-135 acc: trials=248160000 accuracy=0.9790
  mpx-135 traj: trials=248280000 wall=337986s knowledge=0.7339 reliable=383 spec=8.01 pop=2847
  mpx-135 cover: trials=248280000 overall=0.7339 a0_nochange=0.0000 a0_change=0.9357 a1_nochange=1.0000 a1_change=1.0000 matched_but_wrong=0
  mpx-135 acc: trials=248280000 accuracy=0.9782
  mpx-135 traj: trials=248400000 wall=338065s knowledge=0.7335 reliable=386 spec=8.00 pop=1917
  mpx-135 cover: trials=248400000 overall=0.7335 a0_nochange=0.0000 a0_change=0.9342 a1_nochange=1.0000 a1_change=1.0000 matched_but_wrong=0
  mpx-135 acc: trials=248400000 accuracy=0.9761
  mpx-135 traj: trials=248520000 wall=338146s knowledge=0.7335 reliable=386 spec=8.00 pop=1806
  mpx-135 cover: trials=248520000 overall=0.7335 a0_nochange=0.0000 a0_change=0.9342 a1_nochange=1.0000 a1_change=1.0000 matched_but_wrong=0
  mpx-135 acc: trials=248520000 accuracy=0.9809
  mpx-135 traj: trials=248640000 wall=338227s knowledge=0.7327 reliable=386 spec=8.01 pop=2026
  mpx-135 cover: trials=248640000 overall=0.7327 a0_nochange=0.0000 a0_change=0.9310 a1_nochange=1.0000 a1_change=1.0000 matched_but_wrong=0
  mpx-135 acc: trials=248640000 accuracy=0.9834
  mpx-135 traj: trials=248760000 wall=338305s knowledge=0.7327 reliable=384 spec=8.01 pop=1952
  mpx-135 cover: trials=248760000 overall=0.7327 a0_nochange=0.0000 a0_change=0.9310 a1_nochange=1.0000 a1_change=1.0000 matched_but_wrong=0
  mpx-135 acc: trials=248760000 accuracy=0.9822
  mpx-135 traj: trials=248880000 wall=338380s knowledge=0.7325 reliable=380 spec=8.00 pop=1835
  mpx-135 cover: trials=248880000 overall=0.7325 a0_nochange=0.0000 a0_change=0.9301 a1_nochange=1.0000 a1_change=1.0000 matched_but_wrong=0
  mpx-135 acc: trials=248880000 accuracy=0.9751
  mpx-135 traj: trials=249000000 wall=338457s knowledge=0.7325 reliable=382 spec=8.00 pop=3099
  mpx-135 cover: trials=249000000 overall=0.7325 a0_nochange=0.0000 a0_change=0.9301 a1_nochange=1.0000 a1_change=1.0000 matched_but_wrong=0
  mpx-135 acc: trials=249000000 accuracy=0.9750
  mpx-135 traj: trials=249120000 wall=338569s knowledge=0.7325 reliable=382 spec=8.01 pop=1866
  mpx-135 cover: trials=249120000 overall=0.7325 a0_nochange=0.0000 a0_change=0.9305 a1_nochange=1.0000 a1_change=1.0000 matched_but_wrong=0
  mpx-135 acc: trials=249120000 accuracy=0.9750
  mpx-135 traj: trials=249240000 wall=338627s knowledge=0.7325 reliable=388 spec=8.00 pop=1958
  mpx-135 cover: trials=249240000 overall=0.7325 a0_nochange=0.0000 a0_change=0.9301 a1_nochange=1.0000 a1_change=1.0000 matched_but_wrong=0
  mpx-135 acc: trials=249240000 accuracy=0.9764
  mpx-135 traj: trials=249360000 wall=338745s knowledge=0.7325 reliable=384 spec=8.00 pop=1929
  mpx-135 cover: trials=249360000 overall=0.7325 a0_nochange=0.0000 a0_change=0.9301 a1_nochange=1.0000 a1_change=1.0000 matched_but_wrong=0
  mpx-135 acc: trials=249360000 accuracy=0.9794
  mpx-135 traj: trials=249480000 wall=338826s knowledge=0.7325 reliable=387 spec=8.00 pop=1963
  mpx-135 cover: trials=249480000 overall=0.7325 a0_nochange=0.0000 a0_change=0.9301 a1_nochange=1.0000 a1_change=1.0000 matched_but_wrong=0
  mpx-135 acc: trials=249480000 accuracy=0.9772
  mpx-135 traj: trials=249600000 wall=339185s knowledge=0.7325 reliable=378 spec=8.00 pop=1840
  mpx-135 cover: trials=249600000 overall=0.7325 a0_nochange=0.0000 a0_change=0.9301 a1_nochange=1.0000 a1_change=1.0000 matched_but_wrong=0
  mpx-135 acc: trials=249600000 accuracy=0.9764
  mpx-135 traj: trials=249720000 wall=339262s knowledge=0.7327 reliable=380 spec=8.00 pop=1968
  mpx-135 cover: trials=249720000 overall=0.7327 a0_nochange=0.0000 a0_change=0.9312 a1_nochange=1.0000 a1_change=1.0000 matched_but_wrong=0
  mpx-135 acc: trials=249720000 accuracy=0.9752
  mpx-135 traj: trials=249840000 wall=339321s knowledge=0.7327 reliable=385 spec=8.01 pop=1825
  mpx-135 cover: trials=249840000 overall=0.7327 a0_nochange=0.0000 a0_change=0.9313 a1_nochange=1.0000 a1_change=1.0000 matched_but_wrong=0
  mpx-135 acc: trials=249840000 accuracy=0.9712
  mpx-135 traj: trials=249960000 wall=339429s knowledge=0.7337 reliable=381 spec=8.01 pop=2265
  mpx-135 cover: trials=249960000 overall=0.7337 a0_nochange=0.0000 a0_change=0.9350 a1_nochange=1.0000 a1_change=1.0000 matched_but_wrong=0
  mpx-135 acc: trials=249960000 accuracy=0.9815
  mpx-135 traj: trials=250080000 wall=339542s knowledge=0.7342 reliable=384 spec=8.01 pop=2254
  mpx-135 cover: trials=250080000 overall=0.7342 a0_nochange=0.0000 a0_change=0.9370 a1_nochange=1.0000 a1_change=1.0000 matched_but_wrong=0
  mpx-135 acc: trials=250080000 accuracy=0.9786
  mpx-135 traj: trials=250200000 wall=339630s knowledge=0.7335 reliable=386 spec=8.00 pop=1969
  mpx-135 cover: trials=250200000 overall=0.7335 a0_nochange=0.0000 a0_change=0.9344 a1_nochange=1.0000 a1_change=1.0000 matched_but_wrong=0
  mpx-135 acc: trials=250200000 accuracy=0.9773
  mpx-135 traj: trials=250320000 wall=339757s knowledge=0.7344 reliable=390 spec=8.00 pop=2014
  mpx-135 cover: trials=250320000 overall=0.7344 a0_nochange=0.0000 a0_change=0.9381 a1_nochange=1.0000 a1_change=1.0000 matched_but_wrong=0
  mpx-135 acc: trials=250320000 accuracy=0.9805
  mpx-135 traj: trials=250440000 wall=339842s knowledge=0.7347 reliable=391 spec=8.01 pop=1829
  mpx-135 cover: trials=250440000 overall=0.7347 a0_nochange=0.0000 a0_change=0.9391 a1_nochange=1.0000 a1_change=1.0000 matched_but_wrong=0
  mpx-135 acc: trials=250440000 accuracy=0.9801
  mpx-135 traj: trials=250560000 wall=339982s knowledge=0.7357 reliable=387 spec=8.01 pop=2531
  mpx-135 cover: trials=250560000 overall=0.7357 a0_nochange=0.0000 a0_change=0.9432 a1_nochange=1.0000 a1_change=1.0000 matched_but_wrong=0
  mpx-135 acc: trials=250560000 accuracy=0.9844
  mpx-135 traj: trials=250680000 wall=340058s knowledge=0.7367 reliable=396 spec=8.02 pop=1783
  mpx-135 cover: trials=250680000 overall=0.7367 a0_nochange=0.0000 a0_change=0.9471 a1_nochange=1.0000 a1_change=1.0000 matched_but_wrong=0
  mpx-135 acc: trials=250680000 accuracy=0.9822
  mpx-135 traj: trials=250800000 wall=340147s knowledge=0.7361 reliable=392 spec=8.02 pop=2252
  mpx-135 cover: trials=250800000 overall=0.7361 a0_nochange=0.0000 a0_change=0.9449 a1_nochange=1.0000 a1_change=1.0000 matched_but_wrong=0
  mpx-135 acc: trials=250800000 accuracy=0.9799
  mpx-135 traj: trials=250920000 wall=340255s knowledge=0.7352 reliable=387 spec=8.02 pop=1941
  mpx-135 cover: trials=250920000 overall=0.7352 a0_nochange=0.0000 a0_change=0.9411 a1_nochange=1.0000 a1_change=1.0000 matched_but_wrong=0
  mpx-135 acc: trials=250920000 accuracy=0.9778
  mpx-135 traj: trials=251040000 wall=340355s knowledge=0.7356 reliable=397 spec=8.02 pop=1814
  mpx-135 cover: trials=251040000 overall=0.7356 a0_nochange=0.0000 a0_change=0.9426 a1_nochange=1.0000 a1_change=1.0000 matched_but_wrong=0
  mpx-135 acc: trials=251040000 accuracy=0.9826
  mpx-135 traj: trials=251160000 wall=340420s knowledge=0.7356 reliable=388 spec=8.02 pop=1891
  mpx-135 cover: trials=251160000 overall=0.7356 a0_nochange=0.0000 a0_change=0.9426 a1_nochange=1.0000 a1_change=1.0000 matched_but_wrong=0
  mpx-135 acc: trials=251160000 accuracy=0.9786
  mpx-135 traj: trials=251280000 wall=340607s knowledge=0.7355 reliable=389 spec=8.01 pop=1811
  mpx-135 cover: trials=251280000 overall=0.7355 a0_nochange=0.0000 a0_change=0.9421 a1_nochange=1.0000 a1_change=1.0000 matched_but_wrong=0
  mpx-135 acc: trials=251280000 accuracy=0.9803
  mpx-135 traj: trials=251400000 wall=340732s knowledge=0.7355 reliable=385 spec=8.01 pop=2112
  mpx-135 cover: trials=251400000 overall=0.7355 a0_nochange=0.0000 a0_change=0.9421 a1_nochange=1.0000 a1_change=1.0000 matched_but_wrong=0
  mpx-135 acc: trials=251400000 accuracy=0.9864
  mpx-135 traj: trials=251520000 wall=340809s knowledge=0.7355 reliable=383 spec=8.01 pop=1892
  mpx-135 cover: trials=251520000 overall=0.7355 a0_nochange=0.0000 a0_change=0.9421 a1_nochange=1.0000 a1_change=1.0000 matched_but_wrong=0
  mpx-135 acc: trials=251520000 accuracy=0.9800
  mpx-135 traj: trials=251640000 wall=340968s knowledge=0.7355 reliable=386 spec=8.02 pop=3922
  mpx-135 cover: trials=251640000 overall=0.7355 a0_nochange=0.0000 a0_change=0.9422 a1_nochange=1.0000 a1_change=1.0000 matched_but_wrong=0
  mpx-135 acc: trials=251640000 accuracy=0.9828
  mpx-135 traj: trials=251760000 wall=341131s knowledge=0.7351 reliable=388 spec=8.04 pop=1814
  mpx-135 cover: trials=251760000 overall=0.7351 a0_nochange=0.0000 a0_change=0.9409 a1_nochange=1.0000 a1_change=1.0000 matched_but_wrong=0
  mpx-135 acc: trials=251760000 accuracy=0.9836
  mpx-135 traj: trials=251880000 wall=341237s knowledge=0.7346 reliable=388 spec=8.03 pop=1776
  mpx-135 cover: trials=251880000 overall=0.7346 a0_nochange=0.0000 a0_change=0.9387 a1_nochange=1.0000 a1_change=1.0000 matched_but_wrong=0
  mpx-135 acc: trials=251880000 accuracy=0.9764
  mpx-135 traj: trials=252000000 wall=341305s knowledge=0.7346 reliable=388 spec=8.02 pop=1875
  mpx-135 cover: trials=252000000 overall=0.7346 a0_nochange=0.0000 a0_change=0.9386 a1_nochange=1.0000 a1_change=1.0000 matched_but_wrong=0
  mpx-135 acc: trials=252000000 accuracy=0.9813
  mpx-135 traj: trials=252120000 wall=341367s knowledge=0.7346 reliable=390 spec=8.02 pop=1857
  mpx-135 cover: trials=252120000 overall=0.7346 a0_nochange=0.0000 a0_change=0.9386 a1_nochange=1.0000 a1_change=1.0000 matched_but_wrong=0
  mpx-135 acc: trials=252120000 accuracy=0.9751
  mpx-135 traj: trials=252240000 wall=341519s knowledge=0.7350 reliable=387 spec=8.02 pop=2006
  mpx-135 cover: trials=252240000 overall=0.7350 a0_nochange=0.0000 a0_change=0.9402 a1_nochange=1.0000 a1_change=1.0000 matched_but_wrong=0
  mpx-135 acc: trials=252240000 accuracy=0.9816
  mpx-135 traj: trials=252360000 wall=341782s knowledge=0.7347 reliable=383 spec=8.03 pop=1951
  mpx-135 cover: trials=252360000 overall=0.7347 a0_nochange=0.0000 a0_change=0.9390 a1_nochange=1.0000 a1_change=1.0000 matched_but_wrong=0
  mpx-135 acc: trials=252360000 accuracy=0.9799
  mpx-135 traj: trials=252480000 wall=341900s knowledge=0.7362 reliable=387 spec=8.03 pop=1952
  mpx-135 cover: trials=252480000 overall=0.7362 a0_nochange=0.0000 a0_change=0.9451 a1_nochange=1.0000 a1_change=1.0000 matched_but_wrong=0
  mpx-135 acc: trials=252480000 accuracy=0.9800
  mpx-135 traj: trials=252600000 wall=342050s knowledge=0.7356 reliable=390 spec=8.03 pop=1839
  mpx-135 cover: trials=252600000 overall=0.7356 a0_nochange=0.0000 a0_change=0.9428 a1_nochange=1.0000 a1_change=1.0000 matched_but_wrong=0
  mpx-135 acc: trials=252600000 accuracy=0.9800
  mpx-135 traj: trials=252720000 wall=342162s knowledge=0.7356 reliable=385 spec=8.03 pop=1862
  mpx-135 cover: trials=252720000 overall=0.7356 a0_nochange=0.0000 a0_change=0.9428 a1_nochange=1.0000 a1_change=1.0000 matched_but_wrong=0
  mpx-135 acc: trials=252720000 accuracy=0.9826
  mpx-135 traj: trials=252840000 wall=342343s knowledge=0.7346 reliable=390 spec=8.02 pop=1844
  mpx-135 cover: trials=252840000 overall=0.7346 a0_nochange=0.0000 a0_change=0.9386 a1_nochange=1.0000 a1_change=1.0000 matched_but_wrong=0
  mpx-135 acc: trials=252840000 accuracy=0.9844
  mpx-135 traj: trials=252960000 wall=342409s knowledge=0.7346 reliable=388 spec=8.02 pop=1806
  mpx-135 cover: trials=252960000 overall=0.7346 a0_nochange=0.0000 a0_change=0.9386 a1_nochange=1.0000 a1_change=1.0000 matched_but_wrong=0
  mpx-135 acc: trials=252960000 accuracy=0.9772
  mpx-135 traj: trials=253080000 wall=342500s knowledge=0.7346 reliable=383 spec=8.02 pop=2456
  mpx-135 cover: trials=253080000 overall=0.7346 a0_nochange=0.0000 a0_change=0.9386 a1_nochange=1.0000 a1_change=1.0000 matched_but_wrong=0
  mpx-135 acc: trials=253080000 accuracy=0.9803
  mpx-135 traj: trials=253200000 wall=342671s knowledge=0.7345 reliable=385 spec=8.01 pop=6130
  mpx-135 cover: trials=253200000 overall=0.7345 a0_nochange=0.0000 a0_change=0.9383 a1_nochange=1.0000 a1_change=1.0000 matched_but_wrong=0
  mpx-135 acc: trials=253200000 accuracy=0.9837
  mpx-135 traj: trials=253320000 wall=342754s knowledge=0.7349 reliable=387 spec=8.02 pop=1925
  mpx-135 cover: trials=253320000 overall=0.7349 a0_nochange=0.0000 a0_change=0.9399 a1_nochange=1.0000 a1_change=1.0000 matched_but_wrong=0
  mpx-135 acc: trials=253320000 accuracy=0.9808
  mpx-135 traj: trials=253440000 wall=342891s knowledge=0.7353 reliable=389 spec=8.02 pop=1984
  mpx-135 cover: trials=253440000 overall=0.7353 a0_nochange=0.0000 a0_change=0.9415 a1_nochange=1.0000 a1_change=1.0000 matched_but_wrong=0
  mpx-135 acc: trials=253440000 accuracy=0.9817
  mpx-135 traj: trials=253560000 wall=342958s knowledge=0.7350 reliable=384 spec=8.02 pop=1918
  mpx-135 cover: trials=253560000 overall=0.7350 a0_nochange=0.0000 a0_change=0.9402 a1_nochange=1.0000 a1_change=1.0000 matched_but_wrong=0
  mpx-135 acc: trials=253560000 accuracy=0.9807
  mpx-135 traj: trials=253680000 wall=343024s knowledge=0.7348 reliable=385 spec=8.02 pop=1972
  mpx-135 cover: trials=253680000 overall=0.7348 a0_nochange=0.0000 a0_change=0.9395 a1_nochange=1.0000 a1_change=1.0000 matched_but_wrong=0
  mpx-135 acc: trials=253680000 accuracy=0.9836
  mpx-135 traj: trials=253800000 wall=343082s knowledge=0.7351 reliable=384 spec=8.02 pop=1735
  mpx-135 cover: trials=253800000 overall=0.7351 a0_nochange=0.0000 a0_change=0.9406 a1_nochange=1.0000 a1_change=1.0000 matched_but_wrong=0
  mpx-135 acc: trials=253800000 accuracy=0.9787
  mpx-135 traj: trials=253920000 wall=343200s knowledge=0.7351 reliable=383 spec=8.02 pop=1878
  mpx-135 cover: trials=253920000 overall=0.7351 a0_nochange=0.0000 a0_change=0.9406 a1_nochange=1.0000 a1_change=1.0000 matched_but_wrong=0
  mpx-135 acc: trials=253920000 accuracy=0.9836
  mpx-135 traj: trials=254040000 wall=343260s knowledge=0.7356 reliable=391 spec=8.04 pop=1798
  mpx-135 cover: trials=254040000 overall=0.7356 a0_nochange=0.0000 a0_change=0.9426 a1_nochange=1.0000 a1_change=1.0000 matched_but_wrong=0
  mpx-135 acc: trials=254040000 accuracy=0.9858
  mpx-135 traj: trials=254160000 wall=343464s knowledge=0.7365 reliable=390 spec=8.04 pop=1934
  mpx-135 cover: trials=254160000 overall=0.7365 a0_nochange=0.0000 a0_change=0.9463 a1_nochange=1.0000 a1_change=1.0000 matched_but_wrong=0
  mpx-135 acc: trials=254160000 accuracy=0.9822
  mpx-135 traj: trials=254280000 wall=343579s knowledge=0.7351 reliable=392 spec=8.04 pop=1882
  mpx-135 cover: trials=254280000 overall=0.7351 a0_nochange=0.0000 a0_change=0.9408 a1_nochange=1.0000 a1_change=1.0000 matched_but_wrong=0
  mpx-135 acc: trials=254280000 accuracy=0.9785
  mpx-135 traj: trials=254400000 wall=343715s knowledge=0.7349 reliable=393 spec=8.02 pop=1864
  mpx-135 cover: trials=254400000 overall=0.7349 a0_nochange=0.0000 a0_change=0.9398 a1_nochange=1.0000 a1_change=1.0000 matched_but_wrong=0
  mpx-135 acc: trials=254400000 accuracy=0.9815
  mpx-135 traj: trials=254520000 wall=343823s knowledge=0.7346 reliable=390 spec=8.01 pop=2788
  mpx-135 cover: trials=254520000 overall=0.7346 a0_nochange=0.0000 a0_change=0.9385 a1_nochange=1.0000 a1_change=1.0000 matched_but_wrong=0
  mpx-135 acc: trials=254520000 accuracy=0.9782
  mpx-135 traj: trials=254640000 wall=343915s knowledge=0.7346 reliable=390 spec=8.01 pop=1768
  mpx-135 cover: trials=254640000 overall=0.7346 a0_nochange=0.0000 a0_change=0.9385 a1_nochange=1.0000 a1_change=1.0000 matched_but_wrong=0
  mpx-135 acc: trials=254640000 accuracy=0.9803
  mpx-135 traj: trials=254760000 wall=344040s knowledge=0.7344 reliable=384 spec=8.00 pop=2229
  mpx-135 cover: trials=254760000 overall=0.7344 a0_nochange=0.0000 a0_change=0.9381 a1_nochange=1.0000 a1_change=1.0000 matched_but_wrong=0
  mpx-135 acc: trials=254760000 accuracy=0.9831
  mpx-135 traj: trials=254880000 wall=344212s knowledge=0.7345 reliable=388 spec=8.01 pop=1852
  mpx-135 cover: trials=254880000 overall=0.7345 a0_nochange=0.0000 a0_change=0.9384 a1_nochange=1.0000 a1_change=1.0000 matched_but_wrong=0
  mpx-135 acc: trials=254880000 accuracy=0.9763
  mpx-135 traj: trials=255000000 wall=344288s knowledge=0.7345 reliable=385 spec=8.01 pop=1830
  mpx-135 cover: trials=255000000 overall=0.7345 a0_nochange=0.0000 a0_change=0.9384 a1_nochange=1.0000 a1_change=1.0000 matched_but_wrong=0
  mpx-135 acc: trials=255000000 accuracy=0.9804
  mpx-135 traj: trials=255120000 wall=344386s knowledge=0.7349 reliable=386 spec=8.02 pop=1953
  mpx-135 cover: trials=255120000 overall=0.7349 a0_nochange=0.0000 a0_change=0.9397 a1_nochange=1.0000 a1_change=1.0000 matched_but_wrong=0
  mpx-135 acc: trials=255120000 accuracy=0.9801
  mpx-135 traj: trials=255240000 wall=344513s knowledge=0.7349 reliable=386 spec=8.02 pop=1841
  mpx-135 cover: trials=255240000 overall=0.7349 a0_nochange=0.0000 a0_change=0.9397 a1_nochange=1.0000 a1_change=1.0000 matched_but_wrong=0
  mpx-135 acc: trials=255240000 accuracy=0.9850
  mpx-135 traj: trials=255360000 wall=344586s knowledge=0.7345 reliable=384 spec=8.01 pop=1880
  mpx-135 cover: trials=255360000 overall=0.7345 a0_nochange=0.0000 a0_change=0.9381 a1_nochange=1.0000 a1_change=1.0000 matched_but_wrong=0
  mpx-135 acc: trials=255360000 accuracy=0.9748
  mpx-135 traj: trials=255480000 wall=344693s knowledge=0.7344 reliable=385 spec=8.00 pop=2370
  mpx-135 cover: trials=255480000 overall=0.7344 a0_nochange=0.0000 a0_change=0.9381 a1_nochange=1.0000 a1_change=1.0000 matched_but_wrong=0
  mpx-135 acc: trials=255480000 accuracy=0.9844
  mpx-135 traj: trials=255600000 wall=344767s knowledge=0.7344 reliable=391 spec=8.00 pop=2085
  mpx-135 cover: trials=255600000 overall=0.7344 a0_nochange=0.0000 a0_change=0.9381 a1_nochange=1.0000 a1_change=1.0000 matched_but_wrong=0
  mpx-135 acc: trials=255600000 accuracy=0.9818
  mpx-135 traj: trials=255720000 wall=344858s knowledge=0.7349 reliable=385 spec=8.00 pop=2038
  mpx-135 cover: trials=255720000 overall=0.7349 a0_nochange=0.0000 a0_change=0.9400 a1_nochange=1.0000 a1_change=1.0000 matched_but_wrong=0
  mpx-135 acc: trials=255720000 accuracy=0.9793
  mpx-135 traj: trials=255840000 wall=344943s knowledge=0.7344 reliable=385 spec=8.00 pop=2049
  mpx-135 cover: trials=255840000 overall=0.7344 a0_nochange=0.0000 a0_change=0.9381 a1_nochange=1.0000 a1_change=1.0000 matched_but_wrong=0
  mpx-135 acc: trials=255840000 accuracy=0.9800
  mpx-135 traj: trials=255960000 wall=345003s knowledge=0.7344 reliable=387 spec=8.00 pop=2015
  mpx-135 cover: trials=255960000 overall=0.7344 a0_nochange=0.0000 a0_change=0.9381 a1_nochange=1.0000 a1_change=1.0000 matched_but_wrong=0
  mpx-135 acc: trials=255960000 accuracy=0.9803
  mpx-135 traj: trials=256080000 wall=345079s knowledge=0.7344 reliable=381 spec=8.00 pop=1858
  mpx-135 cover: trials=256080000 overall=0.7344 a0_nochange=0.0000 a0_change=0.9381 a1_nochange=1.0000 a1_change=1.0000 matched_but_wrong=0
  mpx-135 acc: trials=256080000 accuracy=0.9814
  mpx-135 traj: trials=256200000 wall=345191s knowledge=0.7344 reliable=383 spec=8.00 pop=1927
  mpx-135 cover: trials=256200000 overall=0.7344 a0_nochange=0.0000 a0_change=0.9381 a1_nochange=1.0000 a1_change=1.0000 matched_but_wrong=0
  mpx-135 acc: trials=256200000 accuracy=0.9822
  mpx-135 traj: trials=256320000 wall=345532s knowledge=0.7362 reliable=390 spec=8.01 pop=2107
  mpx-135 cover: trials=256320000 overall=0.7362 a0_nochange=0.0000 a0_change=0.9453 a1_nochange=1.0000 a1_change=1.0000 matched_but_wrong=0
  mpx-135 acc: trials=256320000 accuracy=0.9826
  mpx-135 traj: trials=256440000 wall=345792s knowledge=0.7362 reliable=392 spec=8.02 pop=1875
  mpx-135 cover: trials=256440000 overall=0.7362 a0_nochange=0.0000 a0_change=0.9452 a1_nochange=1.0000 a1_change=1.0000 matched_but_wrong=0
  mpx-135 acc: trials=256440000 accuracy=0.9876
  mpx-135 traj: trials=256560000 wall=345858s knowledge=0.7355 reliable=385 spec=8.01 pop=1873
  mpx-135 cover: trials=256560000 overall=0.7355 a0_nochange=0.0000 a0_change=0.9422 a1_nochange=1.0000 a1_change=1.0000 matched_but_wrong=0
  mpx-135 acc: trials=256560000 accuracy=0.9822
  mpx-135 traj: trials=256680000 wall=346001s knowledge=0.7354 reliable=382 spec=8.00 pop=2772
  mpx-135 cover: trials=256680000 overall=0.7354 a0_nochange=0.0000 a0_change=0.9419 a1_nochange=1.0000 a1_change=1.0000 matched_but_wrong=0
  mpx-135 acc: trials=256680000 accuracy=0.9764
  mpx-135 traj: trials=256800000 wall=346122s knowledge=0.7359 reliable=384 spec=8.00 pop=2471
  mpx-135 cover: trials=256800000 overall=0.7359 a0_nochange=0.0000 a0_change=0.9439 a1_nochange=1.0000 a1_change=1.0000 matched_but_wrong=0
  mpx-135 acc: trials=256800000 accuracy=0.9776
  mpx-135 traj: trials=256920000 wall=346195s knowledge=0.7358 reliable=387 spec=8.00 pop=1810
  mpx-135 cover: trials=256920000 overall=0.7358 a0_nochange=0.0000 a0_change=0.9434 a1_nochange=1.0000 a1_change=1.0000 matched_but_wrong=0
  mpx-135 acc: trials=256920000 accuracy=0.9815
  mpx-135 traj: trials=257040000 wall=346272s knowledge=0.7354 reliable=386 spec=8.00 pop=2016
  mpx-135 cover: trials=257040000 overall=0.7354 a0_nochange=0.0000 a0_change=0.9419 a1_nochange=1.0000 a1_change=1.0000 matched_but_wrong=0
  mpx-135 acc: trials=257040000 accuracy=0.9815
  mpx-135 traj: trials=257160000 wall=346358s knowledge=0.7364 reliable=387 spec=8.00 pop=1936
  mpx-135 cover: trials=257160000 overall=0.7364 a0_nochange=0.0000 a0_change=0.9458 a1_nochange=1.0000 a1_change=1.0000 matched_but_wrong=0
  mpx-135 acc: trials=257160000 accuracy=0.9830
  mpx-135 traj: trials=257280000 wall=346503s knowledge=0.7369 reliable=392 spec=8.01 pop=1895
  mpx-135 cover: trials=257280000 overall=0.7369 a0_nochange=0.0000 a0_change=0.9477 a1_nochange=1.0000 a1_change=1.0000 matched_but_wrong=0
  mpx-135 acc: trials=257280000 accuracy=0.9800
  mpx-135 traj: trials=257400000 wall=346597s knowledge=0.7364 reliable=387 spec=8.00 pop=1860
  mpx-135 cover: trials=257400000 overall=0.7364 a0_nochange=0.0000 a0_change=0.9458 a1_nochange=1.0000 a1_change=1.0000 matched_but_wrong=0
  mpx-135 acc: trials=257400000 accuracy=0.9841
  mpx-135 traj: trials=257520000 wall=346692s knowledge=0.7362 reliable=384 spec=8.00 pop=1763
  mpx-135 cover: trials=257520000 overall=0.7362 a0_nochange=0.0000 a0_change=0.9452 a1_nochange=1.0000 a1_change=1.0000 matched_but_wrong=0
  mpx-135 acc: trials=257520000 accuracy=0.9904
  mpx-135 traj: trials=257640000 wall=346774s knowledge=0.7369 reliable=391 spec=8.01 pop=1797
  mpx-135 cover: trials=257640000 overall=0.7369 a0_nochange=0.0000 a0_change=0.9480 a1_nochange=1.0000 a1_change=1.0000 matched_but_wrong=0
  mpx-135 acc: trials=257640000 accuracy=0.9825
  mpx-135 traj: trials=257760000 wall=346857s knowledge=0.7377 reliable=386 spec=8.01 pop=1879
  mpx-135 cover: trials=257760000 overall=0.7377 a0_nochange=0.0000 a0_change=0.9513 a1_nochange=1.0000 a1_change=1.0000 matched_but_wrong=0
  mpx-135 acc: trials=257760000 accuracy=0.9918
  mpx-135 traj: trials=257880000 wall=346948s knowledge=0.7370 reliable=386 spec=8.01 pop=1804
  mpx-135 cover: trials=257880000 overall=0.7370 a0_nochange=0.0000 a0_change=0.9482 a1_nochange=1.0000 a1_change=1.0000 matched_but_wrong=0
  mpx-135 acc: trials=257880000 accuracy=0.9843
  mpx-135 traj: trials=258000000 wall=347053s knowledge=0.7368 reliable=386 spec=8.01 pop=2279
  mpx-135 cover: trials=258000000 overall=0.7368 a0_nochange=0.0000 a0_change=0.9477 a1_nochange=1.0000 a1_change=1.0000 matched_but_wrong=0
  mpx-135 acc: trials=258000000 accuracy=0.9826
  mpx-135 traj: trials=258120000 wall=347225s knowledge=0.7353 reliable=389 spec=8.00 pop=2659
  mpx-135 cover: trials=258120000 overall=0.7353 a0_nochange=0.0000 a0_change=0.9417 a1_nochange=1.0000 a1_change=1.0000 matched_but_wrong=0
  mpx-135 acc: trials=258120000 accuracy=0.9780
  mpx-135 traj: trials=258240000 wall=347391s knowledge=0.7364 reliable=391 spec=8.00 pop=2102
  mpx-135 cover: trials=258240000 overall=0.7364 a0_nochange=0.0000 a0_change=0.9461 a1_nochange=1.0000 a1_change=1.0000 matched_but_wrong=0
  mpx-135 acc: trials=258240000 accuracy=0.9809
  mpx-135 traj: trials=258360000 wall=347461s knowledge=0.7364 reliable=389 spec=8.00 pop=1733
  mpx-135 cover: trials=258360000 overall=0.7364 a0_nochange=0.0000 a0_change=0.9461 a1_nochange=1.0000 a1_change=1.0000 matched_but_wrong=0
  mpx-135 acc: trials=258360000 accuracy=0.9883
  mpx-135 traj: trials=258480000 wall=347531s knowledge=0.7377 reliable=387 spec=8.01 pop=1810
  mpx-135 cover: trials=258480000 overall=0.7377 a0_nochange=0.0000 a0_change=0.9511 a1_nochange=1.0000 a1_change=1.0000 matched_but_wrong=0
  mpx-135 acc: trials=258480000 accuracy=0.9796
  mpx-135 traj: trials=258600000 wall=347699s knowledge=0.7353 reliable=384 spec=8.00 pop=2096
  mpx-135 cover: trials=258600000 overall=0.7353 a0_nochange=0.0000 a0_change=0.9417 a1_nochange=1.0000 a1_change=1.0000 matched_but_wrong=0
  mpx-135 acc: trials=258600000 accuracy=0.9841
  mpx-135 traj: trials=258720000 wall=347842s knowledge=0.7358 reliable=388 spec=8.01 pop=1959
  mpx-135 cover: trials=258720000 overall=0.7358 a0_nochange=0.0000 a0_change=0.9436 a1_nochange=1.0000 a1_change=1.0000 matched_but_wrong=0
  mpx-135 acc: trials=258720000 accuracy=0.9786
  mpx-135 traj: trials=258840000 wall=347896s knowledge=0.7355 reliable=381 spec=8.01 pop=1937
  mpx-135 cover: trials=258840000 overall=0.7355 a0_nochange=0.0000 a0_change=0.9421 a1_nochange=1.0000 a1_change=1.0000 matched_but_wrong=0
  mpx-135 acc: trials=258840000 accuracy=0.9796
  mpx-135 traj: trials=258960000 wall=347985s knowledge=0.7360 reliable=395 spec=8.06 pop=2064
  mpx-135 cover: trials=258960000 overall=0.7360 a0_nochange=0.0000 a0_change=0.9442 a1_nochange=1.0000 a1_change=1.0000 matched_but_wrong=0
  mpx-135 acc: trials=258960000 accuracy=0.9822
  mpx-135 traj: trials=259080000 wall=348045s knowledge=0.7364 reliable=394 spec=8.05 pop=2043
  mpx-135 cover: trials=259080000 overall=0.7364 a0_nochange=0.0000 a0_change=0.9459 a1_nochange=1.0000 a1_change=1.0000 matched_but_wrong=0
  mpx-135 acc: trials=259080000 accuracy=0.9823
  mpx-135 traj: trials=259200000 wall=348114s knowledge=0.7362 reliable=388 spec=8.04 pop=1995
  mpx-135 cover: trials=259200000 overall=0.7362 a0_nochange=0.0000 a0_change=0.9452 a1_nochange=1.0000 a1_change=1.0000 matched_but_wrong=0
  mpx-135 acc: trials=259200000 accuracy=0.9801
  mpx-135 traj: trials=259320000 wall=348270s knowledge=0.7362 reliable=391 spec=8.02 pop=1896
  mpx-135 cover: trials=259320000 overall=0.7362 a0_nochange=0.0000 a0_change=0.9450 a1_nochange=1.0000 a1_change=1.0000 matched_but_wrong=0
  mpx-135 acc: trials=259320000 accuracy=0.9831
  mpx-135 traj: trials=259440000 wall=348349s knowledge=0.7364 reliable=391 spec=8.03 pop=1781
  mpx-135 cover: trials=259440000 overall=0.7364 a0_nochange=0.0000 a0_change=0.9459 a1_nochange=1.0000 a1_change=1.0000 matched_but_wrong=0
  mpx-135 acc: trials=259440000 accuracy=0.9860
  mpx-135 traj: trials=259560000 wall=348418s knowledge=0.7362 reliable=395 spec=8.02 pop=1802
  mpx-135 cover: trials=259560000 overall=0.7362 a0_nochange=0.0000 a0_change=0.9450 a1_nochange=1.0000 a1_change=1.0000 matched_but_wrong=0
  mpx-135 acc: trials=259560000 accuracy=0.9846
  mpx-135 traj: trials=259680000 wall=348479s knowledge=0.7362 reliable=385 spec=8.02 pop=1778
  mpx-135 cover: trials=259680000 overall=0.7362 a0_nochange=0.0000 a0_change=0.9450 a1_nochange=1.0000 a1_change=1.0000 matched_but_wrong=0
  mpx-135 acc: trials=259680000 accuracy=0.9790
  mpx-135 traj: trials=259800000 wall=348612s knowledge=0.7368 reliable=394 spec=8.03 pop=1850
  mpx-135 cover: trials=259800000 overall=0.7368 a0_nochange=0.0000 a0_change=0.9477 a1_nochange=1.0000 a1_change=1.0000 matched_but_wrong=0
  mpx-135 acc: trials=259800000 accuracy=0.9831
  mpx-135 traj: trials=259920000 wall=348676s knowledge=0.7368 reliable=384 spec=8.01 pop=1711
  mpx-135 cover: trials=259920000 overall=0.7368 a0_nochange=0.0000 a0_change=0.9477 a1_nochange=1.0000 a1_change=1.0000 matched_but_wrong=0
  mpx-135 acc: trials=259920000 accuracy=0.9852
  mpx-135 traj: trials=260040000 wall=348790s knowledge=0.7368 reliable=385 spec=8.01 pop=1943
  mpx-135 cover: trials=260040000 overall=0.7368 a0_nochange=0.0000 a0_change=0.9477 a1_nochange=1.0000 a1_change=1.0000 matched_but_wrong=0
  mpx-135 acc: trials=260040000 accuracy=0.9827
  mpx-135 traj: trials=260160000 wall=348956s knowledge=0.7375 reliable=388 spec=8.01 pop=1836
  mpx-135 cover: trials=260160000 overall=0.7375 a0_nochange=0.0000 a0_change=0.9503 a1_nochange=1.0000 a1_change=1.0000 matched_but_wrong=0
  mpx-135 acc: trials=260160000 accuracy=0.9938
  mpx-135 traj: trials=260280000 wall=349073s knowledge=0.7374 reliable=391 spec=8.01 pop=2064
  mpx-135 cover: trials=260280000 overall=0.7374 a0_nochange=0.0000 a0_change=0.9500 a1_nochange=1.0000 a1_change=1.0000 matched_but_wrong=0
  mpx-135 acc: trials=260280000 accuracy=0.9827
  mpx-135 traj: trials=260400000 wall=349157s knowledge=0.7374 reliable=388 spec=8.00 pop=1930
  mpx-135 cover: trials=260400000 overall=0.7374 a0_nochange=0.0000 a0_change=0.9500 a1_nochange=1.0000 a1_change=1.0000 matched_but_wrong=0
  mpx-135 acc: trials=260400000 accuracy=0.9840
  mpx-135 traj: trials=260520000 wall=349305s knowledge=0.7375 reliable=387 spec=8.01 pop=1836
  mpx-135 cover: trials=260520000 overall=0.7375 a0_nochange=0.0000 a0_change=0.9505 a1_nochange=1.0000 a1_change=1.0000 matched_but_wrong=0
  mpx-135 acc: trials=260520000 accuracy=0.9852
  mpx-135 traj: trials=260640000 wall=349571s knowledge=0.7377 reliable=388 spec=8.03 pop=1965
  mpx-135 cover: trials=260640000 overall=0.7377 a0_nochange=0.0000 a0_change=0.9509 a1_nochange=1.0000 a1_change=1.0000 matched_but_wrong=0
  mpx-135 acc: trials=260640000 accuracy=0.9828
  mpx-135 traj: trials=260760000 wall=349661s knowledge=0.7388 reliable=392 spec=8.03 pop=2101
  mpx-135 cover: trials=260760000 overall=0.7388 a0_nochange=0.0000 a0_change=0.9557 a1_nochange=1.0000 a1_change=1.0000 matched_but_wrong=0
  mpx-135 acc: trials=260760000 accuracy=0.9843
  mpx-135 traj: trials=260880000 wall=349848s knowledge=0.7383 reliable=390 spec=8.01 pop=1918
  mpx-135 cover: trials=260880000 overall=0.7383 a0_nochange=0.0000 a0_change=0.9537 a1_nochange=1.0000 a1_change=1.0000 matched_but_wrong=0
  mpx-135 acc: trials=260880000 accuracy=0.9841
  mpx-135 traj: trials=261000000 wall=349988s knowledge=0.7383 reliable=391 spec=8.01 pop=1982
  mpx-135 cover: trials=261000000 overall=0.7383 a0_nochange=0.0000 a0_change=0.9537 a1_nochange=1.0000 a1_change=1.0000 matched_but_wrong=0
  mpx-135 acc: trials=261000000 accuracy=0.9810
  mpx-135 traj: trials=261120000 wall=350060s knowledge=0.7393 reliable=390 spec=8.01 pop=1938
  mpx-135 cover: trials=261120000 overall=0.7393 a0_nochange=0.0000 a0_change=0.9575 a1_nochange=1.0000 a1_change=1.0000 matched_but_wrong=0
  mpx-135 acc: trials=261120000 accuracy=0.9853
  mpx-135 traj: trials=261240000 wall=350128s knowledge=0.7389 reliable=386 spec=8.01 pop=1974
  mpx-135 cover: trials=261240000 overall=0.7389 a0_nochange=0.0000 a0_change=0.9559 a1_nochange=1.0000 a1_change=1.0000 matched_but_wrong=0
  mpx-135 acc: trials=261240000 accuracy=0.9899
  mpx-135 traj: trials=261360000 wall=350220s knowledge=0.7386 reliable=392 spec=8.01 pop=1859
  mpx-135 cover: trials=261360000 overall=0.7386 a0_nochange=0.0000 a0_change=0.9546 a1_nochange=1.0000 a1_change=1.0000 matched_but_wrong=0
  mpx-135 acc: trials=261360000 accuracy=0.9854
  mpx-135 traj: trials=261480000 wall=350285s knowledge=0.7383 reliable=387 spec=8.01 pop=1834
  mpx-135 cover: trials=261480000 overall=0.7383 a0_nochange=0.0000 a0_change=0.9537 a1_nochange=1.0000 a1_change=1.0000 matched_but_wrong=0
  mpx-135 acc: trials=261480000 accuracy=0.9860
  mpx-135 traj: trials=261600000 wall=350373s knowledge=0.7388 reliable=389 spec=8.00 pop=2058
  mpx-135 cover: trials=261600000 overall=0.7388 a0_nochange=0.0000 a0_change=0.9554 a1_nochange=1.0000 a1_change=1.0000 matched_but_wrong=0
  mpx-135 acc: trials=261600000 accuracy=0.9835
  mpx-135 traj: trials=261720000 wall=350525s knowledge=0.7389 reliable=388 spec=8.00 pop=1933
  mpx-135 cover: trials=261720000 overall=0.7389 a0_nochange=0.0000 a0_change=0.9559 a1_nochange=1.0000 a1_change=1.0000 matched_but_wrong=0
  mpx-135 acc: trials=261720000 accuracy=0.9938
  mpx-135 traj: trials=261840000 wall=350637s knowledge=0.7383 reliable=386 spec=8.00 pop=2042
  mpx-135 cover: trials=261840000 overall=0.7383 a0_nochange=0.0000 a0_change=0.9535 a1_nochange=1.0000 a1_change=1.0000 matched_but_wrong=0
  mpx-135 acc: trials=261840000 accuracy=0.9843
  mpx-135 traj: trials=261960000 wall=350728s knowledge=0.7384 reliable=385 spec=8.01 pop=2097
  mpx-135 cover: trials=261960000 overall=0.7384 a0_nochange=0.0000 a0_change=0.9541 a1_nochange=1.0000 a1_change=1.0000 matched_but_wrong=0
  mpx-135 acc: trials=261960000 accuracy=0.9890
  mpx-135 traj: trials=262080000 wall=350826s knowledge=0.7389 reliable=391 spec=8.01 pop=1870
  mpx-135 cover: trials=262080000 overall=0.7389 a0_nochange=0.0000 a0_change=0.9561 a1_nochange=1.0000 a1_change=1.0000 matched_but_wrong=0
  mpx-135 acc: trials=262080000 accuracy=0.9841
  mpx-135 traj: trials=262200000 wall=350901s knowledge=0.7383 reliable=385 spec=8.00 pop=1842
  mpx-135 cover: trials=262200000 overall=0.7383 a0_nochange=0.0000 a0_change=0.9535 a1_nochange=1.0000 a1_change=1.0000 matched_but_wrong=0
  mpx-135 acc: trials=262200000 accuracy=0.9844
  mpx-135 traj: trials=262320000 wall=351068s knowledge=0.7383 reliable=387 spec=8.00 pop=2436
  mpx-135 cover: trials=262320000 overall=0.7383 a0_nochange=0.0000 a0_change=0.9535 a1_nochange=1.0000 a1_change=1.0000 matched_but_wrong=0
  mpx-135 acc: trials=262320000 accuracy=0.9916
  mpx-135 traj: trials=262440000 wall=351138s knowledge=0.7387 reliable=389 spec=8.00 pop=1716
  mpx-135 cover: trials=262440000 overall=0.7387 a0_nochange=0.0000 a0_change=0.9552 a1_nochange=1.0000 a1_change=1.0000 matched_but_wrong=0
  mpx-135 acc: trials=262440000 accuracy=0.9867
  mpx-135 traj: trials=262560000 wall=351324s knowledge=0.7383 reliable=385 spec=8.00 pop=1759
  mpx-135 cover: trials=262560000 overall=0.7383 a0_nochange=0.0000 a0_change=0.9535 a1_nochange=1.0000 a1_change=1.0000 matched_but_wrong=0
  mpx-135 acc: trials=262560000 accuracy=0.9860
  mpx-135 traj: trials=262680000 wall=351474s knowledge=0.7383 reliable=386 spec=8.00 pop=1919
  mpx-135 cover: trials=262680000 overall=0.7383 a0_nochange=0.0000 a0_change=0.9535 a1_nochange=1.0000 a1_change=1.0000 matched_but_wrong=0
  mpx-135 acc: trials=262680000 accuracy=0.9866
  mpx-135 traj: trials=262800000 wall=351586s knowledge=0.7393 reliable=388 spec=8.01 pop=1709
  mpx-135 cover: trials=262800000 overall=0.7393 a0_nochange=0.0000 a0_change=0.9574 a1_nochange=1.0000 a1_change=1.0000 matched_but_wrong=0
  mpx-135 acc: trials=262800000 accuracy=0.9864
  mpx-135 traj: trials=262920000 wall=351724s knowledge=0.7392 reliable=393 spec=8.01 pop=2757
  mpx-135 cover: trials=262920000 overall=0.7392 a0_nochange=0.0000 a0_change=0.9570 a1_nochange=1.0000 a1_change=1.0000 matched_but_wrong=0
  mpx-135 acc: trials=262920000 accuracy=0.9852
  mpx-135 traj: trials=263040000 wall=351967s knowledge=0.7392 reliable=392 spec=8.01 pop=1857
  mpx-135 cover: trials=263040000 overall=0.7392 a0_nochange=0.0000 a0_change=0.9570 a1_nochange=1.0000 a1_change=1.0000 matched_but_wrong=0
  mpx-135 acc: trials=263040000 accuracy=0.9874
  mpx-135 traj: trials=263160000 wall=352124s knowledge=0.7392 reliable=393 spec=8.01 pop=1789
  mpx-135 cover: trials=263160000 overall=0.7392 a0_nochange=0.0000 a0_change=0.9570 a1_nochange=1.0000 a1_change=1.0000 matched_but_wrong=0
  mpx-135 acc: trials=263160000 accuracy=0.9908
  mpx-135 traj: trials=263280000 wall=352250s knowledge=0.7392 reliable=391 spec=8.01 pop=1794
  mpx-135 cover: trials=263280000 overall=0.7392 a0_nochange=0.0000 a0_change=0.9570 a1_nochange=1.0000 a1_change=1.0000 matched_but_wrong=0
  mpx-135 acc: trials=263280000 accuracy=0.9840
  mpx-135 traj: trials=263400000 wall=352319s knowledge=0.7393 reliable=392 spec=8.02 pop=1829
  mpx-135 cover: trials=263400000 overall=0.7393 a0_nochange=0.0000 a0_change=0.9575 a1_nochange=1.0000 a1_change=1.0000 matched_but_wrong=0
  mpx-135 acc: trials=263400000 accuracy=0.9846
  mpx-135 traj: trials=263520000 wall=352406s knowledge=0.7385 reliable=389 spec=8.02 pop=2002
  mpx-135 cover: trials=263520000 overall=0.7385 a0_nochange=0.0000 a0_change=0.9542 a1_nochange=1.0000 a1_change=1.0000 matched_but_wrong=0
  mpx-135 acc: trials=263520000 accuracy=0.9837
  mpx-135 traj: trials=263640000 wall=352578s knowledge=0.7396 reliable=399 spec=8.01 pop=2271
  mpx-135 cover: trials=263640000 overall=0.7396 a0_nochange=0.0000 a0_change=0.9588 a1_nochange=1.0000 a1_change=1.0000 matched_but_wrong=0
  mpx-135 acc: trials=263640000 accuracy=0.9880
  mpx-135 traj: trials=263760000 wall=352758s knowledge=0.7390 reliable=392 spec=8.01 pop=1893
  mpx-135 cover: trials=263760000 overall=0.7390 a0_nochange=0.0000 a0_change=0.9565 a1_nochange=1.0000 a1_change=1.0000 matched_but_wrong=0
  mpx-135 acc: trials=263760000 accuracy=0.9859
  mpx-135 traj: trials=263880000 wall=352864s knowledge=0.7381 reliable=383 spec=8.00 pop=1896
  mpx-135 cover: trials=263880000 overall=0.7381 a0_nochange=0.0000 a0_change=0.9528 a1_nochange=1.0000 a1_change=1.0000 matched_but_wrong=0
  mpx-135 acc: trials=263880000 accuracy=0.9900
  mpx-135 traj: trials=264000000 wall=352960s knowledge=0.7381 reliable=385 spec=8.00 pop=1821
  mpx-135 cover: trials=264000000 overall=0.7381 a0_nochange=0.0000 a0_change=0.9528 a1_nochange=1.0000 a1_change=1.0000 matched_but_wrong=0
  mpx-135 acc: trials=264000000 accuracy=0.9887
  mpx-135 traj: trials=264120000 wall=353090s knowledge=0.7381 reliable=387 spec=8.00 pop=1802
  mpx-135 cover: trials=264120000 overall=0.7381 a0_nochange=0.0000 a0_change=0.9528 a1_nochange=1.0000 a1_change=1.0000 matched_but_wrong=0
  mpx-135 acc: trials=264120000 accuracy=0.9872
  mpx-135 traj: trials=264240000 wall=353167s knowledge=0.7381 reliable=386 spec=8.00 pop=1800
  mpx-135 cover: trials=264240000 overall=0.7381 a0_nochange=0.0000 a0_change=0.9528 a1_nochange=1.0000 a1_change=1.0000 matched_but_wrong=0
  mpx-135 acc: trials=264240000 accuracy=0.9843
  mpx-135 traj: trials=264360000 wall=353233s knowledge=0.7383 reliable=392 spec=8.01 pop=1807
  mpx-135 cover: trials=264360000 overall=0.7383 a0_nochange=0.0000 a0_change=0.9534 a1_nochange=1.0000 a1_change=1.0000 matched_but_wrong=0
  mpx-135 acc: trials=264360000 accuracy=0.9850
  mpx-135 traj: trials=264480000 wall=353363s knowledge=0.7384 reliable=391 spec=8.02 pop=2785
  mpx-135 cover: trials=264480000 overall=0.7384 a0_nochange=0.0000 a0_change=0.9538 a1_nochange=1.0000 a1_change=1.0000 matched_but_wrong=0
  mpx-135 acc: trials=264480000 accuracy=0.9869
  mpx-135 traj: trials=264600000 wall=353467s knowledge=0.7383 reliable=389 spec=8.01 pop=1842
  mpx-135 cover: trials=264600000 overall=0.7383 a0_nochange=0.0000 a0_change=0.9534 a1_nochange=1.0000 a1_change=1.0000 matched_but_wrong=0
  mpx-135 acc: trials=264600000 accuracy=0.9845
  mpx-135 traj: trials=264720000 wall=353529s knowledge=0.7385 reliable=387 spec=8.01 pop=1915
  mpx-135 cover: trials=264720000 overall=0.7385 a0_nochange=0.0000 a0_change=0.9545 a1_nochange=1.0000 a1_change=1.0000 matched_but_wrong=0
  mpx-135 acc: trials=264720000 accuracy=0.9849
  mpx-135 traj: trials=264840000 wall=353718s knowledge=0.7386 reliable=386 spec=8.00 pop=1982
  mpx-135 cover: trials=264840000 overall=0.7386 a0_nochange=0.0000 a0_change=0.9547 a1_nochange=1.0000 a1_change=1.0000 matched_but_wrong=0
  mpx-135 acc: trials=264840000 accuracy=0.9879
  mpx-135 traj: trials=264960000 wall=353815s knowledge=0.7381 reliable=380 spec=8.00 pop=1799
  mpx-135 cover: trials=264960000 overall=0.7381 a0_nochange=0.0000 a0_change=0.9528 a1_nochange=1.0000 a1_change=1.0000 matched_but_wrong=0
  mpx-135 acc: trials=264960000 accuracy=0.9871
  mpx-135 traj: trials=265080000 wall=353955s knowledge=0.7381 reliable=388 spec=8.00 pop=1916
  mpx-135 cover: trials=265080000 overall=0.7381 a0_nochange=0.0000 a0_change=0.9528 a1_nochange=1.0000 a1_change=1.0000 matched_but_wrong=0
  mpx-135 acc: trials=265080000 accuracy=0.9862
  mpx-135 traj: trials=265200000 wall=354090s knowledge=0.7384 reliable=388 spec=8.00 pop=2011
  mpx-135 cover: trials=265200000 overall=0.7384 a0_nochange=0.0000 a0_change=0.9539 a1_nochange=1.0000 a1_change=1.0000 matched_but_wrong=0
  mpx-135 acc: trials=265200000 accuracy=0.9903
  mpx-135 traj: trials=265320000 wall=354172s knowledge=0.7381 reliable=385 spec=8.00 pop=2023
  mpx-135 cover: trials=265320000 overall=0.7381 a0_nochange=0.0000 a0_change=0.9528 a1_nochange=1.0000 a1_change=1.0000 matched_but_wrong=0
  mpx-135 acc: trials=265320000 accuracy=0.9896
  mpx-135 traj: trials=265440000 wall=354230s knowledge=0.7381 reliable=384 spec=8.00 pop=1866
  mpx-135 cover: trials=265440000 overall=0.7381 a0_nochange=0.0000 a0_change=0.9528 a1_nochange=1.0000 a1_change=1.0000 matched_but_wrong=0
  mpx-135 acc: trials=265440000 accuracy=0.9826
  mpx-135 traj: trials=265560000 wall=354286s knowledge=0.7384 reliable=390 spec=8.01 pop=2040
  mpx-135 cover: trials=265560000 overall=0.7384 a0_nochange=0.0000 a0_change=0.9540 a1_nochange=1.0000 a1_change=1.0000 matched_but_wrong=0
  mpx-135 acc: trials=265560000 accuracy=0.9860
  mpx-135 traj: trials=265680000 wall=354354s knowledge=0.7382 reliable=387 spec=8.01 pop=1864
  mpx-135 cover: trials=265680000 overall=0.7382 a0_nochange=0.0000 a0_change=0.9531 a1_nochange=1.0000 a1_change=1.0000 matched_but_wrong=0
  mpx-135 acc: trials=265680000 accuracy=0.9857
  mpx-135 traj: trials=265800000 wall=354502s knowledge=0.7383 reliable=388 spec=8.02 pop=2116
  mpx-135 cover: trials=265800000 overall=0.7383 a0_nochange=0.0000 a0_change=0.9535 a1_nochange=1.0000 a1_change=1.0000 matched_but_wrong=0
  mpx-135 acc: trials=265800000 accuracy=0.9868
  mpx-135 traj: trials=265920000 wall=354676s knowledge=0.7382 reliable=388 spec=8.01 pop=2341
  mpx-135 cover: trials=265920000 overall=0.7382 a0_nochange=0.0000 a0_change=0.9531 a1_nochange=1.0000 a1_change=1.0000 matched_but_wrong=0
  mpx-135 acc: trials=265920000 accuracy=0.9857
  mpx-135 traj: trials=266040000 wall=354754s knowledge=0.7391 reliable=391 spec=8.01 pop=1811
  mpx-135 cover: trials=266040000 overall=0.7391 a0_nochange=0.0000 a0_change=0.9568 a1_nochange=1.0000 a1_change=1.0000 matched_but_wrong=0
  mpx-135 acc: trials=266040000 accuracy=0.9842
  mpx-135 traj: trials=266160000 wall=354870s knowledge=0.7397 reliable=397 spec=8.02 pop=2034
  mpx-135 cover: trials=266160000 overall=0.7397 a0_nochange=0.0000 a0_change=0.9590 a1_nochange=1.0000 a1_change=1.0000 matched_but_wrong=0
  mpx-135 acc: trials=266160000 accuracy=0.9830
  mpx-135 traj: trials=266280000 wall=354943s knowledge=0.7392 reliable=388 spec=8.01 pop=1791
  mpx-135 cover: trials=266280000 overall=0.7392 a0_nochange=0.0000 a0_change=0.9570 a1_nochange=1.0000 a1_change=1.0000 matched_but_wrong=0
  mpx-135 acc: trials=266280000 accuracy=0.9884
  mpx-135 traj: trials=266400000 wall=355839s knowledge=0.7395 reliable=398 spec=8.03 pop=2206
  mpx-135 cover: trials=266400000 overall=0.7395 a0_nochange=0.0000 a0_change=0.9583 a1_nochange=1.0000 a1_change=1.0000 matched_but_wrong=0
  mpx-135 acc: trials=266400000 accuracy=0.9892
  mpx-135 traj: trials=266520000 wall=355938s knowledge=0.7392 reliable=390 spec=8.02 pop=2031
  mpx-135 cover: trials=266520000 overall=0.7392 a0_nochange=0.0000 a0_change=0.9571 a1_nochange=1.0000 a1_change=1.0000 matched_but_wrong=0
  mpx-135 acc: trials=266520000 accuracy=0.9896
  mpx-135 traj: trials=266640000 wall=356011s knowledge=0.7387 reliable=386 spec=8.01 pop=1827
  mpx-135 cover: trials=266640000 overall=0.7387 a0_nochange=0.0000 a0_change=0.9551 a1_nochange=1.0000 a1_change=1.0000 matched_but_wrong=0
  mpx-135 acc: trials=266640000 accuracy=0.9890
  mpx-135 traj: trials=266760000 wall=356105s knowledge=0.7383 reliable=386 spec=8.02 pop=1935
  mpx-135 cover: trials=266760000 overall=0.7383 a0_nochange=0.0000 a0_change=0.9536 a1_nochange=1.0000 a1_change=1.0000 matched_but_wrong=0
  mpx-135 acc: trials=266760000 accuracy=0.9833
  mpx-135 traj: trials=266880000 wall=356168s knowledge=0.7382 reliable=383 spec=8.01 pop=1995
  mpx-135 cover: trials=266880000 overall=0.7382 a0_nochange=0.0000 a0_change=0.9531 a1_nochange=1.0000 a1_change=1.0000 matched_but_wrong=0
  mpx-135 acc: trials=266880000 accuracy=0.9824
  mpx-135 traj: trials=267000000 wall=356250s knowledge=0.7384 reliable=380 spec=8.01 pop=1790
  mpx-135 cover: trials=267000000 overall=0.7384 a0_nochange=0.0000 a0_change=0.9540 a1_nochange=1.0000 a1_change=1.0000 matched_but_wrong=0
  mpx-135 acc: trials=267000000 accuracy=0.9868
  mpx-135 traj: trials=267120000 wall=356331s knowledge=0.7384 reliable=385 spec=8.02 pop=2030
  mpx-135 cover: trials=267120000 overall=0.7384 a0_nochange=0.0000 a0_change=0.9541 a1_nochange=1.0000 a1_change=1.0000 matched_but_wrong=0
  mpx-135 acc: trials=267120000 accuracy=0.9839
  mpx-135 traj: trials=267240000 wall=356419s knowledge=0.7385 reliable=392 spec=8.02 pop=1824
  mpx-135 cover: trials=267240000 overall=0.7385 a0_nochange=0.0000 a0_change=0.9544 a1_nochange=1.0000 a1_change=1.0000 matched_but_wrong=0
  mpx-135 acc: trials=267240000 accuracy=0.9825
  mpx-135 traj: trials=267360000 wall=356618s knowledge=0.7390 reliable=390 spec=8.02 pop=2052
  mpx-135 cover: trials=267360000 overall=0.7390 a0_nochange=0.0000 a0_change=0.9563 a1_nochange=1.0000 a1_change=1.0000 matched_but_wrong=0
  mpx-135 acc: trials=267360000 accuracy=0.9858
  mpx-135 traj: trials=267480000 wall=356712s knowledge=0.7386 reliable=393 spec=8.03 pop=1927
  mpx-135 cover: trials=267480000 overall=0.7386 a0_nochange=0.0000 a0_change=0.9547 a1_nochange=1.0000 a1_change=1.0000 matched_but_wrong=0
  mpx-135 acc: trials=267480000 accuracy=0.9884
  mpx-135 traj: trials=267600000 wall=356788s knowledge=0.7387 reliable=395 spec=8.03 pop=1771
  mpx-135 cover: trials=267600000 overall=0.7387 a0_nochange=0.0000 a0_change=0.9551 a1_nochange=1.0000 a1_change=1.0000 matched_but_wrong=0
  mpx-135 acc: trials=267600000 accuracy=0.9828
  mpx-135 traj: trials=267720000 wall=356876s knowledge=0.7387 reliable=387 spec=8.03 pop=1851
  mpx-135 cover: trials=267720000 overall=0.7387 a0_nochange=0.0000 a0_change=0.9551 a1_nochange=1.0000 a1_change=1.0000 matched_but_wrong=0
  mpx-135 acc: trials=267720000 accuracy=0.9878
  mpx-135 traj: trials=267840000 wall=356977s knowledge=0.7392 reliable=392 spec=8.03 pop=1763
  mpx-135 cover: trials=267840000 overall=0.7392 a0_nochange=0.0000 a0_change=0.9572 a1_nochange=1.0000 a1_change=1.0000 matched_but_wrong=0
  mpx-135 acc: trials=267840000 accuracy=0.9832
  mpx-135 traj: trials=267960000 wall=357212s knowledge=0.7391 reliable=391 spec=8.03 pop=2038
  mpx-135 cover: trials=267960000 overall=0.7391 a0_nochange=0.0000 a0_change=0.9567 a1_nochange=1.0000 a1_change=1.0000 matched_but_wrong=0
  mpx-135 acc: trials=267960000 accuracy=0.9898
  mpx-135 traj: trials=268080000 wall=357284s knowledge=0.7399 reliable=390 spec=8.03 pop=1822
  mpx-135 cover: trials=268080000 overall=0.7399 a0_nochange=0.0000 a0_change=0.9601 a1_nochange=1.0000 a1_change=1.0000 matched_but_wrong=0
  mpx-135 acc: trials=268080000 accuracy=0.9873
  mpx-135 traj: trials=268200000 wall=357504s knowledge=0.7384 reliable=387 spec=8.02 pop=1886
  mpx-135 cover: trials=268200000 overall=0.7384 a0_nochange=0.0000 a0_change=0.9540 a1_nochange=1.0000 a1_change=1.0000 matched_but_wrong=0
  mpx-135 acc: trials=268200000 accuracy=0.9849
  mpx-135 traj: trials=268320000 wall=357567s knowledge=0.7397 reliable=387 spec=8.03 pop=1933
  mpx-135 cover: trials=268320000 overall=0.7397 a0_nochange=0.0000 a0_change=0.9592 a1_nochange=1.0000 a1_change=1.0000 matched_but_wrong=0
  mpx-135 acc: trials=268320000 accuracy=0.9892
  mpx-135 traj: trials=268440000 wall=357672s knowledge=0.7395 reliable=394 spec=8.03 pop=2457
  mpx-135 cover: trials=268440000 overall=0.7395 a0_nochange=0.0000 a0_change=0.9582 a1_nochange=1.0000 a1_change=1.0000 matched_but_wrong=0
  mpx-135 acc: trials=268440000 accuracy=0.9850
  mpx-135 traj: trials=268560000 wall=357751s knowledge=0.7396 reliable=394 spec=8.04 pop=1855
  mpx-135 cover: trials=268560000 overall=0.7396 a0_nochange=0.0000 a0_change=0.9586 a1_nochange=1.0000 a1_change=1.0000 matched_but_wrong=0
  mpx-135 acc: trials=268560000 accuracy=0.9858
  mpx-135 traj: trials=268680000 wall=357912s knowledge=0.7395 reliable=386 spec=8.02 pop=1848
  mpx-135 cover: trials=268680000 overall=0.7395 a0_nochange=0.0000 a0_change=0.9582 a1_nochange=1.0000 a1_change=1.0000 matched_but_wrong=0
  mpx-135 acc: trials=268680000 accuracy=0.9876
  mpx-135 traj: trials=268800000 wall=358023s knowledge=0.7405 reliable=391 spec=8.02 pop=2173
  mpx-135 cover: trials=268800000 overall=0.7405 a0_nochange=0.0000 a0_change=0.9622 a1_nochange=1.0000 a1_change=1.0000 matched_but_wrong=0
  mpx-135 acc: trials=268800000 accuracy=0.9836
  mpx-135 traj: trials=268920000 wall=358090s knowledge=0.7400 reliable=389 spec=8.02 pop=1834
  mpx-135 cover: trials=268920000 overall=0.7400 a0_nochange=0.0000 a0_change=0.9605 a1_nochange=1.0000 a1_change=1.0000 matched_but_wrong=0
  mpx-135 acc: trials=268920000 accuracy=0.9871
  mpx-135 traj: trials=269040000 wall=358369s knowledge=0.7396 reliable=387 spec=8.02 pop=2355
  mpx-135 cover: trials=269040000 overall=0.7396 a0_nochange=0.0000 a0_change=0.9587 a1_nochange=1.0000 a1_change=1.0000 matched_but_wrong=0
  mpx-135 acc: trials=269040000 accuracy=0.9834
  mpx-135 traj: trials=269160000 wall=358438s knowledge=0.7396 reliable=386 spec=8.02 pop=1705
  mpx-135 cover: trials=269160000 overall=0.7396 a0_nochange=0.0000 a0_change=0.9587 a1_nochange=1.0000 a1_change=1.0000 matched_but_wrong=0
  mpx-135 acc: trials=269160000 accuracy=0.9862
  mpx-135 traj: trials=269280000 wall=358631s knowledge=0.7395 reliable=384 spec=8.02 pop=1700
  mpx-135 cover: trials=269280000 overall=0.7395 a0_nochange=0.0000 a0_change=0.9585 a1_nochange=1.0000 a1_change=1.0000 matched_but_wrong=0
  mpx-135 acc: trials=269280000 accuracy=0.9923
  mpx-135 traj: trials=269400000 wall=358747s knowledge=0.7384 reliable=385 spec=8.01 pop=1825
  mpx-135 cover: trials=269400000 overall=0.7384 a0_nochange=0.0000 a0_change=0.9540 a1_nochange=1.0000 a1_change=1.0000 matched_but_wrong=0
  mpx-135 acc: trials=269400000 accuracy=0.9853
  mpx-135 traj: trials=269520000 wall=358826s knowledge=0.7384 reliable=392 spec=8.01 pop=1830
  mpx-135 cover: trials=269520000 overall=0.7384 a0_nochange=0.0000 a0_change=0.9540 a1_nochange=1.0000 a1_change=1.0000 matched_but_wrong=0
  mpx-135 acc: trials=269520000 accuracy=0.9826
  mpx-135 traj: trials=269640000 wall=358971s knowledge=0.7387 reliable=396 spec=8.02 pop=2597
  mpx-135 cover: trials=269640000 overall=0.7387 a0_nochange=0.0000 a0_change=0.9550 a1_nochange=1.0000 a1_change=1.0000 matched_but_wrong=0
  mpx-135 acc: trials=269640000 accuracy=0.9832
  mpx-135 traj: trials=269760000 wall=359048s knowledge=0.7387 reliable=392 spec=8.01 pop=1728
  mpx-135 cover: trials=269760000 overall=0.7387 a0_nochange=0.0000 a0_change=0.9550 a1_nochange=1.0000 a1_change=1.0000 matched_but_wrong=0
  mpx-135 acc: trials=269760000 accuracy=0.9845
  mpx-135 traj: trials=269880000 wall=359191s knowledge=0.7396 reliable=384 spec=8.01 pop=1807
  mpx-135 cover: trials=269880000 overall=0.7396 a0_nochange=0.0000 a0_change=0.9586 a1_nochange=1.0000 a1_change=1.0000 matched_but_wrong=0
  mpx-135 acc: trials=269880000 accuracy=0.9888
  mpx-135 traj: trials=270000000 wall=359424s knowledge=0.7396 reliable=387 spec=8.01 pop=2018
  mpx-135 cover: trials=270000000 overall=0.7396 a0_nochange=0.0000 a0_change=0.9586 a1_nochange=1.0000 a1_change=1.0000 matched_but_wrong=0
  mpx-135 acc: trials=270000000 accuracy=0.9911
  mpx-135 traj: trials=270120000 wall=359586s knowledge=0.7403 reliable=392 spec=8.02 pop=1924
  mpx-135 cover: trials=270120000 overall=0.7403 a0_nochange=0.0000 a0_change=0.9615 a1_nochange=1.0000 a1_change=1.0000 matched_but_wrong=0
  mpx-135 acc: trials=270120000 accuracy=0.9887
  mpx-135 traj: trials=270240000 wall=359669s knowledge=0.7401 reliable=392 spec=8.02 pop=1879
  mpx-135 cover: trials=270240000 overall=0.7401 a0_nochange=0.0000 a0_change=0.9607 a1_nochange=1.0000 a1_change=1.0000 matched_but_wrong=0
  mpx-135 acc: trials=270240000 accuracy=0.9868
  mpx-135 traj: trials=270360000 wall=359810s knowledge=0.7392 reliable=387 spec=8.02 pop=1885
  mpx-135 cover: trials=270360000 overall=0.7392 a0_nochange=0.0000 a0_change=0.9571 a1_nochange=1.0000 a1_change=1.0000 matched_but_wrong=0
  mpx-135 acc: trials=270360000 accuracy=0.9850
  mpx-135 traj: trials=270480000 wall=360216s knowledge=0.7392 reliable=393 spec=8.02 pop=2089
  mpx-135 cover: trials=270480000 overall=0.7392 a0_nochange=0.0000 a0_change=0.9571 a1_nochange=1.0000 a1_change=1.0000 matched_but_wrong=0
  mpx-135 acc: trials=270480000 accuracy=0.9868
  mpx-135 traj: trials=270600000 wall=360332s knowledge=0.7391 reliable=388 spec=8.00 pop=2117
  mpx-135 cover: trials=270600000 overall=0.7391 a0_nochange=0.0000 a0_change=0.9566 a1_nochange=1.0000 a1_change=1.0000 matched_but_wrong=0
  mpx-135 acc: trials=270600000 accuracy=0.9860
  mpx-135 traj: trials=270720000 wall=360415s knowledge=0.7391 reliable=388 spec=8.00 pop=1926
  mpx-135 cover: trials=270720000 overall=0.7391 a0_nochange=0.0000 a0_change=0.9566 a1_nochange=1.0000 a1_change=1.0000 matched_but_wrong=0
  mpx-135 acc: trials=270720000 accuracy=0.9885
  mpx-135 traj: trials=270840000 wall=360541s knowledge=0.7399 reliable=396 spec=8.01 pop=1721
  mpx-135 cover: trials=270840000 overall=0.7399 a0_nochange=0.0000 a0_change=0.9599 a1_nochange=1.0000 a1_change=1.0000 matched_but_wrong=0
  mpx-135 acc: trials=270840000 accuracy=0.9859
  mpx-135 traj: trials=270960000 wall=360650s knowledge=0.7400 reliable=390 spec=8.00 pop=1863
  mpx-135 cover: trials=270960000 overall=0.7400 a0_nochange=0.0000 a0_change=0.9604 a1_nochange=1.0000 a1_change=1.0000 matched_but_wrong=0
  mpx-135 acc: trials=270960000 accuracy=0.9861
  mpx-135 traj: trials=271080000 wall=360724s knowledge=0.7391 reliable=389 spec=8.00 pop=1659
  mpx-135 cover: trials=271080000 overall=0.7391 a0_nochange=0.0000 a0_change=0.9566 a1_nochange=1.0000 a1_change=1.0000 matched_but_wrong=0
  mpx-135 acc: trials=271080000 accuracy=0.9829
  mpx-135 traj: trials=271200000 wall=360903s knowledge=0.7396 reliable=390 spec=8.02 pop=1847
  mpx-135 cover: trials=271200000 overall=0.7396 a0_nochange=0.0000 a0_change=0.9587 a1_nochange=1.0000 a1_change=1.0000 matched_but_wrong=0
  mpx-135 acc: trials=271200000 accuracy=0.9907
  mpx-135 traj: trials=271320000 wall=361056s knowledge=0.7405 reliable=391 spec=8.02 pop=1942
  mpx-135 cover: trials=271320000 overall=0.7405 a0_nochange=0.0000 a0_change=0.9623 a1_nochange=1.0000 a1_change=1.0000 matched_but_wrong=0
  mpx-135 acc: trials=271320000 accuracy=0.9858
  mpx-135 traj: trials=271440000 wall=361163s knowledge=0.7402 reliable=389 spec=8.02 pop=1691
  mpx-135 cover: trials=271440000 overall=0.7402 a0_nochange=0.0000 a0_change=0.9613 a1_nochange=1.0000 a1_change=1.0000 matched_but_wrong=0
  mpx-135 acc: trials=271440000 accuracy=0.9921
  mpx-135 traj: trials=271560000 wall=361294s knowledge=0.7402 reliable=387 spec=8.01 pop=1815
  mpx-135 cover: trials=271560000 overall=0.7402 a0_nochange=0.0000 a0_change=0.9611 a1_nochange=1.0000 a1_change=1.0000 matched_but_wrong=0
  mpx-135 acc: trials=271560000 accuracy=0.9911
  mpx-135 traj: trials=271680000 wall=361391s knowledge=0.7401 reliable=388 spec=8.00 pop=1834
  mpx-135 cover: trials=271680000 overall=0.7401 a0_nochange=0.0000 a0_change=0.9607 a1_nochange=1.0000 a1_change=1.0000 matched_but_wrong=0
  mpx-135 acc: trials=271680000 accuracy=0.9844
  mpx-135 traj: trials=271800000 wall=361478s knowledge=0.7401 reliable=387 spec=8.00 pop=2283
  mpx-135 cover: trials=271800000 overall=0.7401 a0_nochange=0.0000 a0_change=0.9607 a1_nochange=1.0000 a1_change=1.0000 matched_but_wrong=0
  mpx-135 acc: trials=271800000 accuracy=0.9840
  mpx-135 traj: trials=271920000 wall=361601s knowledge=0.7401 reliable=385 spec=8.00 pop=2281
  mpx-135 cover: trials=271920000 overall=0.7401 a0_nochange=0.0000 a0_change=0.9607 a1_nochange=1.0000 a1_change=1.0000 matched_but_wrong=0
  mpx-135 acc: trials=271920000 accuracy=0.9881
  mpx-135 traj: trials=272040000 wall=361673s knowledge=0.7412 reliable=389 spec=8.00 pop=1802
  mpx-135 cover: trials=272040000 overall=0.7412 a0_nochange=0.0000 a0_change=0.9650 a1_nochange=1.0000 a1_change=1.0000 matched_but_wrong=0
  mpx-135 acc: trials=272040000 accuracy=0.9864
  mpx-135 traj: trials=272160000 wall=361763s knowledge=0.7412 reliable=388 spec=8.00 pop=1705
  mpx-135 cover: trials=272160000 overall=0.7412 a0_nochange=0.0000 a0_change=0.9650 a1_nochange=1.0000 a1_change=1.0000 matched_but_wrong=0
  mpx-135 acc: trials=272160000 accuracy=0.9900
  mpx-135 traj: trials=272280000 wall=362018s knowledge=0.7412 reliable=385 spec=8.00 pop=1990
  mpx-135 cover: trials=272280000 overall=0.7412 a0_nochange=0.0000 a0_change=0.9650 a1_nochange=1.0000 a1_change=1.0000 matched_but_wrong=0
  mpx-135 acc: trials=272280000 accuracy=0.9912
  mpx-135 traj: trials=272400000 wall=362144s knowledge=0.7412 reliable=387 spec=8.00 pop=2401
  mpx-135 cover: trials=272400000 overall=0.7412 a0_nochange=0.0000 a0_change=0.9650 a1_nochange=1.0000 a1_change=1.0000 matched_but_wrong=0
  mpx-135 acc: trials=272400000 accuracy=0.9876
  mpx-135 traj: trials=272520000 wall=362212s knowledge=0.7422 reliable=387 spec=8.00 pop=1915
  mpx-135 cover: trials=272520000 overall=0.7422 a0_nochange=0.0000 a0_change=0.9692 a1_nochange=1.0000 a1_change=1.0000 matched_but_wrong=0
  mpx-135 acc: trials=272520000 accuracy=0.9896
  mpx-135 traj: trials=272640000 wall=362444s knowledge=0.7422 reliable=388 spec=8.00 pop=1913
  mpx-135 cover: trials=272640000 overall=0.7422 a0_nochange=0.0000 a0_change=0.9692 a1_nochange=1.0000 a1_change=1.0000 matched_but_wrong=0
  mpx-135 acc: trials=272640000 accuracy=0.9926
  mpx-135 traj: trials=272760000 wall=362524s knowledge=0.7413 reliable=392 spec=8.01 pop=1827
  mpx-135 cover: trials=272760000 overall=0.7413 a0_nochange=0.0000 a0_change=0.9657 a1_nochange=1.0000 a1_change=1.0000 matched_but_wrong=0
  mpx-135 acc: trials=272760000 accuracy=0.9897
  mpx-135 traj: trials=272880000 wall=362586s knowledge=0.7412 reliable=390 spec=8.01 pop=1806
  mpx-135 cover: trials=272880000 overall=0.7412 a0_nochange=0.0000 a0_change=0.9651 a1_nochange=1.0000 a1_change=1.0000 matched_but_wrong=0
  mpx-135 acc: trials=272880000 accuracy=0.9873
  mpx-135 traj: trials=273000000 wall=362727s knowledge=0.7412 reliable=387 spec=8.01 pop=1809
  mpx-135 cover: trials=273000000 overall=0.7412 a0_nochange=0.0000 a0_change=0.9651 a1_nochange=1.0000 a1_change=1.0000 matched_but_wrong=0
  mpx-135 acc: trials=273000000 accuracy=0.9868
  mpx-135 traj: trials=273120000 wall=362783s knowledge=0.7410 reliable=388 spec=8.00 pop=1957
  mpx-135 cover: trials=273120000 overall=0.7410 a0_nochange=0.0000 a0_change=0.9643 a1_nochange=1.0000 a1_change=1.0000 matched_but_wrong=0
  mpx-135 acc: trials=273120000 accuracy=0.9872
  mpx-135 traj: trials=273240000 wall=362881s knowledge=0.7410 reliable=387 spec=8.00 pop=1878
  mpx-135 cover: trials=273240000 overall=0.7410 a0_nochange=0.0000 a0_change=0.9643 a1_nochange=1.0000 a1_change=1.0000 matched_but_wrong=0
  mpx-135 acc: trials=273240000 accuracy=0.9901
  mpx-135 traj: trials=273360000 wall=363076s knowledge=0.7416 reliable=390 spec=8.02 pop=1825
  mpx-135 cover: trials=273360000 overall=0.7416 a0_nochange=0.0000 a0_change=0.9668 a1_nochange=1.0000 a1_change=1.0000 matched_but_wrong=0
  mpx-135 acc: trials=273360000 accuracy=0.9913
  mpx-135 traj: trials=273480000 wall=363202s knowledge=0.7425 reliable=394 spec=8.02 pop=2057
  mpx-135 cover: trials=273480000 overall=0.7425 a0_nochange=0.0000 a0_change=0.9701 a1_nochange=1.0000 a1_change=1.0000 matched_but_wrong=0
  mpx-135 acc: trials=273480000 accuracy=0.9938
  mpx-135 traj: trials=273600000 wall=363268s knowledge=0.7425 reliable=390 spec=8.02 pop=1645
  mpx-135 cover: trials=273600000 overall=0.7425 a0_nochange=0.0000 a0_change=0.9701 a1_nochange=1.0000 a1_change=1.0000 matched_but_wrong=0
  mpx-135 acc: trials=273600000 accuracy=0.9932
  mpx-135 traj: trials=273720000 wall=363328s knowledge=0.7420 reliable=391 spec=8.00 pop=2147
  mpx-135 cover: trials=273720000 overall=0.7420 a0_nochange=0.0000 a0_change=0.9685 a1_nochange=1.0000 a1_change=1.0000 matched_but_wrong=0
  mpx-135 acc: trials=273720000 accuracy=0.9893
  mpx-135 traj: trials=273840000 wall=363434s knowledge=0.7431 reliable=393 spec=8.00 pop=1819
  mpx-135 cover: trials=273840000 overall=0.7431 a0_nochange=0.0000 a0_change=0.9729 a1_nochange=1.0000 a1_change=1.0000 matched_but_wrong=0
  mpx-135 acc: trials=273840000 accuracy=0.9921
  mpx-135 traj: trials=273960000 wall=363531s knowledge=0.7434 reliable=395 spec=8.02 pop=1800
  mpx-135 cover: trials=273960000 overall=0.7434 a0_nochange=0.0000 a0_change=0.9740 a1_nochange=1.0000 a1_change=1.0000 matched_but_wrong=0
  mpx-135 acc: trials=273960000 accuracy=0.9933
  mpx-135 traj: trials=274080000 wall=363658s knowledge=0.7432 reliable=398 spec=8.01 pop=2628
  mpx-135 cover: trials=274080000 overall=0.7432 a0_nochange=0.0000 a0_change=0.9732 a1_nochange=1.0000 a1_change=1.0000 matched_but_wrong=0
  mpx-135 acc: trials=274080000 accuracy=0.9918
  mpx-135 traj: trials=274200000 wall=363749s knowledge=0.7442 reliable=390 spec=8.01 pop=1796
  mpx-135 cover: trials=274200000 overall=0.7442 a0_nochange=0.0000 a0_change=0.9770 a1_nochange=1.0000 a1_change=1.0000 matched_but_wrong=0
  mpx-135 acc: trials=274200000 accuracy=0.9910
  mpx-135 traj: trials=274320000 wall=363918s knowledge=0.7438 reliable=394 spec=8.01 pop=1772
  mpx-135 cover: trials=274320000 overall=0.7438 a0_nochange=0.0000 a0_change=0.9755 a1_nochange=1.0000 a1_change=1.0000 matched_but_wrong=0
  mpx-135 acc: trials=274320000 accuracy=0.9938
  mpx-135 traj: trials=274440000 wall=363983s knowledge=0.7422 reliable=388 spec=8.00 pop=1717
  mpx-135 cover: trials=274440000 overall=0.7422 a0_nochange=0.0000 a0_change=0.9693 a1_nochange=1.0000 a1_change=1.0000 matched_but_wrong=0
  mpx-135 acc: trials=274440000 accuracy=0.9930
  mpx-135 traj: trials=274560000 wall=364065s knowledge=0.7422 reliable=392 spec=8.00 pop=1745
  mpx-135 cover: trials=274560000 overall=0.7422 a0_nochange=0.0000 a0_change=0.9693 a1_nochange=1.0000 a1_change=1.0000 matched_but_wrong=0
  mpx-135 acc: trials=274560000 accuracy=0.9900
  mpx-135 traj: trials=274680000 wall=364146s knowledge=0.7427 reliable=389 spec=8.01 pop=1691
  mpx-135 cover: trials=274680000 overall=0.7427 a0_nochange=0.0000 a0_change=0.9710 a1_nochange=1.0000 a1_change=1.0000 matched_but_wrong=0
  mpx-135 acc: trials=274680000 accuracy=0.9882
  mpx-135 traj: trials=274800000 wall=364220s knowledge=0.7414 reliable=387 spec=8.01 pop=1804
  mpx-135 cover: trials=274800000 overall=0.7414 a0_nochange=0.0000 a0_change=0.9661 a1_nochange=1.0000 a1_change=1.0000 matched_but_wrong=0
  mpx-135 acc: trials=274800000 accuracy=0.9929
  mpx-135 traj: trials=274920000 wall=364288s knowledge=0.7420 reliable=389 spec=8.01 pop=1709
  mpx-135 cover: trials=274920000 overall=0.7420 a0_nochange=0.0000 a0_change=0.9684 a1_nochange=1.0000 a1_change=1.0000 matched_but_wrong=0
  mpx-135 acc: trials=274920000 accuracy=0.9924
  mpx-135 traj: trials=275040000 wall=364566s knowledge=0.7419 reliable=389 spec=8.00 pop=1741
  mpx-135 cover: trials=275040000 overall=0.7419 a0_nochange=0.0000 a0_change=0.9680 a1_nochange=1.0000 a1_change=1.0000 matched_but_wrong=0
  mpx-135 acc: trials=275040000 accuracy=0.9898
  mpx-135 traj: trials=275160000 wall=364868s knowledge=0.7419 reliable=388 spec=8.00 pop=1928
  mpx-135 cover: trials=275160000 overall=0.7419 a0_nochange=0.0000 a0_change=0.9680 a1_nochange=1.0000 a1_change=1.0000 matched_but_wrong=0
  mpx-135 acc: trials=275160000 accuracy=0.9879
  mpx-135 traj: trials=275280000 wall=364924s knowledge=0.7410 reliable=387 spec=8.00 pop=1767
  mpx-135 cover: trials=275280000 overall=0.7410 a0_nochange=0.0000 a0_change=0.9643 a1_nochange=1.0000 a1_change=1.0000 matched_but_wrong=0
  mpx-135 acc: trials=275280000 accuracy=0.9853
  mpx-135 traj: trials=275400000 wall=365091s knowledge=0.7410 reliable=391 spec=8.01 pop=2001
  mpx-135 cover: trials=275400000 overall=0.7410 a0_nochange=0.0000 a0_change=0.9645 a1_nochange=1.0000 a1_change=1.0000 matched_but_wrong=0
  mpx-135 acc: trials=275400000 accuracy=0.9903
  mpx-135 traj: trials=275520000 wall=365181s knowledge=0.7416 reliable=391 spec=8.01 pop=1996
  mpx-135 cover: trials=275520000 overall=0.7416 a0_nochange=0.0000 a0_change=0.9666 a1_nochange=1.0000 a1_change=1.0000 matched_but_wrong=0
  mpx-135 acc: trials=275520000 accuracy=0.9884
  mpx-135 traj: trials=275640000 wall=365271s knowledge=0.7410 reliable=384 spec=8.00 pop=1859
  mpx-135 cover: trials=275640000 overall=0.7410 a0_nochange=0.0000 a0_change=0.9643 a1_nochange=1.0000 a1_change=1.0000 matched_but_wrong=0
  mpx-135 acc: trials=275640000 accuracy=0.9863
  mpx-135 traj: trials=275760000 wall=365344s knowledge=0.7410 reliable=388 spec=8.00 pop=1890
  mpx-135 cover: trials=275760000 overall=0.7410 a0_nochange=0.0000 a0_change=0.9643 a1_nochange=1.0000 a1_change=1.0000 matched_but_wrong=0
  mpx-135 acc: trials=275760000 accuracy=0.9932
  mpx-135 traj: trials=275880000 wall=365491s knowledge=0.7412 reliable=392 spec=8.01 pop=2590
  mpx-135 cover: trials=275880000 overall=0.7412 a0_nochange=0.0000 a0_change=0.9650 a1_nochange=1.0000 a1_change=1.0000 matched_but_wrong=0
  mpx-135 acc: trials=275880000 accuracy=0.9920
  mpx-135 traj: trials=276000000 wall=365553s knowledge=0.7414 reliable=388 spec=8.02 pop=1909
  mpx-135 cover: trials=276000000 overall=0.7414 a0_nochange=0.0000 a0_change=0.9660 a1_nochange=1.0000 a1_change=1.0000 matched_but_wrong=0
  mpx-135 acc: trials=276000000 accuracy=0.9910
  mpx-135 traj: trials=276120000 wall=365719s knowledge=0.7412 reliable=391 spec=8.01 pop=1772
  mpx-135 cover: trials=276120000 overall=0.7412 a0_nochange=0.0000 a0_change=0.9650 a1_nochange=1.0000 a1_change=1.0000 matched_but_wrong=0
  mpx-135 acc: trials=276120000 accuracy=0.9852
  mpx-135 traj: trials=276240000 wall=365797s knowledge=0.7412 reliable=387 spec=8.01 pop=1747
  mpx-135 cover: trials=276240000 overall=0.7412 a0_nochange=0.0000 a0_change=0.9650 a1_nochange=1.0000 a1_change=1.0000 matched_but_wrong=0
  mpx-135 acc: trials=276240000 accuracy=0.9926
  mpx-135 traj: trials=276360000 wall=365976s knowledge=0.7410 reliable=393 spec=8.00 pop=1900
  mpx-135 cover: trials=276360000 overall=0.7410 a0_nochange=0.0000 a0_change=0.9643 a1_nochange=1.0000 a1_change=1.0000 matched_but_wrong=0
  mpx-135 acc: trials=276360000 accuracy=0.9885
  mpx-135 traj: trials=276480000 wall=366037s knowledge=0.7411 reliable=391 spec=8.01 pop=1980
  mpx-135 cover: trials=276480000 overall=0.7411 a0_nochange=0.0000 a0_change=0.9648 a1_nochange=1.0000 a1_change=1.0000 matched_but_wrong=0
  mpx-135 acc: trials=276480000 accuracy=0.9890
  mpx-135 traj: trials=276600000 wall=366338s knowledge=0.7410 reliable=394 spec=8.00 pop=1985
  mpx-135 cover: trials=276600000 overall=0.7410 a0_nochange=0.0000 a0_change=0.9643 a1_nochange=1.0000 a1_change=1.0000 matched_but_wrong=0
  mpx-135 acc: trials=276600000 accuracy=0.9911
  mpx-135 traj: trials=276720000 wall=366418s knowledge=0.7410 reliable=397 spec=8.00 pop=1835
  mpx-135 cover: trials=276720000 overall=0.7410 a0_nochange=0.0000 a0_change=0.9643 a1_nochange=1.0000 a1_change=1.0000 matched_but_wrong=0
  mpx-135 acc: trials=276720000 accuracy=0.9857
  mpx-135 traj: trials=276840000 wall=366481s knowledge=0.7414 reliable=388 spec=8.01 pop=2174
  mpx-135 cover: trials=276840000 overall=0.7414 a0_nochange=0.0000 a0_change=0.9660 a1_nochange=1.0000 a1_change=1.0000 matched_but_wrong=0
  mpx-135 acc: trials=276840000 accuracy=0.9883
  mpx-135 traj: trials=276960000 wall=366543s knowledge=0.7421 reliable=388 spec=8.01 pop=1855
  mpx-135 cover: trials=276960000 overall=0.7421 a0_nochange=0.0000 a0_change=0.9687 a1_nochange=1.0000 a1_change=1.0000 matched_but_wrong=0
  mpx-135 acc: trials=276960000 accuracy=0.9907
  mpx-135 traj: trials=277080000 wall=366681s knowledge=0.7425 reliable=390 spec=8.01 pop=1873
  mpx-135 cover: trials=277080000 overall=0.7425 a0_nochange=0.0000 a0_change=0.9702 a1_nochange=1.0000 a1_change=1.0000 matched_but_wrong=0
  mpx-135 acc: trials=277080000 accuracy=0.9914
  mpx-135 traj: trials=277200000 wall=366764s knowledge=0.7421 reliable=390 spec=8.01 pop=1829
  mpx-135 cover: trials=277200000 overall=0.7421 a0_nochange=0.0000 a0_change=0.9687 a1_nochange=1.0000 a1_change=1.0000 matched_but_wrong=0
  mpx-135 acc: trials=277200000 accuracy=0.9891
  mpx-135 traj: trials=277320000 wall=366915s knowledge=0.7426 reliable=391 spec=8.01 pop=2466
  mpx-135 cover: trials=277320000 overall=0.7426 a0_nochange=0.0000 a0_change=0.9706 a1_nochange=1.0000 a1_change=1.0000 matched_but_wrong=0
  mpx-135 acc: trials=277320000 accuracy=0.9925
  mpx-135 traj: trials=277440000 wall=367007s knowledge=0.7420 reliable=390 spec=8.00 pop=1924
  mpx-135 cover: trials=277440000 overall=0.7420 a0_nochange=0.0000 a0_change=0.9682 a1_nochange=1.0000 a1_change=1.0000 matched_but_wrong=0
  mpx-135 acc: trials=277440000 accuracy=0.9877
  mpx-135 traj: trials=277560000 wall=367066s knowledge=0.7426 reliable=391 spec=8.01 pop=1703
  mpx-135 cover: trials=277560000 overall=0.7426 a0_nochange=0.0000 a0_change=0.9708 a1_nochange=1.0000 a1_change=1.0000 matched_but_wrong=7
  mpx-135 acc: trials=277560000 accuracy=0.9904
  mpx-135 traj: trials=277680000 wall=367133s knowledge=0.7420 reliable=390 spec=8.00 pop=1786
  mpx-135 cover: trials=277680000 overall=0.7420 a0_nochange=0.0000 a0_change=0.9682 a1_nochange=1.0000 a1_change=1.0000 matched_but_wrong=0
  mpx-135 acc: trials=277680000 accuracy=0.9881
  mpx-135 traj: trials=277800000 wall=367205s knowledge=0.7420 reliable=389 spec=8.00 pop=1799
  mpx-135 cover: trials=277800000 overall=0.7420 a0_nochange=0.0000 a0_change=0.9682 a1_nochange=1.0000 a1_change=1.0000 matched_but_wrong=0
  mpx-135 acc: trials=277800000 accuracy=0.9949
  mpx-135 traj: trials=277920000 wall=367262s knowledge=0.7420 reliable=394 spec=8.00 pop=2317
  mpx-135 cover: trials=277920000 overall=0.7420 a0_nochange=0.0000 a0_change=0.9682 a1_nochange=1.0000 a1_change=1.0000 matched_but_wrong=0
  mpx-135 acc: trials=277920000 accuracy=0.9882
  mpx-135 traj: trials=278040000 wall=367340s knowledge=0.7420 reliable=392 spec=8.00 pop=1663
  mpx-135 cover: trials=278040000 overall=0.7420 a0_nochange=0.0000 a0_change=0.9682 a1_nochange=1.0000 a1_change=1.0000 matched_but_wrong=0
  mpx-135 acc: trials=278040000 accuracy=0.9914
  mpx-135 traj: trials=278160000 wall=367432s knowledge=0.7420 reliable=392 spec=8.00 pop=1912
  mpx-135 cover: trials=278160000 overall=0.7420 a0_nochange=0.0000 a0_change=0.9682 a1_nochange=1.0000 a1_change=1.0000 matched_but_wrong=0
  mpx-135 acc: trials=278160000 accuracy=0.9889
  mpx-135 traj: trials=278280000 wall=367518s knowledge=0.7411 reliable=386 spec=8.01 pop=1746
  mpx-135 cover: trials=278280000 overall=0.7411 a0_nochange=0.0000 a0_change=0.9647 a1_nochange=1.0000 a1_change=1.0000 matched_but_wrong=0
  mpx-135 acc: trials=278280000 accuracy=0.9875
  mpx-135 traj: trials=278400000 wall=367576s knowledge=0.7410 reliable=388 spec=8.00 pop=1765
  mpx-135 cover: trials=278400000 overall=0.7410 a0_nochange=0.0000 a0_change=0.9643 a1_nochange=1.0000 a1_change=1.0000 matched_but_wrong=0
  mpx-135 acc: trials=278400000 accuracy=0.9886
  mpx-135 traj: trials=278520000 wall=367720s knowledge=0.7410 reliable=391 spec=8.00 pop=2726
  mpx-135 cover: trials=278520000 overall=0.7410 a0_nochange=0.0000 a0_change=0.9643 a1_nochange=1.0000 a1_change=1.0000 matched_but_wrong=0
  mpx-135 acc: trials=278520000 accuracy=0.9874
  mpx-135 traj: trials=278640000 wall=367885s knowledge=0.7410 reliable=389 spec=8.01 pop=1764
  mpx-135 cover: trials=278640000 overall=0.7410 a0_nochange=0.0000 a0_change=0.9645 a1_nochange=1.0000 a1_change=1.0000 matched_but_wrong=0
  mpx-135 acc: trials=278640000 accuracy=0.9858
  mpx-135 traj: trials=278760000 wall=368018s knowledge=0.7412 reliable=392 spec=8.02 pop=1812
  mpx-135 cover: trials=278760000 overall=0.7412 a0_nochange=0.0000 a0_change=0.9653 a1_nochange=1.0000 a1_change=1.0000 matched_but_wrong=0
  mpx-135 acc: trials=278760000 accuracy=0.9868
  mpx-135 traj: trials=278880000 wall=368099s knowledge=0.7412 reliable=394 spec=8.02 pop=1840
  mpx-135 cover: trials=278880000 overall=0.7412 a0_nochange=0.0000 a0_change=0.9653 a1_nochange=1.0000 a1_change=1.0000 matched_but_wrong=0
  mpx-135 acc: trials=278880000 accuracy=0.9921
  mpx-135 traj: trials=279000000 wall=368244s knowledge=0.7418 reliable=391 spec=8.03 pop=1762
  mpx-135 cover: trials=279000000 overall=0.7418 a0_nochange=0.0000 a0_change=0.9673 a1_nochange=1.0000 a1_change=1.0000 matched_but_wrong=0
  mpx-135 acc: trials=279000000 accuracy=0.9892
  mpx-135 traj: trials=279120000 wall=368303s knowledge=0.7417 reliable=392 spec=8.03 pop=1734
  mpx-135 cover: trials=279120000 overall=0.7417 a0_nochange=0.0000 a0_change=0.9671 a1_nochange=1.0000 a1_change=1.0000 matched_but_wrong=0
  mpx-135 acc: trials=279120000 accuracy=0.9876
  mpx-135 traj: trials=279240000 wall=368491s knowledge=0.7424 reliable=392 spec=8.04 pop=1743
  mpx-135 cover: trials=279240000 overall=0.7424 a0_nochange=0.0000 a0_change=0.9698 a1_nochange=1.0000 a1_change=1.0000 matched_but_wrong=0
  mpx-135 acc: trials=279240000 accuracy=0.9918
  mpx-135 traj: trials=279360000 wall=368595s knowledge=0.7422 reliable=393 spec=8.02 pop=1911
  mpx-135 cover: trials=279360000 overall=0.7422 a0_nochange=0.0000 a0_change=0.9693 a1_nochange=1.0000 a1_change=1.0000 matched_but_wrong=0
  mpx-135 acc: trials=279360000 accuracy=0.9902
  mpx-135 traj: trials=279480000 wall=368662s knowledge=0.7422 reliable=391 spec=8.02 pop=1857
  mpx-135 cover: trials=279480000 overall=0.7422 a0_nochange=0.0000 a0_change=0.9693 a1_nochange=1.0000 a1_change=1.0000 matched_but_wrong=0
  mpx-135 acc: trials=279480000 accuracy=0.9902
  mpx-135 traj: trials=279600000 wall=368800s knowledge=0.7442 reliable=397 spec=8.03 pop=1975
  mpx-135 cover: trials=279600000 overall=0.7442 a0_nochange=0.0000 a0_change=0.9770 a1_nochange=1.0000 a1_change=1.0000 matched_but_wrong=0
  mpx-135 acc: trials=279600000 accuracy=0.9932
  mpx-135 traj: trials=279720000 wall=368880s knowledge=0.7429 reliable=391 spec=8.01 pop=1849
  mpx-135 cover: trials=279720000 overall=0.7429 a0_nochange=0.0000 a0_change=0.9721 a1_nochange=1.0000 a1_change=1.0000 matched_but_wrong=0
  mpx-135 acc: trials=279720000 accuracy=0.9884
  mpx-135 traj: trials=279840000 wall=368992s knowledge=0.7435 reliable=392 spec=8.01 pop=1738
  mpx-135 cover: trials=279840000 overall=0.7435 a0_nochange=0.0000 a0_change=0.9745 a1_nochange=1.0000 a1_change=1.0000 matched_but_wrong=0
  mpx-135 acc: trials=279840000 accuracy=0.9890
  mpx-135 traj: trials=279960000 wall=369095s knowledge=0.7435 reliable=392 spec=8.01 pop=1947
  mpx-135 cover: trials=279960000 overall=0.7435 a0_nochange=0.0000 a0_change=0.9745 a1_nochange=1.0000 a1_change=1.0000 matched_but_wrong=0
  mpx-135 acc: trials=279960000 accuracy=0.9926
  mpx-135 traj: trials=280080000 wall=369157s knowledge=0.7447 reliable=393 spec=8.01 pop=1875
  mpx-135 cover: trials=280080000 overall=0.7447 a0_nochange=0.0000 a0_change=0.9790 a1_nochange=1.0000 a1_change=1.0000 matched_but_wrong=0
  mpx-135 acc: trials=280080000 accuracy=0.9907
  mpx-135 traj: trials=280200000 wall=369326s knowledge=0.7441 reliable=390 spec=8.00 pop=1665
  mpx-135 cover: trials=280200000 overall=0.7441 a0_nochange=0.0000 a0_change=0.9766 a1_nochange=1.0000 a1_change=1.0000 matched_but_wrong=0
  mpx-135 acc: trials=280200000 accuracy=0.9953
  mpx-135 traj: trials=280320000 wall=369403s knowledge=0.7432 reliable=394 spec=8.01 pop=1952
  mpx-135 cover: trials=280320000 overall=0.7432 a0_nochange=0.0000 a0_change=0.9731 a1_nochange=1.0000 a1_change=1.0000 matched_but_wrong=1
  mpx-135 acc: trials=280320000 accuracy=0.9938
  mpx-135 traj: trials=280440000 wall=369492s knowledge=0.7432 reliable=391 spec=8.00 pop=2050
  mpx-135 cover: trials=280440000 overall=0.7432 a0_nochange=0.0000 a0_change=0.9730 a1_nochange=1.0000 a1_change=1.0000 matched_but_wrong=0
  mpx-135 acc: trials=280440000 accuracy=0.9947
  mpx-135 traj: trials=280560000 wall=369573s knowledge=0.7432 reliable=388 spec=8.00 pop=1838
  mpx-135 cover: trials=280560000 overall=0.7432 a0_nochange=0.0000 a0_change=0.9730 a1_nochange=1.0000 a1_change=1.0000 matched_but_wrong=0
  mpx-135 acc: trials=280560000 accuracy=0.9906
  mpx-135 traj: trials=280680000 wall=369673s knowledge=0.7432 reliable=389 spec=8.00 pop=1813
  mpx-135 cover: trials=280680000 overall=0.7432 a0_nochange=0.0000 a0_change=0.9730 a1_nochange=1.0000 a1_change=1.0000 matched_but_wrong=0
  mpx-135 acc: trials=280680000 accuracy=0.9917
  mpx-135 traj: trials=280800000 wall=369784s knowledge=0.7438 reliable=392 spec=8.01 pop=2196
  mpx-135 cover: trials=280800000 overall=0.7438 a0_nochange=0.0000 a0_change=0.9755 a1_nochange=1.0000 a1_change=1.0000 matched_but_wrong=0
  mpx-135 acc: trials=280800000 accuracy=0.9927
  mpx-135 traj: trials=280920000 wall=369984s knowledge=0.7438 reliable=388 spec=8.01 pop=1880
  mpx-135 cover: trials=280920000 overall=0.7438 a0_nochange=0.0000 a0_change=0.9757 a1_nochange=1.0000 a1_change=1.0000 matched_but_wrong=0
  mpx-135 acc: trials=280920000 accuracy=0.9931
  mpx-135 traj: trials=281040000 wall=370090s knowledge=0.7438 reliable=395 spec=8.02 pop=1848
  mpx-135 cover: trials=281040000 overall=0.7438 a0_nochange=0.0000 a0_change=0.9754 a1_nochange=1.0000 a1_change=1.0000 matched_but_wrong=0
  mpx-135 acc: trials=281040000 accuracy=0.9911
  mpx-135 traj: trials=281160000 wall=370215s knowledge=0.7434 reliable=394 spec=8.01 pop=1833
  mpx-135 cover: trials=281160000 overall=0.7434 a0_nochange=0.0000 a0_change=0.9740 a1_nochange=1.0000 a1_change=1.0000 matched_but_wrong=0
  mpx-135 acc: trials=281160000 accuracy=0.9908
  mpx-135 traj: trials=281280000 wall=370339s knowledge=0.7433 reliable=392 spec=8.01 pop=1789
  mpx-135 cover: trials=281280000 overall=0.7433 a0_nochange=0.0000 a0_change=0.9736 a1_nochange=1.0000 a1_change=1.0000 matched_but_wrong=0
  mpx-135 acc: trials=281280000 accuracy=0.9931
  mpx-135 traj: trials=281400000 wall=370406s knowledge=0.7435 reliable=395 spec=8.01 pop=1921
  mpx-135 cover: trials=281400000 overall=0.7435 a0_nochange=0.0000 a0_change=0.9742 a1_nochange=1.0000 a1_change=1.0000 matched_but_wrong=0
  mpx-135 acc: trials=281400000 accuracy=0.9917
  mpx-135 traj: trials=281520000 wall=370529s knowledge=0.7433 reliable=393 spec=8.01 pop=1786
  mpx-135 cover: trials=281520000 overall=0.7433 a0_nochange=0.0000 a0_change=0.9737 a1_nochange=1.0000 a1_change=1.0000 matched_but_wrong=0
  mpx-135 acc: trials=281520000 accuracy=0.9928
  mpx-135 traj: trials=281640000 wall=370629s knowledge=0.7432 reliable=387 spec=8.00 pop=2316
  mpx-135 cover: trials=281640000 overall=0.7432 a0_nochange=0.0000 a0_change=0.9730 a1_nochange=1.0000 a1_change=1.0000 matched_but_wrong=0
  mpx-135 acc: trials=281640000 accuracy=0.9905
  mpx-135 traj: trials=281760000 wall=370691s knowledge=0.7433 reliable=391 spec=8.01 pop=1633
  mpx-135 cover: trials=281760000 overall=0.7433 a0_nochange=0.0000 a0_change=0.9736 a1_nochange=1.0000 a1_change=1.0000 matched_but_wrong=0
  mpx-135 acc: trials=281760000 accuracy=0.9887
  mpx-135 traj: trials=281880000 wall=370804s knowledge=0.7432 reliable=391 spec=8.00 pop=1911
  mpx-135 cover: trials=281880000 overall=0.7432 a0_nochange=0.0000 a0_change=0.9730 a1_nochange=1.0000 a1_change=1.0000 matched_but_wrong=0
  mpx-135 acc: trials=281880000 accuracy=0.9928
  mpx-135 traj: trials=282000000 wall=370859s knowledge=0.7435 reliable=393 spec=8.01 pop=1780
  mpx-135 cover: trials=282000000 overall=0.7435 a0_nochange=0.0000 a0_change=0.9743 a1_nochange=1.0000 a1_change=1.0000 matched_but_wrong=0
  mpx-135 acc: trials=282000000 accuracy=0.9937
  mpx-135 traj: trials=282120000 wall=370936s knowledge=0.7432 reliable=391 spec=8.01 pop=1780
  mpx-135 cover: trials=282120000 overall=0.7432 a0_nochange=0.0000 a0_change=0.9732 a1_nochange=1.0000 a1_change=1.0000 matched_but_wrong=0
  mpx-135 acc: trials=282120000 accuracy=0.9906
  mpx-135 traj: trials=282240000 wall=371032s knowledge=0.7432 reliable=388 spec=8.01 pop=1955
  mpx-135 cover: trials=282240000 overall=0.7432 a0_nochange=0.0000 a0_change=0.9732 a1_nochange=1.0000 a1_change=1.0000 matched_but_wrong=0
  mpx-135 acc: trials=282240000 accuracy=0.9871
  mpx-135 traj: trials=282360000 wall=371160s knowledge=0.7432 reliable=388 spec=8.01 pop=1917
  mpx-135 cover: trials=282360000 overall=0.7432 a0_nochange=0.0000 a0_change=0.9732 a1_nochange=1.0000 a1_change=1.0000 matched_but_wrong=0
  mpx-135 acc: trials=282360000 accuracy=0.9884
  mpx-135 traj: trials=282480000 wall=371260s knowledge=0.7432 reliable=385 spec=8.01 pop=1894
  mpx-135 cover: trials=282480000 overall=0.7432 a0_nochange=0.0000 a0_change=0.9732 a1_nochange=1.0000 a1_change=1.0000 matched_but_wrong=0
  mpx-135 acc: trials=282480000 accuracy=0.9908
  mpx-135 traj: trials=282600000 wall=371371s knowledge=0.7432 reliable=393 spec=8.01 pop=1684
  mpx-135 cover: trials=282600000 overall=0.7432 a0_nochange=0.0000 a0_change=0.9732 a1_nochange=1.0000 a1_change=1.0000 matched_but_wrong=0
  mpx-135 acc: trials=282600000 accuracy=0.9909
  mpx-135 traj: trials=282720000 wall=371448s knowledge=0.7432 reliable=386 spec=8.01 pop=1750
  mpx-135 cover: trials=282720000 overall=0.7432 a0_nochange=0.0000 a0_change=0.9732 a1_nochange=1.0000 a1_change=1.0000 matched_but_wrong=0
  mpx-135 acc: trials=282720000 accuracy=0.9901
  mpx-135 traj: trials=282840000 wall=371521s knowledge=0.7433 reliable=390 spec=8.02 pop=1918
  mpx-135 cover: trials=282840000 overall=0.7433 a0_nochange=0.0000 a0_change=0.9738 a1_nochange=1.0000 a1_change=1.0000 matched_but_wrong=0
  mpx-135 acc: trials=282840000 accuracy=0.9930
  mpx-135 traj: trials=282960000 wall=371606s knowledge=0.7432 reliable=393 spec=8.01 pop=1901
  mpx-135 cover: trials=282960000 overall=0.7432 a0_nochange=0.0000 a0_change=0.9732 a1_nochange=1.0000 a1_change=1.0000 matched_but_wrong=0
  mpx-135 acc: trials=282960000 accuracy=0.9902
  mpx-135 traj: trials=283080000 wall=371742s knowledge=0.7432 reliable=393 spec=8.01 pop=1826
  mpx-135 cover: trials=283080000 overall=0.7432 a0_nochange=0.0000 a0_change=0.9732 a1_nochange=1.0000 a1_change=1.0000 matched_but_wrong=0
  mpx-135 acc: trials=283080000 accuracy=0.9897
  mpx-135 traj: trials=283200000 wall=371967s knowledge=0.7432 reliable=388 spec=8.01 pop=1725
  mpx-135 cover: trials=283200000 overall=0.7432 a0_nochange=0.0000 a0_change=0.9732 a1_nochange=1.0000 a1_change=1.0000 matched_but_wrong=0
  mpx-135 acc: trials=283200000 accuracy=0.9941
  mpx-135 traj: trials=283320000 wall=372086s knowledge=0.7434 reliable=392 spec=8.02 pop=2091
  mpx-135 cover: trials=283320000 overall=0.7434 a0_nochange=0.0000 a0_change=0.9741 a1_nochange=1.0000 a1_change=1.0000 matched_but_wrong=0
  mpx-135 acc: trials=283320000 accuracy=0.9935
  mpx-135 traj: trials=283440000 wall=372166s knowledge=0.7432 reliable=392 spec=8.01 pop=1746
  mpx-135 cover: trials=283440000 overall=0.7432 a0_nochange=0.0000 a0_change=0.9732 a1_nochange=1.0000 a1_change=1.0000 matched_but_wrong=0
  mpx-135 acc: trials=283440000 accuracy=0.9905
  mpx-135 traj: trials=283560000 wall=372229s knowledge=0.7432 reliable=390 spec=8.00 pop=1750
  mpx-135 cover: trials=283560000 overall=0.7432 a0_nochange=0.0000 a0_change=0.9730 a1_nochange=1.0000 a1_change=1.0000 matched_but_wrong=0
  mpx-135 acc: trials=283560000 accuracy=0.9947
  mpx-135 traj: trials=283680000 wall=372284s knowledge=0.7432 reliable=390 spec=8.00 pop=1800
  mpx-135 cover: trials=283680000 overall=0.7432 a0_nochange=0.0000 a0_change=0.9730 a1_nochange=1.0000 a1_change=1.0000 matched_but_wrong=0
  mpx-135 acc: trials=283680000 accuracy=0.9939
  mpx-135 traj: trials=283800000 wall=372343s knowledge=0.7432 reliable=387 spec=8.00 pop=1713
  mpx-135 cover: trials=283800000 overall=0.7432 a0_nochange=0.0000 a0_change=0.9730 a1_nochange=1.0000 a1_change=1.0000 matched_but_wrong=0
  mpx-135 acc: trials=283800000 accuracy=0.9881
  mpx-135 traj: trials=283920000 wall=372425s knowledge=0.7437 reliable=393 spec=8.00 pop=2240
  mpx-135 cover: trials=283920000 overall=0.7437 a0_nochange=0.0000 a0_change=0.9752 a1_nochange=1.0000 a1_change=1.0000 matched_but_wrong=0
  mpx-135 acc: trials=283920000 accuracy=0.9928
  mpx-135 traj: trials=284040000 wall=372545s knowledge=0.7432 reliable=386 spec=8.00 pop=1652
  mpx-135 cover: trials=284040000 overall=0.7432 a0_nochange=0.0000 a0_change=0.9730 a1_nochange=1.0000 a1_change=1.0000 matched_but_wrong=0
  mpx-135 acc: trials=284040000 accuracy=0.9890
  mpx-135 traj: trials=284160000 wall=372612s knowledge=0.7432 reliable=395 spec=8.00 pop=2399
  mpx-135 cover: trials=284160000 overall=0.7432 a0_nochange=0.0000 a0_change=0.9730 a1_nochange=1.0000 a1_change=1.0000 matched_but_wrong=0
  mpx-135 acc: trials=284160000 accuracy=0.9913
  mpx-135 traj: trials=284280000 wall=372679s knowledge=0.7432 reliable=388 spec=8.00 pop=1725
  mpx-135 cover: trials=284280000 overall=0.7432 a0_nochange=0.0000 a0_change=0.9730 a1_nochange=1.0000 a1_change=1.0000 matched_but_wrong=0
  mpx-135 acc: trials=284280000 accuracy=0.9909
  mpx-135 traj: trials=284400000 wall=372788s knowledge=0.7432 reliable=385 spec=8.00 pop=7430
  mpx-135 cover: trials=284400000 overall=0.7432 a0_nochange=0.0000 a0_change=0.9730 a1_nochange=1.0000 a1_change=1.0000 matched_but_wrong=0
  mpx-135 acc: trials=284400000 accuracy=0.9895
  mpx-135 traj: trials=284520000 wall=373087s knowledge=0.7432 reliable=389 spec=8.00 pop=3315
  mpx-135 cover: trials=284520000 overall=0.7432 a0_nochange=0.0000 a0_change=0.9730 a1_nochange=1.0000 a1_change=1.0000 matched_but_wrong=0
  mpx-135 acc: trials=284520000 accuracy=0.9978
  mpx-135 traj: trials=284640000 wall=373172s knowledge=0.7432 reliable=386 spec=8.00 pop=1778
  mpx-135 cover: trials=284640000 overall=0.7432 a0_nochange=0.0000 a0_change=0.9730 a1_nochange=1.0000 a1_change=1.0000 matched_but_wrong=0
  mpx-135 acc: trials=284640000 accuracy=0.9911
  mpx-135 traj: trials=284760000 wall=373237s knowledge=0.7432 reliable=390 spec=8.00 pop=1756
  mpx-135 cover: trials=284760000 overall=0.7432 a0_nochange=0.0000 a0_change=0.9730 a1_nochange=1.0000 a1_change=1.0000 matched_but_wrong=0
  mpx-135 acc: trials=284760000 accuracy=0.9901
  mpx-135 traj: trials=284880000 wall=373312s knowledge=0.7432 reliable=390 spec=8.00 pop=1743
  mpx-135 cover: trials=284880000 overall=0.7432 a0_nochange=0.0000 a0_change=0.9730 a1_nochange=1.0000 a1_change=1.0000 matched_but_wrong=0
  mpx-135 acc: trials=284880000 accuracy=0.9943
  mpx-135 traj: trials=285000000 wall=373371s knowledge=0.7432 reliable=390 spec=8.00 pop=1716
  mpx-135 cover: trials=285000000 overall=0.7432 a0_nochange=0.0000 a0_change=0.9730 a1_nochange=1.0000 a1_change=1.0000 matched_but_wrong=0
  mpx-135 acc: trials=285000000 accuracy=0.9916
  mpx-135 traj: trials=285120000 wall=373561s knowledge=0.7441 reliable=392 spec=8.00 pop=2253
  mpx-135 cover: trials=285120000 overall=0.7441 a0_nochange=0.0000 a0_change=0.9769 a1_nochange=1.0000 a1_change=1.0000 matched_but_wrong=0
  mpx-135 acc: trials=285120000 accuracy=0.9923
  mpx-135 traj: trials=285240000 wall=373674s knowledge=0.7441 reliable=390 spec=8.00 pop=1687
  mpx-135 cover: trials=285240000 overall=0.7441 a0_nochange=0.0000 a0_change=0.9769 a1_nochange=1.0000 a1_change=1.0000 matched_but_wrong=0
  mpx-135 acc: trials=285240000 accuracy=0.9902
  mpx-135 traj: trials=285360000 wall=373828s knowledge=0.7432 reliable=389 spec=8.00 pop=1877
  mpx-135 cover: trials=285360000 overall=0.7432 a0_nochange=0.0000 a0_change=0.9730 a1_nochange=1.0000 a1_change=1.0000 matched_but_wrong=0
  mpx-135 acc: trials=285360000 accuracy=0.9945
  mpx-135 traj: trials=285480000 wall=373998s knowledge=0.7432 reliable=388 spec=8.00 pop=1809
  mpx-135 cover: trials=285480000 overall=0.7432 a0_nochange=0.0000 a0_change=0.9730 a1_nochange=1.0000 a1_change=1.0000 matched_but_wrong=0
  mpx-135 acc: trials=285480000 accuracy=0.9920
  mpx-135 traj: trials=285600000 wall=374063s knowledge=0.7434 reliable=389 spec=8.01 pop=1717
  mpx-135 cover: trials=285600000 overall=0.7434 a0_nochange=0.0000 a0_change=0.9738 a1_nochange=1.0000 a1_change=1.0000 matched_but_wrong=0
  mpx-135 acc: trials=285600000 accuracy=0.9909
  mpx-135 traj: trials=285720000 wall=374153s knowledge=0.7432 reliable=389 spec=8.00 pop=1859
  mpx-135 cover: trials=285720000 overall=0.7432 a0_nochange=0.0000 a0_change=0.9730 a1_nochange=1.0000 a1_change=1.0000 matched_but_wrong=0
  mpx-135 acc: trials=285720000 accuracy=0.9939
  mpx-135 traj: trials=285840000 wall=374215s knowledge=0.7432 reliable=388 spec=8.00 pop=1686
  mpx-135 cover: trials=285840000 overall=0.7432 a0_nochange=0.0000 a0_change=0.9730 a1_nochange=1.0000 a1_change=1.0000 matched_but_wrong=0
  mpx-135 acc: trials=285840000 accuracy=0.9922
  mpx-135 traj: trials=285960000 wall=374307s knowledge=0.7433 reliable=391 spec=8.01 pop=1830
  mpx-135 cover: trials=285960000 overall=0.7433 a0_nochange=0.0000 a0_change=0.9737 a1_nochange=1.0000 a1_change=1.0000 matched_but_wrong=0
  mpx-135 acc: trials=285960000 accuracy=0.9917
  mpx-135 traj: trials=286080000 wall=374436s knowledge=0.7432 reliable=389 spec=8.00 pop=1823
  mpx-135 cover: trials=286080000 overall=0.7432 a0_nochange=0.0000 a0_change=0.9730 a1_nochange=1.0000 a1_change=1.0000 matched_but_wrong=0
  mpx-135 acc: trials=286080000 accuracy=0.9949
  mpx-135 traj: trials=286200000 wall=374597s knowledge=0.7432 reliable=381 spec=8.00 pop=1671
  mpx-135 cover: trials=286200000 overall=0.7432 a0_nochange=0.0000 a0_change=0.9730 a1_nochange=1.0000 a1_change=1.0000 matched_but_wrong=0
  mpx-135 acc: trials=286200000 accuracy=0.9916
  mpx-135 traj: trials=286320000 wall=374682s knowledge=0.7432 reliable=388 spec=8.00 pop=1901
  mpx-135 cover: trials=286320000 overall=0.7432 a0_nochange=0.0000 a0_change=0.9730 a1_nochange=1.0000 a1_change=1.0000 matched_but_wrong=0
  mpx-135 acc: trials=286320000 accuracy=0.9900
  mpx-135 traj: trials=286440000 wall=374804s knowledge=0.7432 reliable=392 spec=8.00 pop=1833
  mpx-135 cover: trials=286440000 overall=0.7432 a0_nochange=0.0000 a0_change=0.9730 a1_nochange=1.0000 a1_change=1.0000 matched_but_wrong=0
  mpx-135 acc: trials=286440000 accuracy=0.9897
  mpx-135 traj: trials=286560000 wall=374933s knowledge=0.7432 reliable=391 spec=8.00 pop=1907
  mpx-135 cover: trials=286560000 overall=0.7432 a0_nochange=0.0000 a0_change=0.9730 a1_nochange=1.0000 a1_change=1.0000 matched_but_wrong=0
  mpx-135 acc: trials=286560000 accuracy=0.9915
  mpx-135 traj: trials=286680000 wall=375024s knowledge=0.7432 reliable=390 spec=8.00 pop=2393
  mpx-135 cover: trials=286680000 overall=0.7432 a0_nochange=0.0000 a0_change=0.9730 a1_nochange=1.0000 a1_change=1.0000 matched_but_wrong=0
  mpx-135 acc: trials=286680000 accuracy=0.9906
  mpx-135 traj: trials=286800000 wall=375087s knowledge=0.7432 reliable=388 spec=8.00 pop=1855
  mpx-135 cover: trials=286800000 overall=0.7432 a0_nochange=0.0000 a0_change=0.9730 a1_nochange=1.0000 a1_change=1.0000 matched_but_wrong=0
  mpx-135 acc: trials=286800000 accuracy=0.9904
  mpx-135 traj: trials=286920000 wall=375168s knowledge=0.7432 reliable=386 spec=8.00 pop=1793
  mpx-135 cover: trials=286920000 overall=0.7432 a0_nochange=0.0000 a0_change=0.9730 a1_nochange=1.0000 a1_change=1.0000 matched_but_wrong=0
  mpx-135 acc: trials=286920000 accuracy=0.9902
  mpx-135 traj: trials=287040000 wall=375265s knowledge=0.7432 reliable=393 spec=8.00 pop=1757
  mpx-135 cover: trials=287040000 overall=0.7432 a0_nochange=0.0000 a0_change=0.9730 a1_nochange=1.0000 a1_change=1.0000 matched_but_wrong=0
  mpx-135 acc: trials=287040000 accuracy=0.9907
  mpx-135 traj: trials=287160000 wall=375452s knowledge=0.7432 reliable=393 spec=8.00 pop=1940
  mpx-135 cover: trials=287160000 overall=0.7432 a0_nochange=0.0000 a0_change=0.9730 a1_nochange=1.0000 a1_change=1.0000 matched_but_wrong=0
  mpx-135 acc: trials=287160000 accuracy=0.9895
  mpx-135 traj: trials=287280000 wall=375529s knowledge=0.7432 reliable=388 spec=8.00 pop=1938
  mpx-135 cover: trials=287280000 overall=0.7432 a0_nochange=0.0000 a0_change=0.9730 a1_nochange=1.0000 a1_change=1.0000 matched_but_wrong=0
  mpx-135 acc: trials=287280000 accuracy=0.9933
  mpx-135 traj: trials=287400000 wall=375642s knowledge=0.7432 reliable=389 spec=8.00 pop=2254
  mpx-135 cover: trials=287400000 overall=0.7432 a0_nochange=0.0000 a0_change=0.9730 a1_nochange=1.0000 a1_change=1.0000 matched_but_wrong=0
  mpx-135 acc: trials=287400000 accuracy=0.9913
  mpx-135 traj: trials=287520000 wall=375704s knowledge=0.7432 reliable=393 spec=8.00 pop=1741
  mpx-135 cover: trials=287520000 overall=0.7432 a0_nochange=0.0000 a0_change=0.9730 a1_nochange=1.0000 a1_change=1.0000 matched_but_wrong=0
  mpx-135 acc: trials=287520000 accuracy=0.9923
  mpx-135 traj: trials=287640000 wall=375803s knowledge=0.7432 reliable=388 spec=8.00 pop=1747
  mpx-135 cover: trials=287640000 overall=0.7432 a0_nochange=0.0000 a0_change=0.9730 a1_nochange=1.0000 a1_change=1.0000 matched_but_wrong=0
  mpx-135 acc: trials=287640000 accuracy=0.9900
  mpx-135 traj: trials=287760000 wall=375869s knowledge=0.7432 reliable=385 spec=8.00 pop=1869
  mpx-135 cover: trials=287760000 overall=0.7432 a0_nochange=0.0000 a0_change=0.9730 a1_nochange=1.0000 a1_change=1.0000 matched_but_wrong=0
  mpx-135 acc: trials=287760000 accuracy=0.9920
  mpx-135 traj: trials=287880000 wall=375977s knowledge=0.7437 reliable=393 spec=8.01 pop=2012
  mpx-135 cover: trials=287880000 overall=0.7437 a0_nochange=0.0000 a0_change=0.9750 a1_nochange=1.0000 a1_change=1.0000 matched_but_wrong=0
  mpx-135 acc: trials=287880000 accuracy=0.9919
  mpx-135 traj: trials=288000000 wall=376045s knowledge=0.7437 reliable=391 spec=8.01 pop=1794
  mpx-135 cover: trials=288000000 overall=0.7437 a0_nochange=0.0000 a0_change=0.9750 a1_nochange=1.0000 a1_change=1.0000 matched_but_wrong=0
  mpx-135 acc: trials=288000000 accuracy=0.9934
  mpx-135 traj: trials=288120000 wall=376151s knowledge=0.7437 reliable=394 spec=8.01 pop=1853
  mpx-135 cover: trials=288120000 overall=0.7437 a0_nochange=0.0000 a0_change=0.9750 a1_nochange=1.0000 a1_change=1.0000 matched_but_wrong=0
  mpx-135 acc: trials=288120000 accuracy=0.9948
  mpx-135 traj: trials=288240000 wall=376213s knowledge=0.7432 reliable=388 spec=8.01 pop=1803
  mpx-135 cover: trials=288240000 overall=0.7432 a0_nochange=0.0000 a0_change=0.9733 a1_nochange=1.0000 a1_change=1.0000 matched_but_wrong=0
  mpx-135 acc: trials=288240000 accuracy=0.9950
  mpx-135 traj: trials=288360000 wall=376301s knowledge=0.7432 reliable=391 spec=8.01 pop=2458
  mpx-135 cover: trials=288360000 overall=0.7432 a0_nochange=0.0000 a0_change=0.9733 a1_nochange=1.0000 a1_change=1.0000 matched_but_wrong=0
  mpx-135 acc: trials=288360000 accuracy=0.9910
  mpx-135 traj: trials=288480000 wall=376366s knowledge=0.7432 reliable=391 spec=8.01 pop=2291
  mpx-135 cover: trials=288480000 overall=0.7432 a0_nochange=0.0000 a0_change=0.9733 a1_nochange=1.0000 a1_change=1.0000 matched_but_wrong=0
  mpx-135 acc: trials=288480000 accuracy=0.9899
  mpx-135 traj: trials=288600000 wall=376535s knowledge=0.7432 reliable=391 spec=8.01 pop=2092
  mpx-135 cover: trials=288600000 overall=0.7432 a0_nochange=0.0000 a0_change=0.9733 a1_nochange=1.0000 a1_change=1.0000 matched_but_wrong=0
  mpx-135 acc: trials=288600000 accuracy=0.9920
  mpx-135 traj: trials=288720000 wall=377217s knowledge=0.7437 reliable=387 spec=8.01 pop=1849
  mpx-135 cover: trials=288720000 overall=0.7437 a0_nochange=0.0000 a0_change=0.9750 a1_nochange=1.0000 a1_change=1.0000 matched_but_wrong=0
  mpx-135 acc: trials=288720000 accuracy=0.9894
  mpx-135 traj: trials=288840000 wall=377310s knowledge=0.7432 reliable=389 spec=8.00 pop=2144
  mpx-135 cover: trials=288840000 overall=0.7432 a0_nochange=0.0000 a0_change=0.9730 a1_nochange=1.0000 a1_change=1.0000 matched_but_wrong=0
  mpx-135 acc: trials=288840000 accuracy=0.9933
  mpx-135 traj: trials=288960000 wall=377386s knowledge=0.7438 reliable=399 spec=8.01 pop=2213
  mpx-135 cover: trials=288960000 overall=0.7438 a0_nochange=0.0000 a0_change=0.9755 a1_nochange=1.0000 a1_change=1.0000 matched_but_wrong=0
  mpx-135 acc: trials=288960000 accuracy=0.9909
  mpx-135 traj: trials=289080000 wall=377458s knowledge=0.7438 reliable=390 spec=8.01 pop=1748
  mpx-135 cover: trials=289080000 overall=0.7438 a0_nochange=0.0000 a0_change=0.9755 a1_nochange=1.0000 a1_change=1.0000 matched_but_wrong=0
  mpx-135 acc: trials=289080000 accuracy=0.9936
  mpx-135 traj: trials=289200000 wall=377600s knowledge=0.7436 reliable=387 spec=8.00 pop=1828
  mpx-135 cover: trials=289200000 overall=0.7436 a0_nochange=0.0000 a0_change=0.9748 a1_nochange=1.0000 a1_change=1.0000 matched_but_wrong=0
  mpx-135 acc: trials=289200000 accuracy=0.9922
  mpx-135 traj: trials=289320000 wall=377793s knowledge=0.7427 reliable=389 spec=8.00 pop=1819
  mpx-135 cover: trials=289320000 overall=0.7427 a0_nochange=0.0000 a0_change=0.9710 a1_nochange=1.0000 a1_change=1.0000 matched_but_wrong=0
  mpx-135 acc: trials=289320000 accuracy=0.9919
  mpx-135 traj: trials=289440000 wall=377863s knowledge=0.7427 reliable=386 spec=8.00 pop=1766
  mpx-135 cover: trials=289440000 overall=0.7427 a0_nochange=0.0000 a0_change=0.9710 a1_nochange=1.0000 a1_change=1.0000 matched_but_wrong=0
  mpx-135 acc: trials=289440000 accuracy=0.9897
  mpx-135 traj: trials=289560000 wall=377937s knowledge=0.7427 reliable=395 spec=8.00 pop=1638
  mpx-135 cover: trials=289560000 overall=0.7427 a0_nochange=0.0000 a0_change=0.9710 a1_nochange=1.0000 a1_change=1.0000 matched_but_wrong=0
  mpx-135 acc: trials=289560000 accuracy=0.9905
  mpx-135 traj: trials=289680000 wall=378003s knowledge=0.7422 reliable=385 spec=8.00 pop=1790
  mpx-135 cover: trials=289680000 overall=0.7422 a0_nochange=0.0000 a0_change=0.9692 a1_nochange=1.0000 a1_change=1.0000 matched_but_wrong=0
  mpx-135 acc: trials=289680000 accuracy=0.9936
  mpx-135 traj: trials=289800000 wall=378141s knowledge=0.7431 reliable=391 spec=8.00 pop=2601
  mpx-135 cover: trials=289800000 overall=0.7431 a0_nochange=0.0000 a0_change=0.9728 a1_nochange=1.0000 a1_change=1.0000 matched_but_wrong=0
  mpx-135 acc: trials=289800000 accuracy=0.9928
  mpx-135 traj: trials=289920000 wall=378220s knowledge=0.7427 reliable=388 spec=8.00 pop=1863
  mpx-135 cover: trials=289920000 overall=0.7427 a0_nochange=0.0000 a0_change=0.9713 a1_nochange=1.0000 a1_change=1.0000 matched_but_wrong=0
  mpx-135 acc: trials=289920000 accuracy=0.9925
  mpx-135 traj: trials=290040000 wall=378280s knowledge=0.7423 reliable=389 spec=8.01 pop=1734
  mpx-135 cover: trials=290040000 overall=0.7423 a0_nochange=0.0000 a0_change=0.9697 a1_nochange=1.0000 a1_change=1.0000 matched_but_wrong=0
  mpx-135 acc: trials=290040000 accuracy=0.9879
  mpx-135 traj: trials=290160000 wall=378407s knowledge=0.7422 reliable=388 spec=8.00 pop=1759
  mpx-135 cover: trials=290160000 overall=0.7422 a0_nochange=0.0000 a0_change=0.9692 a1_nochange=1.0000 a1_change=1.0000 matched_but_wrong=0
  mpx-135 acc: trials=290160000 accuracy=0.9878
  mpx-135 traj: trials=290280000 wall=378474s knowledge=0.7422 reliable=386 spec=8.00 pop=1927
  mpx-135 cover: trials=290280000 overall=0.7422 a0_nochange=0.0000 a0_change=0.9692 a1_nochange=1.0000 a1_change=1.0000 matched_but_wrong=0
  mpx-135 acc: trials=290280000 accuracy=0.9879
  mpx-135 traj: trials=290400000 wall=378525s knowledge=0.7422 reliable=386 spec=8.00 pop=1791
  mpx-135 cover: trials=290400000 overall=0.7422 a0_nochange=0.0000 a0_change=0.9692 a1_nochange=1.0000 a1_change=1.0000 matched_but_wrong=0
  mpx-135 acc: trials=290400000 accuracy=0.9897
  mpx-135 traj: trials=290520000 wall=378582s knowledge=0.7422 reliable=385 spec=8.00 pop=1730
  mpx-135 cover: trials=290520000 overall=0.7422 a0_nochange=0.0000 a0_change=0.9692 a1_nochange=1.0000 a1_change=1.0000 matched_but_wrong=0
  mpx-135 acc: trials=290520000 accuracy=0.9945
  mpx-135 traj: trials=290640000 wall=378681s knowledge=0.7422 reliable=383 spec=8.00 pop=2012
  mpx-135 cover: trials=290640000 overall=0.7422 a0_nochange=0.0000 a0_change=0.9692 a1_nochange=1.0000 a1_change=1.0000 matched_but_wrong=0
  mpx-135 acc: trials=290640000 accuracy=0.9892
  mpx-135 traj: trials=290760000 wall=378814s knowledge=0.7422 reliable=387 spec=8.00 pop=1773
  mpx-135 cover: trials=290760000 overall=0.7422 a0_nochange=0.0000 a0_change=0.9692 a1_nochange=1.0000 a1_change=1.0000 matched_but_wrong=0
  mpx-135 acc: trials=290760000 accuracy=0.9901
  mpx-135 traj: trials=290880000 wall=378875s knowledge=0.7425 reliable=393 spec=8.00 pop=1867
  mpx-135 cover: trials=290880000 overall=0.7425 a0_nochange=0.0000 a0_change=0.9702 a1_nochange=1.0000 a1_change=1.0000 matched_but_wrong=0
  mpx-135 acc: trials=290880000 accuracy=0.9933
  mpx-135 traj: trials=291000000 wall=378951s knowledge=0.7422 reliable=390 spec=8.00 pop=1781
  mpx-135 cover: trials=291000000 overall=0.7422 a0_nochange=0.0000 a0_change=0.9692 a1_nochange=1.0000 a1_change=1.0000 matched_but_wrong=0
  mpx-135 acc: trials=291000000 accuracy=0.9887
  mpx-135 traj: trials=291120000 wall=379036s knowledge=0.7422 reliable=389 spec=8.00 pop=1737
  mpx-135 cover: trials=291120000 overall=0.7422 a0_nochange=0.0000 a0_change=0.9692 a1_nochange=1.0000 a1_change=1.0000 matched_but_wrong=0
  mpx-135 acc: trials=291120000 accuracy=0.9887
  mpx-135 traj: trials=291240000 wall=379231s knowledge=0.7432 reliable=388 spec=8.00 pop=1857
  mpx-135 cover: trials=291240000 overall=0.7432 a0_nochange=0.0000 a0_change=0.9732 a1_nochange=1.0000 a1_change=1.0000 matched_but_wrong=0
  mpx-135 acc: trials=291240000 accuracy=0.9954
  mpx-135 traj: trials=291360000 wall=379312s knowledge=0.7432 reliable=387 spec=8.00 pop=1796
  mpx-135 cover: trials=291360000 overall=0.7432 a0_nochange=0.0000 a0_change=0.9732 a1_nochange=1.0000 a1_change=1.0000 matched_but_wrong=0
  mpx-135 acc: trials=291360000 accuracy=0.9932
  mpx-135 traj: trials=291480000 wall=379395s knowledge=0.7422 reliable=387 spec=8.00 pop=1954
  mpx-135 cover: trials=291480000 overall=0.7422 a0_nochange=0.0000 a0_change=0.9692 a1_nochange=1.0000 a1_change=1.0000 matched_but_wrong=0
  mpx-135 acc: trials=291480000 accuracy=0.9930
  mpx-135 traj: trials=291600000 wall=379456s knowledge=0.7422 reliable=390 spec=8.00 pop=1708
  mpx-135 cover: trials=291600000 overall=0.7422 a0_nochange=0.0000 a0_change=0.9692 a1_nochange=1.0000 a1_change=1.0000 matched_but_wrong=0
  mpx-135 acc: trials=291600000 accuracy=0.9886
  mpx-135 traj: trials=291720000 wall=379559s knowledge=0.7429 reliable=393 spec=8.01 pop=2110
  mpx-135 cover: trials=291720000 overall=0.7429 a0_nochange=0.0000 a0_change=0.9721 a1_nochange=1.0000 a1_change=1.0000 matched_but_wrong=0
  mpx-135 acc: trials=291720000 accuracy=0.9908
  mpx-135 traj: trials=291840000 wall=379620s knowledge=0.7423 reliable=390 spec=8.01 pop=1729
  mpx-135 cover: trials=291840000 overall=0.7423 a0_nochange=0.0000 a0_change=0.9696 a1_nochange=1.0000 a1_change=1.0000 matched_but_wrong=0
  mpx-135 acc: trials=291840000 accuracy=0.9933
  mpx-135 traj: trials=291960000 wall=379746s knowledge=0.7423 reliable=389 spec=8.01 pop=2408
  mpx-135 cover: trials=291960000 overall=0.7423 a0_nochange=0.0000 a0_change=0.9696 a1_nochange=1.0000 a1_change=1.0000 matched_but_wrong=0
  mpx-135 acc: trials=291960000 accuracy=0.9881
  mpx-135 traj: trials=292080000 wall=379826s knowledge=0.7428 reliable=392 spec=8.01 pop=1852
  mpx-135 cover: trials=292080000 overall=0.7428 a0_nochange=0.0000 a0_change=0.9716 a1_nochange=1.0000 a1_change=1.0000 matched_but_wrong=0
  mpx-135 acc: trials=292080000 accuracy=0.9906
  mpx-135 traj: trials=292200000 wall=379926s knowledge=0.7423 reliable=391 spec=8.01 pop=1731
  mpx-135 cover: trials=292200000 overall=0.7423 a0_nochange=0.0000 a0_change=0.9696 a1_nochange=1.0000 a1_change=1.0000 matched_but_wrong=0
  mpx-135 acc: trials=292200000 accuracy=0.9920
  mpx-135 traj: trials=292320000 wall=380098s knowledge=0.7423 reliable=390 spec=8.01 pop=1890
  mpx-135 cover: trials=292320000 overall=0.7423 a0_nochange=0.0000 a0_change=0.9696 a1_nochange=1.0000 a1_change=1.0000 matched_but_wrong=0
  mpx-135 acc: trials=292320000 accuracy=0.9914
  mpx-135 traj: trials=292440000 wall=380208s knowledge=0.7423 reliable=388 spec=8.01 pop=1939
  mpx-135 cover: trials=292440000 overall=0.7423 a0_nochange=0.0000 a0_change=0.9696 a1_nochange=1.0000 a1_change=1.0000 matched_but_wrong=0
  mpx-135 acc: trials=292440000 accuracy=0.9887
  mpx-135 traj: trials=292560000 wall=380707s knowledge=0.7422 reliable=390 spec=8.00 pop=2005
  mpx-135 cover: trials=292560000 overall=0.7422 a0_nochange=0.0000 a0_change=0.9692 a1_nochange=1.0000 a1_change=1.0000 matched_but_wrong=0
  mpx-135 acc: trials=292560000 accuracy=0.9901
  mpx-135 traj: trials=292680000 wall=380763s knowledge=0.7422 reliable=386 spec=8.00 pop=1729
  mpx-135 cover: trials=292680000 overall=0.7422 a0_nochange=0.0000 a0_change=0.9692 a1_nochange=1.0000 a1_change=1.0000 matched_but_wrong=0
  mpx-135 acc: trials=292680000 accuracy=0.9915
  mpx-135 traj: trials=292800000 wall=380938s knowledge=0.7422 reliable=391 spec=8.00 pop=1938
  mpx-135 cover: trials=292800000 overall=0.7422 a0_nochange=0.0000 a0_change=0.9692 a1_nochange=1.0000 a1_change=1.0000 matched_but_wrong=0
  mpx-135 acc: trials=292800000 accuracy=0.9921
  mpx-135 traj: trials=292920000 wall=381107s knowledge=0.7431 reliable=390 spec=7.99 pop=5234
  mpx-135 cover: trials=292920000 overall=0.7431 a0_nochange=0.0000 a0_change=0.9729 a1_nochange=1.0000 a1_change=1.0000 matched_but_wrong=3086
  mpx-135 acc: trials=292920000 accuracy=0.9917
  mpx-135 traj: trials=293040000 wall=381257s knowledge=0.7422 reliable=386 spec=8.00 pop=1943
  mpx-135 cover: trials=293040000 overall=0.7422 a0_nochange=0.0000 a0_change=0.9692 a1_nochange=1.0000 a1_change=1.0000 matched_but_wrong=0
  mpx-135 acc: trials=293040000 accuracy=0.9925
  mpx-135 traj: trials=293160000 wall=381328s knowledge=0.7422 reliable=385 spec=8.00 pop=1772
  mpx-135 cover: trials=293160000 overall=0.7422 a0_nochange=0.0000 a0_change=0.9692 a1_nochange=1.0000 a1_change=1.0000 matched_but_wrong=0
  mpx-135 acc: trials=293160000 accuracy=0.9898
  mpx-135 traj: trials=293280000 wall=381477s knowledge=0.7422 reliable=386 spec=8.00 pop=1715
  mpx-135 cover: trials=293280000 overall=0.7422 a0_nochange=0.0000 a0_change=0.9692 a1_nochange=1.0000 a1_change=1.0000 matched_but_wrong=0
  mpx-135 acc: trials=293280000 accuracy=0.9904
