acs2-bench mpx-reach: sizes=[135] n_exp=1 seed=42 rss_cap=5.6GB time_cap=600000s do_ga=true alp_gen_variant=pyalcs
  mem mpx-135 (N=136): condition=272B effect=272B mark=3264B (stack) classifier=3896B  mark/classifier=83.8%  rss-cap pop-threshold=1437371
  mpx-135 trials_cap=18446744073709551615 (= 20000*2^(k-6)*10, clamped to u64::MAX) u_max=13
  mpx-135 traj: trials=60000 wall=319s knowledge=0.0000 reliable=0 spec=0.00 pop=5695
  mpx-135 diag: trials=60000 micro=5704 pop_spec=11.08 spec_max=16 q_mean=0.542 q_max=0.774 q_above_half=3301 marked=0.303 mark_density=0.929 exp_mean=2.4 addr_spec=0.521 addr_random=0.575 addr_full=0.0000 correct=0
  mpx-135 traj: trials=120000 wall=538s knowledge=0.0000 reliable=0 spec=0.00 pop=6148
  mpx-135 diag: trials=120000 micro=6155 pop_spec=11.14 spec_max=16 q_mean=0.553 q_max=0.804 q_above_half=3808 marked=0.330 mark_density=0.925 exp_mean=2.5 addr_spec=0.558 addr_random=0.577 addr_full=0.0000 correct=0
  mpx-135 traj: trials=180000 wall=737s knowledge=0.0000 reliable=0 spec=0.00 pop=6764
  mpx-135 diag: trials=180000 micro=6768 pop_spec=11.02 spec_max=16 q_mean=0.559 q_max=0.836 q_above_half=4373 marked=0.362 mark_density=0.926 exp_mean=2.6 addr_spec=0.571 addr_random=0.571 addr_full=0.0000 correct=0
  mpx-135 traj: trials=240000 wall=920s knowledge=0.0000 reliable=0 spec=0.00 pop=7045
  mpx-135 diag: trials=240000 micro=7051 pop_spec=11.38 spec_max=17 q_mean=0.560 q_max=0.819 q_above_half=4605 marked=0.338 mark_density=0.923 exp_mean=2.5 addr_spec=0.567 addr_random=0.590 addr_full=0.0000 correct=0
  mpx-135 traj: trials=300000 wall=1110s knowledge=0.0000 reliable=0 spec=0.00 pop=6778
  mpx-135 diag: trials=300000 micro=6791 pop_spec=11.46 spec_max=17 q_mean=0.567 q_max=0.795 q_above_half=4606 marked=0.349 mark_density=0.922 exp_mean=2.6 addr_spec=0.572 addr_random=0.594 addr_full=0.0000 correct=0
  mpx-135 traj: trials=360000 wall=1314s knowledge=0.0000 reliable=0 spec=0.00 pop=6943
  mpx-135 diag: trials=360000 micro=6950 pop_spec=11.46 spec_max=18 q_mean=0.568 q_max=0.838 q_above_half=4811 marked=0.358 mark_density=0.922 exp_mean=2.6 addr_spec=0.581 addr_random=0.594 addr_full=0.0000 correct=0
  mpx-135 traj: trials=420000 wall=1511s knowledge=0.0000 reliable=0 spec=0.00 pop=6991
  mpx-135 diag: trials=420000 micro=7002 pop_spec=11.64 spec_max=18 q_mean=0.574 q_max=0.804 q_above_half=5002 marked=0.370 mark_density=0.919 exp_mean=2.6 addr_spec=0.592 addr_random=0.603 addr_full=0.0000 correct=0
  mpx-135 traj: trials=480000 wall=1720s knowledge=0.0000 reliable=0 spec=0.00 pop=7243
  mpx-135 diag: trials=480000 micro=7250 pop_spec=11.54 spec_max=18 q_mean=0.571 q_max=0.813 q_above_half=5136 marked=0.366 mark_density=0.921 exp_mean=2.6 addr_spec=0.582 addr_random=0.598 addr_full=0.0000 correct=0
  mpx-135 traj: trials=540000 wall=1870s knowledge=0.0000 reliable=0 spec=0.00 pop=7178
  mpx-135 diag: trials=540000 micro=7187 pop_spec=11.72 spec_max=28 q_mean=0.573 q_max=0.814 q_above_half=5069 marked=0.353 mark_density=0.919 exp_mean=2.6 addr_spec=0.594 addr_random=0.608 addr_full=0.0000 correct=0
  mpx-135 traj: trials=600000 wall=2000s knowledge=0.0000 reliable=0 spec=0.00 pop=7048
  mpx-135 diag: trials=600000 micro=7057 pop_spec=11.96 spec_max=28 q_mean=0.575 q_max=0.805 q_above_half=5067 marked=0.359 mark_density=0.917 exp_mean=2.6 addr_spec=0.621 addr_random=0.620 addr_full=0.0000 correct=0
  mpx-135 traj: trials=660000 wall=2128s knowledge=0.0000 reliable=0 spec=0.00 pop=7329
  mpx-135 diag: trials=660000 micro=7340 pop_spec=11.80 spec_max=28 q_mean=0.574 q_max=0.828 q_above_half=5281 marked=0.366 mark_density=0.917 exp_mean=2.6 addr_spec=0.622 addr_random=0.612 addr_full=0.0000 correct=0
  mpx-135 traj: trials=720000 wall=2279s knowledge=0.0000 reliable=0 spec=0.00 pop=7156
  mpx-135 diag: trials=720000 micro=7166 pop_spec=11.89 spec_max=28 q_mean=0.575 q_max=0.805 q_above_half=5082 marked=0.362 mark_density=0.917 exp_mean=2.6 addr_spec=0.624 addr_random=0.616 addr_full=0.0000 correct=0
  mpx-135 traj: trials=780000 wall=2532s knowledge=0.0000 reliable=0 spec=0.00 pop=7216
  mpx-135 diag: trials=780000 micro=7226 pop_spec=12.03 spec_max=28 q_mean=0.575 q_max=0.831 q_above_half=5242 marked=0.355 mark_density=0.916 exp_mean=2.6 addr_spec=0.641 addr_random=0.624 addr_full=0.0000 correct=0
  mpx-135 traj: trials=840000 wall=2737s knowledge=0.0000 reliable=0 spec=0.00 pop=7244
  mpx-135 diag: trials=840000 micro=7251 pop_spec=11.87 spec_max=28 q_mean=0.579 q_max=0.869 q_above_half=5312 marked=0.373 mark_density=0.916 exp_mean=2.6 addr_spec=0.618 addr_random=0.616 addr_full=0.0000 correct=0
  mpx-135 traj: trials=900000 wall=2939s knowledge=0.0000 reliable=0 spec=0.00 pop=7538
  mpx-135 diag: trials=900000 micro=7546 pop_spec=11.92 spec_max=28 q_mean=0.575 q_max=0.854 q_above_half=5384 marked=0.370 mark_density=0.917 exp_mean=2.6 addr_spec=0.634 addr_random=0.618 addr_full=0.0000 correct=0
  mpx-135 traj: trials=960000 wall=3102s knowledge=0.0000 reliable=0 spec=0.00 pop=8075
  mpx-135 diag: trials=960000 micro=8080 pop_spec=11.65 spec_max=28 q_mean=0.571 q_max=0.851 q_above_half=5599 marked=0.363 mark_density=0.918 exp_mean=2.6 addr_spec=0.605 addr_random=0.604 addr_full=0.0000 correct=0
  mpx-135 traj: trials=1020000 wall=3241s knowledge=0.0000 reliable=0 spec=0.00 pop=7881
  mpx-135 diag: trials=1020000 micro=7889 pop_spec=11.94 spec_max=28 q_mean=0.576 q_max=0.822 q_above_half=5665 marked=0.357 mark_density=0.916 exp_mean=2.6 addr_spec=0.616 addr_random=0.619 addr_full=0.0000 correct=0
  mpx-135 traj: trials=1080000 wall=3376s knowledge=0.0000 reliable=0 spec=0.00 pop=7877
  mpx-135 diag: trials=1080000 micro=7887 pop_spec=11.82 spec_max=28 q_mean=0.576 q_max=0.822 q_above_half=5728 marked=0.372 mark_density=0.918 exp_mean=2.6 addr_spec=0.603 addr_random=0.613 addr_full=0.0000 correct=0
  mpx-135 traj: trials=1140000 wall=3600s knowledge=0.0000 reliable=0 spec=0.00 pop=7786
  mpx-135 diag: trials=1140000 micro=7789 pop_spec=12.09 spec_max=28 q_mean=0.577 q_max=0.821 q_above_half=5718 marked=0.356 mark_density=0.915 exp_mean=2.6 addr_spec=0.627 addr_random=0.627 addr_full=0.0000 correct=0
  mpx-135 traj: trials=1200000 wall=3808s knowledge=0.0000 reliable=0 spec=0.00 pop=7925
  mpx-135 diag: trials=1200000 micro=7933 pop_spec=11.98 spec_max=28 q_mean=0.578 q_max=0.802 q_above_half=5817 marked=0.365 mark_density=0.916 exp_mean=2.6 addr_spec=0.645 addr_random=0.621 addr_full=0.0000 correct=0
  mpx-135 traj: trials=1260000 wall=3983s knowledge=0.0000 reliable=0 spec=0.00 pop=7614
  mpx-135 diag: trials=1260000 micro=7620 pop_spec=12.03 spec_max=28 q_mean=0.576 q_max=0.800 q_above_half=5504 marked=0.356 mark_density=0.915 exp_mean=2.6 addr_spec=0.655 addr_random=0.624 addr_full=0.0000 correct=0
  mpx-135 traj: trials=1320000 wall=4195s knowledge=0.0000 reliable=0 spec=0.00 pop=7515
  mpx-135 diag: trials=1320000 micro=7520 pop_spec=12.09 spec_max=28 q_mean=0.578 q_max=0.819 q_above_half=5518 marked=0.366 mark_density=0.915 exp_mean=2.7 addr_spec=0.639 addr_random=0.627 addr_full=0.0000 correct=0
  mpx-135 traj: trials=1380000 wall=4388s knowledge=0.0000 reliable=0 spec=0.00 pop=7465
  mpx-135 diag: trials=1380000 micro=7473 pop_spec=12.18 spec_max=28 q_mean=0.578 q_max=0.821 q_above_half=5379 marked=0.341 mark_density=0.914 exp_mean=2.6 addr_spec=0.677 addr_random=0.632 addr_full=0.0000 correct=0
  mpx-135 traj: trials=1440000 wall=4601s knowledge=0.0000 reliable=0 spec=0.00 pop=7702
  mpx-135 diag: trials=1440000 micro=7712 pop_spec=12.09 spec_max=28 q_mean=0.580 q_max=0.829 q_above_half=5753 marked=0.364 mark_density=0.914 exp_mean=2.7 addr_spec=0.679 addr_random=0.627 addr_full=0.0000 correct=0
  mpx-135 traj: trials=1500000 wall=4763s knowledge=0.0000 reliable=0 spec=0.00 pop=7713
  mpx-135 diag: trials=1500000 micro=7723 pop_spec=12.13 spec_max=28 q_mean=0.583 q_max=0.845 q_above_half=5787 marked=0.363 mark_density=0.914 exp_mean=2.7 addr_spec=0.681 addr_random=0.629 addr_full=0.0000 correct=0
  mpx-135 traj: trials=1560000 wall=4902s knowledge=0.0000 reliable=0 spec=0.00 pop=8053
  mpx-135 diag: trials=1560000 micro=8065 pop_spec=12.00 spec_max=28 q_mean=0.579 q_max=0.845 q_above_half=5935 marked=0.376 mark_density=0.916 exp_mean=2.7 addr_spec=0.648 addr_random=0.622 addr_full=0.0000 correct=0
  mpx-135 traj: trials=1620000 wall=5097s knowledge=0.0000 reliable=0 spec=0.00 pop=7996
  mpx-135 diag: trials=1620000 micro=8002 pop_spec=11.92 spec_max=28 q_mean=0.577 q_max=0.860 q_above_half=5834 marked=0.384 mark_density=0.917 exp_mean=2.7 addr_spec=0.655 addr_random=0.618 addr_full=0.0000 correct=0
  mpx-135 traj: trials=1680000 wall=5299s knowledge=0.0000 reliable=0 spec=0.00 pop=7931
  mpx-135 diag: trials=1680000 micro=7941 pop_spec=12.20 spec_max=28 q_mean=0.581 q_max=0.860 q_above_half=5788 marked=0.351 mark_density=0.914 exp_mean=2.6 addr_spec=0.661 addr_random=0.633 addr_full=0.0000 correct=0
  mpx-135 traj: trials=1740000 wall=5497s knowledge=0.0000 reliable=0 spec=0.00 pop=7946
  mpx-135 diag: trials=1740000 micro=7952 pop_spec=12.33 spec_max=28 q_mean=0.582 q_max=0.860 q_above_half=5862 marked=0.364 mark_density=0.914 exp_mean=2.7 addr_spec=0.627 addr_random=0.639 addr_full=0.0000 correct=0
  mpx-135 traj: trials=1800000 wall=5710s knowledge=0.0000 reliable=0 spec=0.00 pop=8052
  mpx-135 diag: trials=1800000 micro=8058 pop_spec=12.22 spec_max=28 q_mean=0.582 q_max=0.860 q_above_half=5968 marked=0.367 mark_density=0.913 exp_mean=2.7 addr_spec=0.629 addr_random=0.634 addr_full=0.0000 correct=0
  mpx-135 traj: trials=1860000 wall=5878s knowledge=0.0000 reliable=0 spec=0.00 pop=8254
  mpx-135 diag: trials=1860000 micro=8260 pop_spec=12.25 spec_max=28 q_mean=0.581 q_max=0.867 q_above_half=6141 marked=0.364 mark_density=0.913 exp_mean=2.6 addr_spec=0.621 addr_random=0.635 addr_full=0.0000 correct=0
  mpx-135 traj: trials=1920000 wall=6010s knowledge=0.0000 reliable=0 spec=0.00 pop=8175
  mpx-135 diag: trials=1920000 micro=8186 pop_spec=12.21 spec_max=28 q_mean=0.582 q_max=0.867 q_above_half=6174 marked=0.392 mark_density=0.914 exp_mean=2.7 addr_spec=0.618 addr_random=0.633 addr_full=0.0000 correct=0
  mpx-135 traj: trials=1980000 wall=6185s knowledge=0.0000 reliable=0 spec=0.00 pop=8069
  mpx-135 diag: trials=1980000 micro=8074 pop_spec=12.43 spec_max=28 q_mean=0.583 q_max=0.874 q_above_half=5945 marked=0.355 mark_density=0.912 exp_mean=2.6 addr_spec=0.616 addr_random=0.645 addr_full=0.0000 correct=0
  mpx-135 traj: trials=2040000 wall=6400s knowledge=0.0000 reliable=0 spec=0.00 pop=8331
  mpx-135 diag: trials=2040000 micro=8338 pop_spec=12.33 spec_max=28 q_mean=0.586 q_max=0.868 q_above_half=6283 marked=0.365 mark_density=0.913 exp_mean=2.7 addr_spec=0.600 addr_random=0.639 addr_full=0.0000 correct=0
  mpx-135 traj: trials=2100000 wall=6596s knowledge=0.0000 reliable=0 spec=0.00 pop=8304
  mpx-135 diag: trials=2100000 micro=8310 pop_spec=12.39 spec_max=28 q_mean=0.581 q_max=0.892 q_above_half=6090 marked=0.367 mark_density=0.913 exp_mean=2.7 addr_spec=0.612 addr_random=0.642 addr_full=0.0000 correct=0
  mpx-135 traj: trials=2160000 wall=6777s knowledge=0.0001 reliable=1 spec=14.00 pop=7818
  mpx-135 diag: trials=2160000 micro=7822 pop_spec=12.45 spec_max=28 q_mean=0.583 q_max=0.903 q_above_half=5868 marked=0.366 mark_density=0.912 exp_mean=2.6 addr_spec=0.614 addr_random=0.645 addr_full=0.0000 correct=0
  mpx-135 traj: trials=2220000 wall=6974s knowledge=0.0000 reliable=0 spec=0.00 pop=7900
  mpx-135 diag: trials=2220000 micro=7906 pop_spec=12.24 spec_max=28 q_mean=0.586 q_max=0.871 q_above_half=6047 marked=0.362 mark_density=0.915 exp_mean=2.6 addr_spec=0.622 addr_random=0.635 addr_full=0.0000 correct=0
  mpx-135 traj: trials=2280000 wall=7160s knowledge=0.0000 reliable=0 spec=0.00 pop=8019
  mpx-135 diag: trials=2280000 micro=8028 pop_spec=12.31 spec_max=28 q_mean=0.580 q_max=0.889 q_above_half=5891 marked=0.368 mark_density=0.914 exp_mean=2.6 addr_spec=0.644 addr_random=0.638 addr_full=0.0000 correct=0
  mpx-135 traj: trials=2340000 wall=7379s knowledge=0.0000 reliable=0 spec=0.00 pop=7758
  mpx-135 diag: trials=2340000 micro=7762 pop_spec=12.32 spec_max=28 q_mean=0.583 q_max=0.895 q_above_half=5846 marked=0.366 mark_density=0.913 exp_mean=2.6 addr_spec=0.651 addr_random=0.639 addr_full=0.0000 correct=0
  mpx-135 traj: trials=2400000 wall=7541s knowledge=0.0000 reliable=0 spec=0.00 pop=8467
  mpx-135 diag: trials=2400000 micro=8470 pop_spec=12.25 spec_max=28 q_mean=0.581 q_max=0.895 q_above_half=6347 marked=0.355 mark_density=0.912 exp_mean=2.6 addr_spec=0.631 addr_random=0.635 addr_full=0.0000 correct=0
  mpx-135 traj: trials=2460000 wall=7671s knowledge=0.0000 reliable=0 spec=0.00 pop=8380
  mpx-135 diag: trials=2460000 micro=8384 pop_spec=12.13 spec_max=28 q_mean=0.582 q_max=0.900 q_above_half=6257 marked=0.351 mark_density=0.914 exp_mean=2.6 addr_spec=0.662 addr_random=0.629 addr_full=0.0000 correct=0
  mpx-135 traj: trials=2520000 wall=7837s knowledge=0.0000 reliable=1 spec=15.00 pop=8087
  mpx-135 diag: trials=2520000 micro=8094 pop_spec=12.41 spec_max=28 q_mean=0.585 q_max=0.914 q_above_half=6170 marked=0.377 mark_density=0.912 exp_mean=2.7 addr_spec=0.665 addr_random=0.643 addr_full=0.0000 correct=0
  mpx-135 traj: trials=2580000 wall=8073s knowledge=0.0000 reliable=1 spec=15.00 pop=8327
  mpx-135 diag: trials=2580000 micro=8335 pop_spec=12.35 spec_max=28 q_mean=0.582 q_max=0.919 q_above_half=6201 marked=0.359 mark_density=0.912 exp_mean=2.6 addr_spec=0.670 addr_random=0.640 addr_full=0.0000 correct=0
  mpx-135 traj: trials=2640000 wall=8267s knowledge=0.0000 reliable=0 spec=0.00 pop=8212
  mpx-135 diag: trials=2640000 micro=8222 pop_spec=12.36 spec_max=28 q_mean=0.582 q_max=0.879 q_above_half=6088 marked=0.366 mark_density=0.913 exp_mean=2.7 addr_spec=0.680 addr_random=0.641 addr_full=0.0000 correct=0
  mpx-135 traj: trials=2700000 wall=8472s knowledge=0.0000 reliable=0 spec=0.00 pop=8116
  mpx-135 diag: trials=2700000 micro=8127 pop_spec=12.40 spec_max=28 q_mean=0.585 q_max=0.881 q_above_half=6190 marked=0.373 mark_density=0.913 exp_mean=2.7 addr_spec=0.717 addr_random=0.643 addr_full=0.0000 correct=0
  mpx-135 traj: trials=2760000 wall=8660s knowledge=0.0000 reliable=0 spec=0.00 pop=8477
  mpx-135 diag: trials=2760000 micro=8484 pop_spec=12.25 spec_max=28 q_mean=0.585 q_max=0.881 q_above_half=6427 marked=0.382 mark_density=0.914 exp_mean=2.7 addr_spec=0.711 addr_random=0.635 addr_full=0.0000 correct=0
  mpx-135 traj: trials=2820000 wall=8816s knowledge=0.0000 reliable=0 spec=0.00 pop=8590
  mpx-135 diag: trials=2820000 micro=8595 pop_spec=12.46 spec_max=28 q_mean=0.583 q_max=0.859 q_above_half=6367 marked=0.347 mark_density=0.911 exp_mean=2.6 addr_spec=0.730 addr_random=0.646 addr_full=0.0000 correct=0
  mpx-135 traj: trials=2880000 wall=8954s knowledge=0.0000 reliable=0 spec=0.00 pop=8695
  mpx-135 diag: trials=2880000 micro=8699 pop_spec=12.49 spec_max=28 q_mean=0.584 q_max=0.872 q_above_half=6465 marked=0.356 mark_density=0.911 exp_mean=2.6 addr_spec=0.741 addr_random=0.648 addr_full=0.0000 correct=0
  mpx-135 traj: trials=2940000 wall=9183s knowledge=0.0000 reliable=0 spec=0.00 pop=8294
  mpx-135 diag: trials=2940000 micro=8300 pop_spec=12.53 spec_max=28 q_mean=0.586 q_max=0.884 q_above_half=6203 marked=0.360 mark_density=0.911 exp_mean=2.6 addr_spec=0.736 addr_random=0.650 addr_full=0.0000 correct=0
  mpx-135 traj: trials=3000000 wall=9390s knowledge=0.0000 reliable=0 spec=0.00 pop=8660
  mpx-135 diag: trials=3000000 micro=8666 pop_spec=12.40 spec_max=28 q_mean=0.584 q_max=0.892 q_above_half=6477 marked=0.363 mark_density=0.912 exp_mean=2.7 addr_spec=0.742 addr_random=0.643 addr_full=0.0000 correct=0
  mpx-135 traj: trials=3060000 wall=9563s knowledge=0.0002 reliable=3 spec=14.33 pop=8294
  mpx-135 diag: trials=3060000 micro=8304 pop_spec=12.67 spec_max=28 q_mean=0.592 q_max=0.906 q_above_half=6364 marked=0.358 mark_density=0.910 exp_mean=2.7 addr_spec=0.770 addr_random=0.657 addr_full=0.0000 correct=0
  mpx-135 traj: trials=3120000 wall=9764s knowledge=0.0002 reliable=4 spec=14.50 pop=8526
  mpx-135 diag: trials=3120000 micro=8534 pop_spec=12.58 spec_max=28 q_mean=0.590 q_max=0.924 q_above_half=6494 marked=0.372 mark_density=0.911 exp_mean=2.7 addr_spec=0.828 addr_random=0.652 addr_full=0.0000 correct=0
  mpx-135 traj: trials=3180000 wall=9969s knowledge=0.0003 reliable=5 spec=14.40 pop=9021
  mpx-135 diag: trials=3180000 micro=9036 pop_spec=12.47 spec_max=28 q_mean=0.586 q_max=0.935 q_above_half=6727 marked=0.364 mark_density=0.912 exp_mean=2.7 addr_spec=0.822 addr_random=0.647 addr_full=0.0000 correct=0
  mpx-135 traj: trials=3240000 wall=10188s knowledge=0.0002 reliable=5 spec=14.60 pop=8831
  mpx-135 diag: trials=3240000 micro=8841 pop_spec=12.65 spec_max=28 q_mean=0.597 q_max=0.949 q_above_half=6996 marked=0.359 mark_density=0.909 exp_mean=2.7 addr_spec=0.884 addr_random=0.656 addr_full=0.0000 correct=0
  mpx-135 traj: trials=3300000 wall=10347s knowledge=0.0004 reliable=13 spec=14.38 pop=9034
  mpx-135 diag: trials=3300000 micro=9038 pop_spec=12.48 spec_max=28 q_mean=0.595 q_max=0.975 q_above_half=7086 marked=0.377 mark_density=0.912 exp_mean=2.7 addr_spec=0.899 addr_random=0.647 addr_full=0.0000 correct=0
  mpx-135 traj: trials=3360000 wall=10485s knowledge=0.0003 reliable=15 spec=14.33 pop=9040
  mpx-135 diag: trials=3360000 micro=9044 pop_spec=12.55 spec_max=28 q_mean=0.597 q_max=0.990 q_above_half=7125 marked=0.364 mark_density=0.910 exp_mean=2.7 addr_spec=0.938 addr_random=0.651 addr_full=0.0000 correct=0
  mpx-135 traj: trials=3420000 wall=10712s knowledge=0.0004 reliable=9 spec=14.67 pop=8724
  mpx-135 diag: trials=3420000 micro=8726 pop_spec=12.68 spec_max=28 q_mean=0.596 q_max=0.999 q_above_half=6708 marked=0.363 mark_density=0.910 exp_mean=2.7 addr_spec=1.000 addr_random=0.657 addr_full=0.0000 correct=0
  mpx-135 traj: trials=3480000 wall=10915s knowledge=0.0006 reliable=17 spec=14.47 pop=9059
  mpx-135 diag: trials=3480000 micro=9065 pop_spec=12.76 spec_max=28 q_mean=0.597 q_max=1.000 q_above_half=6939 marked=0.360 mark_density=0.910 exp_mean=2.7 addr_spec=1.050 addr_random=0.661 addr_full=0.0000 correct=0
  mpx-135 traj: trials=3540000 wall=11120s knowledge=0.0006 reliable=19 spec=14.47 pop=8893
  mpx-135 diag: trials=3540000 micro=8903 pop_spec=12.66 spec_max=28 q_mean=0.598 q_max=1.000 q_above_half=6980 marked=0.364 mark_density=0.909 exp_mean=2.7 addr_spec=1.061 addr_random=0.656 addr_full=0.0000 correct=0
  mpx-135 traj: trials=3600000 wall=11322s knowledge=0.0006 reliable=16 spec=14.38 pop=9433
  mpx-135 diag: trials=3600000 micro=9445 pop_spec=12.73 spec_max=28 q_mean=0.598 q_max=1.000 q_above_half=7315 marked=0.366 mark_density=0.910 exp_mean=2.7 addr_spec=1.068 addr_random=0.660 addr_full=0.0000 correct=0
  mpx-135 traj: trials=3660000 wall=11468s knowledge=0.0004 reliable=11 spec=14.55 pop=9398
  mpx-135 diag: trials=3660000 micro=9405 pop_spec=12.72 spec_max=28 q_mean=0.602 q_max=1.000 q_above_half=7377 marked=0.378 mark_density=0.910 exp_mean=2.8 addr_spec=1.144 addr_random=0.660 addr_full=0.0000 correct=0
  mpx-135 traj: trials=3720000 wall=11606s knowledge=0.0006 reliable=15 spec=14.33 pop=9754
  mpx-135 diag: trials=3720000 micro=9764 pop_spec=12.77 spec_max=28 q_mean=0.601 q_max=1.000 q_above_half=7656 marked=0.365 mark_density=0.909 exp_mean=2.8 addr_spec=1.156 addr_random=0.662 addr_full=0.0000 correct=0
  mpx-135 traj: trials=3780000 wall=11823s knowledge=0.0007 reliable=23 spec=14.43 pop=9929
  mpx-135 diag: trials=3780000 micro=9940 pop_spec=12.87 spec_max=28 q_mean=0.605 q_max=1.000 q_above_half=7896 marked=0.371 mark_density=0.908 exp_mean=2.8 addr_spec=1.187 addr_random=0.667 addr_full=0.0000 correct=0
  mpx-135 traj: trials=3840000 wall=12033s knowledge=0.0008 reliable=23 spec=14.39 pop=10247
  mpx-135 diag: trials=3840000 micro=10255 pop_spec=12.87 spec_max=28 q_mean=0.609 q_max=1.000 q_above_half=8349 marked=0.381 mark_density=0.908 exp_mean=2.8 addr_spec=1.218 addr_random=0.667 addr_full=0.0000 correct=0
  mpx-135 traj: trials=3900000 wall=12234s knowledge=0.0008 reliable=30 spec=14.27 pop=10138
  mpx-135 diag: trials=3900000 micro=10152 pop_spec=12.97 spec_max=28 q_mean=0.608 q_max=1.000 q_above_half=8171 marked=0.377 mark_density=0.907 exp_mean=2.8 addr_spec=1.248 addr_random=0.672 addr_full=0.0001 correct=0
  mpx-135 traj: trials=3960000 wall=12448s knowledge=0.0008 reliable=31 spec=14.29 pop=10467
  mpx-135 diag: trials=3960000 micro=10485 pop_spec=13.13 spec_max=28 q_mean=0.610 q_max=1.000 q_above_half=8525 marked=0.382 mark_density=0.905 exp_mean=2.9 addr_spec=1.317 addr_random=0.681 addr_full=0.0003 correct=0
  mpx-135 traj: trials=4020000 wall=12660s knowledge=0.0008 reliable=22 spec=14.36 pop=10629
  mpx-135 diag: trials=4020000 micro=10645 pop_spec=13.08 spec_max=28 q_mean=0.610 q_max=1.000 q_above_half=8551 marked=0.377 mark_density=0.906 exp_mean=2.9 addr_spec=1.348 addr_random=0.678 addr_full=0.0003 correct=0
  mpx-135 traj: trials=4080000 wall=12890s knowledge=0.0009 reliable=32 spec=14.25 pop=10895
  mpx-135 diag: trials=4080000 micro=10909 pop_spec=13.13 spec_max=28 q_mean=0.612 q_max=1.000 q_above_half=8937 marked=0.380 mark_density=0.906 exp_mean=2.9 addr_spec=1.365 addr_random=0.681 addr_full=0.0002 correct=0
  mpx-135 traj: trials=4140000 wall=13049s knowledge=0.0011 reliable=50 spec=14.24 pop=11182
  mpx-135 diag: trials=4140000 micro=11192 pop_spec=13.08 spec_max=28 q_mean=0.614 q_max=1.000 q_above_half=9134 marked=0.376 mark_density=0.906 exp_mean=2.9 addr_spec=1.388 addr_random=0.678 addr_full=0.0001 correct=0
  mpx-135 traj: trials=4200000 wall=13194s knowledge=0.0009 reliable=47 spec=14.45 pop=11446
  mpx-135 diag: trials=4200000 micro=11455 pop_spec=13.09 spec_max=28 q_mean=0.612 q_max=1.000 q_above_half=9346 marked=0.379 mark_density=0.906 exp_mean=2.9 addr_spec=1.371 addr_random=0.679 addr_full=0.0001 correct=0
  mpx-135 traj: trials=4260000 wall=13390s knowledge=0.0010 reliable=44 spec=14.52 pop=11369
  mpx-135 diag: trials=4260000 micro=11380 pop_spec=13.20 spec_max=28 q_mean=0.613 q_max=1.000 q_above_half=9209 marked=0.375 mark_density=0.905 exp_mean=2.9 addr_spec=1.439 addr_random=0.684 addr_full=0.0000 correct=0
  mpx-135 traj: trials=4320000 wall=13625s knowledge=0.0010 reliable=51 spec=14.49 pop=11752
  mpx-135 diag: trials=4320000 micro=11768 pop_spec=13.27 spec_max=28 q_mean=0.616 q_max=1.000 q_above_half=9660 marked=0.384 mark_density=0.905 exp_mean=2.9 addr_spec=1.458 addr_random=0.688 addr_full=0.0000 correct=0
  mpx-135 traj: trials=4380000 wall=13851s knowledge=0.0011 reliable=42 spec=14.55 pop=11859
  mpx-135 diag: trials=4380000 micro=11870 pop_spec=13.16 spec_max=28 q_mean=0.614 q_max=1.000 q_above_half=9757 marked=0.390 mark_density=0.906 exp_mean=3.0 addr_spec=1.448 addr_random=0.682 addr_full=0.0000 correct=0
  mpx-135 traj: trials=4440000 wall=14039s knowledge=0.0011 reliable=42 spec=14.57 pop=12236
  mpx-135 diag: trials=4440000 micro=12248 pop_spec=13.23 spec_max=28 q_mean=0.617 q_max=1.000 q_above_half=10190 marked=0.388 mark_density=0.905 exp_mean=3.0 addr_spec=1.490 addr_random=0.686 addr_full=0.0001 correct=0
  mpx-135 traj: trials=4500000 wall=14252s knowledge=0.0010 reliable=41 spec=14.68 pop=12794
  mpx-135 diag: trials=4500000 micro=12808 pop_spec=13.25 spec_max=29 q_mean=0.618 q_max=1.000 q_above_half=10682 marked=0.383 mark_density=0.905 exp_mean=2.9 addr_spec=1.521 addr_random=0.687 addr_full=0.0001 correct=0
  mpx-135 traj: trials=4560000 wall=14484s knowledge=0.0013 reliable=56 spec=14.46 pop=12740
  mpx-135 diag: trials=4560000 micro=12759 pop_spec=13.43 spec_max=29 q_mean=0.619 q_max=1.000 q_above_half=10682 marked=0.392 mark_density=0.903 exp_mean=2.9 addr_spec=1.563 addr_random=0.697 addr_full=0.0001 correct=0
  mpx-135 traj: trials=4620000 wall=14687s knowledge=0.0012 reliable=48 spec=14.54 pop=12663
  mpx-135 diag: trials=4620000 micro=12676 pop_spec=13.42 spec_max=29 q_mean=0.620 q_max=1.000 q_above_half=10682 marked=0.379 mark_density=0.903 exp_mean=3.0 addr_spec=1.552 addr_random=0.696 addr_full=0.0001 correct=0
  mpx-135 traj: trials=4680000 wall=14895s knowledge=0.0012 reliable=52 spec=14.56 pop=12937
  mpx-135 diag: trials=4680000 micro=12956 pop_spec=13.44 spec_max=29 q_mean=0.620 q_max=1.000 q_above_half=10822 marked=0.389 mark_density=0.903 exp_mean=3.0 addr_spec=1.630 addr_random=0.697 addr_full=0.0001 correct=0
  mpx-135 traj: trials=4740000 wall=15132s knowledge=0.0012 reliable=46 spec=14.57 pop=13356
  mpx-135 diag: trials=4740000 micro=13366 pop_spec=13.36 spec_max=29 q_mean=0.621 q_max=1.000 q_above_half=11310 marked=0.389 mark_density=0.904 exp_mean=3.0 addr_spec=1.650 addr_random=0.693 addr_full=0.0001 correct=0
  mpx-135 traj: trials=4800000 wall=15347s knowledge=0.0015 reliable=61 spec=14.41 pop=13216
  mpx-135 diag: trials=4800000 micro=13233 pop_spec=13.53 spec_max=29 q_mean=0.621 q_max=1.000 q_above_half=11140 marked=0.382 mark_density=0.902 exp_mean=3.0 addr_spec=1.697 addr_random=0.702 addr_full=0.0001 correct=0
  mpx-135 traj: trials=4860000 wall=15581s knowledge=0.0016 reliable=61 spec=14.39 pop=13708
  mpx-135 diag: trials=4860000 micro=13725 pop_spec=13.64 spec_max=29 q_mean=0.625 q_max=1.000 q_above_half=11743 marked=0.376 mark_density=0.901 exp_mean=3.0 addr_spec=1.735 addr_random=0.707 addr_full=0.0001 correct=0
  mpx-135 traj: trials=4920000 wall=15764s knowledge=0.0017 reliable=65 spec=14.43 pop=14313
  mpx-135 diag: trials=4920000 micro=14328 pop_spec=13.63 spec_max=29 q_mean=0.622 q_max=1.000 q_above_half=12145 marked=0.390 mark_density=0.901 exp_mean=3.0 addr_spec=1.747 addr_random=0.707 addr_full=0.0001 correct=0
  mpx-135 traj: trials=4980000 wall=15930s knowledge=0.0019 reliable=62 spec=14.37 pop=14642
  mpx-135 diag: trials=4980000 micro=14662 pop_spec=13.60 spec_max=29 q_mean=0.624 q_max=1.000 q_above_half=12652 marked=0.374 mark_density=0.901 exp_mean=3.0 addr_spec=1.696 addr_random=0.705 addr_full=0.0001 correct=0
  mpx-135 traj: trials=5040000 wall=16187s knowledge=0.0020 reliable=71 spec=14.35 pop=14477
  mpx-135 diag: trials=5040000 micro=14493 pop_spec=13.69 spec_max=29 q_mean=0.625 q_max=1.000 q_above_half=12477 marked=0.394 mark_density=0.901 exp_mean=3.1 addr_spec=1.719 addr_random=0.710 addr_full=0.0001 correct=0
  mpx-135 traj: trials=5100000 wall=16425s knowledge=0.0019 reliable=73 spec=14.40 pop=14742
  mpx-135 diag: trials=5100000 micro=14766 pop_spec=13.72 spec_max=29 q_mean=0.624 q_max=1.000 q_above_half=12624 marked=0.390 mark_density=0.900 exp_mean=3.1 addr_spec=1.753 addr_random=0.711 addr_full=0.0001 correct=0
  mpx-135 traj: trials=5160000 wall=16663s knowledge=0.0021 reliable=74 spec=14.38 pop=15037
  mpx-135 diag: trials=5160000 micro=15059 pop_spec=13.79 spec_max=29 q_mean=0.626 q_max=1.000 q_above_half=13058 marked=0.392 mark_density=0.900 exp_mean=3.1 addr_spec=1.774 addr_random=0.715 addr_full=0.0001 correct=0
  mpx-135 traj: trials=5220000 wall=16917s knowledge=0.0021 reliable=71 spec=14.35 pop=15449
  mpx-135 diag: trials=5220000 micro=15476 pop_spec=13.65 spec_max=29 q_mean=0.624 q_max=1.000 q_above_half=13336 marked=0.397 mark_density=0.901 exp_mean=3.1 addr_spec=1.728 addr_random=0.708 addr_full=0.0001 correct=0
  mpx-135 traj: trials=5280000 wall=17168s knowledge=0.0021 reliable=76 spec=14.36 pop=15459
  mpx-135 diag: trials=5280000 micro=15481 pop_spec=13.73 spec_max=29 q_mean=0.625 q_max=1.000 q_above_half=13375 marked=0.402 mark_density=0.900 exp_mean=3.1 addr_spec=1.751 addr_random=0.712 addr_full=0.0001 correct=0
  mpx-135 traj: trials=5340000 wall=17353s knowledge=0.0022 reliable=80 spec=14.39 pop=15317
  mpx-135 diag: trials=5340000 micro=15341 pop_spec=13.77 spec_max=29 q_mean=0.626 q_max=1.000 q_above_half=13261 marked=0.386 mark_density=0.900 exp_mean=3.1 addr_spec=1.778 addr_random=0.714 addr_full=0.0001 correct=0
  mpx-135 traj: trials=5400000 wall=17532s knowledge=0.0024 reliable=82 spec=14.35 pop=15548
  mpx-135 diag: trials=5400000 micro=15575 pop_spec=13.76 spec_max=29 q_mean=0.625 q_max=1.000 q_above_half=13326 marked=0.389 mark_density=0.901 exp_mean=3.1 addr_spec=1.792 addr_random=0.713 addr_full=0.0001 correct=0
  mpx-135 traj: trials=5460000 wall=17787s knowledge=0.0025 reliable=99 spec=14.36 pop=15551
  mpx-135 diag: trials=5460000 micro=15575 pop_spec=13.87 spec_max=29 q_mean=0.626 q_max=1.000 q_above_half=13483 marked=0.398 mark_density=0.899 exp_mean=3.2 addr_spec=1.838 addr_random=0.719 addr_full=0.0001 correct=0
  mpx-135 traj: trials=5520000 wall=18036s knowledge=0.0027 reliable=109 spec=14.36 pop=16099
  mpx-135 diag: trials=5520000 micro=16125 pop_spec=13.82 spec_max=29 q_mean=0.627 q_max=1.000 q_above_half=14030 marked=0.395 mark_density=0.900 exp_mean=3.2 addr_spec=1.797 addr_random=0.717 addr_full=0.0001 correct=0
  mpx-135 traj: trials=5580000 wall=18256s knowledge=0.0031 reliable=110 spec=14.35 pop=16101
  mpx-135 diag: trials=5580000 micro=16126 pop_spec=13.90 spec_max=29 q_mean=0.629 q_max=1.000 q_above_half=14119 marked=0.387 mark_density=0.899 exp_mean=3.2 addr_spec=1.814 addr_random=0.721 addr_full=0.0001 correct=0
  mpx-135 traj: trials=5640000 wall=18481s knowledge=0.0028 reliable=102 spec=14.39 pop=16098
  mpx-135 diag: trials=5640000 micro=16126 pop_spec=14.01 spec_max=29 q_mean=0.631 q_max=1.000 q_above_half=14113 marked=0.392 mark_density=0.899 exp_mean=3.2 addr_spec=1.888 addr_random=0.726 addr_full=0.0001 correct=0
  mpx-135 traj: trials=5700000 wall=18724s knowledge=0.0032 reliable=122 spec=14.35 pop=16658
  mpx-135 diag: trials=5700000 micro=16691 pop_spec=13.89 spec_max=29 q_mean=0.629 q_max=1.000 q_above_half=14605 marked=0.397 mark_density=0.899 exp_mean=3.3 addr_spec=1.857 addr_random=0.720 addr_full=0.0001 correct=0
  mpx-135 traj: trials=5760000 wall=18980s knowledge=0.0031 reliable=125 spec=14.32 pop=16200
  mpx-135 diag: trials=5760000 micro=16233 pop_spec=13.93 spec_max=29 q_mean=0.628 q_max=1.000 q_above_half=14106 marked=0.408 mark_density=0.899 exp_mean=3.3 addr_spec=1.863 addr_random=0.722 addr_full=0.0001 correct=0
  mpx-135 traj: trials=5820000 wall=19240s knowledge=0.0032 reliable=130 spec=14.32 pop=16236
  mpx-135 diag: trials=5820000 micro=16277 pop_spec=13.96 spec_max=29 q_mean=0.629 q_max=1.000 q_above_half=14215 marked=0.399 mark_density=0.899 exp_mean=3.3 addr_spec=1.882 addr_random=0.724 addr_full=0.0002 correct=0
  mpx-135 traj: trials=5880000 wall=19481s knowledge=0.0036 reliable=136 spec=14.29 pop=16725
  mpx-135 diag: trials=5880000 micro=16758 pop_spec=13.94 spec_max=29 q_mean=0.628 q_max=1.000 q_above_half=14484 marked=0.397 mark_density=0.898 exp_mean=3.3 addr_spec=1.919 addr_random=0.723 addr_full=0.0002 correct=0
  mpx-135 traj: trials=5940000 wall=19739s knowledge=0.0035 reliable=131 spec=14.31 pop=16829
  mpx-135 diag: trials=5940000 micro=16860 pop_spec=14.07 spec_max=29 q_mean=0.631 q_max=1.000 q_above_half=14745 marked=0.388 mark_density=0.897 exp_mean=3.3 addr_spec=1.963 addr_random=0.730 addr_full=0.0002 correct=0
  mpx-135 traj: trials=6000000 wall=19953s knowledge=0.0035 reliable=136 spec=14.33 pop=17820
  mpx-135 diag: trials=6000000 micro=17853 pop_spec=13.98 spec_max=29 q_mean=0.630 q_max=1.000 q_above_half=15540 marked=0.390 mark_density=0.898 exp_mean=3.3 addr_spec=1.961 addr_random=0.725 addr_full=0.0002 correct=0
  mpx-135 traj: trials=6060000 wall=20137s knowledge=0.0035 reliable=148 spec=14.30 pop=18004
  mpx-135 diag: trials=6060000 micro=18035 pop_spec=13.94 spec_max=29 q_mean=0.632 q_max=1.000 q_above_half=15871 marked=0.398 mark_density=0.899 exp_mean=3.4 addr_spec=1.944 addr_random=0.723 addr_full=0.0002 correct=0
  mpx-135 traj: trials=6120000 wall=20363s knowledge=0.0035 reliable=136 spec=14.40 pop=17980
  mpx-135 diag: trials=6120000 micro=18011 pop_spec=14.08 spec_max=29 q_mean=0.636 q_max=1.000 q_above_half=16052 marked=0.389 mark_density=0.897 exp_mean=3.4 addr_spec=1.999 addr_random=0.730 addr_full=0.0002 correct=0
  mpx-135 traj: trials=6180000 wall=20626s knowledge=0.0038 reliable=145 spec=14.39 pop=18563
  mpx-135 diag: trials=6180000 micro=18597 pop_spec=14.13 spec_max=29 q_mean=0.635 q_max=1.000 q_above_half=16384 marked=0.404 mark_density=0.898 exp_mean=3.4 addr_spec=2.005 addr_random=0.733 addr_full=0.0002 correct=0
  mpx-135 traj: trials=6240000 wall=20887s knowledge=0.0039 reliable=152 spec=14.37 pop=18706
  mpx-135 diag: trials=6240000 micro=18742 pop_spec=14.08 spec_max=29 q_mean=0.633 q_max=1.000 q_above_half=16506 marked=0.393 mark_density=0.898 exp_mean=3.4 addr_spec=2.014 addr_random=0.730 addr_full=0.0003 correct=0
  mpx-135 traj: trials=6300000 wall=21157s knowledge=0.0039 reliable=145 spec=14.37 pop=18942
  mpx-135 diag: trials=6300000 micro=18987 pop_spec=14.18 spec_max=29 q_mean=0.634 q_max=1.000 q_above_half=16734 marked=0.388 mark_density=0.897 exp_mean=3.4 addr_spec=2.072 addr_random=0.735 addr_full=0.0003 correct=0
  mpx-135 traj: trials=6360000 wall=21425s knowledge=0.0040 reliable=147 spec=14.32 pop=19340
  mpx-135 diag: trials=6360000 micro=19384 pop_spec=14.16 spec_max=29 q_mean=0.634 q_max=1.000 q_above_half=17071 marked=0.394 mark_density=0.897 exp_mean=3.4 addr_spec=2.079 addr_random=0.734 addr_full=0.0003 correct=0
  mpx-135 traj: trials=6420000 wall=21671s knowledge=0.0039 reliable=140 spec=14.34 pop=19383
  mpx-135 diag: trials=6420000 micro=19419 pop_spec=14.17 spec_max=29 q_mean=0.636 q_max=1.000 q_above_half=17291 marked=0.391 mark_density=0.897 exp_mean=3.4 addr_spec=2.079 addr_random=0.735 addr_full=0.0003 correct=0
  mpx-135 traj: trials=6480000 wall=21936s knowledge=0.0039 reliable=145 spec=14.30 pop=19901
  mpx-135 diag: trials=6480000 micro=19944 pop_spec=14.17 spec_max=29 q_mean=0.637 q_max=1.000 q_above_half=17854 marked=0.399 mark_density=0.897 exp_mean=3.4 addr_spec=2.108 addr_random=0.735 addr_full=0.0003 correct=0
  mpx-135 traj: trials=6540000 wall=22216s knowledge=0.0041 reliable=163 spec=14.31 pop=20598
  mpx-135 diag: trials=6540000 micro=20645 pop_spec=14.19 spec_max=29 q_mean=0.637 q_max=1.000 q_above_half=18452 marked=0.391 mark_density=0.897 exp_mean=3.4 addr_spec=2.094 addr_random=0.736 addr_full=0.0003 correct=0
  mpx-135 traj: trials=6600000 wall=22492s knowledge=0.0043 reliable=164 spec=14.27 pop=21047
  mpx-135 diag: trials=6600000 micro=21100 pop_spec=14.25 spec_max=29 q_mean=0.637 q_max=1.000 q_above_half=18930 marked=0.396 mark_density=0.896 exp_mean=3.5 addr_spec=2.119 addr_random=0.739 addr_full=0.0003 correct=0
  mpx-135 traj: trials=6660000 wall=22722s knowledge=0.0044 reliable=166 spec=14.23 pop=21488
  mpx-135 diag: trials=6660000 micro=21538 pop_spec=14.28 spec_max=29 q_mean=0.638 q_max=1.000 q_above_half=19292 marked=0.395 mark_density=0.896 exp_mean=3.5 addr_spec=2.139 addr_random=0.740 addr_full=0.0003 correct=0
  mpx-135 traj: trials=6720000 wall=22994s knowledge=0.0050 reliable=184 spec=14.22 pop=21818
  mpx-135 diag: trials=6720000 micro=21874 pop_spec=14.32 spec_max=29 q_mean=0.637 q_max=1.000 q_above_half=19575 marked=0.399 mark_density=0.896 exp_mean=3.5 addr_spec=2.162 addr_random=0.742 addr_full=0.0004 correct=0
  mpx-135 traj: trials=6780000 wall=23290s knowledge=0.0051 reliable=183 spec=14.27 pop=22086
  mpx-135 diag: trials=6780000 micro=22132 pop_spec=14.29 spec_max=29 q_mean=0.636 q_max=1.000 q_above_half=19762 marked=0.394 mark_density=0.896 exp_mean=3.5 addr_spec=2.151 addr_random=0.741 addr_full=0.0005 correct=0
  mpx-135 traj: trials=6840000 wall=23599s knowledge=0.0052 reliable=187 spec=14.28 pop=22447
  mpx-135 diag: trials=6840000 micro=22503 pop_spec=14.33 spec_max=29 q_mean=0.636 q_max=1.000 q_above_half=20141 marked=0.392 mark_density=0.896 exp_mean=3.5 addr_spec=2.174 addr_random=0.743 addr_full=0.0004 correct=0
  mpx-135 traj: trials=6900000 wall=23906s knowledge=0.0053 reliable=178 spec=14.28 pop=22622
  mpx-135 diag: trials=6900000 micro=22668 pop_spec=14.39 spec_max=29 q_mean=0.637 q_max=1.000 q_above_half=20459 marked=0.398 mark_density=0.895 exp_mean=3.5 addr_spec=2.189 addr_random=0.746 addr_full=0.0004 correct=0
  mpx-135 traj: trials=6960000 wall=24194s knowledge=0.0056 reliable=197 spec=14.26 pop=23348
  mpx-135 diag: trials=6960000 micro=23399 pop_spec=14.40 spec_max=29 q_mean=0.636 q_max=1.000 q_above_half=21106 marked=0.398 mark_density=0.895 exp_mean=3.6 addr_spec=2.183 addr_random=0.747 addr_full=0.0004 correct=0
  mpx-135 traj: trials=7020000 wall=24422s knowledge=0.0055 reliable=202 spec=14.31 pop=23482
  mpx-135 diag: trials=7020000 micro=23533 pop_spec=14.40 spec_max=29 q_mean=0.636 q_max=1.000 q_above_half=21180 marked=0.393 mark_density=0.895 exp_mean=3.5 addr_spec=2.212 addr_random=0.747 addr_full=0.0004 correct=0
  mpx-135 traj: trials=7080000 wall=24739s knowledge=0.0057 reliable=212 spec=14.33 pop=23877
  mpx-135 diag: trials=7080000 micro=23925 pop_spec=14.42 spec_max=29 q_mean=0.637 q_max=1.000 q_above_half=21517 marked=0.399 mark_density=0.895 exp_mean=3.6 addr_spec=2.262 addr_random=0.748 addr_full=0.0004 correct=0
  mpx-135 traj: trials=7140000 wall=25047s knowledge=0.0056 reliable=209 spec=14.30 pop=24438
  mpx-135 diag: trials=7140000 micro=24497 pop_spec=14.39 spec_max=29 q_mean=0.638 q_max=1.000 q_above_half=22088 marked=0.398 mark_density=0.895 exp_mean=3.6 addr_spec=2.261 addr_random=0.746 addr_full=0.0005 correct=0
  mpx-135 traj: trials=7200000 wall=25351s knowledge=0.0059 reliable=205 spec=14.29 pop=24855
  mpx-135 diag: trials=7200000 micro=24914 pop_spec=14.43 spec_max=29 q_mean=0.638 q_max=1.000 q_above_half=22457 marked=0.399 mark_density=0.894 exp_mean=3.6 addr_spec=2.275 addr_random=0.748 addr_full=0.0004 correct=0
  mpx-135 traj: trials=7260000 wall=25681s knowledge=0.0061 reliable=214 spec=14.28 pop=25082
  mpx-135 diag: trials=7260000 micro=25142 pop_spec=14.41 spec_max=29 q_mean=0.638 q_max=1.000 q_above_half=22696 marked=0.397 mark_density=0.895 exp_mean=3.6 addr_spec=2.284 addr_random=0.747 addr_full=0.0005 correct=0
  mpx-135 traj: trials=7320000 wall=25978s knowledge=0.0060 reliable=206 spec=14.34 pop=25475
  mpx-135 diag: trials=7320000 micro=25533 pop_spec=14.44 spec_max=29 q_mean=0.639 q_max=1.000 q_above_half=23068 marked=0.387 mark_density=0.895 exp_mean=3.6 addr_spec=2.313 addr_random=0.748 addr_full=0.0005 correct=0
  mpx-135 traj: trials=7380000 wall=26317s knowledge=0.0064 reliable=219 spec=14.33 pop=26264
  mpx-135 diag: trials=7380000 micro=26332 pop_spec=14.48 spec_max=29 q_mean=0.641 q_max=1.000 q_above_half=23903 marked=0.397 mark_density=0.895 exp_mean=3.6 addr_spec=2.346 addr_random=0.751 addr_full=0.0006 correct=0
  mpx-135 traj: trials=7440000 wall=26655s knowledge=0.0065 reliable=223 spec=14.33 pop=26096
  mpx-135 diag: trials=7440000 micro=26162 pop_spec=14.53 spec_max=29 q_mean=0.640 q_max=1.000 q_above_half=23699 marked=0.397 mark_density=0.894 exp_mean=3.7 addr_spec=2.362 addr_random=0.753 addr_full=0.0007 correct=0
  mpx-135 traj: trials=7500000 wall=26931s knowledge=0.0066 reliable=209 spec=14.36 pop=27200
  mpx-135 diag: trials=7500000 micro=27268 pop_spec=14.50 spec_max=29 q_mean=0.641 q_max=1.000 q_above_half=24784 marked=0.392 mark_density=0.894 exp_mean=3.6 addr_spec=2.389 addr_random=0.752 addr_full=0.0008 correct=0
  mpx-135 traj: trials=7560000 wall=27222s knowledge=0.0070 reliable=217 spec=14.35 pop=28551
  mpx-135 diag: trials=7560000 micro=28624 pop_spec=14.43 spec_max=29 q_mean=0.639 q_max=1.000 q_above_half=25778 marked=0.404 mark_density=0.895 exp_mean=3.6 addr_spec=2.406 addr_random=0.748 addr_full=0.0007 correct=0
  mpx-135 traj: trials=7620000 wall=27595s knowledge=0.0071 reliable=215 spec=14.32 pop=29187
  mpx-135 diag: trials=7620000 micro=29257 pop_spec=14.55 spec_max=29 q_mean=0.639 q_max=1.000 q_above_half=26571 marked=0.397 mark_density=0.894 exp_mean=3.6 addr_spec=2.420 addr_random=0.754 addr_full=0.0007 correct=0
  mpx-135 traj: trials=7680000 wall=27953s knowledge=0.0071 reliable=227 spec=14.29 pop=29410
  mpx-135 diag: trials=7680000 micro=29493 pop_spec=14.53 spec_max=29 q_mean=0.641 q_max=1.000 q_above_half=26785 marked=0.397 mark_density=0.894 exp_mean=3.7 addr_spec=2.438 addr_random=0.754 addr_full=0.0007 correct=0
  mpx-135 traj: trials=7740000 wall=28336s knowledge=0.0075 reliable=244 spec=14.23 pop=30315
  mpx-135 diag: trials=7740000 micro=30406 pop_spec=14.56 spec_max=29 q_mean=0.641 q_max=1.000 q_above_half=27702 marked=0.402 mark_density=0.894 exp_mean=3.7 addr_spec=2.446 addr_random=0.755 addr_full=0.0006 correct=0
  mpx-135 traj: trials=7800000 wall=28654s knowledge=0.0079 reliable=249 spec=14.24 pop=31419
  mpx-135 diag: trials=7800000 micro=31509 pop_spec=14.63 spec_max=29 q_mean=0.641 q_max=1.000 q_above_half=28817 marked=0.396 mark_density=0.894 exp_mean=3.7 addr_spec=2.487 addr_random=0.758 addr_full=0.0007 correct=0
  mpx-135 traj: trials=7860000 wall=29040s knowledge=0.0082 reliable=262 spec=14.24 pop=32077
  mpx-135 diag: trials=7860000 micro=32174 pop_spec=14.63 spec_max=29 q_mean=0.640 q_max=1.000 q_above_half=29319 marked=0.403 mark_density=0.893 exp_mean=3.7 addr_spec=2.518 addr_random=0.759 addr_full=0.0007 correct=0
  mpx-135 traj: trials=7920000 wall=29446s knowledge=0.0085 reliable=269 spec=14.28 pop=33318
  mpx-135 diag: trials=7920000 micro=33415 pop_spec=14.65 spec_max=29 q_mean=0.640 q_max=1.000 q_above_half=30544 marked=0.400 mark_density=0.893 exp_mean=3.7 addr_spec=2.525 addr_random=0.759 addr_full=0.0007 correct=0
  mpx-135 traj: trials=7980000 wall=29872s knowledge=0.0087 reliable=271 spec=14.29 pop=33604
  mpx-135 diag: trials=7980000 micro=33706 pop_spec=14.67 spec_max=29 q_mean=0.641 q_max=1.000 q_above_half=30886 marked=0.397 mark_density=0.893 exp_mean=3.7 addr_spec=2.544 addr_random=0.761 addr_full=0.0007 correct=0
  mpx-135 traj: trials=8040000 wall=30261s knowledge=0.0092 reliable=283 spec=14.30 pop=33806
  mpx-135 diag: trials=8040000 micro=33910 pop_spec=14.68 spec_max=29 q_mean=0.639 q_max=1.000 q_above_half=31006 marked=0.405 mark_density=0.893 exp_mean=3.8 addr_spec=2.532 addr_random=0.761 addr_full=0.0006 correct=0
  mpx-135 traj: trials=8100000 wall=30604s knowledge=0.0093 reliable=316 spec=14.25 pop=34972
  mpx-135 diag: trials=8100000 micro=35080 pop_spec=14.66 spec_max=29 q_mean=0.639 q_max=1.000 q_above_half=31985 marked=0.400 mark_density=0.893 exp_mean=3.7 addr_spec=2.546 addr_random=0.760 addr_full=0.0007 correct=0
  mpx-135 traj: trials=8160000 wall=30943s knowledge=0.0097 reliable=335 spec=14.25 pop=35472
  mpx-135 diag: trials=8160000 micro=35578 pop_spec=14.73 spec_max=31 q_mean=0.640 q_max=1.000 q_above_half=32526 marked=0.401 mark_density=0.893 exp_mean=3.8 addr_spec=2.587 addr_random=0.764 addr_full=0.0007 correct=0
  mpx-135 traj: trials=8220000 wall=31289s knowledge=0.0103 reliable=353 spec=14.24 pop=36748
  mpx-135 diag: trials=8220000 micro=36860 pop_spec=14.72 spec_max=31 q_mean=0.640 q_max=1.000 q_above_half=33680 marked=0.400 mark_density=0.892 exp_mean=3.8 addr_spec=2.602 addr_random=0.763 addr_full=0.0008 correct=0
  mpx-135 traj: trials=8280000 wall=31647s knowledge=0.0103 reliable=352 spec=14.27 pop=37381
  mpx-135 diag: trials=8280000 micro=37505 pop_spec=14.75 spec_max=31 q_mean=0.641 q_max=1.000 q_above_half=34385 marked=0.402 mark_density=0.892 exp_mean=3.8 addr_spec=2.617 addr_random=0.765 addr_full=0.0008 correct=0
  mpx-135 traj: trials=8340000 wall=32018s knowledge=0.0106 reliable=372 spec=14.28 pop=37859
  mpx-135 diag: trials=8340000 micro=37991 pop_spec=14.77 spec_max=31 q_mean=0.641 q_max=1.000 q_above_half=34887 marked=0.398 mark_density=0.892 exp_mean=3.8 addr_spec=2.616 addr_random=0.766 addr_full=0.0008 correct=0
  mpx-135 traj: trials=8400000 wall=32394s knowledge=0.0116 reliable=391 spec=14.30 pop=39420
  mpx-135 diag: trials=8400000 micro=39561 pop_spec=14.75 spec_max=31 q_mean=0.640 q_max=1.000 q_above_half=36269 marked=0.399 mark_density=0.892 exp_mean=3.8 addr_spec=2.610 addr_random=0.765 addr_full=0.0008 correct=0
  mpx-135 traj: trials=8460000 wall=32782s knowledge=0.0116 reliable=402 spec=14.28 pop=40257
  mpx-135 diag: trials=8460000 micro=40386 pop_spec=14.75 spec_max=31 q_mean=0.639 q_max=1.000 q_above_half=37062 marked=0.404 mark_density=0.892 exp_mean=3.8 addr_spec=2.632 addr_random=0.765 addr_full=0.0008 correct=0
  mpx-135 traj: trials=8520000 wall=33184s knowledge=0.0119 reliable=416 spec=14.29 pop=41006
  mpx-135 diag: trials=8520000 micro=41164 pop_spec=14.79 spec_max=31 q_mean=0.640 q_max=1.000 q_above_half=37801 marked=0.399 mark_density=0.892 exp_mean=3.8 addr_spec=2.658 addr_random=0.767 addr_full=0.0009 correct=0
  mpx-135 traj: trials=8580000 wall=33589s knowledge=0.0126 reliable=440 spec=14.31 pop=41252
  mpx-135 diag: trials=8580000 micro=41407 pop_spec=14.82 spec_max=31 q_mean=0.640 q_max=1.000 q_above_half=38066 marked=0.408 mark_density=0.892 exp_mean=3.9 addr_spec=2.668 addr_random=0.768 addr_full=0.0009 correct=0
  mpx-135 traj: trials=8640000 wall=34001s knowledge=0.0129 reliable=434 spec=14.31 pop=42521
  mpx-135 diag: trials=8640000 micro=42659 pop_spec=14.79 spec_max=31 q_mean=0.641 q_max=1.000 q_above_half=39084 marked=0.394 mark_density=0.892 exp_mean=3.8 addr_spec=2.671 addr_random=0.767 addr_full=0.0010 correct=0
  mpx-135 traj: trials=8700000 wall=34428s knowledge=0.0137 reliable=445 spec=14.29 pop=43714
  mpx-135 diag: trials=8700000 micro=43867 pop_spec=14.83 spec_max=31 q_mean=0.642 q_max=1.000 q_above_half=40246 marked=0.396 mark_density=0.892 exp_mean=3.9 addr_spec=2.718 addr_random=0.769 addr_full=0.0010 correct=0
  mpx-135 traj: trials=8760000 wall=34872s knowledge=0.0146 reliable=490 spec=14.23 pop=44545
  mpx-135 diag: trials=8760000 micro=44714 pop_spec=14.82 spec_max=31 q_mean=0.641 q_max=1.000 q_above_half=40895 marked=0.399 mark_density=0.892 exp_mean=3.9 addr_spec=2.731 addr_random=0.769 addr_full=0.0010 correct=0
  mpx-135 traj: trials=8820000 wall=35325s knowledge=0.0150 reliable=533 spec=14.26 pop=46150
  mpx-135 diag: trials=8820000 micro=46319 pop_spec=14.85 spec_max=31 q_mean=0.642 q_max=1.000 q_above_half=42556 marked=0.404 mark_density=0.892 exp_mean=3.9 addr_spec=2.745 addr_random=0.770 addr_full=0.0010 correct=0
  mpx-135 traj: trials=8880000 wall=35794s knowledge=0.0160 reliable=560 spec=14.25 pop=46784
  mpx-135 diag: trials=8880000 micro=46958 pop_spec=14.82 spec_max=31 q_mean=0.641 q_max=1.000 q_above_half=43032 marked=0.409 mark_density=0.892 exp_mean=3.9 addr_spec=2.733 addr_random=0.768 addr_full=0.0011 correct=0
  mpx-135 traj: trials=8940000 wall=36279s knowledge=0.0166 reliable=606 spec=14.24 pop=47759
  mpx-135 diag: trials=8940000 micro=47937 pop_spec=14.84 spec_max=31 q_mean=0.643 q_max=1.000 q_above_half=43919 marked=0.395 mark_density=0.891 exp_mean=3.9 addr_spec=2.767 addr_random=0.770 addr_full=0.0012 correct=0
  mpx-135 traj: trials=9000000 wall=36773s knowledge=0.0173 reliable=604 spec=14.25 pop=49203
  mpx-135 diag: trials=9000000 micro=49389 pop_spec=14.86 spec_max=31 q_mean=0.641 q_max=1.000 q_above_half=45065 marked=0.405 mark_density=0.891 exp_mean=3.9 addr_spec=2.783 addr_random=0.770 addr_full=0.0011 correct=0
  mpx-135 traj: trials=9060000 wall=37286s knowledge=0.0179 reliable=622 spec=14.24 pop=50681
  mpx-135 diag: trials=9060000 micro=50869 pop_spec=14.84 spec_max=31 q_mean=0.641 q_max=1.000 q_above_half=46448 marked=0.404 mark_density=0.892 exp_mean=4.0 addr_spec=2.794 addr_random=0.770 addr_full=0.0011 correct=0
  mpx-135 traj: trials=9120000 wall=37818s knowledge=0.0182 reliable=640 spec=14.25 pop=51398
  mpx-135 diag: trials=9120000 micro=51601 pop_spec=14.89 spec_max=31 q_mean=0.642 q_max=1.000 q_above_half=47177 marked=0.400 mark_density=0.891 exp_mean=4.0 addr_spec=2.825 addr_random=0.772 addr_full=0.0012 correct=0
  mpx-135 traj: trials=9180000 wall=38361s knowledge=0.0192 reliable=664 spec=14.25 pop=52544
  mpx-135 diag: trials=9180000 micro=52744 pop_spec=14.88 spec_max=31 q_mean=0.642 q_max=1.000 q_above_half=48221 marked=0.407 mark_density=0.891 exp_mean=4.0 addr_spec=2.832 addr_random=0.772 addr_full=0.0012 correct=0
  mpx-135 traj: trials=9240000 wall=38922s knowledge=0.0196 reliable=673 spec=14.27 pop=53698
  mpx-135 diag: trials=9240000 micro=53907 pop_spec=14.86 spec_max=31 q_mean=0.643 q_max=1.000 q_above_half=49299 marked=0.407 mark_density=0.891 exp_mean=4.0 addr_spec=2.836 addr_random=0.770 addr_full=0.0012 correct=0
  mpx-135 traj: trials=9300000 wall=39493s knowledge=0.0204 reliable=714 spec=14.27 pop=54836
  mpx-135 diag: trials=9300000 micro=55056 pop_spec=14.91 spec_max=31 q_mean=0.644 q_max=1.000 q_above_half=50400 marked=0.403 mark_density=0.891 exp_mean=4.0 addr_spec=2.875 addr_random=0.773 addr_full=0.0011 correct=0
  mpx-135 traj: trials=9360000 wall=40080s knowledge=0.0207 reliable=706 spec=14.28 pop=56585
  mpx-135 diag: trials=9360000 micro=56811 pop_spec=14.89 spec_max=31 q_mean=0.642 q_max=1.000 q_above_half=51864 marked=0.404 mark_density=0.891 exp_mean=4.1 addr_spec=2.869 addr_random=0.772 addr_full=0.0011 correct=0
  mpx-135 traj: trials=9420000 wall=40699s knowledge=0.0214 reliable=712 spec=14.27 pop=57818
  mpx-135 diag: trials=9420000 micro=58054 pop_spec=14.88 spec_max=31 q_mean=0.641 q_max=1.000 q_above_half=53018 marked=0.405 mark_density=0.891 exp_mean=4.1 addr_spec=2.873 addr_random=0.772 addr_full=0.0012 correct=0
  mpx-135 traj: trials=9480000 wall=41386s knowledge=0.0215 reliable=738 spec=14.27 pop=58512
  mpx-135 diag: trials=9480000 micro=58753 pop_spec=14.92 spec_max=31 q_mean=0.641 q_max=1.000 q_above_half=53584 marked=0.399 mark_density=0.891 exp_mean=4.1 addr_spec=2.893 addr_random=0.774 addr_full=0.0012 correct=0
  mpx-135 traj: trials=9540000 wall=42106s knowledge=0.0225 reliable=792 spec=14.27 pop=60384
  mpx-135 diag: trials=9540000 micro=60642 pop_spec=14.92 spec_max=31 q_mean=0.642 q_max=1.000 q_above_half=55483 marked=0.405 mark_density=0.891 exp_mean=4.1 addr_spec=2.908 addr_random=0.773 addr_full=0.0012 correct=0
  mpx-135 traj: trials=9600000 wall=42825s knowledge=0.0228 reliable=787 spec=14.26 pop=60619
  mpx-135 diag: trials=9600000 micro=60889 pop_spec=14.93 spec_max=31 q_mean=0.642 q_max=1.000 q_above_half=55760 marked=0.403 mark_density=0.891 exp_mean=4.1 addr_spec=2.922 addr_random=0.774 addr_full=0.0012 correct=0
  mpx-135 traj: trials=9660000 wall=43605s knowledge=0.0235 reliable=806 spec=14.27 pop=62142
  mpx-135 diag: trials=9660000 micro=62421 pop_spec=14.93 spec_max=31 q_mean=0.641 q_max=1.000 q_above_half=56941 marked=0.400 mark_density=0.891 exp_mean=4.1 addr_spec=2.927 addr_random=0.774 addr_full=0.0012 correct=0
  mpx-135 traj: trials=9720000 wall=44423s knowledge=0.0247 reliable=819 spec=14.27 pop=63442
  mpx-135 diag: trials=9720000 micro=63743 pop_spec=14.93 spec_max=31 q_mean=0.641 q_max=1.000 q_above_half=57946 marked=0.402 mark_density=0.891 exp_mean=4.1 addr_spec=2.939 addr_random=0.774 addr_full=0.0012 correct=0
  mpx-135 traj: trials=9780000 wall=45231s knowledge=0.0254 reliable=868 spec=14.27 pop=64877
  mpx-135 diag: trials=9780000 micro=65183 pop_spec=14.91 spec_max=31 q_mean=0.641 q_max=1.000 q_above_half=59327 marked=0.400 mark_density=0.891 exp_mean=4.1 addr_spec=2.959 addr_random=0.773 addr_full=0.0013 correct=0
  mpx-135 traj: trials=9840000 wall=46163s knowledge=0.0257 reliable=849 spec=14.27 pop=65525
  mpx-135 diag: trials=9840000 micro=65842 pop_spec=14.97 spec_max=31 q_mean=0.642 q_max=1.000 q_above_half=60019 marked=0.401 mark_density=0.891 exp_mean=4.2 addr_spec=2.989 addr_random=0.776 addr_full=0.0013 correct=0
  mpx-135 traj: trials=9900000 wall=47032s knowledge=0.0267 reliable=900 spec=14.26 pop=66838
  mpx-135 diag: trials=9900000 micro=67169 pop_spec=14.96 spec_max=31 q_mean=0.641 q_max=1.000 q_above_half=61091 marked=0.407 mark_density=0.891 exp_mean=4.2 addr_spec=2.991 addr_random=0.776 addr_full=0.0013 correct=0
  mpx-135 traj: trials=9960000 wall=47904s knowledge=0.0270 reliable=883 spec=14.28 pop=68592
  mpx-135 diag: trials=9960000 micro=68944 pop_spec=14.96 spec_max=31 q_mean=0.641 q_max=1.000 q_above_half=62663 marked=0.403 mark_density=0.891 exp_mean=4.2 addr_spec=2.994 addr_random=0.776 addr_full=0.0012 correct=0
  mpx-135 traj: trials=10020000 wall=48783s knowledge=0.0280 reliable=899 spec=14.26 pop=69844
  mpx-135 diag: trials=10020000 micro=70216 pop_spec=14.96 spec_max=31 q_mean=0.640 q_max=1.000 q_above_half=63758 marked=0.407 mark_density=0.891 exp_mean=4.2 addr_spec=2.997 addr_random=0.776 addr_full=0.0013 correct=0
  mpx-135 traj: trials=10080000 wall=49696s knowledge=0.0286 reliable=898 spec=14.28 pop=70497
  mpx-135 diag: trials=10080000 micro=70881 pop_spec=14.99 spec_max=31 q_mean=0.642 q_max=1.000 q_above_half=64445 marked=0.400 mark_density=0.891 exp_mean=4.2 addr_spec=3.017 addr_random=0.777 addr_full=0.0013 correct=0
  mpx-135 traj: trials=10140000 wall=50599s knowledge=0.0294 reliable=930 spec=14.27 pop=72360
  mpx-135 diag: trials=10140000 micro=72755 pop_spec=14.98 spec_max=31 q_mean=0.641 q_max=1.000 q_above_half=66141 marked=0.402 mark_density=0.891 exp_mean=4.2 addr_spec=3.020 addr_random=0.777 addr_full=0.0013 correct=0
  mpx-135 traj: trials=10200000 wall=51546s knowledge=0.0303 reliable=953 spec=14.26 pop=73107
  mpx-135 diag: trials=10200000 micro=73521 pop_spec=15.00 spec_max=31 q_mean=0.640 q_max=1.000 q_above_half=66681 marked=0.409 mark_density=0.891 exp_mean=4.3 addr_spec=3.036 addr_random=0.778 addr_full=0.0014 correct=0
  mpx-135 traj: trials=10260000 wall=52457s knowledge=0.0312 reliable=976 spec=14.26 pop=74696
  mpx-135 diag: trials=10260000 micro=75124 pop_spec=14.98 spec_max=31 q_mean=0.640 q_max=1.000 q_above_half=68413 marked=0.409 mark_density=0.891 exp_mean=4.3 addr_spec=3.041 addr_random=0.777 addr_full=0.0015 correct=0
  mpx-135 traj: trials=10320000 wall=53433s knowledge=0.0317 reliable=987 spec=14.27 pop=75417
  mpx-135 diag: trials=10320000 micro=75846 pop_spec=14.98 spec_max=31 q_mean=0.639 q_max=1.000 q_above_half=68586 marked=0.406 mark_density=0.891 exp_mean=4.3 addr_spec=3.035 addr_random=0.777 addr_full=0.0014 correct=0
  mpx-135 traj: trials=10380000 wall=54486s knowledge=0.0325 reliable=1009 spec=14.28 pop=77475
  mpx-135 diag: trials=10380000 micro=77912 pop_spec=14.99 spec_max=31 q_mean=0.639 q_max=1.000 q_above_half=70471 marked=0.406 mark_density=0.891 exp_mean=4.3 addr_spec=3.057 addr_random=0.777 addr_full=0.0015 correct=0
  mpx-135 traj: trials=10440000 wall=55605s knowledge=0.0340 reliable=1051 spec=14.29 pop=77845
  mpx-135 diag: trials=10440000 micro=78299 pop_spec=15.01 spec_max=31 q_mean=0.640 q_max=1.000 q_above_half=70989 marked=0.404 mark_density=0.891 exp_mean=4.3 addr_spec=3.061 addr_random=0.779 addr_full=0.0015 correct=0
  mpx-135 traj: trials=10500000 wall=56651s knowledge=0.0356 reliable=1104 spec=14.28 pop=78348
  mpx-135 diag: trials=10500000 micro=78817 pop_spec=15.03 spec_max=31 q_mean=0.641 q_max=1.000 q_above_half=71625 marked=0.405 mark_density=0.891 exp_mean=4.4 addr_spec=3.067 addr_random=0.779 addr_full=0.0015 correct=0
  mpx-135 traj: trials=10560000 wall=57661s knowledge=0.0366 reliable=1129 spec=14.27 pop=78982
  mpx-135 diag: trials=10560000 micro=79486 pop_spec=15.04 spec_max=31 q_mean=0.640 q_max=1.000 q_above_half=72183 marked=0.406 mark_density=0.890 exp_mean=4.4 addr_spec=3.068 addr_random=0.780 addr_full=0.0015 correct=0
  mpx-135 traj: trials=10620000 wall=58680s knowledge=0.0378 reliable=1178 spec=14.25 pop=80585
  mpx-135 diag: trials=10620000 micro=81090 pop_spec=15.02 spec_max=31 q_mean=0.640 q_max=1.000 q_above_half=73447 marked=0.403 mark_density=0.890 exp_mean=4.4 addr_spec=3.078 addr_random=0.779 addr_full=0.0016 correct=0
  mpx-135 traj: trials=10680000 wall=59770s knowledge=0.0382 reliable=1200 spec=14.25 pop=80506
  mpx-135 diag: trials=10680000 micro=81014 pop_spec=15.05 spec_max=31 q_mean=0.640 q_max=1.000 q_above_half=73443 marked=0.407 mark_density=0.890 exp_mean=4.5 addr_spec=3.092 addr_random=0.781 addr_full=0.0016 correct=0
  mpx-135 traj: trials=10740000 wall=60847s knowledge=0.0410 reliable=1222 spec=14.22 pop=82668
  mpx-135 diag: trials=10740000 micro=83194 pop_spec=15.05 spec_max=31 q_mean=0.640 q_max=1.000 q_above_half=75464 marked=0.408 mark_density=0.890 exp_mean=4.5 addr_spec=3.106 addr_random=0.780 addr_full=0.0016 correct=0
  mpx-135 traj: trials=10800000 wall=61945s knowledge=0.0418 reliable=1242 spec=14.24 pop=83609
  mpx-135 diag: trials=10800000 micro=84151 pop_spec=15.04 spec_max=31 q_mean=0.640 q_max=1.000 q_above_half=76258 marked=0.409 mark_density=0.890 exp_mean=4.5 addr_spec=3.115 addr_random=0.780 addr_full=0.0016 correct=0
  mpx-135 traj: trials=10860000 wall=63161s knowledge=0.0424 reliable=1239 spec=14.24 pop=84618
  mpx-135 diag: trials=10860000 micro=85172 pop_spec=15.04 spec_max=31 q_mean=0.639 q_max=1.000 q_above_half=76964 marked=0.410 mark_density=0.890 exp_mean=4.5 addr_spec=3.126 addr_random=0.780 addr_full=0.0016 correct=0
  mpx-135 traj: trials=10920000 wall=64410s knowledge=0.0425 reliable=1240 spec=14.23 pop=84945
  mpx-135 diag: trials=10920000 micro=85508 pop_spec=15.07 spec_max=31 q_mean=0.640 q_max=1.000 q_above_half=77411 marked=0.413 mark_density=0.890 exp_mean=4.5 addr_spec=3.142 addr_random=0.782 addr_full=0.0017 correct=0
  mpx-135 traj: trials=10980000 wall=65636s knowledge=0.0428 reliable=1211 spec=14.24 pop=85309
  mpx-135 diag: trials=10980000 micro=85880 pop_spec=15.08 spec_max=31 q_mean=0.640 q_max=1.000 q_above_half=77860 marked=0.411 mark_density=0.890 exp_mean=4.5 addr_spec=3.150 addr_random=0.782 addr_full=0.0018 correct=1
  mpx-135 traj: trials=11040000 wall=66822s knowledge=0.0436 reliable=1225 spec=14.24 pop=86207
  mpx-135 diag: trials=11040000 micro=86802 pop_spec=15.07 spec_max=31 q_mean=0.640 q_max=1.000 q_above_half=78579 marked=0.409 mark_density=0.890 exp_mean=4.6 addr_spec=3.166 addr_random=0.781 addr_full=0.0018 correct=0
  mpx-135 traj: trials=11100000 wall=67966s knowledge=0.0444 reliable=1242 spec=14.24 pop=85896
  mpx-135 diag: trials=11100000 micro=86491 pop_spec=15.10 spec_max=31 q_mean=0.639 q_max=1.000 q_above_half=78157 marked=0.408 mark_density=0.890 exp_mean=4.6 addr_spec=3.183 addr_random=0.783 addr_full=0.0019 correct=0
  mpx-135 traj: trials=11160000 wall=69092s knowledge=0.0458 reliable=1320 spec=14.23 pop=86859
  mpx-135 diag: trials=11160000 micro=87480 pop_spec=15.09 spec_max=31 q_mean=0.640 q_max=1.000 q_above_half=79125 marked=0.406 mark_density=0.890 exp_mean=4.6 addr_spec=3.193 addr_random=0.782 addr_full=0.0020 correct=0
  mpx-135 traj: trials=11220000 wall=70240s knowledge=0.0465 reliable=1280 spec=14.23 pop=87161
  mpx-135 diag: trials=11220000 micro=87796 pop_spec=15.09 spec_max=31 q_mean=0.639 q_max=1.000 q_above_half=79040 marked=0.410 mark_density=0.890 exp_mean=4.7 addr_spec=3.199 addr_random=0.783 addr_full=0.0021 correct=0
  mpx-135 traj: trials=11280000 wall=71391s knowledge=0.0479 reliable=1341 spec=14.22 pop=87943
  mpx-135 diag: trials=11280000 micro=88573 pop_spec=15.10 spec_max=31 q_mean=0.640 q_max=1.000 q_above_half=79991 marked=0.405 mark_density=0.890 exp_mean=4.7 addr_spec=3.216 addr_random=0.783 addr_full=0.0021 correct=0
  mpx-135 traj: trials=11340000 wall=72551s knowledge=0.0495 reliable=1396 spec=14.20 pop=87935
  mpx-135 diag: trials=11340000 micro=88594 pop_spec=15.12 spec_max=31 q_mean=0.640 q_max=1.000 q_above_half=79985 marked=0.408 mark_density=0.890 exp_mean=4.7 addr_spec=3.226 addr_random=0.784 addr_full=0.0022 correct=0
  mpx-135 traj: trials=11400000 wall=73728s knowledge=0.0507 reliable=1419 spec=14.20 pop=88630
  mpx-135 diag: trials=11400000 micro=89310 pop_spec=15.12 spec_max=31 q_mean=0.640 q_max=1.000 q_above_half=80730 marked=0.408 mark_density=0.890 exp_mean=4.7 addr_spec=3.231 addr_random=0.784 addr_full=0.0022 correct=0
  mpx-135 traj: trials=11460000 wall=74926s knowledge=0.0525 reliable=1436 spec=14.22 pop=89729
  mpx-135 diag: trials=11460000 micro=90434 pop_spec=15.12 spec_max=31 q_mean=0.640 q_max=1.000 q_above_half=81559 marked=0.407 mark_density=0.890 exp_mean=4.7 addr_spec=3.239 addr_random=0.784 addr_full=0.0023 correct=0
  mpx-135 traj: trials=11520000 wall=76217s knowledge=0.0538 reliable=1433 spec=14.23 pop=88967
  mpx-135 diag: trials=11520000 micro=89699 pop_spec=15.13 spec_max=31 q_mean=0.640 q_max=1.000 q_above_half=80853 marked=0.406 mark_density=0.890 exp_mean=4.8 addr_spec=3.238 addr_random=0.785 addr_full=0.0024 correct=0
  mpx-135 traj: trials=11580000 wall=77662s knowledge=0.0540 reliable=1402 spec=14.23 pop=89329
  mpx-135 diag: trials=11580000 micro=90079 pop_spec=15.12 spec_max=31 q_mean=0.640 q_max=1.000 q_above_half=81289 marked=0.409 mark_density=0.890 exp_mean=4.8 addr_spec=3.238 addr_random=0.784 addr_full=0.0024 correct=0
  mpx-135 traj: trials=11640000 wall=79057s knowledge=0.0555 reliable=1413 spec=14.22 pop=89481
  mpx-135 diag: trials=11640000 micro=90255 pop_spec=15.14 spec_max=31 q_mean=0.641 q_max=1.000 q_above_half=81264 marked=0.412 mark_density=0.890 exp_mean=4.8 addr_spec=3.256 addr_random=0.785 addr_full=0.0024 correct=0
  mpx-135 traj: trials=11700000 wall=80404s knowledge=0.0572 reliable=1460 spec=14.21 pop=90152
  mpx-135 diag: trials=11700000 micro=90899 pop_spec=15.12 spec_max=31 q_mean=0.640 q_max=1.000 q_above_half=81658 marked=0.407 mark_density=0.890 exp_mean=4.8 addr_spec=3.261 addr_random=0.784 addr_full=0.0024 correct=0
  mpx-135 traj: trials=11760000 wall=81726s knowledge=0.0588 reliable=1501 spec=14.21 pop=88922
  mpx-135 diag: trials=11760000 micro=89672 pop_spec=15.16 spec_max=31 q_mean=0.641 q_max=1.000 q_above_half=80837 marked=0.412 mark_density=0.890 exp_mean=4.9 addr_spec=3.261 addr_random=0.786 addr_full=0.0025 correct=1
  mpx-135 traj: trials=11820000 wall=83024s knowledge=0.0626 reliable=1506 spec=14.21 pop=89396
  mpx-135 diag: trials=11820000 micro=90168 pop_spec=15.14 spec_max=31 q_mean=0.641 q_max=1.000 q_above_half=81120 marked=0.408 mark_density=0.890 exp_mean=4.9 addr_spec=3.253 addr_random=0.785 addr_full=0.0025 correct=1
  mpx-135 traj: trials=11880000 wall=84310s knowledge=0.0631 reliable=1537 spec=14.25 pop=89586
  mpx-135 diag: trials=11880000 micro=90349 pop_spec=15.14 spec_max=31 q_mean=0.641 q_max=1.000 q_above_half=81166 marked=0.410 mark_density=0.890 exp_mean=4.9 addr_spec=3.256 addr_random=0.785 addr_full=0.0024 correct=1
  mpx-135 traj: trials=11940000 wall=85616s knowledge=0.0635 reliable=1555 spec=14.23 pop=89168
  mpx-135 diag: trials=11940000 micro=89944 pop_spec=15.16 spec_max=31 q_mean=0.641 q_max=1.000 q_above_half=80908 marked=0.408 mark_density=0.890 exp_mean=4.9 addr_spec=3.264 addr_random=0.786 addr_full=0.0026 correct=1
  mpx-135 traj: trials=12000000 wall=86901s knowledge=0.0653 reliable=1549 spec=14.23 pop=88136
  mpx-135 diag: trials=12000000 micro=88919 pop_spec=15.16 spec_max=31 q_mean=0.641 q_max=1.000 q_above_half=79908 marked=0.409 mark_density=0.890 exp_mean=5.0 addr_spec=3.269 addr_random=0.786 addr_full=0.0026 correct=1
  mpx-135 traj: trials=12060000 wall=88161s knowledge=0.0664 reliable=1566 spec=14.22 pop=88837
  mpx-135 diag: trials=12060000 micro=89638 pop_spec=15.14 spec_max=31 q_mean=0.642 q_max=1.000 q_above_half=80544 marked=0.407 mark_density=0.890 exp_mean=5.0 addr_spec=3.277 addr_random=0.785 addr_full=0.0026 correct=2
  mpx-135 traj: trials=12120000 wall=89439s knowledge=0.0683 reliable=1577 spec=14.21 pop=88463
  mpx-135 diag: trials=12120000 micro=89306 pop_spec=15.14 spec_max=31 q_mean=0.642 q_max=1.000 q_above_half=80013 marked=0.408 mark_density=0.890 exp_mean=5.1 addr_spec=3.287 addr_random=0.785 addr_full=0.0026 correct=2
  mpx-135 traj: trials=12180000 wall=90710s knowledge=0.0697 reliable=1575 spec=14.22 pop=88379
  mpx-135 diag: trials=12180000 micro=89243 pop_spec=15.15 spec_max=31 q_mean=0.642 q_max=1.000 q_above_half=79967 marked=0.409 mark_density=0.890 exp_mean=5.1 addr_spec=3.300 addr_random=0.786 addr_full=0.0028 correct=2
  mpx-135 traj: trials=12240000 wall=91982s knowledge=0.0714 reliable=1598 spec=14.21 pop=88098
  mpx-135 diag: trials=12240000 micro=88988 pop_spec=15.15 spec_max=31 q_mean=0.643 q_max=1.000 q_above_half=79628 marked=0.408 mark_density=0.890 exp_mean=5.2 addr_spec=3.308 addr_random=0.786 addr_full=0.0029 correct=2
  mpx-135 traj: trials=12300000 wall=93238s knowledge=0.0740 reliable=1609 spec=14.21 pop=86895
  mpx-135 diag: trials=12300000 micro=87769 pop_spec=15.17 spec_max=31 q_mean=0.644 q_max=1.000 q_above_half=78676 marked=0.401 mark_density=0.890 exp_mean=5.2 addr_spec=3.311 addr_random=0.787 addr_full=0.0029 correct=2
  mpx-135 traj: trials=12360000 wall=94402s knowledge=0.0741 reliable=1595 spec=14.22 pop=87464
  mpx-135 diag: trials=12360000 micro=88369 pop_spec=15.16 spec_max=31 q_mean=0.643 q_max=1.000 q_above_half=79303 marked=0.408 mark_density=0.890 exp_mean=5.3 addr_spec=3.321 addr_random=0.786 addr_full=0.0030 correct=2
  mpx-135 traj: trials=12420000 wall=95551s knowledge=0.0753 reliable=1615 spec=14.24 pop=87315
  mpx-135 diag: trials=12420000 micro=88220 pop_spec=15.15 spec_max=31 q_mean=0.643 q_max=1.000 q_above_half=79178 marked=0.412 mark_density=0.890 exp_mean=5.3 addr_spec=3.326 addr_random=0.786 addr_full=0.0030 correct=2
  mpx-135 traj: trials=12480000 wall=96694s knowledge=0.0766 reliable=1620 spec=14.21 pop=86485
  mpx-135 diag: trials=12480000 micro=87377 pop_spec=15.17 spec_max=31 q_mean=0.643 q_max=1.000 q_above_half=78322 marked=0.410 mark_density=0.890 exp_mean=5.4 addr_spec=3.326 addr_random=0.787 addr_full=0.0032 correct=2
  mpx-135 traj: trials=12540000 wall=97804s knowledge=0.0769 reliable=1598 spec=14.20 pop=85907
  mpx-135 diag: trials=12540000 micro=86806 pop_spec=15.20 spec_max=31 q_mean=0.644 q_max=1.000 q_above_half=77870 marked=0.406 mark_density=0.890 exp_mean=5.4 addr_spec=3.350 addr_random=0.788 addr_full=0.0032 correct=3
  mpx-135 traj: trials=12600000 wall=98910s knowledge=0.0795 reliable=1630 spec=14.18 pop=86789
  mpx-135 diag: trials=12600000 micro=87703 pop_spec=15.16 spec_max=31 q_mean=0.644 q_max=1.000 q_above_half=78463 marked=0.406 mark_density=0.890 exp_mean=5.4 addr_spec=3.353 addr_random=0.786 addr_full=0.0033 correct=3
  mpx-135 traj: trials=12660000 wall=100018s knowledge=0.0804 reliable=1658 spec=14.17 pop=85583
  mpx-135 diag: trials=12660000 micro=86506 pop_spec=15.19 spec_max=31 q_mean=0.644 q_max=1.000 q_above_half=77479 marked=0.410 mark_density=0.890 exp_mean=5.5 addr_spec=3.360 addr_random=0.788 addr_full=0.0033 correct=3
  mpx-135 traj: trials=12720000 wall=101109s knowledge=0.0825 reliable=1655 spec=14.16 pop=85185
  mpx-135 diag: trials=12720000 micro=86130 pop_spec=15.19 spec_max=31 q_mean=0.644 q_max=1.000 q_above_half=77344 marked=0.411 mark_density=0.890 exp_mean=5.5 addr_spec=3.360 addr_random=0.787 addr_full=0.0034 correct=4
  mpx-135 traj: trials=12780000 wall=102200s knowledge=0.0835 reliable=1671 spec=14.16 pop=85269
  mpx-135 diag: trials=12780000 micro=86214 pop_spec=15.19 spec_max=31 q_mean=0.643 q_max=1.000 q_above_half=77025 marked=0.407 mark_density=0.890 exp_mean=5.5 addr_spec=3.369 addr_random=0.787 addr_full=0.0035 correct=4
  mpx-135 traj: trials=12840000 wall=103270s knowledge=0.0876 reliable=1664 spec=14.14 pop=84922
  mpx-135 diag: trials=12840000 micro=85878 pop_spec=15.18 spec_max=31 q_mean=0.645 q_max=1.000 q_above_half=77032 marked=0.410 mark_density=0.890 exp_mean=5.5 addr_spec=3.365 addr_random=0.787 addr_full=0.0035 correct=6
  mpx-135 traj: trials=12900000 wall=104338s knowledge=0.0884 reliable=1626 spec=14.15 pop=83783
  mpx-135 diag: trials=12900000 micro=84758 pop_spec=15.19 spec_max=31 q_mean=0.644 q_max=1.000 q_above_half=75738 marked=0.409 mark_density=0.890 exp_mean=5.5 addr_spec=3.372 addr_random=0.788 addr_full=0.0036 correct=6
  mpx-135 traj: trials=12960000 wall=105387s knowledge=0.0904 reliable=1629 spec=14.14 pop=82941
  mpx-135 diag: trials=12960000 micro=83897 pop_spec=15.20 spec_max=31 q_mean=0.645 q_max=1.000 q_above_half=74998 marked=0.405 mark_density=0.890 exp_mean=5.5 addr_spec=3.365 addr_random=0.788 addr_full=0.0037 correct=7
  mpx-135 traj: trials=13020000 wall=106404s knowledge=0.0909 reliable=1625 spec=14.15 pop=82563
  mpx-135 diag: trials=13020000 micro=83487 pop_spec=15.20 spec_max=31 q_mean=0.644 q_max=1.000 q_above_half=74668 marked=0.410 mark_density=0.890 exp_mean=5.6 addr_spec=3.369 addr_random=0.788 addr_full=0.0038 correct=7
  mpx-135 traj: trials=13080000 wall=107416s knowledge=0.0917 reliable=1602 spec=14.15 pop=81858
  mpx-135 diag: trials=13080000 micro=82790 pop_spec=15.20 spec_max=31 q_mean=0.644 q_max=1.000 q_above_half=74035 marked=0.412 mark_density=0.890 exp_mean=5.6 addr_spec=3.373 addr_random=0.788 addr_full=0.0039 correct=7
  mpx-135 traj: trials=13140000 wall=108421s knowledge=0.0927 reliable=1631 spec=14.13 pop=81519
  mpx-135 diag: trials=13140000 micro=82440 pop_spec=15.19 spec_max=31 q_mean=0.644 q_max=1.000 q_above_half=73725 marked=0.412 mark_density=0.890 exp_mean=5.6 addr_spec=3.385 addr_random=0.788 addr_full=0.0038 correct=6
  mpx-135 traj: trials=13200000 wall=109410s knowledge=0.0921 reliable=1560 spec=14.15 pop=80627
  mpx-135 diag: trials=13200000 micro=81556 pop_spec=15.21 spec_max=31 q_mean=0.645 q_max=1.000 q_above_half=72985 marked=0.408 mark_density=0.890 exp_mean=5.7 addr_spec=3.387 addr_random=0.789 addr_full=0.0038 correct=6
  mpx-135 traj: trials=13260000 wall=110398s knowledge=0.0943 reliable=1581 spec=14.15 pop=80435
  mpx-135 diag: trials=13260000 micro=81376 pop_spec=15.20 spec_max=31 q_mean=0.645 q_max=1.000 q_above_half=72872 marked=0.409 mark_density=0.890 exp_mean=5.7 addr_spec=3.397 addr_random=0.788 addr_full=0.0039 correct=6
  mpx-135 traj: trials=13320000 wall=111377s knowledge=0.0956 reliable=1599 spec=14.15 pop=79805
  mpx-135 diag: trials=13320000 micro=80729 pop_spec=15.22 spec_max=31 q_mean=0.646 q_max=1.000 q_above_half=72273 marked=0.408 mark_density=0.890 exp_mean=5.7 addr_spec=3.393 addr_random=0.789 addr_full=0.0040 correct=6
  mpx-135 traj: trials=13380000 wall=112335s knowledge=0.0970 reliable=1604 spec=14.15 pop=80339
  mpx-135 diag: trials=13380000 micro=81300 pop_spec=15.20 spec_max=31 q_mean=0.645 q_max=1.000 q_above_half=72593 marked=0.406 mark_density=0.890 exp_mean=5.8 addr_spec=3.404 addr_random=0.788 addr_full=0.0041 correct=8
  mpx-135 traj: trials=13440000 wall=113307s knowledge=0.1005 reliable=1630 spec=14.13 pop=80164
  mpx-135 diag: trials=13440000 micro=81166 pop_spec=15.20 spec_max=31 q_mean=0.645 q_max=1.000 q_above_half=72438 marked=0.411 mark_density=0.890 exp_mean=5.8 addr_spec=3.392 addr_random=0.788 addr_full=0.0042 correct=6
  mpx-135 traj: trials=13500000 wall=114264s knowledge=0.1029 reliable=1608 spec=14.12 pop=79186
  mpx-135 diag: trials=13500000 micro=80178 pop_spec=15.21 spec_max=31 q_mean=0.645 q_max=1.000 q_above_half=71652 marked=0.412 mark_density=0.890 exp_mean=5.9 addr_spec=3.399 addr_random=0.788 addr_full=0.0044 correct=6
  mpx-135 traj: trials=13560000 wall=115203s knowledge=0.1025 reliable=1615 spec=14.13 pop=77445
  mpx-135 diag: trials=13560000 micro=78429 pop_spec=15.23 spec_max=31 q_mean=0.645 q_max=1.000 q_above_half=69939 marked=0.408 mark_density=0.890 exp_mean=5.9 addr_spec=3.401 addr_random=0.789 addr_full=0.0045 correct=6
  mpx-135 traj: trials=13620000 wall=116103s knowledge=0.1033 reliable=1607 spec=14.13 pop=76934
  mpx-135 diag: trials=13620000 micro=77882 pop_spec=15.22 spec_max=31 q_mean=0.645 q_max=1.000 q_above_half=69492 marked=0.413 mark_density=0.890 exp_mean=6.0 addr_spec=3.390 addr_random=0.789 addr_full=0.0046 correct=8
  mpx-135 traj: trials=13680000 wall=116994s knowledge=0.1049 reliable=1592 spec=14.12 pop=76428
  mpx-135 diag: trials=13680000 micro=77394 pop_spec=15.21 spec_max=31 q_mean=0.646 q_max=1.000 q_above_half=69092 marked=0.413 mark_density=0.890 exp_mean=6.0 addr_spec=3.397 addr_random=0.789 addr_full=0.0046 correct=8
  mpx-135 traj: trials=13740000 wall=117862s knowledge=0.1056 reliable=1592 spec=14.12 pop=75954
  mpx-135 diag: trials=13740000 micro=76892 pop_spec=15.21 spec_max=31 q_mean=0.646 q_max=1.000 q_above_half=68691 marked=0.415 mark_density=0.890 exp_mean=6.1 addr_spec=3.395 addr_random=0.789 addr_full=0.0046 correct=9
  mpx-135 traj: trials=13800000 wall=118739s knowledge=0.1062 reliable=1586 spec=14.12 pop=75657
  mpx-135 diag: trials=13800000 micro=76638 pop_spec=15.22 spec_max=31 q_mean=0.646 q_max=1.000 q_above_half=68543 marked=0.407 mark_density=0.890 exp_mean=6.1 addr_spec=3.397 addr_random=0.789 addr_full=0.0046 correct=9
  mpx-135 traj: trials=13860000 wall=119598s knowledge=0.1075 reliable=1566 spec=14.11 pop=75198
  mpx-135 diag: trials=13860000 micro=76163 pop_spec=15.23 spec_max=31 q_mean=0.647 q_max=1.000 q_above_half=68225 marked=0.403 mark_density=0.890 exp_mean=6.1 addr_spec=3.399 addr_random=0.790 addr_full=0.0048 correct=10
  mpx-135 traj: trials=13920000 wall=120449s knowledge=0.1084 reliable=1573 spec=14.10 pop=75642
  mpx-135 diag: trials=13920000 micro=76624 pop_spec=15.20 spec_max=31 q_mean=0.646 q_max=1.000 q_above_half=68475 marked=0.405 mark_density=0.890 exp_mean=6.2 addr_spec=3.388 addr_random=0.788 addr_full=0.0047 correct=10
  mpx-135 traj: trials=13980000 wall=121311s knowledge=0.1129 reliable=1588 spec=14.08 pop=74928
  mpx-135 diag: trials=13980000 micro=75915 pop_spec=15.20 spec_max=31 q_mean=0.646 q_max=1.000 q_above_half=67768 marked=0.409 mark_density=0.890 exp_mean=6.3 addr_spec=3.377 addr_random=0.788 addr_full=0.0047 correct=11
  mpx-135 traj: trials=14040000 wall=122154s knowledge=0.1149 reliable=1610 spec=14.08 pop=74507
  mpx-135 diag: trials=14040000 micro=75492 pop_spec=15.21 spec_max=31 q_mean=0.648 q_max=1.000 q_above_half=67696 marked=0.411 mark_density=0.890 exp_mean=6.4 addr_spec=3.380 addr_random=0.789 addr_full=0.0050 correct=11
  mpx-135 traj: trials=14100000 wall=122991s knowledge=0.1160 reliable=1592 spec=14.08 pop=74204
  mpx-135 diag: trials=14100000 micro=75218 pop_spec=15.21 spec_max=31 q_mean=0.647 q_max=1.000 q_above_half=67265 marked=0.415 mark_density=0.890 exp_mean=6.5 addr_spec=3.372 addr_random=0.789 addr_full=0.0049 correct=11
  mpx-135 traj: trials=14160000 wall=123823s knowledge=0.1179 reliable=1580 spec=14.08 pop=72919
  mpx-135 diag: trials=14160000 micro=73938 pop_spec=15.21 spec_max=31 q_mean=0.648 q_max=1.000 q_above_half=66060 marked=0.408 mark_density=0.890 exp_mean=6.5 addr_spec=3.348 addr_random=0.788 addr_full=0.0051 correct=12
  mpx-135 traj: trials=14220000 wall=124633s knowledge=0.1199 reliable=1575 spec=14.08 pop=73063
  mpx-135 diag: trials=14220000 micro=74094 pop_spec=15.19 spec_max=31 q_mean=0.648 q_max=1.000 q_above_half=66190 marked=0.407 mark_density=0.890 exp_mean=6.6 addr_spec=3.330 addr_random=0.788 addr_full=0.0052 correct=12
  mpx-135 traj: trials=14280000 wall=125440s knowledge=0.1212 reliable=1578 spec=14.07 pop=72671
  mpx-135 diag: trials=14280000 micro=73737 pop_spec=15.18 spec_max=31 q_mean=0.648 q_max=1.000 q_above_half=65987 marked=0.408 mark_density=0.891 exp_mean=6.7 addr_spec=3.318 addr_random=0.787 addr_full=0.0053 correct=12
  mpx-135 traj: trials=14340000 wall=126243s knowledge=0.1231 reliable=1652 spec=14.06 pop=71715
  mpx-135 diag: trials=14340000 micro=72813 pop_spec=15.19 spec_max=31 q_mean=0.649 q_max=1.000 q_above_half=65032 marked=0.403 mark_density=0.890 exp_mean=6.9 addr_spec=3.319 addr_random=0.788 addr_full=0.0052 correct=12
  mpx-135 traj: trials=14400000 wall=127036s knowledge=0.1245 reliable=1644 spec=14.05 pop=71808
  mpx-135 diag: trials=14400000 micro=72923 pop_spec=15.17 spec_max=31 q_mean=0.649 q_max=1.000 q_above_half=65062 marked=0.403 mark_density=0.891 exp_mean=7.0 addr_spec=3.287 addr_random=0.786 addr_full=0.0052 correct=12
  mpx-135 traj: trials=14460000 wall=127824s knowledge=0.1255 reliable=1615 spec=14.04 pop=71105
  mpx-135 diag: trials=14460000 micro=72245 pop_spec=15.17 spec_max=31 q_mean=0.649 q_max=1.000 q_above_half=64614 marked=0.403 mark_density=0.891 exp_mean=7.1 addr_spec=3.262 addr_random=0.786 addr_full=0.0051 correct=13
  mpx-135 traj: trials=14520000 wall=128605s knowledge=0.1280 reliable=1605 spec=14.03 pop=71123
  mpx-135 diag: trials=14520000 micro=72205 pop_spec=15.18 spec_max=31 q_mean=0.648 q_max=1.000 q_above_half=64563 marked=0.401 mark_density=0.891 exp_mean=7.1 addr_spec=3.235 addr_random=0.787 addr_full=0.0050 correct=16
  mpx-135 traj: trials=14580000 wall=129377s knowledge=0.1310 reliable=1597 spec=14.02 pop=70559
  mpx-135 diag: trials=14580000 micro=71639 pop_spec=15.16 spec_max=31 q_mean=0.648 q_max=1.000 q_above_half=63914 marked=0.407 mark_density=0.891 exp_mean=7.2 addr_spec=3.204 addr_random=0.786 addr_full=0.0051 correct=19
  mpx-135 traj: trials=14640000 wall=130144s knowledge=0.1316 reliable=1552 spec=14.04 pop=69739
  mpx-135 diag: trials=14640000 micro=70793 pop_spec=15.18 spec_max=31 q_mean=0.649 q_max=1.000 q_above_half=63506 marked=0.405 mark_density=0.891 exp_mean=7.2 addr_spec=3.205 addr_random=0.787 addr_full=0.0049 correct=20
  mpx-135 traj: trials=14700000 wall=130899s knowledge=0.1307 reliable=1514 spec=14.03 pop=69272
  mpx-135 diag: trials=14700000 micro=70288 pop_spec=15.18 spec_max=31 q_mean=0.648 q_max=1.000 q_above_half=63037 marked=0.406 mark_density=0.891 exp_mean=7.2 addr_spec=3.178 addr_random=0.787 addr_full=0.0050 correct=19
  mpx-135 traj: trials=14760000 wall=131643s knowledge=0.1311 reliable=1513 spec=14.03 pop=69573
  mpx-135 diag: trials=14760000 micro=70585 pop_spec=15.15 spec_max=31 q_mean=0.648 q_max=1.000 q_above_half=63337 marked=0.405 mark_density=0.891 exp_mean=7.2 addr_spec=3.166 addr_random=0.786 addr_full=0.0049 correct=19
  mpx-135 traj: trials=14820000 wall=132413s knowledge=0.1338 reliable=1478 spec=14.02 pop=70179
  mpx-135 diag: trials=14820000 micro=71167 pop_spec=15.15 spec_max=31 q_mean=0.648 q_max=1.000 q_above_half=64066 marked=0.404 mark_density=0.891 exp_mean=7.2 addr_spec=3.139 addr_random=0.786 addr_full=0.0048 correct=19
  mpx-135 traj: trials=14880000 wall=133194s knowledge=0.1368 reliable=1479 spec=14.00 pop=70610
  mpx-135 diag: trials=14880000 micro=71616 pop_spec=15.13 spec_max=31 q_mean=0.648 q_max=1.000 q_above_half=64394 marked=0.402 mark_density=0.891 exp_mean=7.3 addr_spec=3.104 addr_random=0.785 addr_full=0.0048 correct=20
  mpx-135 traj: trials=14940000 wall=133977s knowledge=0.1372 reliable=1504 spec=14.00 pop=70721
  mpx-135 diag: trials=14940000 micro=71752 pop_spec=15.12 spec_max=31 q_mean=0.648 q_max=1.000 q_above_half=64597 marked=0.400 mark_density=0.891 exp_mean=7.3 addr_spec=3.056 addr_random=0.784 addr_full=0.0048 correct=19
  mpx-135 traj: trials=15000000 wall=134779s knowledge=0.1373 reliable=1458 spec=14.00 pop=70011
  mpx-135 diag: trials=15000000 micro=70975 pop_spec=15.13 spec_max=31 q_mean=0.648 q_max=1.000 q_above_half=64054 marked=0.400 mark_density=0.891 exp_mean=7.3 addr_spec=3.030 addr_random=0.785 addr_full=0.0049 correct=21
  mpx-135 traj: trials=15060000 wall=135551s knowledge=0.1398 reliable=1479 spec=13.99 pop=70809
  mpx-135 diag: trials=15060000 micro=71822 pop_spec=15.12 spec_max=31 q_mean=0.647 q_max=1.000 q_above_half=64531 marked=0.406 mark_density=0.891 exp_mean=7.4 addr_spec=3.002 addr_random=0.784 addr_full=0.0048 correct=20
  mpx-135 traj: trials=15120000 wall=136342s knowledge=0.1419 reliable=1456 spec=13.98 pop=69823
  mpx-135 diag: trials=15120000 micro=70801 pop_spec=15.14 spec_max=31 q_mean=0.646 q_max=1.000 q_above_half=63789 marked=0.407 mark_density=0.891 exp_mean=7.6 addr_spec=2.971 addr_random=0.785 addr_full=0.0049 correct=22
  mpx-135 traj: trials=15180000 wall=137114s knowledge=0.1429 reliable=1449 spec=13.97 pop=69786
  mpx-135 diag: trials=15180000 micro=70773 pop_spec=15.13 spec_max=31 q_mean=0.646 q_max=1.000 q_above_half=63641 marked=0.404 mark_density=0.891 exp_mean=7.6 addr_spec=2.938 addr_random=0.784 addr_full=0.0051 correct=21
  mpx-135 traj: trials=15240000 wall=137894s knowledge=0.1426 reliable=1397 spec=13.98 pop=70373
  mpx-135 diag: trials=15240000 micro=71350 pop_spec=15.11 spec_max=31 q_mean=0.645 q_max=1.000 q_above_half=64223 marked=0.402 mark_density=0.891 exp_mean=7.7 addr_spec=2.905 addr_random=0.784 addr_full=0.0053 correct=21
  mpx-135 traj: trials=15300000 wall=138699s knowledge=0.1430 reliable=1376 spec=13.98 pop=71343
  mpx-135 diag: trials=15300000 micro=72353 pop_spec=15.10 spec_max=31 q_mean=0.645 q_max=1.000 q_above_half=65282 marked=0.399 mark_density=0.892 exp_mean=7.7 addr_spec=2.872 addr_random=0.783 addr_full=0.0051 correct=21
  mpx-135 traj: trials=15360000 wall=139504s knowledge=0.1453 reliable=1403 spec=13.96 pop=70498
  mpx-135 diag: trials=15360000 micro=71501 pop_spec=15.13 spec_max=31 q_mean=0.647 q_max=1.000 q_above_half=64613 marked=0.397 mark_density=0.891 exp_mean=7.8 addr_spec=2.867 addr_random=0.784 addr_full=0.0050 correct=22
  mpx-135 traj: trials=15420000 wall=140300s knowledge=0.1453 reliable=1377 spec=13.97 pop=71678
  mpx-135 diag: trials=15420000 micro=72725 pop_spec=15.10 spec_max=32 q_mean=0.646 q_max=1.000 q_above_half=65586 marked=0.398 mark_density=0.892 exp_mean=7.9 addr_spec=2.848 addr_random=0.783 addr_full=0.0051 correct=22
  mpx-135 traj: trials=15480000 wall=141117s knowledge=0.1451 reliable=1363 spec=13.97 pop=72684
  mpx-135 diag: trials=15480000 micro=73726 pop_spec=15.09 spec_max=32 q_mean=0.646 q_max=1.000 q_above_half=66717 marked=0.402 mark_density=0.892 exp_mean=7.9 addr_spec=2.832 addr_random=0.782 addr_full=0.0050 correct=22
  mpx-135 traj: trials=15540000 wall=141967s knowledge=0.1467 reliable=1366 spec=13.96 pop=73539
  mpx-135 diag: trials=15540000 micro=74584 pop_spec=15.06 spec_max=32 q_mean=0.646 q_max=1.000 q_above_half=67499 marked=0.395 mark_density=0.892 exp_mean=7.9 addr_spec=2.809 addr_random=0.781 addr_full=0.0050 correct=22
  mpx-135 traj: trials=15600000 wall=142825s knowledge=0.1526 reliable=1363 spec=13.91 pop=73689
  mpx-135 diag: trials=15600000 micro=74707 pop_spec=15.08 spec_max=32 q_mean=0.646 q_max=1.000 q_above_half=67607 marked=0.398 mark_density=0.892 exp_mean=7.8 addr_spec=2.779 addr_random=0.782 addr_full=0.0049 correct=28
  mpx-135 traj: trials=15660000 wall=143693s knowledge=0.1524 reliable=1332 spec=13.93 pop=74212
  mpx-135 diag: trials=15660000 micro=75210 pop_spec=15.08 spec_max=32 q_mean=0.646 q_max=1.000 q_above_half=68178 marked=0.394 mark_density=0.892 exp_mean=7.7 addr_spec=2.755 addr_random=0.782 addr_full=0.0049 correct=27
  mpx-135 traj: trials=15720000 wall=144562s knowledge=0.1545 reliable=1345 spec=13.90 pop=74599
  mpx-135 diag: trials=15720000 micro=75620 pop_spec=15.06 spec_max=32 q_mean=0.646 q_max=1.000 q_above_half=68480 marked=0.396 mark_density=0.892 exp_mean=7.8 addr_spec=2.714 addr_random=0.781 addr_full=0.0048 correct=27
  mpx-135 traj: trials=15780000 wall=145453s knowledge=0.1543 reliable=1347 spec=13.89 pop=75136
  mpx-135 diag: trials=15780000 micro=76178 pop_spec=15.08 spec_max=32 q_mean=0.646 q_max=1.000 q_above_half=69103 marked=0.396 mark_density=0.892 exp_mean=7.9 addr_spec=2.685 addr_random=0.782 addr_full=0.0048 correct=27
  mpx-135 traj: trials=15840000 wall=146365s knowledge=0.1535 reliable=1328 spec=13.88 pop=76009
  mpx-135 diag: trials=15840000 micro=77014 pop_spec=15.04 spec_max=32 q_mean=0.645 q_max=1.000 q_above_half=69958 marked=0.397 mark_density=0.892 exp_mean=7.7 addr_spec=2.638 addr_random=0.780 addr_full=0.0047 correct=25
  mpx-135 traj: trials=15900000 wall=147290s knowledge=0.1543 reliable=1325 spec=13.89 pop=76081
  mpx-135 diag: trials=15900000 micro=77112 pop_spec=15.06 spec_max=32 q_mean=0.645 q_max=1.000 q_above_half=70098 marked=0.394 mark_density=0.892 exp_mean=7.6 addr_spec=2.621 addr_random=0.781 addr_full=0.0047 correct=26
  mpx-135 traj: trials=15960000 wall=148219s knowledge=0.1558 reliable=1302 spec=13.87 pop=75880
  mpx-135 diag: trials=15960000 micro=76936 pop_spec=15.06 spec_max=32 q_mean=0.645 q_max=1.000 q_above_half=69814 marked=0.395 mark_density=0.892 exp_mean=7.7 addr_spec=2.594 addr_random=0.781 addr_full=0.0047 correct=27
  mpx-135 traj: trials=16020000 wall=149162s knowledge=0.1557 reliable=1263 spec=13.87 pop=77109
  mpx-135 diag: trials=16020000 micro=78117 pop_spec=15.05 spec_max=32 q_mean=0.644 q_max=1.000 q_above_half=71031 marked=0.395 mark_density=0.892 exp_mean=7.7 addr_spec=2.558 addr_random=0.781 addr_full=0.0047 correct=27
  mpx-135 traj: trials=16080000 wall=150125s knowledge=0.1558 reliable=1245 spec=13.87 pop=78222
  mpx-135 diag: trials=16080000 micro=79264 pop_spec=15.04 spec_max=32 q_mean=0.643 q_max=1.000 q_above_half=71894 marked=0.400 mark_density=0.892 exp_mean=7.7 addr_spec=2.532 addr_random=0.780 addr_full=0.0047 correct=28
  mpx-135 traj: trials=16140000 wall=151111s knowledge=0.1592 reliable=1286 spec=13.84 pop=78788
  mpx-135 diag: trials=16140000 micro=79822 pop_spec=15.05 spec_max=32 q_mean=0.642 q_max=1.000 q_above_half=72337 marked=0.396 mark_density=0.892 exp_mean=7.7 addr_spec=2.508 addr_random=0.781 addr_full=0.0047 correct=29
  mpx-135 traj: trials=16200000 wall=152117s knowledge=0.1603 reliable=1252 spec=13.84 pop=79622
  mpx-135 diag: trials=16200000 micro=80671 pop_spec=15.04 spec_max=32 q_mean=0.641 q_max=1.000 q_above_half=73128 marked=0.398 mark_density=0.892 exp_mean=7.8 addr_spec=2.480 addr_random=0.780 addr_full=0.0046 correct=29
  mpx-135 traj: trials=16260000 wall=153114s knowledge=0.1608 reliable=1246 spec=13.83 pop=79360
  mpx-135 diag: trials=16260000 micro=80403 pop_spec=15.06 spec_max=32 q_mean=0.642 q_max=1.000 q_above_half=73098 marked=0.399 mark_density=0.892 exp_mean=7.9 addr_spec=2.472 addr_random=0.781 addr_full=0.0046 correct=31
  mpx-135 traj: trials=16320000 wall=154121s knowledge=0.1618 reliable=1232 spec=13.84 pop=80770
  mpx-135 diag: trials=16320000 micro=81795 pop_spec=15.04 spec_max=32 q_mean=0.642 q_max=1.000 q_above_half=74298 marked=0.392 mark_density=0.892 exp_mean=7.8 addr_spec=2.436 addr_random=0.780 addr_full=0.0044 correct=30
  mpx-135 traj: trials=16380000 wall=155163s knowledge=0.1631 reliable=1246 spec=13.84 pop=82336
  mpx-135 diag: trials=16380000 micro=83362 pop_spec=15.04 spec_max=32 q_mean=0.641 q_max=1.000 q_above_half=75772 marked=0.393 mark_density=0.892 exp_mean=7.8 addr_spec=2.409 addr_random=0.780 addr_full=0.0043 correct=31
  mpx-135 traj: trials=16440000 wall=156241s knowledge=0.1619 reliable=1215 spec=13.83 pop=82726
  mpx-135 diag: trials=16440000 micro=83746 pop_spec=15.04 spec_max=32 q_mean=0.641 q_max=1.000 q_above_half=76112 marked=0.396 mark_density=0.892 exp_mean=7.8 addr_spec=2.391 addr_random=0.780 addr_full=0.0044 correct=30
  mpx-135 traj: trials=16500000 wall=157316s knowledge=0.1633 reliable=1215 spec=13.79 pop=82359
  mpx-135 diag: trials=16500000 micro=83377 pop_spec=15.06 spec_max=32 q_mean=0.642 q_max=1.000 q_above_half=75909 marked=0.391 mark_density=0.892 exp_mean=7.9 addr_spec=2.375 addr_random=0.781 addr_full=0.0043 correct=30
  mpx-135 traj: trials=16560000 wall=158388s knowledge=0.1633 reliable=1223 spec=13.79 pop=83460
  mpx-135 diag: trials=16560000 micro=84474 pop_spec=15.05 spec_max=32 q_mean=0.641 q_max=1.000 q_above_half=76869 marked=0.392 mark_density=0.892 exp_mean=7.8 addr_spec=2.344 addr_random=0.780 addr_full=0.0043 correct=30
  mpx-135 traj: trials=16620000 wall=159510s knowledge=0.1626 reliable=1214 spec=13.80 pop=83584
  mpx-135 diag: trials=16620000 micro=84604 pop_spec=15.06 spec_max=32 q_mean=0.641 q_max=1.000 q_above_half=77058 marked=0.394 mark_density=0.892 exp_mean=7.9 addr_spec=2.325 addr_random=0.781 addr_full=0.0043 correct=33
  mpx-135 traj: trials=16680000 wall=160741s knowledge=0.1639 reliable=1225 spec=13.77 pop=85209
  mpx-135 diag: trials=16680000 micro=86229 pop_spec=15.05 spec_max=32 q_mean=0.642 q_max=1.000 q_above_half=78577 marked=0.384 mark_density=0.892 exp_mean=7.9 addr_spec=2.307 addr_random=0.780 addr_full=0.0042 correct=30
  mpx-135 traj: trials=16740000 wall=161912s knowledge=0.1638 reliable=1221 spec=13.75 pop=85988
  mpx-135 diag: trials=16740000 micro=86998 pop_spec=15.05 spec_max=32 q_mean=0.641 q_max=1.000 q_above_half=79211 marked=0.387 mark_density=0.892 exp_mean=8.0 addr_spec=2.294 addr_random=0.780 addr_full=0.0042 correct=31
  mpx-135 traj: trials=16800000 wall=163106s knowledge=0.1655 reliable=1249 spec=13.75 pop=86859
  mpx-135 diag: trials=16800000 micro=87890 pop_spec=15.05 spec_max=32 q_mean=0.641 q_max=1.000 q_above_half=79896 marked=0.390 mark_density=0.892 exp_mean=8.0 addr_spec=2.291 addr_random=0.780 addr_full=0.0042 correct=33
  mpx-135 traj: trials=16860000 wall=164322s knowledge=0.1642 reliable=1227 spec=13.75 pop=87139
  mpx-135 diag: trials=16860000 micro=88162 pop_spec=15.06 spec_max=32 q_mean=0.641 q_max=1.000 q_above_half=80391 marked=0.385 mark_density=0.892 exp_mean=7.9 addr_spec=2.281 addr_random=0.781 addr_full=0.0040 correct=31
  mpx-135 traj: trials=16920000 wall=165541s knowledge=0.1650 reliable=1205 spec=13.73 pop=89442
  mpx-135 diag: trials=16920000 micro=90498 pop_spec=15.04 spec_max=32 q_mean=0.641 q_max=1.000 q_above_half=82524 marked=0.389 mark_density=0.892 exp_mean=7.8 addr_spec=2.266 addr_random=0.780 addr_full=0.0038 correct=31
  mpx-135 traj: trials=16980000 wall=166831s knowledge=0.1667 reliable=1203 spec=13.72 pop=89946
  mpx-135 diag: trials=16980000 micro=90992 pop_spec=15.06 spec_max=32 q_mean=0.641 q_max=1.000 q_above_half=82971 marked=0.388 mark_density=0.892 exp_mean=7.8 addr_spec=2.263 addr_random=0.781 addr_full=0.0037 correct=30
  mpx-135 traj: trials=17040000 wall=168111s knowledge=0.1683 reliable=1193 spec=13.70 pop=90953
  mpx-135 diag: trials=17040000 micro=92016 pop_spec=15.07 spec_max=32 q_mean=0.641 q_max=1.000 q_above_half=83891 marked=0.388 mark_density=0.892 exp_mean=7.9 addr_spec=2.252 addr_random=0.781 addr_full=0.0037 correct=31
  mpx-135 traj: trials=17100000 wall=169409s knowledge=0.1677 reliable=1173 spec=13.70 pop=92441
  mpx-135 diag: trials=17100000 micro=93506 pop_spec=15.06 spec_max=32 q_mean=0.641 q_max=1.000 q_above_half=85273 marked=0.386 mark_density=0.892 exp_mean=7.9 addr_spec=2.256 addr_random=0.781 addr_full=0.0037 correct=30
  mpx-135 traj: trials=17160000 wall=170746s knowledge=0.1694 reliable=1171 spec=13.67 pop=93352
  mpx-135 diag: trials=17160000 micro=94414 pop_spec=15.06 spec_max=32 q_mean=0.640 q_max=1.000 q_above_half=86173 marked=0.388 mark_density=0.892 exp_mean=8.0 addr_spec=2.240 addr_random=0.781 addr_full=0.0037 correct=31
  mpx-135 traj: trials=17220000 wall=172119s knowledge=0.1698 reliable=1127 spec=13.66 pop=94451
  mpx-135 diag: trials=17220000 micro=95508 pop_spec=15.06 spec_max=32 q_mean=0.639 q_max=1.000 q_above_half=87116 marked=0.386 mark_density=0.892 exp_mean=8.0 addr_spec=2.228 addr_random=0.781 addr_full=0.0036 correct=31
  mpx-135 traj: trials=17280000 wall=173489s knowledge=0.1703 reliable=1117 spec=13.65 pop=94541
  mpx-135 diag: trials=17280000 micro=95567 pop_spec=15.09 spec_max=32 q_mean=0.641 q_max=1.000 q_above_half=87508 marked=0.381 mark_density=0.892 exp_mean=8.0 addr_spec=2.242 addr_random=0.782 addr_full=0.0035 correct=31
  mpx-135 traj: trials=17340000 wall=174869s knowledge=0.1707 reliable=1135 spec=13.62 pop=95814
  mpx-135 diag: trials=17340000 micro=96848 pop_spec=15.06 spec_max=32 q_mean=0.640 q_max=1.000 q_above_half=88479 marked=0.379 mark_density=0.892 exp_mean=8.0 addr_spec=2.238 addr_random=0.781 addr_full=0.0035 correct=32
  mpx-135 traj: trials=17400000 wall=176264s knowledge=0.1705 reliable=1146 spec=13.62 pop=97849
  mpx-135 diag: trials=17400000 micro=98894 pop_spec=15.05 spec_max=32 q_mean=0.639 q_max=1.000 q_above_half=90153 marked=0.384 mark_density=0.892 exp_mean=8.0 addr_spec=2.228 addr_random=0.780 addr_full=0.0032 correct=32
  mpx-135 traj: trials=17460000 wall=177724s knowledge=0.1708 reliable=1138 spec=13.60 pop=98992
  mpx-135 diag: trials=17460000 micro=100054 pop_spec=15.05 spec_max=32 q_mean=0.640 q_max=1.000 q_above_half=91346 marked=0.383 mark_density=0.892 exp_mean=8.1 addr_spec=2.229 addr_random=0.780 addr_full=0.0033 correct=33
  mpx-135 traj: trials=17520000 wall=179187s knowledge=0.1726 reliable=1173 spec=13.59 pop=100210
  mpx-135 diag: trials=17520000 micro=101273 pop_spec=15.05 spec_max=32 q_mean=0.640 q_max=1.000 q_above_half=92510 marked=0.383 mark_density=0.892 exp_mean=8.1 addr_spec=2.230 addr_random=0.780 addr_full=0.0034 correct=33
  mpx-135 traj: trials=17580000 wall=180691s knowledge=0.1734 reliable=1169 spec=13.59 pop=101060
  mpx-135 diag: trials=17580000 micro=102150 pop_spec=15.05 spec_max=32 q_mean=0.640 q_max=1.000 q_above_half=93323 marked=0.384 mark_density=0.892 exp_mean=8.2 addr_spec=2.244 addr_random=0.780 addr_full=0.0032 correct=33
  mpx-135 traj: trials=17640000 wall=182216s knowledge=0.1744 reliable=1152 spec=13.56 pop=102019
  mpx-135 diag: trials=17640000 micro=103092 pop_spec=15.05 spec_max=32 q_mean=0.640 q_max=1.000 q_above_half=94031 marked=0.382 mark_density=0.892 exp_mean=8.2 addr_spec=2.252 addr_random=0.780 addr_full=0.0034 correct=34
  mpx-135 traj: trials=17700000 wall=183761s knowledge=0.1755 reliable=1152 spec=13.57 pop=103379
  mpx-135 diag: trials=17700000 micro=104469 pop_spec=15.05 spec_max=32 q_mean=0.640 q_max=1.000 q_above_half=95314 marked=0.381 mark_density=0.892 exp_mean=8.2 addr_spec=2.253 addr_random=0.780 addr_full=0.0033 correct=33
  mpx-135 traj: trials=17760000 wall=185370s knowledge=0.1770 reliable=1157 spec=13.56 pop=104926
  mpx-135 diag: trials=17760000 micro=106035 pop_spec=15.03 spec_max=32 q_mean=0.640 q_max=1.000 q_above_half=96797 marked=0.377 mark_density=0.892 exp_mean=8.2 addr_spec=2.251 addr_random=0.780 addr_full=0.0032 correct=33
  mpx-135 traj: trials=17820000 wall=186966s knowledge=0.1802 reliable=1174 spec=13.51 pop=104770
  mpx-135 diag: trials=17820000 micro=105896 pop_spec=15.06 spec_max=32 q_mean=0.641 q_max=1.000 q_above_half=96722 marked=0.385 mark_density=0.892 exp_mean=8.3 addr_spec=2.255 addr_random=0.781 addr_full=0.0033 correct=34
  mpx-135 traj: trials=17880000 wall=188555s knowledge=0.1806 reliable=1145 spec=13.52 pop=105872
  mpx-135 diag: trials=17880000 micro=107009 pop_spec=15.06 spec_max=32 q_mean=0.641 q_max=1.000 q_above_half=97640 marked=0.388 mark_density=0.892 exp_mean=8.3 addr_spec=2.260 addr_random=0.781 addr_full=0.0032 correct=36
  mpx-135 traj: trials=17940000 wall=190206s knowledge=0.1824 reliable=1134 spec=13.52 pop=107726
  mpx-135 diag: trials=17940000 micro=108827 pop_spec=15.05 spec_max=32 q_mean=0.641 q_max=1.000 q_above_half=99487 marked=0.382 mark_density=0.892 exp_mean=8.3 addr_spec=2.262 addr_random=0.781 addr_full=0.0032 correct=37
  mpx-135 traj: trials=18000000 wall=191897s knowledge=0.1829 reliable=1134 spec=13.51 pop=107871
  mpx-135 diag: trials=18000000 micro=108941 pop_spec=15.05 spec_max=32 q_mean=0.641 q_max=1.000 q_above_half=99487 marked=0.381 mark_density=0.892 exp_mean=8.3 addr_spec=2.269 addr_random=0.781 addr_full=0.0030 correct=38
  mpx-135 traj: trials=18060000 wall=193601s knowledge=0.1830 reliable=1129 spec=13.49 pop=108331
  mpx-135 diag: trials=18060000 micro=109384 pop_spec=15.06 spec_max=32 q_mean=0.642 q_max=1.000 q_above_half=100338 marked=0.378 mark_density=0.892 exp_mean=8.2 addr_spec=2.273 addr_random=0.781 addr_full=0.0030 correct=38
  mpx-135 traj: trials=18120000 wall=195275s knowledge=0.1834 reliable=1144 spec=13.48 pop=110588
  mpx-135 diag: trials=18120000 micro=111691 pop_spec=15.03 spec_max=32 q_mean=0.641 q_max=1.000 q_above_half=102041 marked=0.383 mark_density=0.892 exp_mean=8.1 addr_spec=2.277 addr_random=0.780 addr_full=0.0030 correct=38
  mpx-135 traj: trials=18180000 wall=197041s knowledge=0.1842 reliable=1182 spec=13.46 pop=111865
  mpx-135 diag: trials=18180000 micro=112963 pop_spec=15.03 spec_max=32 q_mean=0.641 q_max=1.000 q_above_half=103123 marked=0.382 mark_density=0.892 exp_mean=8.1 addr_spec=2.291 addr_random=0.779 addr_full=0.0029 correct=38
  mpx-135 traj: trials=18240000 wall=198868s knowledge=0.1849 reliable=1193 spec=13.45 pop=111776
  mpx-135 diag: trials=18240000 micro=112869 pop_spec=15.04 spec_max=32 q_mean=0.642 q_max=1.000 q_above_half=103157 marked=0.378 mark_density=0.892 exp_mean=8.2 addr_spec=2.302 addr_random=0.780 addr_full=0.0029 correct=40
  mpx-135 traj: trials=18300000 wall=200659s knowledge=0.1869 reliable=1168 spec=13.46 pop=112287
  mpx-135 diag: trials=18300000 micro=113358 pop_spec=15.04 spec_max=32 q_mean=0.642 q_max=1.000 q_above_half=103530 marked=0.380 mark_density=0.892 exp_mean=8.2 addr_spec=2.309 addr_random=0.780 addr_full=0.0029 correct=41
  mpx-135 traj: trials=18360000 wall=202457s knowledge=0.1890 reliable=1227 spec=13.44 pop=112888
  mpx-135 diag: trials=18360000 micro=113969 pop_spec=15.04 spec_max=32 q_mean=0.643 q_max=1.000 q_above_half=104209 marked=0.378 mark_density=0.892 exp_mean=8.3 addr_spec=2.317 addr_random=0.780 addr_full=0.0029 correct=43
  mpx-135 traj: trials=18420000 wall=204273s knowledge=0.1886 reliable=1211 spec=13.44 pop=114709
  mpx-135 diag: trials=18420000 micro=115796 pop_spec=15.03 spec_max=32 q_mean=0.644 q_max=1.000 q_above_half=105958 marked=0.374 mark_density=0.892 exp_mean=8.2 addr_spec=2.327 addr_random=0.779 addr_full=0.0029 correct=43
  mpx-135 traj: trials=18480000 wall=206161s knowledge=0.1902 reliable=1210 spec=13.43 pop=116528
  mpx-135 diag: trials=18480000 micro=117652 pop_spec=15.01 spec_max=32 q_mean=0.643 q_max=1.000 q_above_half=107621 marked=0.376 mark_density=0.892 exp_mean=8.3 addr_spec=2.336 addr_random=0.779 addr_full=0.0029 correct=43
  mpx-135 traj: trials=18540000 wall=208212s knowledge=0.1897 reliable=1199 spec=13.44 pop=118510
  mpx-135 diag: trials=18540000 micro=119624 pop_spec=15.00 spec_max=32 q_mean=0.644 q_max=1.000 q_above_half=109486 marked=0.378 mark_density=0.892 exp_mean=8.3 addr_spec=2.349 addr_random=0.778 addr_full=0.0028 correct=43
  mpx-135 traj: trials=18600000 wall=210225s knowledge=0.1901 reliable=1196 spec=13.44 pop=119164
  mpx-135 diag: trials=18600000 micro=120276 pop_spec=15.01 spec_max=32 q_mean=0.644 q_max=1.000 q_above_half=109973 marked=0.376 mark_density=0.892 exp_mean=8.3 addr_spec=2.358 addr_random=0.778 addr_full=0.0028 correct=43
  mpx-135 traj: trials=18660000 wall=212218s knowledge=0.1885 reliable=1170 spec=13.43 pop=120389
  mpx-135 diag: trials=18660000 micro=121509 pop_spec=15.00 spec_max=32 q_mean=0.644 q_max=1.000 q_above_half=111055 marked=0.375 mark_density=0.892 exp_mean=8.3 addr_spec=2.344 addr_random=0.778 addr_full=0.0027 correct=42
  mpx-135 traj: trials=18720000 wall=214245s knowledge=0.1888 reliable=1181 spec=13.45 pop=122827
  mpx-135 diag: trials=18720000 micro=123962 pop_spec=15.00 spec_max=32 q_mean=0.645 q_max=1.000 q_above_half=113579 marked=0.376 mark_density=0.892 exp_mean=8.3 addr_spec=2.369 addr_random=0.778 addr_full=0.0027 correct=41
  mpx-135 traj: trials=18780000 wall=216358s knowledge=0.1893 reliable=1167 spec=13.43 pop=123369
  mpx-135 diag: trials=18780000 micro=124485 pop_spec=15.02 spec_max=32 q_mean=0.645 q_max=1.000 q_above_half=114059 marked=0.374 mark_density=0.892 exp_mean=8.3 addr_spec=2.380 addr_random=0.779 addr_full=0.0026 correct=41
  mpx-135 traj: trials=18840000 wall=218456s knowledge=0.1898 reliable=1169 spec=13.43 pop=125163
  mpx-135 diag: trials=18840000 micro=126289 pop_spec=14.99 spec_max=32 q_mean=0.644 q_max=1.000 q_above_half=115681 marked=0.376 mark_density=0.892 exp_mean=8.4 addr_spec=2.397 addr_random=0.777 addr_full=0.0027 correct=42
  mpx-135 traj: trials=18900000 wall=220621s knowledge=0.1897 reliable=1179 spec=13.43 pop=127700
  mpx-135 diag: trials=18900000 micro=128853 pop_spec=14.98 spec_max=32 q_mean=0.644 q_max=1.000 q_above_half=117803 marked=0.374 mark_density=0.892 exp_mean=8.3 addr_spec=2.414 addr_random=0.777 addr_full=0.0026 correct=41
  mpx-135 traj: trials=18960000 wall=222864s knowledge=0.1899 reliable=1173 spec=13.43 pop=128198
  mpx-135 diag: trials=18960000 micro=129331 pop_spec=14.98 spec_max=32 q_mean=0.644 q_max=1.000 q_above_half=118381 marked=0.373 mark_density=0.892 exp_mean=8.4 addr_spec=2.428 addr_random=0.777 addr_full=0.0025 correct=42
  mpx-135 traj: trials=19020000 wall=225099s knowledge=0.1925 reliable=1184 spec=13.41 pop=128799
  mpx-135 diag: trials=19020000 micro=129950 pop_spec=14.99 spec_max=32 q_mean=0.645 q_max=1.000 q_above_half=118817 marked=0.373 mark_density=0.892 exp_mean=8.5 addr_spec=2.435 addr_random=0.777 addr_full=0.0025 correct=42
  mpx-135 traj: trials=19080000 wall=227337s knowledge=0.1941 reliable=1219 spec=13.39 pop=130008
  mpx-135 diag: trials=19080000 micro=131153 pop_spec=14.99 spec_max=32 q_mean=0.645 q_max=1.000 q_above_half=120100 marked=0.369 mark_density=0.892 exp_mean=8.5 addr_spec=2.458 addr_random=0.777 addr_full=0.0025 correct=42
  mpx-135 traj: trials=19140000 wall=229609s knowledge=0.1943 reliable=1214 spec=13.39 pop=129195
  mpx-135 diag: trials=19140000 micro=130395 pop_spec=15.00 spec_max=32 q_mean=0.646 q_max=1.000 q_above_half=119357 marked=0.372 mark_density=0.892 exp_mean=8.6 addr_spec=2.484 addr_random=0.778 addr_full=0.0027 correct=43
  mpx-135 traj: trials=19200000 wall=231891s knowledge=0.1958 reliable=1224 spec=13.39 pop=131410
  mpx-135 diag: trials=19200000 micro=132594 pop_spec=14.99 spec_max=32 q_mean=0.646 q_max=1.000 q_above_half=121318 marked=0.376 mark_density=0.892 exp_mean=8.6 addr_spec=2.499 addr_random=0.777 addr_full=0.0025 correct=43
  mpx-135 traj: trials=19260000 wall=234265s knowledge=0.1961 reliable=1227 spec=13.41 pop=132945
  mpx-135 diag: trials=19260000 micro=134088 pop_spec=14.98 spec_max=32 q_mean=0.646 q_max=1.000 q_above_half=122688 marked=0.374 mark_density=0.892 exp_mean=8.7 addr_spec=2.523 addr_random=0.777 addr_full=0.0026 correct=44
  mpx-135 traj: trials=19320000 wall=236638s knowledge=0.1962 reliable=1236 spec=13.40 pop=133142
  mpx-135 diag: trials=19320000 micro=134327 pop_spec=14.98 spec_max=32 q_mean=0.647 q_max=1.000 q_above_half=122948 marked=0.374 mark_density=0.892 exp_mean=8.7 addr_spec=2.543 addr_random=0.777 addr_full=0.0025 correct=43
  mpx-135 traj: trials=19380000 wall=238978s knowledge=0.1973 reliable=1292 spec=13.41 pop=133647
  mpx-135 diag: trials=19380000 micro=134873 pop_spec=14.99 spec_max=32 q_mean=0.647 q_max=1.000 q_above_half=123465 marked=0.377 mark_density=0.892 exp_mean=8.8 addr_spec=2.564 addr_random=0.777 addr_full=0.0025 correct=43
  mpx-135 traj: trials=19440000 wall=241345s knowledge=0.1981 reliable=1310 spec=13.40 pop=135673
  mpx-135 diag: trials=19440000 micro=136883 pop_spec=14.97 spec_max=32 q_mean=0.648 q_max=1.000 q_above_half=125315 marked=0.373 mark_density=0.892 exp_mean=8.8 addr_spec=2.576 addr_random=0.776 addr_full=0.0026 correct=43
  mpx-135 traj: trials=19500000 wall=243752s knowledge=0.1993 reliable=1390 spec=13.40 pop=135739
  mpx-135 diag: trials=19500000 micro=136992 pop_spec=14.97 spec_max=32 q_mean=0.649 q_max=1.000 q_above_half=125465 marked=0.370 mark_density=0.892 exp_mean=8.9 addr_spec=2.599 addr_random=0.776 addr_full=0.0025 correct=43
  mpx-135 traj: trials=19560000 wall=246199s knowledge=0.2010 reliable=1406 spec=13.42 pop=136540
  mpx-135 diag: trials=19560000 micro=137806 pop_spec=14.96 spec_max=32 q_mean=0.649 q_max=1.000 q_above_half=126217 marked=0.370 mark_density=0.892 exp_mean=9.0 addr_spec=2.614 addr_random=0.776 addr_full=0.0025 correct=44
  mpx-135 traj: trials=19620000 wall=248639s knowledge=0.2023 reliable=1432 spec=13.42 pop=138185
  mpx-135 diag: trials=19620000 micro=139463 pop_spec=14.95 spec_max=32 q_mean=0.648 q_max=1.000 q_above_half=127609 marked=0.377 mark_density=0.892 exp_mean=9.1 addr_spec=2.637 addr_random=0.775 addr_full=0.0026 correct=45
  mpx-135 traj: trials=19680000 wall=251123s knowledge=0.2040 reliable=1461 spec=13.43 pop=138381
  mpx-135 diag: trials=19680000 micro=139715 pop_spec=14.96 spec_max=32 q_mean=0.648 q_max=1.000 q_above_half=127755 marked=0.373 mark_density=0.892 exp_mean=9.1 addr_spec=2.655 addr_random=0.776 addr_full=0.0026 correct=45
  mpx-135 traj: trials=19740000 wall=253621s knowledge=0.2044 reliable=1481 spec=13.42 pop=139025
  mpx-135 diag: trials=19740000 micro=140387 pop_spec=14.96 spec_max=32 q_mean=0.650 q_max=1.000 q_above_half=128523 marked=0.374 mark_density=0.892 exp_mean=9.2 addr_spec=2.672 addr_random=0.776 addr_full=0.0025 correct=47
  mpx-135 traj: trials=19800000 wall=256179s knowledge=0.2097 reliable=1534 spec=13.38 pop=139437
  mpx-135 diag: trials=19800000 micro=140783 pop_spec=14.96 spec_max=32 q_mean=0.650 q_max=1.000 q_above_half=128868 marked=0.372 mark_density=0.892 exp_mean=9.2 addr_spec=2.694 addr_random=0.776 addr_full=0.0026 correct=50
  mpx-135 traj: trials=19860000 wall=258692s knowledge=0.2091 reliable=1545 spec=13.40 pop=139223
  mpx-135 diag: trials=19860000 micro=140575 pop_spec=14.96 spec_max=32 q_mean=0.651 q_max=1.000 q_above_half=128738 marked=0.372 mark_density=0.892 exp_mean=9.3 addr_spec=2.705 addr_random=0.776 addr_full=0.0025 correct=49
  mpx-135 traj: trials=19920000 wall=261189s knowledge=0.2103 reliable=1545 spec=13.38 pop=140104
  mpx-135 diag: trials=19920000 micro=141488 pop_spec=14.94 spec_max=32 q_mean=0.651 q_max=1.000 q_above_half=129360 marked=0.372 mark_density=0.892 exp_mean=9.4 addr_spec=2.723 addr_random=0.775 addr_full=0.0026 correct=50
  mpx-135 traj: trials=19980000 wall=263698s knowledge=0.2122 reliable=1521 spec=13.39 pop=140531
  mpx-135 diag: trials=19980000 micro=141907 pop_spec=14.95 spec_max=32 q_mean=0.651 q_max=1.000 q_above_half=129735 marked=0.379 mark_density=0.892 exp_mean=9.5 addr_spec=2.750 addr_random=0.775 addr_full=0.0025 correct=50
  mpx-135 traj: trials=20040000 wall=266261s knowledge=0.2132 reliable=1544 spec=13.40 pop=142944
  mpx-135 diag: trials=20040000 micro=144364 pop_spec=14.93 spec_max=32 q_mean=0.652 q_max=1.000 q_above_half=132205 marked=0.371 mark_density=0.892 exp_mean=9.4 addr_spec=2.770 addr_random=0.774 addr_full=0.0024 correct=50
  mpx-135 traj: trials=20100000 wall=268875s knowledge=0.2153 reliable=1634 spec=13.40 pop=142532
  mpx-135 diag: trials=20100000 micro=143963 pop_spec=14.95 spec_max=32 q_mean=0.653 q_max=1.000 q_above_half=131761 marked=0.371 mark_density=0.892 exp_mean=9.5 addr_spec=2.789 addr_random=0.775 addr_full=0.0025 correct=51
  mpx-135 traj: trials=20160000 wall=271492s knowledge=0.2164 reliable=1657 spec=13.41 pop=142029
  mpx-135 diag: trials=20160000 micro=143480 pop_spec=14.95 spec_max=32 q_mean=0.653 q_max=1.000 q_above_half=131192 marked=0.373 mark_density=0.892 exp_mean=9.7 addr_spec=2.806 addr_random=0.775 addr_full=0.0025 correct=52
  mpx-135 traj: trials=20220000 wall=274063s knowledge=0.2176 reliable=1682 spec=13.40 pop=142314
  mpx-135 diag: trials=20220000 micro=143764 pop_spec=14.95 spec_max=32 q_mean=0.654 q_max=1.000 q_above_half=131440 marked=0.370 mark_density=0.892 exp_mean=9.8 addr_spec=2.820 addr_random=0.775 addr_full=0.0025 correct=52
  mpx-135 traj: trials=20280000 wall=276637s knowledge=0.2186 reliable=1698 spec=13.39 pop=143902
  mpx-135 diag: trials=20280000 micro=145353 pop_spec=14.94 spec_max=32 q_mean=0.654 q_max=1.000 q_above_half=132890 marked=0.371 mark_density=0.893 exp_mean=9.7 addr_spec=2.835 addr_random=0.774 addr_full=0.0025 correct=52
  mpx-135 traj: trials=20340000 wall=279304s knowledge=0.2183 reliable=1681 spec=13.41 pop=145190
  mpx-135 diag: trials=20340000 micro=146668 pop_spec=14.93 spec_max=32 q_mean=0.655 q_max=1.000 q_above_half=134241 marked=0.370 mark_density=0.893 exp_mean=9.7 addr_spec=2.857 addr_random=0.774 addr_full=0.0025 correct=52
  mpx-135 traj: trials=20400000 wall=281995s knowledge=0.2197 reliable=1778 spec=13.41 pop=146871
  mpx-135 diag: trials=20400000 micro=148361 pop_spec=14.92 spec_max=32 q_mean=0.655 q_max=1.000 q_above_half=135516 marked=0.368 mark_density=0.893 exp_mean=9.7 addr_spec=2.884 addr_random=0.773 addr_full=0.0025 correct=52
  mpx-135 traj: trials=20460000 wall=284713s knowledge=0.2215 reliable=1815 spec=13.40 pop=147002
  mpx-135 diag: trials=20460000 micro=148463 pop_spec=14.92 spec_max=32 q_mean=0.656 q_max=1.000 q_above_half=135809 marked=0.369 mark_density=0.893 exp_mean=9.8 addr_spec=2.904 addr_random=0.774 addr_full=0.0025 correct=52
  mpx-135 traj: trials=20520000 wall=287434s knowledge=0.2230 reliable=1841 spec=13.41 pop=146871
  mpx-135 diag: trials=20520000 micro=148408 pop_spec=14.91 spec_max=32 q_mean=0.656 q_max=1.000 q_above_half=135617 marked=0.366 mark_density=0.893 exp_mean=9.9 addr_spec=2.920 addr_random=0.773 addr_full=0.0026 correct=53
  mpx-135 traj: trials=20580000 wall=290097s knowledge=0.2242 reliable=1855 spec=13.42 pop=147597
  mpx-135 diag: trials=20580000 micro=149153 pop_spec=14.91 spec_max=32 q_mean=0.658 q_max=1.000 q_above_half=136567 marked=0.369 mark_density=0.893 exp_mean=10.0 addr_spec=2.946 addr_random=0.773 addr_full=0.0026 correct=52
  mpx-135 traj: trials=20640000 wall=292850s knowledge=0.2255 reliable=1825 spec=13.43 pop=147928
  mpx-135 diag: trials=20640000 micro=149475 pop_spec=14.91 spec_max=32 q_mean=0.657 q_max=1.000 q_above_half=136619 marked=0.374 mark_density=0.893 exp_mean=10.1 addr_spec=2.964 addr_random=0.773 addr_full=0.0027 correct=52
  mpx-135 traj: trials=20700000 wall=295571s knowledge=0.2256 reliable=1905 spec=13.42 pop=147609
  mpx-135 diag: trials=20700000 micro=149188 pop_spec=14.91 spec_max=32 q_mean=0.658 q_max=1.000 q_above_half=136527 marked=0.373 mark_density=0.893 exp_mean=10.2 addr_spec=2.983 addr_random=0.773 addr_full=0.0027 correct=52
  mpx-135 traj: trials=20760000 wall=298301s knowledge=0.2261 reliable=1954 spec=13.43 pop=147257
  mpx-135 diag: trials=20760000 micro=148851 pop_spec=14.92 spec_max=32 q_mean=0.659 q_max=1.000 q_above_half=136249 marked=0.367 mark_density=0.893 exp_mean=10.3 addr_spec=3.002 addr_random=0.774 addr_full=0.0027 correct=53
  mpx-135 traj: trials=20820000 wall=301046s knowledge=0.2278 reliable=2000 spec=13.42 pop=146893
  mpx-135 diag: trials=20820000 micro=148555 pop_spec=14.92 spec_max=32 q_mean=0.659 q_max=1.000 q_above_half=135710 marked=0.368 mark_density=0.893 exp_mean=10.4 addr_spec=3.015 addr_random=0.774 addr_full=0.0028 correct=55
  mpx-135 traj: trials=20880000 wall=303748s knowledge=0.2310 reliable=2067 spec=13.43 pop=147367
  mpx-135 diag: trials=20880000 micro=149039 pop_spec=14.92 spec_max=32 q_mean=0.659 q_max=1.000 q_above_half=136183 marked=0.367 mark_density=0.893 exp_mean=10.5 addr_spec=3.030 addr_random=0.773 addr_full=0.0029 correct=55
  mpx-135 traj: trials=20940000 wall=306485s knowledge=0.2310 reliable=2090 spec=13.42 pop=147297
  mpx-135 diag: trials=20940000 micro=148966 pop_spec=14.92 spec_max=32 q_mean=0.660 q_max=1.000 q_above_half=135967 marked=0.368 mark_density=0.893 exp_mean=10.6 addr_spec=3.042 addr_random=0.773 addr_full=0.0029 correct=55
  mpx-135 traj: trials=21000000 wall=309196s knowledge=0.2319 reliable=2067 spec=13.44 pop=146976
  mpx-135 diag: trials=21000000 micro=148659 pop_spec=14.93 spec_max=32 q_mean=0.660 q_max=1.000 q_above_half=135804 marked=0.369 mark_density=0.893 exp_mean=10.7 addr_spec=3.062 addr_random=0.774 addr_full=0.0030 correct=55
  mpx-135 traj: trials=21060000 wall=311879s knowledge=0.2308 reliable=2059 spec=13.45 pop=146586
  mpx-135 diag: trials=21060000 micro=148241 pop_spec=14.92 spec_max=32 q_mean=0.661 q_max=1.000 q_above_half=135403 marked=0.361 mark_density=0.893 exp_mean=10.7 addr_spec=3.068 addr_random=0.774 addr_full=0.0029 correct=54
  mpx-135 traj: trials=21120000 wall=314529s knowledge=0.2343 reliable=2108 spec=13.45 pop=147189
  mpx-135 diag: trials=21120000 micro=148875 pop_spec=14.92 spec_max=32 q_mean=0.661 q_max=1.000 q_above_half=136017 marked=0.367 mark_density=0.893 exp_mean=10.8 addr_spec=3.079 addr_random=0.774 addr_full=0.0029 correct=54
  mpx-135 traj: trials=21180000 wall=317257s knowledge=0.2350 reliable=2110 spec=13.45 pop=146665
  mpx-135 diag: trials=21180000 micro=148337 pop_spec=14.91 spec_max=32 q_mean=0.662 q_max=1.000 q_above_half=135564 marked=0.368 mark_density=0.893 exp_mean=10.9 addr_spec=3.097 addr_random=0.773 addr_full=0.0028 correct=54
  mpx-135 traj: trials=21240000 wall=319918s knowledge=0.2355 reliable=2111 spec=13.47 pop=147361
  mpx-135 diag: trials=21240000 micro=149055 pop_spec=14.91 spec_max=32 q_mean=0.662 q_max=1.000 q_above_half=136236 marked=0.373 mark_density=0.893 exp_mean=11.0 addr_spec=3.112 addr_random=0.773 addr_full=0.0028 correct=54
  mpx-135 traj: trials=21300000 wall=322655s knowledge=0.2351 reliable=2112 spec=13.48 pop=146986
  mpx-135 diag: trials=21300000 micro=148753 pop_spec=14.91 spec_max=32 q_mean=0.662 q_max=1.000 q_above_half=135693 marked=0.370 mark_density=0.893 exp_mean=11.1 addr_spec=3.139 addr_random=0.773 addr_full=0.0028 correct=53
  mpx-135 traj: trials=21360000 wall=325343s knowledge=0.2359 reliable=2169 spec=13.48 pop=146404
  mpx-135 diag: trials=21360000 micro=148117 pop_spec=14.92 spec_max=32 q_mean=0.662 q_max=1.000 q_above_half=135051 marked=0.370 mark_density=0.893 exp_mean=11.2 addr_spec=3.150 addr_random=0.773 addr_full=0.0030 correct=53
  mpx-135 traj: trials=21420000 wall=328035s knowledge=0.2381 reliable=2201 spec=13.47 pop=146100
  mpx-135 diag: trials=21420000 micro=147877 pop_spec=14.92 spec_max=32 q_mean=0.663 q_max=1.000 q_above_half=134834 marked=0.369 mark_density=0.893 exp_mean=11.3 addr_spec=3.159 addr_random=0.774 addr_full=0.0029 correct=54
  mpx-135 traj: trials=21480000 wall=330695s knowledge=0.2415 reliable=2244 spec=13.46 pop=145635
  mpx-135 diag: trials=21480000 micro=147430 pop_spec=14.92 spec_max=32 q_mean=0.663 q_max=1.000 q_above_half=134415 marked=0.363 mark_density=0.893 exp_mean=11.5 addr_spec=3.168 addr_random=0.774 addr_full=0.0029 correct=55
  mpx-135 traj: trials=21540000 wall=333302s knowledge=0.2422 reliable=2281 spec=13.48 pop=145391
  mpx-135 diag: trials=21540000 micro=147180 pop_spec=14.91 spec_max=32 q_mean=0.663 q_max=1.000 q_above_half=134253 marked=0.372 mark_density=0.893 exp_mean=11.6 addr_spec=3.179 addr_random=0.773 addr_full=0.0029 correct=54
  mpx-135 traj: trials=21600000 wall=335945s knowledge=0.2427 reliable=2314 spec=13.50 pop=145691
  mpx-135 diag: trials=21600000 micro=147534 pop_spec=14.91 spec_max=32 q_mean=0.664 q_max=1.000 q_above_half=134497 marked=0.364 mark_density=0.893 exp_mean=11.7 addr_spec=3.195 addr_random=0.773 addr_full=0.0029 correct=54
  mpx-135 traj: trials=21660000 wall=338594s knowledge=0.2432 reliable=2390 spec=13.51 pop=144942
  mpx-135 diag: trials=21660000 micro=146788 pop_spec=14.91 spec_max=32 q_mean=0.664 q_max=1.000 q_above_half=133703 marked=0.368 mark_density=0.893 exp_mean=11.8 addr_spec=3.206 addr_random=0.773 addr_full=0.0029 correct=54
  mpx-135 traj: trials=21720000 wall=341234s knowledge=0.2450 reliable=2423 spec=13.50 pop=144077
  mpx-135 diag: trials=21720000 micro=145939 pop_spec=14.92 spec_max=32 q_mean=0.665 q_max=1.000 q_above_half=132908 marked=0.367 mark_density=0.893 exp_mean=12.0 addr_spec=3.216 addr_random=0.774 addr_full=0.0030 correct=54
  mpx-135 traj: trials=21780000 wall=343838s knowledge=0.2481 reliable=2471 spec=13.49 pop=143177
  mpx-135 diag: trials=21780000 micro=145068 pop_spec=14.92 spec_max=32 q_mean=0.666 q_max=1.000 q_above_half=132000 marked=0.367 mark_density=0.893 exp_mean=12.2 addr_spec=3.237 addr_random=0.774 addr_full=0.0030 correct=53
  mpx-135 traj: trials=21840000 wall=346366s knowledge=0.2504 reliable=2514 spec=13.49 pop=141233
  mpx-135 diag: trials=21840000 micro=143177 pop_spec=14.93 spec_max=32 q_mean=0.666 q_max=1.000 q_above_half=130232 marked=0.368 mark_density=0.893 exp_mean=12.4 addr_spec=3.250 addr_random=0.774 addr_full=0.0032 correct=53
  mpx-135 traj: trials=21900000 wall=348849s knowledge=0.2515 reliable=2494 spec=13.48 pop=141935
  mpx-135 diag: trials=21900000 micro=143925 pop_spec=14.92 spec_max=32 q_mean=0.666 q_max=1.000 q_above_half=130816 marked=0.369 mark_density=0.893 exp_mean=12.5 addr_spec=3.257 addr_random=0.774 addr_full=0.0032 correct=57
  mpx-135 traj: trials=21960000 wall=351372s knowledge=0.2542 reliable=2614 spec=13.48 pop=141421
  mpx-135 diag: trials=21960000 micro=143443 pop_spec=14.92 spec_max=32 q_mean=0.666 q_max=1.000 q_above_half=130243 marked=0.365 mark_density=0.893 exp_mean=12.6 addr_spec=3.264 addr_random=0.774 addr_full=0.0031 correct=55
  mpx-135 traj: trials=22020000 wall=353851s knowledge=0.2551 reliable=2606 spec=13.49 pop=140525
  mpx-135 diag: trials=22020000 micro=142542 pop_spec=14.92 spec_max=32 q_mean=0.667 q_max=1.000 q_above_half=129491 marked=0.368 mark_density=0.893 exp_mean=12.8 addr_spec=3.276 addr_random=0.774 addr_full=0.0032 correct=56
  mpx-135 traj: trials=22080000 wall=356295s knowledge=0.2584 reliable=2653 spec=13.50 pop=140111
  mpx-135 diag: trials=22080000 micro=142163 pop_spec=14.92 spec_max=32 q_mean=0.667 q_max=1.000 q_above_half=128966 marked=0.371 mark_density=0.893 exp_mean=12.9 addr_spec=3.287 addr_random=0.774 addr_full=0.0033 correct=57
  mpx-135 traj: trials=22140000 wall=358728s knowledge=0.2611 reliable=2644 spec=13.50 pop=138854
  mpx-135 diag: trials=22140000 micro=140983 pop_spec=14.92 spec_max=32 q_mean=0.667 q_max=1.000 q_above_half=127883 marked=0.369 mark_density=0.893 exp_mean=13.1 addr_spec=3.301 addr_random=0.774 addr_full=0.0033 correct=58
  mpx-135 traj: trials=22200000 wall=361081s knowledge=0.2633 reliable=2687 spec=13.52 pop=137601
  mpx-135 diag: trials=22200000 micro=139685 pop_spec=14.93 spec_max=32 q_mean=0.667 q_max=1.000 q_above_half=126721 marked=0.371 mark_density=0.893 exp_mean=13.4 addr_spec=3.307 addr_random=0.774 addr_full=0.0034 correct=59
  mpx-135 traj: trials=22260000 wall=363423s knowledge=0.2640 reliable=2621 spec=13.50 pop=135847
  mpx-135 diag: trials=22260000 micro=137966 pop_spec=14.94 spec_max=32 q_mean=0.668 q_max=1.000 q_above_half=125054 marked=0.367 mark_density=0.893 exp_mean=13.6 addr_spec=3.322 addr_random=0.775 addr_full=0.0036 correct=61
  mpx-135 traj: trials=22320000 wall=365683s knowledge=0.2680 reliable=2729 spec=13.50 pop=134552
  mpx-135 diag: trials=22320000 micro=136647 pop_spec=14.93 spec_max=32 q_mean=0.667 q_max=1.000 q_above_half=123618 marked=0.368 mark_density=0.893 exp_mean=13.8 addr_spec=3.327 addr_random=0.774 addr_full=0.0036 correct=61
  mpx-135 traj: trials=22380000 wall=367878s knowledge=0.2689 reliable=2710 spec=13.51 pop=132812
  mpx-135 diag: trials=22380000 micro=134876 pop_spec=14.95 spec_max=32 q_mean=0.668 q_max=1.000 q_above_half=122095 marked=0.368 mark_density=0.893 exp_mean=14.1 addr_spec=3.343 addr_random=0.775 addr_full=0.0037 correct=61
  mpx-135 traj: trials=22440000 wall=370019s knowledge=0.2691 reliable=2620 spec=13.51 pop=131950
  mpx-135 diag: trials=22440000 micro=134070 pop_spec=14.95 spec_max=32 q_mean=0.667 q_max=1.000 q_above_half=121153 marked=0.373 mark_density=0.893 exp_mean=14.3 addr_spec=3.355 addr_random=0.775 addr_full=0.0037 correct=61
  mpx-135 traj: trials=22500000 wall=372200s knowledge=0.2714 reliable=2721 spec=13.51 pop=130246
  mpx-135 diag: trials=22500000 micro=132346 pop_spec=14.96 spec_max=32 q_mean=0.669 q_max=1.000 q_above_half=119804 marked=0.364 mark_density=0.893 exp_mean=14.6 addr_spec=3.372 addr_random=0.776 addr_full=0.0039 correct=61
  mpx-135 traj: trials=22560000 wall=374268s knowledge=0.2718 reliable=2715 spec=13.50 pop=130143
  mpx-135 diag: trials=22560000 micro=132284 pop_spec=14.95 spec_max=32 q_mean=0.669 q_max=1.000 q_above_half=119561 marked=0.369 mark_density=0.893 exp_mean=14.7 addr_spec=3.381 addr_random=0.775 addr_full=0.0039 correct=62
  mpx-135 traj: trials=22620000 wall=376352s knowledge=0.2755 reliable=2831 spec=13.51 pop=129450
  mpx-135 diag: trials=22620000 micro=131592 pop_spec=14.94 spec_max=32 q_mean=0.669 q_max=1.000 q_above_half=118891 marked=0.366 mark_density=0.893 exp_mean=14.9 addr_spec=3.392 addr_random=0.775 addr_full=0.0039 correct=61
  mpx-135 traj: trials=22680000 wall=378400s knowledge=0.2747 reliable=2731 spec=13.50 pop=127210
  mpx-135 diag: trials=22680000 micro=129392 pop_spec=14.97 spec_max=32 q_mean=0.670 q_max=1.000 q_above_half=117009 marked=0.369 mark_density=0.893 exp_mean=15.2 addr_spec=3.412 addr_random=0.776 addr_full=0.0040 correct=62
  mpx-135 traj: trials=22740000 wall=380401s knowledge=0.2776 reliable=2774 spec=13.48 pop=127413
  mpx-135 diag: trials=22740000 micro=129611 pop_spec=14.95 spec_max=32 q_mean=0.670 q_max=1.000 q_above_half=117146 marked=0.370 mark_density=0.893 exp_mean=15.3 addr_spec=3.429 addr_random=0.775 addr_full=0.0041 correct=61
  mpx-135 traj: trials=22800000 wall=382409s knowledge=0.2797 reliable=2791 spec=13.49 pop=125806
  mpx-135 diag: trials=22800000 micro=127999 pop_spec=14.96 spec_max=32 q_mean=0.670 q_max=1.000 q_above_half=115481 marked=0.370 mark_density=0.893 exp_mean=15.6 addr_spec=3.439 addr_random=0.776 addr_full=0.0042 correct=62
  mpx-135 traj: trials=22860000 wall=384375s knowledge=0.2810 reliable=2851 spec=13.48 pop=124680
  mpx-135 diag: trials=22860000 micro=126896 pop_spec=14.95 spec_max=32 q_mean=0.672 q_max=1.000 q_above_half=114486 marked=0.366 mark_density=0.893 exp_mean=15.8 addr_spec=3.447 addr_random=0.775 addr_full=0.0043 correct=63
  mpx-135 traj: trials=22920000 wall=386314s knowledge=0.2800 reliable=2854 spec=13.50 pop=124242
  mpx-135 diag: trials=22920000 micro=126475 pop_spec=14.96 spec_max=32 q_mean=0.672 q_max=1.000 q_above_half=114090 marked=0.361 mark_density=0.893 exp_mean=15.8 addr_spec=3.460 addr_random=0.775 addr_full=0.0042 correct=61
  mpx-135 traj: trials=22980000 wall=388296s knowledge=0.2830 reliable=2914 spec=13.50 pop=122836
  mpx-135 diag: trials=22980000 micro=125063 pop_spec=14.96 spec_max=32 q_mean=0.672 q_max=1.000 q_above_half=112650 marked=0.366 mark_density=0.893 exp_mean=16.1 addr_spec=3.472 addr_random=0.776 addr_full=0.0044 correct=62
  mpx-135 traj: trials=23040000 wall=390166s knowledge=0.2857 reliable=2892 spec=13.50 pop=121597
  mpx-135 diag: trials=23040000 micro=123824 pop_spec=14.95 spec_max=32 q_mean=0.672 q_max=1.000 q_above_half=111538 marked=0.367 mark_density=0.893 exp_mean=16.2 addr_spec=3.471 addr_random=0.775 addr_full=0.0045 correct=62
  mpx-135 traj: trials=23100000 wall=391999s knowledge=0.2844 reliable=2932 spec=13.51 pop=120803
  mpx-135 diag: trials=23100000 micro=123032 pop_spec=14.96 spec_max=32 q_mean=0.672 q_max=1.000 q_above_half=110920 marked=0.370 mark_density=0.893 exp_mean=16.4 addr_spec=3.491 addr_random=0.776 addr_full=0.0046 correct=60
  mpx-135 traj: trials=23160000 wall=393734s knowledge=0.2867 reliable=2984 spec=13.51 pop=119734
  mpx-135 diag: trials=23160000 micro=121995 pop_spec=14.96 spec_max=32 q_mean=0.672 q_max=1.000 q_above_half=109776 marked=0.371 mark_density=0.893 exp_mean=16.6 addr_spec=3.498 addr_random=0.776 addr_full=0.0047 correct=60
  mpx-135 traj: trials=23220000 wall=395456s knowledge=0.2867 reliable=2981 spec=13.52 pop=117913
  mpx-135 diag: trials=23220000 micro=120172 pop_spec=14.97 spec_max=32 q_mean=0.672 q_max=1.000 q_above_half=108190 marked=0.369 mark_density=0.893 exp_mean=17.0 addr_spec=3.499 addr_random=0.776 addr_full=0.0048 correct=59
  mpx-135 traj: trials=23280000 wall=397133s knowledge=0.2890 reliable=3038 spec=13.50 pop=116505
  mpx-135 diag: trials=23280000 micro=118801 pop_spec=14.98 spec_max=32 q_mean=0.672 q_max=1.000 q_above_half=106835 marked=0.371 mark_density=0.893 exp_mean=17.3 addr_spec=3.505 addr_random=0.777 addr_full=0.0049 correct=59
  mpx-135 traj: trials=23340000 wall=398775s knowledge=0.2907 reliable=3023 spec=13.49 pop=115060
  mpx-135 diag: trials=23340000 micro=117337 pop_spec=14.97 spec_max=32 q_mean=0.672 q_max=1.000 q_above_half=105473 marked=0.364 mark_density=0.893 exp_mean=17.6 addr_spec=3.511 addr_random=0.776 addr_full=0.0049 correct=60
  mpx-135 traj: trials=23400000 wall=400365s knowledge=0.2918 reliable=3034 spec=13.49 pop=113917
  mpx-135 diag: trials=23400000 micro=116187 pop_spec=14.97 spec_max=32 q_mean=0.672 q_max=1.000 q_above_half=104224 marked=0.370 mark_density=0.893 exp_mean=17.9 addr_spec=3.518 addr_random=0.776 addr_full=0.0050 correct=61
  mpx-135 traj: trials=23460000 wall=401919s knowledge=0.2937 reliable=3030 spec=13.48 pop=112723
  mpx-135 diag: trials=23460000 micro=115010 pop_spec=14.98 spec_max=32 q_mean=0.673 q_max=1.000 q_above_half=103275 marked=0.368 mark_density=0.893 exp_mean=18.2 addr_spec=3.527 addr_random=0.777 addr_full=0.0051 correct=61
  mpx-135 traj: trials=23520000 wall=403536s knowledge=0.2944 reliable=2999 spec=13.49 pop=111858
  mpx-135 diag: trials=23520000 micro=114169 pop_spec=14.98 spec_max=32 q_mean=0.672 q_max=1.000 q_above_half=102240 marked=0.372 mark_density=0.893 exp_mean=18.4 addr_spec=3.530 addr_random=0.777 addr_full=0.0051 correct=61
  mpx-135 traj: trials=23580000 wall=405099s knowledge=0.2952 reliable=2958 spec=13.52 pop=110770
  mpx-135 diag: trials=23580000 micro=113057 pop_spec=14.97 spec_max=32 q_mean=0.672 q_max=1.000 q_above_half=101367 marked=0.369 mark_density=0.893 exp_mean=18.7 addr_spec=3.534 addr_random=0.776 addr_full=0.0052 correct=61
  mpx-135 traj: trials=23640000 wall=406632s knowledge=0.2977 reliable=3050 spec=13.50 pop=109916
  mpx-135 diag: trials=23640000 micro=112186 pop_spec=14.96 spec_max=32 q_mean=0.671 q_max=1.000 q_above_half=100376 marked=0.374 mark_density=0.894 exp_mean=19.0 addr_spec=3.532 addr_random=0.776 addr_full=0.0052 correct=62
  mpx-135 traj: trials=23700000 wall=408158s knowledge=0.2989 reliable=2932 spec=13.51 pop=108033
  mpx-135 diag: trials=23700000 micro=110303 pop_spec=14.98 spec_max=32 q_mean=0.671 q_max=1.000 q_above_half=98611 marked=0.375 mark_density=0.893 exp_mean=19.5 addr_spec=3.544 addr_random=0.777 addr_full=0.0054 correct=62
  mpx-135 traj: trials=23760000 wall=409624s knowledge=0.3001 reliable=2948 spec=13.50 pop=106332
  mpx-135 diag: trials=23760000 micro=108632 pop_spec=14.99 spec_max=32 q_mean=0.672 q_max=1.000 q_above_half=97127 marked=0.371 mark_density=0.893 exp_mean=19.9 addr_spec=3.554 addr_random=0.777 addr_full=0.0054 correct=62
  mpx-135 traj: trials=23820000 wall=411050s knowledge=0.3002 reliable=2918 spec=13.51 pop=105847
  mpx-135 diag: trials=23820000 micro=108189 pop_spec=14.98 spec_max=32 q_mean=0.672 q_max=1.000 q_above_half=96643 marked=0.369 mark_density=0.893 exp_mean=20.1 addr_spec=3.555 addr_random=0.777 addr_full=0.0056 correct=62
  mpx-135 traj: trials=23880000 wall=412459s knowledge=0.3017 reliable=2890 spec=13.50 pop=104994
  mpx-135 diag: trials=23880000 micro=107337 pop_spec=14.98 spec_max=32 q_mean=0.672 q_max=1.000 q_above_half=95794 marked=0.372 mark_density=0.894 exp_mean=20.4 addr_spec=3.561 addr_random=0.777 addr_full=0.0055 correct=63
  mpx-135 traj: trials=23940000 wall=413864s knowledge=0.3018 reliable=2950 spec=13.50 pop=104095
  mpx-135 diag: trials=23940000 micro=106397 pop_spec=14.97 spec_max=32 q_mean=0.672 q_max=1.000 q_above_half=94768 marked=0.378 mark_density=0.894 exp_mean=20.6 addr_spec=3.566 addr_random=0.776 addr_full=0.0058 correct=63
  mpx-135 traj: trials=24000000 wall=415257s knowledge=0.3030 reliable=2881 spec=13.50 pop=103052
  mpx-135 diag: trials=24000000 micro=105377 pop_spec=14.97 spec_max=32 q_mean=0.672 q_max=1.000 q_above_half=93911 marked=0.374 mark_density=0.894 exp_mean=20.9 addr_spec=3.559 addr_random=0.776 addr_full=0.0057 correct=64
  mpx-135 traj: trials=24060000 wall=416593s knowledge=0.3026 reliable=2876 spec=13.50 pop=101378
  mpx-135 diag: trials=24060000 micro=103713 pop_spec=14.98 spec_max=32 q_mean=0.672 q_max=1.000 q_above_half=92349 marked=0.378 mark_density=0.894 exp_mean=21.4 addr_spec=3.571 addr_random=0.777 addr_full=0.0058 correct=63
  mpx-135 traj: trials=24120000 wall=417913s knowledge=0.3023 reliable=2763 spec=13.51 pop=100888
  mpx-135 diag: trials=24120000 micro=103183 pop_spec=14.98 spec_max=32 q_mean=0.672 q_max=1.000 q_above_half=91921 marked=0.375 mark_density=0.894 exp_mean=21.6 addr_spec=3.579 addr_random=0.777 addr_full=0.0059 correct=64
  mpx-135 traj: trials=24180000 wall=419228s knowledge=0.3058 reliable=2783 spec=13.50 pop=99775
  mpx-135 diag: trials=24180000 micro=102128 pop_spec=14.99 spec_max=32 q_mean=0.672 q_max=1.000 q_above_half=90960 marked=0.371 mark_density=0.894 exp_mean=22.0 addr_spec=3.586 addr_random=0.777 addr_full=0.0061 correct=66
  mpx-135 traj: trials=24240000 wall=420510s knowledge=0.3072 reliable=2811 spec=13.49 pop=98342
  mpx-135 diag: trials=24240000 micro=100683 pop_spec=15.00 spec_max=32 q_mean=0.672 q_max=1.000 q_above_half=89655 marked=0.374 mark_density=0.894 exp_mean=22.4 addr_spec=3.596 addr_random=0.778 addr_full=0.0061 correct=66
  mpx-135 traj: trials=24300000 wall=421891s knowledge=0.3096 reliable=2771 spec=13.49 pop=97094
  mpx-135 diag: trials=24300000 micro=99445 pop_spec=15.01 spec_max=32 q_mean=0.672 q_max=1.000 q_above_half=88377 marked=0.372 mark_density=0.893 exp_mean=22.8 addr_spec=3.598 addr_random=0.778 addr_full=0.0063 correct=68
  mpx-135 traj: trials=24360000 wall=423206s knowledge=0.3091 reliable=2781 spec=13.49 pop=96036
  mpx-135 diag: trials=24360000 micro=98391 pop_spec=15.01 spec_max=32 q_mean=0.671 q_max=1.000 q_above_half=87331 marked=0.374 mark_density=0.894 exp_mean=23.2 addr_spec=3.599 addr_random=0.778 addr_full=0.0063 correct=66
  mpx-135 traj: trials=24420000 wall=424482s knowledge=0.3120 reliable=2741 spec=13.48 pop=93570
  mpx-135 diag: trials=24420000 micro=95943 pop_spec=15.04 spec_max=32 q_mean=0.671 q_max=1.000 q_above_half=85103 marked=0.369 mark_density=0.893 exp_mean=23.9 addr_spec=3.599 addr_random=0.780 addr_full=0.0068 correct=70
  mpx-135 traj: trials=24480000 wall=425579s knowledge=0.3134 reliable=2723 spec=13.46 pop=91931
  mpx-135 diag: trials=24480000 micro=94340 pop_spec=15.05 spec_max=32 q_mean=0.672 q_max=1.000 q_above_half=83549 marked=0.366 mark_density=0.893 exp_mean=24.5 addr_spec=3.610 addr_random=0.780 addr_full=0.0069 correct=69
  mpx-135 traj: trials=24540000 wall=426603s knowledge=0.3143 reliable=2704 spec=13.47 pop=90389
  mpx-135 diag: trials=24540000 micro=92721 pop_spec=15.06 spec_max=32 q_mean=0.671 q_max=1.000 q_above_half=82060 marked=0.367 mark_density=0.893 exp_mean=25.0 addr_spec=3.616 addr_random=0.781 addr_full=0.0069 correct=69
  mpx-135 traj: trials=24600000 wall=427602s knowledge=0.3149 reliable=2716 spec=13.49 pop=89581
  mpx-135 diag: trials=24600000 micro=91894 pop_spec=15.05 spec_max=32 q_mean=0.671 q_max=1.000 q_above_half=81224 marked=0.370 mark_density=0.894 exp_mean=25.4 addr_spec=3.615 addr_random=0.780 addr_full=0.0071 correct=69
  mpx-135 traj: trials=24660000 wall=428590s knowledge=0.3141 reliable=2647 spec=13.48 pop=87676
  mpx-135 diag: trials=24660000 micro=89940 pop_spec=15.08 spec_max=32 q_mean=0.671 q_max=1.000 q_above_half=79689 marked=0.368 mark_density=0.893 exp_mean=26.0 addr_spec=3.626 addr_random=0.782 addr_full=0.0074 correct=71
  mpx-135 traj: trials=24720000 wall=429540s knowledge=0.3171 reliable=2617 spec=13.48 pop=86716
  mpx-135 diag: trials=24720000 micro=88967 pop_spec=15.08 spec_max=32 q_mean=0.670 q_max=1.000 q_above_half=78706 marked=0.379 mark_density=0.894 exp_mean=26.5 addr_spec=3.637 addr_random=0.782 addr_full=0.0074 correct=71
  mpx-135 traj: trials=24780000 wall=430472s knowledge=0.3167 reliable=2536 spec=13.47 pop=85689
  mpx-135 diag: trials=24780000 micro=88024 pop_spec=15.08 spec_max=32 q_mean=0.670 q_max=1.000 q_above_half=77744 marked=0.375 mark_density=0.894 exp_mean=27.0 addr_spec=3.648 addr_random=0.782 addr_full=0.0074 correct=71
  mpx-135 traj: trials=24840000 wall=431391s knowledge=0.3174 reliable=2544 spec=13.47 pop=84445
  mpx-135 diag: trials=24840000 micro=86754 pop_spec=15.09 spec_max=32 q_mean=0.670 q_max=1.000 q_above_half=76506 marked=0.372 mark_density=0.894 exp_mean=27.5 addr_spec=3.647 addr_random=0.783 addr_full=0.0076 correct=72
  mpx-135 traj: trials=24900000 wall=432278s knowledge=0.3178 reliable=2514 spec=13.48 pop=83435
  mpx-135 diag: trials=24900000 micro=85702 pop_spec=15.08 spec_max=32 q_mean=0.669 q_max=1.000 q_above_half=75312 marked=0.373 mark_density=0.894 exp_mean=28.0 addr_spec=3.650 addr_random=0.782 addr_full=0.0078 correct=71
  mpx-135 traj: trials=24960000 wall=433148s knowledge=0.3191 reliable=2483 spec=13.47 pop=82850
  mpx-135 diag: trials=24960000 micro=85122 pop_spec=15.10 spec_max=32 q_mean=0.670 q_max=1.000 q_above_half=75068 marked=0.373 mark_density=0.894 exp_mean=28.4 addr_spec=3.657 addr_random=0.783 addr_full=0.0077 correct=70
  mpx-135 traj: trials=25020000 wall=434003s knowledge=0.3199 reliable=2429 spec=13.45 pop=80978
  mpx-135 diag: trials=25020000 micro=83240 pop_spec=15.12 spec_max=32 q_mean=0.669 q_max=1.000 q_above_half=73230 marked=0.375 mark_density=0.894 exp_mean=29.2 addr_spec=3.663 addr_random=0.784 addr_full=0.0080 correct=71
  mpx-135 traj: trials=25080000 wall=434838s knowledge=0.3217 reliable=2458 spec=13.44 pop=79550
  mpx-135 diag: trials=25080000 micro=81827 pop_spec=15.13 spec_max=32 q_mean=0.670 q_max=1.000 q_above_half=71933 marked=0.371 mark_density=0.894 exp_mean=29.8 addr_spec=3.665 addr_random=0.784 addr_full=0.0080 correct=73
  mpx-135 traj: trials=25140000 wall=435636s knowledge=0.3228 reliable=2347 spec=13.44 pop=78077
  mpx-135 diag: trials=25140000 micro=80327 pop_spec=15.15 spec_max=32 q_mean=0.670 q_max=1.000 q_above_half=70498 marked=0.371 mark_density=0.894 exp_mean=30.5 addr_spec=3.663 addr_random=0.786 addr_full=0.0082 correct=75
  mpx-135 traj: trials=25200000 wall=436399s knowledge=0.3237 reliable=2263 spec=13.44 pop=76257
  mpx-135 diag: trials=25200000 micro=78475 pop_spec=15.19 spec_max=32 q_mean=0.669 q_max=1.000 q_above_half=68930 marked=0.375 mark_density=0.894 exp_mean=31.3 addr_spec=3.679 addr_random=0.788 addr_full=0.0084 correct=74
  mpx-135 traj: trials=25260000 wall=437138s knowledge=0.3248 reliable=2260 spec=13.44 pop=75301
  mpx-135 diag: trials=25260000 micro=77500 pop_spec=15.18 spec_max=32 q_mean=0.669 q_max=1.000 q_above_half=67893 marked=0.368 mark_density=0.894 exp_mean=31.8 addr_spec=3.679 addr_random=0.787 addr_full=0.0085 correct=75
  mpx-135 traj: trials=25320000 wall=437852s knowledge=0.3270 reliable=2273 spec=13.44 pop=74149
  mpx-135 diag: trials=25320000 micro=76352 pop_spec=15.20 spec_max=32 q_mean=0.669 q_max=1.000 q_above_half=66802 marked=0.368 mark_density=0.894 exp_mean=32.5 addr_spec=3.689 addr_random=0.788 addr_full=0.0088 correct=76
  mpx-135 traj: trials=25380000 wall=438546s knowledge=0.3273 reliable=2263 spec=13.41 pop=72825
  mpx-135 diag: trials=25380000 micro=75022 pop_spec=15.21 spec_max=32 q_mean=0.669 q_max=1.000 q_above_half=65588 marked=0.369 mark_density=0.894 exp_mean=33.3 addr_spec=3.693 addr_random=0.789 addr_full=0.0090 correct=74
  mpx-135 traj: trials=25440000 wall=439205s knowledge=0.3297 reliable=2285 spec=13.41 pop=71389
  mpx-135 diag: trials=25440000 micro=73583 pop_spec=15.23 spec_max=32 q_mean=0.670 q_max=1.000 q_above_half=64361 marked=0.366 mark_density=0.893 exp_mean=34.1 addr_spec=3.703 addr_random=0.790 addr_full=0.0092 correct=76
  mpx-135 traj: trials=25500000 wall=439842s knowledge=0.3298 reliable=2298 spec=13.40 pop=70585
  mpx-135 diag: trials=25500000 micro=72742 pop_spec=15.23 spec_max=32 q_mean=0.670 q_max=1.000 q_above_half=63607 marked=0.368 mark_density=0.893 exp_mean=34.8 addr_spec=3.712 addr_random=0.790 addr_full=0.0094 correct=76
  mpx-135 traj: trials=25560000 wall=440474s knowledge=0.3299 reliable=2227 spec=13.39 pop=69653
  mpx-135 diag: trials=25560000 micro=71858 pop_spec=15.25 spec_max=32 q_mean=0.669 q_max=1.000 q_above_half=62561 marked=0.365 mark_density=0.893 exp_mean=35.4 addr_spec=3.714 addr_random=0.791 addr_full=0.0094 correct=77
  mpx-135 traj: trials=25620000 wall=441080s knowledge=0.3320 reliable=2175 spec=13.37 pop=68111
  mpx-135 diag: trials=25620000 micro=70287 pop_spec=15.27 spec_max=32 q_mean=0.669 q_max=1.000 q_above_half=61188 marked=0.367 mark_density=0.894 exp_mean=36.4 addr_spec=3.727 addr_random=0.792 addr_full=0.0096 correct=76
  mpx-135 traj: trials=25680000 wall=441672s knowledge=0.3324 reliable=2157 spec=13.36 pop=67393
  mpx-135 diag: trials=25680000 micro=69533 pop_spec=15.27 spec_max=32 q_mean=0.669 q_max=1.000 q_above_half=60470 marked=0.366 mark_density=0.893 exp_mean=37.0 addr_spec=3.721 addr_random=0.792 addr_full=0.0096 correct=76
  mpx-135 traj: trials=25740000 wall=442255s knowledge=0.3333 reliable=2188 spec=13.37 pop=66045
  mpx-135 diag: trials=25740000 micro=68249 pop_spec=15.29 spec_max=32 q_mean=0.668 q_max=1.000 q_above_half=59208 marked=0.368 mark_density=0.893 exp_mean=38.0 addr_spec=3.742 addr_random=0.793 addr_full=0.0098 correct=77
  mpx-135 traj: trials=25800000 wall=442813s knowledge=0.3363 reliable=2170 spec=13.36 pop=64964
  mpx-135 diag: trials=25800000 micro=67122 pop_spec=15.29 spec_max=32 q_mean=0.668 q_max=1.000 q_above_half=58117 marked=0.364 mark_density=0.894 exp_mean=38.8 addr_spec=3.729 addr_random=0.793 addr_full=0.0098 correct=76
  mpx-135 traj: trials=25860000 wall=443339s knowledge=0.3367 reliable=2088 spec=13.38 pop=62711
  mpx-135 diag: trials=25860000 micro=64820 pop_spec=15.35 spec_max=32 q_mean=0.667 q_max=1.000 q_above_half=56028 marked=0.374 mark_density=0.894 exp_mean=40.3 addr_spec=3.735 addr_random=0.796 addr_full=0.0100 correct=77
  mpx-135 traj: trials=25920000 wall=443841s knowledge=0.3369 reliable=2034 spec=13.35 pop=61045
  mpx-135 diag: trials=25920000 micro=63123 pop_spec=15.39 spec_max=32 q_mean=0.668 q_max=1.000 q_above_half=54590 marked=0.361 mark_density=0.893 exp_mean=41.6 addr_spec=3.736 addr_random=0.798 addr_full=0.0102 correct=77
  mpx-135 traj: trials=25980000 wall=444312s knowledge=0.3386 reliable=1948 spec=13.34 pop=59717
  mpx-135 diag: trials=25980000 micro=61772 pop_spec=15.43 spec_max=32 q_mean=0.667 q_max=1.000 q_above_half=53301 marked=0.372 mark_density=0.893 exp_mean=42.7 addr_spec=3.749 addr_random=0.800 addr_full=0.0103 correct=80
  mpx-135 traj: trials=26040000 wall=444778s knowledge=0.3382 reliable=1931 spec=13.34 pop=58761
  mpx-135 diag: trials=26040000 micro=60828 pop_spec=15.42 spec_max=32 q_mean=0.667 q_max=1.000 q_above_half=52275 marked=0.367 mark_density=0.893 exp_mean=43.6 addr_spec=3.764 addr_random=0.800 addr_full=0.0105 correct=83
  mpx-135 traj: trials=26100000 wall=445223s knowledge=0.3383 reliable=1870 spec=13.35 pop=57248
  mpx-135 diag: trials=26100000 micro=59246 pop_spec=15.46 spec_max=32 q_mean=0.667 q_max=1.000 q_above_half=51022 marked=0.368 mark_density=0.893 exp_mean=44.5 addr_spec=3.751 addr_random=0.802 addr_full=0.0104 correct=82
  mpx-135 traj: trials=26160000 wall=445644s knowledge=0.3378 reliable=1838 spec=13.36 pop=56583
  mpx-135 diag: trials=26160000 micro=58599 pop_spec=15.47 spec_max=32 q_mean=0.666 q_max=1.000 q_above_half=50207 marked=0.370 mark_density=0.893 exp_mean=45.3 addr_spec=3.749 addr_random=0.802 addr_full=0.0106 correct=82
  mpx-135 traj: trials=26220000 wall=446057s knowledge=0.3395 reliable=1835 spec=13.37 pop=54852
  mpx-135 diag: trials=26220000 micro=56846 pop_spec=15.52 spec_max=32 q_mean=0.667 q_max=1.000 q_above_half=48761 marked=0.364 mark_density=0.893 exp_mean=46.9 addr_spec=3.764 addr_random=0.805 addr_full=0.0108 correct=83
  mpx-135 traj: trials=26280000 wall=446439s knowledge=0.3430 reliable=1822 spec=13.36 pop=54129
  mpx-135 diag: trials=26280000 micro=56144 pop_spec=15.53 spec_max=32 q_mean=0.666 q_max=1.000 q_above_half=48037 marked=0.369 mark_density=0.893 exp_mean=47.9 addr_spec=3.778 addr_random=0.805 addr_full=0.0111 correct=87
  mpx-135 traj: trials=26340000 wall=446822s knowledge=0.3427 reliable=1773 spec=13.36 pop=53232
  mpx-135 diag: trials=26340000 micro=55215 pop_spec=15.53 spec_max=32 q_mean=0.665 q_max=1.000 q_above_half=47176 marked=0.367 mark_density=0.893 exp_mean=48.8 addr_spec=3.779 addr_random=0.805 addr_full=0.0115 correct=87
  mpx-135 traj: trials=26400000 wall=447189s knowledge=0.3435 reliable=1725 spec=13.33 pop=52263
  mpx-135 diag: trials=26400000 micro=54267 pop_spec=15.57 spec_max=32 q_mean=0.665 q_max=1.000 q_above_half=46239 marked=0.366 mark_density=0.893 exp_mean=50.0 addr_spec=3.787 addr_random=0.807 addr_full=0.0118 correct=86
  mpx-135 traj: trials=26460000 wall=447550s knowledge=0.3441 reliable=1705 spec=13.35 pop=51414
  mpx-135 diag: trials=26460000 micro=53404 pop_spec=15.59 spec_max=32 q_mean=0.664 q_max=1.000 q_above_half=45443 marked=0.368 mark_density=0.893 exp_mean=50.9 addr_spec=3.797 addr_random=0.808 addr_full=0.0123 correct=87
  mpx-135 traj: trials=26520000 wall=447896s knowledge=0.3456 reliable=1686 spec=13.33 pop=50748
  mpx-135 diag: trials=26520000 micro=52727 pop_spec=15.57 spec_max=32 q_mean=0.664 q_max=1.000 q_above_half=44796 marked=0.368 mark_density=0.894 exp_mean=51.9 addr_spec=3.791 addr_random=0.807 addr_full=0.0126 correct=87
  mpx-135 traj: trials=26580000 wall=448228s knowledge=0.3458 reliable=1659 spec=13.31 pop=49364
  mpx-135 diag: trials=26580000 micro=51299 pop_spec=15.66 spec_max=32 q_mean=0.665 q_max=1.000 q_above_half=43713 marked=0.366 mark_density=0.893 exp_mean=53.6 addr_spec=3.811 addr_random=0.812 addr_full=0.0127 correct=88
  mpx-135 traj: trials=26640000 wall=448548s knowledge=0.3442 reliable=1610 spec=13.30 pop=48236
  mpx-135 diag: trials=26640000 micro=50211 pop_spec=15.69 spec_max=32 q_mean=0.665 q_max=1.000 q_above_half=42536 marked=0.358 mark_density=0.893 exp_mean=55.1 addr_spec=3.803 addr_random=0.814 addr_full=0.0126 correct=87
  mpx-135 traj: trials=26700000 wall=448850s knowledge=0.3459 reliable=1564 spec=13.27 pop=47588
  mpx-135 diag: trials=26700000 micro=49546 pop_spec=15.70 spec_max=32 q_mean=0.664 q_max=1.000 q_above_half=42036 marked=0.367 mark_density=0.893 exp_mean=56.3 addr_spec=3.822 addr_random=0.814 addr_full=0.0126 correct=89
  mpx-135 traj: trials=26760000 wall=449149s knowledge=0.3470 reliable=1559 spec=13.27 pop=46796
  mpx-135 diag: trials=26760000 micro=48706 pop_spec=15.70 spec_max=32 q_mean=0.663 q_max=1.000 q_above_half=41186 marked=0.364 mark_density=0.893 exp_mean=57.6 addr_spec=3.818 addr_random=0.814 addr_full=0.0128 correct=89
  mpx-135 traj: trials=26820000 wall=449430s knowledge=0.3471 reliable=1539 spec=13.27 pop=45303
  mpx-135 diag: trials=26820000 micro=47249 pop_spec=15.77 spec_max=32 q_mean=0.663 q_max=1.000 q_above_half=39837 marked=0.362 mark_density=0.893 exp_mean=59.5 addr_spec=3.836 addr_random=0.818 addr_full=0.0135 correct=89
  mpx-135 traj: trials=26880000 wall=449700s knowledge=0.3479 reliable=1537 spec=13.24 pop=45254
  mpx-135 diag: trials=26880000 micro=47146 pop_spec=15.77 spec_max=32 q_mean=0.663 q_max=1.000 q_above_half=39742 marked=0.362 mark_density=0.893 exp_mean=60.0 addr_spec=3.846 addr_random=0.817 addr_full=0.0134 correct=88
  mpx-135 traj: trials=26940000 wall=449973s knowledge=0.3486 reliable=1509 spec=13.25 pop=44312
  mpx-135 diag: trials=26940000 micro=46193 pop_spec=15.78 spec_max=32 q_mean=0.663 q_max=1.000 q_above_half=38934 marked=0.359 mark_density=0.893 exp_mean=61.6 addr_spec=3.846 addr_random=0.818 addr_full=0.0135 correct=88
  mpx-135 traj: trials=27000000 wall=450240s knowledge=0.3486 reliable=1466 spec=13.24 pop=43217
  mpx-135 diag: trials=27000000 micro=45083 pop_spec=15.82 spec_max=32 q_mean=0.663 q_max=1.000 q_above_half=37809 marked=0.351 mark_density=0.893 exp_mean=63.5 addr_spec=3.839 addr_random=0.820 addr_full=0.0143 correct=90
  mpx-135 traj: trials=27060000 wall=450490s knowledge=0.3487 reliable=1470 spec=13.21 pop=42850
  mpx-135 diag: trials=27060000 micro=44751 pop_spec=15.84 spec_max=32 q_mean=0.664 q_max=1.000 q_above_half=37547 marked=0.356 mark_density=0.893 exp_mean=64.5 addr_spec=3.862 addr_random=0.821 addr_full=0.0145 correct=89
  mpx-135 traj: trials=27120000 wall=450741s knowledge=0.3490 reliable=1463 spec=13.22 pop=42776
  mpx-135 diag: trials=27120000 micro=44657 pop_spec=15.82 spec_max=32 q_mean=0.664 q_max=1.000 q_above_half=37520 marked=0.355 mark_density=0.893 exp_mean=65.1 addr_spec=3.862 addr_random=0.820 addr_full=0.0145 correct=90
  mpx-135 traj: trials=27180000 wall=450993s knowledge=0.3503 reliable=1456 spec=13.20 pop=42576
  mpx-135 diag: trials=27180000 micro=44432 pop_spec=15.80 spec_max=32 q_mean=0.662 q_max=1.000 q_above_half=37148 marked=0.356 mark_density=0.893 exp_mean=65.8 addr_spec=3.867 addr_random=0.819 addr_full=0.0148 correct=91
  mpx-135 traj: trials=27240000 wall=451238s knowledge=0.3517 reliable=1441 spec=13.20 pop=41788
  mpx-135 diag: trials=27240000 micro=43709 pop_spec=15.85 spec_max=32 q_mean=0.665 q_max=1.000 q_above_half=36652 marked=0.349 mark_density=0.893 exp_mean=67.5 addr_spec=3.890 addr_random=0.822 addr_full=0.0150 correct=92
  mpx-135 traj: trials=27300000 wall=451476s knowledge=0.3556 reliable=1454 spec=13.17 pop=41606
  mpx-135 diag: trials=27300000 micro=43489 pop_spec=15.83 spec_max=32 q_mean=0.664 q_max=1.000 q_above_half=36348 marked=0.350 mark_density=0.893 exp_mean=68.2 addr_spec=3.884 addr_random=0.821 addr_full=0.0147 correct=93
  mpx-135 traj: trials=27360000 wall=451709s knowledge=0.3530 reliable=1435 spec=13.16 pop=40629
  mpx-135 diag: trials=27360000 micro=42528 pop_spec=15.90 spec_max=32 q_mean=0.664 q_max=1.000 q_above_half=35439 marked=0.352 mark_density=0.893 exp_mean=70.1 addr_spec=3.899 addr_random=0.824 addr_full=0.0151 correct=93
  mpx-135 traj: trials=27420000 wall=451932s knowledge=0.3541 reliable=1426 spec=13.13 pop=39596
  mpx-135 diag: trials=27420000 micro=41491 pop_spec=15.94 spec_max=32 q_mean=0.664 q_max=1.000 q_above_half=34522 marked=0.348 mark_density=0.893 exp_mean=72.4 addr_spec=3.892 addr_random=0.827 addr_full=0.0155 correct=93
  mpx-135 traj: trials=27480000 wall=452144s knowledge=0.3540 reliable=1403 spec=13.13 pop=39131
  mpx-135 diag: trials=27480000 micro=41025 pop_spec=15.96 spec_max=32 q_mean=0.664 q_max=1.000 q_above_half=34106 marked=0.352 mark_density=0.893 exp_mean=73.7 addr_spec=3.889 addr_random=0.827 addr_full=0.0158 correct=94
  mpx-135 traj: trials=27540000 wall=452358s knowledge=0.3544 reliable=1402 spec=13.14 pop=39150
  mpx-135 diag: trials=27540000 micro=41017 pop_spec=15.91 spec_max=32 q_mean=0.664 q_max=1.000 q_above_half=34070 marked=0.352 mark_density=0.893 exp_mean=73.6 addr_spec=3.897 addr_random=0.825 addr_full=0.0163 correct=97
  mpx-135 traj: trials=27600000 wall=452569s knowledge=0.3527 reliable=1390 spec=13.14 pop=38700
  mpx-135 diag: trials=27600000 micro=40580 pop_spec=15.93 spec_max=32 q_mean=0.663 q_max=1.000 q_above_half=33541 marked=0.355 mark_density=0.893 exp_mean=74.9 addr_spec=3.906 addr_random=0.826 addr_full=0.0162 correct=94
  mpx-135 traj: trials=27660000 wall=452777s knowledge=0.3542 reliable=1395 spec=13.13 pop=38132
  mpx-135 diag: trials=27660000 micro=39951 pop_spec=15.97 spec_max=32 q_mean=0.665 q_max=1.000 q_above_half=33211 marked=0.350 mark_density=0.893 exp_mean=76.5 addr_spec=3.917 addr_random=0.828 addr_full=0.0167 correct=95
  mpx-135 traj: trials=27720000 wall=452981s knowledge=0.3534 reliable=1356 spec=13.09 pop=37924
  mpx-135 diag: trials=27720000 micro=39788 pop_spec=15.95 spec_max=32 q_mean=0.663 q_max=1.000 q_above_half=32876 marked=0.354 mark_density=0.893 exp_mean=77.5 addr_spec=3.909 addr_random=0.827 addr_full=0.0171 correct=95
  mpx-135 traj: trials=27780000 wall=453185s knowledge=0.3548 reliable=1346 spec=13.10 pop=37558
  mpx-135 diag: trials=27780000 micro=39446 pop_spec=15.97 spec_max=32 q_mean=0.663 q_max=1.000 q_above_half=32607 marked=0.349 mark_density=0.893 exp_mean=78.8 addr_spec=3.909 addr_random=0.828 addr_full=0.0171 correct=95
  mpx-135 traj: trials=27840000 wall=453380s knowledge=0.3551 reliable=1390 spec=13.10 pop=37234
  mpx-135 diag: trials=27840000 micro=39104 pop_spec=15.95 spec_max=32 q_mean=0.662 q_max=1.000 q_above_half=32268 marked=0.354 mark_density=0.894 exp_mean=80.1 addr_spec=3.909 addr_random=0.827 addr_full=0.0169 correct=97
  mpx-135 traj: trials=27900000 wall=453573s knowledge=0.3548 reliable=1364 spec=13.09 pop=35960
  mpx-135 diag: trials=27900000 micro=37875 pop_spec=16.05 spec_max=32 q_mean=0.663 q_max=1.000 q_above_half=31105 marked=0.346 mark_density=0.893 exp_mean=83.3 addr_spec=3.912 addr_random=0.832 addr_full=0.0174 correct=97
  mpx-135 traj: trials=27960000 wall=453755s knowledge=0.3573 reliable=1343 spec=13.08 pop=36194
  mpx-135 diag: trials=27960000 micro=38061 pop_spec=16.04 spec_max=32 q_mean=0.663 q_max=1.000 q_above_half=31432 marked=0.346 mark_density=0.893 exp_mean=83.4 addr_spec=3.933 addr_random=0.832 addr_full=0.0178 correct=97
  mpx-135 traj: trials=28020000 wall=453940s knowledge=0.3551 reliable=1340 spec=13.12 pop=35941
  mpx-135 diag: trials=28020000 micro=37802 pop_spec=16.03 spec_max=32 q_mean=0.663 q_max=1.000 q_above_half=31102 marked=0.346 mark_density=0.893 exp_mean=84.4 addr_spec=3.919 addr_random=0.831 addr_full=0.0176 correct=95
  mpx-135 traj: trials=28080000 wall=454119s knowledge=0.3548 reliable=1340 spec=13.10 pop=35693
  mpx-135 diag: trials=28080000 micro=37582 pop_spec=16.01 spec_max=32 q_mean=0.663 q_max=1.000 q_above_half=30880 marked=0.345 mark_density=0.893 exp_mean=85.5 addr_spec=3.927 addr_random=0.830 addr_full=0.0180 correct=96
  mpx-135 traj: trials=28140000 wall=454301s knowledge=0.3562 reliable=1349 spec=13.10 pop=35516
  mpx-135 diag: trials=28140000 micro=37431 pop_spec=16.01 spec_max=32 q_mean=0.662 q_max=1.000 q_above_half=30636 marked=0.345 mark_density=0.893 exp_mean=86.5 addr_spec=3.927 addr_random=0.830 addr_full=0.0177 correct=96
  mpx-135 traj: trials=28200000 wall=454481s knowledge=0.3560 reliable=1342 spec=13.08 pop=35219
  mpx-135 diag: trials=28200000 micro=37091 pop_spec=16.03 spec_max=32 q_mean=0.662 q_max=1.000 q_above_half=30357 marked=0.342 mark_density=0.894 exp_mean=87.7 addr_spec=3.930 addr_random=0.831 addr_full=0.0183 correct=96
  mpx-135 traj: trials=28260000 wall=454658s knowledge=0.3573 reliable=1320 spec=13.08 pop=35330
  mpx-135 diag: trials=28260000 micro=37198 pop_spec=15.99 spec_max=32 q_mean=0.662 q_max=1.000 q_above_half=30487 marked=0.341 mark_density=0.894 exp_mean=88.1 addr_spec=3.942 addr_random=0.829 addr_full=0.0180 correct=97
  mpx-135 traj: trials=28320000 wall=454841s knowledge=0.3586 reliable=1302 spec=13.05 pop=34545
  mpx-135 diag: trials=28320000 micro=36428 pop_spec=16.03 spec_max=32 q_mean=0.662 q_max=1.000 q_above_half=29742 marked=0.341 mark_density=0.894 exp_mean=90.5 addr_spec=3.950 addr_random=0.831 addr_full=0.0185 correct=98
  mpx-135 traj: trials=28380000 wall=455011s knowledge=0.3610 reliable=1302 spec=13.03 pop=33998
  mpx-135 diag: trials=28380000 micro=35859 pop_spec=16.07 spec_max=32 q_mean=0.664 q_max=1.000 q_above_half=29315 marked=0.339 mark_density=0.893 exp_mean=92.6 addr_spec=3.984 addr_random=0.833 addr_full=0.0189 correct=101
  mpx-135 traj: trials=28440000 wall=455175s knowledge=0.3644 reliable=1309 spec=13.00 pop=33479
  mpx-135 diag: trials=28440000 micro=35414 pop_spec=16.08 spec_max=32 q_mean=0.663 q_max=1.000 q_above_half=28809 marked=0.340 mark_density=0.894 exp_mean=94.7 addr_spec=3.979 addr_random=0.834 addr_full=0.0191 correct=100
  mpx-135 traj: trials=28500000 wall=455332s knowledge=0.3652 reliable=1335 spec=13.01 pop=32932
  mpx-135 diag: trials=28500000 micro=34855 pop_spec=16.12 spec_max=32 q_mean=0.661 q_max=1.000 q_above_half=28261 marked=0.344 mark_density=0.894 exp_mean=97.0 addr_spec=3.974 addr_random=0.836 addr_full=0.0197 correct=100
  mpx-135 traj: trials=28560000 wall=455488s knowledge=0.3648 reliable=1322 spec=13.00 pop=32624
  mpx-135 diag: trials=28560000 micro=34506 pop_spec=16.11 spec_max=32 q_mean=0.661 q_max=1.000 q_above_half=27942 marked=0.339 mark_density=0.894 exp_mean=97.6 addr_spec=3.979 addr_random=0.835 addr_full=0.0198 correct=102
  mpx-135 traj: trials=28620000 wall=455639s knowledge=0.3645 reliable=1305 spec=13.01 pop=31960
  mpx-135 diag: trials=28620000 micro=33816 pop_spec=16.17 spec_max=32 q_mean=0.661 q_max=1.000 q_above_half=27286 marked=0.337 mark_density=0.893 exp_mean=100.1 addr_spec=3.975 addr_random=0.838 addr_full=0.0202 correct=102
  mpx-135 traj: trials=28680000 wall=455787s knowledge=0.3665 reliable=1310 spec=12.99 pop=31637
  mpx-135 diag: trials=28680000 micro=33526 pop_spec=16.17 spec_max=32 q_mean=0.662 q_max=1.000 q_above_half=26975 marked=0.340 mark_density=0.894 exp_mean=101.9 addr_spec=3.991 addr_random=0.839 addr_full=0.0211 correct=104
  mpx-135 traj: trials=28740000 wall=455931s knowledge=0.3668 reliable=1270 spec=12.97 pop=31074
  mpx-135 diag: trials=28740000 micro=32922 pop_spec=16.21 spec_max=32 q_mean=0.661 q_max=1.000 q_above_half=26413 marked=0.344 mark_density=0.894 exp_mean=104.3 addr_spec=4.002 addr_random=0.840 addr_full=0.0211 correct=104
  mpx-135 traj: trials=28800000 wall=456071s knowledge=0.3669 reliable=1270 spec=12.97 pop=30557
  mpx-135 diag: trials=28800000 micro=32397 pop_spec=16.22 spec_max=32 q_mean=0.661 q_max=1.000 q_above_half=26002 marked=0.343 mark_density=0.894 exp_mean=106.3 addr_spec=3.987 addr_random=0.841 addr_full=0.0211 correct=103
  mpx-135 traj: trials=28860000 wall=456207s knowledge=0.3662 reliable=1284 spec=12.97 pop=29982
  mpx-135 diag: trials=28860000 micro=31847 pop_spec=16.25 spec_max=32 q_mean=0.661 q_max=1.000 q_above_half=25505 marked=0.340 mark_density=0.894 exp_mean=109.0 addr_spec=3.981 addr_random=0.843 addr_full=0.0215 correct=104
  mpx-135 traj: trials=28920000 wall=456339s knowledge=0.3670 reliable=1290 spec=12.98 pop=29653
  mpx-135 diag: trials=28920000 micro=31493 pop_spec=16.29 spec_max=32 q_mean=0.661 q_max=1.000 q_above_half=25165 marked=0.336 mark_density=0.894 exp_mean=110.9 addr_spec=3.997 addr_random=0.845 addr_full=0.0220 correct=103
  mpx-135 traj: trials=28980000 wall=456468s knowledge=0.3694 reliable=1297 spec=12.97 pop=29152
  mpx-135 diag: trials=28980000 micro=31017 pop_spec=16.29 spec_max=32 q_mean=0.660 q_max=1.000 q_above_half=24605 marked=0.338 mark_density=0.894 exp_mean=113.5 addr_spec=3.990 addr_random=0.845 addr_full=0.0226 correct=104
  mpx-135 traj: trials=29040000 wall=456592s knowledge=0.3680 reliable=1246 spec=12.94 pop=28824
  mpx-135 diag: trials=29040000 micro=30687 pop_spec=16.31 spec_max=32 q_mean=0.659 q_max=1.000 q_above_half=24268 marked=0.336 mark_density=0.894 exp_mean=115.4 addr_spec=3.983 addr_random=0.846 addr_full=0.0224 correct=102
  mpx-135 traj: trials=29100000 wall=456717s knowledge=0.3679 reliable=1251 spec=12.96 pop=28652
  mpx-135 diag: trials=29100000 micro=30521 pop_spec=16.30 spec_max=32 q_mean=0.658 q_max=1.000 q_above_half=24123 marked=0.332 mark_density=0.894 exp_mean=116.9 addr_spec=3.967 addr_random=0.845 addr_full=0.0230 correct=102
  mpx-135 traj: trials=29160000 wall=456839s knowledge=0.3695 reliable=1244 spec=12.95 pop=27746
  mpx-135 diag: trials=29160000 micro=29616 pop_spec=16.43 spec_max=32 q_mean=0.659 q_max=1.000 q_above_half=23357 marked=0.331 mark_density=0.893 exp_mean=120.9 addr_spec=3.971 addr_random=0.852 addr_full=0.0232 correct=103
  mpx-135 traj: trials=29220000 wall=456955s knowledge=0.3685 reliable=1214 spec=12.92 pop=27267
  mpx-135 diag: trials=29220000 micro=29093 pop_spec=16.48 spec_max=32 q_mean=0.658 q_max=1.000 q_above_half=22930 marked=0.339 mark_density=0.894 exp_mean=123.5 addr_spec=3.987 addr_random=0.854 addr_full=0.0230 correct=103
  mpx-135 traj: trials=29280000 wall=457073s knowledge=0.3682 reliable=1190 spec=12.91 pop=27184
  mpx-135 diag: trials=29280000 micro=29007 pop_spec=16.45 spec_max=32 q_mean=0.657 q_max=1.000 q_above_half=22797 marked=0.330 mark_density=0.894 exp_mean=124.7 addr_spec=3.980 addr_random=0.853 addr_full=0.0234 correct=103
  mpx-135 traj: trials=29340000 wall=457185s knowledge=0.3685 reliable=1159 spec=12.88 pop=26898
  mpx-135 diag: trials=29340000 micro=28709 pop_spec=16.45 spec_max=32 q_mean=0.657 q_max=1.000 q_above_half=22527 marked=0.335 mark_density=0.894 exp_mean=127.0 addr_spec=3.969 addr_random=0.853 addr_full=0.0242 correct=103
  mpx-135 traj: trials=29400000 wall=457298s knowledge=0.3705 reliable=1165 spec=12.84 pop=25950
  mpx-135 diag: trials=29400000 micro=27821 pop_spec=16.57 spec_max=32 q_mean=0.657 q_max=1.000 q_above_half=21650 marked=0.323 mark_density=0.893 exp_mean=132.3 addr_spec=3.968 addr_random=0.859 addr_full=0.0245 correct=105
  mpx-135 traj: trials=29460000 wall=457401s knowledge=0.3714 reliable=1158 spec=12.83 pop=25322
  mpx-135 diag: trials=29460000 micro=27142 pop_spec=16.63 spec_max=32 q_mean=0.655 q_max=1.000 q_above_half=21033 marked=0.328 mark_density=0.893 exp_mean=136.4 addr_spec=3.978 addr_random=0.863 addr_full=0.0248 correct=105
  mpx-135 traj: trials=29520000 wall=457505s knowledge=0.3716 reliable=1137 spec=12.79 pop=25156
  mpx-135 diag: trials=29520000 micro=26953 pop_spec=16.51 spec_max=32 q_mean=0.653 q_max=1.000 q_above_half=20732 marked=0.331 mark_density=0.895 exp_mean=138.2 addr_spec=3.901 addr_random=0.856 addr_full=0.0244 correct=105
  mpx-135 traj: trials=29580000 wall=457611s knowledge=0.3715 reliable=1124 spec=12.81 pop=24598
  mpx-135 diag: trials=29580000 micro=26407 pop_spec=16.69 spec_max=32 q_mean=0.654 q_max=1.000 q_above_half=20297 marked=0.324 mark_density=0.893 exp_mean=142.3 addr_spec=3.923 addr_random=0.865 addr_full=0.0251 correct=105
  mpx-135 traj: trials=29640000 wall=457710s knowledge=0.3716 reliable=1113 spec=12.80 pop=24156
  mpx-135 diag: trials=29640000 micro=25980 pop_spec=16.76 spec_max=32 q_mean=0.655 q_max=1.000 q_above_half=20017 marked=0.326 mark_density=0.893 exp_mean=145.8 addr_spec=3.965 addr_random=0.869 addr_full=0.0260 correct=104
  mpx-135 traj: trials=29700000 wall=457810s knowledge=0.3709 reliable=1090 spec=12.78 pop=23684
  mpx-135 diag: trials=29700000 micro=25504 pop_spec=16.80 spec_max=32 q_mean=0.654 q_max=1.000 q_above_half=19505 marked=0.317 mark_density=0.893 exp_mean=149.5 addr_spec=3.946 addr_random=0.871 addr_full=0.0264 correct=104
  mpx-135 traj: trials=29760000 wall=457905s knowledge=0.3717 reliable=1082 spec=12.79 pop=23582
  mpx-135 diag: trials=29760000 micro=25386 pop_spec=16.80 spec_max=32 q_mean=0.654 q_max=1.000 q_above_half=19352 marked=0.314 mark_density=0.893 exp_mean=151.1 addr_spec=3.943 addr_random=0.871 addr_full=0.0262 correct=105
  mpx-135 traj: trials=29820000 wall=458000s knowledge=0.3730 reliable=1087 spec=12.79 pop=23835
  mpx-135 diag: trials=29820000 micro=25631 pop_spec=16.70 spec_max=32 q_mean=0.654 q_max=1.000 q_above_half=19517 marked=0.320 mark_density=0.895 exp_mean=150.7 addr_spec=3.921 addr_random=0.866 addr_full=0.0253 correct=105
  mpx-135 traj: trials=29880000 wall=458095s knowledge=0.3727 reliable=1071 spec=12.80 pop=23584
  mpx-135 diag: trials=29880000 micro=25391 pop_spec=16.75 spec_max=32 q_mean=0.655 q_max=1.000 q_above_half=19396 marked=0.322 mark_density=0.894 exp_mean=153.2 addr_spec=3.953 addr_random=0.868 addr_full=0.0251 correct=105
  mpx-135 traj: trials=29940000 wall=458189s knowledge=0.3711 reliable=1049 spec=12.78 pop=23369
  mpx-135 diag: trials=29940000 micro=25173 pop_spec=16.77 spec_max=32 q_mean=0.653 q_max=1.000 q_above_half=19119 marked=0.318 mark_density=0.894 exp_mean=155.0 addr_spec=3.934 addr_random=0.870 addr_full=0.0253 correct=106
  mpx-135 traj: trials=30000000 wall=458283s knowledge=0.3714 reliable=1018 spec=12.74 pop=23631
  mpx-135 diag: trials=30000000 micro=25449 pop_spec=16.46 spec_max=32 q_mean=0.648 q_max=1.000 q_above_half=19064 marked=0.327 mark_density=0.897 exp_mean=154.2 addr_spec=3.822 addr_random=0.854 addr_full=0.0251 correct=106
  mpx-135 traj: trials=30060000 wall=458375s knowledge=0.3719 reliable=1018 spec=12.73 pop=22732
  mpx-135 diag: trials=30060000 micro=24548 pop_spec=16.85 spec_max=32 q_mean=0.651 q_max=1.000 q_above_half=18564 marked=0.320 mark_density=0.893 exp_mean=159.5 addr_spec=3.929 addr_random=0.874 addr_full=0.0267 correct=106
  mpx-135 traj: trials=30120000 wall=458466s knowledge=0.3714 reliable=999 spec=12.73 pop=22622
  mpx-135 diag: trials=30120000 micro=24425 pop_spec=16.79 spec_max=32 q_mean=0.647 q_max=1.000 q_above_half=18322 marked=0.327 mark_density=0.895 exp_mean=161.1 addr_spec=3.884 addr_random=0.871 addr_full=0.0270 correct=106
  mpx-135 traj: trials=30180000 wall=458555s knowledge=0.3732 reliable=972 spec=12.70 pop=21608
  mpx-135 diag: trials=30180000 micro=23413 pop_spec=17.02 spec_max=32 q_mean=0.650 q_max=1.000 q_above_half=17586 marked=0.314 mark_density=0.893 exp_mean=169.4 addr_spec=3.917 addr_random=0.883 addr_full=0.0276 correct=106
  mpx-135 traj: trials=30240000 wall=458640s knowledge=0.3748 reliable=975 spec=12.69 pop=21235
  mpx-135 diag: trials=30240000 micro=23057 pop_spec=17.07 spec_max=32 q_mean=0.649 q_max=1.000 q_above_half=17213 marked=0.315 mark_density=0.893 exp_mean=173.5 addr_spec=3.914 addr_random=0.885 addr_full=0.0279 correct=110
  mpx-135 traj: trials=30300000 wall=458724s knowledge=0.3763 reliable=973 spec=12.68 pop=21056
  mpx-135 diag: trials=30300000 micro=22844 pop_spec=17.07 spec_max=32 q_mean=0.649 q_max=1.000 q_above_half=17022 marked=0.308 mark_density=0.893 exp_mean=176.1 addr_spec=3.912 addr_random=0.885 addr_full=0.0279 correct=111
  mpx-135 traj: trials=30360000 wall=458815s knowledge=0.3755 reliable=963 spec=12.71 pop=20713
  mpx-135 diag: trials=30360000 micro=22482 pop_spec=17.12 spec_max=32 q_mean=0.647 q_max=1.000 q_above_half=16618 marked=0.310 mark_density=0.893 exp_mean=180.1 addr_spec=3.878 addr_random=0.888 addr_full=0.0271 correct=111
  mpx-135 traj: trials=30420000 wall=458898s knowledge=0.3753 reliable=951 spec=12.71 pop=20676
  mpx-135 diag: trials=30420000 micro=22471 pop_spec=17.11 spec_max=32 q_mean=0.648 q_max=1.000 q_above_half=16592 marked=0.315 mark_density=0.893 exp_mean=180.5 addr_spec=3.905 addr_random=0.887 addr_full=0.0265 correct=112
  mpx-135 traj: trials=30480000 wall=458985s knowledge=0.3764 reliable=959 spec=12.71 pop=20480
  mpx-135 diag: trials=30480000 micro=22257 pop_spec=17.13 spec_max=32 q_mean=0.646 q_max=1.000 q_above_half=16290 marked=0.313 mark_density=0.894 exp_mean=182.8 addr_spec=3.888 addr_random=0.888 addr_full=0.0269 correct=114
  mpx-135 traj: trials=30540000 wall=459067s knowledge=0.3765 reliable=941 spec=12.69 pop=20063
  mpx-135 diag: trials=30540000 micro=21864 pop_spec=17.20 spec_max=32 q_mean=0.648 q_max=1.000 q_above_half=16098 marked=0.304 mark_density=0.893 exp_mean=186.3 addr_spec=3.908 addr_random=0.892 addr_full=0.0275 correct=113
  mpx-135 traj: trials=30600000 wall=459147s knowledge=0.3782 reliable=959 spec=12.68 pop=20235
  mpx-135 diag: trials=30600000 micro=22009 pop_spec=17.10 spec_max=32 q_mean=0.648 q_max=1.000 q_above_half=16134 marked=0.306 mark_density=0.894 exp_mean=185.6 addr_spec=3.899 addr_random=0.887 addr_full=0.0276 correct=113
  mpx-135 traj: trials=30660000 wall=459227s knowledge=0.3772 reliable=945 spec=12.66 pop=19968
  mpx-135 diag: trials=30660000 micro=21775 pop_spec=17.13 spec_max=32 q_mean=0.647 q_max=1.000 q_above_half=15829 marked=0.307 mark_density=0.895 exp_mean=189.3 addr_spec=3.859 addr_random=0.888 addr_full=0.0274 correct=113
  mpx-135 traj: trials=30720000 wall=459306s knowledge=0.3784 reliable=960 spec=12.63 pop=19516
  mpx-135 diag: trials=30720000 micro=21309 pop_spec=17.28 spec_max=32 q_mean=0.649 q_max=1.000 q_above_half=15509 marked=0.305 mark_density=0.893 exp_mean=195.0 addr_spec=3.893 addr_random=0.896 addr_full=0.0288 correct=113
  mpx-135 traj: trials=30780000 wall=459384s knowledge=0.3796 reliable=963 spec=12.64 pop=19618
  mpx-135 diag: trials=30780000 micro=21444 pop_spec=17.16 spec_max=32 q_mean=0.647 q_max=1.000 q_above_half=15546 marked=0.305 mark_density=0.894 exp_mean=195.3 addr_spec=3.871 addr_random=0.890 addr_full=0.0287 correct=115
  mpx-135 traj: trials=30840000 wall=459460s knowledge=0.3810 reliable=969 spec=12.63 pop=19451
  mpx-135 diag: trials=30840000 micro=21320 pop_spec=17.26 spec_max=32 q_mean=0.649 q_max=1.000 q_above_half=15424 marked=0.294 mark_density=0.893 exp_mean=198.2 addr_spec=3.920 addr_random=0.895 addr_full=0.0285 correct=115
  mpx-135 traj: trials=30900000 wall=459536s knowledge=0.3811 reliable=980 spec=12.65 pop=19302
  mpx-135 diag: trials=30900000 micro=21157 pop_spec=17.26 spec_max=32 q_mean=0.651 q_max=1.000 q_above_half=15352 marked=0.301 mark_density=0.894 exp_mean=200.9 addr_spec=3.929 addr_random=0.895 addr_full=0.0285 correct=116
  mpx-135 traj: trials=30960000 wall=459649s knowledge=0.3826 reliable=994 spec=12.62 pop=19953
  mpx-135 diag: trials=30960000 micro=21766 pop_spec=17.14 spec_max=32 q_mean=0.648 q_max=1.000 q_above_half=15510 marked=0.283 mark_density=0.893 exp_mean=195.6 addr_spec=3.840 addr_random=0.889 addr_full=0.0270 correct=116
  mpx-135 traj: trials=31020000 wall=459728s knowledge=0.3814 reliable=979 spec=12.63 pop=19434
  mpx-135 diag: trials=31020000 micro=21253 pop_spec=17.23 spec_max=32 q_mean=0.651 q_max=1.000 q_above_half=15395 marked=0.295 mark_density=0.893 exp_mean=201.7 addr_spec=3.911 addr_random=0.893 addr_full=0.0271 correct=114
  mpx-135 traj: trials=31080000 wall=459806s knowledge=0.3811 reliable=955 spec=12.62 pop=19280
  mpx-135 diag: trials=31080000 micro=21073 pop_spec=17.23 spec_max=32 q_mean=0.652 q_max=1.000 q_above_half=15396 marked=0.290 mark_density=0.894 exp_mean=204.5 addr_spec=3.899 addr_random=0.893 addr_full=0.0270 correct=114
  mpx-135 traj: trials=31140000 wall=459882s knowledge=0.3816 reliable=952 spec=12.62 pop=19312
  mpx-135 diag: trials=31140000 micro=21118 pop_spec=17.11 spec_max=32 q_mean=0.649 q_max=1.000 q_above_half=15297 marked=0.304 mark_density=0.895 exp_mean=205.7 addr_spec=3.879 addr_random=0.887 addr_full=0.0272 correct=115
  mpx-135 traj: trials=31200000 wall=459958s knowledge=0.3811 reliable=938 spec=12.61 pop=19310
  mpx-135 diag: trials=31200000 micro=21127 pop_spec=17.15 spec_max=32 q_mean=0.651 q_max=1.000 q_above_half=15323 marked=0.298 mark_density=0.895 exp_mean=207.0 addr_spec=3.902 addr_random=0.889 addr_full=0.0269 correct=114
  mpx-135 traj: trials=31260000 wall=460035s knowledge=0.3785 reliable=923 spec=12.64 pop=19061
  mpx-135 diag: trials=31260000 micro=20849 pop_spec=17.26 spec_max=32 q_mean=0.651 q_max=1.000 q_above_half=15184 marked=0.294 mark_density=0.894 exp_mean=210.9 addr_spec=3.929 addr_random=0.895 addr_full=0.0268 correct=112
  mpx-135 traj: trials=31320000 wall=460147s knowledge=0.3772 reliable=920 spec=12.63 pop=19932
  mpx-135 diag: trials=31320000 micro=21744 pop_spec=17.04 spec_max=32 q_mean=0.645 q_max=1.000 q_above_half=15504 marked=0.292 mark_density=0.895 exp_mean=203.0 addr_spec=3.820 addr_random=0.884 addr_full=0.0260 correct=111
  mpx-135 traj: trials=31380000 wall=460227s knowledge=0.3784 reliable=931 spec=12.62 pop=19315
  mpx-135 diag: trials=31380000 micro=21151 pop_spec=17.16 spec_max=32 q_mean=0.649 q_max=1.000 q_above_half=15360 marked=0.301 mark_density=0.894 exp_mean=210.7 addr_spec=3.889 addr_random=0.890 addr_full=0.0269 correct=110
  mpx-135 traj: trials=31440000 wall=460305s knowledge=0.3798 reliable=925 spec=12.59 pop=19229
  mpx-135 diag: trials=31440000 micro=20988 pop_spec=17.17 spec_max=32 q_mean=0.650 q_max=1.000 q_above_half=15377 marked=0.300 mark_density=0.895 exp_mean=213.0 addr_spec=3.933 addr_random=0.890 addr_full=0.0277 correct=112
  mpx-135 traj: trials=31500000 wall=460398s knowledge=0.3811 reliable=930 spec=12.59 pop=19225
  mpx-135 diag: trials=31500000 micro=20997 pop_spec=17.12 spec_max=32 q_mean=0.648 q_max=1.000 q_above_half=15208 marked=0.297 mark_density=0.895 exp_mean=214.4 addr_spec=3.890 addr_random=0.888 addr_full=0.0273 correct=112
  mpx-135 traj: trials=31560000 wall=460475s knowledge=0.3811 reliable=913 spec=12.58 pop=18855
  mpx-135 diag: trials=31560000 micro=20644 pop_spec=17.20 spec_max=32 q_mean=0.647 q_max=1.000 q_above_half=14815 marked=0.302 mark_density=0.896 exp_mean=219.8 addr_spec=3.890 addr_random=0.892 addr_full=0.0282 correct=111
  mpx-135 traj: trials=31620000 wall=460558s knowledge=0.3806 reliable=925 spec=12.58 pop=18821
  mpx-135 diag: trials=31620000 micro=20601 pop_spec=17.25 spec_max=32 q_mean=0.647 q_max=1.000 q_above_half=14669 marked=0.286 mark_density=0.894 exp_mean=221.0 addr_spec=3.861 addr_random=0.894 addr_full=0.0284 correct=113
  mpx-135 traj: trials=31680000 wall=460632s knowledge=0.3791 reliable=929 spec=12.59 pop=18424
  mpx-135 diag: trials=31680000 micro=20222 pop_spec=17.31 spec_max=32 q_mean=0.648 q_max=1.000 q_above_half=14547 marked=0.291 mark_density=0.894 exp_mean=227.0 addr_spec=3.896 addr_random=0.898 addr_full=0.0286 correct=110
  mpx-135 traj: trials=31740000 wall=460708s knowledge=0.3792 reliable=909 spec=12.59 pop=18561
  mpx-135 diag: trials=31740000 micro=20388 pop_spec=17.22 spec_max=32 q_mean=0.644 q_max=1.000 q_above_half=14377 marked=0.294 mark_density=0.896 exp_mean=226.8 addr_spec=3.836 addr_random=0.893 addr_full=0.0289 correct=110
  mpx-135 traj: trials=31800000 wall=460785s knowledge=0.3793 reliable=901 spec=12.56 pop=18029
  mpx-135 diag: trials=31800000 micro=19844 pop_spec=17.35 spec_max=32 q_mean=0.646 q_max=1.000 q_above_half=14126 marked=0.292 mark_density=0.894 exp_mean=234.8 addr_spec=3.867 addr_random=0.900 addr_full=0.0295 correct=110
  mpx-135 traj: trials=31860000 wall=460858s knowledge=0.3806 reliable=909 spec=12.56 pop=18018
  mpx-135 diag: trials=31860000 micro=19850 pop_spec=17.31 spec_max=32 q_mean=0.645 q_max=1.000 q_above_half=14015 marked=0.296 mark_density=0.895 exp_mean=236.5 addr_spec=3.839 addr_random=0.898 addr_full=0.0292 correct=110
  mpx-135 traj: trials=31920000 wall=460930s knowledge=0.3811 reliable=889 spec=12.53 pop=17848
  mpx-135 diag: trials=31920000 micro=19629 pop_spec=17.38 spec_max=32 q_mean=0.647 q_max=1.000 q_above_half=14075 marked=0.289 mark_density=0.894 exp_mean=240.0 addr_spec=3.869 addr_random=0.901 addr_full=0.0290 correct=111
  mpx-135 traj: trials=31980000 wall=461004s knowledge=0.3824 reliable=892 spec=12.53 pop=17822
  mpx-135 diag: trials=31980000 micro=19642 pop_spec=17.35 spec_max=32 q_mean=0.644 q_max=1.000 q_above_half=13798 marked=0.294 mark_density=0.895 exp_mean=241.9 addr_spec=3.835 addr_random=0.899 addr_full=0.0300 correct=112
  mpx-135 traj: trials=32040000 wall=461086s knowledge=0.3833 reliable=885 spec=12.50 pop=17667
  mpx-135 diag: trials=32040000 micro=19468 pop_spec=17.41 spec_max=32 q_mean=0.643 q_max=1.000 q_above_half=13688 marked=0.290 mark_density=0.894 exp_mean=245.3 addr_spec=3.809 addr_random=0.903 addr_full=0.0288 correct=113
  mpx-135 traj: trials=32100000 wall=461156s knowledge=0.3837 reliable=866 spec=12.50 pop=17190
  mpx-135 diag: trials=32100000 micro=18976 pop_spec=17.50 spec_max=32 q_mean=0.644 q_max=1.000 q_above_half=13367 marked=0.293 mark_density=0.895 exp_mean=253.4 addr_spec=3.818 addr_random=0.907 addr_full=0.0291 correct=113
  mpx-135 traj: trials=32160000 wall=461226s knowledge=0.3833 reliable=838 spec=12.49 pop=16909
  mpx-135 diag: trials=32160000 micro=18709 pop_spec=17.53 spec_max=32 q_mean=0.643 q_max=1.000 q_above_half=13089 marked=0.286 mark_density=0.895 exp_mean=259.0 addr_spec=3.817 addr_random=0.909 addr_full=0.0289 correct=113
  mpx-135 traj: trials=32220000 wall=461295s knowledge=0.3842 reliable=845 spec=12.50 pop=16736
  mpx-135 diag: trials=32220000 micro=18534 pop_spec=17.57 spec_max=32 q_mean=0.645 q_max=1.000 q_above_half=13013 marked=0.281 mark_density=0.894 exp_mean=263.3 addr_spec=3.828 addr_random=0.911 addr_full=0.0298 correct=113
  mpx-135 traj: trials=32280000 wall=461363s knowledge=0.3853 reliable=847 spec=12.48 pop=16839
  mpx-135 diag: trials=32280000 micro=18664 pop_spec=17.52 spec_max=32 q_mean=0.642 q_max=1.000 q_above_half=12961 marked=0.286 mark_density=0.895 exp_mean=263.2 addr_spec=3.813 addr_random=0.909 addr_full=0.0294 correct=114
  mpx-135 traj: trials=32340000 wall=461436s knowledge=0.3849 reliable=849 spec=12.49 pop=16773
  mpx-135 diag: trials=32340000 micro=18607 pop_spec=17.56 spec_max=32 q_mean=0.643 q_max=1.000 q_above_half=12951 marked=0.285 mark_density=0.894 exp_mean=264.8 addr_spec=3.858 addr_random=0.911 addr_full=0.0300 correct=114
  mpx-135 traj: trials=32400000 wall=461502s knowledge=0.3858 reliable=838 spec=12.46 pop=16144
  mpx-135 diag: trials=32400000 micro=17944 pop_spec=17.72 spec_max=32 q_mean=0.643 q_max=1.000 q_above_half=12361 marked=0.280 mark_density=0.895 exp_mean=276.6 addr_spec=3.848 addr_random=0.919 addr_full=0.0313 correct=114
  mpx-135 traj: trials=32460000 wall=461568s knowledge=0.3850 reliable=810 spec=12.44 pop=16137
  mpx-135 diag: trials=32460000 micro=17937 pop_spec=17.74 spec_max=32 q_mean=0.641 q_max=1.000 q_above_half=12234 marked=0.284 mark_density=0.894 exp_mean=277.6 addr_spec=3.843 addr_random=0.920 addr_full=0.0304 correct=113
  mpx-135 traj: trials=32520000 wall=461642s knowledge=0.3839 reliable=805 spec=12.46 pop=16336
  mpx-135 diag: trials=32520000 micro=18113 pop_spec=17.63 spec_max=32 q_mean=0.639 q_max=1.000 q_above_half=12371 marked=0.288 mark_density=0.895 exp_mean=275.9 addr_spec=3.788 addr_random=0.914 addr_full=0.0296 correct=114
  mpx-135 traj: trials=32580000 wall=461709s knowledge=0.3835 reliable=813 spec=12.49 pop=15992
  mpx-135 diag: trials=32580000 micro=17743 pop_spec=17.68 spec_max=32 q_mean=0.640 q_max=1.000 q_above_half=12101 marked=0.277 mark_density=0.896 exp_mean=281.9 addr_spec=3.784 addr_random=0.917 addr_full=0.0305 correct=113
  mpx-135 traj: trials=32640000 wall=461775s knowledge=0.3844 reliable=811 spec=12.46 pop=15877
  mpx-135 diag: trials=32640000 micro=17674 pop_spec=17.74 spec_max=32 q_mean=0.639 q_max=1.000 q_above_half=12064 marked=0.278 mark_density=0.894 exp_mean=285.4 addr_spec=3.771 addr_random=0.920 addr_full=0.0308 correct=113
  mpx-135 traj: trials=32700000 wall=461843s knowledge=0.3825 reliable=757 spec=12.44 pop=15830
  mpx-135 diag: trials=32700000 micro=17646 pop_spec=17.74 spec_max=32 q_mean=0.639 q_max=1.000 q_above_half=11976 marked=0.286 mark_density=0.895 exp_mean=286.9 addr_spec=3.783 addr_random=0.920 addr_full=0.0305 correct=113
  mpx-135 traj: trials=32760000 wall=461908s knowledge=0.3832 reliable=768 spec=12.44 pop=16058
  mpx-135 diag: trials=32760000 micro=17868 pop_spec=17.63 spec_max=32 q_mean=0.639 q_max=1.000 q_above_half=12186 marked=0.281 mark_density=0.895 exp_mean=284.5 addr_spec=3.803 addr_random=0.914 addr_full=0.0308 correct=115
  mpx-135 traj: trials=32820000 wall=462001s knowledge=0.3844 reliable=758 spec=12.40 pop=16493
  mpx-135 diag: trials=32820000 micro=18292 pop_spec=17.55 spec_max=32 q_mean=0.637 q_max=1.000 q_above_half=12437 marked=0.279 mark_density=0.895 exp_mean=278.7 addr_spec=3.751 addr_random=0.910 addr_full=0.0300 correct=114
  mpx-135 traj: trials=32880000 wall=462069s knowledge=0.3830 reliable=740 spec=12.37 pop=16163
  mpx-135 diag: trials=32880000 micro=17944 pop_spec=17.53 spec_max=32 q_mean=0.636 q_max=1.000 q_above_half=12227 marked=0.289 mark_density=0.897 exp_mean=285.9 addr_spec=3.747 addr_random=0.909 addr_full=0.0298 correct=113
  mpx-135 traj: trials=32940000 wall=462136s knowledge=0.3831 reliable=738 spec=12.39 pop=16092
  mpx-135 diag: trials=32940000 micro=17910 pop_spec=17.59 spec_max=32 q_mean=0.637 q_max=1.000 q_above_half=12180 marked=0.283 mark_density=0.896 exp_mean=288.4 addr_spec=3.789 addr_random=0.912 addr_full=0.0297 correct=114
  mpx-135 traj: trials=33000000 wall=462204s knowledge=0.3846 reliable=725 spec=12.35 pop=15478
  mpx-135 diag: trials=33000000 micro=17237 pop_spec=17.81 spec_max=32 q_mean=0.639 q_max=1.000 q_above_half=11747 marked=0.275 mark_density=0.894 exp_mean=301.2 addr_spec=3.785 addr_random=0.923 addr_full=0.0306 correct=114
  mpx-135 traj: trials=33060000 wall=462287s knowledge=0.3844 reliable=715 spec=12.33 pop=15679
  mpx-135 diag: trials=33060000 micro=17408 pop_spec=17.76 spec_max=32 q_mean=0.636 q_max=1.000 q_above_half=11606 marked=0.272 mark_density=0.894 exp_mean=298.9 addr_spec=3.727 addr_random=0.921 addr_full=0.0295 correct=114
  mpx-135 traj: trials=33120000 wall=462351s knowledge=0.3857 reliable=712 spec=12.32 pop=15216
  mpx-135 diag: trials=33120000 micro=16967 pop_spec=17.86 spec_max=32 q_mean=0.637 q_max=1.000 q_above_half=11479 marked=0.282 mark_density=0.894 exp_mean=309.6 addr_spec=3.786 addr_random=0.926 addr_full=0.0300 correct=116
  mpx-135 traj: trials=33180000 wall=462449s knowledge=0.3865 reliable=728 spec=12.34 pop=15894
  mpx-135 diag: trials=33180000 micro=17666 pop_spec=17.66 spec_max=32 q_mean=0.632 q_max=1.000 q_above_half=11669 marked=0.275 mark_density=0.895 exp_mean=297.4 addr_spec=3.705 addr_random=0.915 addr_full=0.0296 correct=117
  mpx-135 traj: trials=33240000 wall=462514s knowledge=0.3869 reliable=717 spec=12.30 pop=15268
  mpx-135 diag: trials=33240000 micro=17071 pop_spec=17.81 spec_max=32 q_mean=0.635 q_max=1.000 q_above_half=11504 marked=0.280 mark_density=0.894 exp_mean=311.2 addr_spec=3.753 addr_random=0.923 addr_full=0.0313 correct=116
  mpx-135 traj: trials=33300000 wall=462579s knowledge=0.3853 reliable=701 spec=12.27 pop=14866
  mpx-135 diag: trials=33300000 micro=16600 pop_spec=17.97 spec_max=32 q_mean=0.635 q_max=1.000 q_above_half=11154 marked=0.274 mark_density=0.893 exp_mean=320.9 addr_spec=3.794 addr_random=0.932 addr_full=0.0314 correct=116
  mpx-135 traj: trials=33360000 wall=462675s knowledge=0.3882 reliable=711 spec=12.26 pop=14813
  mpx-135 diag: trials=33360000 micro=16592 pop_spec=17.94 spec_max=32 q_mean=0.632 q_max=1.000 q_above_half=10896 marked=0.275 mark_density=0.894 exp_mean=323.6 addr_spec=3.721 addr_random=0.930 addr_full=0.0313 correct=118
  mpx-135 traj: trials=33420000 wall=462741s knowledge=0.3863 reliable=696 spec=12.27 pop=14630
  mpx-135 diag: trials=33420000 micro=16405 pop_spec=17.82 spec_max=32 q_mean=0.627 q_max=1.000 q_above_half=10532 marked=0.273 mark_density=0.897 exp_mean=326.2 addr_spec=3.606 addr_random=0.924 addr_full=0.0309 correct=117
  mpx-135 traj: trials=33480000 wall=462802s knowledge=0.3856 reliable=697 spec=12.24 pop=14168
  mpx-135 diag: trials=33480000 micro=15874 pop_spec=18.06 spec_max=32 q_mean=0.630 q_max=1.000 q_above_half=10344 marked=0.271 mark_density=0.895 exp_mean=337.9 addr_spec=3.676 addr_random=0.937 addr_full=0.0309 correct=116
  mpx-135 traj: trials=33540000 wall=462871s knowledge=0.3871 reliable=696 spec=12.24 pop=14046
  mpx-135 diag: trials=33540000 micro=15755 pop_spec=18.14 spec_max=32 q_mean=0.631 q_max=1.000 q_above_half=10236 marked=0.262 mark_density=0.894 exp_mean=342.6 addr_spec=3.688 addr_random=0.941 addr_full=0.0314 correct=119
  mpx-135 traj: trials=33600000 wall=462993s knowledge=0.3867 reliable=678 spec=12.22 pop=14111
  mpx-135 diag: trials=33600000 micro=15829 pop_spec=18.13 spec_max=32 q_mean=0.626 q_max=1.000 q_above_half=10075 marked=0.263 mark_density=0.894 exp_mean=342.1 addr_spec=3.663 addr_random=0.940 addr_full=0.0313 correct=118
  mpx-135 traj: trials=33660000 wall=463055s knowledge=0.3883 reliable=671 spec=12.18 pop=13714
  mpx-135 diag: trials=33660000 micro=15481 pop_spec=18.16 spec_max=32 q_mean=0.628 q_max=1.000 q_above_half=9918 marked=0.265 mark_density=0.895 exp_mean=353.7 addr_spec=3.679 addr_random=0.942 addr_full=0.0323 correct=119
  mpx-135 traj: trials=33720000 wall=463115s knowledge=0.3889 reliable=665 spec=12.14 pop=13205
  mpx-135 diag: trials=33720000 micro=14982 pop_spec=18.43 spec_max=32 q_mean=0.628 q_max=1.000 q_above_half=9524 marked=0.256 mark_density=0.894 exp_mean=369.2 addr_spec=3.691 addr_random=0.956 addr_full=0.0327 correct=120
  mpx-135 traj: trials=33780000 wall=463172s knowledge=0.3893 reliable=644 spec=12.11 pop=13076
  mpx-135 diag: trials=33780000 micro=14818 pop_spec=18.52 spec_max=32 q_mean=0.627 q_max=1.000 q_above_half=9373 marked=0.256 mark_density=0.893 exp_mean=374.7 addr_spec=3.704 addr_random=0.960 addr_full=0.0320 correct=120
  mpx-135 traj: trials=33840000 wall=463237s knowledge=0.3907 reliable=647 spec=12.12 pop=13210
  mpx-135 diag: trials=33840000 micro=14909 pop_spec=18.42 spec_max=32 q_mean=0.626 q_max=1.000 q_above_half=9459 marked=0.260 mark_density=0.893 exp_mean=372.8 addr_spec=3.683 addr_random=0.955 addr_full=0.0315 correct=121
  mpx-135 traj: trials=33900000 wall=463293s knowledge=0.3901 reliable=647 spec=12.10 pop=12897
  mpx-135 diag: trials=33900000 micro=14694 pop_spec=18.53 spec_max=32 q_mean=0.625 q_max=1.000 q_above_half=9240 marked=0.259 mark_density=0.893 exp_mean=383.9 addr_spec=3.678 addr_random=0.961 addr_full=0.0313 correct=121
  mpx-135 traj: trials=33960000 wall=463352s knowledge=0.3913 reliable=638 spec=12.06 pop=12858
  mpx-135 diag: trials=33960000 micro=14624 pop_spec=18.51 spec_max=32 q_mean=0.623 q_max=1.000 q_above_half=9134 marked=0.253 mark_density=0.893 exp_mean=387.2 addr_spec=3.640 addr_random=0.960 addr_full=0.0320 correct=122
  mpx-135 traj: trials=34020000 wall=463408s knowledge=0.3901 reliable=628 spec=12.03 pop=12529
  mpx-135 diag: trials=34020000 micro=14255 pop_spec=18.70 spec_max=32 q_mean=0.624 q_max=1.000 q_above_half=8854 marked=0.244 mark_density=0.892 exp_mean=398.1 addr_spec=3.672 addr_random=0.970 addr_full=0.0320 correct=122
  mpx-135 traj: trials=34080000 wall=463464s knowledge=0.3898 reliable=619 spec=12.00 pop=12591
  mpx-135 diag: trials=34080000 micro=14354 pop_spec=18.64 spec_max=32 q_mean=0.622 q_max=1.000 q_above_half=8837 marked=0.251 mark_density=0.894 exp_mean=397.4 addr_spec=3.645 addr_random=0.966 addr_full=0.0314 correct=121
  mpx-135 traj: trials=34140000 wall=463522s knowledge=0.3900 reliable=622 spec=12.00 pop=12509
  mpx-135 diag: trials=34140000 micro=14241 pop_spec=18.63 spec_max=32 q_mean=0.622 q_max=1.000 q_above_half=8804 marked=0.249 mark_density=0.894 exp_mean=402.0 addr_spec=3.669 addr_random=0.966 addr_full=0.0326 correct=121
  mpx-135 traj: trials=34200000 wall=463577s knowledge=0.3896 reliable=611 spec=11.99 pop=12356
  mpx-135 diag: trials=34200000 micro=14075 pop_spec=18.68 spec_max=32 q_mean=0.622 q_max=1.000 q_above_half=8699 marked=0.248 mark_density=0.895 exp_mean=408.7 addr_spec=3.660 addr_random=0.968 addr_full=0.0314 correct=121
  mpx-135 traj: trials=34260000 wall=463633s knowledge=0.3899 reliable=613 spec=11.96 pop=12338
  mpx-135 diag: trials=34260000 micro=14046 pop_spec=18.63 spec_max=32 q_mean=0.621 q_max=1.000 q_above_half=8655 marked=0.254 mark_density=0.895 exp_mean=410.5 addr_spec=3.643 addr_random=0.966 addr_full=0.0325 correct=122
  mpx-135 traj: trials=34320000 wall=463694s knowledge=0.3910 reliable=605 spec=11.94 pop=12398
  mpx-135 diag: trials=34320000 micro=14080 pop_spec=18.64 spec_max=32 q_mean=0.622 q_max=1.000 q_above_half=8770 marked=0.251 mark_density=0.894 exp_mean=410.6 addr_spec=3.651 addr_random=0.966 addr_full=0.0318 correct=123
  mpx-135 traj: trials=34380000 wall=463750s knowledge=0.3895 reliable=588 spec=11.96 pop=12187
  mpx-135 diag: trials=34380000 micro=13856 pop_spec=18.74 spec_max=32 q_mean=0.621 q_max=1.000 q_above_half=8539 marked=0.247 mark_density=0.894 exp_mean=419.6 addr_spec=3.670 addr_random=0.972 addr_full=0.0317 correct=121
  mpx-135 traj: trials=34440000 wall=463807s knowledge=0.3897 reliable=589 spec=11.92 pop=12061
  mpx-135 diag: trials=34440000 micro=13791 pop_spec=18.81 spec_max=32 q_mean=0.622 q_max=1.000 q_above_half=8428 marked=0.244 mark_density=0.894 exp_mean=426.1 addr_spec=3.678 addr_random=0.975 addr_full=0.0326 correct=123
  mpx-135 traj: trials=34500000 wall=463861s knowledge=0.3922 reliable=606 spec=11.93 pop=12056
  mpx-135 diag: trials=34500000 micro=13749 pop_spec=18.73 spec_max=32 q_mean=0.623 q_max=1.000 q_above_half=8484 marked=0.255 mark_density=0.896 exp_mean=428.7 addr_spec=3.666 addr_random=0.971 addr_full=0.0328 correct=126
  mpx-135 traj: trials=34560000 wall=463914s knowledge=0.3943 reliable=591 spec=11.92 pop=12002
  mpx-135 diag: trials=34560000 micro=13732 pop_spec=18.81 spec_max=32 q_mean=0.623 q_max=1.000 q_above_half=8403 marked=0.249 mark_density=0.894 exp_mean=432.4 addr_spec=3.711 addr_random=0.975 addr_full=0.0326 correct=127
  mpx-135 traj: trials=34620000 wall=463970s knowledge=0.3948 reliable=583 spec=11.87 pop=12145
  mpx-135 diag: trials=34620000 micro=13871 pop_spec=18.63 spec_max=32 q_mean=0.622 q_max=1.000 q_above_half=8574 marked=0.245 mark_density=0.896 exp_mean=427.2 addr_spec=3.668 addr_random=0.966 addr_full=0.0322 correct=128
  mpx-135 traj: trials=34680000 wall=464049s knowledge=0.3960 reliable=582 spec=11.86 pop=12087
  mpx-135 diag: trials=34680000 micro=13838 pop_spec=18.74 spec_max=32 q_mean=0.616 q_max=1.000 q_above_half=8216 marked=0.246 mark_density=0.895 exp_mean=431.4 addr_spec=3.623 addr_random=0.972 addr_full=0.0319 correct=128
  mpx-135 traj: trials=34740000 wall=464104s knowledge=0.3955 reliable=569 spec=11.85 pop=11641
  mpx-135 diag: trials=34740000 micro=13356 pop_spec=18.94 spec_max=32 q_mean=0.617 q_max=1.000 q_above_half=7970 marked=0.240 mark_density=0.894 exp_mean=450.0 addr_spec=3.623 addr_random=0.982 addr_full=0.0333 correct=129
  mpx-135 traj: trials=34800000 wall=464159s knowledge=0.3951 reliable=568 spec=11.84 pop=11590
  mpx-135 diag: trials=34800000 micro=13287 pop_spec=18.93 spec_max=32 q_mean=0.617 q_max=1.000 q_above_half=7916 marked=0.250 mark_density=0.895 exp_mean=454.3 addr_spec=3.640 addr_random=0.981 addr_full=0.0333 correct=130
  mpx-135 traj: trials=34860000 wall=464218s knowledge=0.3962 reliable=563 spec=11.82 pop=11571
  mpx-135 diag: trials=34860000 micro=13250 pop_spec=18.97 spec_max=32 q_mean=0.617 q_max=1.000 q_above_half=7929 marked=0.239 mark_density=0.894 exp_mean=457.4 addr_spec=3.644 addr_random=0.984 addr_full=0.0338 correct=130
  mpx-135 traj: trials=34920000 wall=464273s knowledge=0.3963 reliable=574 spec=11.84 pop=11575
  mpx-135 diag: trials=34920000 micro=13297 pop_spec=18.89 spec_max=32 q_mean=0.618 q_max=1.000 q_above_half=7986 marked=0.237 mark_density=0.894 exp_mean=459.7 addr_spec=3.626 addr_random=0.980 addr_full=0.0346 correct=130
  mpx-135 traj: trials=34980000 wall=464327s knowledge=0.3962 reliable=585 spec=11.89 pop=11309
  mpx-135 diag: trials=34980000 micro=13066 pop_spec=19.10 spec_max=32 q_mean=0.619 q_max=1.000 q_above_half=7789 marked=0.237 mark_density=0.894 exp_mean=473.0 addr_spec=3.692 addr_random=0.990 addr_full=0.0357 correct=131
  mpx-135 traj: trials=35040000 wall=464420s knowledge=0.3942 reliable=561 spec=11.84 pop=11850
  mpx-135 diag: trials=35040000 micro=13562 pop_spec=18.75 spec_max=32 q_mean=0.615 q_max=1.000 q_above_half=8079 marked=0.234 mark_density=0.895 exp_mean=453.6 addr_spec=3.569 addr_random=0.972 addr_full=0.0334 correct=128
  mpx-135 traj: trials=35100000 wall=464482s knowledge=0.3936 reliable=568 spec=11.85 pop=11796
  mpx-135 diag: trials=35100000 micro=13498 pop_spec=18.65 spec_max=32 q_mean=0.613 q_max=1.000 q_above_half=7864 marked=0.244 mark_density=0.898 exp_mean=458.1 addr_spec=3.523 addr_random=0.967 addr_full=0.0344 correct=127
  mpx-135 traj: trials=35160000 wall=464535s knowledge=0.3937 reliable=567 spec=11.82 pop=11433
  mpx-135 diag: trials=35160000 micro=13142 pop_spec=18.93 spec_max=32 q_mean=0.619 q_max=1.000 q_above_half=7808 marked=0.232 mark_density=0.895 exp_mean=475.0 addr_spec=3.644 addr_random=0.982 addr_full=0.0356 correct=127
  mpx-135 traj: trials=35220000 wall=464588s knowledge=0.3944 reliable=576 spec=11.82 pop=11279
  mpx-135 diag: trials=35220000 micro=12997 pop_spec=19.01 spec_max=32 q_mean=0.618 q_max=1.000 q_above_half=7709 marked=0.228 mark_density=0.894 exp_mean=482.0 addr_spec=3.624 addr_random=0.986 addr_full=0.0371 correct=126
  mpx-135 traj: trials=35280000 wall=464640s knowledge=0.3933 reliable=564 spec=11.78 pop=11273
  mpx-135 diag: trials=35280000 micro=12959 pop_spec=18.99 spec_max=32 q_mean=0.620 q_max=1.000 q_above_half=7694 marked=0.228 mark_density=0.895 exp_mean=484.7 addr_spec=3.672 addr_random=0.985 addr_full=0.0362 correct=125
  mpx-135 traj: trials=35340000 wall=464694s knowledge=0.3917 reliable=568 spec=11.79 pop=11340
  mpx-135 diag: trials=35340000 micro=13068 pop_spec=18.93 spec_max=32 q_mean=0.618 q_max=1.000 q_above_half=7711 marked=0.233 mark_density=0.896 exp_mean=484.1 addr_spec=3.619 addr_random=0.982 addr_full=0.0358 correct=125
  mpx-135 traj: trials=35400000 wall=464751s knowledge=0.3924 reliable=570 spec=11.80 pop=11246
  mpx-135 diag: trials=35400000 micro=12941 pop_spec=19.01 spec_max=32 q_mean=0.618 q_max=1.000 q_above_half=7714 marked=0.231 mark_density=0.895 exp_mean=490.6 addr_spec=3.645 addr_random=0.986 addr_full=0.0366 correct=127
  mpx-135 traj: trials=35460000 wall=464816s knowledge=0.3927 reliable=570 spec=11.81 pop=11717
  mpx-135 diag: trials=35460000 micro=13393 pop_spec=18.72 spec_max=32 q_mean=0.612 q_max=1.000 q_above_half=7788 marked=0.237 mark_density=0.898 exp_mean=473.2 addr_spec=3.506 addr_random=0.971 addr_full=0.0355 correct=127
  mpx-135 traj: trials=35520000 wall=464872s knowledge=0.3932 reliable=570 spec=11.81 pop=11274
  mpx-135 diag: trials=35520000 micro=12973 pop_spec=18.97 spec_max=32 q_mean=0.618 q_max=1.000 q_above_half=7736 marked=0.228 mark_density=0.895 exp_mean=493.9 addr_spec=3.587 addr_random=0.984 addr_full=0.0358 correct=125
  mpx-135 traj: trials=35580000 wall=464926s knowledge=0.3934 reliable=569 spec=11.81 pop=11352
  mpx-135 diag: trials=35580000 micro=13043 pop_spec=18.84 spec_max=32 q_mean=0.617 q_max=1.000 q_above_half=7774 marked=0.236 mark_density=0.896 exp_mean=493.0 addr_spec=3.575 addr_random=0.977 addr_full=0.0362 correct=126
  mpx-135 traj: trials=35640000 wall=464980s knowledge=0.3937 reliable=562 spec=11.75 pop=11401
  mpx-135 diag: trials=35640000 micro=13086 pop_spec=18.83 spec_max=32 q_mean=0.618 q_max=1.000 q_above_half=7824 marked=0.237 mark_density=0.896 exp_mean=493.3 addr_spec=3.634 addr_random=0.976 addr_full=0.0361 correct=128
  mpx-135 traj: trials=35700000 wall=465033s knowledge=0.3936 reliable=562 spec=11.74 pop=11335
  mpx-135 diag: trials=35700000 micro=13053 pop_spec=18.92 spec_max=32 q_mean=0.616 q_max=1.000 q_above_half=7702 marked=0.238 mark_density=0.896 exp_mean=498.4 addr_spec=3.637 addr_random=0.981 addr_full=0.0365 correct=127
  mpx-135 traj: trials=35760000 wall=465088s knowledge=0.3932 reliable=559 spec=11.71 pop=11447
  mpx-135 diag: trials=35760000 micro=13162 pop_spec=18.80 spec_max=32 q_mean=0.616 q_max=1.000 q_above_half=7777 marked=0.241 mark_density=0.898 exp_mean=490.6 addr_spec=3.596 addr_random=0.975 addr_full=0.0359 correct=128
  mpx-135 traj: trials=35820000 wall=465146s knowledge=0.3932 reliable=565 spec=11.70 pop=11270
  mpx-135 diag: trials=35820000 micro=12982 pop_spec=18.90 spec_max=32 q_mean=0.617 q_max=1.000 q_above_half=7690 marked=0.240 mark_density=0.896 exp_mean=500.3 addr_spec=3.659 addr_random=0.980 addr_full=0.0368 correct=130
  mpx-135 traj: trials=35880000 wall=465199s knowledge=0.3938 reliable=561 spec=11.71 pop=11175
  mpx-135 diag: trials=35880000 micro=12907 pop_spec=19.00 spec_max=32 q_mean=0.616 q_max=1.000 q_above_half=7594 marked=0.243 mark_density=0.895 exp_mean=507.1 addr_spec=3.673 addr_random=0.985 addr_full=0.0376 correct=131
  mpx-135 traj: trials=35940000 wall=465251s knowledge=0.3948 reliable=561 spec=11.70 pop=11091
  mpx-135 diag: trials=35940000 micro=12816 pop_spec=19.01 spec_max=32 q_mean=0.615 q_max=1.000 q_above_half=7498 marked=0.230 mark_density=0.895 exp_mean=513.3 addr_spec=3.646 addr_random=0.986 addr_full=0.0393 correct=131
  mpx-135 traj: trials=36000000 wall=465305s knowledge=0.3958 reliable=560 spec=11.69 pop=11147
  mpx-135 diag: trials=36000000 micro=12870 pop_spec=18.87 spec_max=32 q_mean=0.613 q_max=1.000 q_above_half=7541 marked=0.235 mark_density=0.897 exp_mean=512.6 addr_spec=3.612 addr_random=0.979 addr_full=0.0394 correct=131
  mpx-135 traj: trials=36060000 wall=465358s knowledge=0.3929 reliable=561 spec=11.71 pop=10984
  mpx-135 diag: trials=36060000 micro=12708 pop_spec=19.04 spec_max=32 q_mean=0.616 q_max=1.000 q_above_half=7434 marked=0.235 mark_density=0.896 exp_mean=521.6 addr_spec=3.633 addr_random=0.987 addr_full=0.0409 correct=129
  mpx-135 traj: trials=36120000 wall=465415s knowledge=0.3965 reliable=569 spec=11.69 pop=10986
  mpx-135 diag: trials=36120000 micro=12719 pop_spec=19.04 spec_max=32 q_mean=0.613 q_max=1.000 q_above_half=7296 marked=0.226 mark_density=0.895 exp_mean=523.3 addr_spec=3.606 addr_random=0.987 addr_full=0.0402 correct=129
  mpx-135 traj: trials=36180000 wall=465466s knowledge=0.3960 reliable=548 spec=11.64 pop=10989
  mpx-135 diag: trials=36180000 micro=12684 pop_spec=18.93 spec_max=32 q_mean=0.613 q_max=1.000 q_above_half=7421 marked=0.237 mark_density=0.898 exp_mean=525.7 addr_spec=3.587 addr_random=0.981 addr_full=0.0399 correct=129
  mpx-135 traj: trials=36240000 wall=465531s knowledge=0.3954 reliable=559 spec=11.69 pop=11081
  mpx-135 diag: trials=36240000 micro=12800 pop_spec=18.88 spec_max=32 q_mean=0.612 q_max=1.000 q_above_half=7371 marked=0.237 mark_density=0.898 exp_mean=523.8 addr_spec=3.586 addr_random=0.979 addr_full=0.0386 correct=128
  mpx-135 traj: trials=36300000 wall=465584s knowledge=0.3944 reliable=566 spec=11.72 pop=10971
  mpx-135 diag: trials=36300000 micro=12679 pop_spec=18.98 spec_max=32 q_mean=0.611 q_max=1.000 q_above_half=7260 marked=0.238 mark_density=0.898 exp_mean=527.8 addr_spec=3.585 addr_random=0.984 addr_full=0.0387 correct=128
  mpx-135 traj: trials=36360000 wall=465636s knowledge=0.3927 reliable=564 spec=11.71 pop=11025
  mpx-135 diag: trials=36360000 micro=12765 pop_spec=18.83 spec_max=32 q_mean=0.612 q_max=1.000 q_above_half=7354 marked=0.237 mark_density=0.899 exp_mean=527.6 addr_spec=3.585 addr_random=0.976 addr_full=0.0386 correct=126
  mpx-135 traj: trials=36420000 wall=465688s knowledge=0.3934 reliable=564 spec=11.68 pop=10891
  mpx-135 diag: trials=36420000 micro=12614 pop_spec=18.97 spec_max=32 q_mean=0.614 q_max=1.000 q_above_half=7315 marked=0.236 mark_density=0.898 exp_mean=536.7 addr_spec=3.616 addr_random=0.984 addr_full=0.0396 correct=127
  mpx-135 traj: trials=36480000 wall=465742s knowledge=0.3937 reliable=563 spec=11.71 pop=10754
  mpx-135 diag: trials=36480000 micro=12437 pop_spec=19.11 spec_max=32 q_mean=0.614 q_max=1.000 q_above_half=7220 marked=0.229 mark_density=0.896 exp_mean=546.1 addr_spec=3.630 addr_random=0.991 addr_full=0.0407 correct=127
  mpx-135 traj: trials=36540000 wall=465794s knowledge=0.3943 reliable=574 spec=11.72 pop=10754
  mpx-135 diag: trials=36540000 micro=12464 pop_spec=19.11 spec_max=32 q_mean=0.612 q_max=1.000 q_above_half=7129 marked=0.223 mark_density=0.896 exp_mean=548.7 addr_spec=3.606 addr_random=0.991 addr_full=0.0406 correct=127
  mpx-135 traj: trials=36600000 wall=465844s knowledge=0.3938 reliable=560 spec=11.68 pop=10834
  mpx-135 diag: trials=36600000 micro=12520 pop_spec=19.00 spec_max=32 q_mean=0.614 q_max=1.000 q_above_half=7253 marked=0.236 mark_density=0.897 exp_mean=546.9 addr_spec=3.650 addr_random=0.985 addr_full=0.0400 correct=128
  mpx-135 traj: trials=36660000 wall=465910s knowledge=0.3933 reliable=560 spec=11.70 pop=11222
  mpx-135 diag: trials=36660000 micro=12901 pop_spec=18.76 spec_max=32 q_mean=0.610 q_max=1.000 q_above_half=7426 marked=0.232 mark_density=0.898 exp_mean=530.5 addr_spec=3.568 addr_random=0.973 addr_full=0.0395 correct=127
  mpx-135 traj: trials=36720000 wall=465963s knowledge=0.3933 reliable=566 spec=11.72 pop=10867
  mpx-135 diag: trials=36720000 micro=12535 pop_spec=19.01 spec_max=32 q_mean=0.612 q_max=1.000 q_above_half=7226 marked=0.226 mark_density=0.897 exp_mean=550.2 addr_spec=3.622 addr_random=0.986 addr_full=0.0402 correct=126
  mpx-135 traj: trials=36780000 wall=466019s knowledge=0.3939 reliable=577 spec=11.72 pop=10825
  mpx-135 diag: trials=36780000 micro=12530 pop_spec=19.01 spec_max=32 q_mean=0.613 q_max=1.000 q_above_half=7175 marked=0.221 mark_density=0.897 exp_mean=554.9 addr_spec=3.640 addr_random=0.986 addr_full=0.0415 correct=126
  mpx-135 traj: trials=36840000 wall=466098s knowledge=0.3947 reliable=586 spec=11.75 pop=10910
  mpx-135 diag: trials=36840000 micro=12595 pop_spec=18.95 spec_max=32 q_mean=0.614 q_max=1.000 q_above_half=7321 marked=0.228 mark_density=0.897 exp_mean=553.2 addr_spec=3.585 addr_random=0.983 addr_full=0.0414 correct=127
  mpx-135 traj: trials=36900000 wall=466154s knowledge=0.3944 reliable=580 spec=11.74 pop=10955
  mpx-135 diag: trials=36900000 micro=12700 pop_spec=18.94 spec_max=32 q_mean=0.614 q_max=1.000 q_above_half=7315 marked=0.234 mark_density=0.897 exp_mean=553.5 addr_spec=3.601 addr_random=0.982 addr_full=0.0414 correct=128
  mpx-135 traj: trials=36960000 wall=466209s knowledge=0.3930 reliable=583 spec=11.76 pop=10978
  mpx-135 diag: trials=36960000 micro=12659 pop_spec=18.89 spec_max=32 q_mean=0.613 q_max=1.000 q_above_half=7360 marked=0.229 mark_density=0.897 exp_mean=554.8 addr_spec=3.576 addr_random=0.979 addr_full=0.0402 correct=127
  mpx-135 traj: trials=37020000 wall=466264s knowledge=0.3923 reliable=589 spec=11.79 pop=10941
  mpx-135 diag: trials=37020000 micro=12673 pop_spec=18.94 spec_max=32 q_mean=0.613 q_max=1.000 q_above_half=7286 marked=0.229 mark_density=0.897 exp_mean=559.2 addr_spec=3.573 addr_random=0.982 addr_full=0.0400 correct=127
  mpx-135 traj: trials=37080000 wall=466316s knowledge=0.3917 reliable=578 spec=11.78 pop=11031
  mpx-135 diag: trials=37080000 micro=12755 pop_spec=18.79 spec_max=32 q_mean=0.613 q_max=1.000 q_above_half=7374 marked=0.239 mark_density=0.899 exp_mean=557.1 addr_spec=3.611 addr_random=0.974 addr_full=0.0404 correct=127
  mpx-135 traj: trials=37140000 wall=466372s knowledge=0.3938 reliable=584 spec=11.76 pop=10821
  mpx-135 diag: trials=37140000 micro=12507 pop_spec=18.93 spec_max=32 q_mean=0.613 q_max=1.000 q_above_half=7216 marked=0.235 mark_density=0.900 exp_mean=570.4 addr_spec=3.588 addr_random=0.981 addr_full=0.0411 correct=127
  mpx-135 traj: trials=37200000 wall=466432s knowledge=0.3938 reliable=573 spec=11.72 pop=10783
  mpx-135 diag: trials=37200000 micro=12472 pop_spec=18.93 spec_max=32 q_mean=0.613 q_max=1.000 q_above_half=7221 marked=0.226 mark_density=0.898 exp_mean=575.0 addr_spec=3.572 addr_random=0.982 addr_full=0.0408 correct=129
  mpx-135 traj: trials=37260000 wall=466483s knowledge=0.3974 reliable=589 spec=11.72 pop=10573
  mpx-135 diag: trials=37260000 micro=12311 pop_spec=19.11 spec_max=32 q_mean=0.616 q_max=1.000 q_above_half=7132 marked=0.216 mark_density=0.895 exp_mean=589.0 addr_spec=3.661 addr_random=0.991 addr_full=0.0420 correct=129
  mpx-135 traj: trials=37320000 wall=466539s knowledge=0.3977 reliable=606 spec=11.71 pop=10724
  mpx-135 diag: trials=37320000 micro=12438 pop_spec=18.99 spec_max=32 q_mean=0.611 q_max=1.000 q_above_half=7008 marked=0.219 mark_density=0.897 exp_mean=583.3 addr_spec=3.534 addr_random=0.985 addr_full=0.0405 correct=129
  mpx-135 traj: trials=37380000 wall=466590s knowledge=0.3980 reliable=603 spec=11.72 pop=10699
  mpx-135 diag: trials=37380000 micro=12412 pop_spec=18.89 spec_max=32 q_mean=0.610 q_max=1.000 q_above_half=6984 marked=0.231 mark_density=0.900 exp_mean=587.5 addr_spec=3.503 addr_random=0.979 addr_full=0.0408 correct=129
  mpx-135 traj: trials=37440000 wall=466646s knowledge=0.3988 reliable=599 spec=11.72 pop=10667
  mpx-135 diag: trials=37440000 micro=12398 pop_spec=18.94 spec_max=32 q_mean=0.614 q_max=1.000 q_above_half=7095 marked=0.228 mark_density=0.899 exp_mean=591.8 addr_spec=3.571 addr_random=0.982 addr_full=0.0416 correct=130
  mpx-135 traj: trials=37500000 wall=466713s knowledge=0.3982 reliable=596 spec=11.72 pop=10992
  mpx-135 diag: trials=37500000 micro=12747 pop_spec=18.65 spec_max=32 q_mean=0.609 q_max=1.000 q_above_half=7113 marked=0.227 mark_density=0.901 exp_mean=577.1 addr_spec=3.467 addr_random=0.967 addr_full=0.0413 correct=130
  mpx-135 traj: trials=37560000 wall=466764s knowledge=0.3982 reliable=593 spec=11.71 pop=10571
  mpx-135 diag: trials=37560000 micro=12297 pop_spec=19.02 spec_max=32 q_mean=0.613 q_max=1.000 q_above_half=6979 marked=0.226 mark_density=0.898 exp_mean=602.5 addr_spec=3.603 addr_random=0.986 addr_full=0.0428 correct=129
  mpx-135 traj: trials=37620000 wall=466816s knowledge=0.3974 reliable=585 spec=11.71 pop=10490
  mpx-135 diag: trials=37620000 micro=12216 pop_spec=19.07 spec_max=32 q_mean=0.612 q_max=1.000 q_above_half=6900 marked=0.233 mark_density=0.899 exp_mean=609.6 addr_spec=3.598 addr_random=0.989 addr_full=0.0431 correct=129
  mpx-135 traj: trials=37680000 wall=466867s knowledge=0.3967 reliable=575 spec=11.71 pop=10599
  mpx-135 diag: trials=37680000 micro=12309 pop_spec=18.90 spec_max=32 q_mean=0.611 q_max=1.000 q_above_half=6986 marked=0.221 mark_density=0.900 exp_mean=605.8 addr_spec=3.540 addr_random=0.980 addr_full=0.0418 correct=129
  mpx-135 traj: trials=37740000 wall=466918s knowledge=0.3970 reliable=578 spec=11.72 pop=10323
  mpx-135 diag: trials=37740000 micro=12023 pop_spec=19.17 spec_max=32 q_mean=0.613 q_max=1.000 q_above_half=6831 marked=0.222 mark_density=0.898 exp_mean=624.6 addr_spec=3.603 addr_random=0.994 addr_full=0.0425 correct=128
  mpx-135 traj: trials=37800000 wall=466967s knowledge=0.3970 reliable=587 spec=11.74 pop=10392
  mpx-135 diag: trials=37800000 micro=12097 pop_spec=19.15 spec_max=32 q_mean=0.614 q_max=1.000 q_above_half=6893 marked=0.227 mark_density=0.898 exp_mean=623.2 addr_spec=3.626 addr_random=0.993 addr_full=0.0423 correct=129
  mpx-135 traj: trials=37860000 wall=467021s knowledge=0.3962 reliable=581 spec=11.72 pop=10351
  mpx-135 diag: trials=37860000 micro=12049 pop_spec=19.18 spec_max=32 q_mean=0.614 q_max=1.000 q_above_half=6867 marked=0.219 mark_density=0.897 exp_mean=627.2 addr_spec=3.603 addr_random=0.995 addr_full=0.0432 correct=128
  mpx-135 traj: trials=37920000 wall=467074s knowledge=0.3966 reliable=592 spec=11.74 pop=10457
  mpx-135 diag: trials=37920000 micro=12150 pop_spec=19.11 spec_max=32 q_mean=0.615 q_max=1.000 q_above_half=7001 marked=0.220 mark_density=0.897 exp_mean=623.6 addr_spec=3.616 addr_random=0.991 addr_full=0.0423 correct=128
  mpx-135 traj: trials=37980000 wall=467125s knowledge=0.3958 reliable=585 spec=11.71 pop=10585
  mpx-135 diag: trials=37980000 micro=12298 pop_spec=18.93 spec_max=32 q_mean=0.612 q_max=1.000 q_above_half=7004 marked=0.231 mark_density=0.900 exp_mean=618.7 addr_spec=3.564 addr_random=0.981 addr_full=0.0420 correct=127
  mpx-135 traj: trials=38040000 wall=467193s knowledge=0.3948 reliable=581 spec=11.72 pop=10597
  mpx-135 diag: trials=38040000 micro=12289 pop_spec=19.04 spec_max=32 q_mean=0.612 q_max=1.000 q_above_half=6981 marked=0.221 mark_density=0.896 exp_mean=620.5 addr_spec=3.588 addr_random=0.988 addr_full=0.0414 correct=128
  mpx-135 traj: trials=38100000 wall=467246s knowledge=0.3955 reliable=580 spec=11.72 pop=10652
  mpx-135 diag: trials=38100000 micro=12354 pop_spec=18.91 spec_max=32 q_mean=0.612 q_max=1.000 q_above_half=7078 marked=0.222 mark_density=0.898 exp_mean=619.9 addr_spec=3.559 addr_random=0.981 addr_full=0.0417 correct=129
  mpx-135 traj: trials=38160000 wall=467300s knowledge=0.3951 reliable=570 spec=11.69 pop=10523
  mpx-135 diag: trials=38160000 micro=12215 pop_spec=19.03 spec_max=32 q_mean=0.612 q_max=1.000 q_above_half=6960 marked=0.230 mark_density=0.898 exp_mean=630.1 addr_spec=3.554 addr_random=0.987 addr_full=0.0418 correct=127
  mpx-135 traj: trials=38220000 wall=467351s knowledge=0.3957 reliable=563 spec=11.64 pop=10292
  mpx-135 diag: trials=38220000 micro=12061 pop_spec=19.13 spec_max=32 q_mean=0.613 q_max=1.000 q_above_half=6811 marked=0.223 mark_density=0.897 exp_mean=646.9 addr_spec=3.599 addr_random=0.992 addr_full=0.0429 correct=127
  mpx-135 traj: trials=38280000 wall=467402s knowledge=0.3932 reliable=566 spec=11.68 pop=10319
  mpx-135 diag: trials=38280000 micro=12000 pop_spec=19.12 spec_max=32 q_mean=0.610 q_max=1.000 q_above_half=6750 marked=0.231 mark_density=0.899 exp_mean=646.9 addr_spec=3.564 addr_random=0.992 addr_full=0.0423 correct=126
  mpx-135 traj: trials=38340000 wall=467456s knowledge=0.3949 reliable=567 spec=11.66 pop=10238
  mpx-135 diag: trials=38340000 micro=11940 pop_spec=19.19 spec_max=32 q_mean=0.611 q_max=1.000 q_above_half=6727 marked=0.218 mark_density=0.898 exp_mean=654.6 addr_spec=3.594 addr_random=0.995 addr_full=0.0418 correct=127
  mpx-135 traj: trials=38400000 wall=467530s knowledge=0.3956 reliable=565 spec=11.67 pop=10651
  mpx-135 diag: trials=38400000 micro=12351 pop_spec=18.82 spec_max=32 q_mean=0.607 q_max=1.000 q_above_half=6880 marked=0.232 mark_density=0.901 exp_mean=632.0 addr_spec=3.455 addr_random=0.976 addr_full=0.0398 correct=129
  mpx-135 traj: trials=38460000 wall=467580s knowledge=0.3953 reliable=569 spec=11.68 pop=10340
  mpx-135 diag: trials=38460000 micro=12051 pop_spec=19.09 spec_max=32 q_mean=0.610 q_max=1.000 q_above_half=6826 marked=0.230 mark_density=0.898 exp_mean=653.4 addr_spec=3.579 addr_random=0.990 addr_full=0.0416 correct=129
  mpx-135 traj: trials=38520000 wall=467631s knowledge=0.3963 reliable=575 spec=11.66 pop=10361
  mpx-135 diag: trials=38520000 micro=12055 pop_spec=19.04 spec_max=32 q_mean=0.613 q_max=1.000 q_above_half=6905 marked=0.225 mark_density=0.899 exp_mean=654.6 addr_spec=3.606 addr_random=0.987 addr_full=0.0412 correct=129
  mpx-135 traj: trials=38580000 wall=467681s knowledge=0.3962 reliable=570 spec=11.64 pop=10228
  mpx-135 diag: trials=38580000 micro=11939 pop_spec=19.14 spec_max=32 q_mean=0.613 q_max=1.000 q_above_half=6851 marked=0.231 mark_density=0.899 exp_mean=665.1 addr_spec=3.625 addr_random=0.992 addr_full=0.0425 correct=130
  mpx-135 traj: trials=38640000 wall=467733s knowledge=0.3969 reliable=561 spec=11.61 pop=10391
  mpx-135 diag: trials=38640000 micro=12071 pop_spec=18.99 spec_max=32 q_mean=0.609 q_max=1.000 q_above_half=6705 marked=0.220 mark_density=0.899 exp_mean=657.3 addr_spec=3.560 addr_random=0.985 addr_full=0.0424 correct=130
  mpx-135 traj: trials=38700000 wall=467789s knowledge=0.3963 reliable=567 spec=11.61 pop=10375
  mpx-135 diag: trials=38700000 micro=12109 pop_spec=19.05 spec_max=32 q_mean=0.610 q_max=1.000 q_above_half=6770 marked=0.216 mark_density=0.898 exp_mean=661.0 addr_spec=3.528 addr_random=0.988 addr_full=0.0411 correct=130
  mpx-135 traj: trials=38760000 wall=467841s knowledge=0.3976 reliable=573 spec=11.65 pop=10143
  mpx-135 diag: trials=38760000 micro=11821 pop_spec=19.19 spec_max=32 q_mean=0.610 q_max=1.000 q_above_half=6632 marked=0.218 mark_density=0.897 exp_mean=679.0 addr_spec=3.546 addr_random=0.995 addr_full=0.0427 correct=130
  mpx-135 traj: trials=38820000 wall=467894s knowledge=0.3967 reliable=566 spec=11.66 pop=10049
  mpx-135 diag: trials=38820000 micro=11744 pop_spec=19.25 spec_max=32 q_mean=0.611 q_max=1.000 q_above_half=6574 marked=0.219 mark_density=0.898 exp_mean=688.1 addr_spec=3.551 addr_random=0.998 addr_full=0.0425 correct=129
  mpx-135 traj: trials=38880000 wall=467946s knowledge=0.3972 reliable=572 spec=11.66 pop=10534
  mpx-135 diag: trials=38880000 micro=12218 pop_spec=18.88 spec_max=32 q_mean=0.609 q_max=1.000 q_above_half=6866 marked=0.219 mark_density=0.900 exp_mean=656.1 addr_spec=3.533 addr_random=0.979 addr_full=0.0418 correct=130
  mpx-135 traj: trials=38940000 wall=467998s knowledge=0.3972 reliable=580 spec=11.67 pop=10312
  mpx-135 diag: trials=38940000 micro=12001 pop_spec=19.08 spec_max=32 q_mean=0.611 q_max=1.000 q_above_half=6750 marked=0.219 mark_density=0.898 exp_mean=673.0 addr_spec=3.589 addr_random=0.989 addr_full=0.0423 correct=130
  mpx-135 traj: trials=39000000 wall=468052s knowledge=0.3970 reliable=584 spec=11.67 pop=10454
  mpx-135 diag: trials=39000000 micro=12093 pop_spec=18.88 spec_max=32 q_mean=0.610 q_max=1.000 q_above_half=6817 marked=0.227 mark_density=0.900 exp_mean=666.5 addr_spec=3.544 addr_random=0.979 addr_full=0.0430 correct=130
  mpx-135 traj: trials=39060000 wall=468103s knowledge=0.3966 reliable=576 spec=11.67 pop=10091
  mpx-135 diag: trials=39060000 micro=11813 pop_spec=19.22 spec_max=32 q_mean=0.609 q_max=1.000 q_above_half=6528 marked=0.226 mark_density=0.899 exp_mean=693.0 addr_spec=3.577 addr_random=0.997 addr_full=0.0431 correct=131
  mpx-135 traj: trials=39120000 wall=468155s knowledge=0.3999 reliable=583 spec=11.66 pop=10281
  mpx-135 diag: trials=39120000 micro=11965 pop_spec=18.96 spec_max=32 q_mean=0.608 q_max=1.000 q_above_half=6619 marked=0.226 mark_density=0.902 exp_mean=682.7 addr_spec=3.515 addr_random=0.983 addr_full=0.0418 correct=131
  mpx-135 traj: trials=39180000 wall=468210s knowledge=0.3994 reliable=591 spec=11.69 pop=10411
  mpx-135 diag: trials=39180000 micro=12086 pop_spec=18.88 spec_max=32 q_mean=0.609 q_max=1.000 q_above_half=6753 marked=0.219 mark_density=0.901 exp_mean=676.7 addr_spec=3.477 addr_random=0.979 addr_full=0.0409 correct=130
  mpx-135 traj: trials=39240000 wall=468262s knowledge=0.3994 reliable=594 spec=11.71 pop=10190
  mpx-135 diag: trials=39240000 micro=11936 pop_spec=19.03 spec_max=32 q_mean=0.609 q_max=1.000 q_above_half=6581 marked=0.226 mark_density=0.900 exp_mean=694.2 addr_spec=3.517 addr_random=0.987 addr_full=0.0423 correct=131
  mpx-135 traj: trials=39300000 wall=468314s knowledge=0.3994 reliable=595 spec=11.72 pop=9966
  mpx-135 diag: trials=39300000 micro=11672 pop_spec=19.28 spec_max=32 q_mean=0.610 q_max=1.000 q_above_half=6479 marked=0.219 mark_density=0.897 exp_mean=712.4 addr_spec=3.550 addr_random=1.000 addr_full=0.0425 correct=131
  mpx-135 traj: trials=39360000 wall=468364s knowledge=0.3972 reliable=583 spec=11.72 pop=9982
  mpx-135 diag: trials=39360000 micro=11681 pop_spec=19.24 spec_max=32 q_mean=0.610 q_max=1.000 q_above_half=6507 marked=0.216 mark_density=0.898 exp_mean=714.1 addr_spec=3.573 addr_random=0.998 addr_full=0.0432 correct=130
  mpx-135 traj: trials=39420000 wall=468414s knowledge=0.3964 reliable=592 spec=11.76 pop=10078
  mpx-135 diag: trials=39420000 micro=11739 pop_spec=19.12 spec_max=32 q_mean=0.611 q_max=1.000 q_above_half=6568 marked=0.223 mark_density=0.900 exp_mean=710.0 addr_spec=3.556 addr_random=0.992 addr_full=0.0423 correct=129
  mpx-135 traj: trials=39480000 wall=468468s knowledge=0.3962 reliable=590 spec=11.74 pop=10074
  mpx-135 diag: trials=39480000 micro=11798 pop_spec=19.17 spec_max=32 q_mean=0.609 q_max=1.000 q_above_half=6537 marked=0.216 mark_density=0.898 exp_mean=709.9 addr_spec=3.516 addr_random=0.994 addr_full=0.0428 correct=130
  mpx-135 traj: trials=39540000 wall=468517s knowledge=0.3959 reliable=574 spec=11.72 pop=10050
  mpx-135 diag: trials=39540000 micro=11768 pop_spec=19.16 spec_max=32 q_mean=0.610 q_max=1.000 q_above_half=6532 marked=0.216 mark_density=0.897 exp_mean=713.4 addr_spec=3.604 addr_random=0.994 addr_full=0.0434 correct=130
  mpx-135 traj: trials=39600000 wall=468568s knowledge=0.3964 reliable=581 spec=11.72 pop=9984
  mpx-135 diag: trials=39600000 micro=11707 pop_spec=19.23 spec_max=32 q_mean=0.611 q_max=1.000 q_above_half=6514 marked=0.217 mark_density=0.898 exp_mean=721.0 addr_spec=3.582 addr_random=0.997 addr_full=0.0442 correct=132
  mpx-135 traj: trials=39660000 wall=468635s knowledge=0.3973 reliable=600 spec=11.74 pop=10262
  mpx-135 diag: trials=39660000 micro=11953 pop_spec=19.08 spec_max=32 q_mean=0.611 q_max=1.000 q_above_half=6698 marked=0.211 mark_density=0.897 exp_mean=704.2 addr_spec=3.565 addr_random=0.989 addr_full=0.0432 correct=129
  mpx-135 traj: trials=39720000 wall=468684s knowledge=0.3962 reliable=587 spec=11.75 pop=10009
  mpx-135 diag: trials=39720000 micro=11721 pop_spec=19.27 spec_max=32 q_mean=0.613 q_max=1.000 q_above_half=6587 marked=0.221 mark_density=0.897 exp_mean=724.8 addr_spec=3.660 addr_random=0.999 addr_full=0.0438 correct=129
  mpx-135 traj: trials=39780000 wall=468749s knowledge=0.3957 reliable=573 spec=11.72 pop=10357
  mpx-135 diag: trials=39780000 micro=12097 pop_spec=19.02 spec_max=32 q_mean=0.610 q_max=1.000 q_above_half=6699 marked=0.222 mark_density=0.899 exp_mean=703.1 addr_spec=3.575 addr_random=0.986 addr_full=0.0441 correct=129
  mpx-135 traj: trials=39840000 wall=468799s knowledge=0.3967 reliable=557 spec=11.67 pop=10281
  mpx-135 diag: trials=39840000 micro=11996 pop_spec=19.06 spec_max=32 q_mean=0.613 q_max=1.000 q_above_half=6797 marked=0.230 mark_density=0.898 exp_mean=711.1 addr_spec=3.610 addr_random=0.988 addr_full=0.0447 correct=131
  mpx-135 traj: trials=39900000 wall=468866s knowledge=0.3986 reliable=552 spec=11.64 pop=10510
  mpx-135 diag: trials=39900000 micro=12225 pop_spec=18.90 spec_max=32 q_mean=0.611 q_max=1.000 q_above_half=6863 marked=0.224 mark_density=0.899 exp_mean=698.0 addr_spec=3.544 addr_random=0.980 addr_full=0.0435 correct=130
  mpx-135 traj: trials=39960000 wall=468916s knowledge=0.3997 reliable=548 spec=11.60 pop=10267
  mpx-135 diag: trials=39960000 micro=11956 pop_spec=19.03 spec_max=32 q_mean=0.612 q_max=1.000 q_above_half=6766 marked=0.211 mark_density=0.897 exp_mean=714.0 addr_spec=3.562 addr_random=0.987 addr_full=0.0431 correct=131
  mpx-135 traj: trials=40020000 wall=468966s knowledge=0.3985 reliable=549 spec=11.62 pop=10179
  mpx-135 diag: trials=40020000 micro=11877 pop_spec=19.03 spec_max=32 q_mean=0.610 q_max=1.000 q_above_half=6577 marked=0.228 mark_density=0.900 exp_mean=722.8 addr_spec=3.572 addr_random=0.987 addr_full=0.0419 correct=130
  mpx-135 traj: trials=40080000 wall=469018s knowledge=0.3992 reliable=550 spec=11.62 pop=10240
  mpx-135 diag: trials=40080000 micro=11991 pop_spec=19.06 spec_max=32 q_mean=0.611 q_max=1.000 q_above_half=6625 marked=0.230 mark_density=0.899 exp_mean=721.3 addr_spec=3.630 addr_random=0.988 addr_full=0.0420 correct=131
  mpx-135 traj: trials=40140000 wall=469076s knowledge=0.3974 reliable=555 spec=11.68 pop=10378
  mpx-135 diag: trials=40140000 micro=12133 pop_spec=18.91 spec_max=32 q_mean=0.610 q_max=1.000 q_above_half=6713 marked=0.226 mark_density=0.900 exp_mean=714.3 addr_spec=3.561 addr_random=0.980 addr_full=0.0409 correct=130
  mpx-135 traj: trials=40200000 wall=469126s knowledge=0.3975 reliable=549 spec=11.65 pop=10211
  mpx-135 diag: trials=40200000 micro=11951 pop_spec=19.04 spec_max=32 q_mean=0.614 q_max=1.000 q_above_half=6723 marked=0.216 mark_density=0.898 exp_mean=728.7 addr_spec=3.622 addr_random=0.987 addr_full=0.0425 correct=130
  mpx-135 traj: trials=40260000 wall=469177s knowledge=0.3980 reliable=558 spec=11.67 pop=10217
  mpx-135 diag: trials=40260000 micro=11937 pop_spec=19.04 spec_max=32 q_mean=0.614 q_max=1.000 q_above_half=6744 marked=0.223 mark_density=0.898 exp_mean=731.2 addr_spec=3.637 addr_random=0.987 addr_full=0.0421 correct=131
  mpx-135 traj: trials=40320000 wall=469230s knowledge=0.3987 reliable=556 spec=11.65 pop=10326
  mpx-135 diag: trials=40320000 micro=12073 pop_spec=18.98 spec_max=32 q_mean=0.613 q_max=1.000 q_above_half=6767 marked=0.223 mark_density=0.899 exp_mean=726.1 addr_spec=3.656 addr_random=0.984 addr_full=0.0416 correct=132
  mpx-135 traj: trials=40380000 wall=469294s knowledge=0.3994 reliable=552 spec=11.64 pop=10886
  mpx-135 diag: trials=40380000 micro=12576 pop_spec=18.59 spec_max=32 q_mean=0.608 q_max=1.000 q_above_half=6938 marked=0.225 mark_density=0.901 exp_mean=691.4 addr_spec=3.509 addr_random=0.964 addr_full=0.0384 correct=131
  mpx-135 traj: trials=40440000 wall=469345s knowledge=0.3965 reliable=543 spec=11.66 pop=10284
  mpx-135 diag: trials=40440000 micro=11956 pop_spec=19.04 spec_max=32 q_mean=0.613 q_max=1.000 q_above_half=6848 marked=0.225 mark_density=0.898 exp_mean=728.7 addr_spec=3.655 addr_random=0.987 addr_full=0.0408 correct=133
  mpx-135 traj: trials=40500000 wall=469394s knowledge=0.3976 reliable=548 spec=11.67 pop=10333
  mpx-135 diag: trials=40500000 micro=12066 pop_spec=18.93 spec_max=32 q_mean=0.613 q_max=1.000 q_above_half=6862 marked=0.234 mark_density=0.900 exp_mean=728.0 addr_spec=3.644 addr_random=0.982 addr_full=0.0410 correct=132
  mpx-135 traj: trials=40560000 wall=469444s knowledge=0.3975 reliable=552 spec=11.70 pop=10275
  mpx-135 diag: trials=40560000 micro=12033 pop_spec=19.06 spec_max=32 q_mean=0.615 q_max=1.000 q_above_half=6806 marked=0.217 mark_density=0.898 exp_mean=734.6 addr_spec=3.672 addr_random=0.988 addr_full=0.0412 correct=132
  mpx-135 traj: trials=40620000 wall=469497s knowledge=0.3971 reliable=546 spec=11.68 pop=10307
  mpx-135 diag: trials=40620000 micro=12072 pop_spec=18.99 spec_max=32 q_mean=0.612 q_max=1.000 q_above_half=6764 marked=0.221 mark_density=0.898 exp_mean=735.0 addr_spec=3.648 addr_random=0.985 addr_full=0.0407 correct=131
  mpx-135 traj: trials=40680000 wall=469547s knowledge=0.3986 reliable=541 spec=11.64 pop=10137
  mpx-135 diag: trials=40680000 micro=11917 pop_spec=19.11 spec_max=32 q_mean=0.612 q_max=1.000 q_above_half=6674 marked=0.225 mark_density=0.899 exp_mean=750.0 addr_spec=3.655 addr_random=0.991 addr_full=0.0410 correct=132
  mpx-135 traj: trials=40740000 wall=469597s knowledge=0.3984 reliable=530 spec=11.61 pop=10324
  mpx-135 diag: trials=40740000 micro=12045 pop_spec=18.94 spec_max=32 q_mean=0.612 q_max=1.000 q_above_half=6836 marked=0.221 mark_density=0.899 exp_mean=739.0 addr_spec=3.632 addr_random=0.982 addr_full=0.0405 correct=133
  mpx-135 traj: trials=40800000 wall=469648s knowledge=0.3999 reliable=536 spec=11.57 pop=10269
  mpx-135 diag: trials=40800000 micro=12030 pop_spec=19.01 spec_max=32 q_mean=0.613 q_max=1.000 q_above_half=6817 marked=0.230 mark_density=0.898 exp_mean=745.4 addr_spec=3.671 addr_random=0.986 addr_full=0.0413 correct=134
  mpx-135 traj: trials=40860000 wall=469697s knowledge=0.4001 reliable=537 spec=11.57 pop=10396
  mpx-135 diag: trials=40860000 micro=12130 pop_spec=18.83 spec_max=32 q_mean=0.611 q_max=1.000 q_above_half=6864 marked=0.231 mark_density=0.900 exp_mean=739.1 addr_spec=3.578 addr_random=0.976 addr_full=0.0409 correct=135
  mpx-135 traj: trials=40920000 wall=469749s knowledge=0.3993 reliable=526 spec=11.56 pop=10328
  mpx-135 diag: trials=40920000 micro=12049 pop_spec=18.88 spec_max=32 q_mean=0.611 q_max=1.000 q_above_half=6807 marked=0.226 mark_density=0.901 exp_mean=746.5 addr_spec=3.612 addr_random=0.979 addr_full=0.0407 correct=136
  mpx-135 traj: trials=40980000 wall=469813s knowledge=0.3995 reliable=536 spec=11.56 pop=10212
  mpx-135 diag: trials=40980000 micro=11922 pop_spec=19.01 spec_max=32 q_mean=0.608 q_max=1.000 q_above_half=6666 marked=0.228 mark_density=0.900 exp_mean=752.1 addr_spec=3.559 addr_random=0.986 addr_full=0.0410 correct=137
  mpx-135 traj: trials=41040000 wall=469885s knowledge=0.3999 reliable=547 spec=11.62 pop=10538
  mpx-135 diag: trials=41040000 micro=12216 pop_spec=18.73 spec_max=32 q_mean=0.605 q_max=1.000 q_above_half=6795 marked=0.233 mark_density=0.902 exp_mean=730.7 addr_spec=3.474 addr_random=0.971 addr_full=0.0388 correct=137
  mpx-135 traj: trials=41100000 wall=469935s knowledge=0.3993 reliable=547 spec=11.63 pop=10140
  mpx-135 diag: trials=41100000 micro=11841 pop_spec=19.11 spec_max=32 q_mean=0.609 q_max=1.000 q_above_half=6640 marked=0.222 mark_density=0.898 exp_mean=762.2 addr_spec=3.570 addr_random=0.991 addr_full=0.0400 correct=136
  mpx-135 traj: trials=41160000 wall=469986s knowledge=0.3985 reliable=544 spec=11.60 pop=10237
  mpx-135 diag: trials=41160000 micro=11906 pop_spec=18.93 spec_max=32 q_mean=0.609 q_max=1.000 q_above_half=6698 marked=0.225 mark_density=0.900 exp_mean=757.8 addr_spec=3.560 addr_random=0.981 addr_full=0.0401 correct=138
  mpx-135 traj: trials=41220000 wall=470056s knowledge=0.3976 reliable=556 spec=11.67 pop=10202
  mpx-135 diag: trials=41220000 micro=11915 pop_spec=19.04 spec_max=32 q_mean=0.609 q_max=1.000 q_above_half=6692 marked=0.231 mark_density=0.899 exp_mean=761.6 addr_spec=3.574 addr_random=0.987 addr_full=0.0395 correct=138
  mpx-135 traj: trials=41280000 wall=470108s knowledge=0.3968 reliable=557 spec=11.67 pop=10259
  mpx-135 diag: trials=41280000 micro=11994 pop_spec=18.97 spec_max=32 q_mean=0.609 q_max=1.000 q_above_half=6667 marked=0.223 mark_density=0.900 exp_mean=756.4 addr_spec=3.582 addr_random=0.984 addr_full=0.0386 correct=137
  mpx-135 traj: trials=41340000 wall=470165s knowledge=0.3977 reliable=553 spec=11.62 pop=10297
  mpx-135 diag: trials=41340000 micro=12002 pop_spec=18.91 spec_max=32 q_mean=0.608 q_max=1.000 q_above_half=6721 marked=0.228 mark_density=0.900 exp_mean=756.4 addr_spec=3.555 addr_random=0.981 addr_full=0.0386 correct=138
  mpx-135 traj: trials=41400000 wall=470215s knowledge=0.3975 reliable=553 spec=11.63 pop=10178
  mpx-135 diag: trials=41400000 micro=11872 pop_spec=18.97 spec_max=32 q_mean=0.610 q_max=1.000 q_above_half=6701 marked=0.218 mark_density=0.900 exp_mean=768.0 addr_spec=3.570 addr_random=0.984 addr_full=0.0406 correct=137
  mpx-135 traj: trials=41460000 wall=470266s knowledge=0.3964 reliable=548 spec=11.60 pop=10225
  mpx-135 diag: trials=41460000 micro=11933 pop_spec=19.03 spec_max=32 q_mean=0.609 q_max=1.000 q_above_half=6711 marked=0.227 mark_density=0.899 exp_mean=763.1 addr_spec=3.592 addr_random=0.987 addr_full=0.0397 correct=136
  mpx-135 traj: trials=41520000 wall=470318s knowledge=0.3962 reliable=533 spec=11.58 pop=10209
  mpx-135 diag: trials=41520000 micro=11987 pop_spec=19.03 spec_max=32 q_mean=0.609 q_max=1.000 q_above_half=6696 marked=0.228 mark_density=0.899 exp_mean=767.0 addr_spec=3.594 addr_random=0.987 addr_full=0.0397 correct=135
  mpx-135 traj: trials=41580000 wall=470368s knowledge=0.3982 reliable=551 spec=11.62 pop=10107
  mpx-135 diag: trials=41580000 micro=11860 pop_spec=18.99 spec_max=32 q_mean=0.609 q_max=1.000 q_above_half=6531 marked=0.219 mark_density=0.901 exp_mean=777.4 addr_spec=3.568 addr_random=0.985 addr_full=0.0397 correct=136
  mpx-135 traj: trials=41640000 wall=470501s knowledge=0.3967 reliable=533 spec=11.57 pop=10442
  mpx-135 diag: trials=41640000 micro=12154 pop_spec=18.94 spec_max=32 q_mean=0.606 q_max=1.000 q_above_half=6759 marked=0.223 mark_density=0.897 exp_mean=755.1 addr_spec=3.514 addr_random=0.982 addr_full=0.0389 correct=135
  mpx-135 traj: trials=41700000 wall=470552s knowledge=0.3956 reliable=536 spec=11.57 pop=10336
  mpx-135 diag: trials=41700000 micro=12091 pop_spec=18.86 spec_max=32 q_mean=0.607 q_max=1.000 q_above_half=6685 marked=0.232 mark_density=0.901 exp_mean=765.5 addr_spec=3.559 addr_random=0.978 addr_full=0.0390 correct=134
  mpx-135 traj: trials=41760000 wall=470605s knowledge=0.3956 reliable=537 spec=11.60 pop=10199
  mpx-135 diag: trials=41760000 micro=11939 pop_spec=19.03 spec_max=32 q_mean=0.609 q_max=1.000 q_above_half=6665 marked=0.221 mark_density=0.898 exp_mean=778.4 addr_spec=3.625 addr_random=0.987 addr_full=0.0379 correct=134
  mpx-135 traj: trials=41820000 wall=470656s knowledge=0.3953 reliable=529 spec=11.59 pop=10376
  mpx-135 diag: trials=41820000 micro=12138 pop_spec=18.84 spec_max=32 q_mean=0.608 q_max=1.000 q_above_half=6737 marked=0.231 mark_density=0.901 exp_mean=767.7 addr_spec=3.608 addr_random=0.977 addr_full=0.0378 correct=135
  mpx-135 traj: trials=41880000 wall=470743s knowledge=0.3953 reliable=531 spec=11.58 pop=10583
  mpx-135 diag: trials=41880000 micro=12309 pop_spec=18.69 spec_max=32 q_mean=0.607 q_max=1.000 q_above_half=6904 marked=0.231 mark_density=0.901 exp_mean=754.0 addr_spec=3.518 addr_random=0.969 addr_full=0.0374 correct=137
  mpx-135 traj: trials=41940000 wall=470794s knowledge=0.3957 reliable=530 spec=11.57 pop=10165
  mpx-135 diag: trials=41940000 micro=11854 pop_spec=19.01 spec_max=32 q_mean=0.610 q_max=1.000 q_above_half=6711 marked=0.223 mark_density=0.899 exp_mean=787.5 addr_spec=3.614 addr_random=0.986 addr_full=0.0388 correct=137
  mpx-135 traj: trials=42000000 wall=470846s knowledge=0.3973 reliable=537 spec=11.53 pop=10455
  mpx-135 diag: trials=42000000 micro=12202 pop_spec=18.73 spec_max=32 q_mean=0.610 q_max=1.000 q_above_half=6856 marked=0.229 mark_density=0.900 exp_mean=768.4 addr_spec=3.580 addr_random=0.971 addr_full=0.0381 correct=137
  mpx-135 traj: trials=42060000 wall=470902s knowledge=0.3964 reliable=525 spec=11.54 pop=10196
  mpx-135 diag: trials=42060000 micro=11906 pop_spec=19.04 spec_max=32 q_mean=0.611 q_max=1.000 q_above_half=6712 marked=0.226 mark_density=0.898 exp_mean=790.2 addr_spec=3.641 addr_random=0.987 addr_full=0.0376 correct=136
  mpx-135 traj: trials=42120000 wall=470958s knowledge=0.3981 reliable=520 spec=11.53 pop=10575
  mpx-135 diag: trials=42120000 micro=12311 pop_spec=18.70 spec_max=32 q_mean=0.608 q_max=1.000 q_above_half=6839 marked=0.234 mark_density=0.901 exp_mean=764.6 addr_spec=3.508 addr_random=0.970 addr_full=0.0360 correct=138
  mpx-135 traj: trials=42180000 wall=471007s knowledge=0.3963 reliable=512 spec=11.50 pop=10268
  mpx-135 diag: trials=42180000 micro=12033 pop_spec=18.91 spec_max=32 q_mean=0.609 q_max=1.000 q_above_half=6722 marked=0.230 mark_density=0.901 exp_mean=790.0 addr_spec=3.588 addr_random=0.980 addr_full=0.0368 correct=136
  mpx-135 traj: trials=42240000 wall=471068s knowledge=0.3968 reliable=515 spec=11.51 pop=10351
  mpx-135 diag: trials=42240000 micro=12072 pop_spec=18.84 spec_max=32 q_mean=0.608 q_max=1.000 q_above_half=6708 marked=0.226 mark_density=0.899 exp_mean=786.2 addr_spec=3.553 addr_random=0.977 addr_full=0.0369 correct=136
  mpx-135 traj: trials=42300000 wall=471119s knowledge=0.3974 reliable=513 spec=11.51 pop=10286
  mpx-135 diag: trials=42300000 micro=12006 pop_spec=18.94 spec_max=32 q_mean=0.609 q_max=1.000 q_above_half=6714 marked=0.222 mark_density=0.897 exp_mean=793.9 addr_spec=3.569 addr_random=0.982 addr_full=0.0358 correct=137
  mpx-135 traj: trials=42360000 wall=471174s knowledge=0.4002 reliable=517 spec=11.53 pop=10303
  mpx-135 diag: trials=42360000 micro=12037 pop_spec=18.89 spec_max=32 q_mean=0.608 q_max=1.000 q_above_half=6747 marked=0.241 mark_density=0.901 exp_mean=795.4 addr_spec=3.602 addr_random=0.979 addr_full=0.0354 correct=140
  mpx-135 traj: trials=42420000 wall=471228s knowledge=0.3981 reliable=522 spec=11.57 pop=10246
  mpx-135 diag: trials=42420000 micro=11962 pop_spec=18.94 spec_max=32 q_mean=0.608 q_max=1.000 q_above_half=6710 marked=0.227 mark_density=0.900 exp_mean=802.4 addr_spec=3.618 addr_random=0.982 addr_full=0.0362 correct=137
  mpx-135 traj: trials=42480000 wall=471282s knowledge=0.3983 reliable=514 spec=11.54 pop=10463
  mpx-135 diag: trials=42480000 micro=12185 pop_spec=18.77 spec_max=32 q_mean=0.607 q_max=1.000 q_above_half=6859 marked=0.227 mark_density=0.899 exp_mean=788.4 addr_spec=3.556 addr_random=0.973 addr_full=0.0348 correct=138
  mpx-135 traj: trials=42540000 wall=471331s knowledge=0.3987 reliable=511 spec=11.55 pop=10251
  mpx-135 diag: trials=42540000 micro=11960 pop_spec=18.85 spec_max=32 q_mean=0.609 q_max=1.000 q_above_half=6753 marked=0.233 mark_density=0.901 exp_mean=807.2 addr_spec=3.596 addr_random=0.978 addr_full=0.0361 correct=139
  mpx-135 traj: trials=42600000 wall=471384s knowledge=0.3970 reliable=520 spec=11.61 pop=10199
  mpx-135 diag: trials=42600000 micro=11975 pop_spec=19.01 spec_max=32 q_mean=0.610 q_max=1.000 q_above_half=6745 marked=0.228 mark_density=0.899 exp_mean=813.9 addr_spec=3.666 addr_random=0.986 addr_full=0.0358 correct=137
  mpx-135 traj: trials=42660000 wall=471434s knowledge=0.3972 reliable=512 spec=11.56 pop=10236
  mpx-135 diag: trials=42660000 micro=11943 pop_spec=18.87 spec_max=32 q_mean=0.607 q_max=1.000 q_above_half=6685 marked=0.236 mark_density=0.901 exp_mean=813.6 addr_spec=3.595 addr_random=0.979 addr_full=0.0362 correct=139
  mpx-135 traj: trials=42720000 wall=471483s knowledge=0.3983 reliable=510 spec=11.52 pop=10269
  mpx-135 diag: trials=42720000 micro=11993 pop_spec=18.81 spec_max=32 q_mean=0.608 q_max=1.000 q_above_half=6667 marked=0.232 mark_density=0.901 exp_mean=813.8 addr_spec=3.624 addr_random=0.976 addr_full=0.0359 correct=138
  mpx-135 traj: trials=42780000 wall=471534s knowledge=0.3978 reliable=505 spec=11.51 pop=10138
  mpx-135 diag: trials=42780000 micro=11889 pop_spec=18.95 spec_max=32 q_mean=0.608 q_max=1.000 q_above_half=6554 marked=0.225 mark_density=0.899 exp_mean=826.9 addr_spec=3.616 addr_random=0.983 addr_full=0.0371 correct=138
  mpx-135 traj: trials=42840000 wall=471586s knowledge=0.3978 reliable=501 spec=11.51 pop=10080
  mpx-135 diag: trials=42840000 micro=11784 pop_spec=19.06 spec_max=32 q_mean=0.609 q_max=1.000 q_above_half=6606 marked=0.224 mark_density=0.898 exp_mean=834.4 addr_spec=3.654 addr_random=0.988 addr_full=0.0376 correct=138
  mpx-135 traj: trials=42900000 wall=471637s knowledge=0.3987 reliable=504 spec=11.45 pop=9926
  mpx-135 diag: trials=42900000 micro=11641 pop_spec=19.22 spec_max=32 q_mean=0.610 q_max=1.000 q_above_half=6499 marked=0.223 mark_density=0.897 exp_mean=850.2 addr_spec=3.636 addr_random=0.996 addr_full=0.0386 correct=139
  mpx-135 traj: trials=42960000 wall=471685s knowledge=0.3987 reliable=506 spec=11.45 pop=9888
  mpx-135 diag: trials=42960000 micro=11626 pop_spec=19.18 spec_max=32 q_mean=0.608 q_max=1.000 q_above_half=6418 marked=0.236 mark_density=0.899 exp_mean=850.1 addr_spec=3.674 addr_random=0.995 addr_full=0.0395 correct=139
  mpx-135 traj: trials=43020000 wall=471734s knowledge=0.3992 reliable=532 spec=11.52 pop=9919
  mpx-135 diag: trials=43020000 micro=11648 pop_spec=19.12 spec_max=32 q_mean=0.610 q_max=1.000 q_above_half=6562 marked=0.222 mark_density=0.898 exp_mean=850.4 addr_spec=3.644 addr_random=0.991 addr_full=0.0399 correct=140
  mpx-135 traj: trials=43080000 wall=471796s knowledge=0.4014 reliable=521 spec=11.45 pop=9915
  mpx-135 diag: trials=43080000 micro=11663 pop_spec=19.06 spec_max=32 q_mean=0.607 q_max=1.000 q_above_half=6509 marked=0.216 mark_density=0.898 exp_mean=853.5 addr_spec=3.552 addr_random=0.988 addr_full=0.0402 correct=141
  mpx-135 traj: trials=43140000 wall=471845s knowledge=0.4027 reliable=519 spec=11.45 pop=9763
  mpx-135 diag: trials=43140000 micro=11484 pop_spec=19.24 spec_max=32 q_mean=0.607 q_max=1.000 q_above_half=6277 marked=0.215 mark_density=0.898 exp_mean=868.5 addr_spec=3.607 addr_random=0.998 addr_full=0.0416 correct=144
  mpx-135 traj: trials=43200000 wall=471901s knowledge=0.4015 reliable=512 spec=11.45 pop=9971
  mpx-135 diag: trials=43200000 micro=11704 pop_spec=18.97 spec_max=32 q_mean=0.603 q_max=1.000 q_above_half=6400 marked=0.229 mark_density=0.900 exp_mean=853.3 addr_spec=3.554 addr_random=0.984 addr_full=0.0403 correct=142
  mpx-135 traj: trials=43260000 wall=471954s knowledge=0.4014 reliable=510 spec=11.46 pop=9982
  mpx-135 diag: trials=43260000 micro=11696 pop_spec=19.04 spec_max=32 q_mean=0.605 q_max=1.000 q_above_half=6389 marked=0.218 mark_density=0.898 exp_mean=852.0 addr_spec=3.549 addr_random=0.987 addr_full=0.0416 correct=142
  mpx-135 traj: trials=43320000 wall=472004s knowledge=0.4006 reliable=503 spec=11.44 pop=9773
  mpx-135 diag: trials=43320000 micro=11539 pop_spec=19.25 spec_max=32 q_mean=0.608 q_max=1.000 q_above_half=6337 marked=0.215 mark_density=0.897 exp_mean=872.8 addr_spec=3.630 addr_random=0.998 addr_full=0.0411 correct=140
  mpx-135 traj: trials=43380000 wall=472054s knowledge=0.4010 reliable=507 spec=11.44 pop=9901
  mpx-135 diag: trials=43380000 micro=11632 pop_spec=19.09 spec_max=32 q_mean=0.608 q_max=1.000 q_above_half=6515 marked=0.221 mark_density=0.899 exp_mean=864.5 addr_spec=3.650 addr_random=0.990 addr_full=0.0411 correct=141
  mpx-135 traj: trials=43440000 wall=472151s knowledge=0.4033 reliable=504 spec=11.41 pop=9845
  mpx-135 diag: trials=43440000 micro=11535 pop_spec=19.16 spec_max=32 q_mean=0.605 q_max=1.000 q_above_half=6374 marked=0.230 mark_density=0.898 exp_mean=871.8 addr_spec=3.541 addr_random=0.994 addr_full=0.0400 correct=142
  mpx-135 traj: trials=43500000 wall=472202s knowledge=0.4032 reliable=506 spec=11.42 pop=9787
  mpx-135 diag: trials=43500000 micro=11463 pop_spec=19.11 spec_max=32 q_mean=0.604 q_max=1.000 q_above_half=6262 marked=0.224 mark_density=0.900 exp_mean=879.7 addr_spec=3.542 addr_random=0.991 addr_full=0.0396 correct=143
  mpx-135 traj: trials=43560000 wall=472253s knowledge=0.4036 reliable=510 spec=11.43 pop=9901
  mpx-135 diag: trials=43560000 micro=11606 pop_spec=18.93 spec_max=32 q_mean=0.604 q_max=1.000 q_above_half=6295 marked=0.219 mark_density=0.902 exp_mean=872.5 addr_spec=3.579 addr_random=0.982 addr_full=0.0397 correct=142
  mpx-135 traj: trials=43620000 wall=472302s knowledge=0.4043 reliable=508 spec=11.42 pop=9888
  mpx-135 diag: trials=43620000 micro=11583 pop_spec=18.87 spec_max=32 q_mean=0.603 q_max=1.000 q_above_half=6318 marked=0.225 mark_density=0.903 exp_mean=876.5 addr_spec=3.529 addr_random=0.978 addr_full=0.0396 correct=142
  mpx-135 traj: trials=43680000 wall=472359s knowledge=0.4046 reliable=504 spec=11.38 pop=9827
  mpx-135 diag: trials=43680000 micro=11576 pop_spec=19.06 spec_max=32 q_mean=0.606 q_max=1.000 q_above_half=6341 marked=0.217 mark_density=0.899 exp_mean=884.8 addr_spec=3.546 addr_random=0.988 addr_full=0.0398 correct=143
  mpx-135 traj: trials=43740000 wall=472409s knowledge=0.4047 reliable=501 spec=11.37 pop=9739
  mpx-135 diag: trials=43740000 micro=11470 pop_spec=19.20 spec_max=32 q_mean=0.608 q_max=1.000 q_above_half=6327 marked=0.223 mark_density=0.898 exp_mean=895.7 addr_spec=3.652 addr_random=0.996 addr_full=0.0397 correct=143
  mpx-135 traj: trials=43800000 wall=472461s knowledge=0.4052 reliable=500 spec=11.38 pop=9930
  mpx-135 diag: trials=43800000 micro=11611 pop_spec=19.06 spec_max=32 q_mean=0.609 q_max=1.000 q_above_half=6531 marked=0.220 mark_density=0.899 exp_mean=880.5 addr_spec=3.609 addr_random=0.988 addr_full=0.0398 correct=145
  mpx-135 traj: trials=43860000 wall=472594s knowledge=0.4037 reliable=504 spec=11.38 pop=10485
  mpx-135 diag: trials=43860000 micro=12211 pop_spec=18.59 spec_max=32 q_mean=0.603 q_max=1.000 q_above_half=6682 marked=0.230 mark_density=0.903 exp_mean=836.7 addr_spec=3.442 addr_random=0.964 addr_full=0.0380 correct=143
  mpx-135 traj: trials=43920000 wall=472653s knowledge=0.4048 reliable=510 spec=11.38 pop=10360
  mpx-135 diag: trials=43920000 micro=12092 pop_spec=18.85 spec_max=32 q_mean=0.603 q_max=1.000 q_above_half=6555 marked=0.219 mark_density=0.899 exp_mean=849.6 addr_spec=3.494 addr_random=0.977 addr_full=0.0380 correct=144
  mpx-135 traj: trials=43980000 wall=472703s knowledge=0.4051 reliable=510 spec=11.39 pop=9975
  mpx-135 diag: trials=43980000 micro=11690 pop_spec=19.08 spec_max=32 q_mean=0.611 q_max=1.000 q_above_half=6570 marked=0.224 mark_density=0.898 exp_mean=884.7 addr_spec=3.639 addr_random=0.989 addr_full=0.0398 correct=146
  mpx-135 traj: trials=44040000 wall=472752s knowledge=0.4032 reliable=519 spec=11.47 pop=9928
  mpx-135 diag: trials=44040000 micro=11679 pop_spec=19.03 spec_max=32 q_mean=0.610 q_max=1.000 q_above_half=6502 marked=0.224 mark_density=0.900 exp_mean=891.2 addr_spec=3.650 addr_random=0.987 addr_full=0.0390 correct=144
  mpx-135 traj: trials=44100000 wall=472801s knowledge=0.4040 reliable=516 spec=11.46 pop=9828
  mpx-135 diag: trials=44100000 micro=11491 pop_spec=19.09 spec_max=32 q_mean=0.609 q_max=1.000 q_above_half=6379 marked=0.220 mark_density=0.899 exp_mean=903.0 addr_spec=3.615 addr_random=0.990 addr_full=0.0398 correct=145
  mpx-135 traj: trials=44160000 wall=472851s knowledge=0.4056 reliable=516 spec=11.44 pop=9738
  mpx-135 diag: trials=44160000 micro=11444 pop_spec=19.19 spec_max=32 q_mean=0.609 q_max=1.000 q_above_half=6347 marked=0.219 mark_density=0.897 exp_mean=914.3 addr_spec=3.626 addr_random=0.995 addr_full=0.0393 correct=146
  mpx-135 traj: trials=44220000 wall=472901s knowledge=0.4046 reliable=517 spec=11.46 pop=9873
  mpx-135 diag: trials=44220000 micro=11606 pop_spec=19.06 spec_max=32 q_mean=0.609 q_max=1.000 q_above_half=6450 marked=0.226 mark_density=0.899 exp_mean=903.0 addr_spec=3.630 addr_random=0.988 addr_full=0.0397 correct=147
  mpx-135 traj: trials=44280000 wall=472966s knowledge=0.4046 reliable=510 spec=11.42 pop=10418
  mpx-135 diag: trials=44280000 micro=12063 pop_spec=18.72 spec_max=32 q_mean=0.606 q_max=1.000 q_above_half=6675 marked=0.225 mark_density=0.900 exp_mean=858.5 addr_spec=3.545 addr_random=0.971 addr_full=0.0382 correct=145
  mpx-135 traj: trials=44340000 wall=473015s knowledge=0.4044 reliable=512 spec=11.44 pop=10106
  mpx-135 diag: trials=44340000 micro=11834 pop_spec=18.95 spec_max=32 q_mean=0.611 q_max=1.000 q_above_half=6730 marked=0.234 mark_density=0.898 exp_mean=887.7 addr_spec=3.674 addr_random=0.982 addr_full=0.0389 correct=144
  mpx-135 traj: trials=44400000 wall=473065s knowledge=0.4027 reliable=510 spec=11.44 pop=10071
  mpx-135 diag: trials=44400000 micro=11810 pop_spec=18.89 spec_max=32 q_mean=0.609 q_max=1.000 q_above_half=6604 marked=0.233 mark_density=0.901 exp_mean=893.4 addr_spec=3.646 addr_random=0.979 addr_full=0.0393 correct=144
  mpx-135 traj: trials=44460000 wall=473113s knowledge=0.4027 reliable=498 spec=11.38 pop=9875
  mpx-135 diag: trials=44460000 micro=11604 pop_spec=19.07 spec_max=32 q_mean=0.609 q_max=1.000 q_above_half=6460 marked=0.225 mark_density=0.898 exp_mean=913.7 addr_spec=3.664 addr_random=0.989 addr_full=0.0395 correct=143
  mpx-135 traj: trials=44520000 wall=473164s knowledge=0.4022 reliable=505 spec=11.43 pop=9898
  mpx-135 diag: trials=44520000 micro=11657 pop_spec=19.07 spec_max=32 q_mean=0.606 q_max=1.000 q_above_half=6396 marked=0.228 mark_density=0.899 exp_mean=911.7 addr_spec=3.644 addr_random=0.989 addr_full=0.0395 correct=143
  mpx-135 traj: trials=44580000 wall=473215s knowledge=0.4025 reliable=500 spec=11.40 pop=9890
  mpx-135 diag: trials=44580000 micro=11585 pop_spec=19.07 spec_max=32 q_mean=0.607 q_max=1.000 q_above_half=6435 marked=0.225 mark_density=0.898 exp_mean=915.2 addr_spec=3.626 addr_random=0.989 addr_full=0.0384 correct=143
  mpx-135 traj: trials=44640000 wall=473280s knowledge=0.4033 reliable=510 spec=11.44 pop=10186
  mpx-135 diag: trials=44640000 micro=11904 pop_spec=18.74 spec_max=32 q_mean=0.603 q_max=1.000 q_above_half=6471 marked=0.223 mark_density=0.902 exp_mean=891.5 addr_spec=3.496 addr_random=0.972 addr_full=0.0372 correct=144
  mpx-135 traj: trials=44700000 wall=473337s knowledge=0.4038 reliable=516 spec=11.47 pop=10008
  mpx-135 diag: trials=44700000 micro=11729 pop_spec=18.93 spec_max=32 q_mean=0.608 q_max=1.000 q_above_half=6540 marked=0.220 mark_density=0.900 exp_mean=910.2 addr_spec=3.574 addr_random=0.982 addr_full=0.0376 correct=143
  mpx-135 traj: trials=44760000 wall=473390s knowledge=0.4031 reliable=516 spec=11.48 pop=10109
  mpx-135 diag: trials=44760000 micro=11812 pop_spec=18.87 spec_max=32 q_mean=0.607 q_max=1.000 q_above_half=6526 marked=0.231 mark_density=0.900 exp_mean=904.1 addr_spec=3.608 addr_random=0.979 addr_full=0.0380 correct=143
  mpx-135 traj: trials=44820000 wall=473438s knowledge=0.4029 reliable=510 spec=11.46 pop=9887
  mpx-135 diag: trials=44820000 micro=11607 pop_spec=19.04 spec_max=32 q_mean=0.609 q_max=1.000 q_above_half=6482 marked=0.228 mark_density=0.899 exp_mean=927.0 addr_spec=3.648 addr_random=0.987 addr_full=0.0389 correct=143
  mpx-135 traj: trials=44880000 wall=473492s knowledge=0.4035 reliable=521 spec=11.46 pop=10074
  mpx-135 diag: trials=44880000 micro=11793 pop_spec=18.91 spec_max=32 q_mean=0.608 q_max=1.000 q_above_half=6567 marked=0.222 mark_density=0.899 exp_mean=912.6 addr_spec=3.621 addr_random=0.980 addr_full=0.0380 correct=143
  mpx-135 traj: trials=44940000 wall=473540s knowledge=0.4042 reliable=531 spec=11.49 pop=9895
  mpx-135 diag: trials=44940000 micro=11600 pop_spec=19.03 spec_max=32 q_mean=0.610 q_max=1.000 q_above_half=6521 marked=0.229 mark_density=0.900 exp_mean=932.1 addr_spec=3.688 addr_random=0.987 addr_full=0.0403 correct=143
  mpx-135 traj: trials=45000000 wall=473587s knowledge=0.4036 reliable=527 spec=11.49 pop=9957
  mpx-135 diag: trials=45000000 micro=11687 pop_spec=18.97 spec_max=32 q_mean=0.611 q_max=1.000 q_above_half=6491 marked=0.223 mark_density=0.900 exp_mean=929.2 addr_spec=3.712 addr_random=0.984 addr_full=0.0392 correct=143
  mpx-135 traj: trials=45060000 wall=473668s knowledge=0.4026 reliable=524 spec=11.49 pop=10688
  mpx-135 diag: trials=45060000 micro=12444 pop_spec=18.49 spec_max=32 q_mean=0.607 q_max=1.000 q_above_half=6810 marked=0.205 mark_density=0.900 exp_mean=868.3 addr_spec=3.430 addr_random=0.959 addr_full=0.0369 correct=142
  mpx-135 traj: trials=45120000 wall=473718s knowledge=0.4026 reliable=530 spec=11.49 pop=10099
  mpx-135 diag: trials=45120000 micro=11842 pop_spec=18.90 spec_max=32 q_mean=0.611 q_max=1.000 q_above_half=6602 marked=0.229 mark_density=0.900 exp_mean=921.8 addr_spec=3.686 addr_random=0.980 addr_full=0.0396 correct=142
  mpx-135 traj: trials=45180000 wall=473782s knowledge=0.4036 reliable=528 spec=11.48 pop=10096
  mpx-135 diag: trials=45180000 micro=11855 pop_spec=18.93 spec_max=32 q_mean=0.612 q_max=1.000 q_above_half=6644 marked=0.221 mark_density=0.900 exp_mean=924.9 addr_spec=3.654 addr_random=0.982 addr_full=0.0392 correct=142
  mpx-135 traj: trials=45240000 wall=473835s knowledge=0.4049 reliable=540 spec=11.50 pop=10260
  mpx-135 diag: trials=45240000 micro=11970 pop_spec=18.83 spec_max=32 q_mean=0.613 q_max=1.000 q_above_half=6775 marked=0.230 mark_density=0.900 exp_mean=913.0 addr_spec=3.722 addr_random=0.976 addr_full=0.0396 correct=143
  mpx-135 traj: trials=45300000 wall=473884s knowledge=0.4056 reliable=535 spec=11.49 pop=10110
  mpx-135 diag: trials=45300000 micro=11844 pop_spec=18.91 spec_max=32 q_mean=0.615 q_max=1.000 q_above_half=6697 marked=0.227 mark_density=0.898 exp_mean=929.4 addr_spec=3.739 addr_random=0.980 addr_full=0.0403 correct=144
  mpx-135 traj: trials=45360000 wall=473965s knowledge=0.4063 reliable=557 spec=11.54 pop=10527
  mpx-135 diag: trials=45360000 micro=12245 pop_spec=18.64 spec_max=32 q_mean=0.612 q_max=1.000 q_above_half=6916 marked=0.226 mark_density=0.899 exp_mean=895.5 addr_spec=3.639 addr_random=0.966 addr_full=0.0389 correct=145
  mpx-135 traj: trials=45420000 wall=474014s knowledge=0.4074 reliable=557 spec=11.52 pop=10395
  mpx-135 diag: trials=45420000 micro=12133 pop_spec=18.68 spec_max=32 q_mean=0.615 q_max=1.000 q_above_half=6927 marked=0.235 mark_density=0.900 exp_mean=909.7 addr_spec=3.716 addr_random=0.968 addr_full=0.0417 correct=144
  mpx-135 traj: trials=45480000 wall=474063s knowledge=0.4094 reliable=556 spec=11.54 pop=10537
  mpx-135 diag: trials=45480000 micro=12306 pop_spec=18.32 spec_max=32 q_mean=0.609 q_max=1.000 q_above_half=6871 marked=0.236 mark_density=0.903 exp_mean=900.2 addr_spec=3.603 addr_random=0.950 addr_full=0.0407 correct=146
  mpx-135 traj: trials=45540000 wall=474112s knowledge=0.4082 reliable=562 spec=11.56 pop=10164
  mpx-135 diag: trials=45540000 micro=11914 pop_spec=18.83 spec_max=32 q_mean=0.614 q_max=1.000 q_above_half=6759 marked=0.232 mark_density=0.899 exp_mean=931.3 addr_spec=3.678 addr_random=0.976 addr_full=0.0418 correct=146
  mpx-135 traj: trials=45600000 wall=474160s knowledge=0.4085 reliable=567 spec=11.56 pop=10188
  mpx-135 diag: trials=45600000 micro=11942 pop_spec=18.85 spec_max=32 q_mean=0.613 q_max=1.000 q_above_half=6706 marked=0.238 mark_density=0.900 exp_mean=931.7 addr_spec=3.724 addr_random=0.977 addr_full=0.0425 correct=146
  mpx-135 traj: trials=45660000 wall=474235s knowledge=0.4095 reliable=564 spec=11.53 pop=10337
  mpx-135 diag: trials=45660000 micro=12011 pop_spec=18.68 spec_max=32 q_mean=0.613 q_max=1.000 q_above_half=6854 marked=0.228 mark_density=0.901 exp_mean=921.2 addr_spec=3.644 addr_random=0.969 addr_full=0.0418 correct=147
  mpx-135 traj: trials=45720000 wall=474297s knowledge=0.4098 reliable=569 spec=11.55 pop=10314
  mpx-135 diag: trials=45720000 micro=12062 pop_spec=18.69 spec_max=32 q_mean=0.612 q_max=1.000 q_above_half=6764 marked=0.235 mark_density=0.902 exp_mean=923.1 addr_spec=3.660 addr_random=0.969 addr_full=0.0423 correct=147
  mpx-135 traj: trials=45780000 wall=474354s knowledge=0.4088 reliable=575 spec=11.60 pop=10243
  mpx-135 diag: trials=45780000 micro=11964 pop_spec=18.81 spec_max=32 q_mean=0.613 q_max=1.000 q_above_half=6712 marked=0.224 mark_density=0.900 exp_mean=932.3 addr_spec=3.645 addr_random=0.975 addr_full=0.0432 correct=146
  mpx-135 traj: trials=45840000 wall=474416s knowledge=0.4099 reliable=581 spec=11.59 pop=10114
  mpx-135 diag: trials=45840000 micro=11847 pop_spec=18.91 spec_max=32 q_mean=0.613 q_max=1.000 q_above_half=6637 marked=0.224 mark_density=0.899 exp_mean=947.0 addr_spec=3.659 addr_random=0.980 addr_full=0.0445 correct=145
  mpx-135 traj: trials=45900000 wall=474465s knowledge=0.4105 reliable=584 spec=11.59 pop=10173
  mpx-135 diag: trials=45900000 micro=11880 pop_spec=18.81 spec_max=32 q_mean=0.613 q_max=1.000 q_above_half=6741 marked=0.222 mark_density=0.899 exp_mean=944.5 addr_spec=3.645 addr_random=0.975 addr_full=0.0434 correct=146
  mpx-135 traj: trials=45960000 wall=474513s knowledge=0.4093 reliable=583 spec=11.62 pop=10116
  mpx-135 diag: trials=45960000 micro=11851 pop_spec=18.85 spec_max=32 q_mean=0.614 q_max=1.000 q_above_half=6641 marked=0.224 mark_density=0.900 exp_mean=952.6 addr_spec=3.701 addr_random=0.978 addr_full=0.0453 correct=145
  mpx-135 traj: trials=46020000 wall=474577s knowledge=0.4096 reliable=569 spec=11.57 pop=10353
  mpx-135 diag: trials=46020000 micro=12134 pop_spec=18.73 spec_max=32 q_mean=0.612 q_max=1.000 q_above_half=6849 marked=0.229 mark_density=0.899 exp_mean=933.7 addr_spec=3.641 addr_random=0.971 addr_full=0.0436 correct=146
  mpx-135 traj: trials=46080000 wall=474642s knowledge=0.4093 reliable=563 spec=11.53 pop=10727
  mpx-135 diag: trials=46080000 micro=12490 pop_spec=18.49 spec_max=32 q_mean=0.612 q_max=1.000 q_above_half=7082 marked=0.232 mark_density=0.900 exp_mean=903.8 addr_spec=3.593 addr_random=0.959 addr_full=0.0418 correct=145
  mpx-135 traj: trials=46140000 wall=474693s knowledge=0.4088 reliable=553 spec=11.52 pop=10589
  mpx-135 diag: trials=46140000 micro=12348 pop_spec=18.58 spec_max=32 q_mean=0.613 q_max=1.000 q_above_half=7036 marked=0.237 mark_density=0.900 exp_mean=918.2 addr_spec=3.662 addr_random=0.963 addr_full=0.0423 correct=145
  mpx-135 traj: trials=46200000 wall=474752s knowledge=0.4107 reliable=574 spec=11.56 pop=10484
  mpx-135 diag: trials=46200000 micro=12207 pop_spec=18.65 spec_max=32 q_mean=0.615 q_max=1.000 q_above_half=7037 marked=0.227 mark_density=0.898 exp_mean=930.2 addr_spec=3.652 addr_random=0.967 addr_full=0.0428 correct=147
  mpx-135 traj: trials=46260000 wall=474802s knowledge=0.4109 reliable=572 spec=11.54 pop=10356
  mpx-135 diag: trials=46260000 micro=12082 pop_spec=18.71 spec_max=32 q_mean=0.617 q_max=1.000 q_above_half=6970 marked=0.227 mark_density=0.900 exp_mean=944.6 addr_spec=3.740 addr_random=0.970 addr_full=0.0432 correct=146
  mpx-135 traj: trials=46320000 wall=474854s knowledge=0.4101 reliable=562 spec=11.51 pop=10506
  mpx-135 diag: trials=46320000 micro=12202 pop_spec=18.58 spec_max=32 q_mean=0.614 q_max=1.000 q_above_half=6959 marked=0.236 mark_density=0.901 exp_mean=923.8 addr_spec=3.718 addr_random=0.964 addr_full=0.0428 correct=146
  mpx-135 traj: trials=46380000 wall=474907s knowledge=0.4096 reliable=572 spec=11.55 pop=10400
  mpx-135 diag: trials=46380000 micro=12130 pop_spec=18.70 spec_max=32 q_mean=0.616 q_max=1.000 q_above_half=6997 marked=0.228 mark_density=0.900 exp_mean=931.3 addr_spec=3.714 addr_random=0.970 addr_full=0.0443 correct=146
  mpx-135 traj: trials=46440000 wall=474956s knowledge=0.4080 reliable=561 spec=11.52 pop=10313
  mpx-135 diag: trials=46440000 micro=12049 pop_spec=18.80 spec_max=32 q_mean=0.618 q_max=1.000 q_above_half=6949 marked=0.233 mark_density=0.898 exp_mean=937.5 addr_spec=3.786 addr_random=0.975 addr_full=0.0446 correct=146
  mpx-135 traj: trials=46500000 wall=475005s knowledge=0.4079 reliable=566 spec=11.55 pop=10348
  mpx-135 diag: trials=46500000 micro=12086 pop_spec=18.76 spec_max=32 q_mean=0.617 q_max=1.000 q_above_half=6902 marked=0.229 mark_density=0.900 exp_mean=937.1 addr_spec=3.771 addr_random=0.973 addr_full=0.0449 correct=147
  mpx-135 traj: trials=46560000 wall=475059s knowledge=0.4078 reliable=568 spec=11.54 pop=10427
  mpx-135 diag: trials=46560000 micro=12173 pop_spec=18.66 spec_max=32 q_mean=0.615 q_max=1.000 q_above_half=6873 marked=0.236 mark_density=0.901 exp_mean=930.2 addr_spec=3.719 addr_random=0.968 addr_full=0.0444 correct=146
  mpx-135 traj: trials=46620000 wall=475111s knowledge=0.4060 reliable=561 spec=11.55 pop=10495
  mpx-135 diag: trials=46620000 micro=12239 pop_spec=18.66 spec_max=32 q_mean=0.616 q_max=1.000 q_above_half=7021 marked=0.228 mark_density=0.898 exp_mean=926.8 addr_spec=3.706 addr_random=0.968 addr_full=0.0436 correct=145
  mpx-135 traj: trials=46680000 wall=475164s knowledge=0.4065 reliable=583 spec=11.62 pop=10371
  mpx-135 diag: trials=46680000 micro=12128 pop_spec=18.74 spec_max=32 q_mean=0.615 q_max=1.000 q_above_half=6876 marked=0.233 mark_density=0.900 exp_mean=940.6 addr_spec=3.693 addr_random=0.972 addr_full=0.0442 correct=145
  mpx-135 traj: trials=46740000 wall=475213s knowledge=0.4066 reliable=574 spec=11.60 pop=10393
  mpx-135 diag: trials=46740000 micro=12148 pop_spec=18.75 spec_max=32 q_mean=0.619 q_max=1.000 q_above_half=7015 marked=0.236 mark_density=0.898 exp_mean=941.4 addr_spec=3.769 addr_random=0.972 addr_full=0.0452 correct=146
  mpx-135 traj: trials=46800000 wall=475264s knowledge=0.4079 reliable=584 spec=11.62 pop=10525
  mpx-135 diag: trials=46800000 micro=12275 pop_spec=18.60 spec_max=32 q_mean=0.617 q_max=1.000 q_above_half=7066 marked=0.236 mark_density=0.901 exp_mean=932.3 addr_spec=3.732 addr_random=0.965 addr_full=0.0441 correct=145
  mpx-135 traj: trials=46860000 wall=475322s knowledge=0.4096 reliable=588 spec=11.62 pop=10683
  mpx-135 diag: trials=46860000 micro=12455 pop_spec=18.50 spec_max=32 q_mean=0.614 q_max=1.000 q_above_half=7057 marked=0.231 mark_density=0.901 exp_mean=921.2 addr_spec=3.667 addr_random=0.959 addr_full=0.0440 correct=146
  mpx-135 traj: trials=46920000 wall=475372s knowledge=0.4081 reliable=567 spec=11.57 pop=10335
  mpx-135 diag: trials=46920000 micro=12135 pop_spec=18.79 spec_max=32 q_mean=0.618 q_max=1.000 q_above_half=6968 marked=0.232 mark_density=0.898 exp_mean=954.9 addr_spec=3.749 addr_random=0.975 addr_full=0.0442 correct=145
  mpx-135 traj: trials=46980000 wall=475424s knowledge=0.4076 reliable=559 spec=11.56 pop=10546
  mpx-135 diag: trials=46980000 micro=12293 pop_spec=18.56 spec_max=32 q_mean=0.614 q_max=1.000 q_above_half=6957 marked=0.229 mark_density=0.901 exp_mean=938.5 addr_spec=3.653 addr_random=0.962 addr_full=0.0430 correct=146
  mpx-135 traj: trials=47040000 wall=475493s knowledge=0.4100 reliable=568 spec=11.55 pop=11193
  mpx-135 diag: trials=47040000 micro=13007 pop_spec=18.24 spec_max=32 q_mean=0.611 q_max=1.000 q_above_half=7360 marked=0.237 mark_density=0.900 exp_mean=887.2 addr_spec=3.608 addr_random=0.946 addr_full=0.0417 correct=148
  mpx-135 traj: trials=47100000 wall=475543s knowledge=0.4121 reliable=576 spec=11.57 pop=10396
  mpx-135 diag: trials=47100000 micro=12204 pop_spec=18.75 spec_max=32 q_mean=0.617 q_max=1.000 q_above_half=7030 marked=0.236 mark_density=0.899 exp_mean=957.7 addr_spec=3.783 addr_random=0.972 addr_full=0.0453 correct=148
  mpx-135 traj: trials=47160000 wall=475596s knowledge=0.4124 reliable=576 spec=11.57 pop=10524
  mpx-135 diag: trials=47160000 micro=12328 pop_spec=18.63 spec_max=32 q_mean=0.618 q_max=1.000 q_above_half=7131 marked=0.231 mark_density=0.898 exp_mean=949.0 addr_spec=3.762 addr_random=0.966 addr_full=0.0460 correct=148
  mpx-135 traj: trials=47220000 wall=475686s knowledge=0.4139 reliable=593 spec=11.58 pop=10384
  mpx-135 diag: trials=47220000 micro=12192 pop_spec=18.72 spec_max=32 q_mean=0.616 q_max=1.000 q_above_half=6954 marked=0.232 mark_density=0.900 exp_mean=964.5 addr_spec=3.775 addr_random=0.971 addr_full=0.0472 correct=150
  mpx-135 traj: trials=47280000 wall=475743s knowledge=0.4119 reliable=588 spec=11.59 pop=10517
  mpx-135 diag: trials=47280000 micro=12259 pop_spec=18.57 spec_max=32 q_mean=0.615 q_max=1.000 q_above_half=7020 marked=0.232 mark_density=0.899 exp_mean=948.0 addr_spec=3.699 addr_random=0.963 addr_full=0.0460 correct=148
  mpx-135 traj: trials=47340000 wall=475792s knowledge=0.4128 reliable=584 spec=11.58 pop=10252
  mpx-135 diag: trials=47340000 micro=12045 pop_spec=18.69 spec_max=32 q_mean=0.615 q_max=1.000 q_above_half=6846 marked=0.224 mark_density=0.900 exp_mean=974.8 addr_spec=3.708 addr_random=0.969 addr_full=0.0481 correct=151
  mpx-135 traj: trials=47400000 wall=475844s knowledge=0.4136 reliable=588 spec=11.58 pop=10191
  mpx-135 diag: trials=47400000 micro=11981 pop_spec=18.73 spec_max=32 q_mean=0.613 q_max=1.000 q_above_half=6738 marked=0.229 mark_density=0.901 exp_mean=983.5 addr_spec=3.629 addr_random=0.971 addr_full=0.0486 correct=150
  mpx-135 traj: trials=47460000 wall=475892s knowledge=0.4148 reliable=600 spec=11.59 pop=9995
  mpx-135 diag: trials=47460000 micro=11820 pop_spec=18.89 spec_max=32 q_mean=0.613 q_max=1.000 q_above_half=6587 marked=0.227 mark_density=0.900 exp_mean=1005.7 addr_spec=3.747 addr_random=0.980 addr_full=0.0503 correct=150
  mpx-135 traj: trials=47520000 wall=475941s knowledge=0.4130 reliable=597 spec=11.59 pop=9893
  mpx-135 diag: trials=47520000 micro=11724 pop_spec=18.99 spec_max=32 q_mean=0.614 q_max=1.000 q_above_half=6527 marked=0.218 mark_density=0.898 exp_mean=1013.2 addr_spec=3.706 addr_random=0.985 addr_full=0.0498 correct=149
  mpx-135 traj: trials=47580000 wall=476002s knowledge=0.4139 reliable=599 spec=11.57 pop=9888
  mpx-135 diag: trials=47580000 micro=11735 pop_spec=19.04 spec_max=32 q_mean=0.613 q_max=1.000 q_above_half=6433 marked=0.225 mark_density=0.898 exp_mean=1016.7 addr_spec=3.756 addr_random=0.987 addr_full=0.0493 correct=150
  mpx-135 traj: trials=47640000 wall=476067s knowledge=0.4138 reliable=606 spec=11.60 pop=10405
  mpx-135 diag: trials=47640000 micro=12179 pop_spec=18.67 spec_max=32 q_mean=0.610 q_max=1.000 q_above_half=6724 marked=0.214 mark_density=0.899 exp_mean=969.2 addr_spec=3.567 addr_random=0.968 addr_full=0.0478 correct=150
  mpx-135 traj: trials=47700000 wall=476144s knowledge=0.4124 reliable=591 spec=11.59 pop=10295
  mpx-135 diag: trials=47700000 micro=12122 pop_spec=18.65 spec_max=32 q_mean=0.610 q_max=1.000 q_above_half=6705 marked=0.227 mark_density=0.900 exp_mean=982.2 addr_spec=3.611 addr_random=0.967 addr_full=0.0478 correct=149
  mpx-135 traj: trials=47760000 wall=476206s knowledge=0.4132 reliable=595 spec=11.60 pop=10211
  mpx-135 diag: trials=47760000 micro=12018 pop_spec=18.70 spec_max=32 q_mean=0.611 q_max=1.000 q_above_half=6691 marked=0.225 mark_density=0.900 exp_mean=993.2 addr_spec=3.633 addr_random=0.970 addr_full=0.0495 correct=149
  mpx-135 traj: trials=47820000 wall=476258s knowledge=0.4142 reliable=603 spec=11.59 pop=10124
  mpx-135 diag: trials=47820000 micro=11956 pop_spec=18.76 spec_max=32 q_mean=0.613 q_max=1.000 q_above_half=6626 marked=0.233 mark_density=0.901 exp_mean=998.7 addr_spec=3.716 addr_random=0.973 addr_full=0.0506 correct=153
  mpx-135 traj: trials=47880000 wall=476304s knowledge=0.4147 reliable=611 spec=11.59 pop=9921
  mpx-135 diag: trials=47880000 micro=11739 pop_spec=18.89 spec_max=32 q_mean=0.615 q_max=1.000 q_above_half=6588 marked=0.224 mark_density=0.899 exp_mean=1022.2 addr_spec=3.780 addr_random=0.979 addr_full=0.0534 correct=151
  mpx-135 traj: trials=47940000 wall=476392s knowledge=0.4154 reliable=609 spec=11.60 pop=9988
  mpx-135 diag: trials=47940000 micro=11802 pop_spec=18.86 spec_max=32 q_mean=0.612 q_max=1.000 q_above_half=6501 marked=0.228 mark_density=0.899 exp_mean=1018.2 addr_spec=3.678 addr_random=0.978 addr_full=0.0520 correct=150
  mpx-135 traj: trials=48000000 wall=476442s knowledge=0.4133 reliable=596 spec=11.61 pop=10053
  mpx-135 diag: trials=48000000 micro=11824 pop_spec=18.76 spec_max=32 q_mean=0.613 q_max=1.000 q_above_half=6557 marked=0.232 mark_density=0.902 exp_mean=1014.0 addr_spec=3.658 addr_random=0.973 addr_full=0.0500 correct=151
  mpx-135 traj: trials=48060000 wall=476497s knowledge=0.4134 reliable=584 spec=11.57 pop=10308
  mpx-135 diag: trials=48060000 micro=12090 pop_spec=18.59 spec_max=32 q_mean=0.610 q_max=1.000 q_above_half=6575 marked=0.212 mark_density=0.900 exp_mean=991.8 addr_spec=3.553 addr_random=0.964 addr_full=0.0496 correct=150
  mpx-135 traj: trials=48120000 wall=476544s knowledge=0.4141 reliable=594 spec=11.58 pop=9869
  mpx-135 diag: trials=48120000 micro=11715 pop_spec=18.93 spec_max=32 q_mean=0.613 q_max=1.000 q_above_half=6457 marked=0.216 mark_density=0.899 exp_mean=1038.8 addr_spec=3.714 addr_random=0.982 addr_full=0.0515 correct=150
  mpx-135 traj: trials=48180000 wall=476591s knowledge=0.4145 reliable=589 spec=11.56 pop=9697
  mpx-135 diag: trials=48180000 micro=11490 pop_spec=19.06 spec_max=32 q_mean=0.615 q_max=1.000 q_above_half=6386 marked=0.219 mark_density=0.900 exp_mean=1060.3 addr_spec=3.708 addr_random=0.988 addr_full=0.0521 correct=150
  mpx-135 traj: trials=48240000 wall=476656s knowledge=0.4144 reliable=589 spec=11.54 pop=10088
  mpx-135 diag: trials=48240000 micro=11871 pop_spec=18.83 spec_max=32 q_mean=0.609 q_max=1.000 q_above_half=6376 marked=0.216 mark_density=0.899 exp_mean=1022.1 addr_spec=3.587 addr_random=0.976 addr_full=0.0520 correct=152
  mpx-135 traj: trials=48300000 wall=476704s knowledge=0.4143 reliable=582 spec=11.53 pop=9915
  mpx-135 diag: trials=48300000 micro=11723 pop_spec=18.82 spec_max=32 q_mean=0.614 q_max=1.000 q_above_half=6502 marked=0.233 mark_density=0.902 exp_mean=1042.8 addr_spec=3.676 addr_random=0.976 addr_full=0.0510 correct=153
  mpx-135 traj: trials=48360000 wall=476805s knowledge=0.4134 reliable=586 spec=11.55 pop=10932
  mpx-135 diag: trials=48360000 micro=12778 pop_spec=18.00 spec_max=32 q_mean=0.603 q_max=1.000 q_above_half=6725 marked=0.224 mark_density=0.905 exp_mean=948.7 addr_spec=3.436 addr_random=0.933 addr_full=0.0469 correct=153
  mpx-135 traj: trials=48420000 wall=476856s knowledge=0.4135 reliable=587 spec=11.57 pop=10012
  mpx-135 diag: trials=48420000 micro=11772 pop_spec=18.77 spec_max=32 q_mean=0.612 q_max=1.000 q_above_half=6538 marked=0.228 mark_density=0.901 exp_mean=1037.0 addr_spec=3.676 addr_random=0.973 addr_full=0.0526 correct=153
  mpx-135 traj: trials=48480000 wall=476905s knowledge=0.4126 reliable=592 spec=11.61 pop=9916
  mpx-135 diag: trials=48480000 micro=11726 pop_spec=18.81 spec_max=32 q_mean=0.614 q_max=1.000 q_above_half=6450 marked=0.223 mark_density=0.900 exp_mean=1049.6 addr_spec=3.677 addr_random=0.975 addr_full=0.0517 correct=153
  mpx-135 traj: trials=48540000 wall=476954s knowledge=0.4145 reliable=614 spec=11.66 pop=10031
  mpx-135 diag: trials=48540000 micro=11785 pop_spec=18.77 spec_max=32 q_mean=0.617 q_max=1.000 q_above_half=6643 marked=0.232 mark_density=0.901 exp_mean=1034.1 addr_spec=3.752 addr_random=0.973 addr_full=0.0526 correct=154
  mpx-135 traj: trials=48600000 wall=477002s knowledge=0.4146 reliable=628 spec=11.68 pop=10092
  mpx-135 diag: trials=48600000 micro=11897 pop_spec=18.69 spec_max=32 q_mean=0.617 q_max=1.000 q_above_half=6676 marked=0.224 mark_density=0.901 exp_mean=1030.8 addr_spec=3.745 addr_random=0.969 addr_full=0.0526 correct=153
  mpx-135 traj: trials=48660000 wall=477055s knowledge=0.4150 reliable=630 spec=11.67 pop=10077
  mpx-135 diag: trials=48660000 micro=11867 pop_spec=18.69 spec_max=32 q_mean=0.616 q_max=1.000 q_above_half=6654 marked=0.228 mark_density=0.900 exp_mean=1035.2 addr_spec=3.718 addr_random=0.969 addr_full=0.0507 correct=153
  mpx-135 traj: trials=48720000 wall=477105s knowledge=0.4140 reliable=612 spec=11.66 pop=10311
  mpx-135 diag: trials=48720000 micro=12114 pop_spec=18.57 spec_max=32 q_mean=0.614 q_max=1.000 q_above_half=6739 marked=0.240 mark_density=0.902 exp_mean=1014.4 addr_spec=3.721 addr_random=0.963 addr_full=0.0489 correct=153
  mpx-135 traj: trials=48780000 wall=477152s knowledge=0.4147 reliable=610 spec=11.64 pop=10304
  mpx-135 diag: trials=48780000 micro=12169 pop_spec=18.58 spec_max=32 q_mean=0.616 q_max=1.000 q_above_half=6794 marked=0.243 mark_density=0.902 exp_mean=1017.7 addr_spec=3.795 addr_random=0.963 addr_full=0.0495 correct=153
  mpx-135 traj: trials=48840000 wall=477212s knowledge=0.4146 reliable=597 spec=11.60 pop=27366
  mpx-135 diag: trials=48840000 micro=29175 pop_spec=10.58 spec_max=32 q_mean=0.552 q_max=1.000 q_above_half=14903 marked=0.353 mark_density=0.948 exp_mean=386.5 addr_spec=1.665 addr_random=0.548 addr_full=0.0183 correct=153
  mpx-135 traj: trials=48900000 wall=477324s knowledge=0.4153 reliable=602 spec=11.60 pop=10517
  mpx-135 diag: trials=48900000 micro=12325 pop_spec=18.52 spec_max=32 q_mean=0.614 q_max=1.000 q_above_half=6988 marked=0.240 mark_density=0.901 exp_mean=1002.5 addr_spec=3.714 addr_random=0.960 addr_full=0.0479 correct=153
  mpx-135 traj: trials=48960000 wall=477374s knowledge=0.4156 reliable=596 spec=11.59 pop=10186
  mpx-135 diag: trials=48960000 micro=12019 pop_spec=18.73 spec_max=32 q_mean=0.615 q_max=1.000 q_above_half=6692 marked=0.232 mark_density=0.900 exp_mean=1030.4 addr_spec=3.768 addr_random=0.971 addr_full=0.0488 correct=153
  mpx-135 traj: trials=49020000 wall=477431s knowledge=0.4150 reliable=584 spec=11.55 pop=10405
  mpx-135 diag: trials=49020000 micro=12222 pop_spec=18.55 spec_max=32 q_mean=0.617 q_max=1.000 q_above_half=6935 marked=0.231 mark_density=0.900 exp_mean=1011.5 addr_spec=3.745 addr_random=0.962 addr_full=0.0475 correct=153
  mpx-135 traj: trials=49080000 wall=477479s knowledge=0.4135 reliable=592 spec=11.62 pop=10124
  mpx-135 diag: trials=49080000 micro=11929 pop_spec=18.80 spec_max=32 q_mean=0.618 q_max=1.000 q_above_half=6754 marked=0.238 mark_density=0.899 exp_mean=1042.2 addr_spec=3.825 addr_random=0.975 addr_full=0.0482 correct=154
  mpx-135 traj: trials=49140000 wall=477526s knowledge=0.4143 reliable=608 spec=11.65 pop=10207
  mpx-135 diag: trials=49140000 micro=12059 pop_spec=18.62 spec_max=32 q_mean=0.619 q_max=1.000 q_above_half=6893 marked=0.238 mark_density=0.900 exp_mean=1036.8 addr_spec=3.793 addr_random=0.966 addr_full=0.0485 correct=157
  mpx-135 traj: trials=49200000 wall=477576s knowledge=0.4149 reliable=594 spec=11.61 pop=10291
  mpx-135 diag: trials=49200000 micro=12092 pop_spec=18.63 spec_max=32 q_mean=0.617 q_max=1.000 q_above_half=6860 marked=0.228 mark_density=0.899 exp_mean=1031.1 addr_spec=3.808 addr_random=0.966 addr_full=0.0483 correct=157
  mpx-135 traj: trials=49260000 wall=477646s knowledge=0.4156 reliable=583 spec=11.57 pop=10816
  mpx-135 diag: trials=49260000 micro=12599 pop_spec=18.33 spec_max=32 q_mean=0.613 q_max=1.000 q_above_half=7094 marked=0.233 mark_density=0.900 exp_mean=983.8 addr_spec=3.651 addr_random=0.951 addr_full=0.0449 correct=156
  mpx-135 traj: trials=49320000 wall=477695s knowledge=0.4160 reliable=577 spec=11.57 pop=10294
  mpx-135 diag: trials=49320000 micro=12117 pop_spec=18.68 spec_max=32 q_mean=0.617 q_max=1.000 q_above_half=6888 marked=0.226 mark_density=0.897 exp_mean=1029.5 addr_spec=3.824 addr_random=0.969 addr_full=0.0464 correct=157
  mpx-135 traj: trials=49380000 wall=477765s knowledge=0.4160 reliable=595 spec=11.61 pop=10816
  mpx-135 diag: trials=49380000 micro=12607 pop_spec=18.36 spec_max=32 q_mean=0.613 q_max=1.000 q_above_half=7156 marked=0.245 mark_density=0.901 exp_mean=982.8 addr_spec=3.705 addr_random=0.952 addr_full=0.0468 correct=158
  mpx-135 traj: trials=49440000 wall=477813s knowledge=0.4185 reliable=602 spec=11.61 pop=10414
  mpx-135 diag: trials=49440000 micro=12276 pop_spec=18.53 spec_max=32 q_mean=0.618 q_max=1.000 q_above_half=7098 marked=0.234 mark_density=0.900 exp_mean=1023.3 addr_spec=3.756 addr_random=0.961 addr_full=0.0463 correct=157
  mpx-135 traj: trials=49500000 wall=477861s knowledge=0.4185 reliable=590 spec=11.59 pop=10294
  mpx-135 diag: trials=49500000 micro=12127 pop_spec=18.64 spec_max=32 q_mean=0.617 q_max=1.000 q_above_half=6863 marked=0.230 mark_density=0.899 exp_mean=1038.0 addr_spec=3.735 addr_random=0.967 addr_full=0.0464 correct=158
  mpx-135 traj: trials=49560000 wall=477908s knowledge=0.4188 reliable=580 spec=11.58 pop=10170
  mpx-135 diag: trials=49560000 micro=11996 pop_spec=18.63 spec_max=32 q_mean=0.615 q_max=1.000 q_above_half=6805 marked=0.233 mark_density=0.900 exp_mean=1052.8 addr_spec=3.749 addr_random=0.966 addr_full=0.0471 correct=158
  mpx-135 traj: trials=49620000 wall=477959s knowledge=0.4182 reliable=575 spec=11.56 pop=10067
  mpx-135 diag: trials=49620000 micro=11895 pop_spec=18.77 spec_max=32 q_mean=0.616 q_max=1.000 q_above_half=6715 marked=0.231 mark_density=0.899 exp_mean=1066.2 addr_spec=3.744 addr_random=0.973 addr_full=0.0456 correct=158
  mpx-135 traj: trials=49680000 wall=478008s knowledge=0.4182 reliable=567 spec=11.54 pop=10123
  mpx-135 diag: trials=49680000 micro=11953 pop_spec=18.69 spec_max=32 q_mean=0.615 q_max=1.000 q_above_half=6715 marked=0.225 mark_density=0.899 exp_mean=1063.1 addr_spec=3.742 addr_random=0.969 addr_full=0.0456 correct=159
  mpx-135 traj: trials=49740000 wall=478059s knowledge=0.4172 reliable=571 spec=11.58 pop=10251
  mpx-135 diag: trials=49740000 micro=12102 pop_spec=18.61 spec_max=32 q_mean=0.616 q_max=1.000 q_above_half=6840 marked=0.235 mark_density=0.900 exp_mean=1052.8 addr_spec=3.728 addr_random=0.965 addr_full=0.0457 correct=157
  mpx-135 traj: trials=49800000 wall=478115s knowledge=0.4174 reliable=569 spec=11.57 pop=10342
  mpx-135 diag: trials=49800000 micro=12137 pop_spec=18.62 spec_max=32 q_mean=0.615 q_max=1.000 q_above_half=6948 marked=0.243 mark_density=0.899 exp_mean=1046.2 addr_spec=3.738 addr_random=0.966 addr_full=0.0444 correct=158
  mpx-135 traj: trials=49860000 wall=478165s knowledge=0.4170 reliable=556 spec=11.54 pop=10364
  mpx-135 diag: trials=49860000 micro=12160 pop_spec=18.53 spec_max=32 q_mean=0.616 q_max=1.000 q_above_half=6938 marked=0.230 mark_density=0.900 exp_mean=1046.6 addr_spec=3.733 addr_random=0.961 addr_full=0.0428 correct=157
  mpx-135 traj: trials=49920000 wall=478212s knowledge=0.4170 reliable=563 spec=11.55 pop=10309
  mpx-135 diag: trials=49920000 micro=12078 pop_spec=18.50 spec_max=32 q_mean=0.615 q_max=1.000 q_above_half=6842 marked=0.232 mark_density=0.902 exp_mean=1054.7 addr_spec=3.696 addr_random=0.959 addr_full=0.0438 correct=158
  mpx-135 traj: trials=49980000 wall=478259s knowledge=0.4174 reliable=564 spec=11.53 pop=10164
  mpx-135 diag: trials=49980000 micro=12043 pop_spec=18.69 spec_max=32 q_mean=0.616 q_max=1.000 q_above_half=6765 marked=0.231 mark_density=0.900 exp_mean=1072.5 addr_spec=3.825 addr_random=0.969 addr_full=0.0445 correct=157
  mpx-135 traj: trials=50040000 wall=478309s knowledge=0.4183 reliable=560 spec=11.48 pop=10174
  mpx-135 diag: trials=50040000 micro=11992 pop_spec=18.66 spec_max=32 q_mean=0.617 q_max=1.000 q_above_half=6815 marked=0.235 mark_density=0.900 exp_mean=1073.9 addr_spec=3.782 addr_random=0.968 addr_full=0.0440 correct=157
  mpx-135 traj: trials=50100000 wall=478359s knowledge=0.4201 reliable=569 spec=11.47 pop=10281
  mpx-135 diag: trials=50100000 micro=12105 pop_spec=18.58 spec_max=32 q_mean=0.614 q_max=1.000 q_above_half=6764 marked=0.231 mark_density=0.900 exp_mean=1065.6 addr_spec=3.711 addr_random=0.963 addr_full=0.0438 correct=158
  mpx-135 traj: trials=50160000 wall=478407s knowledge=0.4198 reliable=557 spec=11.48 pop=10390
  mpx-135 diag: trials=50160000 micro=12196 pop_spec=18.40 spec_max=32 q_mean=0.616 q_max=1.000 q_above_half=6918 marked=0.242 mark_density=0.903 exp_mean=1057.3 addr_spec=3.707 addr_random=0.954 addr_full=0.0426 correct=158
  mpx-135 traj: trials=50220000 wall=478454s knowledge=0.4201 reliable=546 spec=11.44 pop=10077
  mpx-135 diag: trials=50220000 micro=11926 pop_spec=18.74 spec_max=32 q_mean=0.618 q_max=1.000 q_above_half=6735 marked=0.240 mark_density=0.901 exp_mean=1093.0 addr_spec=3.796 addr_random=0.971 addr_full=0.0445 correct=157
  mpx-135 traj: trials=50280000 wall=478507s knowledge=0.4207 reliable=560 spec=11.45 pop=10112
  mpx-135 diag: trials=50280000 micro=11922 pop_spec=18.74 spec_max=32 q_mean=0.617 q_max=1.000 q_above_half=6675 marked=0.240 mark_density=0.899 exp_mean=1086.5 addr_spec=3.783 addr_random=0.972 addr_full=0.0458 correct=157
  mpx-135 traj: trials=50340000 wall=478554s knowledge=0.4207 reliable=553 spec=11.43 pop=10015
  mpx-135 diag: trials=50340000 micro=11825 pop_spec=18.76 spec_max=32 q_mean=0.617 q_max=1.000 q_above_half=6721 marked=0.243 mark_density=0.900 exp_mean=1099.8 addr_spec=3.804 addr_random=0.973 addr_full=0.0446 correct=156
  mpx-135 traj: trials=50400000 wall=478614s knowledge=0.4207 reliable=540 spec=11.36 pop=9926
  mpx-135 diag: trials=50400000 micro=11748 pop_spec=18.86 spec_max=32 q_mean=0.615 q_max=1.000 q_above_half=6600 marked=0.229 mark_density=0.899 exp_mean=1112.4 addr_spec=3.778 addr_random=0.978 addr_full=0.0455 correct=156
  mpx-135 traj: trials=50460000 wall=478802s knowledge=0.4209 reliable=533 spec=11.34 pop=10374
  mpx-135 diag: trials=50460000 micro=12264 pop_spec=18.59 spec_max=32 q_mean=0.611 q_max=1.000 q_above_half=6776 marked=0.237 mark_density=0.900 exp_mean=1067.4 addr_spec=3.665 addr_random=0.964 addr_full=0.0435 correct=156
  mpx-135 traj: trials=50520000 wall=478850s knowledge=0.4230 reliable=541 spec=11.35 pop=9967
  mpx-135 diag: trials=50520000 micro=11802 pop_spec=18.78 spec_max=32 q_mean=0.612 q_max=1.000 q_above_half=6517 marked=0.236 mark_density=0.901 exp_mean=1113.7 addr_spec=3.676 addr_random=0.974 addr_full=0.0444 correct=157
  mpx-135 traj: trials=50580000 wall=478896s knowledge=0.4236 reliable=544 spec=11.37 pop=9794
  mpx-135 diag: trials=50580000 micro=11585 pop_spec=18.81 spec_max=32 q_mean=0.611 q_max=1.000 q_above_half=6425 marked=0.235 mark_density=0.901 exp_mean=1136.2 addr_spec=3.699 addr_random=0.975 addr_full=0.0437 correct=157
  mpx-135 traj: trials=50640000 wall=478944s knowledge=0.4229 reliable=540 spec=11.39 pop=9643
  mpx-135 diag: trials=50640000 micro=11523 pop_spec=19.02 spec_max=32 q_mean=0.610 q_max=1.000 q_above_half=6220 marked=0.232 mark_density=0.899 exp_mean=1157.1 addr_spec=3.720 addr_random=0.986 addr_full=0.0448 correct=158
  mpx-135 traj: trials=50700000 wall=478990s knowledge=0.4249 reliable=531 spec=11.33 pop=9601
  mpx-135 diag: trials=50700000 micro=11401 pop_spec=19.02 spec_max=32 q_mean=0.611 q_max=1.000 q_above_half=6235 marked=0.225 mark_density=0.898 exp_mean=1165.1 addr_spec=3.675 addr_random=0.986 addr_full=0.0438 correct=160
  mpx-135 traj: trials=50760000 wall=479037s knowledge=0.4248 reliable=529 spec=11.36 pop=9660
  mpx-135 diag: trials=50760000 micro=11516 pop_spec=18.94 spec_max=32 q_mean=0.609 q_max=1.000 q_above_half=6275 marked=0.234 mark_density=0.901 exp_mean=1161.0 addr_spec=3.680 addr_random=0.982 addr_full=0.0437 correct=160
  mpx-135 traj: trials=50820000 wall=479085s knowledge=0.4240 reliable=528 spec=11.37 pop=9749
  mpx-135 diag: trials=50820000 micro=11536 pop_spec=18.91 spec_max=32 q_mean=0.612 q_max=1.000 q_above_half=6417 marked=0.228 mark_density=0.899 exp_mean=1153.6 addr_spec=3.700 addr_random=0.980 addr_full=0.0451 correct=159
  mpx-135 traj: trials=50880000 wall=479146s knowledge=0.4238 reliable=524 spec=11.32 pop=11437
  mpx-135 diag: trials=50880000 micro=13232 pop_spec=17.14 spec_max=32 q_mean=0.597 q_max=1.000 q_above_half=7101 marked=0.246 mark_density=0.910 exp_mean=986.2 addr_spec=3.213 addr_random=0.889 addr_full=0.0373 correct=159
  mpx-135 traj: trials=50940000 wall=479201s knowledge=0.4239 reliable=541 spec=11.38 pop=9593
  mpx-135 diag: trials=50940000 micro=11431 pop_spec=19.00 spec_max=32 q_mean=0.611 q_max=1.000 q_above_half=6282 marked=0.225 mark_density=0.899 exp_mean=1178.4 addr_spec=3.687 addr_random=0.985 addr_full=0.0446 correct=158
  mpx-135 traj: trials=51000000 wall=479248s knowledge=0.4226 reliable=529 spec=11.36 pop=9604
  mpx-135 diag: trials=51000000 micro=11444 pop_spec=18.94 spec_max=32 q_mean=0.608 q_max=1.000 q_above_half=6191 marked=0.233 mark_density=0.900 exp_mean=1180.0 addr_spec=3.690 addr_random=0.982 addr_full=0.0452 correct=157
  mpx-135 traj: trials=51060000 wall=479296s knowledge=0.4219 reliable=524 spec=11.34 pop=9752
  mpx-135 diag: trials=51060000 micro=11597 pop_spec=18.90 spec_max=32 q_mean=0.609 q_max=1.000 q_above_half=6283 marked=0.228 mark_density=0.900 exp_mean=1165.1 addr_spec=3.674 addr_random=0.980 addr_full=0.0444 correct=158
  mpx-135 traj: trials=51120000 wall=479340s knowledge=0.4216 reliable=513 spec=11.30 pop=9384
  mpx-135 diag: trials=51120000 micro=11187 pop_spec=19.14 spec_max=32 q_mean=0.611 q_max=1.000 q_above_half=6134 marked=0.219 mark_density=0.898 exp_mean=1214.0 addr_spec=3.694 addr_random=0.992 addr_full=0.0460 correct=158
  mpx-135 traj: trials=51180000 wall=479409s knowledge=0.4220 reliable=512 spec=11.32 pop=9630
  mpx-135 diag: trials=51180000 micro=11468 pop_spec=19.03 spec_max=32 q_mean=0.604 q_max=1.000 q_above_half=6089 marked=0.227 mark_density=0.899 exp_mean=1186.0 addr_spec=3.582 addr_random=0.987 addr_full=0.0437 correct=157
  mpx-135 traj: trials=51240000 wall=479458s knowledge=0.4220 reliable=517 spec=11.32 pop=9544
  mpx-135 diag: trials=51240000 micro=11331 pop_spec=19.04 spec_max=32 q_mean=0.607 q_max=1.000 q_above_half=6226 marked=0.233 mark_density=0.899 exp_mean=1199.9 addr_spec=3.663 addr_random=0.987 addr_full=0.0434 correct=158
  mpx-135 traj: trials=51300000 wall=479512s knowledge=0.4224 reliable=513 spec=11.31 pop=9792
  mpx-135 diag: trials=51300000 micro=11636 pop_spec=18.84 spec_max=32 q_mean=0.605 q_max=1.000 q_above_half=6226 marked=0.231 mark_density=0.901 exp_mean=1172.5 addr_spec=3.604 addr_random=0.977 addr_full=0.0432 correct=159
  mpx-135 traj: trials=51360000 wall=479560s knowledge=0.4217 reliable=500 spec=11.27 pop=9595
  mpx-135 diag: trials=51360000 micro=11433 pop_spec=18.93 spec_max=32 q_mean=0.606 q_max=1.000 q_above_half=6194 marked=0.236 mark_density=0.901 exp_mean=1199.6 addr_spec=3.626 addr_random=0.981 addr_full=0.0434 correct=161
  mpx-135 traj: trials=51420000 wall=479606s knowledge=0.4225 reliable=491 spec=11.23 pop=9414
  mpx-135 diag: trials=51420000 micro=11272 pop_spec=19.10 spec_max=32 q_mean=0.606 q_max=1.000 q_above_half=6118 marked=0.230 mark_density=0.899 exp_mean=1225.6 addr_spec=3.716 addr_random=0.990 addr_full=0.0450 correct=161
  mpx-135 traj: trials=51480000 wall=479654s knowledge=0.4214 reliable=496 spec=11.30 pop=9237
  mpx-135 diag: trials=51480000 micro=11092 pop_spec=19.33 spec_max=32 q_mean=0.608 q_max=1.000 q_above_half=5992 marked=0.217 mark_density=0.896 exp_mean=1251.9 addr_spec=3.749 addr_random=1.002 addr_full=0.0461 correct=160
  mpx-135 traj: trials=51540000 wall=479700s knowledge=0.4232 reliable=514 spec=11.31 pop=9281
  mpx-135 diag: trials=51540000 micro=11124 pop_spec=19.19 spec_max=32 q_mean=0.605 q_max=1.000 q_above_half=5970 marked=0.214 mark_density=0.898 exp_mean=1249.3 addr_spec=3.637 addr_random=0.995 addr_full=0.0453 correct=159
  mpx-135 traj: trials=51600000 wall=479745s knowledge=0.4228 reliable=513 spec=11.32 pop=9292
  mpx-135 diag: trials=51600000 micro=11063 pop_spec=19.17 spec_max=32 q_mean=0.608 q_max=1.000 q_above_half=6012 marked=0.215 mark_density=0.898 exp_mean=1251.1 addr_spec=3.704 addr_random=0.994 addr_full=0.0452 correct=158
  mpx-135 traj: trials=51660000 wall=479790s knowledge=0.4232 reliable=516 spec=11.31 pop=9404
  mpx-135 diag: trials=51660000 micro=11229 pop_spec=19.08 spec_max=32 q_mean=0.608 q_max=1.000 q_above_half=6132 marked=0.216 mark_density=0.898 exp_mean=1239.6 addr_spec=3.685 addr_random=0.989 addr_full=0.0448 correct=160
  mpx-135 traj: trials=51720000 wall=479838s knowledge=0.4245 reliable=519 spec=11.30 pop=9172
  mpx-135 diag: trials=51720000 micro=10993 pop_spec=19.26 spec_max=32 q_mean=0.605 q_max=1.000 q_above_half=5832 marked=0.226 mark_density=0.899 exp_mean=1274.2 addr_spec=3.649 addr_random=0.999 addr_full=0.0459 correct=160
  mpx-135 traj: trials=51780000 wall=479914s knowledge=0.4227 reliable=524 spec=11.35 pop=9478
  mpx-135 diag: trials=51780000 micro=11276 pop_spec=19.06 spec_max=32 q_mean=0.603 q_max=1.000 q_above_half=6061 marked=0.218 mark_density=0.897 exp_mean=1236.3 addr_spec=3.553 addr_random=0.988 addr_full=0.0433 correct=158
  mpx-135 traj: trials=51840000 wall=479960s knowledge=0.4232 reliable=505 spec=11.27 pop=9116
  mpx-135 diag: trials=51840000 micro=10930 pop_spec=19.34 spec_max=32 q_mean=0.604 q_max=1.000 q_above_half=5798 marked=0.219 mark_density=0.897 exp_mean=1288.5 addr_spec=3.650 addr_random=1.003 addr_full=0.0456 correct=158
  mpx-135 traj: trials=51900000 wall=480004s knowledge=0.4245 reliable=514 spec=11.31 pop=9542
  mpx-135 diag: trials=51900000 micro=11350 pop_spec=18.65 spec_max=32 q_mean=0.600 q_max=1.000 q_above_half=5923 marked=0.229 mark_density=0.906 exp_mean=1234.2 addr_spec=3.481 addr_random=0.967 addr_full=0.0455 correct=160
  mpx-135 traj: trials=51960000 wall=480062s knowledge=0.4239 reliable=507 spec=11.26 pop=9382
  mpx-135 diag: trials=51960000 micro=11166 pop_spec=19.16 spec_max=32 q_mean=0.602 q_max=1.000 q_above_half=5823 marked=0.205 mark_density=0.898 exp_mean=1258.4 addr_spec=3.529 addr_random=0.994 addr_full=0.0448 correct=160
  mpx-135 traj: trials=52020000 wall=480108s knowledge=0.4239 reliable=505 spec=11.27 pop=9124
  mpx-135 diag: trials=52020000 micro=10967 pop_spec=19.30 spec_max=32 q_mean=0.606 q_max=1.000 q_above_half=5803 marked=0.216 mark_density=0.897 exp_mean=1297.2 addr_spec=3.650 addr_random=1.001 addr_full=0.0463 correct=161
  mpx-135 traj: trials=52080000 wall=480154s knowledge=0.4250 reliable=525 spec=11.34 pop=8944
  mpx-135 diag: trials=52080000 micro=10809 pop_spec=19.49 spec_max=32 q_mean=0.607 q_max=1.000 q_above_half=5746 marked=0.207 mark_density=0.896 exp_mean=1326.2 addr_spec=3.693 addr_random=1.011 addr_full=0.0466 correct=160
  mpx-135 traj: trials=52140000 wall=480208s knowledge=0.4236 reliable=518 spec=11.31 pop=9207
  mpx-135 diag: trials=52140000 micro=11016 pop_spec=19.20 spec_max=32 q_mean=0.604 q_max=1.000 q_above_half=5805 marked=0.217 mark_density=0.900 exp_mean=1291.7 addr_spec=3.561 addr_random=0.996 addr_full=0.0456 correct=159
  mpx-135 traj: trials=52200000 wall=480256s knowledge=0.4244 reliable=513 spec=11.28 pop=9239
  mpx-135 diag: trials=52200000 micro=11047 pop_spec=19.17 spec_max=32 q_mean=0.605 q_max=1.000 q_above_half=5862 marked=0.221 mark_density=0.899 exp_mean=1290.5 addr_spec=3.628 addr_random=0.994 addr_full=0.0460 correct=160
  mpx-135 traj: trials=52260000 wall=480301s knowledge=0.4261 reliable=525 spec=11.28 pop=9985
  mpx-135 diag: trials=52260000 micro=11834 pop_spec=17.96 spec_max=32 q_mean=0.598 q_max=1.000 q_above_half=6146 marked=0.237 mark_density=0.911 exp_mean=1197.5 addr_spec=3.396 addr_random=0.931 addr_full=0.0432 correct=159
  mpx-135 traj: trials=52320000 wall=480541s knowledge=0.4233 reliable=519 spec=11.29 pop=9588
  mpx-135 diag: trials=52320000 micro=11416 pop_spec=18.83 spec_max=32 q_mean=0.599 q_max=1.000 q_above_half=5982 marked=0.218 mark_density=0.901 exp_mean=1244.8 addr_spec=3.413 addr_random=0.976 addr_full=0.0438 correct=157
  mpx-135 traj: trials=52380000 wall=480590s knowledge=0.4242 reliable=519 spec=11.29 pop=9109
  mpx-135 diag: trials=52380000 micro=10952 pop_spec=19.30 spec_max=32 q_mean=0.602 q_max=1.000 q_above_half=5707 marked=0.224 mark_density=0.899 exp_mean=1313.5 addr_spec=3.555 addr_random=1.000 addr_full=0.0462 correct=158
  mpx-135 traj: trials=52440000 wall=480634s knowledge=0.4240 reliable=522 spec=11.29 pop=8931
  mpx-135 diag: trials=52440000 micro=10749 pop_spec=19.38 spec_max=32 q_mean=0.602 q_max=1.000 q_above_half=5596 marked=0.218 mark_density=0.898 exp_mean=1342.9 addr_spec=3.594 addr_random=1.005 addr_full=0.0475 correct=157
  mpx-135 traj: trials=52500000 wall=480690s knowledge=0.4239 reliable=518 spec=11.31 pop=8867
  mpx-135 diag: trials=52500000 micro=10725 pop_spec=19.41 spec_max=32 q_mean=0.601 q_max=1.000 q_above_half=5505 marked=0.215 mark_density=0.901 exp_mean=1349.5 addr_spec=3.604 addr_random=1.006 addr_full=0.0484 correct=159
  mpx-135 traj: trials=52560000 wall=480747s knowledge=0.4238 reliable=507 spec=11.27 pop=8985
  mpx-135 diag: trials=52560000 micro=10816 pop_spec=19.32 spec_max=32 q_mean=0.600 q_max=1.000 q_above_half=5551 marked=0.219 mark_density=0.901 exp_mean=1335.1 addr_spec=3.514 addr_random=1.002 addr_full=0.0466 correct=159
  mpx-135 traj: trials=52620000 wall=480793s knowledge=0.4238 reliable=503 spec=11.25 pop=8785
  mpx-135 diag: trials=52620000 micro=10604 pop_spec=19.51 spec_max=32 q_mean=0.601 q_max=1.000 q_above_half=5431 marked=0.206 mark_density=0.898 exp_mean=1368.9 addr_spec=3.537 addr_random=1.011 addr_full=0.0466 correct=158
  mpx-135 traj: trials=52680000 wall=480916s knowledge=0.4244 reliable=511 spec=11.26 pop=9097
  mpx-135 diag: trials=52680000 micro=10940 pop_spec=19.29 spec_max=32 q_mean=0.599 q_max=1.000 q_above_half=5648 marked=0.210 mark_density=0.898 exp_mean=1325.4 addr_spec=3.471 addr_random=1.000 addr_full=0.0464 correct=160
  mpx-135 traj: trials=52740000 wall=480979s knowledge=0.4247 reliable=516 spec=11.27 pop=9299
  mpx-135 diag: trials=52740000 micro=11113 pop_spec=19.13 spec_max=32 q_mean=0.597 q_max=1.000 q_above_half=5730 marked=0.220 mark_density=0.900 exp_mean=1299.3 addr_spec=3.468 addr_random=0.992 addr_full=0.0451 correct=159
  mpx-135 traj: trials=52800000 wall=481029s knowledge=0.4243 reliable=505 spec=11.23 pop=9138
  mpx-135 diag: trials=52800000 micro=10966 pop_spec=19.20 spec_max=32 q_mean=0.598 q_max=1.000 q_above_half=5580 marked=0.217 mark_density=0.900 exp_mean=1316.8 addr_spec=3.488 addr_random=0.996 addr_full=0.0471 correct=158
  mpx-135 traj: trials=52860000 wall=481094s knowledge=0.4245 reliable=512 spec=11.25 pop=8997
  mpx-135 diag: trials=52860000 micro=10808 pop_spec=19.33 spec_max=32 q_mean=0.600 q_max=1.000 q_above_half=5596 marked=0.204 mark_density=0.897 exp_mean=1340.8 addr_spec=3.518 addr_random=1.002 addr_full=0.0470 correct=158
  mpx-135 traj: trials=52920000 wall=481162s knowledge=0.4247 reliable=515 spec=11.25 pop=8930
  mpx-135 diag: trials=52920000 micro=10731 pop_spec=19.35 spec_max=32 q_mean=0.599 q_max=1.000 q_above_half=5519 marked=0.209 mark_density=0.898 exp_mean=1354.2 addr_spec=3.526 addr_random=1.003 addr_full=0.0468 correct=158
  mpx-135 traj: trials=52980000 wall=481207s knowledge=0.4247 reliable=522 spec=11.28 pop=8956
  mpx-135 diag: trials=52980000 micro=10867 pop_spec=19.29 spec_max=32 q_mean=0.598 q_max=1.000 q_above_half=5493 marked=0.201 mark_density=0.897 exp_mean=1353.5 addr_spec=3.496 addr_random=1.000 addr_full=0.0479 correct=158
  mpx-135 traj: trials=53040000 wall=481253s knowledge=0.4256 reliable=524 spec=11.26 pop=8671
  mpx-135 diag: trials=53040000 micro=10552 pop_spec=19.54 spec_max=32 q_mean=0.597 q_max=1.000 q_above_half=5281 marked=0.206 mark_density=0.898 exp_mean=1401.4 addr_spec=3.522 addr_random=1.013 addr_full=0.0488 correct=159
  mpx-135 traj: trials=53100000 wall=481336s knowledge=0.4261 reliable=522 spec=11.25 pop=9423
  mpx-135 diag: trials=53100000 micro=11312 pop_spec=19.00 spec_max=32 q_mean=0.589 q_max=1.000 q_above_half=5394 marked=0.193 mark_density=0.900 exp_mean=1292.9 addr_spec=3.265 addr_random=0.985 addr_full=0.0450 correct=159
  mpx-135 traj: trials=53160000 wall=481381s knowledge=0.4253 reliable=508 spec=11.22 pop=8533
  mpx-135 diag: trials=53160000 micro=10398 pop_spec=19.67 spec_max=32 q_mean=0.593 q_max=1.000 q_above_half=5077 marked=0.207 mark_density=0.898 exp_mean=1427.9 addr_spec=3.498 addr_random=1.020 addr_full=0.0492 correct=159
  mpx-135 traj: trials=53220000 wall=481436s knowledge=0.4251 reliable=509 spec=11.24 pop=8527
  mpx-135 diag: trials=53220000 micro=10339 pop_spec=19.53 spec_max=32 q_mean=0.594 q_max=1.000 q_above_half=5133 marked=0.204 mark_density=0.900 exp_mean=1432.5 addr_spec=3.406 addr_random=1.013 addr_full=0.0475 correct=160
  mpx-135 traj: trials=53280000 wall=481481s knowledge=0.4260 reliable=507 spec=11.22 pop=8217
  mpx-135 diag: trials=53280000 micro=9995 pop_spec=19.93 spec_max=32 q_mean=0.597 q_max=1.000 q_above_half=5027 marked=0.201 mark_density=0.896 exp_mean=1490.2 addr_spec=3.507 addr_random=1.033 addr_full=0.0498 correct=160
  mpx-135 traj: trials=53340000 wall=481554s knowledge=0.4262 reliable=502 spec=11.21 pop=8563
  mpx-135 diag: trials=53340000 micro=10423 pop_spec=19.59 spec_max=32 q_mean=0.594 q_max=1.000 q_above_half=5140 marked=0.197 mark_density=0.898 exp_mean=1433.7 addr_spec=3.377 addr_random=1.016 addr_full=0.0466 correct=160
  mpx-135 traj: trials=53400000 wall=481609s knowledge=0.4271 reliable=511 spec=11.21 pop=8625
  mpx-135 diag: trials=53400000 micro=10460 pop_spec=19.54 spec_max=32 q_mean=0.591 q_max=1.000 q_above_half=5106 marked=0.199 mark_density=0.898 exp_mean=1427.0 addr_spec=3.380 addr_random=1.013 addr_full=0.0478 correct=161
  mpx-135 traj: trials=53460000 wall=481653s knowledge=0.4276 reliable=502 spec=11.15 pop=8188
  mpx-135 diag: trials=53460000 micro=10033 pop_spec=19.94 spec_max=32 q_mean=0.593 q_max=1.000 q_above_half=4850 marked=0.200 mark_density=0.898 exp_mean=1495.5 addr_spec=3.506 addr_random=1.034 addr_full=0.0498 correct=163
  mpx-135 traj: trials=53520000 wall=481702s knowledge=0.4286 reliable=504 spec=11.16 pop=8337
  mpx-135 diag: trials=53520000 micro=10145 pop_spec=19.76 spec_max=32 q_mean=0.592 q_max=1.000 q_above_half=4898 marked=0.186 mark_density=0.896 exp_mean=1472.4 addr_spec=3.374 addr_random=1.025 addr_full=0.0492 correct=164
  mpx-135 traj: trials=53580000 wall=481749s knowledge=0.4298 reliable=498 spec=11.10 pop=8254
  mpx-135 diag: trials=53580000 micro=10009 pop_spec=19.75 spec_max=32 q_mean=0.593 q_max=1.000 q_above_half=4944 marked=0.199 mark_density=0.899 exp_mean=1489.3 addr_spec=3.430 addr_random=1.024 addr_full=0.0499 correct=165
  mpx-135 traj: trials=53640000 wall=481795s knowledge=0.4274 reliable=487 spec=11.07 pop=8340
  mpx-135 diag: trials=53640000 micro=10166 pop_spec=19.67 spec_max=32 q_mean=0.593 q_max=1.000 q_above_half=4956 marked=0.193 mark_density=0.899 exp_mean=1477.4 addr_spec=3.416 addr_random=1.020 addr_full=0.0489 correct=163
  mpx-135 traj: trials=53700000 wall=481879s knowledge=0.4275 reliable=488 spec=11.08 pop=8560
  mpx-135 diag: trials=53700000 micro=10346 pop_spec=19.60 spec_max=32 q_mean=0.588 q_max=1.000 q_above_half=4998 marked=0.194 mark_density=0.897 exp_mean=1443.0 addr_spec=3.290 addr_random=1.016 addr_full=0.0470 correct=163
  mpx-135 traj: trials=53760000 wall=481931s knowledge=0.4285 reliable=483 spec=11.03 pop=8171
  mpx-135 diag: trials=53760000 micro=10003 pop_spec=19.89 spec_max=32 q_mean=0.591 q_max=1.000 q_above_half=4854 marked=0.196 mark_density=0.898 exp_mean=1515.3 addr_spec=3.374 addr_random=1.031 addr_full=0.0469 correct=163
  mpx-135 traj: trials=53820000 wall=481976s knowledge=0.4279 reliable=481 spec=11.04 pop=9085
  mpx-135 diag: trials=53820000 micro=10877 pop_spec=18.32 spec_max=32 q_mean=0.579 q_max=1.000 q_above_half=5055 marked=0.233 mark_density=0.915 exp_mean=1366.5 addr_spec=3.078 addr_random=0.950 addr_full=0.0424 correct=163
  mpx-135 traj: trials=53880000 wall=482042s knowledge=0.4254 reliable=471 spec=11.04 pop=8283
  mpx-135 diag: trials=53880000 micro=10097 pop_spec=19.68 spec_max=32 q_mean=0.589 q_max=1.000 q_above_half=4918 marked=0.197 mark_density=0.900 exp_mean=1497.5 addr_spec=3.316 addr_random=1.020 addr_full=0.0466 correct=162
  mpx-135 traj: trials=53940000 wall=482087s knowledge=0.4256 reliable=465 spec=11.01 pop=8126
  mpx-135 diag: trials=53940000 micro=9919 pop_spec=19.84 spec_max=32 q_mean=0.589 q_max=1.000 q_above_half=4800 marked=0.203 mark_density=0.901 exp_mean=1529.7 addr_spec=3.392 addr_random=1.029 addr_full=0.0454 correct=162
  mpx-135 traj: trials=54000000 wall=482135s knowledge=0.4246 reliable=468 spec=11.03 pop=8001
  mpx-135 diag: trials=54000000 micro=9788 pop_spec=20.08 spec_max=32 q_mean=0.590 q_max=1.000 q_above_half=4685 marked=0.189 mark_density=0.896 exp_mean=1556.8 addr_spec=3.439 addr_random=1.041 addr_full=0.0464 correct=160
  mpx-135 traj: trials=54060000 wall=482243s knowledge=0.4247 reliable=474 spec=11.05 pop=8416
  mpx-135 diag: trials=54060000 micro=10302 pop_spec=19.66 spec_max=32 q_mean=0.589 q_max=1.000 q_above_half=4988 marked=0.201 mark_density=0.898 exp_mean=1483.7 addr_spec=3.373 addr_random=1.019 addr_full=0.0448 correct=160
  mpx-135 traj: trials=54120000 wall=482329s knowledge=0.4253 reliable=478 spec=11.05 pop=8560
  mpx-135 diag: trials=54120000 micro=10407 pop_spec=19.62 spec_max=32 q_mean=0.586 q_max=1.000 q_above_half=4951 marked=0.191 mark_density=0.896 exp_mean=1462.2 addr_spec=3.296 addr_random=1.017 addr_full=0.0431 correct=162
  mpx-135 traj: trials=54180000 wall=482375s knowledge=0.4251 reliable=462 spec=10.95 pop=8313
  mpx-135 diag: trials=54180000 micro=10113 pop_spec=19.67 spec_max=32 q_mean=0.588 q_max=1.000 q_above_half=4928 marked=0.190 mark_density=0.898 exp_mean=1509.1 addr_spec=3.310 addr_random=1.020 addr_full=0.0441 correct=162
  mpx-135 traj: trials=54240000 wall=482424s knowledge=0.4253 reliable=458 spec=10.94 pop=8204
  mpx-135 diag: trials=54240000 micro=10013 pop_spec=19.86 spec_max=32 q_mean=0.586 q_max=1.000 q_above_half=4804 marked=0.200 mark_density=0.898 exp_mean=1532.8 addr_spec=3.363 addr_random=1.030 addr_full=0.0444 correct=162
  mpx-135 traj: trials=54300000 wall=482510s knowledge=0.4254 reliable=447 spec=10.89 pop=8862
  mpx-135 diag: trials=54300000 micro=10710 pop_spec=19.44 spec_max=32 q_mean=0.581 q_max=1.000 q_above_half=4841 marked=0.185 mark_density=0.897 exp_mean=1422.3 addr_spec=3.169 addr_random=1.008 addr_full=0.0407 correct=162
  mpx-135 traj: trials=54360000 wall=482554s knowledge=0.4254 reliable=445 spec=10.87 pop=8045
  mpx-135 diag: trials=54360000 micro=9828 pop_spec=19.93 spec_max=32 q_mean=0.588 q_max=1.000 q_above_half=4792 marked=0.204 mark_density=0.900 exp_mean=1570.1 addr_spec=3.345 addr_random=1.034 addr_full=0.0438 correct=161
  mpx-135 traj: trials=54420000 wall=482611s knowledge=0.4266 reliable=433 spec=10.81 pop=8025
  mpx-135 diag: trials=54420000 micro=9782 pop_spec=19.92 spec_max=32 q_mean=0.583 q_max=1.000 q_above_half=4657 marked=0.204 mark_density=0.901 exp_mean=1577.3 addr_spec=3.290 addr_random=1.033 addr_full=0.0421 correct=161
  mpx-135 traj: trials=54480000 wall=482655s knowledge=0.4242 reliable=429 spec=10.80 pop=7970
  mpx-135 diag: trials=54480000 micro=9747 pop_spec=19.89 spec_max=32 q_mean=0.585 q_max=1.000 q_above_half=4692 marked=0.203 mark_density=0.902 exp_mean=1588.0 addr_spec=3.311 addr_random=1.031 addr_full=0.0433 correct=160
  mpx-135 traj: trials=54540000 wall=482718s knowledge=0.4215 reliable=418 spec=10.76 pop=8004
  mpx-135 diag: trials=54540000 micro=9800 pop_spec=20.07 spec_max=32 q_mean=0.582 q_max=1.000 q_above_half=4584 marked=0.190 mark_density=0.897 exp_mean=1577.9 addr_spec=3.302 addr_random=1.041 addr_full=0.0431 correct=161
  mpx-135 traj: trials=54600000 wall=482767s knowledge=0.4227 reliable=421 spec=10.75 pop=7912
  mpx-135 diag: trials=54600000 micro=9711 pop_spec=20.10 spec_max=32 q_mean=0.583 q_max=1.000 q_above_half=4570 marked=0.189 mark_density=0.896 exp_mean=1600.0 addr_spec=3.384 addr_random=1.042 addr_full=0.0440 correct=161
  mpx-135 traj: trials=54660000 wall=482809s knowledge=0.4240 reliable=412 spec=10.68 pop=7552
  mpx-135 diag: trials=54660000 micro=9360 pop_spec=20.44 spec_max=32 q_mean=0.583 q_max=1.000 q_above_half=4374 marked=0.191 mark_density=0.897 exp_mean=1679.8 addr_spec=3.349 addr_random=1.060 addr_full=0.0436 correct=160
  mpx-135 traj: trials=54720000 wall=482853s knowledge=0.4237 reliable=405 spec=10.66 pop=7547
  mpx-135 diag: trials=54720000 micro=9337 pop_spec=20.39 spec_max=32 q_mean=0.579 q_max=1.000 q_above_half=4285 marked=0.192 mark_density=0.898 exp_mean=1684.7 addr_spec=3.314 addr_random=1.057 addr_full=0.0445 correct=160
  mpx-135 traj: trials=54780000 wall=482895s knowledge=0.4248 reliable=404 spec=10.63 pop=7405
  mpx-135 diag: trials=54780000 micro=9176 pop_spec=20.59 spec_max=32 q_mean=0.582 q_max=1.000 q_above_half=4266 marked=0.189 mark_density=0.897 exp_mean=1720.8 addr_spec=3.350 addr_random=1.068 addr_full=0.0433 correct=161
  mpx-135 traj: trials=54840000 wall=482939s knowledge=0.4231 reliable=396 spec=10.61 pop=7532
  mpx-135 diag: trials=54840000 micro=9298 pop_spec=20.33 spec_max=32 q_mean=0.576 q_max=1.000 q_above_half=4196 marked=0.201 mark_density=0.901 exp_mean=1695.6 addr_spec=3.282 addr_random=1.054 addr_full=0.0425 correct=161
  mpx-135 traj: trials=54900000 wall=482985s knowledge=0.4212 reliable=388 spec=10.61 pop=7468
  mpx-135 diag: trials=54900000 micro=9246 pop_spec=20.46 spec_max=32 q_mean=0.577 q_max=1.000 q_above_half=4223 marked=0.184 mark_density=0.896 exp_mean=1713.8 addr_spec=3.257 addr_random=1.061 addr_full=0.0423 correct=159
  mpx-135 traj: trials=54960000 wall=483032s knowledge=0.4219 reliable=380 spec=10.52 pop=7570
  mpx-135 diag: trials=54960000 micro=9357 pop_spec=20.37 spec_max=32 q_mean=0.574 q_max=1.000 q_above_half=4146 marked=0.192 mark_density=0.900 exp_mean=1694.8 addr_spec=3.273 addr_random=1.056 addr_full=0.0425 correct=161
  mpx-135 traj: trials=55020000 wall=483077s knowledge=0.4229 reliable=379 spec=10.49 pop=7421
  mpx-135 diag: trials=55020000 micro=9168 pop_spec=20.51 spec_max=32 q_mean=0.575 q_max=1.000 q_above_half=4091 marked=0.189 mark_density=0.900 exp_mean=1732.6 addr_spec=3.249 addr_random=1.063 addr_full=0.0438 correct=160
  mpx-135 traj: trials=55080000 wall=483179s knowledge=0.4223 reliable=385 spec=10.57 pop=7890
  mpx-135 diag: trials=55080000 micro=9665 pop_spec=20.02 spec_max=32 q_mean=0.575 q_max=1.000 q_above_half=4381 marked=0.193 mark_density=0.899 exp_mean=1633.2 addr_spec=3.154 addr_random=1.038 addr_full=0.0395 correct=160
  mpx-135 traj: trials=55140000 wall=483224s knowledge=0.4220 reliable=374 spec=10.54 pop=7497
  mpx-135 diag: trials=55140000 micro=9266 pop_spec=20.47 spec_max=32 q_mean=0.575 q_max=1.000 q_above_half=4123 marked=0.188 mark_density=0.897 exp_mean=1722.6 addr_spec=3.254 addr_random=1.061 addr_full=0.0412 correct=160
  mpx-135 traj: trials=55200000 wall=483286s knowledge=0.4219 reliable=373 spec=10.53 pop=7952
  mpx-135 diag: trials=55200000 micro=9739 pop_spec=19.90 spec_max=32 q_mean=0.569 q_max=1.000 q_above_half=4233 marked=0.190 mark_density=0.899 exp_mean=1627.8 addr_spec=3.098 addr_random=1.032 addr_full=0.0384 correct=160
  mpx-135 traj: trials=55260000 wall=483332s knowledge=0.4238 reliable=381 spec=10.53 pop=7443
  mpx-135 diag: trials=55260000 micro=9191 pop_spec=20.47 spec_max=32 q_mean=0.574 q_max=1.000 q_above_half=4156 marked=0.179 mark_density=0.896 exp_mean=1743.1 addr_spec=3.209 addr_random=1.062 addr_full=0.0415 correct=160
  mpx-135 traj: trials=55320000 wall=483387s knowledge=0.4220 reliable=376 spec=10.50 pop=7723
  mpx-135 diag: trials=55320000 micro=9519 pop_spec=20.16 spec_max=32 q_mean=0.573 q_max=1.000 q_above_half=4257 marked=0.180 mark_density=0.898 exp_mean=1683.9 addr_spec=3.135 addr_random=1.046 addr_full=0.0398 correct=161
  mpx-135 traj: trials=55380000 wall=483435s knowledge=0.4227 reliable=370 spec=10.48 pop=8042
  mpx-135 diag: trials=55380000 micro=9745 pop_spec=19.46 spec_max=32 q_mean=0.572 q_max=1.000 q_above_half=4377 marked=0.197 mark_density=0.907 exp_mean=1620.8 addr_spec=3.055 addr_random=1.009 addr_full=0.0379 correct=160
  mpx-135 traj: trials=55440000 wall=483480s knowledge=0.4222 reliable=370 spec=10.46 pop=7448
  mpx-135 diag: trials=55440000 micro=9252 pop_spec=20.54 spec_max=32 q_mean=0.576 q_max=1.000 q_above_half=4137 marked=0.183 mark_density=0.897 exp_mean=1753.7 addr_spec=3.325 addr_random=1.065 addr_full=0.0411 correct=160
  mpx-135 traj: trials=55500000 wall=483528s knowledge=0.4235 reliable=374 spec=10.47 pop=7669
  mpx-135 diag: trials=55500000 micro=9431 pop_spec=20.13 spec_max=32 q_mean=0.575 q_max=1.000 q_above_half=4282 marked=0.198 mark_density=0.901 exp_mean=1707.2 addr_spec=3.244 addr_random=1.044 addr_full=0.0392 correct=161
  mpx-135 traj: trials=55560000 wall=483640s knowledge=0.4228 reliable=366 spec=10.43 pop=7928
  mpx-135 diag: trials=55560000 micro=9708 pop_spec=20.04 spec_max=32 q_mean=0.573 q_max=1.000 q_above_half=4412 marked=0.182 mark_density=0.896 exp_mean=1655.3 addr_spec=3.143 addr_random=1.039 addr_full=0.0390 correct=162
  mpx-135 traj: trials=55620000 wall=483692s knowledge=0.4222 reliable=374 spec=10.50 pop=7845
  mpx-135 diag: trials=55620000 micro=9607 pop_spec=20.03 spec_max=32 q_mean=0.573 q_max=1.000 q_above_half=4327 marked=0.184 mark_density=0.898 exp_mean=1676.7 addr_spec=3.145 addr_random=1.039 addr_full=0.0382 correct=160
  mpx-135 traj: trials=55680000 wall=483737s knowledge=0.4240 reliable=381 spec=10.52 pop=7522
  mpx-135 diag: trials=55680000 micro=9275 pop_spec=20.31 spec_max=32 q_mean=0.577 q_max=1.000 q_above_half=4188 marked=0.188 mark_density=0.899 exp_mean=1752.7 addr_spec=3.250 addr_random=1.053 addr_full=0.0416 correct=162
  mpx-135 traj: trials=55740000 wall=483797s knowledge=0.4226 reliable=377 spec=10.53 pop=7596
  mpx-135 diag: trials=55740000 micro=9378 pop_spec=20.24 spec_max=32 q_mean=0.576 q_max=1.000 q_above_half=4301 marked=0.191 mark_density=0.898 exp_mean=1739.4 addr_spec=3.170 addr_random=1.050 addr_full=0.0402 correct=161
  mpx-135 traj: trials=55800000 wall=483874s knowledge=0.4234 reliable=366 spec=10.46 pop=7458
  mpx-135 diag: trials=55800000 micro=9248 pop_spec=20.43 spec_max=32 q_mean=0.572 q_max=1.000 q_above_half=4045 marked=0.183 mark_density=0.897 exp_mean=1775.6 addr_spec=3.194 addr_random=1.059 addr_full=0.0405 correct=160
  mpx-135 traj: trials=55860000 wall=483933s knowledge=0.4246 reliable=374 spec=10.45 pop=8129
  mpx-135 diag: trials=55860000 micro=9920 pop_spec=19.77 spec_max=32 q_mean=0.568 q_max=1.000 q_above_half=4162 marked=0.182 mark_density=0.900 exp_mean=1632.9 addr_spec=3.072 addr_random=1.025 addr_full=0.0373 correct=160
  mpx-135 traj: trials=55920000 wall=483976s knowledge=0.4249 reliable=372 spec=10.45 pop=7296
  mpx-135 diag: trials=55920000 micro=9076 pop_spec=20.67 spec_max=32 q_mean=0.575 q_max=1.000 q_above_half=3999 marked=0.179 mark_density=0.896 exp_mean=1823.3 addr_spec=3.292 addr_random=1.072 addr_full=0.0426 correct=160
  mpx-135 traj: trials=55980000 wall=484043s knowledge=0.4245 reliable=371 spec=10.46 pop=7930
  mpx-135 diag: trials=55980000 micro=9686 pop_spec=19.90 spec_max=32 q_mean=0.572 q_max=1.000 q_above_half=4320 marked=0.168 mark_density=0.897 exp_mean=1681.5 addr_spec=3.038 addr_random=1.032 addr_full=0.0388 correct=163
  mpx-135 traj: trials=56040000 wall=484130s knowledge=0.4244 reliable=374 spec=10.51 pop=8368
  mpx-135 diag: trials=56040000 micro=10141 pop_spec=19.49 spec_max=32 q_mean=0.568 q_max=1.000 q_above_half=4458 marked=0.182 mark_density=0.902 exp_mean=1597.2 addr_spec=2.964 addr_random=1.011 addr_full=0.0375 correct=161
  mpx-135 traj: trials=56100000 wall=484177s knowledge=0.4236 reliable=376 spec=10.53 pop=7491
  mpx-135 diag: trials=56100000 micro=9286 pop_spec=20.47 spec_max=32 q_mean=0.578 q_max=1.000 q_above_half=4219 marked=0.176 mark_density=0.895 exp_mean=1788.1 addr_spec=3.296 addr_random=1.061 addr_full=0.0408 correct=161
  mpx-135 traj: trials=56160000 wall=484226s knowledge=0.4245 reliable=374 spec=10.47 pop=7633
  mpx-135 diag: trials=56160000 micro=9368 pop_spec=20.26 spec_max=32 q_mean=0.578 q_max=1.000 q_above_half=4228 marked=0.184 mark_density=0.898 exp_mean=1758.9 addr_spec=3.247 addr_random=1.051 addr_full=0.0406 correct=160
  mpx-135 traj: trials=56220000 wall=484290s knowledge=0.4231 reliable=370 spec=10.46 pop=7853
  mpx-135 diag: trials=56220000 micro=9677 pop_spec=20.04 spec_max=32 q_mean=0.577 q_max=1.000 q_above_half=4342 marked=0.184 mark_density=0.898 exp_mean=1713.4 addr_spec=3.238 addr_random=1.039 addr_full=0.0392 correct=160
  mpx-135 traj: trials=56280000 wall=484350s knowledge=0.4228 reliable=373 spec=10.49 pop=8010
  mpx-135 diag: trials=56280000 micro=9761 pop_spec=19.96 spec_max=32 q_mean=0.575 q_max=1.000 q_above_half=4384 marked=0.186 mark_density=0.897 exp_mean=1683.6 addr_spec=3.123 addr_random=1.035 addr_full=0.0383 correct=161
  mpx-135 traj: trials=56340000 wall=484394s knowledge=0.4233 reliable=377 spec=10.49 pop=7651
  mpx-135 diag: trials=56340000 micro=9419 pop_spec=20.10 spec_max=32 q_mean=0.577 q_max=1.000 q_above_half=4250 marked=0.204 mark_density=0.903 exp_mean=1766.6 addr_spec=3.270 addr_random=1.042 addr_full=0.0412 correct=161
  mpx-135 traj: trials=56400000 wall=484442s knowledge=0.4232 reliable=367 spec=10.39 pop=7500
  mpx-135 diag: trials=56400000 micro=9246 pop_spec=20.41 spec_max=32 q_mean=0.580 q_max=1.000 q_above_half=4253 marked=0.185 mark_density=0.894 exp_mean=1805.1 addr_spec=3.312 addr_random=1.059 addr_full=0.0407 correct=162
  mpx-135 traj: trials=56460000 wall=484490s knowledge=0.4243 reliable=363 spec=10.37 pop=8430
  mpx-135 diag: trials=56460000 micro=10216 pop_spec=19.04 spec_max=32 q_mean=0.575 q_max=1.000 q_above_half=4680 marked=0.205 mark_density=0.908 exp_mean=1609.8 addr_spec=3.059 addr_random=0.987 addr_full=0.0369 correct=161
  mpx-135 traj: trials=56520000 wall=484537s knowledge=0.4230 reliable=360 spec=10.35 pop=7724
  mpx-135 diag: trials=56520000 micro=9446 pop_spec=20.07 spec_max=32 q_mean=0.577 q_max=1.000 q_above_half=4305 marked=0.199 mark_density=0.901 exp_mean=1760.6 addr_spec=3.276 addr_random=1.040 addr_full=0.0394 correct=161
  mpx-135 traj: trials=56580000 wall=484604s knowledge=0.4223 reliable=353 spec=10.31 pop=7891
  mpx-135 diag: trials=56580000 micro=9632 pop_spec=20.06 spec_max=32 q_mean=0.575 q_max=1.000 q_above_half=4294 marked=0.185 mark_density=0.897 exp_mean=1713.6 addr_spec=3.212 addr_random=1.040 addr_full=0.0397 correct=161
  mpx-135 traj: trials=56640000 wall=484649s knowledge=0.4229 reliable=360 spec=10.34 pop=7753
  mpx-135 diag: trials=56640000 micro=9515 pop_spec=20.00 spec_max=32 q_mean=0.579 q_max=1.000 q_above_half=4400 marked=0.200 mark_density=0.901 exp_mean=1748.0 addr_spec=3.300 addr_random=1.037 addr_full=0.0399 correct=162
  mpx-135 traj: trials=56700000 wall=484693s knowledge=0.4223 reliable=354 spec=10.32 pop=7511
  mpx-135 diag: trials=56700000 micro=9243 pop_spec=20.41 spec_max=32 q_mean=0.580 q_max=1.000 q_above_half=4212 marked=0.187 mark_density=0.896 exp_mean=1808.2 addr_spec=3.329 addr_random=1.059 addr_full=0.0401 correct=161
  mpx-135 traj: trials=56760000 wall=484737s knowledge=0.4224 reliable=357 spec=10.35 pop=7640
  mpx-135 diag: trials=56760000 micro=9456 pop_spec=20.18 spec_max=32 q_mean=0.580 q_max=1.000 q_above_half=4340 marked=0.202 mark_density=0.900 exp_mean=1781.8 addr_spec=3.331 addr_random=1.047 addr_full=0.0406 correct=162
  mpx-135 traj: trials=56820000 wall=484818s knowledge=0.4234 reliable=355 spec=10.27 pop=8141
  mpx-135 diag: trials=56820000 micro=9896 pop_spec=19.51 spec_max=32 q_mean=0.575 q_max=1.000 q_above_half=4561 marked=0.202 mark_density=0.904 exp_mean=1675.8 addr_spec=3.149 addr_random=1.011 addr_full=0.0381 correct=162
  mpx-135 traj: trials=56880000 wall=484865s knowledge=0.4231 reliable=355 spec=10.26 pop=7753
  mpx-135 diag: trials=56880000 micro=9538 pop_spec=20.11 spec_max=32 q_mean=0.579 q_max=1.000 q_above_half=4375 marked=0.193 mark_density=0.899 exp_mean=1763.5 addr_spec=3.281 addr_random=1.043 addr_full=0.0399 correct=162
  mpx-135 traj: trials=56940000 wall=484954s knowledge=0.4222 reliable=364 spec=10.37 pop=7928
  mpx-135 diag: trials=56940000 micro=9657 pop_spec=20.02 spec_max=32 q_mean=0.575 q_max=1.000 q_above_half=4424 marked=0.185 mark_density=0.896 exp_mean=1728.2 addr_spec=3.183 addr_random=1.038 addr_full=0.0397 correct=162
  mpx-135 traj: trials=57000000 wall=484999s knowledge=0.4247 reliable=361 spec=10.30 pop=7581
  mpx-135 diag: trials=57000000 micro=9355 pop_spec=20.27 spec_max=32 q_mean=0.579 q_max=1.000 q_above_half=4340 marked=0.186 mark_density=0.897 exp_mean=1811.3 addr_spec=3.275 addr_random=1.051 addr_full=0.0400 correct=162
  mpx-135 traj: trials=57060000 wall=485063s knowledge=0.4231 reliable=362 spec=10.36 pop=7735
  mpx-135 diag: trials=57060000 micro=9501 pop_spec=20.02 spec_max=32 q_mean=0.578 q_max=1.000 q_above_half=4368 marked=0.190 mark_density=0.899 exp_mean=1779.1 addr_spec=3.250 addr_random=1.038 addr_full=0.0397 correct=162
  mpx-135 traj: trials=57120000 wall=485105s knowledge=0.4233 reliable=361 spec=10.36 pop=7684
  mpx-135 diag: trials=57120000 micro=9439 pop_spec=20.07 spec_max=32 q_mean=0.578 q_max=1.000 q_above_half=4316 marked=0.194 mark_density=0.901 exp_mean=1794.8 addr_spec=3.293 addr_random=1.040 addr_full=0.0411 correct=163
  mpx-135 traj: trials=57180000 wall=485154s knowledge=0.4225 reliable=358 spec=10.36 pop=7960
  mpx-135 diag: trials=57180000 micro=9706 pop_spec=19.63 spec_max=32 q_mean=0.577 q_max=1.000 q_above_half=4484 marked=0.209 mark_density=0.904 exp_mean=1736.5 addr_spec=3.262 addr_random=1.018 addr_full=0.0387 correct=162
  mpx-135 traj: trials=57240000 wall=485199s knowledge=0.4237 reliable=364 spec=10.38 pop=7517
  mpx-135 diag: trials=57240000 micro=9288 pop_spec=20.34 spec_max=32 q_mean=0.579 q_max=1.000 q_above_half=4253 marked=0.191 mark_density=0.897 exp_mean=1842.7 addr_spec=3.335 addr_random=1.055 addr_full=0.0399 correct=162
  mpx-135 traj: trials=57300000 wall=485246s knowledge=0.4240 reliable=365 spec=10.40 pop=7595
  mpx-135 diag: trials=57300000 micro=9333 pop_spec=20.20 spec_max=32 q_mean=0.577 q_max=1.000 q_above_half=4185 marked=0.197 mark_density=0.900 exp_mean=1827.6 addr_spec=3.316 addr_random=1.048 addr_full=0.0416 correct=163
  mpx-135 traj: trials=57360000 wall=485300s knowledge=0.4236 reliable=363 spec=10.35 pop=7736
  mpx-135 diag: trials=57360000 micro=9435 pop_spec=20.09 spec_max=32 q_mean=0.578 q_max=1.000 q_above_half=4323 marked=0.187 mark_density=0.897 exp_mean=1798.3 addr_spec=3.298 addr_random=1.042 addr_full=0.0399 correct=163
  mpx-135 traj: trials=57420000 wall=485348s knowledge=0.4236 reliable=361 spec=10.36 pop=7877
  mpx-135 diag: trials=57420000 micro=9593 pop_spec=19.93 spec_max=32 q_mean=0.579 q_max=1.000 q_above_half=4476 marked=0.191 mark_density=0.898 exp_mean=1769.9 addr_spec=3.234 addr_random=1.034 addr_full=0.0395 correct=163
  mpx-135 traj: trials=57480000 wall=485392s knowledge=0.4229 reliable=360 spec=10.37 pop=7940
  mpx-135 diag: trials=57480000 micro=9681 pop_spec=19.66 spec_max=32 q_mean=0.578 q_max=1.000 q_above_half=4530 marked=0.205 mark_density=0.903 exp_mean=1759.8 addr_spec=3.231 addr_random=1.019 addr_full=0.0389 correct=163
  mpx-135 traj: trials=57540000 wall=485439s knowledge=0.4249 reliable=359 spec=10.31 pop=7700
  mpx-135 diag: trials=57540000 micro=9487 pop_spec=20.11 spec_max=32 q_mean=0.581 q_max=1.000 q_above_half=4397 marked=0.198 mark_density=0.899 exp_mean=1818.5 addr_spec=3.368 addr_random=1.043 addr_full=0.0414 correct=165
  mpx-135 traj: trials=57600000 wall=485503s knowledge=0.4250 reliable=356 spec=10.26 pop=7733
  mpx-135 diag: trials=57600000 micro=9508 pop_spec=20.18 spec_max=32 q_mean=0.579 q_max=1.000 q_above_half=4419 marked=0.194 mark_density=0.896 exp_mean=1814.7 addr_spec=3.333 addr_random=1.047 addr_full=0.0394 correct=164
  mpx-135 traj: trials=57660000 wall=485549s knowledge=0.4243 reliable=360 spec=10.31 pop=7748
  mpx-135 diag: trials=57660000 micro=9507 pop_spec=19.99 spec_max=32 q_mean=0.577 q_max=1.000 q_above_half=4373 marked=0.202 mark_density=0.901 exp_mean=1802.7 addr_spec=3.319 addr_random=1.036 addr_full=0.0398 correct=165
  mpx-135 traj: trials=57720000 wall=485600s knowledge=0.4239 reliable=361 spec=10.33 pop=7714
  mpx-135 diag: trials=57720000 micro=9485 pop_spec=20.05 spec_max=32 q_mean=0.580 q_max=1.000 q_above_half=4494 marked=0.198 mark_density=0.899 exp_mean=1814.6 addr_spec=3.380 addr_random=1.039 addr_full=0.0408 correct=166
  mpx-135 traj: trials=57780000 wall=485765s knowledge=0.4243 reliable=377 spec=10.44 pop=7682
  mpx-135 diag: trials=57780000 micro=9490 pop_spec=20.25 spec_max=32 q_mean=0.578 q_max=1.000 q_above_half=4359 marked=0.186 mark_density=0.894 exp_mean=1826.2 addr_spec=3.318 addr_random=1.050 addr_full=0.0402 correct=165
  mpx-135 traj: trials=57840000 wall=485839s knowledge=0.4232 reliable=366 spec=10.41 pop=7757
  mpx-135 diag: trials=57840000 micro=9493 pop_spec=20.01 spec_max=32 q_mean=0.578 q_max=1.000 q_above_half=4437 marked=0.206 mark_density=0.901 exp_mean=1812.4 addr_spec=3.271 addr_random=1.037 addr_full=0.0396 correct=165
  mpx-135 traj: trials=57900000 wall=485888s knowledge=0.4229 reliable=369 spec=10.45 pop=7396
  mpx-135 diag: trials=57900000 micro=9153 pop_spec=20.62 spec_max=32 q_mean=0.579 q_max=1.000 q_above_half=4187 marked=0.179 mark_density=0.893 exp_mean=1904.8 addr_spec=3.367 addr_random=1.069 addr_full=0.0434 correct=166
  mpx-135 traj: trials=57960000 wall=485939s knowledge=0.4230 reliable=372 spec=10.47 pop=7560
  mpx-135 diag: trials=57960000 micro=9346 pop_spec=20.37 spec_max=32 q_mean=0.577 q_max=1.000 q_above_half=4228 marked=0.197 mark_density=0.896 exp_mean=1867.3 addr_spec=3.346 addr_random=1.056 addr_full=0.0417 correct=166
  mpx-135 traj: trials=58020000 wall=485991s knowledge=0.4235 reliable=369 spec=10.44 pop=7910
  mpx-135 diag: trials=58020000 micro=9677 pop_spec=19.93 spec_max=32 q_mean=0.577 q_max=1.000 q_above_half=4443 marked=0.182 mark_density=0.896 exp_mean=1784.5 addr_spec=3.188 addr_random=1.033 addr_full=0.0397 correct=165
  mpx-135 traj: trials=58080000 wall=486047s knowledge=0.4244 reliable=369 spec=10.44 pop=8078
  mpx-135 diag: trials=58080000 micro=9816 pop_spec=19.74 spec_max=32 q_mean=0.575 q_max=1.000 q_above_half=4516 marked=0.189 mark_density=0.898 exp_mean=1751.3 addr_spec=3.131 addr_random=1.023 addr_full=0.0392 correct=167
  mpx-135 traj: trials=58140000 wall=486126s knowledge=0.4252 reliable=372 spec=10.43 pop=8026
  mpx-135 diag: trials=58140000 micro=9772 pop_spec=19.65 spec_max=32 q_mean=0.571 q_max=1.000 q_above_half=4392 marked=0.192 mark_density=0.902 exp_mean=1766.4 addr_spec=3.116 addr_random=1.019 addr_full=0.0396 correct=167
  mpx-135 traj: trials=58200000 wall=486171s knowledge=0.4239 reliable=370 spec=10.44 pop=7384
  mpx-135 diag: trials=58200000 micro=9171 pop_spec=20.44 spec_max=32 q_mean=0.573 q_max=1.000 q_above_half=4035 marked=0.179 mark_density=0.896 exp_mean=1923.4 addr_spec=3.244 addr_random=1.060 addr_full=0.0428 correct=166
  mpx-135 traj: trials=58260000 wall=486218s knowledge=0.4248 reliable=372 spec=10.44 pop=7425
  mpx-135 diag: trials=58260000 micro=9152 pop_spec=20.29 spec_max=32 q_mean=0.573 q_max=1.000 q_above_half=4063 marked=0.178 mark_density=0.899 exp_mean=1917.0 addr_spec=3.143 addr_random=1.052 addr_full=0.0424 correct=166
  mpx-135 traj: trials=58320000 wall=486290s knowledge=0.4261 reliable=378 spec=10.41 pop=7550
  mpx-135 diag: trials=58320000 micro=9316 pop_spec=20.19 spec_max=32 q_mean=0.573 q_max=1.000 q_above_half=4173 marked=0.175 mark_density=0.895 exp_mean=1887.6 addr_spec=3.220 addr_random=1.047 addr_full=0.0417 correct=166
  mpx-135 traj: trials=58380000 wall=486336s knowledge=0.4255 reliable=381 spec=10.43 pop=7451
  mpx-135 diag: trials=58380000 micro=9231 pop_spec=20.30 spec_max=32 q_mean=0.575 q_max=1.000 q_above_half=4178 marked=0.185 mark_density=0.897 exp_mean=1916.8 addr_spec=3.253 addr_random=1.053 addr_full=0.0425 correct=165
  mpx-135 traj: trials=58440000 wall=486391s knowledge=0.4279 reliable=377 spec=10.40 pop=7663
  mpx-135 diag: trials=58440000 micro=9344 pop_spec=19.91 spec_max=32 q_mean=0.575 q_max=1.000 q_above_half=4314 marked=0.197 mark_density=0.901 exp_mean=1867.9 addr_spec=3.179 addr_random=1.032 addr_full=0.0427 correct=168
  mpx-135 traj: trials=58500000 wall=486449s knowledge=0.4283 reliable=375 spec=10.38 pop=7525
  mpx-135 diag: trials=58500000 micro=9308 pop_spec=20.26 spec_max=32 q_mean=0.574 q_max=1.000 q_above_half=4087 marked=0.183 mark_density=0.897 exp_mean=1906.0 addr_spec=3.251 addr_random=1.051 addr_full=0.0427 correct=168
  mpx-135 traj: trials=58560000 wall=486511s knowledge=0.4276 reliable=372 spec=10.39 pop=8067
  mpx-135 diag: trials=58560000 micro=9821 pop_spec=19.78 spec_max=32 q_mean=0.572 q_max=1.000 q_above_half=4304 marked=0.177 mark_density=0.897 exp_mean=1781.8 addr_spec=3.031 addr_random=1.025 addr_full=0.0393 correct=169
  mpx-135 traj: trials=58620000 wall=486556s knowledge=0.4270 reliable=368 spec=10.36 pop=7861
  mpx-135 diag: trials=58620000 micro=9643 pop_spec=19.75 spec_max=32 q_mean=0.576 q_max=1.000 q_above_half=4432 marked=0.208 mark_density=0.903 exp_mean=1832.1 addr_spec=3.197 addr_random=1.024 addr_full=0.0407 correct=167
  mpx-135 traj: trials=58680000 wall=486629s knowledge=0.4267 reliable=362 spec=10.34 pop=7948
  mpx-135 diag: trials=58680000 micro=9742 pop_spec=19.89 spec_max=32 q_mean=0.576 q_max=1.000 q_above_half=4473 marked=0.183 mark_density=0.895 exp_mean=1815.8 addr_spec=3.188 addr_random=1.031 addr_full=0.0385 correct=168
  mpx-135 traj: trials=58740000 wall=486682s knowledge=0.4274 reliable=358 spec=10.30 pop=8132
  mpx-135 diag: trials=58740000 micro=9928 pop_spec=19.33 spec_max=32 q_mean=0.570 q_max=1.000 q_above_half=4404 marked=0.200 mark_density=0.906 exp_mean=1778.4 addr_spec=3.049 addr_random=1.002 addr_full=0.0389 correct=168
  mpx-135 traj: trials=58800000 wall=486729s knowledge=0.4286 reliable=362 spec=10.28 pop=7242
  mpx-135 diag: trials=58800000 micro=9066 pop_spec=20.63 spec_max=32 q_mean=0.576 q_max=1.000 q_above_half=4057 marked=0.175 mark_density=0.893 exp_mean=2001.0 addr_spec=3.329 addr_random=1.070 addr_full=0.0438 correct=170
  mpx-135 traj: trials=58860000 wall=486772s knowledge=0.4281 reliable=368 spec=10.33 pop=7278
  mpx-135 diag: trials=58860000 micro=9079 pop_spec=20.53 spec_max=32 q_mean=0.574 q_max=1.000 q_above_half=4062 marked=0.178 mark_density=0.894 exp_mean=1995.3 addr_spec=3.282 addr_random=1.064 addr_full=0.0447 correct=169
  mpx-135 traj: trials=58920000 wall=486822s knowledge=0.4268 reliable=363 spec=10.35 pop=7538
  mpx-135 diag: trials=58920000 micro=9325 pop_spec=20.11 spec_max=32 q_mean=0.570 q_max=1.000 q_above_half=4044 marked=0.192 mark_density=0.901 exp_mean=1930.2 addr_spec=3.161 addr_random=1.043 addr_full=0.0413 correct=167
  mpx-135 traj: trials=58980000 wall=486875s knowledge=0.4264 reliable=357 spec=10.31 pop=7673
  mpx-135 diag: trials=58980000 micro=9441 pop_spec=20.06 spec_max=32 q_mean=0.569 q_max=1.000 q_above_half=4055 marked=0.197 mark_density=0.902 exp_mean=1900.1 addr_spec=3.119 addr_random=1.040 addr_full=0.0422 correct=167
  mpx-135 traj: trials=59040000 wall=486930s knowledge=0.4274 reliable=367 spec=10.36 pop=7499
  mpx-135 diag: trials=59040000 micro=9246 pop_spec=20.13 spec_max=32 q_mean=0.569 q_max=1.000 q_above_half=4038 marked=0.198 mark_density=0.903 exp_mean=1948.3 addr_spec=3.076 addr_random=1.044 addr_full=0.0417 correct=167
  mpx-135 traj: trials=59100000 wall=487002s knowledge=0.4258 reliable=366 spec=10.40 pop=7224
  mpx-135 diag: trials=59100000 micro=8970 pop_spec=20.59 spec_max=32 q_mean=0.572 q_max=1.000 q_above_half=3996 marked=0.177 mark_density=0.897 exp_mean=2026.4 addr_spec=3.207 addr_random=1.068 addr_full=0.0429 correct=166
  mpx-135 traj: trials=59160000 wall=487065s knowledge=0.4252 reliable=363 spec=10.40 pop=7588
  mpx-135 diag: trials=59160000 micro=9339 pop_spec=20.04 spec_max=32 q_mean=0.567 q_max=1.000 q_above_half=4043 marked=0.190 mark_density=0.901 exp_mean=1933.1 addr_spec=3.116 addr_random=1.039 addr_full=0.0412 correct=167
  mpx-135 traj: trials=59220000 wall=487110s knowledge=0.4262 reliable=364 spec=10.38 pop=7184
  mpx-135 diag: trials=59220000 micro=8895 pop_spec=20.57 spec_max=32 q_mean=0.573 q_max=1.000 q_above_half=3940 marked=0.173 mark_density=0.895 exp_mean=2045.9 addr_spec=3.280 addr_random=1.067 addr_full=0.0437 correct=166
  mpx-135 traj: trials=59280000 wall=487167s knowledge=0.4263 reliable=361 spec=10.34 pop=7761
  mpx-135 diag: trials=59280000 micro=9544 pop_spec=19.97 spec_max=32 q_mean=0.566 q_max=1.000 q_above_half=3979 marked=0.185 mark_density=0.900 exp_mean=1897.9 addr_spec=3.078 addr_random=1.036 addr_full=0.0398 correct=166
  mpx-135 traj: trials=59340000 wall=487223s knowledge=0.4264 reliable=366 spec=10.34 pop=7243
  mpx-135 diag: trials=59340000 micro=9047 pop_spec=20.56 spec_max=32 q_mean=0.573 q_max=1.000 q_above_half=4005 marked=0.178 mark_density=0.894 exp_mean=2027.0 addr_spec=3.279 addr_random=1.066 addr_full=0.0429 correct=166
  mpx-135 traj: trials=59400000 wall=487266s knowledge=0.4262 reliable=358 spec=10.32 pop=7142
  mpx-135 diag: trials=59400000 micro=8945 pop_spec=20.62 spec_max=32 q_mean=0.573 q_max=1.000 q_above_half=3962 marked=0.190 mark_density=0.897 exp_mean=2059.8 addr_spec=3.311 addr_random=1.069 addr_full=0.0416 correct=166
  mpx-135 traj: trials=59460000 wall=487315s knowledge=0.4258 reliable=354 spec=10.30 pop=7088
  mpx-135 diag: trials=59460000 micro=8867 pop_spec=20.65 spec_max=32 q_mean=0.572 q_max=1.000 q_above_half=3911 marked=0.176 mark_density=0.895 exp_mean=2079.5 addr_spec=3.262 addr_random=1.071 addr_full=0.0430 correct=166
  mpx-135 traj: trials=59520000 wall=487377s knowledge=0.4258 reliable=354 spec=10.29 pop=7204
  mpx-135 diag: trials=59520000 micro=8947 pop_spec=20.55 spec_max=32 q_mean=0.568 q_max=1.000 q_above_half=3852 marked=0.172 mark_density=0.895 exp_mean=2050.3 addr_spec=3.177 addr_random=1.065 addr_full=0.0421 correct=167
  mpx-135 traj: trials=59580000 wall=487482s knowledge=0.4258 reliable=349 spec=10.27 pop=7373
  mpx-135 diag: trials=59580000 micro=9122 pop_spec=20.31 spec_max=32 q_mean=0.565 q_max=1.000 q_above_half=3947 marked=0.186 mark_density=0.901 exp_mean=2007.4 addr_spec=3.031 addr_random=1.053 addr_full=0.0427 correct=166
  mpx-135 traj: trials=59640000 wall=487538s knowledge=0.4272 reliable=348 spec=10.25 pop=7131
  mpx-135 diag: trials=59640000 micro=8888 pop_spec=20.58 spec_max=32 q_mean=0.564 q_max=1.000 q_above_half=3739 marked=0.176 mark_density=0.897 exp_mean=2079.6 addr_spec=3.103 addr_random=1.067 addr_full=0.0426 correct=167
  mpx-135 traj: trials=59700000 wall=487618s knowledge=0.4269 reliable=348 spec=10.26 pop=7404
  mpx-135 diag: trials=59700000 micro=9169 pop_spec=20.37 spec_max=32 q_mean=0.563 q_max=1.000 q_above_half=3815 marked=0.163 mark_density=0.894 exp_mean=2006.9 addr_spec=3.013 addr_random=1.056 addr_full=0.0401 correct=167
  mpx-135 traj: trials=59760000 wall=487672s knowledge=0.4304 reliable=352 spec=10.21 pop=7385
  mpx-135 diag: trials=59760000 micro=9149 pop_spec=20.31 spec_max=32 q_mean=0.563 q_max=1.000 q_above_half=3784 marked=0.180 mark_density=0.899 exp_mean=2016.4 addr_spec=3.082 addr_random=1.053 addr_full=0.0414 correct=169
  mpx-135 traj: trials=59820000 wall=487734s knowledge=0.4295 reliable=353 spec=10.24 pop=7182
  mpx-135 diag: trials=59820000 micro=8913 pop_spec=20.56 spec_max=32 q_mean=0.566 q_max=1.000 q_above_half=3806 marked=0.169 mark_density=0.894 exp_mean=2077.6 addr_spec=3.136 addr_random=1.066 addr_full=0.0409 correct=168
  mpx-135 traj: trials=59880000 wall=487853s knowledge=0.4298 reliable=349 spec=10.19 pop=8176
  mpx-135 diag: trials=59880000 micro=9909 pop_spec=19.64 spec_max=32 q_mean=0.561 q_max=1.000 q_above_half=4071 marked=0.174 mark_density=0.900 exp_mean=1829.0 addr_spec=2.869 addr_random=1.018 addr_full=0.0378 correct=169
  mpx-135 traj: trials=59940000 wall=487900s knowledge=0.4302 reliable=343 spec=10.18 pop=7291
  mpx-135 diag: trials=59940000 micro=9058 pop_spec=20.37 spec_max=32 q_mean=0.567 q_max=1.000 q_above_half=3917 marked=0.184 mark_density=0.898 exp_mean=2055.0 addr_spec=3.099 addr_random=1.056 addr_full=0.0406 correct=169
  mpx-135 traj: trials=60000000 wall=487967s knowledge=0.4299 reliable=342 spec=10.18 pop=7239
  mpx-135 diag: trials=60000000 micro=9017 pop_spec=20.49 spec_max=32 q_mean=0.567 q_max=1.000 q_above_half=3850 marked=0.177 mark_density=0.895 exp_mean=2074.0 addr_spec=3.133 addr_random=1.062 addr_full=0.0414 correct=169
  mpx-135 traj: trials=60060000 wall=488017s knowledge=0.4313 reliable=344 spec=10.16 pop=8657
  mpx-135 diag: trials=60060000 micro=10451 pop_spec=18.33 spec_max=32 q_mean=0.560 q_max=1.000 q_above_half=4577 marked=0.192 mark_density=0.910 exp_mean=1738.3 addr_spec=2.699 addr_random=0.951 addr_full=0.0363 correct=169
  mpx-135 traj: trials=60120000 wall=488073s knowledge=0.4304 reliable=344 spec=10.16 pop=7180
  mpx-135 diag: trials=60120000 micro=8994 pop_spec=20.54 spec_max=32 q_mean=0.564 q_max=1.000 q_above_half=3742 marked=0.179 mark_density=0.897 exp_mean=2099.6 addr_spec=3.110 addr_random=1.065 addr_full=0.0412 correct=169
  mpx-135 traj: trials=60180000 wall=488117s knowledge=0.4296 reliable=344 spec=10.20 pop=7058
  mpx-135 diag: trials=60180000 micro=8862 pop_spec=20.58 spec_max=32 q_mean=0.567 q_max=1.000 q_above_half=3804 marked=0.192 mark_density=0.901 exp_mean=2140.3 addr_spec=3.201 addr_random=1.067 addr_full=0.0429 correct=169
  mpx-135 traj: trials=60240000 wall=488162s knowledge=0.4293 reliable=345 spec=10.20 pop=6986
  mpx-135 diag: trials=60240000 micro=8769 pop_spec=20.72 spec_max=32 q_mean=0.569 q_max=1.000 q_above_half=3793 marked=0.176 mark_density=0.897 exp_mean=2166.6 addr_spec=3.248 addr_random=1.074 addr_full=0.0434 correct=171
  mpx-135 traj: trials=60300000 wall=488205s knowledge=0.4294 reliable=349 spec=10.18 pop=7219
  mpx-135 diag: trials=60300000 micro=9002 pop_spec=20.37 spec_max=32 q_mean=0.571 q_max=1.000 q_above_half=3928 marked=0.177 mark_density=0.897 exp_mean=2101.1 addr_spec=3.180 addr_random=1.056 addr_full=0.0418 correct=170
  mpx-135 traj: trials=60360000 wall=488266s knowledge=0.4292 reliable=351 spec=10.21 pop=7364
  mpx-135 diag: trials=60360000 micro=9129 pop_spec=20.32 spec_max=32 q_mean=0.566 q_max=1.000 q_above_half=3905 marked=0.177 mark_density=0.898 exp_mean=2063.9 addr_spec=3.113 addr_random=1.053 addr_full=0.0422 correct=170
  mpx-135 traj: trials=60420000 wall=488309s knowledge=0.4303 reliable=353 spec=10.17 pop=6939
  mpx-135 diag: trials=60420000 micro=8698 pop_spec=20.79 spec_max=32 q_mean=0.567 q_max=1.000 q_above_half=3703 marked=0.184 mark_density=0.898 exp_mean=2193.4 addr_spec=3.180 addr_random=1.078 addr_full=0.0440 correct=171
  mpx-135 traj: trials=60480000 wall=488368s knowledge=0.4290 reliable=348 spec=10.16 pop=6768
  mpx-135 diag: trials=60480000 micro=8537 pop_spec=21.08 spec_max=32 q_mean=0.566 q_max=1.000 q_above_half=3598 marked=0.172 mark_density=0.894 exp_mean=2253.1 addr_spec=3.207 addr_random=1.093 addr_full=0.0457 correct=169
  mpx-135 traj: trials=60540000 wall=488443s knowledge=0.4286 reliable=350 spec=10.21 pop=7135
  mpx-135 diag: trials=60540000 micro=8917 pop_spec=20.50 spec_max=32 q_mean=0.565 q_max=1.000 q_above_half=3847 marked=0.177 mark_density=0.898 exp_mean=2141.7 addr_spec=3.109 addr_random=1.063 addr_full=0.0432 correct=169
  mpx-135 traj: trials=60600000 wall=488488s knowledge=0.4297 reliable=356 spec=10.23 pop=7059
  mpx-135 diag: trials=60600000 micro=8818 pop_spec=20.50 spec_max=32 q_mean=0.570 q_max=1.000 q_above_half=3840 marked=0.178 mark_density=0.899 exp_mean=2169.2 addr_spec=3.212 addr_random=1.063 addr_full=0.0455 correct=169
  mpx-135 traj: trials=60660000 wall=488534s knowledge=0.4294 reliable=349 spec=10.18 pop=7507
  mpx-135 diag: trials=60660000 micro=9242 pop_spec=19.69 spec_max=32 q_mean=0.563 q_max=1.000 q_above_half=3890 marked=0.200 mark_density=0.909 exp_mean=2044.0 addr_spec=3.008 addr_random=1.021 addr_full=0.0409 correct=170
  mpx-135 traj: trials=60720000 wall=488586s knowledge=0.4297 reliable=355 spec=10.23 pop=6886
  mpx-135 diag: trials=60720000 micro=8651 pop_spec=20.84 spec_max=32 q_mean=0.568 q_max=1.000 q_above_half=3700 marked=0.175 mark_density=0.896 exp_mean=2232.4 addr_spec=3.194 addr_random=1.081 addr_full=0.0437 correct=170
  mpx-135 traj: trials=60780000 wall=488681s knowledge=0.4286 reliable=349 spec=10.20 pop=7277
  mpx-135 diag: trials=60780000 micro=9032 pop_spec=20.32 spec_max=32 q_mean=0.567 q_max=1.000 q_above_half=3950 marked=0.192 mark_density=0.901 exp_mean=2116.8 addr_spec=3.080 addr_random=1.053 addr_full=0.0418 correct=170
  mpx-135 traj: trials=60840000 wall=488729s knowledge=0.4282 reliable=345 spec=10.15 pop=6957
  mpx-135 diag: trials=60840000 micro=8751 pop_spec=20.80 spec_max=32 q_mean=0.569 q_max=1.000 q_above_half=3746 marked=0.173 mark_density=0.893 exp_mean=2218.4 addr_spec=3.227 addr_random=1.079 addr_full=0.0444 correct=169
  mpx-135 traj: trials=60900000 wall=488779s knowledge=0.4282 reliable=350 spec=10.16 pop=7230
  mpx-135 diag: trials=60900000 micro=8987 pop_spec=20.33 spec_max=32 q_mean=0.570 q_max=1.000 q_above_half=3912 marked=0.182 mark_density=0.898 exp_mean=2139.0 addr_spec=3.141 addr_random=1.054 addr_full=0.0425 correct=169
  mpx-135 traj: trials=60960000 wall=488833s knowledge=0.4287 reliable=348 spec=10.15 pop=7238
  mpx-135 diag: trials=60960000 micro=9023 pop_spec=20.37 spec_max=32 q_mean=0.565 q_max=1.000 q_above_half=3819 marked=0.187 mark_density=0.898 exp_mean=2140.8 addr_spec=3.132 addr_random=1.056 addr_full=0.0410 correct=169
  mpx-135 traj: trials=61020000 wall=488883s knowledge=0.4295 reliable=343 spec=10.12 pop=7709
  mpx-135 diag: trials=61020000 micro=9429 pop_spec=19.38 spec_max=32 q_mean=0.564 q_max=1.000 q_above_half=4132 marked=0.204 mark_density=0.910 exp_mean=2013.3 addr_spec=3.016 addr_random=1.005 addr_full=0.0394 correct=171
  mpx-135 traj: trials=61080000 wall=488929s knowledge=0.4287 reliable=348 spec=10.11 pop=6939
  mpx-135 diag: trials=61080000 micro=8716 pop_spec=20.80 spec_max=32 q_mean=0.570 q_max=1.000 q_above_half=3783 marked=0.171 mark_density=0.892 exp_mean=2240.6 addr_spec=3.258 addr_random=1.078 addr_full=0.0440 correct=168
  mpx-135 traj: trials=61140000 wall=488985s knowledge=0.4283 reliable=346 spec=10.15 pop=7059
  mpx-135 diag: trials=61140000 micro=8856 pop_spec=20.62 spec_max=32 q_mean=0.566 q_max=1.000 q_above_half=3703 marked=0.187 mark_density=0.899 exp_mean=2206.9 addr_spec=3.160 addr_random=1.069 addr_full=0.0416 correct=168
  mpx-135 traj: trials=61200000 wall=489070s knowledge=0.4297 reliable=343 spec=10.09 pop=6973
  mpx-135 diag: trials=61200000 micro=8778 pop_spec=20.71 spec_max=32 q_mean=0.566 q_max=1.000 q_above_half=3698 marked=0.180 mark_density=0.895 exp_mean=2238.6 addr_spec=3.207 addr_random=1.074 addr_full=0.0429 correct=168
  mpx-135 traj: trials=61260000 wall=489123s knowledge=0.4277 reliable=338 spec=10.04 pop=7057
  mpx-135 diag: trials=61260000 micro=8798 pop_spec=20.52 spec_max=32 q_mean=0.564 q_max=1.000 q_above_half=3727 marked=0.196 mark_density=0.902 exp_mean=2210.1 addr_spec=3.145 addr_random=1.064 addr_full=0.0412 correct=167
  mpx-135 traj: trials=61320000 wall=489166s knowledge=0.4281 reliable=340 spec=10.08 pop=7244
  mpx-135 diag: trials=61320000 micro=8993 pop_spec=20.12 spec_max=32 q_mean=0.568 q_max=1.000 q_above_half=3931 marked=0.192 mark_density=0.902 exp_mean=2157.4 addr_spec=3.134 addr_random=1.043 addr_full=0.0416 correct=168
  mpx-135 traj: trials=61380000 wall=489250s knowledge=0.4288 reliable=346 spec=10.13 pop=7628
  mpx-135 diag: trials=61380000 micro=9357 pop_spec=20.07 spec_max=32 q_mean=0.562 q_max=1.000 q_above_half=3859 marked=0.168 mark_density=0.897 exp_mean=2052.8 addr_spec=2.989 addr_random=1.041 addr_full=0.0399 correct=169
  mpx-135 traj: trials=61440000 wall=489299s knowledge=0.4281 reliable=338 spec=10.07 pop=7145
  mpx-135 diag: trials=61440000 micro=8902 pop_spec=20.45 spec_max=32 q_mean=0.567 q_max=1.000 q_above_half=3858 marked=0.185 mark_density=0.898 exp_mean=2195.7 addr_spec=3.116 addr_random=1.061 addr_full=0.0420 correct=169
  mpx-135 traj: trials=61500000 wall=489355s knowledge=0.4273 reliable=337 spec=10.10 pop=7765
  mpx-135 diag: trials=61500000 micro=9539 pop_spec=19.49 spec_max=32 q_mean=0.562 q_max=1.000 q_above_half=4007 marked=0.186 mark_density=0.904 exp_mean=2024.4 addr_spec=2.940 addr_random=1.011 addr_full=0.0393 correct=169
  mpx-135 traj: trials=61560000 wall=489399s knowledge=0.4278 reliable=348 spec=10.18 pop=7125
  mpx-135 diag: trials=61560000 micro=8884 pop_spec=20.41 spec_max=32 q_mean=0.568 q_max=1.000 q_above_half=3856 marked=0.183 mark_density=0.899 exp_mean=2210.3 addr_spec=3.122 addr_random=1.058 addr_full=0.0431 correct=168
  mpx-135 traj: trials=61620000 wall=489442s knowledge=0.4278 reliable=343 spec=10.15 pop=6945
  mpx-135 diag: trials=61620000 micro=8717 pop_spec=20.75 spec_max=32 q_mean=0.568 q_max=1.000 q_above_half=3696 marked=0.176 mark_density=0.894 exp_mean=2272.0 addr_spec=3.225 addr_random=1.076 addr_full=0.0442 correct=168
  mpx-135 traj: trials=61680000 wall=489514s knowledge=0.4283 reliable=341 spec=10.13 pop=7268
  mpx-135 diag: trials=61680000 micro=8988 pop_spec=20.26 spec_max=32 q_mean=0.567 q_max=1.000 q_above_half=3946 marked=0.180 mark_density=0.895 exp_mean=2175.3 addr_spec=3.079 addr_random=1.051 addr_full=0.0422 correct=169
  mpx-135 traj: trials=61740000 wall=489560s knowledge=0.4287 reliable=341 spec=10.11 pop=7073
  mpx-135 diag: trials=61740000 micro=8849 pop_spec=20.62 spec_max=32 q_mean=0.568 q_max=1.000 q_above_half=3843 marked=0.182 mark_density=0.894 exp_mean=2239.5 addr_spec=3.245 addr_random=1.069 addr_full=0.0427 correct=170
  mpx-135 traj: trials=61800000 wall=489611s knowledge=0.4289 reliable=343 spec=10.10 pop=7072
  mpx-135 diag: trials=61800000 micro=8803 pop_spec=20.71 spec_max=32 q_mean=0.566 q_max=1.000 q_above_half=3746 marked=0.173 mark_density=0.893 exp_mean=2238.8 addr_spec=3.132 addr_random=1.074 addr_full=0.0441 correct=170
  mpx-135 traj: trials=61860000 wall=489794s knowledge=0.4289 reliable=344 spec=10.12 pop=7336
  mpx-135 diag: trials=61860000 micro=9090 pop_spec=20.39 spec_max=32 q_mean=0.563 q_max=1.000 q_above_half=3860 marked=0.176 mark_density=0.894 exp_mean=2162.5 addr_spec=3.042 addr_random=1.057 addr_full=0.0427 correct=171
  mpx-135 traj: trials=61920000 wall=489839s knowledge=0.4285 reliable=346 spec=10.14 pop=7041
  mpx-135 diag: trials=61920000 micro=8798 pop_spec=20.60 spec_max=32 q_mean=0.569 q_max=1.000 q_above_half=3856 marked=0.177 mark_density=0.894 exp_mean=2257.5 addr_spec=3.144 addr_random=1.068 addr_full=0.0437 correct=171
  mpx-135 traj: trials=61980000 wall=489883s knowledge=0.4269 reliable=346 spec=10.18 pop=6995
  mpx-135 diag: trials=61980000 micro=8818 pop_spec=20.63 spec_max=32 q_mean=0.566 q_max=1.000 q_above_half=3721 marked=0.187 mark_density=0.899 exp_mean=2271.2 addr_spec=3.174 addr_random=1.070 addr_full=0.0443 correct=168
  mpx-135 traj: trials=62040000 wall=489937s knowledge=0.4281 reliable=349 spec=10.16 pop=7286
  mpx-135 diag: trials=62040000 micro=9058 pop_spec=20.02 spec_max=32 q_mean=0.567 q_max=1.000 q_above_half=3879 marked=0.188 mark_density=0.903 exp_mean=2184.9 addr_spec=3.117 addr_random=1.038 addr_full=0.0428 correct=168
  mpx-135 traj: trials=62100000 wall=489983s knowledge=0.4286 reliable=353 spec=10.18 pop=7258
  mpx-135 diag: trials=62100000 micro=8980 pop_spec=20.24 spec_max=32 q_mean=0.569 q_max=1.000 q_above_half=3926 marked=0.185 mark_density=0.899 exp_mean=2197.5 addr_spec=3.123 addr_random=1.049 addr_full=0.0433 correct=170
  mpx-135 traj: trials=62160000 wall=490033s knowledge=0.4284 reliable=354 spec=10.16 pop=7245
  mpx-135 diag: trials=62160000 micro=9014 pop_spec=20.45 spec_max=32 q_mean=0.568 q_max=1.000 q_above_half=3865 marked=0.171 mark_density=0.894 exp_mean=2205.6 addr_spec=3.140 addr_random=1.060 addr_full=0.0429 correct=170
  mpx-135 traj: trials=62220000 wall=490087s knowledge=0.4285 reliable=357 spec=10.18 pop=7366
  mpx-135 diag: trials=62220000 micro=9087 pop_spec=20.32 spec_max=32 q_mean=0.566 q_max=1.000 q_above_half=3927 marked=0.173 mark_density=0.893 exp_mean=2173.7 addr_spec=3.058 addr_random=1.054 addr_full=0.0422 correct=171
  mpx-135 traj: trials=62280000 wall=490131s knowledge=0.4291 reliable=353 spec=10.19 pop=7019
  mpx-135 diag: trials=62280000 micro=8792 pop_spec=20.58 spec_max=32 q_mean=0.566 q_max=1.000 q_above_half=3688 marked=0.197 mark_density=0.901 exp_mean=2284.8 addr_spec=3.188 addr_random=1.067 addr_full=0.0443 correct=171
  mpx-135 traj: trials=62340000 wall=490184s knowledge=0.4271 reliable=355 spec=10.23 pop=7471
  mpx-135 diag: trials=62340000 micro=9188 pop_spec=19.81 spec_max=32 q_mean=0.561 q_max=1.000 q_above_half=3826 marked=0.198 mark_density=0.906 exp_mean=2140.2 addr_spec=2.941 addr_random=1.027 addr_full=0.0411 correct=170
  mpx-135 traj: trials=62400000 wall=490227s knowledge=0.4296 reliable=352 spec=10.15 pop=6987
  mpx-135 diag: trials=62400000 micro=8771 pop_spec=20.63 spec_max=32 q_mean=0.568 q_max=1.000 q_above_half=3797 marked=0.184 mark_density=0.896 exp_mean=2290.6 addr_spec=3.242 addr_random=1.070 addr_full=0.0441 correct=171
  mpx-135 traj: trials=62460000 wall=490278s knowledge=0.4302 reliable=353 spec=10.14 pop=6888
  mpx-135 diag: trials=62460000 micro=8653 pop_spec=20.79 spec_max=32 q_mean=0.565 q_max=1.000 q_above_half=3640 marked=0.182 mark_density=0.896 exp_mean=2327.9 addr_spec=3.179 addr_random=1.078 addr_full=0.0456 correct=171
  mpx-135 traj: trials=62520000 wall=490325s knowledge=0.4303 reliable=358 spec=10.17 pop=6923
  mpx-135 diag: trials=62520000 micro=8653 pop_spec=20.67 spec_max=32 q_mean=0.567 q_max=1.000 q_above_half=3740 marked=0.178 mark_density=0.897 exp_mean=2320.6 addr_spec=3.146 addr_random=1.072 addr_full=0.0454 correct=173
  mpx-135 traj: trials=62580000 wall=490377s knowledge=0.4287 reliable=355 spec=10.18 pop=6824
  mpx-135 diag: trials=62580000 micro=8589 pop_spec=20.87 spec_max=32 q_mean=0.565 q_max=1.000 q_above_half=3601 marked=0.180 mark_density=0.896 exp_mean=2358.7 addr_spec=3.194 addr_random=1.082 addr_full=0.0451 correct=170
  mpx-135 traj: trials=62640000 wall=490447s knowledge=0.4283 reliable=350 spec=10.15 pop=7161
  mpx-135 diag: trials=62640000 micro=8938 pop_spec=20.40 spec_max=32 q_mean=0.562 q_max=1.000 q_above_half=3687 marked=0.178 mark_density=0.896 exp_mean=2252.1 addr_spec=3.086 addr_random=1.058 addr_full=0.0430 correct=170
  mpx-135 traj: trials=62700000 wall=490497s knowledge=0.4280 reliable=348 spec=10.15 pop=6856
  mpx-135 diag: trials=62700000 micro=8625 pop_spec=20.88 spec_max=32 q_mean=0.565 q_max=1.000 q_above_half=3625 marked=0.175 mark_density=0.894 exp_mean=2356.3 addr_spec=3.156 addr_random=1.083 addr_full=0.0435 correct=171
  mpx-135 traj: trials=62760000 wall=490586s knowledge=0.4260 reliable=338 spec=10.10 pop=7067
  mpx-135 diag: trials=62760000 micro=8858 pop_spec=20.60 spec_max=32 q_mean=0.565 q_max=1.000 q_above_half=3767 marked=0.180 mark_density=0.893 exp_mean=2290.4 addr_spec=3.125 addr_random=1.068 addr_full=0.0423 correct=169
  mpx-135 traj: trials=62820000 wall=490648s knowledge=0.4272 reliable=341 spec=10.13 pop=7269
  mpx-135 diag: trials=62820000 micro=9063 pop_spec=20.30 spec_max=32 q_mean=0.564 q_max=1.000 q_above_half=3781 marked=0.193 mark_density=0.901 exp_mean=2231.0 addr_spec=3.057 addr_random=1.053 addr_full=0.0411 correct=170
  mpx-135 traj: trials=62880000 wall=490700s knowledge=0.4274 reliable=344 spec=10.16 pop=7180
  mpx-135 diag: trials=62880000 micro=8934 pop_spec=20.42 spec_max=32 q_mean=0.564 q_max=1.000 q_above_half=3776 marked=0.186 mark_density=0.897 exp_mean=2262.9 addr_spec=3.100 addr_random=1.059 addr_full=0.0408 correct=170
  mpx-135 traj: trials=62940000 wall=490768s knowledge=0.4273 reliable=346 spec=10.16 pop=7355
  mpx-135 diag: trials=62940000 micro=9163 pop_spec=20.35 spec_max=32 q_mean=0.564 q_max=1.000 q_above_half=3860 marked=0.172 mark_density=0.893 exp_mean=2213.2 addr_spec=3.077 addr_random=1.055 addr_full=0.0421 correct=170
  mpx-135 traj: trials=63000000 wall=490830s knowledge=0.4277 reliable=346 spec=10.15 pop=7126
  mpx-135 diag: trials=63000000 micro=8891 pop_spec=20.51 spec_max=32 q_mean=0.569 q_max=1.000 q_above_half=3925 marked=0.184 mark_density=0.896 exp_mean=2288.7 addr_spec=3.169 addr_random=1.064 addr_full=0.0424 correct=170
  mpx-135 traj: trials=63060000 wall=490877s knowledge=0.4292 reliable=345 spec=10.13 pop=6959
  mpx-135 diag: trials=63060000 micro=8753 pop_spec=20.68 spec_max=32 q_mean=0.568 q_max=1.000 q_above_half=3763 marked=0.179 mark_density=0.895 exp_mean=2347.9 addr_spec=3.193 addr_random=1.072 addr_full=0.0431 correct=171
  mpx-135 traj: trials=63120000 wall=490925s knowledge=0.4291 reliable=349 spec=10.12 pop=7089
  mpx-135 diag: trials=63120000 micro=8881 pop_spec=20.44 spec_max=32 q_mean=0.567 q_max=1.000 q_above_half=3807 marked=0.182 mark_density=0.897 exp_mean=2309.3 addr_spec=3.165 addr_random=1.060 addr_full=0.0433 correct=171
  mpx-135 traj: trials=63180000 wall=490992s knowledge=0.4298 reliable=346 spec=10.10 pop=7603
  mpx-135 diag: trials=63180000 micro=9377 pop_spec=19.83 spec_max=32 q_mean=0.562 q_max=1.000 q_above_half=3924 marked=0.181 mark_density=0.900 exp_mean=2157.4 addr_spec=2.948 addr_random=1.028 addr_full=0.0408 correct=171
  mpx-135 traj: trials=63240000 wall=491047s knowledge=0.4301 reliable=352 spec=10.15 pop=7062
  mpx-135 diag: trials=63240000 micro=8829 pop_spec=20.57 spec_max=32 q_mean=0.566 q_max=1.000 q_above_half=3771 marked=0.175 mark_density=0.893 exp_mean=2326.9 addr_spec=3.153 addr_random=1.067 addr_full=0.0430 correct=172
  mpx-135 traj: trials=63300000 wall=491102s knowledge=0.4300 reliable=352 spec=10.14 pop=7079
  mpx-135 diag: trials=63300000 micro=8875 pop_spec=20.49 spec_max=32 q_mean=0.565 q_max=1.000 q_above_half=3781 marked=0.195 mark_density=0.900 exp_mean=2325.8 addr_spec=3.141 addr_random=1.062 addr_full=0.0449 correct=172
  mpx-135 traj: trials=63360000 wall=491238s knowledge=0.4288 reliable=349 spec=10.11 pop=7860
  mpx-135 diag: trials=63360000 micro=9628 pop_spec=19.85 spec_max=32 q_mean=0.560 q_max=1.000 q_above_half=4063 marked=0.178 mark_density=0.894 exp_mean=2092.0 addr_spec=2.948 addr_random=1.029 addr_full=0.0391 correct=170
  mpx-135 traj: trials=63420000 wall=491281s knowledge=0.4287 reliable=344 spec=10.12 pop=7031
  mpx-135 diag: trials=63420000 micro=8827 pop_spec=20.63 spec_max=32 q_mean=0.569 q_max=1.000 q_above_half=3847 marked=0.188 mark_density=0.895 exp_mean=2342.8 addr_spec=3.185 addr_random=1.070 addr_full=0.0431 correct=170
  mpx-135 traj: trials=63480000 wall=491325s knowledge=0.4278 reliable=342 spec=10.12 pop=6949
  mpx-135 diag: trials=63480000 micro=8676 pop_spec=20.68 spec_max=32 q_mean=0.570 q_max=1.000 q_above_half=3797 marked=0.174 mark_density=0.894 exp_mean=2374.9 addr_spec=3.220 addr_random=1.072 addr_full=0.0452 correct=169
  mpx-135 traj: trials=63540000 wall=491381s knowledge=0.4271 reliable=343 spec=10.12 pop=7234
  mpx-135 diag: trials=63540000 micro=9016 pop_spec=20.31 spec_max=32 q_mean=0.566 q_max=1.000 q_above_half=3875 marked=0.190 mark_density=0.899 exp_mean=2285.5 addr_spec=3.106 addr_random=1.053 addr_full=0.0424 correct=169
  mpx-135 traj: trials=63600000 wall=491424s knowledge=0.4263 reliable=338 spec=10.09 pop=7022
  mpx-135 diag: trials=63600000 micro=8778 pop_spec=20.51 spec_max=32 q_mean=0.569 q_max=1.000 q_above_half=3837 marked=0.187 mark_density=0.897 exp_mean=2358.7 addr_spec=3.188 addr_random=1.063 addr_full=0.0436 correct=169
  mpx-135 traj: trials=63660000 wall=491473s knowledge=0.4259 reliable=340 spec=10.14 pop=7101
  mpx-135 diag: trials=63660000 micro=8865 pop_spec=20.46 spec_max=32 q_mean=0.566 q_max=1.000 q_above_half=3748 marked=0.181 mark_density=0.897 exp_mean=2336.7 addr_spec=3.132 addr_random=1.061 addr_full=0.0430 correct=169
  mpx-135 traj: trials=63720000 wall=491522s knowledge=0.4280 reliable=343 spec=10.12 pop=7163
  mpx-135 diag: trials=63720000 micro=8902 pop_spec=20.32 spec_max=32 q_mean=0.568 q_max=1.000 q_above_half=3828 marked=0.192 mark_density=0.900 exp_mean=2320.9 addr_spec=3.149 addr_random=1.054 addr_full=0.0434 correct=171
  mpx-135 traj: trials=63780000 wall=491564s knowledge=0.4277 reliable=346 spec=10.15 pop=6861
  mpx-135 diag: trials=63780000 micro=8666 pop_spec=20.83 spec_max=32 q_mean=0.571 q_max=1.000 q_above_half=3698 marked=0.184 mark_density=0.894 exp_mean=2427.4 addr_spec=3.312 addr_random=1.080 addr_full=0.0456 correct=170
  mpx-135 traj: trials=63840000 wall=491637s knowledge=0.4270 reliable=351 spec=10.17 pop=7085
  mpx-135 diag: trials=63840000 micro=8879 pop_spec=20.58 spec_max=32 q_mean=0.572 q_max=1.000 q_above_half=3897 marked=0.183 mark_density=0.895 exp_mean=2355.2 addr_spec=3.299 addr_random=1.067 addr_full=0.0452 correct=169
  mpx-135 traj: trials=63900000 wall=491714s knowledge=0.4284 reliable=361 spec=10.22 pop=7240
  mpx-135 diag: trials=63900000 micro=9013 pop_spec=20.44 spec_max=32 q_mean=0.569 q_max=1.000 q_above_half=3846 marked=0.177 mark_density=0.894 exp_mean=2309.0 addr_spec=3.155 addr_random=1.060 addr_full=0.0434 correct=170
  mpx-135 traj: trials=63960000 wall=491757s knowledge=0.4285 reliable=357 spec=10.20 pop=6918
  mpx-135 diag: trials=63960000 micro=8683 pop_spec=20.65 spec_max=32 q_mean=0.572 q_max=1.000 q_above_half=3777 marked=0.182 mark_density=0.894 exp_mean=2419.5 addr_spec=3.272 addr_random=1.071 addr_full=0.0447 correct=170
  mpx-135 traj: trials=64020000 wall=491813s knowledge=0.4285 reliable=361 spec=10.22 pop=7041
  mpx-135 diag: trials=64020000 micro=8810 pop_spec=20.49 spec_max=32 q_mean=0.569 q_max=1.000 q_above_half=3818 marked=0.186 mark_density=0.896 exp_mean=2381.6 addr_spec=3.223 addr_random=1.063 addr_full=0.0446 correct=170
  mpx-135 traj: trials=64080000 wall=491870s knowledge=0.4289 reliable=368 spec=10.27 pop=7116
  mpx-135 diag: trials=64080000 micro=8902 pop_spec=20.48 spec_max=32 q_mean=0.570 q_max=1.000 q_above_half=3835 marked=0.181 mark_density=0.895 exp_mean=2360.9 addr_spec=3.204 addr_random=1.062 addr_full=0.0437 correct=170
  mpx-135 traj: trials=64140000 wall=491937s knowledge=0.4285 reliable=367 spec=10.29 pop=7429
  mpx-135 diag: trials=64140000 micro=9190 pop_spec=20.13 spec_max=32 q_mean=0.565 q_max=1.000 q_above_half=3875 marked=0.180 mark_density=0.895 exp_mean=2265.6 addr_spec=3.046 addr_random=1.044 addr_full=0.0437 correct=170
  mpx-135 traj: trials=64200000 wall=491984s knowledge=0.4295 reliable=365 spec=10.23 pop=7121
  mpx-135 diag: trials=64200000 micro=8871 pop_spec=20.40 spec_max=32 q_mean=0.570 q_max=1.000 q_above_half=3889 marked=0.183 mark_density=0.895 exp_mean=2367.9 addr_spec=3.119 addr_random=1.058 addr_full=0.0444 correct=170
  mpx-135 traj: trials=64260000 wall=492034s knowledge=0.4300 reliable=365 spec=10.24 pop=7004
  mpx-135 diag: trials=64260000 micro=8796 pop_spec=20.71 spec_max=32 q_mean=0.569 q_max=1.000 q_above_half=3748 marked=0.170 mark_density=0.892 exp_mean=2411.6 addr_spec=3.156 addr_random=1.074 addr_full=0.0444 correct=170
  mpx-135 traj: trials=64320000 wall=492238s knowledge=0.4287 reliable=363 spec=10.25 pop=7559
  mpx-135 diag: trials=64320000 micro=9373 pop_spec=20.07 spec_max=32 q_mean=0.567 q_max=1.000 q_above_half=4054 marked=0.184 mark_density=0.896 exp_mean=2238.8 addr_spec=3.046 addr_random=1.041 addr_full=0.0415 correct=170
  mpx-135 traj: trials=64380000 wall=492281s knowledge=0.4279 reliable=363 spec=10.28 pop=6993
  mpx-135 diag: trials=64380000 micro=8782 pop_spec=20.64 spec_max=32 q_mean=0.572 q_max=1.000 q_above_half=3816 marked=0.178 mark_density=0.894 exp_mean=2424.1 addr_spec=3.253 addr_random=1.070 addr_full=0.0460 correct=171
  mpx-135 traj: trials=64440000 wall=492328s knowledge=0.4295 reliable=361 spec=10.23 pop=7170
  mpx-135 diag: trials=64440000 micro=8917 pop_spec=20.47 spec_max=32 q_mean=0.572 q_max=1.000 q_above_half=3894 marked=0.176 mark_density=0.893 exp_mean=2368.6 addr_spec=3.187 addr_random=1.061 addr_full=0.0435 correct=171
  mpx-135 traj: trials=64500000 wall=492387s knowledge=0.4294 reliable=362 spec=10.25 pop=7050
  mpx-135 diag: trials=64500000 micro=8857 pop_spec=20.66 spec_max=32 q_mean=0.571 q_max=1.000 q_above_half=3805 marked=0.178 mark_density=0.890 exp_mean=2413.3 addr_spec=3.276 addr_random=1.071 addr_full=0.0444 correct=170
  mpx-135 traj: trials=64560000 wall=492453s knowledge=0.4299 reliable=363 spec=10.26 pop=7443
  mpx-135 diag: trials=64560000 micro=9225 pop_spec=20.22 spec_max=32 q_mean=0.568 q_max=1.000 q_above_half=3864 marked=0.166 mark_density=0.891 exp_mean=2290.0 addr_spec=3.094 addr_random=1.048 addr_full=0.0431 correct=173
  mpx-135 traj: trials=64620000 wall=492506s knowledge=0.4284 reliable=357 spec=10.24 pop=7561
  mpx-135 diag: trials=64620000 micro=9358 pop_spec=19.99 spec_max=32 q_mean=0.569 q_max=1.000 q_above_half=3998 marked=0.183 mark_density=0.897 exp_mean=2258.3 addr_spec=3.133 addr_random=1.036 addr_full=0.0419 correct=170
  mpx-135 traj: trials=64680000 wall=492549s knowledge=0.4286 reliable=357 spec=10.24 pop=7122
  mpx-135 diag: trials=64680000 micro=8931 pop_spec=20.42 spec_max=32 q_mean=0.572 q_max=1.000 q_above_half=3846 marked=0.186 mark_density=0.895 exp_mean=2401.7 addr_spec=3.274 addr_random=1.059 addr_full=0.0434 correct=170
  mpx-135 traj: trials=64740000 wall=492604s knowledge=0.4282 reliable=361 spec=10.28 pop=7393
  mpx-135 diag: trials=64740000 micro=9203 pop_spec=20.13 spec_max=32 q_mean=0.573 q_max=1.000 q_above_half=4018 marked=0.194 mark_density=0.897 exp_mean=2318.0 addr_spec=3.260 addr_random=1.044 addr_full=0.0423 correct=170
  mpx-135 traj: trials=64800000 wall=492651s knowledge=0.4276 reliable=362 spec=10.30 pop=7163
  mpx-135 diag: trials=64800000 micro=8917 pop_spec=20.48 spec_max=32 q_mean=0.574 q_max=1.000 q_above_half=3916 marked=0.193 mark_density=0.896 exp_mean=2396.6 addr_spec=3.267 addr_random=1.062 addr_full=0.0443 correct=170
  mpx-135 traj: trials=64860000 wall=492717s knowledge=0.4282 reliable=363 spec=10.30 pop=7195
  mpx-135 diag: trials=64860000 micro=8939 pop_spec=20.31 spec_max=32 q_mean=0.574 q_max=1.000 q_above_half=4008 marked=0.186 mark_density=0.896 exp_mean=2390.3 addr_spec=3.231 addr_random=1.053 addr_full=0.0432 correct=170
  mpx-135 traj: trials=64920000 wall=492791s knowledge=0.4285 reliable=365 spec=10.31 pop=7491
  mpx-135 diag: trials=64920000 micro=9258 pop_spec=20.10 spec_max=32 q_mean=0.569 q_max=1.000 q_above_half=3977 marked=0.184 mark_density=0.896 exp_mean=2300.0 addr_spec=3.156 addr_random=1.042 addr_full=0.0414 correct=170
  mpx-135 traj: trials=64980000 wall=492853s knowledge=0.4284 reliable=370 spec=10.33 pop=7379
  mpx-135 diag: trials=64980000 micro=9194 pop_spec=20.19 spec_max=32 q_mean=0.571 q_max=1.000 q_above_half=3989 marked=0.181 mark_density=0.894 exp_mean=2339.0 addr_spec=3.116 addr_random=1.047 addr_full=0.0421 correct=170
  mpx-135 traj: trials=65040000 wall=492925s knowledge=0.4285 reliable=366 spec=10.32 pop=7482
  mpx-135 diag: trials=65040000 micro=9272 pop_spec=20.15 spec_max=32 q_mean=0.569 q_max=1.000 q_above_half=3993 marked=0.191 mark_density=0.896 exp_mean=2311.0 addr_spec=3.112 addr_random=1.045 addr_full=0.0422 correct=170
  mpx-135 traj: trials=65100000 wall=492970s knowledge=0.4295 reliable=366 spec=10.31 pop=7212
  mpx-135 diag: trials=65100000 micro=9028 pop_spec=20.32 spec_max=32 q_mean=0.575 q_max=1.000 q_above_half=4062 marked=0.186 mark_density=0.894 exp_mean=2401.6 addr_spec=3.175 addr_random=1.054 addr_full=0.0433 correct=170
  mpx-135 traj: trials=65160000 wall=493013s knowledge=0.4287 reliable=360 spec=10.27 pop=7212
  mpx-135 diag: trials=65160000 micro=8984 pop_spec=20.21 spec_max=32 q_mean=0.571 q_max=1.000 q_above_half=3909 marked=0.198 mark_density=0.898 exp_mean=2405.8 addr_spec=3.215 addr_random=1.048 addr_full=0.0423 correct=171
  mpx-135 traj: trials=65220000 wall=493056s knowledge=0.4291 reliable=361 spec=10.28 pop=7292
  mpx-135 diag: trials=65220000 micro=9124 pop_spec=20.06 spec_max=32 q_mean=0.571 q_max=1.000 q_above_half=3981 marked=0.198 mark_density=0.899 exp_mean=2383.6 addr_spec=3.162 addr_random=1.040 addr_full=0.0410 correct=172
  mpx-135 traj: trials=65280000 wall=493099s knowledge=0.4292 reliable=362 spec=10.27 pop=7152
  mpx-135 diag: trials=65280000 micro=8980 pop_spec=20.42 spec_max=32 q_mean=0.574 q_max=1.000 q_above_half=3943 marked=0.189 mark_density=0.895 exp_mean=2434.5 addr_spec=3.284 addr_random=1.059 addr_full=0.0422 correct=173
  mpx-135 traj: trials=65340000 wall=493153s knowledge=0.4288 reliable=360 spec=10.22 pop=7506
  mpx-135 diag: trials=65340000 micro=9268 pop_spec=20.07 spec_max=32 q_mean=0.571 q_max=1.000 q_above_half=4021 marked=0.180 mark_density=0.893 exp_mean=2323.9 addr_spec=3.088 addr_random=1.041 addr_full=0.0394 correct=172
  mpx-135 traj: trials=65400000 wall=493197s knowledge=0.4286 reliable=368 spec=10.30 pop=7264
  mpx-135 diag: trials=65400000 micro=9009 pop_spec=20.18 spec_max=32 q_mean=0.571 q_max=1.000 q_above_half=4004 marked=0.187 mark_density=0.895 exp_mean=2405.6 addr_spec=3.236 addr_random=1.046 addr_full=0.0421 correct=174
  mpx-135 traj: trials=65460000 wall=493252s knowledge=0.4287 reliable=367 spec=10.27 pop=7119
  mpx-135 diag: trials=65460000 micro=8893 pop_spec=20.49 spec_max=32 q_mean=0.572 q_max=1.000 q_above_half=3967 marked=0.191 mark_density=0.894 exp_mean=2456.3 addr_spec=3.231 addr_random=1.062 addr_full=0.0428 correct=176
  mpx-135 traj: trials=65520000 wall=493297s knowledge=0.4294 reliable=367 spec=10.26 pop=7026
  mpx-135 diag: trials=65520000 micro=8795 pop_spec=20.63 spec_max=32 q_mean=0.572 q_max=1.000 q_above_half=3802 marked=0.188 mark_density=0.893 exp_mean=2493.2 addr_spec=3.329 addr_random=1.070 addr_full=0.0431 correct=177
  mpx-135 traj: trials=65580000 wall=493368s knowledge=0.4286 reliable=361 spec=10.27 pop=7444
  mpx-135 diag: trials=65580000 micro=9183 pop_spec=20.05 spec_max=32 q_mean=0.571 q_max=1.000 q_above_half=4101 marked=0.183 mark_density=0.895 exp_mean=2352.2 addr_spec=3.125 addr_random=1.039 addr_full=0.0403 correct=174
  mpx-135 traj: trials=65640000 wall=493421s knowledge=0.4297 reliable=366 spec=10.28 pop=7240
  mpx-135 diag: trials=65640000 micro=9020 pop_spec=20.24 spec_max=32 q_mean=0.568 q_max=1.000 q_above_half=3900 marked=0.194 mark_density=0.897 exp_mean=2418.6 addr_spec=3.175 addr_random=1.050 addr_full=0.0423 correct=175
  mpx-135 traj: trials=65700000 wall=493474s knowledge=0.4289 reliable=358 spec=10.25 pop=6957
  mpx-135 diag: trials=65700000 micro=8735 pop_spec=20.74 spec_max=32 q_mean=0.573 q_max=1.000 q_above_half=3871 marked=0.178 mark_density=0.890 exp_mean=2521.2 addr_spec=3.264 addr_random=1.075 addr_full=0.0430 correct=174
  mpx-135 traj: trials=65760000 wall=493545s knowledge=0.4276 reliable=356 spec=10.22 pop=7386
  mpx-135 diag: trials=65760000 micro=9134 pop_spec=20.20 spec_max=32 q_mean=0.568 q_max=1.000 q_above_half=3889 marked=0.176 mark_density=0.893 exp_mean=2379.0 addr_spec=3.109 addr_random=1.047 addr_full=0.0413 correct=172
  mpx-135 traj: trials=65820000 wall=493620s knowledge=0.4275 reliable=352 spec=10.22 pop=7400
  mpx-135 diag: trials=65820000 micro=9119 pop_spec=20.16 spec_max=32 q_mean=0.569 q_max=1.000 q_above_half=3999 marked=0.189 mark_density=0.897 exp_mean=2378.5 addr_spec=3.104 addr_random=1.045 addr_full=0.0403 correct=172
  mpx-135 traj: trials=65880000 wall=493698s knowledge=0.4277 reliable=358 spec=10.27 pop=7407
  mpx-135 diag: trials=65880000 micro=9171 pop_spec=20.23 spec_max=32 q_mean=0.571 q_max=1.000 q_above_half=4050 marked=0.185 mark_density=0.894 exp_mean=2380.5 addr_spec=3.180 addr_random=1.049 addr_full=0.0421 correct=172
  mpx-135 traj: trials=65940000 wall=493751s knowledge=0.4274 reliable=351 spec=10.21 pop=7276
  mpx-135 diag: trials=65940000 micro=9033 pop_spec=20.25 spec_max=32 q_mean=0.569 q_max=1.000 q_above_half=3918 marked=0.189 mark_density=0.896 exp_mean=2427.5 addr_spec=3.171 addr_random=1.050 addr_full=0.0405 correct=173
  mpx-135 traj: trials=66000000 wall=493800s knowledge=0.4265 reliable=347 spec=10.18 pop=7072
  mpx-135 diag: trials=66000000 micro=8871 pop_spec=20.58 spec_max=32 q_mean=0.571 q_max=1.000 q_above_half=3818 marked=0.190 mark_density=0.895 exp_mean=2501.8 addr_spec=3.282 addr_random=1.067 addr_full=0.0413 correct=173
  mpx-135 traj: trials=66060000 wall=493846s knowledge=0.4265 reliable=349 spec=10.18 pop=7176
  mpx-135 diag: trials=66060000 micro=8955 pop_spec=20.37 spec_max=32 q_mean=0.575 q_max=1.000 q_above_half=4027 marked=0.181 mark_density=0.894 exp_mean=2469.8 addr_spec=3.202 addr_random=1.056 addr_full=0.0406 correct=172
  mpx-135 traj: trials=66120000 wall=493894s knowledge=0.4260 reliable=353 spec=10.21 pop=7334
  mpx-135 diag: trials=66120000 micro=9055 pop_spec=20.16 spec_max=32 q_mean=0.573 q_max=1.000 q_above_half=4041 marked=0.183 mark_density=0.895 exp_mean=2420.5 addr_spec=3.163 addr_random=1.045 addr_full=0.0401 correct=171
  mpx-135 traj: trials=66180000 wall=493947s knowledge=0.4255 reliable=345 spec=10.19 pop=7080
  mpx-135 diag: trials=66180000 micro=8833 pop_spec=20.48 spec_max=32 q_mean=0.572 q_max=1.000 q_above_half=3881 marked=0.186 mark_density=0.893 exp_mean=2508.8 addr_spec=3.240 addr_random=1.062 addr_full=0.0403 correct=171
  mpx-135 traj: trials=66240000 wall=493994s knowledge=0.4258 reliable=349 spec=10.20 pop=7047
  mpx-135 diag: trials=66240000 micro=8833 pop_spec=20.54 spec_max=32 q_mean=0.573 q_max=1.000 q_above_half=3882 marked=0.190 mark_density=0.893 exp_mean=2524.9 addr_spec=3.246 addr_random=1.065 addr_full=0.0410 correct=171
  mpx-135 traj: trials=66300000 wall=494044s knowledge=0.4260 reliable=347 spec=10.20 pop=7242
  mpx-135 diag: trials=66300000 micro=8987 pop_spec=20.31 spec_max=32 q_mean=0.574 q_max=1.000 q_above_half=3954 marked=0.190 mark_density=0.895 exp_mean=2461.1 addr_spec=3.235 addr_random=1.053 addr_full=0.0394 correct=172
  mpx-135 traj: trials=66360000 wall=494232s knowledge=0.4263 reliable=350 spec=10.22 pop=7804
  mpx-135 diag: trials=66360000 micro=9547 pop_spec=19.67 spec_max=32 q_mean=0.573 q_max=1.000 q_above_half=4343 marked=0.203 mark_density=0.899 exp_mean=2288.1 addr_spec=3.095 addr_random=1.020 addr_full=0.0375 correct=172
  mpx-135 traj: trials=66420000 wall=494286s knowledge=0.4272 reliable=353 spec=10.22 pop=7587
  mpx-135 diag: trials=66420000 micro=9356 pop_spec=19.95 spec_max=32 q_mean=0.573 q_max=1.000 q_above_half=4117 marked=0.197 mark_density=0.896 exp_mean=2357.4 addr_spec=3.231 addr_random=1.034 addr_full=0.0399 correct=172
  mpx-135 traj: trials=66480000 wall=494368s knowledge=0.4252 reliable=354 spec=10.28 pop=8104
  mpx-135 diag: trials=66480000 micro=9852 pop_spec=19.43 spec_max=32 q_mean=0.569 q_max=1.000 q_above_half=4232 marked=0.185 mark_density=0.898 exp_mean=2210.7 addr_spec=3.006 addr_random=1.008 addr_full=0.0363 correct=170
  mpx-135 traj: trials=66540000 wall=494415s knowledge=0.4249 reliable=355 spec=10.32 pop=7275
  mpx-135 diag: trials=66540000 micro=9036 pop_spec=20.35 spec_max=32 q_mean=0.576 q_max=1.000 q_above_half=4054 marked=0.188 mark_density=0.892 exp_mean=2466.3 addr_spec=3.293 addr_random=1.055 addr_full=0.0425 correct=170
  mpx-135 traj: trials=66600000 wall=494460s knowledge=0.4252 reliable=359 spec=10.32 pop=7327
  mpx-135 diag: trials=66600000 micro=9112 pop_spec=20.11 spec_max=32 q_mean=0.579 q_max=1.000 q_above_half=4237 marked=0.190 mark_density=0.895 exp_mean=2453.1 addr_spec=3.284 addr_random=1.043 addr_full=0.0412 correct=170
  mpx-135 traj: trials=66660000 wall=494516s knowledge=0.4245 reliable=361 spec=10.36 pop=7295
  mpx-135 diag: trials=66660000 micro=9121 pop_spec=20.25 spec_max=32 q_mean=0.575 q_max=1.000 q_above_half=4115 marked=0.190 mark_density=0.894 exp_mean=2467.9 addr_spec=3.264 addr_random=1.050 addr_full=0.0415 correct=170
  mpx-135 traj: trials=66720000 wall=494561s knowledge=0.4264 reliable=359 spec=10.31 pop=7387
  mpx-135 diag: trials=66720000 micro=9138 pop_spec=20.14 spec_max=32 q_mean=0.574 q_max=1.000 q_above_half=4033 marked=0.191 mark_density=0.895 exp_mean=2441.3 addr_spec=3.270 addr_random=1.044 addr_full=0.0410 correct=171
  mpx-135 traj: trials=66780000 wall=494605s knowledge=0.4264 reliable=365 spec=10.37 pop=7201
  mpx-135 diag: trials=66780000 micro=8923 pop_spec=20.33 spec_max=32 q_mean=0.574 q_max=1.000 q_above_half=3965 marked=0.200 mark_density=0.896 exp_mean=2508.5 addr_spec=3.303 addr_random=1.054 addr_full=0.0421 correct=172
  mpx-135 traj: trials=66840000 wall=494656s knowledge=0.4280 reliable=357 spec=10.27 pop=7258
  mpx-135 diag: trials=66840000 micro=8999 pop_spec=20.24 spec_max=32 q_mean=0.575 q_max=1.000 q_above_half=4043 marked=0.200 mark_density=0.897 exp_mean=2493.0 addr_spec=3.237 addr_random=1.049 addr_full=0.0416 correct=172
  mpx-135 traj: trials=66900000 wall=494700s knowledge=0.4293 reliable=363 spec=10.27 pop=7129
  mpx-135 diag: trials=66900000 micro=8859 pop_spec=20.42 spec_max=32 q_mean=0.576 q_max=1.000 q_above_half=3988 marked=0.191 mark_density=0.893 exp_mean=2542.4 addr_spec=3.311 addr_random=1.059 addr_full=0.0428 correct=172
  mpx-135 traj: trials=66960000 wall=494768s knowledge=0.4260 reliable=362 spec=10.32 pop=7765
  mpx-135 diag: trials=66960000 micro=9547 pop_spec=19.75 spec_max=32 q_mean=0.571 q_max=1.000 q_above_half=4186 marked=0.190 mark_density=0.897 exp_mean=2321.4 addr_spec=3.116 addr_random=1.024 addr_full=0.0402 correct=171
  mpx-135 traj: trials=67020000 wall=494817s knowledge=0.4273 reliable=372 spec=10.36 pop=7339
  mpx-135 diag: trials=67020000 micro=9072 pop_spec=20.15 spec_max=32 q_mean=0.574 q_max=1.000 q_above_half=4095 marked=0.203 mark_density=0.897 exp_mean=2460.3 addr_spec=3.223 addr_random=1.045 addr_full=0.0413 correct=171
  mpx-135 traj: trials=67080000 wall=494888s knowledge=0.4266 reliable=369 spec=10.37 pop=7346
  mpx-135 diag: trials=67080000 micro=9125 pop_spec=19.98 spec_max=32 q_mean=0.573 q_max=1.000 q_above_half=4086 marked=0.196 mark_density=0.898 exp_mean=2462.1 addr_spec=3.201 addr_random=1.036 addr_full=0.0408 correct=171
  mpx-135 traj: trials=67140000 wall=494956s knowledge=0.4259 reliable=360 spec=10.32 pop=7388
  mpx-135 diag: trials=67140000 micro=9157 pop_spec=20.07 spec_max=32 q_mean=0.569 q_max=1.000 q_above_half=3939 marked=0.202 mark_density=0.897 exp_mean=2452.0 addr_spec=3.197 addr_random=1.041 addr_full=0.0406 correct=171
  mpx-135 traj: trials=67200000 wall=495002s knowledge=0.4257 reliable=359 spec=10.34 pop=7370
  mpx-135 diag: trials=67200000 micro=9062 pop_spec=20.06 spec_max=32 q_mean=0.570 q_max=1.000 q_above_half=3996 marked=0.194 mark_density=0.895 exp_mean=2462.1 addr_spec=3.156 addr_random=1.040 addr_full=0.0403 correct=171
  mpx-135 traj: trials=67260000 wall=495049s knowledge=0.4258 reliable=370 spec=10.41 pop=7224
  mpx-135 diag: trials=67260000 micro=8970 pop_spec=20.19 spec_max=32 q_mean=0.573 q_max=1.000 q_above_half=3987 marked=0.198 mark_density=0.896 exp_mean=2516.1 addr_spec=3.242 addr_random=1.047 addr_full=0.0403 correct=171
  mpx-135 traj: trials=67320000 wall=495115s knowledge=0.4261 reliable=360 spec=10.30 pop=7348
  mpx-135 diag: trials=67320000 micro=9103 pop_spec=20.16 spec_max=32 q_mean=0.568 q_max=1.000 q_above_half=3900 marked=0.192 mark_density=0.895 exp_mean=2477.8 addr_spec=3.143 addr_random=1.045 addr_full=0.0406 correct=171
  mpx-135 traj: trials=67380000 wall=495159s knowledge=0.4261 reliable=359 spec=10.32 pop=7242
  mpx-135 diag: trials=67380000 micro=8983 pop_spec=20.16 spec_max=32 q_mean=0.570 q_max=1.000 q_above_half=3932 marked=0.195 mark_density=0.897 exp_mean=2518.3 addr_spec=3.194 addr_random=1.045 addr_full=0.0418 correct=171
  mpx-135 traj: trials=67440000 wall=495220s knowledge=0.4262 reliable=356 spec=10.31 pop=7334
  mpx-135 diag: trials=67440000 micro=9110 pop_spec=20.14 spec_max=32 q_mean=0.572 q_max=1.000 q_above_half=4092 marked=0.194 mark_density=0.894 exp_mean=2490.8 addr_spec=3.154 addr_random=1.045 addr_full=0.0427 correct=171
  mpx-135 traj: trials=67500000 wall=495270s knowledge=0.4256 reliable=351 spec=10.28 pop=7044
  mpx-135 diag: trials=67500000 micro=8815 pop_spec=20.53 spec_max=32 q_mean=0.570 q_max=1.000 q_above_half=3771 marked=0.191 mark_density=0.894 exp_mean=2597.6 addr_spec=3.189 addr_random=1.065 addr_full=0.0424 correct=171
  mpx-135 traj: trials=67560000 wall=495319s knowledge=0.4258 reliable=360 spec=10.34 pop=7099
  mpx-135 diag: trials=67560000 micro=8830 pop_spec=20.46 spec_max=32 q_mean=0.573 q_max=1.000 q_above_half=3871 marked=0.182 mark_density=0.891 exp_mean=2581.8 addr_spec=3.242 addr_random=1.061 addr_full=0.0420 correct=171
  mpx-135 traj: trials=67620000 wall=495370s knowledge=0.4262 reliable=360 spec=10.33 pop=7088
  mpx-135 diag: trials=67620000 micro=8894 pop_spec=20.42 spec_max=32 q_mean=0.572 q_max=1.000 q_above_half=3897 marked=0.204 mark_density=0.896 exp_mean=2590.2 addr_spec=3.240 addr_random=1.059 addr_full=0.0429 correct=172
  mpx-135 traj: trials=67680000 wall=495414s knowledge=0.4264 reliable=362 spec=10.35 pop=7113
  mpx-135 diag: trials=67680000 micro=8884 pop_spec=20.39 spec_max=32 q_mean=0.574 q_max=1.000 q_above_half=3957 marked=0.188 mark_density=0.892 exp_mean=2585.4 addr_spec=3.264 addr_random=1.057 addr_full=0.0426 correct=173
  mpx-135 traj: trials=67740000 wall=495487s knowledge=0.4265 reliable=363 spec=10.36 pop=7423
  mpx-135 diag: trials=67740000 micro=9206 pop_spec=20.05 spec_max=32 q_mean=0.568 q_max=1.000 q_above_half=3931 marked=0.189 mark_density=0.895 exp_mean=2481.6 addr_spec=3.126 addr_random=1.039 addr_full=0.0410 correct=172
  mpx-135 traj: trials=67800000 wall=495543s knowledge=0.4278 reliable=363 spec=10.33 pop=7217
  mpx-135 diag: trials=67800000 micro=8982 pop_spec=20.30 spec_max=32 q_mean=0.572 q_max=1.000 q_above_half=3984 marked=0.192 mark_density=0.895 exp_mean=2556.7 addr_spec=3.187 addr_random=1.052 addr_full=0.0427 correct=172
  mpx-135 traj: trials=67860000 wall=495591s knowledge=0.4277 reliable=365 spec=10.34 pop=7261
  mpx-135 diag: trials=67860000 micro=9016 pop_spec=20.13 spec_max=32 q_mean=0.575 q_max=1.000 q_above_half=4058 marked=0.198 mark_density=0.897 exp_mean=2545.6 addr_spec=3.204 addr_random=1.044 addr_full=0.0416 correct=172
  mpx-135 traj: trials=67920000 wall=495643s knowledge=0.4270 reliable=365 spec=10.34 pop=7330
  mpx-135 diag: trials=67920000 micro=9103 pop_spec=20.19 spec_max=32 q_mean=0.574 q_max=1.000 q_above_half=4037 marked=0.186 mark_density=0.892 exp_mean=2509.0 addr_spec=3.204 addr_random=1.047 addr_full=0.0416 correct=172
  mpx-135 traj: trials=67980000 wall=495695s knowledge=0.4266 reliable=364 spec=10.32 pop=7237
  mpx-135 diag: trials=67980000 micro=9035 pop_spec=20.29 spec_max=32 q_mean=0.575 q_max=1.000 q_above_half=4020 marked=0.197 mark_density=0.894 exp_mean=2545.3 addr_spec=3.263 addr_random=1.052 addr_full=0.0426 correct=173
  mpx-135 traj: trials=68040000 wall=495773s knowledge=0.4263 reliable=361 spec=10.31 pop=7296
  mpx-135 diag: trials=68040000 micro=9084 pop_spec=20.19 spec_max=32 q_mean=0.572 q_max=1.000 q_above_half=3942 marked=0.185 mark_density=0.894 exp_mean=2528.8 addr_spec=3.179 addr_random=1.047 addr_full=0.0424 correct=173
  mpx-135 traj: trials=68100000 wall=495869s knowledge=0.4258 reliable=357 spec=10.33 pop=7888
  mpx-135 diag: trials=68100000 micro=9662 pop_spec=19.64 spec_max=32 q_mean=0.568 q_max=1.000 q_above_half=4116 marked=0.181 mark_density=0.894 exp_mean=2342.2 addr_spec=3.013 addr_random=1.019 addr_full=0.0396 correct=173
  mpx-135 traj: trials=68160000 wall=495913s knowledge=0.4270 reliable=355 spec=10.26 pop=7208
  mpx-135 diag: trials=68160000 micro=8978 pop_spec=20.24 spec_max=32 q_mean=0.571 q_max=1.000 q_above_half=3904 marked=0.194 mark_density=0.896 exp_mean=2567.3 addr_spec=3.193 addr_random=1.049 addr_full=0.0419 correct=173
  mpx-135 traj: trials=68220000 wall=495977s knowledge=0.4267 reliable=353 spec=10.25 pop=7656
  mpx-135 diag: trials=68220000 micro=9416 pop_spec=19.86 spec_max=32 q_mean=0.568 q_max=1.000 q_above_half=3940 marked=0.181 mark_density=0.894 exp_mean=2408.2 addr_spec=3.047 addr_random=1.030 addr_full=0.0393 correct=173
  mpx-135 traj: trials=68280000 wall=496021s knowledge=0.4260 reliable=358 spec=10.34 pop=7285
  mpx-135 diag: trials=68280000 micro=9066 pop_spec=20.18 spec_max=32 q_mean=0.577 q_max=1.000 q_above_half=4111 marked=0.196 mark_density=0.895 exp_mean=2535.1 addr_spec=3.252 addr_random=1.046 addr_full=0.0426 correct=173
  mpx-135 traj: trials=68340000 wall=496085s knowledge=0.4267 reliable=359 spec=10.30 pop=7764
  mpx-135 diag: trials=68340000 micro=9527 pop_spec=19.46 spec_max=32 q_mean=0.569 q_max=1.000 q_above_half=4128 marked=0.191 mark_density=0.899 exp_mean=2382.7 addr_spec=3.051 addr_random=1.009 addr_full=0.0402 correct=173
  mpx-135 traj: trials=68400000 wall=496132s knowledge=0.4256 reliable=352 spec=10.28 pop=7303
  mpx-135 diag: trials=68400000 micro=9075 pop_spec=20.03 spec_max=32 q_mean=0.571 q_max=1.000 q_above_half=3967 marked=0.200 mark_density=0.897 exp_mean=2537.2 addr_spec=3.256 addr_random=1.039 addr_full=0.0422 correct=174
  mpx-135 traj: trials=68460000 wall=496194s knowledge=0.4260 reliable=357 spec=10.30 pop=7168
  mpx-135 diag: trials=68460000 micro=8924 pop_spec=20.35 spec_max=32 q_mean=0.572 q_max=1.000 q_above_half=3894 marked=0.190 mark_density=0.892 exp_mean=2589.2 addr_spec=3.247 addr_random=1.055 addr_full=0.0427 correct=174
  mpx-135 traj: trials=68520000 wall=496268s knowledge=0.4264 reliable=358 spec=10.28 pop=7224
  mpx-135 diag: trials=68520000 micro=9016 pop_spec=20.39 spec_max=32 q_mean=0.572 q_max=1.000 q_above_half=3919 marked=0.185 mark_density=0.889 exp_mean=2573.4 addr_spec=3.240 addr_random=1.057 addr_full=0.0432 correct=174
  mpx-135 traj: trials=68580000 wall=496340s knowledge=0.4272 reliable=362 spec=10.26 pop=7522
  mpx-135 diag: trials=68580000 micro=9265 pop_spec=19.94 spec_max=32 q_mean=0.569 q_max=1.000 q_above_half=4032 marked=0.195 mark_density=0.896 exp_mean=2475.6 addr_spec=3.097 addr_random=1.034 addr_full=0.0405 correct=174
  mpx-135 traj: trials=68640000 wall=496388s knowledge=0.4279 reliable=365 spec=10.27 pop=7150
  mpx-135 diag: trials=68640000 micro=8917 pop_spec=20.32 spec_max=32 q_mean=0.572 q_max=1.000 q_above_half=3904 marked=0.189 mark_density=0.893 exp_mean=2608.7 addr_spec=3.220 addr_random=1.054 addr_full=0.0425 correct=174
  mpx-135 traj: trials=68700000 wall=496432s knowledge=0.4276 reliable=358 spec=10.24 pop=7097
  mpx-135 diag: trials=68700000 micro=8883 pop_spec=20.31 spec_max=32 q_mean=0.571 q_max=1.000 q_above_half=3866 marked=0.192 mark_density=0.894 exp_mean=2632.2 addr_spec=3.211 addr_random=1.053 addr_full=0.0426 correct=173
  mpx-135 traj: trials=68760000 wall=496494s knowledge=0.4277 reliable=365 spec=10.29 pop=7092
  mpx-135 diag: trials=68760000 micro=8818 pop_spec=20.35 spec_max=32 q_mean=0.571 q_max=1.000 q_above_half=3915 marked=0.198 mark_density=0.896 exp_mean=2638.5 addr_spec=3.196 addr_random=1.055 addr_full=0.0441 correct=173
  mpx-135 traj: trials=68820000 wall=496560s knowledge=0.4290 reliable=368 spec=10.29 pop=7314
  mpx-135 diag: trials=68820000 micro=9066 pop_spec=20.10 spec_max=32 q_mean=0.568 q_max=1.000 q_above_half=3993 marked=0.189 mark_density=0.894 exp_mean=2562.7 addr_spec=3.120 addr_random=1.042 addr_full=0.0421 correct=174
  mpx-135 traj: trials=68880000 wall=496640s knowledge=0.4295 reliable=367 spec=10.30 pop=7467
  mpx-135 diag: trials=68880000 micro=9257 pop_spec=20.02 spec_max=32 q_mean=0.568 q_max=1.000 q_above_half=3924 marked=0.192 mark_density=0.895 exp_mean=2514.3 addr_spec=3.083 addr_random=1.038 addr_full=0.0411 correct=174
  mpx-135 traj: trials=68940000 wall=496682s knowledge=0.4302 reliable=365 spec=10.26 pop=6933
  mpx-135 diag: trials=68940000 micro=8722 pop_spec=20.54 spec_max=32 q_mean=0.572 q_max=1.000 q_above_half=3818 marked=0.181 mark_density=0.890 exp_mean=2712.3 addr_spec=3.262 addr_random=1.065 addr_full=0.0446 correct=174
  mpx-135 traj: trials=69000000 wall=496736s knowledge=0.4287 reliable=362 spec=10.31 pop=6959
  mpx-135 diag: trials=69000000 micro=8751 pop_spec=20.56 spec_max=32 q_mean=0.569 q_max=1.000 q_above_half=3772 marked=0.190 mark_density=0.894 exp_mean=2706.5 addr_spec=3.236 addr_random=1.066 addr_full=0.0447 correct=174
  mpx-135 traj: trials=69060000 wall=496777s knowledge=0.4310 reliable=371 spec=10.30 pop=6828
  mpx-135 diag: trials=69060000 micro=8646 pop_spec=20.68 spec_max=32 q_mean=0.572 q_max=1.000 q_above_half=3731 marked=0.180 mark_density=0.891 exp_mean=2763.0 addr_spec=3.314 addr_random=1.072 addr_full=0.0466 correct=174
  mpx-135 traj: trials=69120000 wall=496826s knowledge=0.4316 reliable=371 spec=10.29 pop=7012
  mpx-135 diag: trials=69120000 micro=8792 pop_spec=20.46 spec_max=32 q_mean=0.573 q_max=1.000 q_above_half=3824 marked=0.184 mark_density=0.892 exp_mean=2695.0 addr_spec=3.250 addr_random=1.061 addr_full=0.0444 correct=176
  mpx-135 traj: trials=69180000 wall=496874s knowledge=0.4303 reliable=369 spec=10.30 pop=7211
  mpx-135 diag: trials=69180000 micro=8973 pop_spec=20.05 spec_max=32 q_mean=0.571 q_max=1.000 q_above_half=3943 marked=0.197 mark_density=0.897 exp_mean=2625.0 addr_spec=3.181 addr_random=1.040 addr_full=0.0423 correct=174
  mpx-135 traj: trials=69240000 wall=496918s knowledge=0.4304 reliable=363 spec=10.24 pop=7406
  mpx-135 diag: trials=69240000 micro=9187 pop_spec=19.54 spec_max=32 q_mean=0.567 q_max=1.000 q_above_half=3898 marked=0.209 mark_density=0.906 exp_mean=2560.1 addr_spec=3.080 addr_random=1.013 addr_full=0.0419 correct=174
  mpx-135 traj: trials=69300000 wall=496963s knowledge=0.4307 reliable=359 spec=10.22 pop=6973
  mpx-135 diag: trials=69300000 micro=8734 pop_spec=20.46 spec_max=32 q_mean=0.575 q_max=1.000 q_above_half=3880 marked=0.187 mark_density=0.892 exp_mean=2723.2 addr_spec=3.298 addr_random=1.061 addr_full=0.0453 correct=174
  mpx-135 traj: trials=69360000 wall=497021s knowledge=0.4311 reliable=367 spec=10.28 pop=7134
  mpx-135 diag: trials=69360000 micro=8925 pop_spec=20.33 spec_max=32 q_mean=0.575 q_max=1.000 q_above_half=4001 marked=0.185 mark_density=0.892 exp_mean=2666.1 addr_spec=3.213 addr_random=1.054 addr_full=0.0447 correct=174
  mpx-135 traj: trials=69420000 wall=497074s knowledge=0.4304 reliable=365 spec=10.28 pop=7091
  mpx-135 diag: trials=69420000 micro=8915 pop_spec=20.44 spec_max=32 q_mean=0.573 q_max=1.000 q_above_half=3897 marked=0.189 mark_density=0.893 exp_mean=2686.7 addr_spec=3.233 addr_random=1.060 addr_full=0.0440 correct=175
  mpx-135 traj: trials=69480000 wall=497149s knowledge=0.4305 reliable=372 spec=10.33 pop=7505
  mpx-135 diag: trials=69480000 micro=9359 pop_spec=19.92 spec_max=32 q_mean=0.568 q_max=1.000 q_above_half=4018 marked=0.197 mark_density=0.896 exp_mean=2542.6 addr_spec=3.067 addr_random=1.033 addr_full=0.0421 correct=176
  mpx-135 traj: trials=69540000 wall=497224s knowledge=0.4299 reliable=369 spec=10.32 pop=7261
  mpx-135 diag: trials=69540000 micro=9072 pop_spec=20.15 spec_max=32 q_mean=0.572 q_max=1.000 q_above_half=3983 marked=0.187 mark_density=0.893 exp_mean=2632.2 addr_spec=3.163 addr_random=1.045 addr_full=0.0431 correct=176
  mpx-135 traj: trials=69600000 wall=497266s knowledge=0.4299 reliable=363 spec=10.27 pop=6993
  mpx-135 diag: trials=69600000 micro=8771 pop_spec=20.50 spec_max=32 q_mean=0.574 q_max=1.000 q_above_half=3855 marked=0.190 mark_density=0.891 exp_mean=2737.4 addr_spec=3.301 addr_random=1.063 addr_full=0.0449 correct=177
  mpx-135 traj: trials=69660000 wall=497312s knowledge=0.4319 reliable=367 spec=10.28 pop=7190
  mpx-135 diag: trials=69660000 micro=8957 pop_spec=20.07 spec_max=32 q_mean=0.573 q_max=1.000 q_above_half=3950 marked=0.199 mark_density=0.897 exp_mean=2666.9 addr_spec=3.173 addr_random=1.041 addr_full=0.0428 correct=177
  mpx-135 traj: trials=69720000 wall=497358s knowledge=0.4312 reliable=366 spec=10.30 pop=7293
  mpx-135 diag: trials=69720000 micro=9063 pop_spec=20.16 spec_max=32 q_mean=0.572 q_max=1.000 q_above_half=3937 marked=0.192 mark_density=0.895 exp_mean=2633.1 addr_spec=3.217 addr_random=1.045 addr_full=0.0432 correct=177
  mpx-135 traj: trials=69780000 wall=497405s knowledge=0.4307 reliable=368 spec=10.33 pop=7018
  mpx-135 diag: trials=69780000 micro=8847 pop_spec=20.53 spec_max=32 q_mean=0.574 q_max=1.000 q_above_half=3847 marked=0.194 mark_density=0.893 exp_mean=2726.7 addr_spec=3.301 addr_random=1.065 addr_full=0.0440 correct=177
  mpx-135 traj: trials=69840000 wall=497457s knowledge=0.4310 reliable=364 spec=10.27 pop=7055
  mpx-135 diag: trials=69840000 micro=8842 pop_spec=20.50 spec_max=32 q_mean=0.574 q_max=1.000 q_above_half=3925 marked=0.183 mark_density=0.890 exp_mean=2716.7 addr_spec=3.286 addr_random=1.063 addr_full=0.0445 correct=179
  mpx-135 traj: trials=69900000 wall=497500s knowledge=0.4309 reliable=357 spec=10.20 pop=7034
  mpx-135 diag: trials=69900000 micro=8853 pop_spec=20.43 spec_max=32 q_mean=0.576 q_max=1.000 q_above_half=3924 marked=0.191 mark_density=0.894 exp_mean=2728.8 addr_spec=3.289 addr_random=1.059 addr_full=0.0444 correct=178
  mpx-135 traj: trials=69960000 wall=497545s knowledge=0.4291 reliable=356 spec=10.21 pop=7234
  mpx-135 diag: trials=69960000 micro=9040 pop_spec=20.09 spec_max=32 q_mean=0.574 q_max=1.000 q_above_half=3995 marked=0.202 mark_density=0.897 exp_mean=2627.9 addr_spec=3.239 addr_random=1.042 addr_full=0.0449 correct=177
  mpx-135 traj: trials=70020000 wall=497666s knowledge=0.4296 reliable=354 spec=10.18 pop=7553
  mpx-135 diag: trials=70020000 micro=9353 pop_spec=19.95 spec_max=32 q_mean=0.572 q_max=1.000 q_above_half=4176 marked=0.191 mark_density=0.891 exp_mean=2521.0 addr_spec=3.126 addr_random=1.034 addr_full=0.0410 correct=178
  mpx-135 traj: trials=70080000 wall=497709s knowledge=0.4324 reliable=355 spec=10.15 pop=7177
  mpx-135 diag: trials=70080000 micro=8937 pop_spec=20.28 spec_max=32 q_mean=0.575 q_max=1.000 q_above_half=3984 marked=0.201 mark_density=0.893 exp_mean=2657.0 addr_spec=3.317 addr_random=1.051 addr_full=0.0440 correct=180
  mpx-135 traj: trials=70140000 wall=497763s knowledge=0.4313 reliable=356 spec=10.19 pop=7296
  mpx-135 diag: trials=70140000 micro=9104 pop_spec=20.12 spec_max=32 q_mean=0.570 q_max=1.000 q_above_half=3892 marked=0.189 mark_density=0.893 exp_mean=2617.8 addr_spec=3.165 addr_random=1.043 addr_full=0.0430 correct=182
  mpx-135 traj: trials=70200000 wall=497807s knowledge=0.4307 reliable=351 spec=10.15 pop=7062
  mpx-135 diag: trials=70200000 micro=8776 pop_spec=20.37 spec_max=32 q_mean=0.571 q_max=1.000 q_above_half=3849 marked=0.203 mark_density=0.895 exp_mean=2708.6 addr_spec=3.240 addr_random=1.056 addr_full=0.0430 correct=179
  mpx-135 traj: trials=70260000 wall=497875s knowledge=0.4313 reliable=354 spec=10.09 pop=7445
  mpx-135 diag: trials=70260000 micro=9252 pop_spec=20.04 spec_max=32 q_mean=0.569 q_max=1.000 q_above_half=3976 marked=0.193 mark_density=0.894 exp_mean=2573.6 addr_spec=3.119 addr_random=1.039 addr_full=0.0415 correct=181
  mpx-135 traj: trials=70320000 wall=497939s knowledge=0.4311 reliable=345 spec=10.03 pop=7102
  mpx-135 diag: trials=70320000 micro=8885 pop_spec=20.42 spec_max=32 q_mean=0.571 q_max=1.000 q_above_half=3929 marked=0.196 mark_density=0.892 exp_mean=2701.9 addr_spec=3.209 addr_random=1.059 addr_full=0.0422 correct=179
  mpx-135 traj: trials=70380000 wall=498026s knowledge=0.4308 reliable=352 spec=10.14 pop=7159
  mpx-135 diag: trials=70380000 micro=8966 pop_spec=20.28 spec_max=32 q_mean=0.571 q_max=1.000 q_above_half=3981 marked=0.204 mark_density=0.896 exp_mean=2684.8 addr_spec=3.196 addr_random=1.051 addr_full=0.0426 correct=179
  mpx-135 traj: trials=70440000 wall=498068s knowledge=0.4321 reliable=355 spec=10.15 pop=7059
  mpx-135 diag: trials=70440000 micro=8860 pop_spec=20.29 spec_max=32 q_mean=0.572 q_max=1.000 q_above_half=3908 marked=0.196 mark_density=0.896 exp_mean=2727.1 addr_spec=3.234 addr_random=1.052 addr_full=0.0446 correct=180
  mpx-135 traj: trials=70500000 wall=498121s knowledge=0.4326 reliable=353 spec=10.12 pop=7136
  mpx-135 diag: trials=70500000 micro=8914 pop_spec=20.40 spec_max=32 q_mean=0.569 q_max=1.000 q_above_half=3791 marked=0.191 mark_density=0.891 exp_mean=2686.4 addr_spec=3.186 addr_random=1.058 addr_full=0.0436 correct=180
  mpx-135 traj: trials=70560000 wall=498191s knowledge=0.4321 reliable=352 spec=10.11 pop=7487
  mpx-135 diag: trials=70560000 micro=9266 pop_spec=19.97 spec_max=32 q_mean=0.567 q_max=1.000 q_above_half=3976 marked=0.188 mark_density=0.893 exp_mean=2564.5 addr_spec=3.081 addr_random=1.035 addr_full=0.0411 correct=179
  mpx-135 traj: trials=70620000 wall=498234s knowledge=0.4337 reliable=356 spec=10.09 pop=6965
  mpx-135 diag: trials=70620000 micro=8778 pop_spec=20.43 spec_max=32 q_mean=0.569 q_max=1.000 q_above_half=3778 marked=0.205 mark_density=0.896 exp_mean=2761.2 addr_spec=3.248 addr_random=1.059 addr_full=0.0438 correct=179
  mpx-135 traj: trials=70680000 wall=498289s knowledge=0.4350 reliable=358 spec=10.09 pop=7987
  mpx-135 diag: trials=70680000 micro=9802 pop_spec=18.82 spec_max=32 q_mean=0.563 q_max=1.000 q_above_half=4251 marked=0.180 mark_density=0.899 exp_mean=2411.9 addr_spec=2.805 addr_random=0.976 addr_full=0.0383 correct=181
  mpx-135 traj: trials=70740000 wall=498393s knowledge=0.4362 reliable=361 spec=10.12 pop=6968
  mpx-135 diag: trials=70740000 micro=8753 pop_spec=20.44 spec_max=32 q_mean=0.568 q_max=1.000 q_above_half=3731 marked=0.193 mark_density=0.893 exp_mean=2768.9 addr_spec=3.220 addr_random=1.060 addr_full=0.0458 correct=180
  mpx-135 traj: trials=70800000 wall=498448s knowledge=0.4364 reliable=365 spec=10.13 pop=7148
  mpx-135 diag: trials=70800000 micro=8931 pop_spec=20.13 spec_max=32 q_mean=0.566 q_max=1.000 q_above_half=3801 marked=0.203 mark_density=0.898 exp_mean=2703.5 addr_spec=3.124 addr_random=1.044 addr_full=0.0439 correct=180
  mpx-135 traj: trials=70860000 wall=498491s knowledge=0.4362 reliable=359 spec=10.11 pop=6795
  mpx-135 diag: trials=70860000 micro=8628 pop_spec=20.66 spec_max=32 q_mean=0.567 q_max=1.000 q_above_half=3610 marked=0.193 mark_density=0.893 exp_mean=2848.0 addr_spec=3.243 addr_random=1.071 addr_full=0.0458 correct=181
  mpx-135 traj: trials=70920000 wall=498552s knowledge=0.4358 reliable=358 spec=10.14 pop=7067
  mpx-135 diag: trials=70920000 micro=8893 pop_spec=20.20 spec_max=32 q_mean=0.567 q_max=1.000 q_above_half=3800 marked=0.196 mark_density=0.896 exp_mean=2742.8 addr_spec=3.114 addr_random=1.047 addr_full=0.0436 correct=181
  mpx-135 traj: trials=70980000 wall=498607s knowledge=0.4358 reliable=358 spec=10.15 pop=7043
  mpx-135 diag: trials=70980000 micro=8834 pop_spec=20.37 spec_max=32 q_mean=0.568 q_max=1.000 q_above_half=3757 marked=0.183 mark_density=0.892 exp_mean=2756.3 addr_spec=3.109 addr_random=1.056 addr_full=0.0425 correct=181
  mpx-135 traj: trials=71040000 wall=498650s knowledge=0.4380 reliable=357 spec=10.07 pop=6973
  mpx-135 diag: trials=71040000 micro=8813 pop_spec=20.41 spec_max=32 q_mean=0.569 q_max=1.000 q_above_half=3741 marked=0.193 mark_density=0.894 exp_mean=2788.5 addr_spec=3.217 addr_random=1.059 addr_full=0.0439 correct=183
  mpx-135 traj: trials=71100000 wall=498696s knowledge=0.4374 reliable=358 spec=10.11 pop=6918
  mpx-135 diag: trials=71100000 micro=8724 pop_spec=20.49 spec_max=32 q_mean=0.568 q_max=1.000 q_above_half=3688 marked=0.172 mark_density=0.889 exp_mean=2815.2 addr_spec=3.216 addr_random=1.062 addr_full=0.0450 correct=183
  mpx-135 traj: trials=71160000 wall=498762s knowledge=0.4379 reliable=361 spec=10.09 pop=6719
  mpx-135 diag: trials=71160000 micro=8554 pop_spec=20.77 spec_max=32 q_mean=0.571 q_max=1.000 q_above_half=3656 marked=0.177 mark_density=0.889 exp_mean=2903.1 addr_spec=3.226 addr_random=1.077 addr_full=0.0455 correct=183
  mpx-135 traj: trials=71220000 wall=498814s knowledge=0.4368 reliable=354 spec=10.09 pop=6856
  mpx-135 diag: trials=71220000 micro=8648 pop_spec=20.50 spec_max=32 q_mean=0.568 q_max=1.000 q_above_half=3689 marked=0.191 mark_density=0.893 exp_mean=2830.6 addr_spec=3.146 addr_random=1.063 addr_full=0.0439 correct=184
  mpx-135 traj: trials=71280000 wall=498913s knowledge=0.4372 reliable=350 spec=10.06 pop=6912
  mpx-135 diag: trials=71280000 micro=8740 pop_spec=20.49 spec_max=32 q_mean=0.566 q_max=1.000 q_above_half=3653 marked=0.193 mark_density=0.895 exp_mean=2812.1 addr_spec=3.182 addr_random=1.062 addr_full=0.0447 correct=186
  mpx-135 traj: trials=71340000 wall=498958s knowledge=0.4359 reliable=349 spec=10.07 pop=6946
  mpx-135 diag: trials=71340000 micro=8732 pop_spec=20.32 spec_max=32 q_mean=0.570 q_max=1.000 q_above_half=3821 marked=0.190 mark_density=0.895 exp_mean=2802.8 addr_spec=3.064 addr_random=1.053 addr_full=0.0430 correct=184
  mpx-135 traj: trials=71400000 wall=499002s knowledge=0.4363 reliable=348 spec=10.05 pop=6712
  mpx-135 diag: trials=71400000 micro=8486 pop_spec=20.69 spec_max=32 q_mean=0.567 q_max=1.000 q_above_half=3580 marked=0.186 mark_density=0.893 exp_mean=2897.7 addr_spec=3.156 addr_random=1.073 addr_full=0.0441 correct=184
  mpx-135 traj: trials=71460000 wall=499074s knowledge=0.4360 reliable=350 spec=10.05 pop=6908
  mpx-135 diag: trials=71460000 micro=8703 pop_spec=20.32 spec_max=32 q_mean=0.566 q_max=1.000 q_above_half=3747 marked=0.195 mark_density=0.895 exp_mean=2820.0 addr_spec=3.090 addr_random=1.053 addr_full=0.0431 correct=186
  mpx-135 traj: trials=71520000 wall=499121s knowledge=0.4366 reliable=342 spec=9.99 pop=6603
  mpx-135 diag: trials=71520000 micro=8405 pop_spec=20.90 spec_max=32 q_mean=0.566 q_max=1.000 q_above_half=3572 marked=0.179 mark_density=0.888 exp_mean=2954.8 addr_spec=3.190 addr_random=1.083 addr_full=0.0448 correct=185
  mpx-135 traj: trials=71580000 wall=499181s knowledge=0.4370 reliable=348 spec=10.04 pop=6937
  mpx-135 diag: trials=71580000 micro=8739 pop_spec=20.44 spec_max=32 q_mean=0.564 q_max=1.000 q_above_half=3578 marked=0.185 mark_density=0.895 exp_mean=2817.2 addr_spec=3.074 addr_random=1.060 addr_full=0.0427 correct=185
  mpx-135 traj: trials=71640000 wall=499236s knowledge=0.4358 reliable=339 spec=9.99 pop=6816
  mpx-135 diag: trials=71640000 micro=8617 pop_spec=20.59 spec_max=32 q_mean=0.565 q_max=1.000 q_above_half=3614 marked=0.188 mark_density=0.893 exp_mean=2871.6 addr_spec=3.125 addr_random=1.068 addr_full=0.0428 correct=183
  mpx-135 traj: trials=71700000 wall=499282s knowledge=0.4368 reliable=335 spec=9.97 pop=6855
  mpx-135 diag: trials=71700000 micro=8633 pop_spec=20.51 spec_max=32 q_mean=0.565 q_max=1.000 q_above_half=3602 marked=0.184 mark_density=0.892 exp_mean=2859.6 addr_spec=3.079 addr_random=1.064 addr_full=0.0420 correct=183
  mpx-135 traj: trials=71760000 wall=499348s knowledge=0.4363 reliable=327 spec=9.91 pop=6763
  mpx-135 diag: trials=71760000 micro=8607 pop_spec=20.73 spec_max=32 q_mean=0.564 q_max=1.000 q_above_half=3529 marked=0.191 mark_density=0.892 exp_mean=2903.2 addr_spec=3.154 addr_random=1.075 addr_full=0.0430 correct=183
  mpx-135 traj: trials=71820000 wall=499458s knowledge=0.4375 reliable=333 spec=9.92 pop=7088
  mpx-135 diag: trials=71820000 micro=8866 pop_spec=20.38 spec_max=32 q_mean=0.564 q_max=1.000 q_above_half=3589 marked=0.169 mark_density=0.888 exp_mean=2774.6 addr_spec=3.028 addr_random=1.057 addr_full=0.0405 correct=184
  mpx-135 traj: trials=71880000 wall=499522s knowledge=0.4371 reliable=342 spec=9.99 pop=7122
  mpx-135 diag: trials=71880000 micro=8928 pop_spec=20.04 spec_max=32 q_mean=0.564 q_max=1.000 q_above_half=3789 marked=0.196 mark_density=0.897 exp_mean=2765.8 addr_spec=3.027 addr_random=1.039 addr_full=0.0418 correct=184
  mpx-135 traj: trials=71940000 wall=499568s knowledge=0.4370 reliable=339 spec=9.95 pop=7082
  mpx-135 diag: trials=71940000 micro=8848 pop_spec=20.01 spec_max=32 q_mean=0.566 q_max=1.000 q_above_half=3813 marked=0.200 mark_density=0.899 exp_mean=2785.9 addr_spec=3.068 addr_random=1.037 addr_full=0.0435 correct=184
  mpx-135 traj: trials=72000000 wall=499614s knowledge=0.4370 reliable=348 spec=10.01 pop=6696
  mpx-135 diag: trials=72000000 micro=8524 pop_spec=20.73 spec_max=32 q_mean=0.570 q_max=1.000 q_above_half=3603 marked=0.184 mark_density=0.890 exp_mean=2951.1 addr_spec=3.243 addr_random=1.075 addr_full=0.0450 correct=186
  mpx-135 traj: trials=72060000 wall=499657s knowledge=0.4362 reliable=338 spec=9.91 pop=7168
  mpx-135 diag: trials=72060000 micro=8930 pop_spec=19.80 spec_max=32 q_mean=0.570 q_max=1.000 q_above_half=3957 marked=0.194 mark_density=0.897 exp_mean=2745.0 addr_spec=3.033 addr_random=1.026 addr_full=0.0410 correct=186
  mpx-135 traj: trials=72120000 wall=499708s knowledge=0.4365 reliable=335 spec=9.88 pop=6959
  mpx-135 diag: trials=72120000 micro=8716 pop_spec=20.41 spec_max=32 q_mean=0.570 q_max=1.000 q_above_half=3777 marked=0.197 mark_density=0.894 exp_mean=2831.9 addr_spec=3.209 addr_random=1.058 addr_full=0.0433 correct=185
  mpx-135 traj: trials=72180000 wall=499773s knowledge=0.4380 reliable=339 spec=9.91 pop=7028
  mpx-135 diag: trials=72180000 micro=8854 pop_spec=20.40 spec_max=32 q_mean=0.569 q_max=1.000 q_above_half=3795 marked=0.188 mark_density=0.891 exp_mean=2808.5 addr_spec=3.208 addr_random=1.058 addr_full=0.0451 correct=186
  mpx-135 traj: trials=72240000 wall=499826s knowledge=0.4360 reliable=333 spec=9.90 pop=6962
  mpx-135 diag: trials=72240000 micro=8792 pop_spec=20.43 spec_max=32 q_mean=0.570 q_max=1.000 q_above_half=3794 marked=0.191 mark_density=0.892 exp_mean=2839.6 addr_spec=3.266 addr_random=1.059 addr_full=0.0448 correct=185
  mpx-135 traj: trials=72300000 wall=499869s knowledge=0.4369 reliable=332 spec=9.86 pop=7031
  mpx-135 diag: trials=72300000 micro=8824 pop_spec=20.09 spec_max=32 q_mean=0.571 q_max=1.000 q_above_half=3879 marked=0.202 mark_density=0.899 exp_mean=2816.4 addr_spec=3.189 addr_random=1.042 addr_full=0.0428 correct=185
  mpx-135 traj: trials=72360000 wall=499913s knowledge=0.4363 reliable=334 spec=9.91 pop=6853
  mpx-135 diag: trials=72360000 micro=8672 pop_spec=20.62 spec_max=32 q_mean=0.570 q_max=1.000 q_above_half=3702 marked=0.184 mark_density=0.889 exp_mean=2893.9 addr_spec=3.260 addr_random=1.069 addr_full=0.0438 correct=186
  mpx-135 traj: trials=72420000 wall=499961s knowledge=0.4372 reliable=329 spec=9.86 pop=6818
  mpx-135 diag: trials=72420000 micro=8566 pop_spec=20.53 spec_max=32 q_mean=0.572 q_max=1.000 q_above_half=3756 marked=0.192 mark_density=0.892 exp_mean=2913.3 addr_spec=3.230 addr_random=1.064 addr_full=0.0440 correct=185
  mpx-135 traj: trials=72480000 wall=500071s knowledge=0.4384 reliable=336 spec=9.88 pop=7601
  mpx-135 diag: trials=72480000 micro=9415 pop_spec=19.39 spec_max=32 q_mean=0.564 q_max=1.000 q_above_half=4019 marked=0.206 mark_density=0.901 exp_mean=2617.6 addr_spec=2.984 addr_random=1.006 addr_full=0.0401 correct=186
  mpx-135 traj: trials=72540000 wall=500120s knowledge=0.4392 reliable=337 spec=9.93 pop=6860
  mpx-135 diag: trials=72540000 micro=8697 pop_spec=20.47 spec_max=32 q_mean=0.569 q_max=1.000 q_above_half=3766 marked=0.194 mark_density=0.892 exp_mean=2904.7 addr_spec=3.210 addr_random=1.062 addr_full=0.0452 correct=187
  mpx-135 traj: trials=72600000 wall=500164s knowledge=0.4393 reliable=339 spec=9.95 pop=6861
  mpx-135 diag: trials=72600000 micro=8648 pop_spec=20.51 spec_max=32 q_mean=0.570 q_max=1.000 q_above_half=3720 marked=0.204 mark_density=0.896 exp_mean=2908.6 addr_spec=3.234 addr_random=1.063 addr_full=0.0423 correct=187
  mpx-135 traj: trials=72660000 wall=500328s knowledge=0.4392 reliable=339 spec=9.95 pop=8137
  mpx-135 diag: trials=72660000 micro=9950 pop_spec=19.30 spec_max=32 q_mean=0.560 q_max=1.000 q_above_half=3921 marked=0.168 mark_density=0.894 exp_mean=2456.6 addr_spec=2.842 addr_random=1.001 addr_full=0.0375 correct=187
  mpx-135 traj: trials=72720000 wall=500378s knowledge=0.4385 reliable=336 spec=9.91 pop=7197
  mpx-135 diag: trials=72720000 micro=9006 pop_spec=20.05 spec_max=32 q_mean=0.570 q_max=1.000 q_above_half=4011 marked=0.198 mark_density=0.895 exp_mean=2781.7 addr_spec=3.126 addr_random=1.040 addr_full=0.0400 correct=186
  mpx-135 traj: trials=72780000 wall=500441s knowledge=0.4372 reliable=327 spec=9.83 pop=7145
  mpx-135 diag: trials=72780000 micro=8974 pop_spec=20.18 spec_max=32 q_mean=0.568 q_max=1.000 q_above_half=3908 marked=0.190 mark_density=0.891 exp_mean=2806.0 addr_spec=3.168 addr_random=1.047 addr_full=0.0409 correct=185
  mpx-135 traj: trials=72840000 wall=500499s knowledge=0.4375 reliable=335 spec=9.87 pop=6979
  mpx-135 diag: trials=72840000 micro=8783 pop_spec=20.47 spec_max=32 q_mean=0.568 q_max=1.000 q_above_half=3664 marked=0.186 mark_density=0.890 exp_mean=2877.3 addr_spec=3.229 addr_random=1.062 addr_full=0.0427 correct=185
  mpx-135 traj: trials=72900000 wall=500556s knowledge=0.4388 reliable=339 spec=9.93 pop=7098
  mpx-135 diag: trials=72900000 micro=8895 pop_spec=20.21 spec_max=32 q_mean=0.567 q_max=1.000 q_above_half=3776 marked=0.194 mark_density=0.894 exp_mean=2833.6 addr_spec=3.156 addr_random=1.048 addr_full=0.0421 correct=186
  mpx-135 traj: trials=72960000 wall=500604s knowledge=0.4381 reliable=330 spec=9.88 pop=6943
  mpx-135 diag: trials=72960000 micro=8785 pop_spec=20.37 spec_max=32 q_mean=0.567 q_max=1.000 q_above_half=3708 marked=0.203 mark_density=0.896 exp_mean=2900.4 addr_spec=3.203 addr_random=1.056 addr_full=0.0419 correct=186
  mpx-135 traj: trials=73020000 wall=500684s knowledge=0.4367 reliable=328 spec=9.87 pop=6923
  mpx-135 diag: trials=73020000 micro=8805 pop_spec=20.53 spec_max=32 q_mean=0.566 q_max=1.000 q_above_half=3671 marked=0.183 mark_density=0.889 exp_mean=2913.0 addr_spec=3.171 addr_random=1.065 addr_full=0.0415 correct=185
  mpx-135 traj: trials=73080000 wall=500751s knowledge=0.4367 reliable=321 spec=9.81 pop=6955
  mpx-135 diag: trials=73080000 micro=8820 pop_spec=20.40 spec_max=32 q_mean=0.568 q_max=1.000 q_above_half=3774 marked=0.189 mark_density=0.889 exp_mean=2904.3 addr_spec=3.187 addr_random=1.058 addr_full=0.0428 correct=185
  mpx-135 traj: trials=73140000 wall=500800s knowledge=0.4390 reliable=329 spec=9.84 pop=6886
  mpx-135 diag: trials=73140000 micro=8711 pop_spec=20.39 spec_max=32 q_mean=0.566 q_max=1.000 q_above_half=3667 marked=0.199 mark_density=0.894 exp_mean=2937.9 addr_spec=3.172 addr_random=1.057 addr_full=0.0434 correct=186
  mpx-135 traj: trials=73200000 wall=500920s knowledge=0.4392 reliable=321 spec=9.77 pop=7054
  mpx-135 diag: trials=73200000 micro=8929 pop_spec=20.34 spec_max=32 q_mean=0.568 q_max=1.000 q_above_half=3840 marked=0.204 mark_density=0.893 exp_mean=2872.4 addr_spec=3.199 addr_random=1.055 addr_full=0.0425 correct=188
  mpx-135 traj: trials=73260000 wall=500966s knowledge=0.4385 reliable=325 spec=9.78 pop=6639
  mpx-135 diag: trials=73260000 micro=8459 pop_spec=20.91 spec_max=32 q_mean=0.572 q_max=1.000 q_above_half=3691 marked=0.180 mark_density=0.885 exp_mean=3056.5 addr_spec=3.339 addr_random=1.084 addr_full=0.0437 correct=188
  mpx-135 traj: trials=73320000 wall=501013s knowledge=0.4391 reliable=324 spec=9.73 pop=6715
  mpx-135 diag: trials=73320000 micro=8563 pop_spec=20.69 spec_max=32 q_mean=0.573 q_max=1.000 q_above_half=3705 marked=0.194 mark_density=0.891 exp_mean=3026.4 addr_spec=3.282 addr_random=1.073 addr_full=0.0445 correct=188
  mpx-135 traj: trials=73380000 wall=501062s knowledge=0.4397 reliable=329 spec=9.76 pop=18012
  mpx-135 diag: trials=73380000 micro=19815 pop_spec=11.17 spec_max=32 q_mean=0.529 q_max=1.000 q_above_half=8244 marked=0.390 mark_density=0.951 exp_mean=1132.5 addr_spec=1.449 addr_random=0.579 addr_full=0.0169 correct=188
  mpx-135 traj: trials=73440000 wall=501262s knowledge=0.4410 reliable=338 spec=9.83 pop=7640
  mpx-135 diag: trials=73440000 micro=9476 pop_spec=19.79 spec_max=32 q_mean=0.566 q_max=1.000 q_above_half=3984 marked=0.181 mark_density=0.891 exp_mean=2668.6 addr_spec=3.044 addr_random=1.026 addr_full=0.0407 correct=190
  mpx-135 traj: trials=73500000 wall=501311s knowledge=0.4417 reliable=335 spec=9.81 pop=7235
  mpx-135 diag: trials=73500000 micro=9063 pop_spec=20.08 spec_max=32 q_mean=0.572 q_max=1.000 q_above_half=4024 marked=0.195 mark_density=0.892 exp_mean=2822.3 addr_spec=3.206 addr_random=1.041 addr_full=0.0426 correct=190
  mpx-135 traj: trials=73560000 wall=501395s knowledge=0.4424 reliable=333 spec=9.76 pop=7146
  mpx-135 diag: trials=73560000 micro=8993 pop_spec=20.29 spec_max=32 q_mean=0.571 q_max=1.000 q_above_half=3959 marked=0.201 mark_density=0.891 exp_mean=2861.9 addr_spec=3.192 addr_random=1.052 addr_full=0.0416 correct=190
  mpx-135 traj: trials=73620000 wall=501497s knowledge=0.4416 reliable=331 spec=9.77 pop=7352
  mpx-135 diag: trials=73620000 micro=9168 pop_spec=20.01 spec_max=32 q_mean=0.565 q_max=1.000 q_above_half=3889 marked=0.195 mark_density=0.894 exp_mean=2785.9 addr_spec=3.084 addr_random=1.037 addr_full=0.0405 correct=190
  mpx-135 traj: trials=73680000 wall=501542s knowledge=0.4428 reliable=327 spec=9.69 pop=6855
  mpx-135 diag: trials=73680000 micro=8709 pop_spec=20.52 spec_max=32 q_mean=0.572 q_max=1.000 q_above_half=3816 marked=0.192 mark_density=0.889 exp_mean=2992.5 addr_spec=3.301 addr_random=1.064 addr_full=0.0432 correct=189
  mpx-135 traj: trials=73740000 wall=501586s knowledge=0.4414 reliable=328 spec=9.78 pop=7199
  mpx-135 diag: trials=73740000 micro=9018 pop_spec=19.83 spec_max=32 q_mean=0.570 q_max=1.000 q_above_half=3966 marked=0.209 mark_density=0.900 exp_mean=2853.7 addr_spec=3.150 addr_random=1.028 addr_full=0.0413 correct=189
  mpx-135 traj: trials=73800000 wall=501707s knowledge=0.4410 reliable=329 spec=9.77 pop=6918
  mpx-135 diag: trials=73800000 micro=8755 pop_spec=20.49 spec_max=32 q_mean=0.572 q_max=1.000 q_above_half=3828 marked=0.202 mark_density=0.890 exp_mean=2974.0 addr_spec=3.290 addr_random=1.063 addr_full=0.0434 correct=188
  mpx-135 traj: trials=73860000 wall=501753s knowledge=0.4408 reliable=331 spec=9.80 pop=6933
  mpx-135 diag: trials=73860000 micro=8741 pop_spec=20.43 spec_max=32 q_mean=0.572 q_max=1.000 q_above_half=3825 marked=0.199 mark_density=0.891 exp_mean=2972.2 addr_spec=3.220 addr_random=1.059 addr_full=0.0431 correct=188
  mpx-135 traj: trials=73920000 wall=501796s knowledge=0.4405 reliable=326 spec=9.77 pop=6806
  mpx-135 diag: trials=73920000 micro=8591 pop_spec=20.53 spec_max=32 q_mean=0.572 q_max=1.000 q_above_half=3753 marked=0.194 mark_density=0.890 exp_mean=3032.2 addr_spec=3.315 addr_random=1.065 addr_full=0.0451 correct=188
  mpx-135 traj: trials=73980000 wall=501855s knowledge=0.4406 reliable=326 spec=9.78 pop=6951
  mpx-135 diag: trials=73980000 micro=8731 pop_spec=20.42 spec_max=32 q_mean=0.571 q_max=1.000 q_above_half=3799 marked=0.197 mark_density=0.892 exp_mean=2973.6 addr_spec=3.213 addr_random=1.059 addr_full=0.0419 correct=188
  mpx-135 traj: trials=74040000 wall=501905s knowledge=0.4404 reliable=326 spec=9.75 pop=6920
  mpx-135 diag: trials=74040000 micro=8766 pop_spec=20.50 spec_max=32 q_mean=0.570 q_max=1.000 q_above_half=3725 marked=0.196 mark_density=0.892 exp_mean=2991.3 addr_spec=3.223 addr_random=1.063 addr_full=0.0428 correct=187
  mpx-135 traj: trials=74100000 wall=501949s knowledge=0.4394 reliable=327 spec=9.81 pop=6909
  mpx-135 diag: trials=74100000 micro=8752 pop_spec=20.38 spec_max=32 q_mean=0.571 q_max=1.000 q_above_half=3784 marked=0.198 mark_density=0.893 exp_mean=3000.6 addr_spec=3.260 addr_random=1.056 addr_full=0.0441 correct=187
  mpx-135 traj: trials=74160000 wall=502074s knowledge=0.4397 reliable=328 spec=9.81 pop=7377
  mpx-135 diag: trials=74160000 micro=9170 pop_spec=20.02 spec_max=32 q_mean=0.564 q_max=1.000 q_above_half=3876 marked=0.193 mark_density=0.891 exp_mean=2814.6 addr_spec=3.088 addr_random=1.038 addr_full=0.0389 correct=188
  mpx-135 traj: trials=74220000 wall=502119s knowledge=0.4401 reliable=330 spec=9.83 pop=6951
  mpx-135 diag: trials=74220000 micro=8780 pop_spec=20.39 spec_max=32 q_mean=0.571 q_max=1.000 q_above_half=3841 marked=0.196 mark_density=0.891 exp_mean=2991.7 addr_spec=3.265 addr_random=1.057 addr_full=0.0442 correct=187
  mpx-135 traj: trials=74280000 wall=502167s knowledge=0.4410 reliable=335 spec=9.85 pop=6822
  mpx-135 diag: trials=74280000 micro=8645 pop_spec=20.47 spec_max=32 q_mean=0.569 q_max=1.000 q_above_half=3678 marked=0.191 mark_density=0.891 exp_mean=3052.8 addr_spec=3.263 addr_random=1.062 addr_full=0.0446 correct=187
  mpx-135 traj: trials=74340000 wall=502215s knowledge=0.4400 reliable=345 spec=9.90 pop=6784
  mpx-135 diag: trials=74340000 micro=8649 pop_spec=20.65 spec_max=32 q_mean=0.571 q_max=1.000 q_above_half=3693 marked=0.184 mark_density=0.888 exp_mean=3074.5 addr_spec=3.259 addr_random=1.071 addr_full=0.0441 correct=187
  mpx-135 traj: trials=74400000 wall=502259s knowledge=0.4407 reliable=340 spec=9.91 pop=6818
  mpx-135 diag: trials=74400000 micro=8618 pop_spec=20.47 spec_max=32 q_mean=0.572 q_max=1.000 q_above_half=3712 marked=0.199 mark_density=0.893 exp_mean=3063.9 addr_spec=3.289 addr_random=1.061 addr_full=0.0441 correct=188
  mpx-135 traj: trials=74460000 wall=502380s knowledge=0.4398 reliable=351 spec=10.01 pop=7171
  mpx-135 diag: trials=74460000 micro=9022 pop_spec=20.18 spec_max=32 q_mean=0.571 q_max=1.000 q_above_half=3870 marked=0.204 mark_density=0.893 exp_mean=2917.4 addr_spec=3.213 addr_random=1.046 addr_full=0.0435 correct=187
  mpx-135 traj: trials=74520000 wall=502458s knowledge=0.4414 reliable=352 spec=10.02 pop=7265
  mpx-135 diag: trials=74520000 micro=9079 pop_spec=20.08 spec_max=32 q_mean=0.571 q_max=1.000 q_above_half=3978 marked=0.198 mark_density=0.893 exp_mean=2883.7 addr_spec=3.196 addr_random=1.041 addr_full=0.0434 correct=188
  mpx-135 traj: trials=74580000 wall=502539s knowledge=0.4424 reliable=350 spec=9.99 pop=7566
  mpx-135 diag: trials=74580000 micro=9436 pop_spec=19.85 spec_max=32 q_mean=0.569 q_max=1.000 q_above_half=3991 marked=0.182 mark_density=0.890 exp_mean=2773.3 addr_spec=3.131 addr_random=1.029 addr_full=0.0422 correct=188
  mpx-135 traj: trials=74640000 wall=502582s knowledge=0.4420 reliable=354 spec=10.05 pop=6876
  mpx-135 diag: trials=74640000 micro=8722 pop_spec=20.56 spec_max=32 q_mean=0.573 q_max=1.000 q_above_half=3807 marked=0.215 mark_density=0.894 exp_mean=3056.1 addr_spec=3.291 addr_random=1.066 addr_full=0.0449 correct=188
  mpx-135 traj: trials=74700000 wall=502643s knowledge=0.4416 reliable=359 spec=10.07 pop=7112
  mpx-135 diag: trials=74700000 micro=8937 pop_spec=20.27 spec_max=32 q_mean=0.572 q_max=1.000 q_above_half=3876 marked=0.190 mark_density=0.890 exp_mean=2959.0 addr_spec=3.261 addr_random=1.051 addr_full=0.0453 correct=188
  mpx-135 traj: trials=74760000 wall=502711s knowledge=0.4417 reliable=363 spec=10.09 pop=10597
  mpx-135 diag: trials=74760000 micro=12455 pop_spec=15.71 spec_max=32 q_mean=0.557 q_max=1.000 q_above_half=5769 marked=0.214 mark_density=0.918 exp_mean=1989.7 addr_spec=2.348 addr_random=0.815 addr_full=0.0298 correct=188
  mpx-135 traj: trials=74820000 wall=502768s knowledge=0.4416 reliable=353 spec=10.03 pop=7201
  mpx-135 diag: trials=74820000 micro=9090 pop_spec=20.13 spec_max=32 q_mean=0.572 q_max=1.000 q_above_half=3964 marked=0.203 mark_density=0.893 exp_mean=2931.3 addr_spec=3.243 addr_random=1.044 addr_full=0.0447 correct=188
  mpx-135 traj: trials=74880000 wall=502836s knowledge=0.4412 reliable=349 spec=9.98 pop=7233
  mpx-135 diag: trials=74880000 micro=9081 pop_spec=20.23 spec_max=32 q_mean=0.571 q_max=1.000 q_above_half=3859 marked=0.189 mark_density=0.889 exp_mean=2922.6 addr_spec=3.232 addr_random=1.049 addr_full=0.0447 correct=188
  mpx-135 traj: trials=74940000 wall=502883s knowledge=0.4416 reliable=348 spec=9.98 pop=7158
  mpx-135 diag: trials=74940000 micro=8987 pop_spec=20.15 spec_max=32 q_mean=0.574 q_max=1.000 q_above_half=3981 marked=0.199 mark_density=0.892 exp_mean=2957.7 addr_spec=3.259 addr_random=1.045 addr_full=0.0458 correct=188
  mpx-135 traj: trials=75000000 wall=502928s knowledge=0.4413 reliable=349 spec=10.01 pop=6806
  mpx-135 diag: trials=75000000 micro=8649 pop_spec=20.65 spec_max=32 q_mean=0.577 q_max=1.000 q_above_half=3862 marked=0.190 mark_density=0.888 exp_mean=3115.3 addr_spec=3.370 addr_random=1.071 addr_full=0.0472 correct=188
  mpx-135 traj: trials=75060000 wall=502984s knowledge=0.4416 reliable=347 spec=9.98 pop=6888
  mpx-135 diag: trials=75060000 micro=8704 pop_spec=20.47 spec_max=32 q_mean=0.577 q_max=1.000 q_above_half=3887 marked=0.195 mark_density=0.891 exp_mean=3082.9 addr_spec=3.330 addr_random=1.061 addr_full=0.0469 correct=188
  mpx-135 traj: trials=75120000 wall=503028s knowledge=0.4420 reliable=357 spec=10.05 pop=6817
  mpx-135 diag: trials=75120000 micro=8605 pop_spec=20.62 spec_max=32 q_mean=0.579 q_max=1.000 q_above_half=3906 marked=0.187 mark_density=0.887 exp_mean=3119.7 addr_spec=3.395 addr_random=1.069 addr_full=0.0477 correct=188
  mpx-135 traj: trials=75180000 wall=503089s knowledge=0.4431 reliable=359 spec=10.06 pop=7265
  mpx-135 diag: trials=75180000 micro=9119 pop_spec=20.04 spec_max=32 q_mean=0.573 q_max=1.000 q_above_half=3993 marked=0.189 mark_density=0.891 exp_mean=2931.8 addr_spec=3.193 addr_random=1.039 addr_full=0.0447 correct=189
  mpx-135 traj: trials=75240000 wall=503136s knowledge=0.4450 reliable=355 spec=9.98 pop=7039
  mpx-135 diag: trials=75240000 micro=8866 pop_spec=20.23 spec_max=32 q_mean=0.576 q_max=1.000 q_above_half=3951 marked=0.209 mark_density=0.894 exp_mean=3030.4 addr_spec=3.280 addr_random=1.049 addr_full=0.0465 correct=190
  mpx-135 traj: trials=75300000 wall=503198s knowledge=0.4441 reliable=359 spec=10.04 pop=7498
  mpx-135 diag: trials=75300000 micro=9353 pop_spec=19.70 spec_max=32 q_mean=0.574 q_max=1.000 q_above_half=4075 marked=0.192 mark_density=0.894 exp_mean=2849.3 addr_spec=3.152 addr_random=1.021 addr_full=0.0437 correct=190
  mpx-135 traj: trials=75360000 wall=503266s knowledge=0.4438 reliable=366 spec=10.10 pop=7314
  mpx-135 diag: trials=75360000 micro=9161 pop_spec=20.00 spec_max=32 q_mean=0.576 q_max=1.000 q_above_half=4063 marked=0.210 mark_density=0.895 exp_mean=2925.3 addr_spec=3.283 addr_random=1.037 addr_full=0.0447 correct=189
  mpx-135 traj: trials=75420000 wall=503310s knowledge=0.4440 reliable=366 spec=10.10 pop=7144
  mpx-135 diag: trials=75420000 micro=8987 pop_spec=20.16 spec_max=32 q_mean=0.582 q_max=1.000 q_above_half=4152 marked=0.190 mark_density=0.890 exp_mean=2999.3 addr_spec=3.349 addr_random=1.045 addr_full=0.0462 correct=190
  mpx-135 traj: trials=75480000 wall=503364s knowledge=0.4439 reliable=363 spec=10.11 pop=7300
  mpx-135 diag: trials=75480000 micro=9093 pop_spec=19.86 spec_max=32 q_mean=0.577 q_max=1.000 q_above_half=4107 marked=0.205 mark_density=0.896 exp_mean=2939.6 addr_spec=3.242 addr_random=1.030 addr_full=0.0448 correct=191
  mpx-135 traj: trials=75540000 wall=503412s knowledge=0.4435 reliable=361 spec=10.12 pop=6955
  mpx-135 diag: trials=75540000 micro=8790 pop_spec=20.40 spec_max=32 q_mean=0.578 q_max=1.000 q_above_half=3925 marked=0.195 mark_density=0.891 exp_mean=3089.8 addr_spec=3.367 addr_random=1.058 addr_full=0.0467 correct=189
  mpx-135 traj: trials=75600000 wall=503457s knowledge=0.4438 reliable=358 spec=10.10 pop=7149
  mpx-135 diag: trials=75600000 micro=9014 pop_spec=20.17 spec_max=32 q_mean=0.577 q_max=1.000 q_above_half=4015 marked=0.206 mark_density=0.893 exp_mean=3010.5 addr_spec=3.330 addr_random=1.046 addr_full=0.0453 correct=190
  mpx-135 traj: trials=75660000 wall=503516s knowledge=0.4439 reliable=363 spec=10.13 pop=7323
  mpx-135 diag: trials=75660000 micro=9142 pop_spec=20.04 spec_max=32 q_mean=0.580 q_max=1.000 q_above_half=4118 marked=0.180 mark_density=0.887 exp_mean=2943.4 addr_spec=3.279 addr_random=1.039 addr_full=0.0451 correct=190
  mpx-135 traj: trials=75720000 wall=503562s knowledge=0.4447 reliable=369 spec=10.17 pop=6989
  mpx-135 diag: trials=75720000 micro=8820 pop_spec=20.45 spec_max=32 q_mean=0.579 q_max=1.000 q_above_half=3932 marked=0.191 mark_density=0.888 exp_mean=3088.5 addr_spec=3.390 addr_random=1.060 addr_full=0.0472 correct=190
  mpx-135 traj: trials=75780000 wall=503616s knowledge=0.4445 reliable=364 spec=10.13 pop=7129
  mpx-135 diag: trials=75780000 micro=8919 pop_spec=20.21 spec_max=32 q_mean=0.578 q_max=1.000 q_above_half=4008 marked=0.194 mark_density=0.890 exp_mean=3016.3 addr_spec=3.343 addr_random=1.048 addr_full=0.0461 correct=190
  mpx-135 traj: trials=75840000 wall=503673s knowledge=0.4448 reliable=362 spec=10.08 pop=7466
  mpx-135 diag: trials=75840000 micro=9316 pop_spec=19.65 spec_max=32 q_mean=0.574 q_max=1.000 q_above_half=4080 marked=0.208 mark_density=0.899 exp_mean=2884.7 addr_spec=3.205 addr_random=1.019 addr_full=0.0437 correct=190
  mpx-135 traj: trials=75900000 wall=503715s knowledge=0.4447 reliable=365 spec=10.12 pop=7066
  mpx-135 diag: trials=75900000 micro=8889 pop_spec=20.25 spec_max=32 q_mean=0.579 q_max=1.000 q_above_half=4005 marked=0.208 mark_density=0.892 exp_mean=3052.4 addr_spec=3.345 addr_random=1.050 addr_full=0.0466 correct=191
  mpx-135 traj: trials=75960000 wall=503760s knowledge=0.4446 reliable=366 spec=10.10 pop=6983
  mpx-135 diag: trials=75960000 micro=8815 pop_spec=20.32 spec_max=32 q_mean=0.580 q_max=1.000 q_above_half=3988 marked=0.208 mark_density=0.893 exp_mean=3093.1 addr_spec=3.370 addr_random=1.054 addr_full=0.0483 correct=190
  mpx-135 traj: trials=76020000 wall=503804s knowledge=0.4441 reliable=367 spec=10.15 pop=7115
  mpx-135 diag: trials=76020000 micro=8961 pop_spec=20.17 spec_max=32 q_mean=0.579 q_max=1.000 q_above_half=3980 marked=0.211 mark_density=0.894 exp_mean=3040.3 addr_spec=3.385 addr_random=1.046 addr_full=0.0481 correct=190
  mpx-135 traj: trials=76080000 wall=503847s knowledge=0.4442 reliable=367 spec=10.14 pop=7205
  mpx-135 diag: trials=76080000 micro=9007 pop_spec=20.06 spec_max=32 q_mean=0.581 q_max=1.000 q_above_half=4146 marked=0.199 mark_density=0.892 exp_mean=3006.7 addr_spec=3.351 addr_random=1.040 addr_full=0.0469 correct=191
  mpx-135 traj: trials=76140000 wall=503907s knowledge=0.4455 reliable=380 spec=10.21 pop=7240
  mpx-135 diag: trials=76140000 micro=9040 pop_spec=20.01 spec_max=32 q_mean=0.578 q_max=1.000 q_above_half=4076 marked=0.211 mark_density=0.894 exp_mean=2996.5 addr_spec=3.318 addr_random=1.038 addr_full=0.0475 correct=191
  mpx-135 traj: trials=76200000 wall=503949s knowledge=0.4452 reliable=377 spec=10.21 pop=7256
  mpx-135 diag: trials=76200000 micro=9113 pop_spec=19.89 spec_max=32 q_mean=0.578 q_max=1.000 q_above_half=4093 marked=0.219 mark_density=0.896 exp_mean=2994.1 addr_spec=3.362 addr_random=1.031 addr_full=0.0475 correct=191
  mpx-135 traj: trials=76260000 wall=504012s knowledge=0.4474 reliable=382 spec=10.21 pop=7083
  mpx-135 diag: trials=76260000 micro=8924 pop_spec=20.19 spec_max=32 q_mean=0.580 q_max=1.000 q_above_half=4050 marked=0.207 mark_density=0.892 exp_mean=3071.7 addr_spec=3.368 addr_random=1.047 addr_full=0.0481 correct=194
  mpx-135 traj: trials=76320000 wall=504067s knowledge=0.4449 reliable=374 spec=10.20 pop=7326
  mpx-135 diag: trials=76320000 micro=9174 pop_spec=20.01 spec_max=32 q_mean=0.577 q_max=1.000 q_above_half=4086 marked=0.189 mark_density=0.888 exp_mean=2954.8 addr_spec=3.285 addr_random=1.037 addr_full=0.0457 correct=192
  mpx-135 traj: trials=76380000 wall=504113s knowledge=0.4443 reliable=366 spec=10.16 pop=7039
  mpx-135 diag: trials=76380000 micro=8813 pop_spec=20.25 spec_max=32 q_mean=0.579 q_max=1.000 q_above_half=4028 marked=0.209 mark_density=0.891 exp_mean=3079.8 addr_spec=3.395 addr_random=1.050 addr_full=0.0472 correct=192
  mpx-135 traj: trials=76440000 wall=504177s knowledge=0.4446 reliable=362 spec=10.10 pop=7325
  mpx-135 diag: trials=76440000 micro=9182 pop_spec=19.89 spec_max=32 q_mean=0.576 q_max=1.000 q_above_half=4038 marked=0.214 mark_density=0.895 exp_mean=2963.9 addr_spec=3.268 addr_random=1.031 addr_full=0.0475 correct=192
  mpx-135 traj: trials=76500000 wall=504219s knowledge=0.4452 reliable=378 spec=10.18 pop=7315
  mpx-135 diag: trials=76500000 micro=9180 pop_spec=19.69 spec_max=32 q_mean=0.577 q_max=1.000 q_above_half=4092 marked=0.227 mark_density=0.901 exp_mean=2972.5 addr_spec=3.279 addr_random=1.021 addr_full=0.0470 correct=192
  mpx-135 traj: trials=76560000 wall=504264s knowledge=0.4455 reliable=378 spec=10.18 pop=6910
  mpx-135 diag: trials=76560000 micro=8784 pop_spec=20.32 spec_max=32 q_mean=0.579 q_max=1.000 q_above_half=3919 marked=0.205 mark_density=0.893 exp_mean=3151.2 addr_spec=3.365 addr_random=1.054 addr_full=0.0508 correct=192
  mpx-135 traj: trials=76620000 wall=504307s knowledge=0.4455 reliable=370 spec=10.14 pop=7004
  mpx-135 diag: trials=76620000 micro=8822 pop_spec=20.26 spec_max=32 q_mean=0.580 q_max=1.000 q_above_half=3979 marked=0.200 mark_density=0.891 exp_mean=3113.3 addr_spec=3.360 addr_random=1.050 addr_full=0.0485 correct=192
  mpx-135 traj: trials=76680000 wall=504348s knowledge=0.4466 reliable=374 spec=10.16 pop=7051
  mpx-135 diag: trials=76680000 micro=8930 pop_spec=20.13 spec_max=32 q_mean=0.578 q_max=1.000 q_above_half=3907 marked=0.217 mark_density=0.896 exp_mean=3097.2 addr_spec=3.398 addr_random=1.044 addr_full=0.0492 correct=193
  mpx-135 traj: trials=76740000 wall=504389s knowledge=0.4457 reliable=370 spec=10.15 pop=6937
  mpx-135 diag: trials=76740000 micro=8786 pop_spec=20.36 spec_max=32 q_mean=0.578 q_max=1.000 q_above_half=3871 marked=0.202 mark_density=0.891 exp_mean=3150.4 addr_spec=3.388 addr_random=1.056 addr_full=0.0483 correct=192
  mpx-135 traj: trials=76800000 wall=504435s knowledge=0.4454 reliable=371 spec=10.20 pop=6882
  mpx-135 diag: trials=76800000 micro=8780 pop_spec=20.43 spec_max=32 q_mean=0.580 q_max=1.000 q_above_half=3936 marked=0.195 mark_density=0.889 exp_mean=3180.2 addr_spec=3.414 addr_random=1.059 addr_full=0.0495 correct=192
  mpx-135 traj: trials=76860000 wall=504481s knowledge=0.4458 reliable=372 spec=10.19 pop=6920
  mpx-135 diag: trials=76860000 micro=8770 pop_spec=20.44 spec_max=32 q_mean=0.581 q_max=1.000 q_above_half=3988 marked=0.196 mark_density=0.888 exp_mean=3167.4 addr_spec=3.396 addr_random=1.060 addr_full=0.0486 correct=193
  mpx-135 traj: trials=76920000 wall=504522s knowledge=0.4459 reliable=376 spec=10.22 pop=6916
  mpx-135 diag: trials=76920000 micro=8805 pop_spec=20.33 spec_max=32 q_mean=0.577 q_max=1.000 q_above_half=3871 marked=0.205 mark_density=0.892 exp_mean=3173.8 addr_spec=3.301 addr_random=1.054 addr_full=0.0480 correct=192
  mpx-135 traj: trials=76980000 wall=504575s knowledge=0.4454 reliable=373 spec=10.21 pop=6943
  mpx-135 diag: trials=76980000 micro=8810 pop_spec=20.36 spec_max=32 q_mean=0.575 q_max=1.000 q_above_half=3829 marked=0.200 mark_density=0.890 exp_mean=3166.1 addr_spec=3.328 addr_random=1.056 addr_full=0.0480 correct=192
  mpx-135 traj: trials=77040000 wall=504619s knowledge=0.4453 reliable=375 spec=10.23 pop=6859
  mpx-135 diag: trials=77040000 micro=8745 pop_spec=20.48 spec_max=32 q_mean=0.576 q_max=1.000 q_above_half=3835 marked=0.189 mark_density=0.887 exp_mean=3209.5 addr_spec=3.328 addr_random=1.062 addr_full=0.0490 correct=192
  mpx-135 traj: trials=77100000 wall=504674s knowledge=0.4453 reliable=373 spec=10.21 pop=6982
  mpx-135 diag: trials=77100000 micro=8831 pop_spec=20.22 spec_max=32 q_mean=0.576 q_max=1.000 q_above_half=3934 marked=0.207 mark_density=0.894 exp_mean=3157.6 addr_spec=3.306 addr_random=1.048 addr_full=0.0481 correct=192
  mpx-135 traj: trials=77160000 wall=504744s knowledge=0.4454 reliable=369 spec=10.17 pop=7241
  mpx-135 diag: trials=77160000 micro=9059 pop_spec=19.95 spec_max=32 q_mean=0.574 q_max=1.000 q_above_half=4021 marked=0.187 mark_density=0.890 exp_mean=3049.1 addr_spec=3.193 addr_random=1.034 addr_full=0.0468 correct=192
  mpx-135 traj: trials=77220000 wall=504813s knowledge=0.4458 reliable=370 spec=10.15 pop=7113
  mpx-135 diag: trials=77220000 micro=9000 pop_spec=20.19 spec_max=32 q_mean=0.575 q_max=1.000 q_above_half=3950 marked=0.187 mark_density=0.889 exp_mean=3108.5 addr_spec=3.197 addr_random=1.047 addr_full=0.0474 correct=192
  mpx-135 traj: trials=77280000 wall=504859s knowledge=0.4459 reliable=375 spec=10.19 pop=7010
  mpx-135 diag: trials=77280000 micro=8861 pop_spec=20.22 spec_max=32 q_mean=0.577 q_max=1.000 q_above_half=3943 marked=0.203 mark_density=0.891 exp_mean=3158.8 addr_spec=3.291 addr_random=1.049 addr_full=0.0482 correct=192
  mpx-135 traj: trials=77340000 wall=504913s knowledge=0.4459 reliable=381 spec=10.24 pop=7230
  mpx-135 diag: trials=77340000 micro=9080 pop_spec=19.85 spec_max=32 q_mean=0.573 q_max=1.000 q_above_half=3913 marked=0.205 mark_density=0.895 exp_mean=3067.2 addr_spec=3.246 addr_random=1.029 addr_full=0.0472 correct=193
  mpx-135 traj: trials=77400000 wall=504976s knowledge=0.4461 reliable=380 spec=10.23 pop=7171
  mpx-135 diag: trials=77400000 micro=9012 pop_spec=20.16 spec_max=32 q_mean=0.576 q_max=1.000 q_above_half=3991 marked=0.201 mark_density=0.891 exp_mean=3096.9 addr_spec=3.323 addr_random=1.045 addr_full=0.0489 correct=193
  mpx-135 traj: trials=77460000 wall=505018s knowledge=0.4463 reliable=377 spec=10.19 pop=6902
  mpx-135 diag: trials=77460000 micro=8774 pop_spec=20.37 spec_max=32 q_mean=0.579 q_max=1.000 q_above_half=3919 marked=0.201 mark_density=0.888 exp_mean=3222.2 addr_spec=3.414 addr_random=1.056 addr_full=0.0498 correct=193
  mpx-135 traj: trials=77520000 wall=505095s knowledge=0.4461 reliable=365 spec=10.08 pop=7007
  mpx-135 diag: trials=77520000 micro=8872 pop_spec=20.12 spec_max=32 q_mean=0.574 q_max=1.000 q_above_half=3870 marked=0.209 mark_density=0.894 exp_mean=3178.5 addr_spec=3.242 addr_random=1.044 addr_full=0.0490 correct=193
  mpx-135 traj: trials=77580000 wall=505167s knowledge=0.4466 reliable=376 spec=10.14 pop=7076
  mpx-135 diag: trials=77580000 micro=8930 pop_spec=20.14 spec_max=32 q_mean=0.575 q_max=1.000 q_above_half=3925 marked=0.191 mark_density=0.889 exp_mean=3149.5 addr_spec=3.274 addr_random=1.045 addr_full=0.0489 correct=193
  mpx-135 traj: trials=77640000 wall=505225s knowledge=0.4469 reliable=372 spec=10.13 pop=7223
  mpx-135 diag: trials=77640000 micro=9069 pop_spec=20.04 spec_max=32 q_mean=0.575 q_max=1.000 q_above_half=3966 marked=0.200 mark_density=0.893 exp_mean=3089.8 addr_spec=3.217 addr_random=1.039 addr_full=0.0478 correct=193
  mpx-135 traj: trials=77700000 wall=505291s knowledge=0.4474 reliable=382 spec=10.20 pop=7378
  mpx-135 diag: trials=77700000 micro=9243 pop_spec=19.88 spec_max=32 q_mean=0.573 q_max=1.000 q_above_half=4011 marked=0.192 mark_density=0.890 exp_mean=3029.1 addr_spec=3.123 addr_random=1.031 addr_full=0.0469 correct=193
  mpx-135 traj: trials=77760000 wall=505340s knowledge=0.4458 reliable=384 spec=10.23 pop=7039
  mpx-135 diag: trials=77760000 micro=8901 pop_spec=20.25 spec_max=32 q_mean=0.576 q_max=1.000 q_above_half=3900 marked=0.207 mark_density=0.892 exp_mean=3179.5 addr_spec=3.298 addr_random=1.050 addr_full=0.0469 correct=192
  mpx-135 traj: trials=77820000 wall=505383s knowledge=0.4459 reliable=376 spec=10.18 pop=7015
  mpx-135 diag: trials=77820000 micro=8870 pop_spec=20.23 spec_max=32 q_mean=0.574 q_max=1.000 q_above_half=3853 marked=0.208 mark_density=0.893 exp_mean=3194.7 addr_spec=3.252 addr_random=1.049 addr_full=0.0472 correct=192
  mpx-135 traj: trials=77880000 wall=505446s knowledge=0.4463 reliable=374 spec=10.14 pop=7440
  mpx-135 diag: trials=77880000 micro=9311 pop_spec=19.77 spec_max=32 q_mean=0.571 q_max=1.000 q_above_half=3973 marked=0.208 mark_density=0.895 exp_mean=3016.6 addr_spec=3.142 addr_random=1.025 addr_full=0.0450 correct=192
  mpx-135 traj: trials=77940000 wall=505491s knowledge=0.4468 reliable=386 spec=10.21 pop=6792
  mpx-135 diag: trials=77940000 micro=8673 pop_spec=20.58 spec_max=32 q_mean=0.576 q_max=1.000 q_above_half=3772 marked=0.195 mark_density=0.888 exp_mean=3308.9 addr_spec=3.334 addr_random=1.067 addr_full=0.0484 correct=192
  mpx-135 traj: trials=78000000 wall=505554s knowledge=0.4459 reliable=392 spec=10.26 pop=7040
  mpx-135 diag: trials=78000000 micro=8923 pop_spec=20.26 spec_max=32 q_mean=0.574 q_max=1.000 q_above_half=3858 marked=0.191 mark_density=0.888 exp_mean=3196.8 addr_spec=3.231 addr_random=1.051 addr_full=0.0463 correct=192
  mpx-135 traj: trials=78060000 wall=505621s knowledge=0.4457 reliable=381 spec=10.21 pop=7366
  mpx-135 diag: trials=78060000 micro=9259 pop_spec=19.90 spec_max=32 q_mean=0.572 q_max=1.000 q_above_half=3922 marked=0.193 mark_density=0.890 exp_mean=3059.8 addr_spec=3.122 addr_random=1.032 addr_full=0.0451 correct=192
  mpx-135 traj: trials=78120000 wall=505661s knowledge=0.4454 reliable=373 spec=10.19 pop=6728
  mpx-135 diag: trials=78120000 micro=8584 pop_spec=20.64 spec_max=32 q_mean=0.578 q_max=1.000 q_above_half=3819 marked=0.186 mark_density=0.884 exp_mean=3354.6 addr_spec=3.354 addr_random=1.070 addr_full=0.0482 correct=192
  mpx-135 traj: trials=78180000 wall=505708s knowledge=0.4453 reliable=366 spec=10.11 pop=6971
  mpx-135 diag: trials=78180000 micro=8802 pop_spec=20.26 spec_max=32 q_mean=0.574 q_max=1.000 q_above_half=3814 marked=0.203 mark_density=0.892 exp_mean=3242.2 addr_spec=3.180 addr_random=1.050 addr_full=0.0471 correct=192
  mpx-135 traj: trials=78240000 wall=505773s knowledge=0.4457 reliable=366 spec=10.08 pop=7274
  mpx-135 diag: trials=78240000 micro=9158 pop_spec=19.95 spec_max=32 q_mean=0.568 q_max=1.000 q_above_half=3801 marked=0.199 mark_density=0.892 exp_mean=3111.3 addr_spec=3.152 addr_random=1.034 addr_full=0.0451 correct=192
  mpx-135 traj: trials=78300000 wall=505827s knowledge=0.4461 reliable=364 spec=10.10 pop=6941
  mpx-135 diag: trials=78300000 micro=8817 pop_spec=20.33 spec_max=32 q_mean=0.572 q_max=1.000 q_above_half=3788 marked=0.200 mark_density=0.890 exp_mean=3265.1 addr_spec=3.191 addr_random=1.054 addr_full=0.0471 correct=193
  mpx-135 traj: trials=78360000 wall=505868s knowledge=0.4448 reliable=372 spec=10.21 pop=6895
  mpx-135 diag: trials=78360000 micro=8814 pop_spec=20.21 spec_max=32 q_mean=0.574 q_max=1.000 q_above_half=3800 marked=0.205 mark_density=0.894 exp_mean=3291.4 addr_spec=3.327 addr_random=1.048 addr_full=0.0487 correct=192
  mpx-135 traj: trials=78420000 wall=505907s knowledge=0.4457 reliable=376 spec=10.19 pop=6851
  mpx-135 diag: trials=78420000 micro=8699 pop_spec=20.37 spec_max=32 q_mean=0.580 q_max=1.000 q_above_half=3852 marked=0.214 mark_density=0.892 exp_mean=3317.3 addr_spec=3.411 addr_random=1.056 addr_full=0.0492 correct=192
  mpx-135 traj: trials=78480000 wall=505949s knowledge=0.4469 reliable=382 spec=10.23 pop=6716
  mpx-135 diag: trials=78480000 micro=8641 pop_spec=20.54 spec_max=32 q_mean=0.579 q_max=1.000 q_above_half=3778 marked=0.208 mark_density=0.890 exp_mean=3388.7 addr_spec=3.427 addr_random=1.065 addr_full=0.0508 correct=193
  mpx-135 traj: trials=78540000 wall=505995s knowledge=0.4470 reliable=384 spec=10.27 pop=6872
  mpx-135 diag: trials=78540000 micro=8710 pop_spec=20.26 spec_max=32 q_mean=0.577 q_max=1.000 q_above_half=3798 marked=0.210 mark_density=0.894 exp_mean=3316.4 addr_spec=3.348 addr_random=1.051 addr_full=0.0492 correct=194
  mpx-135 traj: trials=78600000 wall=506081s knowledge=0.4470 reliable=386 spec=10.24 pop=18069
  mpx-135 diag: trials=78600000 micro=19922 pop_spec=11.68 spec_max=32 q_mean=0.541 q_max=1.000 q_above_half=9072 marked=0.311 mark_density=0.945 exp_mean=1265.0 addr_spec=1.451 addr_random=0.606 addr_full=0.0185 correct=193
  mpx-135 traj: trials=78660000 wall=506135s knowledge=0.4470 reliable=378 spec=10.21 pop=6833
  mpx-135 diag: trials=78660000 micro=8688 pop_spec=20.43 spec_max=32 q_mean=0.575 q_max=1.000 q_above_half=3826 marked=0.197 mark_density=0.888 exp_mean=3344.6 addr_spec=3.295 addr_random=1.059 addr_full=0.0490 correct=194
  mpx-135 traj: trials=78720000 wall=506221s knowledge=0.4460 reliable=380 spec=10.22 pop=7043
  mpx-135 diag: trials=78720000 micro=8886 pop_spec=20.11 spec_max=32 q_mean=0.574 q_max=1.000 q_above_half=3869 marked=0.201 mark_density=0.892 exp_mean=3249.4 addr_spec=3.166 addr_random=1.043 addr_full=0.0470 correct=192
  mpx-135 traj: trials=78780000 wall=506263s knowledge=0.4461 reliable=378 spec=10.19 pop=6750
  mpx-135 diag: trials=78780000 micro=8614 pop_spec=20.49 spec_max=32 q_mean=0.576 q_max=1.000 q_above_half=3762 marked=0.194 mark_density=0.889 exp_mean=3395.2 addr_spec=3.291 addr_random=1.063 addr_full=0.0480 correct=192
  mpx-135 traj: trials=78840000 wall=506311s knowledge=0.4460 reliable=374 spec=10.16 pop=6934
  mpx-135 diag: trials=78840000 micro=8780 pop_spec=20.18 spec_max=32 q_mean=0.573 q_max=1.000 q_above_half=3744 marked=0.195 mark_density=0.890 exp_mean=3309.8 addr_spec=3.211 addr_random=1.046 addr_full=0.0469 correct=192
  mpx-135 traj: trials=78900000 wall=506357s knowledge=0.4458 reliable=365 spec=10.13 pop=6732
  mpx-135 diag: trials=78900000 micro=8596 pop_spec=20.48 spec_max=32 q_mean=0.576 q_max=1.000 q_above_half=3756 marked=0.189 mark_density=0.888 exp_mean=3413.6 addr_spec=3.300 addr_random=1.062 addr_full=0.0493 correct=192
  mpx-135 traj: trials=78960000 wall=506431s knowledge=0.4464 reliable=368 spec=10.10 pop=7017
  mpx-135 diag: trials=78960000 micro=8858 pop_spec=20.26 spec_max=32 q_mean=0.572 q_max=1.000 q_above_half=3761 marked=0.200 mark_density=0.889 exp_mean=3279.6 addr_spec=3.171 addr_random=1.050 addr_full=0.0473 correct=193
  mpx-135 traj: trials=79020000 wall=506473s knowledge=0.4469 reliable=367 spec=10.07 pop=6731
  mpx-135 diag: trials=79020000 micro=8607 pop_spec=20.51 spec_max=32 q_mean=0.575 q_max=1.000 q_above_half=3766 marked=0.197 mark_density=0.888 exp_mean=3423.7 addr_spec=3.338 addr_random=1.064 addr_full=0.0504 correct=193
  mpx-135 traj: trials=79080000 wall=506534s knowledge=0.4470 reliable=368 spec=10.08 pop=6823
  mpx-135 diag: trials=79080000 micro=8701 pop_spec=20.44 spec_max=32 q_mean=0.572 q_max=1.000 q_above_half=3669 marked=0.187 mark_density=0.888 exp_mean=3382.2 addr_spec=3.236 addr_random=1.060 addr_full=0.0497 correct=193
  mpx-135 traj: trials=79140000 wall=506593s knowledge=0.4474 reliable=370 spec=10.11 pop=7151
  mpx-135 diag: trials=79140000 micro=9065 pop_spec=20.05 spec_max=32 q_mean=0.571 q_max=1.000 q_above_half=3821 marked=0.195 mark_density=0.891 exp_mean=3231.6 addr_spec=3.150 addr_random=1.040 addr_full=0.0453 correct=193
  mpx-135 traj: trials=79200000 wall=506633s knowledge=0.4463 reliable=365 spec=10.09 pop=6707
  mpx-135 diag: trials=79200000 micro=8565 pop_spec=20.63 spec_max=32 q_mean=0.576 q_max=1.000 q_above_half=3732 marked=0.200 mark_density=0.888 exp_mean=3450.2 addr_spec=3.302 addr_random=1.070 addr_full=0.0476 correct=193
  mpx-135 traj: trials=79260000 wall=506689s knowledge=0.4461 reliable=365 spec=10.12 pop=6927
  mpx-135 diag: trials=79260000 micro=8800 pop_spec=20.32 spec_max=32 q_mean=0.577 q_max=1.000 q_above_half=3825 marked=0.202 mark_density=0.889 exp_mean=3345.3 addr_spec=3.248 addr_random=1.054 addr_full=0.0462 correct=193
  mpx-135 traj: trials=79320000 wall=506749s knowledge=0.4461 reliable=359 spec=10.09 pop=7205
  mpx-135 diag: trials=79320000 micro=9065 pop_spec=19.93 spec_max=32 q_mean=0.573 q_max=1.000 q_above_half=4015 marked=0.207 mark_density=0.893 exp_mean=3220.8 addr_spec=3.136 addr_random=1.033 addr_full=0.0447 correct=194
  mpx-135 traj: trials=79380000 wall=506805s knowledge=0.4474 reliable=359 spec=10.06 pop=7558
  mpx-135 diag: trials=79380000 micro=9468 pop_spec=19.60 spec_max=32 q_mean=0.570 q_max=1.000 q_above_half=3954 marked=0.195 mark_density=0.893 exp_mean=3074.4 addr_spec=3.036 addr_random=1.016 addr_full=0.0425 correct=194
  mpx-135 traj: trials=79440000 wall=506847s knowledge=0.4474 reliable=354 spec=9.98 pop=6989
  mpx-135 diag: trials=79440000 micro=8836 pop_spec=20.14 spec_max=32 q_mean=0.575 q_max=1.000 q_above_half=3933 marked=0.196 mark_density=0.889 exp_mean=3329.2 addr_spec=3.193 addr_random=1.044 addr_full=0.0469 correct=195
  mpx-135 traj: trials=79500000 wall=506968s knowledge=0.4477 reliable=353 spec=9.97 pop=7419
  mpx-135 diag: trials=79500000 micro=9344 pop_spec=19.79 spec_max=32 q_mean=0.572 q_max=1.000 q_above_half=4041 marked=0.196 mark_density=0.890 exp_mean=3140.6 addr_spec=3.089 addr_random=1.026 addr_full=0.0423 correct=194
  mpx-135 traj: trials=79560000 wall=507012s knowledge=0.4478 reliable=360 spec=10.02 pop=6742
  mpx-135 diag: trials=79560000 micro=8588 pop_spec=20.61 spec_max=32 q_mean=0.576 q_max=1.000 q_above_half=3745 marked=0.199 mark_density=0.887 exp_mean=3460.7 addr_spec=3.324 addr_random=1.068 addr_full=0.0463 correct=195
  mpx-135 traj: trials=79620000 wall=507100s knowledge=0.4492 reliable=366 spec=10.07 pop=7280
  mpx-135 diag: trials=79620000 micro=9187 pop_spec=19.99 spec_max=32 q_mean=0.572 q_max=1.000 q_above_half=3960 marked=0.194 mark_density=0.889 exp_mean=3209.5 addr_spec=3.190 addr_random=1.037 addr_full=0.0441 correct=194
  mpx-135 traj: trials=79680000 wall=507151s knowledge=0.4494 reliable=371 spec=10.08 pop=7001
  mpx-135 diag: trials=79680000 micro=8880 pop_spec=20.13 spec_max=32 q_mean=0.572 q_max=1.000 q_above_half=3845 marked=0.205 mark_density=0.893 exp_mean=3342.1 addr_spec=3.214 addr_random=1.044 addr_full=0.0464 correct=194
  mpx-135 traj: trials=79740000 wall=507193s knowledge=0.4480 reliable=366 spec=10.11 pop=6931
  mpx-135 diag: trials=79740000 micro=8793 pop_spec=20.18 spec_max=32 q_mean=0.574 q_max=1.000 q_above_half=3885 marked=0.198 mark_density=0.890 exp_mean=3380.4 addr_spec=3.207 addr_random=1.046 addr_full=0.0456 correct=194
  mpx-135 traj: trials=79800000 wall=507236s knowledge=0.4473 reliable=364 spec=10.07 pop=6819
  mpx-135 diag: trials=79800000 micro=8695 pop_spec=20.41 spec_max=32 q_mean=0.572 q_max=1.000 q_above_half=3722 marked=0.187 mark_density=0.887 exp_mean=3440.2 addr_spec=3.225 addr_random=1.059 addr_full=0.0480 correct=194
  mpx-135 traj: trials=79860000 wall=507275s knowledge=0.4482 reliable=362 spec=10.05 pop=6670
  mpx-135 diag: trials=79860000 micro=8551 pop_spec=20.60 spec_max=32 q_mean=0.575 q_max=1.000 q_above_half=3711 marked=0.196 mark_density=0.888 exp_mean=3515.8 addr_spec=3.333 addr_random=1.068 addr_full=0.0474 correct=195
  mpx-135 traj: trials=79920000 wall=507334s knowledge=0.4488 reliable=361 spec=10.05 pop=7294
  mpx-135 diag: trials=79920000 micro=9202 pop_spec=19.43 spec_max=32 q_mean=0.571 q_max=1.000 q_above_half=4060 marked=0.228 mark_density=0.903 exp_mean=3219.8 addr_spec=3.022 addr_random=1.008 addr_full=0.0426 correct=195
  mpx-135 traj: trials=79980000 wall=507384s knowledge=0.4492 reliable=361 spec=10.06 pop=7460
  mpx-135 diag: trials=79980000 micro=9330 pop_spec=19.43 spec_max=32 q_mean=0.565 q_max=1.000 q_above_half=3873 marked=0.195 mark_density=0.896 exp_mean=3151.9 addr_spec=2.900 addr_random=1.007 addr_full=0.0417 correct=196
  mpx-135 traj: trials=80040000 wall=507448s knowledge=0.4485 reliable=346 spec=9.91 pop=6777
  mpx-135 diag: trials=80040000 micro=8684 pop_spec=20.43 spec_max=32 q_mean=0.566 q_max=1.000 q_above_half=3637 marked=0.187 mark_density=0.887 exp_mean=3473.1 addr_spec=3.069 addr_random=1.059 addr_full=0.0450 correct=197
  mpx-135 traj: trials=80100000 wall=507497s knowledge=0.4490 reliable=335 spec=9.80 pop=6650
  mpx-135 diag: trials=80100000 micro=8467 pop_spec=20.51 spec_max=32 q_mean=0.562 q_max=1.000 q_above_half=3430 marked=0.198 mark_density=0.891 exp_mean=3544.1 addr_spec=3.084 addr_random=1.063 addr_full=0.0450 correct=196
  mpx-135 traj: trials=80160000 wall=507549s knowledge=0.4487 reliable=329 spec=9.75 pop=6705
  mpx-135 diag: trials=80160000 micro=8528 pop_spec=20.65 spec_max=32 q_mean=0.561 q_max=1.000 q_above_half=3365 marked=0.172 mark_density=0.884 exp_mean=3519.5 addr_spec=3.034 addr_random=1.071 addr_full=0.0437 correct=196
  mpx-135 traj: trials=80220000 wall=507597s knowledge=0.4490 reliable=322 spec=9.69 pop=6795
  mpx-135 diag: trials=80220000 micro=8664 pop_spec=20.26 spec_max=32 q_mean=0.562 q_max=1.000 q_above_half=3553 marked=0.197 mark_density=0.892 exp_mean=3477.5 addr_spec=3.027 addr_random=1.051 addr_full=0.0439 correct=197
  mpx-135 traj: trials=80280000 wall=507676s knowledge=0.4488 reliable=318 spec=9.69 pop=6848
  mpx-135 diag: trials=80280000 micro=8761 pop_spec=20.11 spec_max=32 q_mean=0.558 q_max=1.000 q_above_half=3502 marked=0.205 mark_density=0.897 exp_mean=3455.1 addr_spec=2.969 addr_random=1.043 addr_full=0.0409 correct=198
  mpx-135 traj: trials=80340000 wall=507812s knowledge=0.4504 reliable=315 spec=9.62 pop=7130
  mpx-135 diag: trials=80340000 micro=9002 pop_spec=19.82 spec_max=32 q_mean=0.557 q_max=1.000 q_above_half=3603 marked=0.204 mark_density=0.896 exp_mean=3323.0 addr_spec=2.856 addr_random=1.027 addr_full=0.0403 correct=198
  mpx-135 traj: trials=80400000 wall=507921s knowledge=0.4511 reliable=319 spec=9.63 pop=7557
  mpx-135 diag: trials=80400000 micro=9423 pop_spec=19.15 spec_max=32 q_mean=0.556 q_max=1.000 q_above_half=3835 marked=0.185 mark_density=0.894 exp_mean=3139.5 addr_spec=2.685 addr_random=0.993 addr_full=0.0372 correct=197
  mpx-135 traj: trials=80460000 wall=507967s knowledge=0.4520 reliable=315 spec=9.56 pop=6454
  mpx-135 diag: trials=80460000 micro=8288 pop_spec=20.76 spec_max=32 q_mean=0.560 q_max=1.000 q_above_half=3350 marked=0.194 mark_density=0.891 exp_mean=3680.8 addr_spec=3.090 addr_random=1.077 addr_full=0.0435 correct=198
  mpx-135 traj: trials=80520000 wall=508028s knowledge=0.4507 reliable=319 spec=9.65 pop=6698
  mpx-135 diag: trials=80520000 micro=8543 pop_spec=20.45 spec_max=32 q_mean=0.559 q_max=1.000 q_above_half=3406 marked=0.196 mark_density=0.892 exp_mean=3544.5 addr_spec=3.011 addr_random=1.061 addr_full=0.0423 correct=198
  mpx-135 traj: trials=80580000 wall=508068s knowledge=0.4498 reliable=314 spec=9.63 pop=6282
  mpx-135 diag: trials=80580000 micro=8121 pop_spec=20.99 spec_max=32 q_mean=0.562 q_max=1.000 q_above_half=3282 marked=0.191 mark_density=0.889 exp_mean=3783.5 addr_spec=3.156 addr_random=1.089 addr_full=0.0446 correct=197
  mpx-135 traj: trials=80640000 wall=508279s knowledge=0.4492 reliable=311 spec=9.59 pop=8089
  mpx-135 diag: trials=80640000 micro=9937 pop_spec=19.36 spec_max=32 q_mean=0.550 q_max=1.000 q_above_half=3732 marked=0.157 mark_density=0.888 exp_mean=2942.5 addr_spec=2.589 addr_random=1.004 addr_full=0.0349 correct=197
  mpx-135 traj: trials=80700000 wall=508323s knowledge=0.4506 reliable=314 spec=9.59 pop=6600
  mpx-135 diag: trials=80700000 micro=8476 pop_spec=20.66 spec_max=32 q_mean=0.562 q_max=1.000 q_above_half=3491 marked=0.197 mark_density=0.889 exp_mean=3611.1 addr_spec=3.065 addr_random=1.071 addr_full=0.0426 correct=199
  mpx-135 traj: trials=80760000 wall=508420s knowledge=0.4512 reliable=309 spec=9.53 pop=6552
  mpx-135 diag: trials=80760000 micro=8424 pop_spec=20.70 spec_max=32 q_mean=0.561 q_max=1.000 q_above_half=3430 marked=0.195 mark_density=0.889 exp_mean=3642.4 addr_spec=3.019 addr_random=1.073 addr_full=0.0426 correct=199
  mpx-135 traj: trials=80820000 wall=508559s knowledge=0.4511 reliable=305 spec=9.48 pop=6805
  mpx-135 diag: trials=80820000 micro=8694 pop_spec=20.43 spec_max=32 q_mean=0.558 q_max=1.000 q_above_half=3506 marked=0.189 mark_density=0.889 exp_mean=3511.8 addr_spec=2.970 addr_random=1.059 addr_full=0.0416 correct=200
  mpx-135 traj: trials=80880000 wall=508643s knowledge=0.4505 reliable=304 spec=9.45 pop=6475
  mpx-135 diag: trials=80880000 micro=8322 pop_spec=20.76 spec_max=32 q_mean=0.562 q_max=1.000 q_above_half=3460 marked=0.186 mark_density=0.887 exp_mean=3695.3 addr_spec=3.069 addr_random=1.076 addr_full=0.0437 correct=198
  mpx-135 traj: trials=80940000 wall=508686s knowledge=0.4503 reliable=302 spec=9.46 pop=6360
  mpx-135 diag: trials=80940000 micro=8214 pop_spec=20.84 spec_max=32 q_mean=0.562 q_max=1.000 q_above_half=3397 marked=0.193 mark_density=0.890 exp_mean=3767.1 addr_spec=3.091 addr_random=1.080 addr_full=0.0451 correct=198
  mpx-135 traj: trials=81000000 wall=508792s knowledge=0.4519 reliable=305 spec=9.47 pop=6521
  mpx-135 diag: trials=81000000 micro=8328 pop_spec=20.65 spec_max=32 q_mean=0.560 q_max=1.000 q_above_half=3413 marked=0.182 mark_density=0.888 exp_mean=3679.1 addr_spec=3.023 addr_random=1.071 addr_full=0.0436 correct=200
  mpx-135 traj: trials=81060000 wall=508890s knowledge=0.4516 reliable=306 spec=9.48 pop=6904
  mpx-135 diag: trials=81060000 micro=8754 pop_spec=20.26 spec_max=32 q_mean=0.553 q_max=1.000 q_above_half=3434 marked=0.180 mark_density=0.888 exp_mean=3479.7 addr_spec=2.925 addr_random=1.050 addr_full=0.0413 correct=200
  mpx-135 traj: trials=81120000 wall=508980s knowledge=0.4514 reliable=302 spec=9.43 pop=6824
  mpx-135 diag: trials=81120000 micro=8684 pop_spec=20.17 spec_max=32 q_mean=0.552 q_max=1.000 q_above_half=3317 marked=0.187 mark_density=0.894 exp_mean=3525.2 addr_spec=2.885 addr_random=1.046 addr_full=0.0410 correct=199
  mpx-135 traj: trials=81180000 wall=509039s knowledge=0.4490 reliable=299 spec=9.46 pop=6824
  mpx-135 diag: trials=81180000 micro=8674 pop_spec=20.01 spec_max=32 q_mean=0.558 q_max=1.000 q_above_half=3518 marked=0.203 mark_density=0.899 exp_mean=3520.1 addr_spec=2.990 addr_random=1.038 addr_full=0.0416 correct=199
  mpx-135 traj: trials=81240000 wall=509082s knowledge=0.4483 reliable=301 spec=9.46 pop=6252
  mpx-135 diag: trials=81240000 micro=8124 pop_spec=21.07 spec_max=32 q_mean=0.561 q_max=1.000 q_above_half=3259 marked=0.191 mark_density=0.887 exp_mean=3836.3 addr_spec=3.148 addr_random=1.092 addr_full=0.0453 correct=199
  mpx-135 traj: trials=81300000 wall=509184s knowledge=0.4496 reliable=299 spec=9.41 pop=6743
  mpx-135 diag: trials=81300000 micro=8590 pop_spec=20.39 spec_max=32 q_mean=0.562 q_max=1.000 q_above_half=3590 marked=0.180 mark_density=0.887 exp_mean=3561.9 addr_spec=3.007 addr_random=1.057 addr_full=0.0412 correct=199
  mpx-135 traj: trials=81360000 wall=509225s knowledge=0.4494 reliable=296 spec=9.36 pop=6168
  mpx-135 diag: trials=81360000 micro=8077 pop_spec=21.24 spec_max=32 q_mean=0.560 q_max=1.000 q_above_half=3240 marked=0.183 mark_density=0.884 exp_mean=3899.0 addr_spec=3.174 addr_random=1.101 addr_full=0.0460 correct=200
  mpx-135 traj: trials=81420000 wall=509308s knowledge=0.4503 reliable=301 spec=9.38 pop=6732
  mpx-135 diag: trials=81420000 micro=8618 pop_spec=20.19 spec_max=32 q_mean=0.558 q_max=1.000 q_above_half=3454 marked=0.198 mark_density=0.895 exp_mean=3577.3 addr_spec=3.024 addr_random=1.047 addr_full=0.0404 correct=199
  mpx-135 traj: trials=81480000 wall=509365s knowledge=0.4497 reliable=295 spec=9.33 pop=6449
  mpx-135 diag: trials=81480000 micro=8356 pop_spec=20.75 spec_max=32 q_mean=0.561 q_max=1.000 q_above_half=3395 marked=0.179 mark_density=0.887 exp_mean=3739.1 addr_spec=3.077 addr_random=1.076 addr_full=0.0434 correct=199
  mpx-135 traj: trials=81540000 wall=509406s knowledge=0.4500 reliable=301 spec=9.35 pop=6344
  mpx-135 diag: trials=81540000 micro=8195 pop_spec=20.90 spec_max=32 q_mean=0.565 q_max=1.000 q_above_half=3398 marked=0.185 mark_density=0.887 exp_mean=3806.0 addr_spec=3.256 addr_random=1.084 addr_full=0.0446 correct=198
  mpx-135 traj: trials=81600000 wall=509484s knowledge=0.4493 reliable=297 spec=9.34 pop=6422
  mpx-135 diag: trials=81600000 micro=8284 pop_spec=20.76 spec_max=32 q_mean=0.565 q_max=1.000 q_above_half=3456 marked=0.191 mark_density=0.888 exp_mean=3764.9 addr_spec=3.206 addr_random=1.077 addr_full=0.0434 correct=198
  mpx-135 traj: trials=81660000 wall=509526s knowledge=0.4485 reliable=299 spec=9.33 pop=6448
  mpx-135 diag: trials=81660000 micro=8298 pop_spec=20.73 spec_max=32 q_mean=0.565 q_max=1.000 q_above_half=3436 marked=0.198 mark_density=0.890 exp_mean=3754.4 addr_spec=3.213 addr_random=1.075 addr_full=0.0414 correct=197
  mpx-135 traj: trials=81720000 wall=509570s knowledge=0.4488 reliable=296 spec=9.34 pop=6531
  mpx-135 diag: trials=81720000 micro=8392 pop_spec=20.66 spec_max=32 q_mean=0.569 q_max=1.000 q_above_half=3584 marked=0.199 mark_density=0.890 exp_mean=3711.7 addr_spec=3.240 addr_random=1.071 addr_full=0.0407 correct=197
  mpx-135 traj: trials=81780000 wall=509621s knowledge=0.4501 reliable=301 spec=9.34 pop=7097
  mpx-135 diag: trials=81780000 micro=8938 pop_spec=19.68 spec_max=32 q_mean=0.564 q_max=1.000 q_above_half=3784 marked=0.217 mark_density=0.899 exp_mean=3420.5 addr_spec=3.073 addr_random=1.021 addr_full=0.0389 correct=197
  mpx-135 traj: trials=81840000 wall=509729s knowledge=0.4491 reliable=297 spec=9.36 pop=6843
  mpx-135 diag: trials=81840000 micro=8679 pop_spec=20.29 spec_max=32 q_mean=0.566 q_max=1.000 q_above_half=3658 marked=0.192 mark_density=0.888 exp_mean=3551.9 addr_spec=3.139 addr_random=1.052 addr_full=0.0408 correct=197
  mpx-135 traj: trials=81900000 wall=509999s knowledge=0.4493 reliable=300 spec=9.37 pop=9373
  mpx-135 diag: trials=81900000 micro=11208 pop_spec=17.98 spec_max=32 q_mean=0.550 q_max=1.000 q_above_half=4069 marked=0.173 mark_density=0.902 exp_mean=2596.9 addr_spec=2.450 addr_random=0.932 addr_full=0.0294 correct=197
  mpx-135 traj: trials=81960000 wall=510044s knowledge=0.4497 reliable=301 spec=9.40 pop=6921
  mpx-135 diag: trials=81960000 micro=8805 pop_spec=20.29 spec_max=32 q_mean=0.567 q_max=1.000 q_above_half=3850 marked=0.192 mark_density=0.886 exp_mean=3521.3 addr_spec=3.190 addr_random=1.052 addr_full=0.0406 correct=197
  mpx-135 traj: trials=82020000 wall=510088s knowledge=0.4497 reliable=303 spec=9.43 pop=6766
  mpx-135 diag: trials=82020000 micro=8603 pop_spec=20.37 spec_max=32 q_mean=0.570 q_max=1.000 q_above_half=3748 marked=0.202 mark_density=0.890 exp_mean=3606.5 addr_spec=3.256 addr_random=1.056 addr_full=0.0412 correct=198
  mpx-135 traj: trials=82080000 wall=510147s knowledge=0.4501 reliable=305 spec=9.46 pop=6827
  mpx-135 diag: trials=82080000 micro=8657 pop_spec=20.33 spec_max=32 q_mean=0.571 q_max=1.000 q_above_half=3745 marked=0.200 mark_density=0.890 exp_mean=3579.0 addr_spec=3.209 addr_random=1.054 addr_full=0.0416 correct=200
  mpx-135 traj: trials=82140000 wall=510202s knowledge=0.4492 reliable=315 spec=9.57 pop=6845
  mpx-135 diag: trials=82140000 micro=8741 pop_spec=20.32 spec_max=32 q_mean=0.571 q_max=1.000 q_above_half=3779 marked=0.200 mark_density=0.890 exp_mean=3574.4 addr_spec=3.234 addr_random=1.054 addr_full=0.0427 correct=198
  mpx-135 traj: trials=82200000 wall=510246s knowledge=0.4495 reliable=313 spec=9.55 pop=6804
  mpx-135 diag: trials=82200000 micro=8640 pop_spec=20.34 spec_max=32 q_mean=0.570 q_max=1.000 q_above_half=3747 marked=0.197 mark_density=0.887 exp_mean=3600.4 addr_spec=3.218 addr_random=1.055 addr_full=0.0417 correct=198
  mpx-135 traj: trials=82260000 wall=510305s knowledge=0.4506 reliable=318 spec=9.57 pop=6727
  mpx-135 diag: trials=82260000 micro=8571 pop_spec=20.46 spec_max=32 q_mean=0.573 q_max=1.000 q_above_half=3788 marked=0.188 mark_density=0.886 exp_mean=3646.4 addr_spec=3.296 addr_random=1.061 addr_full=0.0430 correct=198
  mpx-135 traj: trials=82320000 wall=510348s knowledge=0.4508 reliable=323 spec=9.64 pop=6876
  mpx-135 diag: trials=82320000 micro=8770 pop_spec=20.22 spec_max=32 q_mean=0.573 q_max=1.000 q_above_half=3861 marked=0.192 mark_density=0.888 exp_mean=3572.2 addr_spec=3.266 addr_random=1.048 addr_full=0.0420 correct=198
  mpx-135 traj: trials=82380000 wall=510390s knowledge=0.4510 reliable=326 spec=9.65 pop=6620
  mpx-135 diag: trials=82380000 micro=8453 pop_spec=20.63 spec_max=32 q_mean=0.576 q_max=1.000 q_above_half=3738 marked=0.195 mark_density=0.886 exp_mean=3715.3 addr_spec=3.366 addr_random=1.069 addr_full=0.0427 correct=198
  mpx-135 traj: trials=82440000 wall=510429s knowledge=0.4506 reliable=322 spec=9.59 pop=6578
  mpx-135 diag: trials=82440000 micro=8381 pop_spec=20.58 spec_max=32 q_mean=0.577 q_max=1.000 q_above_half=3743 marked=0.199 mark_density=0.889 exp_mean=3743.9 addr_spec=3.388 addr_random=1.067 addr_full=0.0445 correct=198
  mpx-135 traj: trials=82500000 wall=510486s knowledge=0.4511 reliable=328 spec=9.66 pop=6733
  mpx-135 diag: trials=82500000 micro=8576 pop_spec=20.45 spec_max=32 q_mean=0.576 q_max=1.000 q_above_half=3802 marked=0.201 mark_density=0.888 exp_mean=3662.6 addr_spec=3.373 addr_random=1.060 addr_full=0.0437 correct=198
  mpx-135 traj: trials=82560000 wall=510529s knowledge=0.4522 reliable=330 spec=9.68 pop=6810
  mpx-135 diag: trials=82560000 micro=8668 pop_spec=20.34 spec_max=32 q_mean=0.576 q_max=1.000 q_above_half=3882 marked=0.198 mark_density=0.888 exp_mean=3625.8 addr_spec=3.398 addr_random=1.055 addr_full=0.0449 correct=199
  mpx-135 traj: trials=82620000 wall=510574s knowledge=0.4530 reliable=331 spec=9.69 pop=7065
  mpx-135 diag: trials=82620000 micro=8906 pop_spec=20.01 spec_max=32 q_mean=0.577 q_max=1.000 q_above_half=4002 marked=0.202 mark_density=0.891 exp_mean=3499.8 addr_spec=3.335 addr_random=1.038 addr_full=0.0422 correct=199
  mpx-135 traj: trials=82680000 wall=510620s knowledge=0.4501 reliable=324 spec=9.68 pop=6979
  mpx-135 diag: trials=82680000 micro=8896 pop_spec=20.23 spec_max=32 q_mean=0.579 q_max=1.000 q_above_half=3997 marked=0.197 mark_density=0.887 exp_mean=3547.2 addr_spec=3.455 addr_random=1.049 addr_full=0.0433 correct=197
  mpx-135 traj: trials=82740000 wall=510664s knowledge=0.4502 reliable=333 spec=9.74 pop=7016
  mpx-135 diag: trials=82740000 micro=8872 pop_spec=20.07 spec_max=32 q_mean=0.582 q_max=1.000 q_above_half=4073 marked=0.199 mark_density=0.890 exp_mean=3533.2 addr_spec=3.388 addr_random=1.041 addr_full=0.0425 correct=198
  mpx-135 traj: trials=82800000 wall=510706s knowledge=0.4511 reliable=342 spec=9.80 pop=7193
  mpx-135 diag: trials=82800000 micro=9052 pop_spec=19.78 spec_max=32 q_mean=0.578 q_max=1.000 q_above_half=4041 marked=0.209 mark_density=0.894 exp_mean=3450.8 addr_spec=3.347 addr_random=1.025 addr_full=0.0420 correct=198
  mpx-135 traj: trials=82860000 wall=510746s knowledge=0.4510 reliable=343 spec=9.83 pop=7071
  mpx-135 diag: trials=82860000 micro=8948 pop_spec=20.05 spec_max=32 q_mean=0.583 q_max=1.000 q_above_half=4118 marked=0.212 mark_density=0.891 exp_mean=3511.8 addr_spec=3.409 addr_random=1.039 addr_full=0.0417 correct=198
  mpx-135 traj: trials=82920000 wall=510785s knowledge=0.4513 reliable=347 spec=9.84 pop=6990
  mpx-135 diag: trials=82920000 micro=8792 pop_spec=20.16 spec_max=32 q_mean=0.586 q_max=1.000 q_above_half=4139 marked=0.213 mark_density=0.890 exp_mean=3557.1 addr_spec=3.490 addr_random=1.045 addr_full=0.0442 correct=199
  mpx-135 traj: trials=82980000 wall=510848s knowledge=0.4503 reliable=346 spec=9.87 pop=7172
  mpx-135 diag: trials=82980000 micro=9040 pop_spec=20.04 spec_max=32 q_mean=0.586 q_max=1.000 q_above_half=4232 marked=0.210 mark_density=0.889 exp_mean=3471.4 addr_spec=3.490 addr_random=1.039 addr_full=0.0435 correct=199
  mpx-135 traj: trials=83040000 wall=510888s knowledge=0.4505 reliable=342 spec=9.87 pop=7269
  mpx-135 diag: trials=83040000 micro=9124 pop_spec=19.82 spec_max=32 q_mean=0.584 q_max=1.000 q_above_half=4217 marked=0.224 mark_density=0.894 exp_mean=3427.1 addr_spec=3.444 addr_random=1.028 addr_full=0.0437 correct=199
  mpx-135 traj: trials=83100000 wall=510934s knowledge=0.4502 reliable=338 spec=9.80 pop=7438
  mpx-135 diag: trials=83100000 micro=9321 pop_spec=19.65 spec_max=32 q_mean=0.582 q_max=1.000 q_above_half=4274 marked=0.222 mark_density=0.893 exp_mean=3343.3 addr_spec=3.417 addr_random=1.019 addr_full=0.0432 correct=199
  mpx-135 traj: trials=83160000 wall=510980s knowledge=0.4499 reliable=340 spec=9.84 pop=7386
  mpx-135 diag: trials=83160000 micro=9228 pop_spec=19.76 spec_max=32 q_mean=0.587 q_max=1.000 q_above_half=4424 marked=0.228 mark_density=0.893 exp_mean=3371.2 addr_spec=3.509 addr_random=1.025 addr_full=0.0436 correct=200
  mpx-135 traj: trials=83220000 wall=511021s knowledge=0.4511 reliable=352 spec=9.95 pop=7302
  mpx-135 diag: trials=83220000 micro=9189 pop_spec=19.87 spec_max=32 q_mean=0.587 q_max=1.000 q_above_half=4351 marked=0.213 mark_density=0.890 exp_mean=3414.3 addr_spec=3.505 addr_random=1.030 addr_full=0.0437 correct=202
  mpx-135 traj: trials=83280000 wall=511062s knowledge=0.4503 reliable=359 spec=10.01 pop=7196
  mpx-135 diag: trials=83280000 micro=8978 pop_spec=19.99 spec_max=32 q_mean=0.588 q_max=1.000 q_above_half=4319 marked=0.218 mark_density=0.892 exp_mean=3469.1 addr_spec=3.493 addr_random=1.037 addr_full=0.0447 correct=201
  mpx-135 traj: trials=83340000 wall=511105s knowledge=0.4505 reliable=363 spec=10.03 pop=7266
  mpx-135 diag: trials=83340000 micro=9121 pop_spec=19.92 spec_max=32 q_mean=0.587 q_max=1.000 q_above_half=4307 marked=0.213 mark_density=0.891 exp_mean=3440.3 addr_spec=3.526 addr_random=1.033 addr_full=0.0449 correct=199
  mpx-135 traj: trials=83400000 wall=511146s knowledge=0.4509 reliable=366 spec=10.04 pop=7228
  mpx-135 diag: trials=83400000 micro=9069 pop_spec=19.93 spec_max=32 q_mean=0.586 q_max=1.000 q_above_half=4239 marked=0.221 mark_density=0.891 exp_mean=3462.9 addr_spec=3.496 addr_random=1.034 addr_full=0.0450 correct=199
  mpx-135 traj: trials=83460000 wall=511190s knowledge=0.4505 reliable=370 spec=10.11 pop=7305
  mpx-135 diag: trials=83460000 micro=9186 pop_spec=19.77 spec_max=32 q_mean=0.585 q_max=1.000 q_above_half=4293 marked=0.215 mark_density=0.891 exp_mean=3430.8 addr_spec=3.440 addr_random=1.025 addr_full=0.0439 correct=199
  mpx-135 traj: trials=83520000 wall=511254s knowledge=0.4507 reliable=354 spec=9.96 pop=7380
  mpx-135 diag: trials=83520000 micro=9247 pop_spec=19.87 spec_max=32 q_mean=0.585 q_max=1.000 q_above_half=4296 marked=0.218 mark_density=0.890 exp_mean=3400.4 addr_spec=3.458 addr_random=1.030 addr_full=0.0444 correct=199
  mpx-135 traj: trials=83580000 wall=511321s knowledge=0.4500 reliable=351 spec=9.94 pop=7523
  mpx-135 diag: trials=83580000 micro=9415 pop_spec=19.61 spec_max=32 q_mean=0.582 q_max=1.000 q_above_half=4350 marked=0.227 mark_density=0.892 exp_mean=3327.3 addr_spec=3.368 addr_random=1.017 addr_full=0.0431 correct=199
  mpx-135 traj: trials=83640000 wall=511363s knowledge=0.4493 reliable=354 spec=9.97 pop=7252
  mpx-135 diag: trials=83640000 micro=9138 pop_spec=19.93 spec_max=32 q_mean=0.583 q_max=1.000 q_above_half=4256 marked=0.220 mark_density=0.891 exp_mean=3455.8 addr_spec=3.441 addr_random=1.033 addr_full=0.0454 correct=197
  mpx-135 traj: trials=83700000 wall=511402s knowledge=0.4495 reliable=358 spec=10.03 pop=7254
  mpx-135 diag: trials=83700000 micro=9181 pop_spec=19.78 spec_max=32 q_mean=0.581 q_max=1.000 q_above_half=4162 marked=0.223 mark_density=0.895 exp_mean=3459.3 addr_spec=3.416 addr_random=1.026 addr_full=0.0441 correct=197
  mpx-135 traj: trials=83760000 wall=511441s knowledge=0.4493 reliable=351 spec=9.99 pop=7075
  mpx-135 diag: trials=83760000 micro=8959 pop_spec=20.09 spec_max=32 q_mean=0.584 q_max=1.000 q_above_half=4140 marked=0.218 mark_density=0.891 exp_mean=3551.3 addr_spec=3.504 addr_random=1.042 addr_full=0.0465 correct=197
  mpx-135 traj: trials=83820000 wall=511495s knowledge=0.4494 reliable=349 spec=9.98 pop=7092
  mpx-135 diag: trials=83820000 micro=8953 pop_spec=20.09 spec_max=32 q_mean=0.578 q_max=1.000 q_above_half=4035 marked=0.218 mark_density=0.892 exp_mean=3546.5 addr_spec=3.380 addr_random=1.042 addr_full=0.0454 correct=198
  mpx-135 traj: trials=83880000 wall=511535s knowledge=0.4496 reliable=356 spec=10.01 pop=6911
  mpx-135 diag: trials=83880000 micro=8760 pop_spec=20.20 spec_max=32 q_mean=0.579 q_max=1.000 q_above_half=3919 marked=0.212 mark_density=0.892 exp_mean=3643.9 addr_spec=3.362 addr_random=1.047 addr_full=0.0462 correct=197
  mpx-135 traj: trials=83940000 wall=511576s knowledge=0.4494 reliable=355 spec=9.99 pop=7020
  mpx-135 diag: trials=83940000 micro=8814 pop_spec=19.93 spec_max=32 q_mean=0.579 q_max=1.000 q_above_half=4044 marked=0.214 mark_density=0.893 exp_mean=3592.0 addr_spec=3.356 addr_random=1.034 addr_full=0.0464 correct=197
  mpx-135 traj: trials=84000000 wall=511618s knowledge=0.4496 reliable=362 spec=10.04 pop=7002
  mpx-135 diag: trials=84000000 micro=8811 pop_spec=20.10 spec_max=32 q_mean=0.579 q_max=1.000 q_above_half=3951 marked=0.208 mark_density=0.890 exp_mean=3605.9 addr_spec=3.428 addr_random=1.042 addr_full=0.0470 correct=197
  mpx-135 traj: trials=84060000 wall=511673s knowledge=0.4499 reliable=360 spec=10.06 pop=6990
  mpx-135 diag: trials=84060000 micro=8847 pop_spec=20.13 spec_max=32 q_mean=0.580 q_max=1.000 q_above_half=4004 marked=0.211 mark_density=0.889 exp_mean=3616.6 addr_spec=3.421 addr_random=1.044 addr_full=0.0465 correct=197
  mpx-135 traj: trials=84120000 wall=511714s knowledge=0.4510 reliable=366 spec=10.08 pop=6755
  mpx-135 diag: trials=84120000 micro=8591 pop_spec=20.52 spec_max=32 q_mean=0.582 q_max=1.000 q_above_half=3911 marked=0.205 mark_density=0.886 exp_mean=3747.2 addr_spec=3.423 addr_random=1.064 addr_full=0.0478 correct=198
  mpx-135 traj: trials=84180000 wall=511757s knowledge=0.4516 reliable=370 spec=10.11 pop=7017
  mpx-135 diag: trials=84180000 micro=8887 pop_spec=20.14 spec_max=32 q_mean=0.582 q_max=1.000 q_above_half=4025 marked=0.203 mark_density=0.887 exp_mean=3612.1 addr_spec=3.464 addr_random=1.044 addr_full=0.0480 correct=199
  mpx-135 traj: trials=84240000 wall=511810s knowledge=0.4511 reliable=367 spec=10.10 pop=7081
  mpx-135 diag: trials=84240000 micro=8957 pop_spec=20.11 spec_max=32 q_mean=0.578 q_max=1.000 q_above_half=3999 marked=0.205 mark_density=0.888 exp_mean=3583.9 addr_spec=3.327 addr_random=1.043 addr_full=0.0452 correct=198
  mpx-135 traj: trials=84300000 wall=511851s knowledge=0.4515 reliable=368 spec=10.09 pop=7052
  mpx-135 diag: trials=84300000 micro=8993 pop_spec=20.01 spec_max=32 q_mean=0.577 q_max=1.000 q_above_half=4035 marked=0.220 mark_density=0.891 exp_mean=3603.2 addr_spec=3.353 addr_random=1.038 addr_full=0.0472 correct=198
  mpx-135 traj: trials=84360000 wall=511895s knowledge=0.4511 reliable=376 spec=10.17 pop=7014
  mpx-135 diag: trials=84360000 micro=8902 pop_spec=20.06 spec_max=32 q_mean=0.579 q_max=1.000 q_above_half=4014 marked=0.208 mark_density=0.889 exp_mean=3627.4 addr_spec=3.316 addr_random=1.040 addr_full=0.0469 correct=197
  mpx-135 traj: trials=84420000 wall=511937s knowledge=0.4503 reliable=367 spec=10.11 pop=7044
  mpx-135 diag: trials=84420000 micro=8874 pop_spec=19.99 spec_max=32 q_mean=0.577 q_max=1.000 q_above_half=3899 marked=0.213 mark_density=0.891 exp_mean=3616.4 addr_spec=3.359 addr_random=1.037 addr_full=0.0473 correct=198
  mpx-135 traj: trials=84480000 wall=512170s knowledge=0.4502 reliable=368 spec=10.10 pop=7497
  mpx-135 diag: trials=84480000 micro=9340 pop_spec=19.64 spec_max=32 q_mean=0.577 q_max=1.000 q_above_half=4294 marked=0.212 mark_density=0.891 exp_mean=3402.4 addr_spec=3.178 addr_random=1.019 addr_full=0.0430 correct=197
  mpx-135 traj: trials=84540000 wall=512236s knowledge=0.4504 reliable=376 spec=10.19 pop=7126
  mpx-135 diag: trials=84540000 micro=8976 pop_spec=20.08 spec_max=32 q_mean=0.582 q_max=1.000 q_above_half=4114 marked=0.207 mark_density=0.887 exp_mean=3584.0 addr_spec=3.366 addr_random=1.041 addr_full=0.0457 correct=198
  mpx-135 traj: trials=84600000 wall=512289s knowledge=0.4517 reliable=376 spec=10.15 pop=7047
  mpx-135 diag: trials=84600000 micro=8913 pop_spec=20.06 spec_max=32 q_mean=0.582 q_max=1.000 q_above_half=4052 marked=0.209 mark_density=0.890 exp_mean=3628.8 addr_spec=3.425 addr_random=1.040 addr_full=0.0467 correct=198
  mpx-135 traj: trials=84660000 wall=512340s knowledge=0.4519 reliable=379 spec=10.18 pop=7139
  mpx-135 diag: trials=84660000 micro=8967 pop_spec=19.95 spec_max=32 q_mean=0.583 q_max=1.000 q_above_half=4116 marked=0.215 mark_density=0.890 exp_mean=3586.6 addr_spec=3.455 addr_random=1.034 addr_full=0.0473 correct=198
  mpx-135 traj: trials=84720000 wall=512380s knowledge=0.4513 reliable=384 spec=10.21 pop=7043
  mpx-135 diag: trials=84720000 micro=8889 pop_spec=20.08 spec_max=32 q_mean=0.585 q_max=1.000 q_above_half=4050 marked=0.215 mark_density=0.890 exp_mean=3640.1 addr_spec=3.488 addr_random=1.041 addr_full=0.0488 correct=197
  mpx-135 traj: trials=84780000 wall=512432s knowledge=0.4514 reliable=387 spec=10.21 pop=7408
  mpx-135 diag: trials=84780000 micro=9313 pop_spec=19.66 spec_max=32 q_mean=0.584 q_max=1.000 q_above_half=4237 marked=0.212 mark_density=0.892 exp_mean=3465.2 addr_spec=3.411 addr_random=1.019 addr_full=0.0458 correct=198
  mpx-135 traj: trials=84840000 wall=512471s knowledge=0.4508 reliable=381 spec=10.16 pop=7204
  mpx-135 diag: trials=84840000 micro=9056 pop_spec=19.84 spec_max=32 q_mean=0.586 q_max=1.000 q_above_half=4219 marked=0.223 mark_density=0.891 exp_mean=3567.9 addr_spec=3.554 addr_random=1.028 addr_full=0.0486 correct=197
  mpx-135 traj: trials=84900000 wall=512512s knowledge=0.4518 reliable=382 spec=10.16 pop=7104
  mpx-135 diag: trials=84900000 micro=8975 pop_spec=19.99 spec_max=32 q_mean=0.587 q_max=1.000 q_above_half=4170 marked=0.224 mark_density=0.892 exp_mean=3622.7 addr_spec=3.558 addr_random=1.037 addr_full=0.0494 correct=197
  mpx-135 traj: trials=84960000 wall=512580s knowledge=0.4526 reliable=387 spec=10.19 pop=7548
  mpx-135 diag: trials=84960000 micro=9452 pop_spec=19.57 spec_max=32 q_mean=0.583 q_max=1.000 q_above_half=4333 marked=0.215 mark_density=0.890 exp_mean=3413.9 addr_spec=3.367 addr_random=1.015 addr_full=0.0480 correct=197
  mpx-135 traj: trials=85020000 wall=512639s knowledge=0.4531 reliable=398 spec=10.24 pop=7482
  mpx-135 diag: trials=85020000 micro=9325 pop_spec=19.64 spec_max=32 q_mean=0.582 q_max=1.000 q_above_half=4297 marked=0.201 mark_density=0.889 exp_mean=3448.4 addr_spec=3.357 addr_random=1.018 addr_full=0.0487 correct=198
  mpx-135 traj: trials=85080000 wall=512679s knowledge=0.4527 reliable=397 spec=10.26 pop=7402
  mpx-135 diag: trials=85080000 micro=9317 pop_spec=19.36 spec_max=32 q_mean=0.584 q_max=1.000 q_above_half=4319 marked=0.220 mark_density=0.896 exp_mean=3490.2 addr_spec=3.371 addr_random=1.004 addr_full=0.0492 correct=198
  mpx-135 traj: trials=85140000 wall=512719s knowledge=0.4522 reliable=396 spec=10.27 pop=7129
  mpx-135 diag: trials=85140000 micro=9011 pop_spec=19.97 spec_max=32 q_mean=0.589 q_max=1.000 q_above_half=4204 marked=0.230 mark_density=0.891 exp_mean=3627.8 addr_spec=3.606 addr_random=1.036 addr_full=0.0520 correct=198
  mpx-135 traj: trials=85200000 wall=512761s knowledge=0.4531 reliable=394 spec=10.24 pop=7031
  mpx-135 diag: trials=85200000 micro=8865 pop_spec=20.18 spec_max=32 q_mean=0.589 q_max=1.000 q_above_half=4180 marked=0.215 mark_density=0.886 exp_mean=3683.0 addr_spec=3.628 addr_random=1.046 addr_full=0.0512 correct=198
  mpx-135 traj: trials=85260000 wall=512808s knowledge=0.4532 reliable=389 spec=10.17 pop=7146
  mpx-135 diag: trials=85260000 micro=9044 pop_spec=19.96 spec_max=32 q_mean=0.586 q_max=1.000 q_above_half=4167 marked=0.224 mark_density=0.891 exp_mean=3628.3 addr_spec=3.525 addr_random=1.035 addr_full=0.0504 correct=198
  mpx-135 traj: trials=85320000 wall=512847s knowledge=0.4536 reliable=396 spec=10.23 pop=7003
  mpx-135 diag: trials=85320000 micro=8846 pop_spec=20.03 spec_max=32 q_mean=0.586 q_max=1.000 q_above_half=4117 marked=0.220 mark_density=0.892 exp_mean=3707.0 addr_spec=3.501 addr_random=1.039 addr_full=0.0513 correct=198
  mpx-135 traj: trials=85380000 wall=512894s knowledge=0.4531 reliable=395 spec=10.23 pop=6985
  mpx-135 diag: trials=85380000 micro=8830 pop_spec=20.16 spec_max=32 q_mean=0.583 q_max=1.000 q_above_half=4035 marked=0.207 mark_density=0.886 exp_mean=3721.1 addr_spec=3.457 addr_random=1.046 addr_full=0.0514 correct=198
  mpx-135 traj: trials=85440000 wall=512960s knowledge=0.4518 reliable=392 spec=10.23 pop=7079
  mpx-135 diag: trials=85440000 micro=8978 pop_spec=19.97 spec_max=32 q_mean=0.579 q_max=1.000 q_above_half=3955 marked=0.207 mark_density=0.891 exp_mean=3676.1 addr_spec=3.389 addr_random=1.035 addr_full=0.0506 correct=197
  mpx-135 traj: trials=85500000 wall=513000s knowledge=0.4521 reliable=398 spec=10.26 pop=6908
  mpx-135 diag: trials=85500000 micro=8793 pop_spec=20.16 spec_max=32 q_mean=0.582 q_max=1.000 q_above_half=3954 marked=0.202 mark_density=0.888 exp_mean=3771.9 addr_spec=3.476 addr_random=1.045 addr_full=0.0515 correct=197
  mpx-135 traj: trials=85560000 wall=513043s knowledge=0.4515 reliable=398 spec=10.30 pop=6990
  mpx-135 diag: trials=85560000 micro=8886 pop_spec=20.02 spec_max=32 q_mean=0.583 q_max=1.000 q_above_half=4080 marked=0.207 mark_density=0.889 exp_mean=3732.1 addr_spec=3.442 addr_random=1.038 addr_full=0.0502 correct=197
  mpx-135 traj: trials=85620000 wall=513082s knowledge=0.4512 reliable=402 spec=10.34 pop=6785
  mpx-135 diag: trials=85620000 micro=8666 pop_spec=20.27 spec_max=32 q_mean=0.583 q_max=1.000 q_above_half=3921 marked=0.204 mark_density=0.887 exp_mean=3849.5 addr_spec=3.450 addr_random=1.051 addr_full=0.0510 correct=197
  mpx-135 traj: trials=85680000 wall=513137s knowledge=0.4514 reliable=404 spec=10.32 pop=7069
  mpx-135 diag: trials=85680000 micro=8969 pop_spec=20.03 spec_max=32 q_mean=0.581 q_max=1.000 q_above_half=4017 marked=0.199 mark_density=0.888 exp_mean=3699.6 addr_spec=3.420 addr_random=1.039 addr_full=0.0512 correct=197
  mpx-135 traj: trials=85740000 wall=513178s knowledge=0.4511 reliable=394 spec=10.26 pop=6895
  mpx-135 diag: trials=85740000 micro=8762 pop_spec=20.22 spec_max=32 q_mean=0.581 q_max=1.000 q_above_half=3880 marked=0.210 mark_density=0.889 exp_mean=3797.6 addr_spec=3.397 addr_random=1.048 addr_full=0.0508 correct=197
  mpx-135 traj: trials=85800000 wall=513236s knowledge=0.4514 reliable=396 spec=10.29 pop=7153
  mpx-135 diag: trials=85800000 micro=9056 pop_spec=19.88 spec_max=32 q_mean=0.581 q_max=1.000 q_above_half=4091 marked=0.208 mark_density=0.888 exp_mean=3665.2 addr_spec=3.319 addr_random=1.031 addr_full=0.0503 correct=197
  mpx-135 traj: trials=85860000 wall=513275s knowledge=0.4551 reliable=405 spec=10.27 pop=6867
  mpx-135 diag: trials=85860000 micro=8783 pop_spec=20.23 spec_max=32 q_mean=0.585 q_max=1.000 q_above_half=4018 marked=0.208 mark_density=0.888 exp_mean=3822.6 addr_spec=3.446 addr_random=1.049 addr_full=0.0527 correct=200
  mpx-135 traj: trials=85920000 wall=513331s knowledge=0.4547 reliable=405 spec=10.30 pop=6895
  mpx-135 diag: trials=85920000 micro=8831 pop_spec=20.25 spec_max=32 q_mean=0.581 q_max=1.000 q_above_half=3880 marked=0.208 mark_density=0.888 exp_mean=3811.7 addr_spec=3.429 addr_random=1.050 addr_full=0.0528 correct=199
  mpx-135 traj: trials=85980000 wall=513371s knowledge=0.4522 reliable=402 spec=10.30 pop=6813
  mpx-135 diag: trials=85980000 micro=8704 pop_spec=20.28 spec_max=32 q_mean=0.583 q_max=1.000 q_above_half=3943 marked=0.213 mark_density=0.890 exp_mean=3862.1 addr_spec=3.478 addr_random=1.051 addr_full=0.0524 correct=199
  mpx-135 traj: trials=86040000 wall=513415s knowledge=0.4521 reliable=399 spec=10.29 pop=7383
  mpx-135 diag: trials=86040000 micro=9229 pop_spec=19.21 spec_max=32 q_mean=0.577 q_max=1.000 q_above_half=4164 marked=0.235 mark_density=0.901 exp_mean=3568.7 addr_spec=3.228 addr_random=0.996 addr_full=0.0484 correct=198
  mpx-135 traj: trials=86100000 wall=513466s knowledge=0.4522 reliable=394 spec=10.24 pop=6968
  mpx-135 diag: trials=86100000 micro=8829 pop_spec=20.12 spec_max=32 q_mean=0.579 q_max=1.000 q_above_half=3918 marked=0.205 mark_density=0.888 exp_mean=3785.6 addr_spec=3.319 addr_random=1.043 addr_full=0.0512 correct=198
  mpx-135 traj: trials=86160000 wall=513531s knowledge=0.4531 reliable=397 spec=10.24 pop=7049
  mpx-135 diag: trials=86160000 micro=8919 pop_spec=19.93 spec_max=32 q_mean=0.576 q_max=1.000 q_above_half=3907 marked=0.218 mark_density=0.892 exp_mean=3746.8 addr_spec=3.313 addr_random=1.033 addr_full=0.0522 correct=199
  mpx-135 traj: trials=86220000 wall=513585s knowledge=0.4539 reliable=399 spec=10.25 pop=7348
  mpx-135 diag: trials=86220000 micro=9243 pop_spec=19.72 spec_max=32 q_mean=0.573 q_max=1.000 q_above_half=3968 marked=0.207 mark_density=0.892 exp_mean=3598.8 addr_spec=3.210 addr_random=1.023 addr_full=0.0505 correct=199
  mpx-135 traj: trials=86280000 wall=513625s knowledge=0.4528 reliable=398 spec=10.27 pop=6692
  mpx-135 diag: trials=86280000 micro=8594 pop_spec=20.48 spec_max=32 q_mean=0.577 q_max=1.000 q_above_half=3743 marked=0.217 mark_density=0.889 exp_mean=3956.2 addr_spec=3.372 addr_random=1.062 addr_full=0.0535 correct=198
  mpx-135 traj: trials=86340000 wall=513669s knowledge=0.4541 reliable=397 spec=10.25 pop=6727
  mpx-135 diag: trials=86340000 micro=8597 pop_spec=20.36 spec_max=32 q_mean=0.575 q_max=1.000 q_above_half=3704 marked=0.207 mark_density=0.888 exp_mean=3940.4 addr_spec=3.319 addr_random=1.056 addr_full=0.0535 correct=198
  mpx-135 traj: trials=86400000 wall=513716s knowledge=0.4540 reliable=395 spec=10.22 pop=6753
  mpx-135 diag: trials=86400000 micro=8679 pop_spec=20.33 spec_max=32 q_mean=0.574 q_max=1.000 q_above_half=3670 marked=0.200 mark_density=0.888 exp_mean=3930.1 addr_spec=3.292 addr_random=1.054 addr_full=0.0523 correct=198
  mpx-135 traj: trials=86460000 wall=513758s knowledge=0.4539 reliable=391 spec=10.20 pop=6718
  mpx-135 diag: trials=86460000 micro=8661 pop_spec=20.37 spec_max=32 q_mean=0.577 q_max=1.000 q_above_half=3750 marked=0.202 mark_density=0.888 exp_mean=3955.4 addr_spec=3.277 addr_random=1.056 addr_full=0.0530 correct=198
  mpx-135 traj: trials=86520000 wall=513812s knowledge=0.4541 reliable=388 spec=10.17 pop=7115
  mpx-135 diag: trials=86520000 micro=9000 pop_spec=19.80 spec_max=32 q_mean=0.575 q_max=1.000 q_above_half=3905 marked=0.203 mark_density=0.891 exp_mean=3739.5 addr_spec=3.211 addr_random=1.026 addr_full=0.0503 correct=198
  mpx-135 traj: trials=86580000 wall=513855s knowledge=0.4549 reliable=393 spec=10.19 pop=6971
  mpx-135 diag: trials=86580000 micro=8859 pop_spec=19.86 spec_max=32 q_mean=0.577 q_max=1.000 q_above_half=3916 marked=0.226 mark_density=0.897 exp_mean=3821.5 addr_spec=3.320 addr_random=1.030 addr_full=0.0508 correct=199
  mpx-135 traj: trials=86640000 wall=513905s knowledge=0.4550 reliable=393 spec=10.18 pop=6723
  mpx-135 diag: trials=86640000 micro=8618 pop_spec=20.38 spec_max=32 q_mean=0.578 q_max=1.000 q_above_half=3737 marked=0.199 mark_density=0.887 exp_mean=3967.1 addr_spec=3.411 addr_random=1.057 addr_full=0.0535 correct=199
  mpx-135 traj: trials=86700000 wall=513986s knowledge=0.4549 reliable=389 spec=10.19 pop=6856
  mpx-135 diag: trials=86700000 micro=8768 pop_spec=20.22 spec_max=32 q_mean=0.579 q_max=1.000 q_above_half=3871 marked=0.200 mark_density=0.888 exp_mean=3872.8 addr_spec=3.332 addr_random=1.049 addr_full=0.0522 correct=199
  mpx-135 traj: trials=86760000 wall=514037s knowledge=0.4556 reliable=397 spec=10.19 pop=6839
  mpx-135 diag: trials=86760000 micro=8766 pop_spec=20.24 spec_max=32 q_mean=0.580 q_max=1.000 q_above_half=3901 marked=0.206 mark_density=0.888 exp_mean=3887.2 addr_spec=3.400 addr_random=1.050 addr_full=0.0532 correct=199
  mpx-135 traj: trials=86820000 wall=514089s knowledge=0.4541 reliable=399 spec=10.25 pop=6845
  mpx-135 diag: trials=86820000 micro=8755 pop_spec=20.23 spec_max=32 q_mean=0.576 q_max=1.000 q_above_half=3838 marked=0.203 mark_density=0.888 exp_mean=3875.2 addr_spec=3.312 addr_random=1.049 addr_full=0.0533 correct=198
  mpx-135 traj: trials=86880000 wall=514137s knowledge=0.4558 reliable=412 spec=10.28 pop=6733
  mpx-135 diag: trials=86880000 micro=8625 pop_spec=20.37 spec_max=32 q_mean=0.578 q_max=1.000 q_above_half=3767 marked=0.196 mark_density=0.884 exp_mean=3944.7 addr_spec=3.342 addr_random=1.056 addr_full=0.0548 correct=198
  mpx-135 traj: trials=86940000 wall=514175s knowledge=0.4555 reliable=401 spec=10.22 pop=6583
  mpx-135 diag: trials=86940000 micro=8476 pop_spec=20.43 spec_max=32 q_mean=0.577 q_max=1.000 q_above_half=3672 marked=0.203 mark_density=0.888 exp_mean=4039.4 addr_spec=3.346 addr_random=1.059 addr_full=0.0562 correct=198
  mpx-135 traj: trials=87000000 wall=514225s knowledge=0.4565 reliable=409 spec=10.27 pop=7011
  mpx-135 diag: trials=87000000 micro=8873 pop_spec=19.96 spec_max=32 q_mean=0.572 q_max=1.000 q_above_half=3762 marked=0.203 mark_density=0.891 exp_mean=3797.6 addr_spec=3.164 addr_random=1.035 addr_full=0.0539 correct=199
  mpx-135 traj: trials=87060000 wall=514272s knowledge=0.4557 reliable=409 spec=10.30 pop=6757
  mpx-135 diag: trials=87060000 micro=8639 pop_spec=20.31 spec_max=32 q_mean=0.576 q_max=1.000 q_above_half=3767 marked=0.192 mark_density=0.886 exp_mean=3945.0 addr_spec=3.242 addr_random=1.053 addr_full=0.0543 correct=198
  mpx-135 traj: trials=87120000 wall=514339s knowledge=0.4548 reliable=407 spec=10.30 pop=6818
  mpx-135 diag: trials=87120000 micro=8692 pop_spec=20.10 spec_max=32 q_mean=0.573 q_max=1.000 q_above_half=3781 marked=0.208 mark_density=0.891 exp_mean=3914.6 addr_spec=3.198 addr_random=1.042 addr_full=0.0529 correct=199
  mpx-135 traj: trials=87180000 wall=514384s knowledge=0.4541 reliable=407 spec=10.34 pop=6594
  mpx-135 diag: trials=87180000 micro=8487 pop_spec=20.46 spec_max=32 q_mean=0.574 q_max=1.000 q_above_half=3677 marked=0.203 mark_density=0.888 exp_mean=4052.4 addr_spec=3.332 addr_random=1.061 addr_full=0.0567 correct=198
  mpx-135 traj: trials=87240000 wall=514436s knowledge=0.4541 reliable=400 spec=10.29 pop=6747
  mpx-135 diag: trials=87240000 micro=8649 pop_spec=20.30 spec_max=32 q_mean=0.574 q_max=1.000 q_above_half=3670 marked=0.186 mark_density=0.887 exp_mean=3965.3 addr_spec=3.243 addr_random=1.052 addr_full=0.0532 correct=198
  mpx-135 traj: trials=87300000 wall=514478s knowledge=0.4546 reliable=404 spec=10.32 pop=6667
  mpx-135 diag: trials=87300000 micro=8556 pop_spec=20.37 spec_max=32 q_mean=0.576 q_max=1.000 q_above_half=3697 marked=0.204 mark_density=0.889 exp_mean=4017.6 addr_spec=3.319 addr_random=1.056 addr_full=0.0549 correct=198
  mpx-135 traj: trials=87360000 wall=514520s knowledge=0.4571 reliable=407 spec=10.30 pop=6558
  mpx-135 diag: trials=87360000 micro=8462 pop_spec=20.47 spec_max=32 q_mean=0.576 q_max=1.000 q_above_half=3667 marked=0.202 mark_density=0.888 exp_mean=4089.2 addr_spec=3.349 addr_random=1.062 addr_full=0.0552 correct=200
  mpx-135 traj: trials=87420000 wall=514565s knowledge=0.4577 reliable=410 spec=10.30 pop=6470
  mpx-135 diag: trials=87420000 micro=8366 pop_spec=20.64 spec_max=32 q_mean=0.575 q_max=1.000 q_above_half=3567 marked=0.194 mark_density=0.885 exp_mean=4150.0 addr_spec=3.425 addr_random=1.070 addr_full=0.0580 correct=200
  mpx-135 traj: trials=87480000 wall=514611s knowledge=0.4574 reliable=410 spec=10.32 pop=6502
  mpx-135 diag: trials=87480000 micro=8401 pop_spec=20.50 spec_max=32 q_mean=0.572 q_max=1.000 q_above_half=3560 marked=0.198 mark_density=0.887 exp_mean=4134.6 addr_spec=3.318 addr_random=1.063 addr_full=0.0586 correct=201
  mpx-135 traj: trials=87540000 wall=514666s knowledge=0.4586 reliable=415 spec=10.29 pop=6449
  mpx-135 diag: trials=87540000 micro=8397 pop_spec=20.68 spec_max=32 q_mean=0.575 q_max=1.000 q_above_half=3557 marked=0.189 mark_density=0.885 exp_mean=4173.7 addr_spec=3.352 addr_random=1.072 addr_full=0.0574 correct=200
  mpx-135 traj: trials=87600000 wall=514714s knowledge=0.4589 reliable=410 spec=10.26 pop=6673
  mpx-135 diag: trials=87600000 micro=8583 pop_spec=20.20 spec_max=32 q_mean=0.571 q_max=1.000 q_above_half=3650 marked=0.188 mark_density=0.887 exp_mean=4038.7 addr_spec=3.227 addr_random=1.048 addr_full=0.0542 correct=201
  mpx-135 traj: trials=87660000 wall=514774s knowledge=0.4597 reliable=407 spec=10.23 pop=6588
  mpx-135 diag: trials=87660000 micro=8543 pop_spec=20.38 spec_max=32 q_mean=0.570 q_max=1.000 q_above_half=3511 marked=0.205 mark_density=0.890 exp_mean=4095.8 addr_spec=3.247 addr_random=1.057 addr_full=0.0574 correct=202
  mpx-135 traj: trials=87720000 wall=514813s knowledge=0.4590 reliable=402 spec=10.19 pop=6411
  mpx-135 diag: trials=87720000 micro=8311 pop_spec=20.54 spec_max=32 q_mean=0.573 q_max=1.000 q_above_half=3555 marked=0.203 mark_density=0.890 exp_mean=4213.6 addr_spec=3.212 addr_random=1.065 addr_full=0.0552 correct=201
  mpx-135 traj: trials=87780000 wall=514856s knowledge=0.4590 reliable=398 spec=10.17 pop=6507
  mpx-135 diag: trials=87780000 micro=8380 pop_spec=20.18 spec_max=32 q_mean=0.568 q_max=1.000 q_above_half=3440 marked=0.204 mark_density=0.894 exp_mean=4156.5 addr_spec=3.189 addr_random=1.046 addr_full=0.0546 correct=201
  mpx-135 traj: trials=87840000 wall=514895s knowledge=0.4614 reliable=398 spec=10.14 pop=6283
  mpx-135 diag: trials=87840000 micro=8180 pop_spec=20.63 spec_max=32 q_mean=0.569 q_max=1.000 q_above_half=3376 marked=0.204 mark_density=0.891 exp_mean=4309.9 addr_spec=3.222 addr_random=1.070 addr_full=0.0587 correct=203
  mpx-135 traj: trials=87900000 wall=514989s knowledge=0.4603 reliable=393 spec=10.16 pop=6304
  mpx-135 diag: trials=87900000 micro=8192 pop_spec=20.75 spec_max=32 q_mean=0.566 q_max=1.000 q_above_half=3373 marked=0.196 mark_density=0.887 exp_mean=4300.2 addr_spec=3.167 addr_random=1.076 addr_full=0.0565 correct=203
  mpx-135 traj: trials=87960000 wall=515028s knowledge=0.4598 reliable=390 spec=10.13 pop=6090
  mpx-135 diag: trials=87960000 micro=8030 pop_spec=21.07 spec_max=32 q_mean=0.566 q_max=1.000 q_above_half=3190 marked=0.188 mark_density=0.884 exp_mean=4456.5 addr_spec=3.268 addr_random=1.092 addr_full=0.0581 correct=201
  mpx-135 traj: trials=88020000 wall=515105s knowledge=0.4589 reliable=392 spec=10.11 pop=6510
  mpx-135 diag: trials=88020000 micro=8459 pop_spec=20.46 spec_max=32 q_mean=0.564 q_max=1.000 q_above_half=3421 marked=0.187 mark_density=0.886 exp_mean=4174.0 addr_spec=3.052 addr_random=1.061 addr_full=0.0531 correct=200
  mpx-135 traj: trials=88080000 wall=515236s knowledge=0.4571 reliable=380 spec=10.06 pop=7036
  mpx-135 diag: trials=88080000 micro=8951 pop_spec=20.04 spec_max=32 q_mean=0.558 q_max=1.000 q_above_half=3453 marked=0.167 mark_density=0.882 exp_mean=3866.2 addr_spec=2.922 addr_random=1.039 addr_full=0.0482 correct=200
  mpx-135 traj: trials=88140000 wall=515284s knowledge=0.4566 reliable=377 spec=10.04 pop=6297
  mpx-135 diag: trials=88140000 micro=8199 pop_spec=20.83 spec_max=32 q_mean=0.564 q_max=1.000 q_above_half=3319 marked=0.189 mark_density=0.884 exp_mean=4325.0 addr_spec=3.151 addr_random=1.080 addr_full=0.0535 correct=199
  mpx-135 traj: trials=88200000 wall=515358s knowledge=0.4565 reliable=372 spec=10.00 pop=6289
  mpx-135 diag: trials=88200000 micro=8219 pop_spec=20.80 spec_max=32 q_mean=0.565 q_max=1.000 q_above_half=3356 marked=0.190 mark_density=0.886 exp_mean=4335.9 addr_spec=3.139 addr_random=1.079 addr_full=0.0523 correct=200
  mpx-135 traj: trials=88260000 wall=515430s knowledge=0.4565 reliable=371 spec=10.00 pop=6201
  mpx-135 diag: trials=88260000 micro=8134 pop_spec=20.95 spec_max=32 q_mean=0.565 q_max=1.000 q_above_half=3223 marked=0.186 mark_density=0.884 exp_mean=4402.6 addr_spec=3.239 addr_random=1.086 addr_full=0.0547 correct=199
  mpx-135 traj: trials=88320000 wall=515473s knowledge=0.4565 reliable=370 spec=10.00 pop=6318
  mpx-135 diag: trials=88320000 micro=8197 pop_spec=20.76 spec_max=32 q_mean=0.565 q_max=1.000 q_above_half=3296 marked=0.190 mark_density=0.885 exp_mean=4326.3 addr_spec=3.133 addr_random=1.076 addr_full=0.0541 correct=199
  mpx-135 traj: trials=88380000 wall=515516s knowledge=0.4566 reliable=370 spec=10.00 pop=6128
  mpx-135 diag: trials=88380000 micro=8037 pop_spec=21.01 spec_max=32 q_mean=0.567 q_max=1.000 q_above_half=3235 marked=0.182 mark_density=0.882 exp_mean=4465.4 addr_spec=3.230 addr_random=1.090 addr_full=0.0543 correct=199
  mpx-135 traj: trials=88440000 wall=515582s knowledge=0.4565 reliable=363 spec=9.95 pop=6508
  mpx-135 diag: trials=88440000 micro=8405 pop_spec=20.51 spec_max=32 q_mean=0.562 q_max=1.000 q_above_half=3320 marked=0.182 mark_density=0.885 exp_mean=4209.7 addr_spec=3.100 addr_random=1.063 addr_full=0.0512 correct=199
  mpx-135 traj: trials=88500000 wall=515642s knowledge=0.4565 reliable=364 spec=9.95 pop=6758
  mpx-135 diag: trials=88500000 micro=8643 pop_spec=20.14 spec_max=32 q_mean=0.561 q_max=1.000 q_above_half=3417 marked=0.184 mark_density=0.887 exp_mean=4058.9 addr_spec=2.975 addr_random=1.044 addr_full=0.0490 correct=199
  mpx-135 traj: trials=88560000 wall=515743s knowledge=0.4565 reliable=360 spec=9.93 pop=6479
  mpx-135 diag: trials=88560000 micro=8384 pop_spec=20.54 spec_max=32 q_mean=0.563 q_max=1.000 q_above_half=3436 marked=0.194 mark_density=0.886 exp_mean=4238.7 addr_spec=3.101 addr_random=1.065 addr_full=0.0522 correct=200
  mpx-135 traj: trials=88620000 wall=515816s knowledge=0.4581 reliable=362 spec=9.89 pop=6375
  mpx-135 diag: trials=88620000 micro=8281 pop_spec=20.66 spec_max=32 q_mean=0.564 q_max=1.000 q_above_half=3366 marked=0.200 mark_density=0.888 exp_mean=4313.0 addr_spec=3.101 addr_random=1.071 addr_full=0.0522 correct=201
  mpx-135 traj: trials=88680000 wall=515874s knowledge=0.4584 reliable=364 spec=9.89 pop=6553
  mpx-135 diag: trials=88680000 micro=8486 pop_spec=20.40 spec_max=32 q_mean=0.562 q_max=1.000 q_above_half=3367 marked=0.188 mark_density=0.886 exp_mean=4200.9 addr_spec=3.042 addr_random=1.058 addr_full=0.0520 correct=202
  mpx-135 traj: trials=88740000 wall=515917s knowledge=0.4578 reliable=360 spec=9.87 pop=6296
  mpx-135 diag: trials=88740000 micro=8238 pop_spec=20.80 spec_max=32 q_mean=0.564 q_max=1.000 q_above_half=3287 marked=0.187 mark_density=0.885 exp_mean=4377.5 addr_spec=3.180 addr_random=1.078 addr_full=0.0530 correct=201
  mpx-135 traj: trials=88800000 wall=515962s knowledge=0.4577 reliable=362 spec=9.89 pop=6458
  mpx-135 diag: trials=88800000 micro=8398 pop_spec=20.34 spec_max=32 q_mean=0.567 q_max=1.000 q_above_half=3474 marked=0.202 mark_density=0.891 exp_mean=4273.0 addr_spec=3.144 addr_random=1.054 addr_full=0.0530 correct=201
  mpx-135 traj: trials=88860000 wall=516005s knowledge=0.4585 reliable=359 spec=9.86 pop=8096
  mpx-135 diag: trials=88860000 micro=10037 pop_spec=17.22 spec_max=32 q_mean=0.554 q_max=1.000 q_above_half=4169 marked=0.256 mark_density=0.919 exp_mean=3413.2 addr_spec=2.566 addr_random=0.893 addr_full=0.0417 correct=202
  mpx-135 traj: trials=88920000 wall=516057s knowledge=0.4597 reliable=360 spec=9.83 pop=6404
  mpx-135 diag: trials=88920000 micro=8343 pop_spec=20.65 spec_max=32 q_mean=0.566 q_max=1.000 q_above_half=3335 marked=0.185 mark_density=0.884 exp_mean=4319.2 addr_spec=3.166 addr_random=1.071 addr_full=0.0539 correct=203
  mpx-135 traj: trials=88980000 wall=516106s knowledge=0.4606 reliable=361 spec=9.80 pop=6695
  mpx-135 diag: trials=88980000 micro=8620 pop_spec=19.94 spec_max=32 q_mean=0.566 q_max=1.000 q_above_half=3606 marked=0.208 mark_density=0.894 exp_mean=4136.6 addr_spec=3.054 addr_random=1.034 addr_full=0.0514 correct=202
  mpx-135 traj: trials=89040000 wall=516150s knowledge=0.4595 reliable=362 spec=9.85 pop=6273
  mpx-135 diag: trials=89040000 micro=8222 pop_spec=20.74 spec_max=32 q_mean=0.567 q_max=1.000 q_above_half=3327 marked=0.197 mark_density=0.888 exp_mean=4418.1 addr_spec=3.220 addr_random=1.075 addr_full=0.0544 correct=201
  mpx-135 traj: trials=89100000 wall=516214s knowledge=0.4604 reliable=365 spec=9.87 pop=6382
  mpx-135 diag: trials=89100000 micro=8342 pop_spec=20.61 spec_max=32 q_mean=0.565 q_max=1.000 q_above_half=3401 marked=0.195 mark_density=0.887 exp_mean=4347.9 addr_spec=3.153 addr_random=1.069 addr_full=0.0522 correct=201
  mpx-135 traj: trials=89160000 wall=516372s knowledge=0.4626 reliable=367 spec=9.86 pop=7131
  mpx-135 diag: trials=89160000 micro=9057 pop_spec=19.88 spec_max=32 q_mean=0.562 q_max=1.000 q_above_half=3616 marked=0.175 mark_density=0.884 exp_mean=3896.0 addr_spec=2.907 addr_random=1.031 addr_full=0.0485 correct=205
  mpx-135 traj: trials=89220000 wall=516412s knowledge=0.4610 reliable=363 spec=9.88 pop=6300
  mpx-135 diag: trials=89220000 micro=8194 pop_spec=20.76 spec_max=32 q_mean=0.567 q_max=1.000 q_above_half=3359 marked=0.194 mark_density=0.885 exp_mean=4414.2 addr_spec=3.217 addr_random=1.076 addr_full=0.0530 correct=203
  mpx-135 traj: trials=89280000 wall=516486s knowledge=0.4612 reliable=359 spec=9.84 pop=6539
  mpx-135 diag: trials=89280000 micro=8411 pop_spec=20.45 spec_max=32 q_mean=0.568 q_max=1.000 q_above_half=3456 marked=0.184 mark_density=0.885 exp_mean=4258.0 addr_spec=3.127 addr_random=1.061 addr_full=0.0517 correct=203
  mpx-135 traj: trials=89340000 wall=516553s knowledge=0.4604 reliable=356 spec=9.85 pop=6616
  mpx-135 diag: trials=89340000 micro=8523 pop_spec=20.41 spec_max=32 q_mean=0.564 q_max=1.000 q_above_half=3397 marked=0.181 mark_density=0.884 exp_mean=4213.2 addr_spec=3.106 addr_random=1.058 addr_full=0.0520 correct=203
  mpx-135 traj: trials=89400000 wall=516592s knowledge=0.4592 reliable=356 spec=9.88 pop=6204
  mpx-135 diag: trials=89400000 micro=8110 pop_spec=20.89 spec_max=32 q_mean=0.566 q_max=1.000 q_above_half=3262 marked=0.195 mark_density=0.884 exp_mean=4498.1 addr_spec=3.241 addr_random=1.083 addr_full=0.0554 correct=202
  mpx-135 traj: trials=89460000 wall=516765s knowledge=0.4603 reliable=365 spec=9.93 pop=7215
  mpx-135 diag: trials=89460000 micro=9131 pop_spec=19.76 spec_max=32 q_mean=0.562 q_max=1.000 q_above_half=3665 marked=0.188 mark_density=0.887 exp_mean=3872.4 addr_spec=2.956 addr_random=1.025 addr_full=0.0466 correct=202
  mpx-135 traj: trials=89520000 wall=516848s knowledge=0.4602 reliable=359 spec=9.88 pop=6616
  mpx-135 diag: trials=89520000 micro=8538 pop_spec=20.34 spec_max=32 q_mean=0.562 q_max=1.000 q_above_half=3485 marked=0.192 mark_density=0.886 exp_mean=4227.9 addr_spec=3.105 addr_random=1.055 addr_full=0.0499 correct=202
  mpx-135 traj: trials=89580000 wall=516927s knowledge=0.4610 reliable=363 spec=9.90 pop=6734
  mpx-135 diag: trials=89580000 micro=8662 pop_spec=20.13 spec_max=32 q_mean=0.561 q_max=1.000 q_above_half=3413 marked=0.189 mark_density=0.889 exp_mean=4158.5 addr_spec=2.971 addr_random=1.044 addr_full=0.0496 correct=204
  mpx-135 traj: trials=89640000 wall=516967s knowledge=0.4598 reliable=349 spec=9.81 pop=6309
  mpx-135 diag: trials=89640000 micro=8226 pop_spec=20.45 spec_max=32 q_mean=0.562 q_max=1.000 q_above_half=3336 marked=0.192 mark_density=0.889 exp_mean=4422.2 addr_spec=3.086 addr_random=1.060 addr_full=0.0521 correct=204
  mpx-135 traj: trials=89700000 wall=517021s knowledge=0.4597 reliable=349 spec=9.79 pop=6278
  mpx-135 diag: trials=89700000 micro=8175 pop_spec=20.68 spec_max=32 q_mean=0.563 q_max=1.000 q_above_half=3321 marked=0.193 mark_density=0.886 exp_mean=4449.1 addr_spec=3.148 addr_random=1.072 addr_full=0.0519 correct=203
  mpx-135 traj: trials=89760000 wall=517082s knowledge=0.4598 reliable=340 spec=9.69 pop=5994
  mpx-135 diag: trials=89760000 micro=7902 pop_spec=21.16 spec_max=32 q_mean=0.561 q_max=1.000 q_above_half=3104 marked=0.188 mark_density=0.883 exp_mean=4665.2 addr_spec=3.166 addr_random=1.097 addr_full=0.0526 correct=205
  mpx-135 traj: trials=89820000 wall=517122s knowledge=0.4600 reliable=341 spec=9.72 pop=6068
  mpx-135 diag: trials=89820000 micro=7960 pop_spec=20.87 spec_max=32 q_mean=0.562 q_max=1.000 q_above_half=3208 marked=0.201 mark_density=0.889 exp_mean=4613.9 addr_spec=3.111 addr_random=1.082 addr_full=0.0517 correct=203
  mpx-135 traj: trials=89880000 wall=517167s knowledge=0.4593 reliable=338 spec=9.72 pop=6069
  mpx-135 diag: trials=89880000 micro=7924 pop_spec=20.93 spec_max=32 q_mean=0.557 q_max=1.000 q_above_half=3054 marked=0.203 mark_density=0.889 exp_mean=4618.5 addr_spec=3.052 addr_random=1.085 addr_full=0.0501 correct=203
  mpx-135 traj: trials=89940000 wall=517211s knowledge=0.4599 reliable=337 spec=9.70 pop=6049
  mpx-135 diag: trials=89940000 micro=7920 pop_spec=21.00 spec_max=32 q_mean=0.558 q_max=1.000 q_above_half=3086 marked=0.186 mark_density=0.884 exp_mean=4639.3 addr_spec=3.099 addr_random=1.089 addr_full=0.0508 correct=203
  mpx-135 traj: trials=90000000 wall=517292s knowledge=0.4597 reliable=334 spec=9.65 pop=6519
  mpx-135 diag: trials=90000000 micro=8422 pop_spec=20.32 spec_max=32 q_mean=0.551 q_max=1.000 q_above_half=3108 marked=0.182 mark_density=0.888 exp_mean=4286.4 addr_spec=2.838 addr_random=1.054 addr_full=0.0472 correct=203
  mpx-135 traj: trials=90060000 wall=517357s knowledge=0.4587 reliable=328 spec=9.62 pop=5993
  mpx-135 diag: trials=90060000 micro=7910 pop_spec=21.20 spec_max=32 q_mean=0.556 q_max=1.000 q_above_half=3069 marked=0.186 mark_density=0.881 exp_mean=4638.5 addr_spec=3.088 addr_random=1.099 addr_full=0.0504 correct=204
  mpx-135 traj: trials=90120000 wall=517473s knowledge=0.4584 reliable=328 spec=9.62 pop=6388
  mpx-135 diag: trials=90120000 micro=8305 pop_spec=20.66 spec_max=32 q_mean=0.553 q_max=1.000 q_above_half=3207 marked=0.175 mark_density=0.880 exp_mean=4357.0 addr_spec=3.026 addr_random=1.071 addr_full=0.0473 correct=205
  mpx-135 traj: trials=90180000 wall=517520s knowledge=0.4587 reliable=329 spec=9.63 pop=6240
  mpx-135 diag: trials=90180000 micro=8141 pop_spec=20.75 spec_max=32 q_mean=0.555 q_max=1.000 q_above_half=3198 marked=0.190 mark_density=0.885 exp_mean=4465.6 addr_spec=3.016 addr_random=1.076 addr_full=0.0497 correct=204
  mpx-135 traj: trials=90240000 wall=517596s knowledge=0.4597 reliable=330 spec=9.60 pop=6460
  mpx-135 diag: trials=90240000 micro=8327 pop_spec=20.54 spec_max=32 q_mean=0.553 q_max=1.000 q_above_half=3104 marked=0.174 mark_density=0.883 exp_mean=4318.7 addr_spec=2.952 addr_random=1.065 addr_full=0.0466 correct=204
  mpx-135 traj: trials=90300000 wall=517640s knowledge=0.4602 reliable=327 spec=9.60 pop=6038
  mpx-135 diag: trials=90300000 micro=7982 pop_spec=21.10 spec_max=32 q_mean=0.557 q_max=1.000 q_above_half=3016 marked=0.177 mark_density=0.880 exp_mean=4625.9 addr_spec=3.130 addr_random=1.094 addr_full=0.0492 correct=205
  mpx-135 traj: trials=90360000 wall=517681s knowledge=0.4618 reliable=333 spec=9.61 pop=5958
  mpx-135 diag: trials=90360000 micro=7860 pop_spec=21.18 spec_max=32 q_mean=0.560 q_max=1.000 q_above_half=3059 marked=0.182 mark_density=0.881 exp_mean=4693.6 addr_spec=3.105 addr_random=1.098 addr_full=0.0504 correct=206
  mpx-135 traj: trials=90420000 wall=517733s knowledge=0.4608 reliable=331 spec=9.63 pop=6352
  mpx-135 diag: trials=90420000 micro=8280 pop_spec=20.50 spec_max=32 q_mean=0.556 q_max=1.000 q_above_half=3200 marked=0.182 mark_density=0.885 exp_mean=4407.6 addr_spec=2.911 addr_random=1.063 addr_full=0.0464 correct=206
  mpx-135 traj: trials=90480000 wall=517787s knowledge=0.4623 reliable=328 spec=9.56 pop=6219
  mpx-135 diag: trials=90480000 micro=8044 pop_spec=20.72 spec_max=32 q_mean=0.556 q_max=1.000 q_above_half=3168 marked=0.183 mark_density=0.885 exp_mean=4507.2 addr_spec=3.054 addr_random=1.074 addr_full=0.0500 correct=206
  mpx-135 traj: trials=90540000 wall=517895s knowledge=0.4625 reliable=325 spec=9.52 pop=6502
  mpx-135 diag: trials=90540000 micro=8383 pop_spec=20.49 spec_max=32 q_mean=0.556 q_max=1.000 q_above_half=3276 marked=0.173 mark_density=0.881 exp_mean=4316.0 addr_spec=2.894 addr_random=1.062 addr_full=0.0464 correct=206
  mpx-135 traj: trials=90600000 wall=517946s knowledge=0.4637 reliable=325 spec=9.52 pop=6080
  mpx-135 diag: trials=90600000 micro=7973 pop_spec=20.91 spec_max=32 q_mean=0.557 q_max=1.000 q_above_half=3087 marked=0.190 mark_density=0.885 exp_mean=4620.8 addr_spec=3.081 addr_random=1.084 addr_full=0.0503 correct=206
  mpx-135 traj: trials=90660000 wall=518125s knowledge=0.4623 reliable=327 spec=9.55 pop=6525
  mpx-135 diag: trials=90660000 micro=8441 pop_spec=20.49 spec_max=32 q_mean=0.553 q_max=1.000 q_above_half=3115 marked=0.173 mark_density=0.882 exp_mean=4310.7 addr_spec=2.883 addr_random=1.062 addr_full=0.0457 correct=206
  mpx-135 traj: trials=90720000 wall=518173s knowledge=0.4613 reliable=325 spec=9.56 pop=6364
  mpx-135 diag: trials=90720000 micro=8237 pop_spec=20.52 spec_max=32 q_mean=0.555 q_max=1.000 q_above_half=3172 marked=0.177 mark_density=0.884 exp_mean=4424.9 addr_spec=2.964 addr_random=1.064 addr_full=0.0464 correct=205
  mpx-135 traj: trials=90780000 wall=518223s knowledge=0.4611 reliable=323 spec=9.54 pop=6031
  mpx-135 diag: trials=90780000 micro=7909 pop_spec=20.97 spec_max=32 q_mean=0.558 q_max=1.000 q_above_half=3137 marked=0.185 mark_density=0.883 exp_mean=4674.6 addr_spec=3.085 addr_random=1.088 addr_full=0.0491 correct=205
  mpx-135 traj: trials=90840000 wall=518265s knowledge=0.4614 reliable=323 spec=9.52 pop=5907
  mpx-135 diag: trials=90840000 micro=7832 pop_spec=21.15 spec_max=32 q_mean=0.555 q_max=1.000 q_above_half=2891 marked=0.196 mark_density=0.887 exp_mean=4778.4 addr_spec=3.121 addr_random=1.097 addr_full=0.0504 correct=206
  mpx-135 traj: trials=90900000 wall=518337s knowledge=0.4606 reliable=317 spec=9.47 pop=6103
  mpx-135 diag: trials=90900000 micro=8029 pop_spec=20.83 spec_max=32 q_mean=0.558 q_max=1.000 q_above_half=3185 marked=0.197 mark_density=0.887 exp_mean=4630.2 addr_spec=3.099 addr_random=1.080 addr_full=0.0487 correct=206
  mpx-135 traj: trials=90960000 wall=518462s knowledge=0.4603 reliable=317 spec=9.48 pop=6497
  mpx-135 diag: trials=90960000 micro=8361 pop_spec=20.29 spec_max=32 q_mean=0.556 q_max=1.000 q_above_half=3369 marked=0.205 mark_density=0.891 exp_mean=4354.6 addr_spec=2.895 addr_random=1.052 addr_full=0.0466 correct=208
  mpx-135 traj: trials=91020000 wall=518505s knowledge=0.4605 reliable=320 spec=9.45 pop=5887
  mpx-135 diag: trials=91020000 micro=7797 pop_spec=21.25 spec_max=32 q_mean=0.558 q_max=1.000 q_above_half=3043 marked=0.182 mark_density=0.880 exp_mean=4809.3 addr_spec=3.116 addr_random=1.102 addr_full=0.0503 correct=207
  mpx-135 traj: trials=91080000 wall=518718s knowledge=0.4606 reliable=318 spec=9.42 pop=6053
  mpx-135 diag: trials=91080000 micro=7965 pop_spec=21.09 spec_max=32 q_mean=0.555 q_max=1.000 q_above_half=3070 marked=0.184 mark_density=0.881 exp_mean=4682.9 addr_spec=3.046 addr_random=1.094 addr_full=0.0482 correct=207
  mpx-135 traj: trials=91140000 wall=518756s knowledge=0.4596 reliable=314 spec=9.44 pop=5960
  mpx-135 diag: trials=91140000 micro=7865 pop_spec=21.00 spec_max=32 q_mean=0.557 q_max=1.000 q_above_half=3075 marked=0.199 mark_density=0.887 exp_mean=4745.6 addr_spec=3.086 addr_random=1.089 addr_full=0.0493 correct=207
  mpx-135 traj: trials=91200000 wall=518859s knowledge=0.4592 reliable=313 spec=9.43 pop=6402
  mpx-135 diag: trials=91200000 micro=8333 pop_spec=20.36 spec_max=32 q_mean=0.554 q_max=1.000 q_above_half=3300 marked=0.201 mark_density=0.891 exp_mean=4423.3 addr_spec=2.920 addr_random=1.056 addr_full=0.0453 correct=208
  mpx-135 traj: trials=91260000 wall=518938s knowledge=0.4602 reliable=311 spec=9.40 pop=6311
  mpx-135 diag: trials=91260000 micro=8210 pop_spec=20.68 spec_max=32 q_mean=0.554 q_max=1.000 q_above_half=3120 marked=0.174 mark_density=0.880 exp_mean=4492.2 addr_spec=2.986 addr_random=1.072 addr_full=0.0456 correct=207
  mpx-135 traj: trials=91320000 wall=518997s knowledge=0.4602 reliable=310 spec=9.38 pop=6042
  mpx-135 diag: trials=91320000 micro=7920 pop_spec=20.94 spec_max=32 q_mean=0.555 q_max=1.000 q_above_half=3089 marked=0.196 mark_density=0.887 exp_mean=4697.7 addr_spec=3.057 addr_random=1.086 addr_full=0.0468 correct=207
  mpx-135 traj: trials=91380000 wall=519036s knowledge=0.4598 reliable=313 spec=9.40 pop=5812
  mpx-135 diag: trials=91380000 micro=7703 pop_spec=21.26 spec_max=32 q_mean=0.557 q_max=1.000 q_above_half=2979 marked=0.191 mark_density=0.883 exp_mean=4889.3 addr_spec=3.138 addr_random=1.102 addr_full=0.0501 correct=207
  mpx-135 traj: trials=91440000 wall=519109s knowledge=0.4602 reliable=313 spec=9.39 pop=5987
  mpx-135 diag: trials=91440000 micro=7889 pop_spec=21.04 spec_max=32 q_mean=0.556 q_max=1.000 q_above_half=3072 marked=0.199 mark_density=0.887 exp_mean=4752.1 addr_spec=3.035 addr_random=1.091 addr_full=0.0469 correct=207
  mpx-135 traj: trials=91500000 wall=519171s knowledge=0.4610 reliable=310 spec=9.25 pop=6257
  mpx-135 diag: trials=91500000 micro=8123 pop_spec=20.60 spec_max=32 q_mean=0.558 q_max=1.000 q_above_half=3207 marked=0.197 mark_density=0.888 exp_mean=4552.2 addr_spec=2.985 addr_random=1.068 addr_full=0.0470 correct=207
  mpx-135 traj: trials=91560000 wall=519277s knowledge=0.4602 reliable=306 spec=9.30 pop=6903
  mpx-135 diag: trials=91560000 micro=8795 pop_spec=20.01 spec_max=32 q_mean=0.550 q_max=1.000 q_above_half=3221 marked=0.173 mark_density=0.884 exp_mean=4130.9 addr_spec=2.818 addr_random=1.038 addr_full=0.0423 correct=208
  mpx-135 traj: trials=91620000 wall=519361s knowledge=0.4601 reliable=302 spec=9.24 pop=6651
  mpx-135 diag: trials=91620000 micro=8580 pop_spec=20.28 spec_max=32 q_mean=0.552 q_max=1.000 q_above_half=3246 marked=0.180 mark_density=0.885 exp_mean=4292.5 addr_spec=2.842 addr_random=1.052 addr_full=0.0439 correct=207
  mpx-135 traj: trials=91680000 wall=519408s knowledge=0.4604 reliable=303 spec=9.22 pop=6091
  mpx-135 diag: trials=91680000 micro=7954 pop_spec=20.96 spec_max=32 q_mean=0.556 q_max=1.000 q_above_half=3094 marked=0.189 mark_density=0.882 exp_mean=4692.4 addr_spec=3.073 addr_random=1.087 addr_full=0.0476 correct=207
  mpx-135 traj: trials=91740000 wall=519462s knowledge=0.4604 reliable=303 spec=9.23 pop=5995
  mpx-135 diag: trials=91740000 micro=7945 pop_spec=21.01 spec_max=32 q_mean=0.555 q_max=1.000 q_above_half=3032 marked=0.200 mark_density=0.887 exp_mean=4773.1 addr_spec=3.120 addr_random=1.089 addr_full=0.0482 correct=208
  mpx-135 traj: trials=91800000 wall=519543s knowledge=0.4614 reliable=302 spec=9.21 pop=6092
  mpx-135 diag: trials=91800000 micro=7994 pop_spec=20.87 spec_max=32 q_mean=0.553 q_max=1.000 q_above_half=3041 marked=0.191 mark_density=0.885 exp_mean=4702.3 addr_spec=3.012 addr_random=1.082 addr_full=0.0465 correct=208
  mpx-135 traj: trials=91860000 wall=519586s knowledge=0.4608 reliable=303 spec=9.21 pop=6033
  mpx-135 diag: trials=91860000 micro=7945 pop_spec=20.83 spec_max=32 q_mean=0.555 q_max=1.000 q_above_half=3079 marked=0.200 mark_density=0.887 exp_mean=4753.7 addr_spec=3.031 addr_random=1.080 addr_full=0.0476 correct=207
  mpx-135 traj: trials=91920000 wall=519624s knowledge=0.4602 reliable=298 spec=9.17 pop=5815
  mpx-135 diag: trials=91920000 micro=7687 pop_spec=21.18 spec_max=32 q_mean=0.556 q_max=1.000 q_above_half=2958 marked=0.190 mark_density=0.884 exp_mean=4937.5 addr_spec=3.144 addr_random=1.098 addr_full=0.0480 correct=206
  mpx-135 traj: trials=91980000 wall=519808s knowledge=0.4596 reliable=298 spec=9.17 pop=7209
  mpx-135 diag: trials=91980000 micro=9061 pop_spec=19.08 spec_max=32 q_mean=0.552 q_max=1.000 q_above_half=3526 marked=0.201 mark_density=0.899 exp_mean=3987.8 addr_spec=2.625 addr_random=0.989 addr_full=0.0394 correct=206
  mpx-135 traj: trials=92040000 wall=519850s knowledge=0.4599 reliable=300 spec=9.18 pop=5964
  mpx-135 diag: trials=92040000 micro=7836 pop_spec=21.04 spec_max=32 q_mean=0.555 q_max=1.000 q_above_half=3040 marked=0.197 mark_density=0.885 exp_mean=4825.3 addr_spec=3.069 addr_random=1.091 addr_full=0.0481 correct=206
  mpx-135 traj: trials=92100000 wall=519969s knowledge=0.4618 reliable=300 spec=9.16 pop=6709
  mpx-135 diag: trials=92100000 micro=8617 pop_spec=20.11 spec_max=32 q_mean=0.551 q_max=1.000 q_above_half=3292 marked=0.190 mark_density=0.887 exp_mean=4294.4 addr_spec=2.835 addr_random=1.043 addr_full=0.0423 correct=207
  mpx-135 traj: trials=92160000 wall=520042s knowledge=0.4626 reliable=299 spec=9.15 pop=6439
  mpx-135 diag: trials=92160000 micro=8378 pop_spec=20.34 spec_max=32 q_mean=0.551 q_max=1.000 q_above_half=3147 marked=0.184 mark_density=0.886 exp_mean=4479.4 addr_spec=2.814 addr_random=1.055 addr_full=0.0432 correct=208
  mpx-135 traj: trials=92220000 wall=520087s knowledge=0.4610 reliable=292 spec=9.11 pop=5893
  mpx-135 diag: trials=92220000 micro=7756 pop_spec=21.12 spec_max=32 q_mean=0.554 q_max=1.000 q_above_half=2993 marked=0.184 mark_density=0.880 exp_mean=4899.9 addr_spec=2.976 addr_random=1.095 addr_full=0.0472 correct=208
  mpx-135 traj: trials=92280000 wall=520183s knowledge=0.4598 reliable=291 spec=9.10 pop=6166
  mpx-135 diag: trials=92280000 micro=8023 pop_spec=20.83 spec_max=32 q_mean=0.552 q_max=1.000 q_above_half=3078 marked=0.178 mark_density=0.880 exp_mean=4688.0 addr_spec=2.906 addr_random=1.080 addr_full=0.0454 correct=207
  mpx-135 traj: trials=92340000 wall=520293s knowledge=0.4601 reliable=292 spec=9.09 pop=6069
  mpx-135 diag: trials=92340000 micro=7968 pop_spec=20.83 spec_max=32 q_mean=0.552 q_max=1.000 q_above_half=3109 marked=0.192 mark_density=0.884 exp_mean=4768.5 addr_spec=2.942 addr_random=1.080 addr_full=0.0468 correct=208
  mpx-135 traj: trials=92400000 wall=520332s knowledge=0.4618 reliable=293 spec=9.09 pop=5743
  mpx-135 diag: trials=92400000 micro=7579 pop_spec=21.36 spec_max=32 q_mean=0.554 q_max=1.000 q_above_half=2910 marked=0.194 mark_density=0.884 exp_mean=5044.7 addr_spec=3.057 addr_random=1.108 addr_full=0.0496 correct=209
  mpx-135 traj: trials=92460000 wall=520375s knowledge=0.4617 reliable=296 spec=9.11 pop=5789
  mpx-135 diag: trials=92460000 micro=7638 pop_spec=21.35 spec_max=32 q_mean=0.553 q_max=1.000 q_above_half=2885 marked=0.195 mark_density=0.884 exp_mean=5010.2 addr_spec=3.055 addr_random=1.107 addr_full=0.0487 correct=208
  mpx-135 traj: trials=92520000 wall=520444s knowledge=0.4619 reliable=301 spec=9.11 pop=6680
  mpx-135 diag: trials=92520000 micro=8622 pop_spec=19.32 spec_max=32 q_mean=0.547 q_max=1.000 q_above_half=3212 marked=0.222 mark_density=0.905 exp_mean=4347.4 addr_spec=2.748 addr_random=1.002 addr_full=0.0425 correct=207
  mpx-135 traj: trials=92580000 wall=520500s knowledge=0.4610 reliable=300 spec=9.16 pop=5774
  mpx-135 diag: trials=92580000 micro=7617 pop_spec=21.26 spec_max=32 q_mean=0.554 q_max=1.000 q_above_half=2949 marked=0.191 mark_density=0.883 exp_mean=5034.9 addr_spec=3.030 addr_random=1.103 addr_full=0.0490 correct=207
  mpx-135 traj: trials=92640000 wall=520564s knowledge=0.4609 reliable=293 spec=9.09 pop=6005
  mpx-135 diag: trials=92640000 micro=7858 pop_spec=21.02 spec_max=32 q_mean=0.553 q_max=1.000 q_above_half=2956 marked=0.185 mark_density=0.883 exp_mean=4846.6 addr_spec=2.999 addr_random=1.090 addr_full=0.0456 correct=207
  mpx-135 traj: trials=92700000 wall=520603s knowledge=0.4610 reliable=290 spec=9.05 pop=5883
  mpx-135 diag: trials=92700000 micro=7760 pop_spec=21.04 spec_max=32 q_mean=0.555 q_max=1.000 q_above_half=3016 marked=0.198 mark_density=0.886 exp_mean=4952.9 addr_spec=3.024 addr_random=1.091 addr_full=0.0478 correct=207
  mpx-135 traj: trials=92760000 wall=520650s knowledge=0.4620 reliable=288 spec=8.97 pop=5907
  mpx-135 diag: trials=92760000 micro=7753 pop_spec=21.01 spec_max=32 q_mean=0.553 q_max=1.000 q_above_half=2946 marked=0.201 mark_density=0.888 exp_mean=4938.1 addr_spec=2.997 addr_random=1.090 addr_full=0.0472 correct=207
  mpx-135 traj: trials=92820000 wall=520714s knowledge=0.4605 reliable=285 spec=8.99 pop=6134
  mpx-135 diag: trials=92820000 micro=8061 pop_spec=20.83 spec_max=32 q_mean=0.552 q_max=1.000 q_above_half=3068 marked=0.186 mark_density=0.883 exp_mean=4760.7 addr_spec=2.953 addr_random=1.080 addr_full=0.0447 correct=207
  mpx-135 traj: trials=92880000 wall=520758s knowledge=0.4610 reliable=288 spec=9.03 pop=6036
  mpx-135 diag: trials=92880000 micro=7979 pop_spec=20.92 spec_max=32 q_mean=0.553 q_max=1.000 q_above_half=2995 marked=0.188 mark_density=0.883 exp_mean=4843.3 addr_spec=3.046 addr_random=1.085 addr_full=0.0466 correct=208
  mpx-135 traj: trials=92940000 wall=520800s knowledge=0.4613 reliable=284 spec=8.98 pop=5826
  mpx-135 diag: trials=92940000 micro=7754 pop_spec=21.18 spec_max=32 q_mean=0.554 q_max=1.000 q_above_half=2949 marked=0.187 mark_density=0.883 exp_mean=5023.4 addr_spec=3.078 addr_random=1.098 addr_full=0.0469 correct=208
  mpx-135 traj: trials=93000000 wall=520864s knowledge=0.4625 reliable=291 spec=9.01 pop=6234
  mpx-135 diag: trials=93000000 micro=8147 pop_spec=20.63 spec_max=32 q_mean=0.552 q_max=1.000 q_above_half=3095 marked=0.188 mark_density=0.885 exp_mean=4700.2 addr_spec=2.965 addr_random=1.070 addr_full=0.0459 correct=209
  mpx-135 traj: trials=93060000 wall=520905s knowledge=0.4618 reliable=294 spec=9.08 pop=5960
  mpx-135 diag: trials=93060000 micro=7867 pop_spec=21.01 spec_max=32 q_mean=0.559 q_max=1.000 q_above_half=3133 marked=0.192 mark_density=0.883 exp_mean=4921.7 addr_spec=3.081 addr_random=1.089 addr_full=0.0471 correct=208
  mpx-135 traj: trials=93120000 wall=521196s knowledge=0.4619 reliable=293 spec=9.06 pop=6567
  mpx-135 diag: trials=93120000 micro=8452 pop_spec=20.33 spec_max=32 q_mean=0.550 q_max=1.000 q_above_half=3203 marked=0.183 mark_density=0.883 exp_mean=4472.1 addr_spec=2.864 addr_random=1.054 addr_full=0.0439 correct=208
  mpx-135 traj: trials=93180000 wall=521271s knowledge=0.4628 reliable=296 spec=9.05 pop=6002
  mpx-135 diag: trials=93180000 micro=7908 pop_spec=21.04 spec_max=32 q_mean=0.555 q_max=1.000 q_above_half=3045 marked=0.191 mark_density=0.882 exp_mean=4898.6 addr_spec=3.050 addr_random=1.091 addr_full=0.0477 correct=208
  mpx-135 traj: trials=93240000 wall=521321s knowledge=0.4620 reliable=299 spec=9.12 pop=6018
  mpx-135 diag: trials=93240000 micro=7898 pop_spec=20.79 spec_max=32 q_mean=0.556 q_max=1.000 q_above_half=3071 marked=0.205 mark_density=0.888 exp_mean=4891.1 addr_spec=3.076 addr_random=1.078 addr_full=0.0489 correct=208
  mpx-135 traj: trials=93300000 wall=521360s knowledge=0.4621 reliable=298 spec=9.08 pop=5915
  mpx-135 diag: trials=93300000 micro=7804 pop_spec=20.87 spec_max=32 q_mean=0.558 q_max=1.000 q_above_half=3059 marked=0.198 mark_density=0.887 exp_mean=4981.7 addr_spec=3.124 addr_random=1.082 addr_full=0.0482 correct=208
  mpx-135 traj: trials=93360000 wall=521398s knowledge=0.4626 reliable=303 spec=9.12 pop=5786
  mpx-135 diag: trials=93360000 micro=7667 pop_spec=21.27 spec_max=32 q_mean=0.555 q_max=1.000 q_above_half=2904 marked=0.198 mark_density=0.884 exp_mean=5098.5 addr_spec=3.178 addr_random=1.103 addr_full=0.0503 correct=209
  mpx-135 traj: trials=93420000 wall=521454s knowledge=0.4625 reliable=299 spec=9.13 pop=6244
  mpx-135 diag: trials=93420000 micro=8160 pop_spec=20.66 spec_max=32 q_mean=0.554 q_max=1.000 q_above_half=3043 marked=0.178 mark_density=0.881 exp_mean=4729.8 addr_spec=2.937 addr_random=1.071 addr_full=0.0448 correct=209
  mpx-135 traj: trials=93480000 wall=521530s knowledge=0.4609 reliable=291 spec=9.07 pop=6234
  mpx-135 diag: trials=93480000 micro=8146 pop_spec=20.65 spec_max=32 q_mean=0.554 q_max=1.000 q_above_half=3150 marked=0.192 mark_density=0.885 exp_mean=4718.2 addr_spec=2.930 addr_random=1.070 addr_full=0.0459 correct=209
  mpx-135 traj: trials=93540000 wall=521569s knowledge=0.4608 reliable=288 spec=9.03 pop=5735
  mpx-135 diag: trials=93540000 micro=7635 pop_spec=21.39 spec_max=32 q_mean=0.557 q_max=1.000 q_above_half=2934 marked=0.183 mark_density=0.877 exp_mean=5134.3 addr_spec=3.131 addr_random=1.109 addr_full=0.0481 correct=209
  mpx-135 traj: trials=93600000 wall=521636s knowledge=0.4613 reliable=285 spec=8.97 pop=5941
  mpx-135 diag: trials=93600000 micro=7836 pop_spec=21.11 spec_max=32 q_mean=0.557 q_max=1.000 q_above_half=3046 marked=0.189 mark_density=0.880 exp_mean=4961.9 addr_spec=3.061 addr_random=1.095 addr_full=0.0471 correct=210
  mpx-135 traj: trials=93660000 wall=521675s knowledge=0.4614 reliable=287 spec=9.00 pop=5773
  mpx-135 diag: trials=93660000 micro=7614 pop_spec=21.29 spec_max=32 q_mean=0.558 q_max=1.000 q_above_half=2989 marked=0.183 mark_density=0.878 exp_mean=5112.0 addr_spec=3.135 addr_random=1.104 addr_full=0.0516 correct=209
  mpx-135 traj: trials=93720000 wall=521721s knowledge=0.4623 reliable=290 spec=9.02 pop=5978
  mpx-135 diag: trials=93720000 micro=7856 pop_spec=20.88 spec_max=32 q_mean=0.556 q_max=1.000 q_above_half=3070 marked=0.207 mark_density=0.888 exp_mean=4942.4 addr_spec=3.065 addr_random=1.083 addr_full=0.0500 correct=211
  mpx-135 traj: trials=93780000 wall=521761s knowledge=0.4627 reliable=296 spec=9.06 pop=6661
  mpx-135 diag: trials=93780000 micro=8569 pop_spec=19.30 spec_max=32 q_mean=0.551 q_max=1.000 q_above_half=3278 marked=0.240 mark_density=0.905 exp_mean=4416.5 addr_spec=2.780 addr_random=1.001 addr_full=0.0440 correct=212
  mpx-135 traj: trials=93840000 wall=521826s knowledge=0.4629 reliable=300 spec=9.09 pop=6148
  mpx-135 diag: trials=93840000 micro=8069 pop_spec=20.74 spec_max=32 q_mean=0.553 q_max=1.000 q_above_half=3006 marked=0.195 mark_density=0.887 exp_mean=4790.1 addr_spec=3.013 addr_random=1.075 addr_full=0.0464 correct=212
  mpx-135 traj: trials=93900000 wall=521865s knowledge=0.4607 reliable=298 spec=9.13 pop=5931
  mpx-135 diag: trials=93900000 micro=7821 pop_spec=21.01 spec_max=32 q_mean=0.561 q_max=1.000 q_above_half=3137 marked=0.195 mark_density=0.884 exp_mean=4945.2 addr_spec=3.144 addr_random=1.090 addr_full=0.0479 correct=211
  mpx-135 traj: trials=93960000 wall=521901s knowledge=0.4622 reliable=307 spec=9.18 pop=5721
  mpx-135 diag: trials=93960000 micro=7633 pop_spec=21.37 spec_max=32 q_mean=0.563 q_max=1.000 q_above_half=3017 marked=0.181 mark_density=0.878 exp_mean=5132.5 addr_spec=3.255 addr_random=1.108 addr_full=0.0502 correct=213
  mpx-135 traj: trials=94020000 wall=521955s knowledge=0.4617 reliable=291 spec=8.98 pop=6010
  mpx-135 diag: trials=94020000 micro=7874 pop_spec=20.94 spec_max=32 q_mean=0.558 q_max=1.000 q_above_half=3090 marked=0.192 mark_density=0.882 exp_mean=4891.1 addr_spec=3.158 addr_random=1.086 addr_full=0.0469 correct=212
  mpx-135 traj: trials=94080000 wall=521994s knowledge=0.4616 reliable=285 spec=8.92 pop=5817
  mpx-135 diag: trials=94080000 micro=7725 pop_spec=21.18 spec_max=32 q_mean=0.559 q_max=1.000 q_above_half=2981 marked=0.194 mark_density=0.883 exp_mean=5059.2 addr_spec=3.170 addr_random=1.098 addr_full=0.0487 correct=212
  mpx-135 traj: trials=94140000 wall=522054s knowledge=0.4618 reliable=290 spec=8.97 pop=6061
  mpx-135 diag: trials=94140000 micro=7988 pop_spec=20.91 spec_max=32 q_mean=0.559 q_max=1.000 q_above_half=3133 marked=0.193 mark_density=0.883 exp_mean=4861.2 addr_spec=3.166 addr_random=1.084 addr_full=0.0480 correct=213
  mpx-135 traj: trials=94200000 wall=522128s knowledge=0.4635 reliable=292 spec=8.96 pop=6506
  mpx-135 diag: trials=94200000 micro=8412 pop_spec=20.38 spec_max=32 q_mean=0.557 q_max=1.000 q_above_half=3104 marked=0.177 mark_density=0.882 exp_mean=4531.7 addr_spec=3.029 addr_random=1.057 addr_full=0.0447 correct=215
  mpx-135 traj: trials=94260000 wall=522167s knowledge=0.4643 reliable=295 spec=8.97 pop=5981
  mpx-135 diag: trials=94260000 micro=7889 pop_spec=20.97 spec_max=32 q_mean=0.562 q_max=1.000 q_above_half=3178 marked=0.201 mark_density=0.884 exp_mean=4935.1 addr_spec=3.201 addr_random=1.087 addr_full=0.0488 correct=214
  mpx-135 traj: trials=94320000 wall=522224s knowledge=0.4637 reliable=296 spec=9.03 pop=6080
  mpx-135 diag: trials=94320000 micro=8013 pop_spec=20.69 spec_max=32 q_mean=0.561 q_max=1.000 q_above_half=3214 marked=0.208 mark_density=0.888 exp_mean=4860.2 addr_spec=3.145 addr_random=1.073 addr_full=0.0479 correct=214
  mpx-135 traj: trials=94380000 wall=522262s knowledge=0.4624 reliable=292 spec=9.06 pop=5881
  mpx-135 diag: trials=94380000 micro=7757 pop_spec=21.11 spec_max=32 q_mean=0.559 q_max=1.000 q_above_half=3032 marked=0.191 mark_density=0.883 exp_mean=5029.8 addr_spec=3.220 addr_random=1.094 addr_full=0.0488 correct=214
  mpx-135 traj: trials=94440000 wall=522465s knowledge=0.4616 reliable=288 spec=9.01 pop=6624
  mpx-135 diag: trials=94440000 micro=8540 pop_spec=20.15 spec_max=32 q_mean=0.554 q_max=1.000 q_above_half=3413 marked=0.200 mark_density=0.887 exp_mean=4470.5 addr_spec=2.928 addr_random=1.045 addr_full=0.0438 correct=212
  mpx-135 traj: trials=94500000 wall=522510s knowledge=0.4619 reliable=291 spec=9.04 pop=6161
  mpx-135 diag: trials=94500000 micro=8120 pop_spec=20.65 spec_max=32 q_mean=0.559 q_max=1.000 q_above_half=3255 marked=0.204 mark_density=0.887 exp_mean=4810.4 addr_spec=3.075 addr_random=1.071 addr_full=0.0459 correct=212
  mpx-135 traj: trials=94560000 wall=522577s knowledge=0.4626 reliable=294 spec=9.06 pop=6163
  mpx-135 diag: trials=94560000 micro=8085 pop_spec=20.59 spec_max=32 q_mean=0.559 q_max=1.000 q_above_half=3269 marked=0.204 mark_density=0.889 exp_mean=4814.2 addr_spec=3.076 addr_random=1.068 addr_full=0.0469 correct=212
  mpx-135 traj: trials=94620000 wall=522632s knowledge=0.4625 reliable=293 spec=9.04 pop=6168
  mpx-135 diag: trials=94620000 micro=8047 pop_spec=20.58 spec_max=32 q_mean=0.557 q_max=1.000 q_above_half=3188 marked=0.200 mark_density=0.888 exp_mean=4815.6 addr_spec=2.982 addr_random=1.067 addr_full=0.0464 correct=213
  mpx-135 traj: trials=94680000 wall=522835s knowledge=0.4615 reliable=292 spec=9.05 pop=5984
  mpx-135 diag: trials=94680000 micro=7850 pop_spec=21.02 spec_max=32 q_mean=0.556 q_max=1.000 q_above_half=3059 marked=0.184 mark_density=0.879 exp_mean=4953.1 addr_spec=3.124 addr_random=1.090 addr_full=0.0478 correct=212
  mpx-135 traj: trials=94740000 wall=522897s knowledge=0.4626 reliable=289 spec=9.01 pop=6008
  mpx-135 diag: trials=94740000 micro=7887 pop_spec=20.84 spec_max=32 q_mean=0.558 q_max=1.000 q_above_half=3131 marked=0.197 mark_density=0.885 exp_mean=4938.7 addr_spec=3.111 addr_random=1.081 addr_full=0.0478 correct=213
  mpx-135 traj: trials=94800000 wall=523069s knowledge=0.4620 reliable=285 spec=8.99 pop=6052
  mpx-135 diag: trials=94800000 micro=7947 pop_spec=20.83 spec_max=32 q_mean=0.557 q_max=1.000 q_above_half=3183 marked=0.196 mark_density=0.885 exp_mean=4908.3 addr_spec=3.091 addr_random=1.080 addr_full=0.0461 correct=212
  mpx-135 traj: trials=94860000 wall=523155s knowledge=0.4636 reliable=290 spec=8.99 pop=6732
  mpx-135 diag: trials=94860000 micro=8628 pop_spec=19.93 spec_max=32 q_mean=0.553 q_max=1.000 q_above_half=3285 marked=0.178 mark_density=0.885 exp_mean=4417.6 addr_spec=2.779 addr_random=1.034 addr_full=0.0419 correct=213
  mpx-135 traj: trials=94920000 wall=523252s knowledge=0.4636 reliable=288 spec=9.01 pop=6444
  mpx-135 diag: trials=94920000 micro=8309 pop_spec=20.25 spec_max=32 q_mean=0.552 q_max=1.000 q_above_half=3135 marked=0.196 mark_density=0.889 exp_mean=4620.2 addr_spec=2.881 addr_random=1.050 addr_full=0.0435 correct=214
  mpx-135 traj: trials=94980000 wall=523312s knowledge=0.4634 reliable=288 spec=8.98 pop=6160
  mpx-135 diag: trials=94980000 micro=8026 pop_spec=20.75 spec_max=32 q_mean=0.554 q_max=1.000 q_above_half=3113 marked=0.194 mark_density=0.884 exp_mean=4838.6 addr_spec=2.999 addr_random=1.076 addr_full=0.0451 correct=213
  mpx-135 traj: trials=95040000 wall=523362s knowledge=0.4634 reliable=288 spec=9.00 pop=6023
  mpx-135 diag: trials=95040000 micro=7899 pop_spec=20.86 spec_max=32 q_mean=0.557 q_max=1.000 q_above_half=3164 marked=0.190 mark_density=0.882 exp_mean=4954.1 addr_spec=3.062 addr_random=1.082 addr_full=0.0458 correct=213
  mpx-135 traj: trials=95100000 wall=523437s knowledge=0.4634 reliable=287 spec=9.00 pop=6465
  mpx-135 diag: trials=95100000 micro=8361 pop_spec=20.26 spec_max=32 q_mean=0.552 q_max=1.000 q_above_half=3217 marked=0.186 mark_density=0.885 exp_mean=4620.7 addr_spec=2.889 addr_random=1.050 addr_full=0.0432 correct=213
  mpx-135 traj: trials=95160000 wall=523479s knowledge=0.4636 reliable=289 spec=8.98 pop=5927
  mpx-135 diag: trials=95160000 micro=7834 pop_spec=20.98 spec_max=32 q_mean=0.557 q_max=1.000 q_above_half=3090 marked=0.187 mark_density=0.881 exp_mean=5045.7 addr_spec=3.136 addr_random=1.088 addr_full=0.0496 correct=214
  mpx-135 traj: trials=95220000 wall=523545s knowledge=0.4652 reliable=289 spec=8.99 pop=5939
  mpx-135 diag: trials=95220000 micro=7820 pop_spec=20.87 spec_max=32 q_mean=0.553 q_max=1.000 q_above_half=3012 marked=0.205 mark_density=0.888 exp_mean=5041.0 addr_spec=3.106 addr_random=1.082 addr_full=0.0463 correct=214
  mpx-135 traj: trials=95280000 wall=523623s knowledge=0.4652 reliable=289 spec=8.98 pop=5871
  mpx-135 diag: trials=95280000 micro=7820 pop_spec=21.16 spec_max=32 q_mean=0.554 q_max=1.000 q_above_half=3005 marked=0.183 mark_density=0.879 exp_mean=5105.1 addr_spec=3.105 addr_random=1.097 addr_full=0.0468 correct=214
  mpx-135 traj: trials=95340000 wall=523806s knowledge=0.4648 reliable=285 spec=8.94 pop=6142
  mpx-135 diag: trials=95340000 micro=8049 pop_spec=20.70 spec_max=32 q_mean=0.553 q_max=1.000 q_above_half=3087 marked=0.197 mark_density=0.885 exp_mean=4885.4 addr_spec=2.948 addr_random=1.074 addr_full=0.0459 correct=215
  mpx-135 traj: trials=95400000 wall=523877s knowledge=0.4649 reliable=289 spec=8.99 pop=5985
  mpx-135 diag: trials=95400000 micro=7880 pop_spec=21.00 spec_max=32 q_mean=0.553 q_max=1.000 q_above_half=2964 marked=0.190 mark_density=0.881 exp_mean=5019.1 addr_spec=3.038 addr_random=1.089 addr_full=0.0468 correct=215
  mpx-135 traj: trials=95460000 wall=523961s knowledge=0.4649 reliable=284 spec=8.95 pop=6168
  mpx-135 diag: trials=95460000 micro=8069 pop_spec=20.60 spec_max=32 q_mean=0.551 q_max=1.000 q_above_half=2987 marked=0.188 mark_density=0.886 exp_mean=4847.3 addr_spec=2.961 addr_random=1.068 addr_full=0.0464 correct=216
  mpx-135 traj: trials=95520000 wall=524018s knowledge=0.4651 reliable=288 spec=9.00 pop=6135
  mpx-135 diag: trials=95520000 micro=8014 pop_spec=20.71 spec_max=32 q_mean=0.550 q_max=1.000 q_above_half=2993 marked=0.186 mark_density=0.884 exp_mean=4878.9 addr_spec=2.965 addr_random=1.074 addr_full=0.0460 correct=216
  mpx-135 traj: trials=95580000 wall=524063s knowledge=0.4649 reliable=286 spec=8.95 pop=5834
  mpx-135 diag: trials=95580000 micro=7724 pop_spec=21.17 spec_max=32 q_mean=0.555 q_max=1.000 q_above_half=2985 marked=0.184 mark_density=0.881 exp_mean=5136.0 addr_spec=3.127 addr_random=1.098 addr_full=0.0502 correct=215
  mpx-135 traj: trials=95640000 wall=524207s knowledge=0.4652 reliable=286 spec=8.94 pop=6781
  mpx-135 diag: trials=95640000 micro=8664 pop_spec=20.03 spec_max=32 q_mean=0.546 q_max=1.000 q_above_half=3197 marked=0.179 mark_density=0.885 exp_mean=4423.9 addr_spec=2.708 addr_random=1.039 addr_full=0.0429 correct=215
  mpx-135 traj: trials=95700000 wall=524259s knowledge=0.4650 reliable=286 spec=8.94 pop=6052
  mpx-135 diag: trials=95700000 micro=7887 pop_spec=20.80 spec_max=32 q_mean=0.552 q_max=1.000 q_above_half=3054 marked=0.190 mark_density=0.885 exp_mean=4962.2 addr_spec=2.950 addr_random=1.078 addr_full=0.0482 correct=215
  mpx-135 traj: trials=95760000 wall=524336s knowledge=0.4667 reliable=286 spec=8.92 pop=6072
  mpx-135 diag: trials=95760000 micro=7948 pop_spec=20.72 spec_max=32 q_mean=0.549 q_max=1.000 q_above_half=2979 marked=0.183 mark_density=0.883 exp_mean=4951.3 addr_spec=2.918 addr_random=1.075 addr_full=0.0486 correct=215
  mpx-135 traj: trials=95820000 wall=524400s knowledge=0.4656 reliable=281 spec=8.86 pop=6018
  mpx-135 diag: trials=95820000 micro=7886 pop_spec=20.77 spec_max=32 q_mean=0.549 q_max=1.000 q_above_half=2994 marked=0.194 mark_density=0.887 exp_mean=4970.4 addr_spec=2.904 addr_random=1.077 addr_full=0.0475 correct=215
  mpx-135 traj: trials=95880000 wall=524444s knowledge=0.4647 reliable=282 spec=8.90 pop=6019
  mpx-135 diag: trials=95880000 micro=7921 pop_spec=20.69 spec_max=32 q_mean=0.550 q_max=1.000 q_above_half=2979 marked=0.189 mark_density=0.886 exp_mean=4975.1 addr_spec=2.952 addr_random=1.073 addr_full=0.0470 correct=215
  mpx-135 traj: trials=95940000 wall=524555s knowledge=0.4656 reliable=286 spec=8.92 pop=5937
  mpx-135 diag: trials=95940000 micro=7831 pop_spec=20.94 spec_max=32 q_mean=0.552 q_max=1.000 q_above_half=3023 marked=0.176 mark_density=0.878 exp_mean=5049.4 addr_spec=2.965 addr_random=1.086 addr_full=0.0473 correct=215
  mpx-135 traj: trials=96000000 wall=524689s knowledge=0.4647 reliable=285 spec=8.87 pop=6249
  mpx-135 diag: trials=96000000 micro=8161 pop_spec=20.48 spec_max=32 q_mean=0.551 q_max=1.000 q_above_half=3183 marked=0.190 mark_density=0.885 exp_mean=4802.4 addr_spec=2.895 addr_random=1.062 addr_full=0.0456 correct=215
  mpx-135 traj: trials=96060000 wall=524806s knowledge=0.4640 reliable=283 spec=8.89 pop=6155
  mpx-135 diag: trials=96060000 micro=8072 pop_spec=20.78 spec_max=32 q_mean=0.549 q_max=1.000 q_above_half=3007 marked=0.185 mark_density=0.881 exp_mean=4881.1 addr_spec=2.906 addr_random=1.078 addr_full=0.0457 correct=215
  mpx-135 traj: trials=96120000 wall=524880s knowledge=0.4639 reliable=285 spec=8.89 pop=6019
  mpx-135 diag: trials=96120000 micro=7926 pop_spec=20.78 spec_max=32 q_mean=0.554 q_max=1.000 q_above_half=3098 marked=0.196 mark_density=0.885 exp_mean=4996.9 addr_spec=2.965 addr_random=1.077 addr_full=0.0475 correct=215
  mpx-135 traj: trials=96180000 wall=524922s knowledge=0.4633 reliable=277 spec=8.82 pop=5766
  mpx-135 diag: trials=96180000 micro=7697 pop_spec=21.19 spec_max=32 q_mean=0.555 q_max=1.000 q_above_half=2949 marked=0.192 mark_density=0.880 exp_mean=5221.4 addr_spec=3.153 addr_random=1.099 addr_full=0.0486 correct=215
  mpx-135 traj: trials=96240000 wall=524968s knowledge=0.4636 reliable=278 spec=8.83 pop=5832
  mpx-135 diag: trials=96240000 micro=7710 pop_spec=21.14 spec_max=32 q_mean=0.558 q_max=1.000 q_above_half=3047 marked=0.188 mark_density=0.880 exp_mean=5168.1 addr_spec=3.139 addr_random=1.096 addr_full=0.0470 correct=215
  mpx-135 traj: trials=96300000 wall=525047s knowledge=0.4635 reliable=278 spec=8.80 pop=6224
  mpx-135 diag: trials=96300000 micro=8144 pop_spec=20.68 spec_max=32 q_mean=0.556 q_max=1.000 q_above_half=3115 marked=0.184 mark_density=0.881 exp_mean=4847.9 addr_spec=3.013 addr_random=1.073 addr_full=0.0443 correct=215
  mpx-135 traj: trials=96360000 wall=525086s knowledge=0.4633 reliable=276 spec=8.79 pop=6210
  mpx-135 diag: trials=96360000 micro=8135 pop_spec=20.20 spec_max=32 q_mean=0.557 q_max=1.000 q_above_half=3221 marked=0.226 mark_density=0.897 exp_mean=4864.3 addr_spec=2.974 addr_random=1.047 addr_full=0.0456 correct=216
  mpx-135 traj: trials=96420000 wall=525142s knowledge=0.4630 reliable=277 spec=8.82 pop=6136
  mpx-135 diag: trials=96420000 micro=8059 pop_spec=20.63 spec_max=32 q_mean=0.557 q_max=1.000 q_above_half=3207 marked=0.191 mark_density=0.884 exp_mean=4928.2 addr_spec=3.070 addr_random=1.070 addr_full=0.0461 correct=216
  mpx-135 traj: trials=96480000 wall=525179s knowledge=0.4638 reliable=278 spec=8.76 pop=5751
  mpx-135 diag: trials=96480000 micro=7656 pop_spec=21.25 spec_max=32 q_mean=0.560 q_max=1.000 q_above_half=3057 marked=0.185 mark_density=0.878 exp_mean=5263.9 addr_spec=3.213 addr_random=1.102 addr_full=0.0489 correct=217
  mpx-135 traj: trials=96540000 wall=525242s knowledge=0.4632 reliable=277 spec=8.77 pop=6298
  mpx-135 diag: trials=96540000 micro=8150 pop_spec=20.45 spec_max=32 q_mean=0.553 q_max=1.000 q_above_half=3101 marked=0.187 mark_density=0.885 exp_mean=4811.7 addr_spec=3.017 addr_random=1.060 addr_full=0.0430 correct=218
  mpx-135 traj: trials=96600000 wall=525299s knowledge=0.4637 reliable=282 spec=8.85 pop=5886
  mpx-135 diag: trials=96600000 micro=7752 pop_spec=21.05 spec_max=32 q_mean=0.557 q_max=1.000 q_above_half=3055 marked=0.184 mark_density=0.879 exp_mean=5154.2 addr_spec=3.156 addr_random=1.092 addr_full=0.0488 correct=218
  mpx-135 traj: trials=96660000 wall=525481s knowledge=0.4654 reliable=287 spec=8.91 pop=6964
  mpx-135 diag: trials=96660000 micro=8878 pop_spec=19.34 spec_max=32 q_mean=0.550 q_max=1.000 q_above_half=3390 marked=0.206 mark_density=0.895 exp_mean=4361.6 addr_spec=2.777 addr_random=1.003 addr_full=0.0401 correct=218
  mpx-135 traj: trials=96720000 wall=525525s knowledge=0.4641 reliable=281 spec=8.88 pop=5893
  mpx-135 diag: trials=96720000 micro=7782 pop_spec=21.08 spec_max=32 q_mean=0.560 q_max=1.000 q_above_half=3121 marked=0.197 mark_density=0.882 exp_mean=5156.1 addr_spec=3.167 addr_random=1.093 addr_full=0.0485 correct=217
  mpx-135 traj: trials=96780000 wall=525613s knowledge=0.4644 reliable=281 spec=8.86 pop=6449
  mpx-135 diag: trials=96780000 micro=8355 pop_spec=20.32 spec_max=32 q_mean=0.553 q_max=1.000 q_above_half=3152 marked=0.184 mark_density=0.884 exp_mean=4716.8 addr_spec=2.903 addr_random=1.054 addr_full=0.0443 correct=217
  mpx-135 traj: trials=96840000 wall=525666s knowledge=0.4645 reliable=281 spec=8.85 pop=6159
  mpx-135 diag: trials=96840000 micro=8032 pop_spec=20.54 spec_max=32 q_mean=0.560 q_max=1.000 q_above_half=3318 marked=0.192 mark_density=0.885 exp_mean=4944.4 addr_spec=3.118 addr_random=1.065 addr_full=0.0464 correct=217
  mpx-135 traj: trials=96900000 wall=525704s knowledge=0.4654 reliable=281 spec=8.83 pop=5956
  mpx-135 diag: trials=96900000 micro=7847 pop_spec=20.78 spec_max=32 q_mean=0.562 q_max=1.000 q_above_half=3189 marked=0.197 mark_density=0.884 exp_mean=5118.5 addr_spec=3.170 addr_random=1.077 addr_full=0.0485 correct=217
  mpx-135 traj: trials=96960000 wall=525751s knowledge=0.4654 reliable=280 spec=8.79 pop=5963
  mpx-135 diag: trials=96960000 micro=7871 pop_spec=20.87 spec_max=32 q_mean=0.562 q_max=1.000 q_above_half=3164 marked=0.194 mark_density=0.883 exp_mean=5118.1 addr_spec=3.195 addr_random=1.082 addr_full=0.0488 correct=217
  mpx-135 traj: trials=97020000 wall=525843s knowledge=0.4653 reliable=284 spec=8.83 pop=6147
  mpx-135 diag: trials=97020000 micro=8045 pop_spec=20.60 spec_max=32 q_mean=0.560 q_max=1.000 q_above_half=3251 marked=0.196 mark_density=0.886 exp_mean=4970.5 addr_spec=3.122 addr_random=1.068 addr_full=0.0467 correct=217
  mpx-135 traj: trials=97080000 wall=525893s knowledge=0.4661 reliable=291 spec=8.96 pop=6107
  mpx-135 diag: trials=97080000 micro=8047 pop_spec=20.64 spec_max=32 q_mean=0.562 q_max=1.000 q_above_half=3248 marked=0.199 mark_density=0.886 exp_mean=5008.5 addr_spec=3.143 addr_random=1.070 addr_full=0.0486 correct=217
  mpx-135 traj: trials=97140000 wall=525931s knowledge=0.4659 reliable=292 spec=8.96 pop=5963
  mpx-135 diag: trials=97140000 micro=7912 pop_spec=20.86 spec_max=32 q_mean=0.562 q_max=1.000 q_above_half=3093 marked=0.200 mark_density=0.884 exp_mean=5135.1 addr_spec=3.239 addr_random=1.081 addr_full=0.0486 correct=217
  mpx-135 traj: trials=97200000 wall=525979s knowledge=0.4668 reliable=296 spec=9.00 pop=5989
  mpx-135 diag: trials=97200000 micro=7880 pop_spec=20.86 spec_max=32 q_mean=0.562 q_max=1.000 q_above_half=3135 marked=0.201 mark_density=0.884 exp_mean=5118.4 addr_spec=3.216 addr_random=1.082 addr_full=0.0491 correct=218
  mpx-135 traj: trials=97260000 wall=526023s knowledge=0.4671 reliable=294 spec=8.97 pop=6088
  mpx-135 diag: trials=97260000 micro=7987 pop_spec=20.62 spec_max=32 q_mean=0.561 q_max=1.000 q_above_half=3236 marked=0.205 mark_density=0.885 exp_mean=5040.7 addr_spec=3.152 addr_random=1.069 addr_full=0.0486 correct=218
  mpx-135 traj: trials=97320000 wall=526076s knowledge=0.4676 reliable=290 spec=8.95 pop=5972
  mpx-135 diag: trials=97320000 micro=7789 pop_spec=20.86 spec_max=32 q_mean=0.560 q_max=1.000 q_above_half=3171 marked=0.211 mark_density=0.887 exp_mean=5144.2 addr_spec=3.147 addr_random=1.081 addr_full=0.0492 correct=219
  mpx-135 traj: trials=97380000 wall=526122s knowledge=0.4688 reliable=295 spec=8.95 pop=5943
  mpx-135 diag: trials=97380000 micro=7879 pop_spec=20.91 spec_max=32 q_mean=0.560 q_max=1.000 q_above_half=3114 marked=0.196 mark_density=0.884 exp_mean=5174.9 addr_spec=3.151 addr_random=1.084 addr_full=0.0493 correct=220
  mpx-135 traj: trials=97440000 wall=526166s knowledge=0.4681 reliable=296 spec=9.01 pop=5988
  mpx-135 diag: trials=97440000 micro=7884 pop_spec=20.87 spec_max=32 q_mean=0.559 q_max=1.000 q_above_half=3109 marked=0.195 mark_density=0.883 exp_mean=5141.7 addr_spec=3.123 addr_random=1.082 addr_full=0.0494 correct=219
  mpx-135 traj: trials=97500000 wall=526221s knowledge=0.4676 reliable=294 spec=8.96 pop=6146
  mpx-135 diag: trials=97500000 micro=8046 pop_spec=20.65 spec_max=32 q_mean=0.558 q_max=1.000 q_above_half=3185 marked=0.207 mark_density=0.888 exp_mean=5015.0 addr_spec=3.090 addr_random=1.071 addr_full=0.0482 correct=218
  mpx-135 traj: trials=97560000 wall=526262s knowledge=0.4673 reliable=291 spec=8.95 pop=5945
  mpx-135 diag: trials=97560000 micro=7858 pop_spec=20.96 spec_max=32 q_mean=0.560 q_max=1.000 q_above_half=3126 marked=0.196 mark_density=0.884 exp_mean=5190.1 addr_spec=3.155 addr_random=1.087 addr_full=0.0500 correct=218
  mpx-135 traj: trials=97620000 wall=526351s knowledge=0.4671 reliable=298 spec=9.02 pop=6279
  mpx-135 diag: trials=97620000 micro=8166 pop_spec=20.49 spec_max=32 q_mean=0.559 q_max=1.000 q_above_half=3241 marked=0.192 mark_density=0.883 exp_mean=4895.9 addr_spec=3.085 addr_random=1.063 addr_full=0.0481 correct=219
  mpx-135 traj: trials=97680000 wall=526416s knowledge=0.4675 reliable=300 spec=9.07 pop=6146
  mpx-135 diag: trials=97680000 micro=8058 pop_spec=20.61 spec_max=32 q_mean=0.559 q_max=1.000 q_above_half=3163 marked=0.194 mark_density=0.885 exp_mean=5007.0 addr_spec=3.117 addr_random=1.069 addr_full=0.0470 correct=219
  mpx-135 traj: trials=97740000 wall=526459s knowledge=0.4688 reliable=304 spec=9.07 pop=6237
  mpx-135 diag: trials=97740000 micro=8125 pop_spec=20.30 spec_max=32 q_mean=0.559 q_max=1.000 q_above_half=3190 marked=0.201 mark_density=0.888 exp_mean=4939.5 addr_spec=3.013 addr_random=1.053 addr_full=0.0476 correct=219
  mpx-135 traj: trials=97800000 wall=526512s knowledge=0.4677 reliable=298 spec=9.02 pop=6066
  mpx-135 diag: trials=97800000 micro=7986 pop_spec=20.64 spec_max=32 q_mean=0.561 q_max=1.000 q_above_half=3220 marked=0.198 mark_density=0.884 exp_mean=5084.3 addr_spec=3.108 addr_random=1.070 addr_full=0.0488 correct=219
  mpx-135 traj: trials=97860000 wall=526558s knowledge=0.4691 reliable=301 spec=9.03 pop=6007
  mpx-135 diag: trials=97860000 micro=7915 pop_spec=20.64 spec_max=32 q_mean=0.559 q_max=1.000 q_above_half=3145 marked=0.196 mark_density=0.885 exp_mean=5139.8 addr_spec=3.020 addr_random=1.070 addr_full=0.0491 correct=219
  mpx-135 traj: trials=97920000 wall=526595s knowledge=0.4685 reliable=303 spec=9.05 pop=5803
  mpx-135 diag: trials=97920000 micro=7703 pop_spec=20.99 spec_max=32 q_mean=0.561 q_max=1.000 q_above_half=3020 marked=0.199 mark_density=0.885 exp_mean=5325.8 addr_spec=3.261 addr_random=1.088 addr_full=0.0529 correct=218
  mpx-135 traj: trials=97980000 wall=526698s knowledge=0.4675 reliable=299 spec=9.03 pop=6032
  mpx-135 diag: trials=97980000 micro=7909 pop_spec=20.67 spec_max=32 q_mean=0.558 q_max=1.000 q_above_half=3161 marked=0.202 mark_density=0.886 exp_mean=5129.3 addr_spec=3.071 addr_random=1.072 addr_full=0.0502 correct=218
  mpx-135 traj: trials=98040000 wall=526780s knowledge=0.4675 reliable=299 spec=9.05 pop=5958
  mpx-135 diag: trials=98040000 micro=7856 pop_spec=20.89 spec_max=32 q_mean=0.554 q_max=1.000 q_above_half=3046 marked=0.203 mark_density=0.886 exp_mean=5194.4 addr_spec=3.110 addr_random=1.083 addr_full=0.0495 correct=218
  mpx-135 traj: trials=98100000 wall=526832s knowledge=0.4667 reliable=300 spec=9.08 pop=5910
  mpx-135 diag: trials=98100000 micro=7858 pop_spec=20.93 spec_max=32 q_mean=0.560 q_max=1.000 q_above_half=3109 marked=0.190 mark_density=0.881 exp_mean=5242.0 addr_spec=3.157 addr_random=1.085 addr_full=0.0509 correct=217
  mpx-135 traj: trials=98160000 wall=526890s knowledge=0.4668 reliable=305 spec=9.16 pop=6168
  mpx-135 diag: trials=98160000 micro=8057 pop_spec=20.54 spec_max=32 q_mean=0.562 q_max=1.000 q_above_half=3275 marked=0.187 mark_density=0.883 exp_mean=5028.3 addr_spec=3.066 addr_random=1.065 addr_full=0.0494 correct=217
  mpx-135 traj: trials=98220000 wall=527000s knowledge=0.4674 reliable=299 spec=9.08 pop=6712
  mpx-135 diag: trials=98220000 micro=8678 pop_spec=19.92 spec_max=32 q_mean=0.555 q_max=1.000 q_above_half=3271 marked=0.191 mark_density=0.887 exp_mean=4625.8 addr_spec=2.859 addr_random=1.033 addr_full=0.0466 correct=217
  mpx-135 traj: trials=98280000 wall=527039s knowledge=0.4679 reliable=298 spec=9.03 pop=6060
  mpx-135 diag: trials=98280000 micro=7947 pop_spec=20.67 spec_max=32 q_mean=0.563 q_max=1.000 q_above_half=3235 marked=0.203 mark_density=0.886 exp_mean=5128.9 addr_spec=3.172 addr_random=1.072 addr_full=0.0517 correct=217
  mpx-135 traj: trials=98340000 wall=527093s knowledge=0.4679 reliable=300 spec=9.07 pop=5962
  mpx-135 diag: trials=98340000 micro=7909 pop_spec=20.87 spec_max=32 q_mean=0.563 q_max=1.000 q_above_half=3159 marked=0.201 mark_density=0.884 exp_mean=5218.3 addr_spec=3.233 addr_random=1.082 addr_full=0.0530 correct=217
  mpx-135 traj: trials=98400000 wall=527141s knowledge=0.4681 reliable=298 spec=9.02 pop=6007
  mpx-135 diag: trials=98400000 micro=7918 pop_spec=20.83 spec_max=32 q_mean=0.568 q_max=1.000 q_above_half=3243 marked=0.196 mark_density=0.883 exp_mean=5184.9 addr_spec=3.225 addr_random=1.080 addr_full=0.0513 correct=217
  mpx-135 traj: trials=98460000 wall=527247s knowledge=0.4687 reliable=300 spec=9.06 pop=6433
  mpx-135 diag: trials=98460000 micro=8353 pop_spec=20.26 spec_max=32 q_mean=0.563 q_max=1.000 q_above_half=3428 marked=0.197 mark_density=0.884 exp_mean=4847.0 addr_spec=3.065 addr_random=1.051 addr_full=0.0483 correct=217
  mpx-135 traj: trials=98520000 wall=527303s knowledge=0.4690 reliable=297 spec=9.02 pop=6263
  mpx-135 diag: trials=98520000 micro=8215 pop_spec=20.48 spec_max=32 q_mean=0.563 q_max=1.000 q_above_half=3319 marked=0.199 mark_density=0.885 exp_mean=4983.5 addr_spec=3.110 addr_random=1.062 addr_full=0.0497 correct=218
  mpx-135 traj: trials=98580000 wall=527344s knowledge=0.4687 reliable=297 spec=9.05 pop=6169
  mpx-135 diag: trials=98580000 micro=8063 pop_spec=20.57 spec_max=32 q_mean=0.567 q_max=1.000 q_above_half=3352 marked=0.199 mark_density=0.884 exp_mean=5064.9 addr_spec=3.242 addr_random=1.067 addr_full=0.0509 correct=219
  mpx-135 traj: trials=98640000 wall=527389s knowledge=0.4683 reliable=305 spec=9.15 pop=6036
  mpx-135 diag: trials=98640000 micro=7966 pop_spec=20.69 spec_max=32 q_mean=0.570 q_max=1.000 q_above_half=3303 marked=0.195 mark_density=0.883 exp_mean=5152.0 addr_spec=3.277 addr_random=1.073 addr_full=0.0515 correct=218
  mpx-135 traj: trials=98700000 wall=527577s knowledge=0.4683 reliable=297 spec=9.07 pop=6245
  mpx-135 diag: trials=98700000 micro=8197 pop_spec=20.42 spec_max=32 q_mean=0.564 q_max=1.000 q_above_half=3315 marked=0.209 mark_density=0.887 exp_mean=4985.1 addr_spec=3.218 addr_random=1.059 addr_full=0.0500 correct=218
  mpx-135 traj: trials=98760000 wall=527615s knowledge=0.4679 reliable=292 spec=9.02 pop=5929
  mpx-135 diag: trials=98760000 micro=7834 pop_spec=20.96 spec_max=32 q_mean=0.566 q_max=1.000 q_above_half=3196 marked=0.196 mark_density=0.881 exp_mean=5256.3 addr_spec=3.290 addr_random=1.087 addr_full=0.0506 correct=218
  mpx-135 traj: trials=98820000 wall=527663s knowledge=0.4677 reliable=293 spec=9.03 pop=6082
  mpx-135 diag: trials=98820000 micro=8018 pop_spec=20.69 spec_max=32 q_mean=0.567 q_max=1.000 q_above_half=3318 marked=0.202 mark_density=0.885 exp_mean=5129.2 addr_spec=3.230 addr_random=1.073 addr_full=0.0508 correct=218
  mpx-135 traj: trials=98880000 wall=527720s knowledge=0.4669 reliable=291 spec=9.01 pop=6337
  mpx-135 diag: trials=98880000 micro=8248 pop_spec=20.38 spec_max=32 q_mean=0.563 q_max=1.000 q_above_half=3381 marked=0.200 mark_density=0.884 exp_mean=4928.3 addr_spec=3.100 addr_random=1.057 addr_full=0.0484 correct=217
  mpx-135 traj: trials=98940000 wall=527760s knowledge=0.4671 reliable=293 spec=9.03 pop=6070
  mpx-135 diag: trials=98940000 micro=8004 pop_spec=20.72 spec_max=32 q_mean=0.567 q_max=1.000 q_above_half=3314 marked=0.199 mark_density=0.882 exp_mean=5150.5 addr_spec=3.198 addr_random=1.074 addr_full=0.0489 correct=217
  mpx-135 traj: trials=99000000 wall=527830s knowledge=0.4657 reliable=294 spec=9.07 pop=6084
  mpx-135 diag: trials=99000000 micro=8021 pop_spec=20.77 spec_max=32 q_mean=0.563 q_max=1.000 q_above_half=3184 marked=0.204 mark_density=0.884 exp_mean=5144.1 addr_spec=3.241 addr_random=1.077 addr_full=0.0496 correct=216
  mpx-135 traj: trials=99060000 wall=527875s knowledge=0.4662 reliable=301 spec=9.16 pop=6018
  mpx-135 diag: trials=99060000 micro=7975 pop_spec=20.80 spec_max=32 q_mean=0.565 q_max=1.000 q_above_half=3207 marked=0.209 mark_density=0.885 exp_mean=5206.0 addr_spec=3.237 addr_random=1.078 addr_full=0.0503 correct=216
  mpx-135 traj: trials=99120000 wall=527915s knowledge=0.4657 reliable=294 spec=9.09 pop=6213
  mpx-135 diag: trials=99120000 micro=8106 pop_spec=20.14 spec_max=32 q_mean=0.558 q_max=1.000 q_above_half=3190 marked=0.218 mark_density=0.893 exp_mean=5048.1 addr_spec=3.073 addr_random=1.044 addr_full=0.0470 correct=216
  mpx-135 traj: trials=99180000 wall=527968s knowledge=0.4656 reliable=294 spec=9.10 pop=5879
  mpx-135 diag: trials=99180000 micro=7813 pop_spec=21.08 spec_max=32 q_mean=0.562 q_max=1.000 q_above_half=3084 marked=0.194 mark_density=0.881 exp_mean=5340.4 addr_spec=3.223 addr_random=1.093 addr_full=0.0510 correct=216
  mpx-135 traj: trials=99240000 wall=528006s knowledge=0.4656 reliable=298 spec=9.12 pop=5939
  mpx-135 diag: trials=99240000 micro=7827 pop_spec=20.78 spec_max=32 q_mean=0.562 q_max=1.000 q_above_half=3152 marked=0.209 mark_density=0.886 exp_mean=5292.1 addr_spec=3.214 addr_random=1.078 addr_full=0.0509 correct=216
  mpx-135 traj: trials=99300000 wall=528045s knowledge=0.4656 reliable=295 spec=9.12 pop=5777
  mpx-135 diag: trials=99300000 micro=7699 pop_spec=21.18 spec_max=32 q_mean=0.564 q_max=1.000 q_above_half=3084 marked=0.200 mark_density=0.881 exp_mean=5446.2 addr_spec=3.292 addr_random=1.098 addr_full=0.0521 correct=216
  mpx-135 traj: trials=99360000 wall=528091s knowledge=0.4661 reliable=297 spec=9.13 pop=5944
  mpx-135 diag: trials=99360000 micro=7876 pop_spec=20.90 spec_max=32 q_mean=0.559 q_max=1.000 q_above_half=3055 marked=0.209 mark_density=0.887 exp_mean=5299.0 addr_spec=3.227 addr_random=1.084 addr_full=0.0503 correct=216
  mpx-135 traj: trials=99420000 wall=528136s knowledge=0.4665 reliable=304 spec=9.19 pop=6012
  mpx-135 diag: trials=99420000 micro=7925 pop_spec=20.71 spec_max=32 q_mean=0.561 q_max=1.000 q_above_half=3201 marked=0.211 mark_density=0.886 exp_mean=5244.6 addr_spec=3.151 addr_random=1.074 addr_full=0.0502 correct=217
  mpx-135 traj: trials=99480000 wall=528179s knowledge=0.4663 reliable=306 spec=9.21 pop=5777
  mpx-135 diag: trials=99480000 micro=7688 pop_spec=21.12 spec_max=32 q_mean=0.563 q_max=1.000 q_above_half=3059 marked=0.192 mark_density=0.880 exp_mean=5463.7 addr_spec=3.212 addr_random=1.095 addr_full=0.0519 correct=216
  mpx-135 traj: trials=99540000 wall=528216s knowledge=0.4662 reliable=306 spec=9.24 pop=5683
  mpx-135 diag: trials=99540000 micro=7602 pop_spec=21.33 spec_max=32 q_mean=0.562 q_max=1.000 q_above_half=2984 marked=0.194 mark_density=0.879 exp_mean=5559.9 addr_spec=3.290 addr_random=1.106 addr_full=0.0537 correct=217
  mpx-135 traj: trials=99600000 wall=528268s knowledge=0.4663 reliable=308 spec=9.25 pop=6004
  mpx-135 diag: trials=99600000 micro=7899 pop_spec=20.60 spec_max=32 q_mean=0.561 q_max=1.000 q_above_half=3137 marked=0.198 mark_density=0.885 exp_mean=5268.4 addr_spec=3.128 addr_random=1.068 addr_full=0.0508 correct=217
  mpx-135 traj: trials=99660000 wall=528315s knowledge=0.4669 reliable=316 spec=9.30 pop=5936
  mpx-135 diag: trials=99660000 micro=7828 pop_spec=20.91 spec_max=32 q_mean=0.562 q_max=1.000 q_above_half=3127 marked=0.191 mark_density=0.880 exp_mean=5334.4 addr_spec=3.155 addr_random=1.084 addr_full=0.0522 correct=217
  mpx-135 traj: trials=99720000 wall=528357s knowledge=0.4668 reliable=311 spec=9.26 pop=6069
  mpx-135 diag: trials=99720000 micro=7914 pop_spec=20.49 spec_max=32 q_mean=0.561 q_max=1.000 q_above_half=3178 marked=0.206 mark_density=0.887 exp_mean=5223.1 addr_spec=3.140 addr_random=1.063 addr_full=0.0503 correct=217
  mpx-135 traj: trials=99780000 wall=528407s knowledge=0.4673 reliable=316 spec=9.31 pop=5921
  mpx-135 diag: trials=99780000 micro=7819 pop_spec=20.85 spec_max=32 q_mean=0.566 q_max=1.000 q_above_half=3182 marked=0.187 mark_density=0.879 exp_mean=5357.1 addr_spec=3.240 addr_random=1.081 addr_full=0.0502 correct=218
  mpx-135 traj: trials=99840000 wall=528452s knowledge=0.4675 reliable=305 spec=9.14 pop=6170
  mpx-135 diag: trials=99840000 micro=8112 pop_spec=20.44 spec_max=32 q_mean=0.562 q_max=1.000 q_above_half=3290 marked=0.201 mark_density=0.885 exp_mean=5146.5 addr_spec=3.197 addr_random=1.060 addr_full=0.0494 correct=218
  mpx-135 traj: trials=99900000 wall=528557s knowledge=0.4670 reliable=304 spec=9.14 pop=6387
  mpx-135 diag: trials=99900000 micro=8302 pop_spec=20.22 spec_max=32 q_mean=0.559 q_max=1.000 q_above_half=3367 marked=0.198 mark_density=0.885 exp_mean=4977.0 addr_spec=3.036 addr_random=1.049 addr_full=0.0474 correct=219
  mpx-135 traj: trials=99960000 wall=528618s knowledge=0.4670 reliable=304 spec=9.15 pop=6589
  mpx-135 diag: trials=99960000 micro=8534 pop_spec=20.09 spec_max=32 q_mean=0.557 q_max=1.000 q_above_half=3303 marked=0.181 mark_density=0.881 exp_mean=4829.5 addr_spec=2.917 addr_random=1.041 addr_full=0.0463 correct=220
  mpx-135 traj: trials=100020000 wall=528666s knowledge=0.4678 reliable=301 spec=9.12 pop=5954
  mpx-135 diag: trials=100020000 micro=7882 pop_spec=20.89 spec_max=32 q_mean=0.562 q_max=1.000 q_above_half=3227 marked=0.192 mark_density=0.881 exp_mean=5350.0 addr_spec=3.170 addr_random=1.083 addr_full=0.0512 correct=220
  mpx-135 traj: trials=100080000 wall=528728s knowledge=0.4682 reliable=299 spec=9.10 pop=5836
  mpx-135 diag: trials=100080000 micro=7731 pop_spec=21.04 spec_max=32 q_mean=0.563 q_max=1.000 q_above_half=3118 marked=0.198 mark_density=0.881 exp_mean=5463.9 addr_spec=3.204 addr_random=1.091 addr_full=0.0512 correct=220
  mpx-135 traj: trials=100140000 wall=528767s knowledge=0.4684 reliable=300 spec=9.13 pop=5902
  mpx-135 diag: trials=100140000 micro=7862 pop_spec=20.86 spec_max=32 q_mean=0.560 q_max=1.000 q_above_half=3081 marked=0.206 mark_density=0.886 exp_mean=5379.2 addr_spec=3.164 addr_random=1.082 addr_full=0.0488 correct=220
  mpx-135 traj: trials=100200000 wall=528805s knowledge=0.4674 reliable=300 spec=9.16 pop=5860
  mpx-135 diag: trials=100200000 micro=7839 pop_spec=20.94 spec_max=32 q_mean=0.565 q_max=1.000 q_above_half=3137 marked=0.196 mark_density=0.881 exp_mean=5395.7 addr_spec=3.266 addr_random=1.086 addr_full=0.0512 correct=220
  mpx-135 traj: trials=100260000 wall=528905s knowledge=0.4684 reliable=305 spec=9.15 pop=6140
  mpx-135 diag: trials=100260000 micro=8082 pop_spec=20.52 spec_max=32 q_mean=0.560 q_max=1.000 q_above_half=3181 marked=0.201 mark_density=0.884 exp_mean=5155.2 addr_spec=3.077 addr_random=1.064 addr_full=0.0479 correct=220
  mpx-135 traj: trials=100320000 wall=528950s knowledge=0.4682 reliable=300 spec=9.09 pop=6039
  mpx-135 diag: trials=100320000 micro=7938 pop_spec=20.73 spec_max=32 q_mean=0.561 q_max=1.000 q_above_half=3173 marked=0.195 mark_density=0.882 exp_mean=5246.8 addr_spec=3.123 addr_random=1.075 addr_full=0.0482 correct=221
  mpx-135 traj: trials=100380000 wall=528988s knowledge=0.4680 reliable=297 spec=9.06 pop=5848
  mpx-135 diag: trials=100380000 micro=7807 pop_spec=21.00 spec_max=32 q_mean=0.562 q_max=1.000 q_above_half=3101 marked=0.193 mark_density=0.880 exp_mean=5423.8 addr_spec=3.240 addr_random=1.089 addr_full=0.0501 correct=221
  mpx-135 traj: trials=100440000 wall=529030s knowledge=0.4671 reliable=293 spec=9.01 pop=5872
  mpx-135 diag: trials=100440000 micro=7761 pop_spec=20.91 spec_max=32 q_mean=0.563 q_max=1.000 q_above_half=3129 marked=0.206 mark_density=0.883 exp_mean=5407.3 addr_spec=3.290 addr_random=1.084 addr_full=0.0506 correct=220
  mpx-135 traj: trials=100500000 wall=529146s knowledge=0.4675 reliable=295 spec=9.06 pop=6116
  mpx-135 diag: trials=100500000 micro=8030 pop_spec=20.60 spec_max=32 q_mean=0.562 q_max=1.000 q_above_half=3245 marked=0.203 mark_density=0.883 exp_mean=5197.1 addr_spec=3.149 addr_random=1.068 addr_full=0.0500 correct=220
  mpx-135 traj: trials=100560000 wall=529264s knowledge=0.4680 reliable=302 spec=9.12 pop=6582
  mpx-135 diag: trials=100560000 micro=8494 pop_spec=19.95 spec_max=32 q_mean=0.559 q_max=1.000 q_above_half=3416 marked=0.201 mark_density=0.887 exp_mean=4834.5 addr_spec=2.939 addr_random=1.034 addr_full=0.0454 correct=220
  mpx-135 traj: trials=100620000 wall=529302s knowledge=0.4675 reliable=298 spec=9.11 pop=5874
  mpx-135 diag: trials=100620000 micro=7771 pop_spec=20.96 spec_max=32 q_mean=0.564 q_max=1.000 q_above_half=3198 marked=0.210 mark_density=0.884 exp_mean=5422.7 addr_spec=3.238 addr_random=1.087 addr_full=0.0499 correct=220
  mpx-135 traj: trials=100680000 wall=529341s knowledge=0.4672 reliable=303 spec=9.18 pop=5943
  mpx-135 diag: trials=100680000 micro=7835 pop_spec=20.75 spec_max=32 q_mean=0.563 q_max=1.000 q_above_half=3153 marked=0.204 mark_density=0.885 exp_mean=5365.4 addr_spec=3.203 addr_random=1.076 addr_full=0.0498 correct=220
  mpx-135 traj: trials=100740000 wall=529401s knowledge=0.4674 reliable=309 spec=9.24 pop=6000
  mpx-135 diag: trials=100740000 micro=7889 pop_spec=20.65 spec_max=32 q_mean=0.563 q_max=1.000 q_above_half=3173 marked=0.204 mark_density=0.884 exp_mean=5320.1 addr_spec=3.209 addr_random=1.071 addr_full=0.0477 correct=220
  mpx-135 traj: trials=100800000 wall=529438s knowledge=0.4680 reliable=299 spec=9.07 pop=5926
  mpx-135 diag: trials=100800000 micro=7863 pop_spec=20.72 spec_max=32 q_mean=0.566 q_max=1.000 q_above_half=3217 marked=0.198 mark_density=0.882 exp_mean=5392.2 addr_spec=3.235 addr_random=1.075 addr_full=0.0498 correct=220
  mpx-135 traj: trials=100860000 wall=529477s knowledge=0.4682 reliable=304 spec=9.15 pop=5898
  mpx-135 diag: trials=100860000 micro=7770 pop_spec=20.86 spec_max=32 q_mean=0.563 q_max=1.000 q_above_half=3072 marked=0.201 mark_density=0.882 exp_mean=5423.5 addr_spec=3.265 addr_random=1.082 addr_full=0.0517 correct=220
  mpx-135 traj: trials=100920000 wall=529559s knowledge=0.4679 reliable=297 spec=9.04 pop=5911
  mpx-135 diag: trials=100920000 micro=7851 pop_spec=21.03 spec_max=32 q_mean=0.559 q_max=1.000 q_above_half=3045 marked=0.192 mark_density=0.877 exp_mean=5417.2 addr_spec=3.175 addr_random=1.090 addr_full=0.0511 correct=220
  mpx-135 traj: trials=100980000 wall=529597s knowledge=0.4668 reliable=297 spec=9.05 pop=5869
  mpx-135 diag: trials=100980000 micro=7726 pop_spec=20.92 spec_max=32 q_mean=0.565 q_max=1.000 q_above_half=3152 marked=0.199 mark_density=0.881 exp_mean=5461.5 addr_spec=3.242 addr_random=1.085 addr_full=0.0530 correct=219
  mpx-135 traj: trials=101040000 wall=529662s knowledge=0.4677 reliable=295 spec=9.00 pop=6274
  mpx-135 diag: trials=101040000 micro=8199 pop_spec=20.32 spec_max=32 q_mean=0.560 q_max=1.000 q_above_half=3297 marked=0.211 mark_density=0.888 exp_mean=5114.4 addr_spec=3.128 addr_random=1.054 addr_full=0.0478 correct=219
  mpx-135 traj: trials=101100000 wall=529795s knowledge=0.4684 reliable=299 spec=9.03 pop=6619
  mpx-135 diag: trials=101100000 micro=8559 pop_spec=19.79 spec_max=32 q_mean=0.560 q_max=1.000 q_above_half=3498 marked=0.202 mark_density=0.888 exp_mean=4853.1 addr_spec=2.958 addr_random=1.026 addr_full=0.0456 correct=219
  mpx-135 traj: trials=101160000 wall=529835s knowledge=0.4691 reliable=298 spec=9.02 pop=6089
  mpx-135 diag: trials=101160000 micro=8011 pop_spec=20.51 spec_max=32 q_mean=0.563 q_max=1.000 q_above_half=3292 marked=0.207 mark_density=0.885 exp_mean=5280.8 addr_spec=3.121 addr_random=1.064 addr_full=0.0503 correct=220
  mpx-135 traj: trials=101220000 wall=529885s knowledge=0.4695 reliable=304 spec=9.05 pop=5913
  mpx-135 diag: trials=101220000 micro=7866 pop_spec=20.85 spec_max=32 q_mean=0.564 q_max=1.000 q_above_half=3141 marked=0.194 mark_density=0.879 exp_mean=5443.7 addr_spec=3.198 addr_random=1.081 addr_full=0.0516 correct=220
  mpx-135 traj: trials=101280000 wall=529929s knowledge=0.4699 reliable=307 spec=9.14 pop=5990
  mpx-135 diag: trials=101280000 micro=7931 pop_spec=20.64 spec_max=32 q_mean=0.562 q_max=1.000 q_above_half=3164 marked=0.202 mark_density=0.884 exp_mean=5379.4 addr_spec=3.175 addr_random=1.070 addr_full=0.0513 correct=221
  mpx-135 traj: trials=101340000 wall=529966s knowledge=0.4699 reliable=303 spec=9.06 pop=5997
  mpx-135 diag: trials=101340000 micro=7948 pop_spec=20.49 spec_max=32 q_mean=0.563 q_max=1.000 q_above_half=3209 marked=0.215 mark_density=0.889 exp_mean=5378.8 addr_spec=3.183 addr_random=1.063 addr_full=0.0512 correct=221
  mpx-135 traj: trials=101400000 wall=530006s knowledge=0.4697 reliable=303 spec=9.06 pop=5802
  mpx-135 diag: trials=101400000 micro=7701 pop_spec=21.02 spec_max=32 q_mean=0.562 q_max=1.000 q_above_half=3045 marked=0.201 mark_density=0.881 exp_mean=5565.2 addr_spec=3.239 addr_random=1.090 addr_full=0.0512 correct=221
  mpx-135 traj: trials=101460000 wall=530092s knowledge=0.4704 reliable=304 spec=9.03 pop=6049
  mpx-135 diag: trials=101460000 micro=7936 pop_spec=20.62 spec_max=32 q_mean=0.557 q_max=1.000 q_above_half=3061 marked=0.210 mark_density=0.887 exp_mean=5343.5 addr_spec=3.048 addr_random=1.069 addr_full=0.0481 correct=221
  mpx-135 traj: trials=101520000 wall=530144s knowledge=0.4709 reliable=305 spec=9.08 pop=5964
  mpx-135 diag: trials=101520000 micro=7843 pop_spec=20.77 spec_max=32 q_mean=0.562 q_max=1.000 q_above_half=3168 marked=0.186 mark_density=0.878 exp_mean=5425.3 addr_spec=3.136 addr_random=1.077 addr_full=0.0495 correct=221
  mpx-135 traj: trials=101580000 wall=530255s knowledge=0.4697 reliable=300 spec=9.03 pop=6255
  mpx-135 diag: trials=101580000 micro=8132 pop_spec=20.06 spec_max=32 q_mean=0.556 q_max=1.000 q_above_half=3228 marked=0.212 mark_density=0.891 exp_mean=5178.4 addr_spec=2.919 addr_random=1.040 addr_full=0.0443 correct=220
  mpx-135 traj: trials=101640000 wall=530407s knowledge=0.4692 reliable=295 spec=8.99 pop=6875
  mpx-135 diag: trials=101640000 micro=8787 pop_spec=19.78 spec_max=32 q_mean=0.551 q_max=1.000 q_above_half=3256 marked=0.173 mark_density=0.881 exp_mean=4716.2 addr_spec=2.769 addr_random=1.025 addr_full=0.0409 correct=220
  mpx-135 traj: trials=101700000 wall=530459s knowledge=0.4691 reliable=292 spec=8.93 pop=6144
  mpx-135 diag: trials=101700000 micro=8084 pop_spec=20.45 spec_max=32 q_mean=0.556 q_max=1.000 q_above_half=3167 marked=0.202 mark_density=0.885 exp_mean=5282.7 addr_spec=3.018 addr_random=1.060 addr_full=0.0459 correct=220
  mpx-135 traj: trials=101760000 wall=530496s knowledge=0.4690 reliable=284 spec=8.86 pop=5799
  mpx-135 diag: trials=101760000 micro=7708 pop_spec=20.92 spec_max=32 q_mean=0.560 q_max=1.000 q_above_half=3072 marked=0.198 mark_density=0.881 exp_mean=5602.7 addr_spec=3.134 addr_random=1.085 addr_full=0.0502 correct=220
  mpx-135 traj: trials=101820000 wall=530577s knowledge=0.4690 reliable=284 spec=8.85 pop=5913
  mpx-135 diag: trials=101820000 micro=7800 pop_spec=20.82 spec_max=32 q_mean=0.555 q_max=1.000 q_above_half=3063 marked=0.197 mark_density=0.882 exp_mean=5500.4 addr_spec=3.038 addr_random=1.079 addr_full=0.0487 correct=220
  mpx-135 traj: trials=101880000 wall=530633s knowledge=0.4697 reliable=281 spec=8.81 pop=5979
  mpx-135 diag: trials=101880000 micro=7913 pop_spec=20.68 spec_max=32 q_mean=0.554 q_max=1.000 q_above_half=3102 marked=0.188 mark_density=0.880 exp_mean=5445.3 addr_spec=3.046 addr_random=1.072 addr_full=0.0483 correct=222
  mpx-135 traj: trials=101940000 wall=530769s knowledge=0.4697 reliable=284 spec=8.81 pop=5870
  mpx-135 diag: trials=101940000 micro=7843 pop_spec=20.89 spec_max=32 q_mean=0.553 q_max=1.000 q_above_half=2950 marked=0.210 mark_density=0.885 exp_mean=5552.0 addr_spec=3.000 addr_random=1.083 addr_full=0.0489 correct=221
  mpx-135 traj: trials=102000000 wall=530807s knowledge=0.4701 reliable=284 spec=8.80 pop=5568
  mpx-135 diag: trials=102000000 micro=7496 pop_spec=21.23 spec_max=32 q_mean=0.556 q_max=1.000 q_above_half=2861 marked=0.202 mark_density=0.882 exp_mean=5859.1 addr_spec=3.113 addr_random=1.101 addr_full=0.0514 correct=221
  mpx-135 traj: trials=102060000 wall=530867s knowledge=0.4698 reliable=280 spec=8.77 pop=5798
  mpx-135 diag: trials=102060000 micro=7736 pop_spec=20.84 spec_max=32 q_mean=0.552 q_max=1.000 q_above_half=2913 marked=0.208 mark_density=0.886 exp_mean=5632.7 addr_spec=2.980 addr_random=1.080 addr_full=0.0474 correct=221
  mpx-135 traj: trials=102120000 wall=530973s knowledge=0.4687 reliable=276 spec=8.72 pop=6218
  mpx-135 diag: trials=102120000 micro=8152 pop_spec=20.17 spec_max=32 q_mean=0.548 q_max=1.000 q_above_half=3058 marked=0.203 mark_density=0.889 exp_mean=5257.3 addr_spec=2.847 addr_random=1.046 addr_full=0.0455 correct=221
  mpx-135 traj: trials=102180000 wall=531087s knowledge=0.4688 reliable=279 spec=8.74 pop=6109
  mpx-135 diag: trials=102180000 micro=8045 pop_spec=20.53 spec_max=32 q_mean=0.549 q_max=1.000 q_above_half=3033 marked=0.197 mark_density=0.883 exp_mean=5356.7 addr_spec=2.889 addr_random=1.065 addr_full=0.0453 correct=220
  mpx-135 traj: trials=102240000 wall=531134s knowledge=0.4687 reliable=280 spec=8.75 pop=5785
  mpx-135 diag: trials=102240000 micro=7706 pop_spec=20.94 spec_max=32 q_mean=0.552 q_max=1.000 q_above_half=2934 marked=0.195 mark_density=0.881 exp_mean=5662.3 addr_spec=3.049 addr_random=1.086 addr_full=0.0505 correct=219
  mpx-135 traj: trials=102300000 wall=531224s knowledge=0.4683 reliable=279 spec=8.74 pop=5969
  mpx-135 diag: trials=102300000 micro=7930 pop_spec=20.78 spec_max=32 q_mean=0.550 q_max=1.000 q_above_half=2889 marked=0.179 mark_density=0.877 exp_mean=5493.4 addr_spec=2.904 addr_random=1.077 addr_full=0.0466 correct=219
  mpx-135 traj: trials=102360000 wall=531277s knowledge=0.4682 reliable=278 spec=8.78 pop=5818
  mpx-135 diag: trials=102360000 micro=7727 pop_spec=20.85 spec_max=32 q_mean=0.550 q_max=1.000 q_above_half=2918 marked=0.196 mark_density=0.883 exp_mean=5641.8 addr_spec=2.953 addr_random=1.081 addr_full=0.0493 correct=219
  mpx-135 traj: trials=102420000 wall=531323s knowledge=0.4682 reliable=277 spec=8.75 pop=5731
  mpx-135 diag: trials=102420000 micro=7650 pop_spec=20.99 spec_max=32 q_mean=0.552 q_max=1.000 q_above_half=2871 marked=0.191 mark_density=0.880 exp_mean=5733.2 addr_spec=3.042 addr_random=1.088 addr_full=0.0501 correct=219
  mpx-135 traj: trials=102480000 wall=531362s knowledge=0.4698 reliable=282 spec=8.75 pop=5585
  mpx-135 diag: trials=102480000 micro=7540 pop_spec=21.13 spec_max=32 q_mean=0.555 q_max=1.000 q_above_half=2915 marked=0.203 mark_density=0.883 exp_mean=5889.2 addr_spec=3.124 addr_random=1.096 addr_full=0.0501 correct=219
  mpx-135 traj: trials=102540000 wall=531503s knowledge=0.4696 reliable=282 spec=8.75 pop=6348
  mpx-135 diag: trials=102540000 micro=8284 pop_spec=20.25 spec_max=32 q_mean=0.549 q_max=1.000 q_above_half=3066 marked=0.179 mark_density=0.881 exp_mean=5186.8 addr_spec=2.825 addr_random=1.050 addr_full=0.0438 correct=219
  mpx-135 traj: trials=102600000 wall=531614s knowledge=0.4704 reliable=282 spec=8.68 pop=5703
  mpx-135 diag: trials=102600000 micro=7694 pop_spec=21.13 spec_max=32 q_mean=0.555 q_max=1.000 q_above_half=2945 marked=0.197 mark_density=0.881 exp_mean=5779.2 addr_spec=3.061 addr_random=1.095 addr_full=0.0493 correct=220
  mpx-135 traj: trials=102660000 wall=531671s knowledge=0.4696 reliable=283 spec=8.76 pop=7350
  mpx-135 diag: trials=102660000 micro=9279 pop_spec=17.81 spec_max=32 q_mean=0.552 q_max=1.000 q_above_half=3949 marked=0.196 mark_density=0.899 exp_mean=4489.4 addr_spec=2.419 addr_random=0.923 addr_full=0.0382 correct=219
  mpx-135 traj: trials=102720000 wall=531721s knowledge=0.4697 reliable=282 spec=8.75 pop=5917
  mpx-135 diag: trials=102720000 micro=7811 pop_spec=20.66 spec_max=32 q_mean=0.553 q_max=1.000 q_above_half=2963 marked=0.186 mark_density=0.880 exp_mean=5581.5 addr_spec=2.935 addr_random=1.072 addr_full=0.0477 correct=219
  mpx-135 traj: trials=102780000 wall=531774s knowledge=0.4704 reliable=279 spec=8.68 pop=5608
  mpx-135 diag: trials=102780000 micro=7554 pop_spec=21.30 spec_max=32 q_mean=0.552 q_max=1.000 q_above_half=2828 marked=0.193 mark_density=0.879 exp_mean=5894.9 addr_spec=3.046 addr_random=1.104 addr_full=0.0505 correct=219
  mpx-135 traj: trials=102840000 wall=531844s knowledge=0.4692 reliable=279 spec=8.71 pop=5844
  mpx-135 diag: trials=102840000 micro=7766 pop_spec=20.93 spec_max=32 q_mean=0.550 q_max=1.000 q_above_half=2876 marked=0.183 mark_density=0.879 exp_mean=5662.7 addr_spec=2.973 addr_random=1.086 addr_full=0.0479 correct=219
  mpx-135 traj: trials=102900000 wall=531967s knowledge=0.4693 reliable=277 spec=8.69 pop=5913
  mpx-135 diag: trials=102900000 micro=7780 pop_spec=20.75 spec_max=32 q_mean=0.552 q_max=1.000 q_above_half=3024 marked=0.203 mark_density=0.884 exp_mean=5602.5 addr_spec=2.908 addr_random=1.076 addr_full=0.0470 correct=219
  mpx-135 traj: trials=102960000 wall=532046s knowledge=0.4688 reliable=275 spec=8.66 pop=5689
  mpx-135 diag: trials=102960000 micro=7566 pop_spec=21.10 spec_max=32 q_mean=0.551 q_max=1.000 q_above_half=2834 marked=0.191 mark_density=0.879 exp_mean=5828.7 addr_spec=3.035 addr_random=1.094 addr_full=0.0494 correct=219
  mpx-135 traj: trials=103020000 wall=532173s knowledge=0.4700 reliable=276 spec=8.66 pop=6007
  mpx-135 diag: trials=103020000 micro=7921 pop_spec=20.56 spec_max=32 q_mean=0.549 q_max=1.000 q_above_half=3015 marked=0.199 mark_density=0.885 exp_mean=5525.8 addr_spec=2.942 addr_random=1.066 addr_full=0.0464 correct=220
  mpx-135 traj: trials=103080000 wall=532217s knowledge=0.4696 reliable=273 spec=8.64 pop=5640
  mpx-135 diag: trials=103080000 micro=7548 pop_spec=21.22 spec_max=32 q_mean=0.550 q_max=1.000 q_above_half=2781 marked=0.200 mark_density=0.882 exp_mean=5891.2 addr_spec=3.048 addr_random=1.100 addr_full=0.0502 correct=220
  mpx-135 traj: trials=103140000 wall=532255s knowledge=0.4703 reliable=276 spec=8.66 pop=5490
  mpx-135 diag: trials=103140000 micro=7411 pop_spec=21.29 spec_max=32 q_mean=0.553 q_max=1.000 q_above_half=2795 marked=0.193 mark_density=0.880 exp_mean=6057.9 addr_spec=3.082 addr_random=1.104 addr_full=0.0510 correct=220
  mpx-135 traj: trials=103200000 wall=532346s knowledge=0.4705 reliable=277 spec=8.65 pop=7981
  mpx-135 diag: trials=103200000 micro=9908 pop_spec=16.92 spec_max=32 q_mean=0.548 q_max=1.000 q_above_half=4146 marked=0.204 mark_density=0.907 exp_mean=4172.0 addr_spec=2.205 addr_random=0.877 addr_full=0.0346 correct=220
  mpx-135 traj: trials=103260000 wall=532391s knowledge=0.4705 reliable=277 spec=8.64 pop=5531
  mpx-135 diag: trials=103260000 micro=7444 pop_spec=21.29 spec_max=32 q_mean=0.550 q_max=1.000 q_above_half=2735 marked=0.188 mark_density=0.879 exp_mean=6025.3 addr_spec=3.108 addr_random=1.104 addr_full=0.0499 correct=220
  mpx-135 traj: trials=103320000 wall=532493s knowledge=0.4708 reliable=276 spec=8.59 pop=5879
  mpx-135 diag: trials=103320000 micro=7820 pop_spec=20.85 spec_max=32 q_mean=0.550 q_max=1.000 q_above_half=2868 marked=0.191 mark_density=0.882 exp_mean=5674.6 addr_spec=2.918 addr_random=1.081 addr_full=0.0464 correct=220
  mpx-135 traj: trials=103380000 wall=532587s knowledge=0.4699 reliable=273 spec=8.60 pop=5853
  mpx-135 diag: trials=103380000 micro=7771 pop_spec=20.88 spec_max=32 q_mean=0.551 q_max=1.000 q_above_half=2964 marked=0.195 mark_density=0.880 exp_mean=5705.5 addr_spec=2.990 addr_random=1.083 addr_full=0.0477 correct=220
  mpx-135 traj: trials=103440000 wall=532654s knowledge=0.4704 reliable=275 spec=8.61 pop=5720
  mpx-135 diag: trials=103440000 micro=7672 pop_spec=20.87 spec_max=32 q_mean=0.551 q_max=1.000 q_above_half=2886 marked=0.198 mark_density=0.883 exp_mean=5844.1 addr_spec=3.012 addr_random=1.082 addr_full=0.0493 correct=220
  mpx-135 traj: trials=103500000 wall=532700s knowledge=0.4707 reliable=273 spec=8.57 pop=5851
  mpx-135 diag: trials=103500000 micro=7788 pop_spec=20.52 spec_max=32 q_mean=0.555 q_max=1.000 q_above_half=3050 marked=0.203 mark_density=0.887 exp_mean=5719.1 addr_spec=2.912 addr_random=1.064 addr_full=0.0473 correct=221
  mpx-135 traj: trials=103560000 wall=532736s knowledge=0.4708 reliable=277 spec=8.63 pop=5583
  mpx-135 diag: trials=103560000 micro=7524 pop_spec=21.09 spec_max=32 q_mean=0.557 q_max=1.000 q_above_half=2880 marked=0.206 mark_density=0.885 exp_mean=5999.6 addr_spec=3.109 addr_random=1.094 addr_full=0.0512 correct=221
  mpx-135 traj: trials=103620000 wall=532805s knowledge=0.4727 reliable=277 spec=8.57 pop=5958
  mpx-135 diag: trials=103620000 micro=7897 pop_spec=20.60 spec_max=32 q_mean=0.551 q_max=1.000 q_above_half=2964 marked=0.191 mark_density=0.882 exp_mean=5627.8 addr_spec=2.950 addr_random=1.068 addr_full=0.0480 correct=222
  mpx-135 traj: trials=103680000 wall=532948s knowledge=0.4728 reliable=274 spec=8.55 pop=6409
  mpx-135 diag: trials=103680000 micro=8359 pop_spec=20.14 spec_max=32 q_mean=0.547 q_max=1.000 q_above_half=2917 marked=0.177 mark_density=0.882 exp_mean=5236.9 addr_spec=2.814 addr_random=1.044 addr_full=0.0431 correct=222
  mpx-135 traj: trials=103740000 wall=532985s knowledge=0.4734 reliable=279 spec=8.59 pop=5593
  mpx-135 diag: trials=103740000 micro=7492 pop_spec=21.13 spec_max=32 q_mean=0.554 q_max=1.000 q_above_half=2876 marked=0.203 mark_density=0.883 exp_mean=6006.8 addr_spec=3.069 addr_random=1.096 addr_full=0.0499 correct=223
  mpx-135 traj: trials=103800000 wall=533023s knowledge=0.4727 reliable=275 spec=8.56 pop=5519
  mpx-135 diag: trials=103800000 micro=7456 pop_spec=21.31 spec_max=32 q_mean=0.556 q_max=1.000 q_above_half=2859 marked=0.198 mark_density=0.880 exp_mean=6093.5 addr_spec=3.141 addr_random=1.105 addr_full=0.0500 correct=223
  mpx-135 traj: trials=103860000 wall=533066s knowledge=0.4713 reliable=272 spec=8.56 pop=5730
  mpx-135 diag: trials=103860000 micro=7620 pop_spec=20.86 spec_max=32 q_mean=0.554 q_max=1.000 q_above_half=2911 marked=0.200 mark_density=0.885 exp_mean=5874.9 addr_spec=3.012 addr_random=1.081 addr_full=0.0492 correct=222
  mpx-135 traj: trials=103920000 wall=533104s knowledge=0.4718 reliable=276 spec=8.57 pop=5611
  mpx-135 diag: trials=103920000 micro=7530 pop_spec=21.01 spec_max=32 q_mean=0.554 q_max=1.000 q_above_half=2862 marked=0.205 mark_density=0.885 exp_mean=6005.6 addr_spec=3.092 addr_random=1.089 addr_full=0.0487 correct=222
  mpx-135 traj: trials=103980000 wall=533214s knowledge=0.4713 reliable=273 spec=8.57 pop=6032
  mpx-135 diag: trials=103980000 micro=7929 pop_spec=20.49 spec_max=32 q_mean=0.550 q_max=1.000 q_above_half=2957 marked=0.198 mark_density=0.884 exp_mean=5592.2 addr_spec=2.932 addr_random=1.063 addr_full=0.0464 correct=222
  mpx-135 traj: trials=104040000 wall=533257s knowledge=0.4717 reliable=274 spec=8.52 pop=5676
  mpx-135 diag: trials=104040000 micro=7555 pop_spec=20.97 spec_max=32 q_mean=0.553 q_max=1.000 q_above_half=2873 marked=0.203 mark_density=0.885 exp_mean=5947.6 addr_spec=3.050 addr_random=1.087 addr_full=0.0479 correct=223
  mpx-135 traj: trials=104100000 wall=533315s knowledge=0.4701 reliable=267 spec=8.52 pop=5877
  mpx-135 diag: trials=104100000 micro=7838 pop_spec=20.61 spec_max=32 q_mean=0.550 q_max=1.000 q_above_half=2922 marked=0.205 mark_density=0.887 exp_mean=5713.7 addr_spec=2.949 addr_random=1.069 addr_full=0.0458 correct=222
  mpx-135 traj: trials=104160000 wall=533393s knowledge=0.4707 reliable=268 spec=8.49 pop=5999
  mpx-135 diag: trials=104160000 micro=7890 pop_spec=20.61 spec_max=32 q_mean=0.553 q_max=1.000 q_above_half=3087 marked=0.193 mark_density=0.881 exp_mean=5603.1 addr_spec=2.974 addr_random=1.068 addr_full=0.0458 correct=222
  mpx-135 traj: trials=104220000 wall=533432s knowledge=0.4695 reliable=267 spec=8.50 pop=5498
  mpx-135 diag: trials=104220000 micro=7357 pop_spec=21.37 spec_max=32 q_mean=0.553 q_max=1.000 q_above_half=2816 marked=0.189 mark_density=0.876 exp_mean=6119.4 addr_spec=3.078 addr_random=1.108 addr_full=0.0486 correct=221
  mpx-135 traj: trials=104280000 wall=533479s knowledge=0.4691 reliable=266 spec=8.49 pop=5640
  mpx-135 diag: trials=104280000 micro=7552 pop_spec=21.02 spec_max=32 q_mean=0.550 q_max=1.000 q_above_half=2844 marked=0.206 mark_density=0.884 exp_mean=5971.4 addr_spec=2.992 addr_random=1.090 addr_full=0.0473 correct=221
  mpx-135 traj: trials=104340000 wall=533624s knowledge=0.4688 reliable=263 spec=8.48 pop=5735
  mpx-135 diag: trials=104340000 micro=7642 pop_spec=21.08 spec_max=32 q_mean=0.552 q_max=1.000 q_above_half=2972 marked=0.186 mark_density=0.877 exp_mean=5878.4 addr_spec=2.980 addr_random=1.093 addr_full=0.0462 correct=221
  mpx-135 traj: trials=104400000 wall=533666s knowledge=0.4694 reliable=264 spec=8.45 pop=5660
  mpx-135 diag: trials=104400000 micro=7587 pop_spec=21.05 spec_max=32 q_mean=0.552 q_max=1.000 q_above_half=2855 marked=0.204 mark_density=0.883 exp_mean=5962.2 addr_spec=3.075 addr_random=1.091 addr_full=0.0481 correct=221
  mpx-135 traj: trials=104460000 wall=533721s knowledge=0.4698 reliable=266 spec=8.49 pop=5670
  mpx-135 diag: trials=104460000 micro=7641 pop_spec=21.07 spec_max=32 q_mean=0.553 q_max=1.000 q_above_half=2836 marked=0.190 mark_density=0.878 exp_mean=5957.5 addr_spec=3.128 addr_random=1.093 addr_full=0.0496 correct=221
  mpx-135 traj: trials=104520000 wall=533767s knowledge=0.4690 reliable=265 spec=8.48 pop=5578
  mpx-135 diag: trials=104520000 micro=7517 pop_spec=21.19 spec_max=32 q_mean=0.556 q_max=1.000 q_above_half=2903 marked=0.202 mark_density=0.881 exp_mean=6061.9 addr_spec=3.121 addr_random=1.099 addr_full=0.0482 correct=221
  mpx-135 traj: trials=104580000 wall=533976s knowledge=0.4692 reliable=265 spec=8.50 pop=6288
  mpx-135 diag: trials=104580000 micro=8201 pop_spec=20.27 spec_max=32 q_mean=0.548 q_max=1.000 q_above_half=3110 marked=0.203 mark_density=0.886 exp_mean=5382.9 addr_spec=2.824 addr_random=1.051 addr_full=0.0426 correct=221
  mpx-135 traj: trials=104640000 wall=534014s knowledge=0.4704 reliable=269 spec=8.52 pop=5584
  mpx-135 diag: trials=104640000 micro=7461 pop_spec=21.14 spec_max=32 q_mean=0.555 q_max=1.000 q_above_half=2926 marked=0.199 mark_density=0.880 exp_mean=6067.5 addr_spec=3.063 addr_random=1.096 addr_full=0.0482 correct=224
  mpx-135 traj: trials=104700000 wall=534064s knowledge=0.4700 reliable=273 spec=8.56 pop=5644
  mpx-135 diag: trials=104700000 micro=7516 pop_spec=21.06 spec_max=32 q_mean=0.554 q_max=1.000 q_above_half=2870 marked=0.195 mark_density=0.879 exp_mean=6009.0 addr_spec=3.103 addr_random=1.092 addr_full=0.0478 correct=222
  mpx-135 traj: trials=104760000 wall=534270s knowledge=0.4702 reliable=277 spec=8.63 pop=6234
  mpx-135 diag: trials=104760000 micro=8136 pop_spec=20.40 spec_max=32 q_mean=0.551 q_max=1.000 q_above_half=3126 marked=0.183 mark_density=0.878 exp_mean=5446.0 addr_spec=2.911 addr_random=1.058 addr_full=0.0446 correct=222
  mpx-135 traj: trials=104820000 wall=534327s knowledge=0.4709 reliable=277 spec=8.62 pop=5618
  mpx-135 diag: trials=104820000 micro=7517 pop_spec=21.25 spec_max=32 q_mean=0.557 q_max=1.000 q_above_half=2966 marked=0.186 mark_density=0.875 exp_mean=6049.0 addr_spec=3.108 addr_random=1.102 addr_full=0.0488 correct=222
  mpx-135 traj: trials=104880000 wall=534444s knowledge=0.4713 reliable=279 spec=8.65 pop=6221
  mpx-135 diag: trials=104880000 micro=8123 pop_spec=20.09 spec_max=32 q_mean=0.552 q_max=1.000 q_above_half=3158 marked=0.204 mark_density=0.887 exp_mean=5468.5 addr_spec=2.836 addr_random=1.042 addr_full=0.0436 correct=222
  mpx-135 traj: trials=104940000 wall=534519s knowledge=0.4699 reliable=274 spec=8.58 pop=6002
  mpx-135 diag: trials=104940000 micro=7951 pop_spec=20.53 spec_max=32 q_mean=0.553 q_max=1.000 q_above_half=3015 marked=0.197 mark_density=0.882 exp_mean=5673.4 addr_spec=2.973 addr_random=1.064 addr_full=0.0452 correct=222
  mpx-135 traj: trials=105000000 wall=534572s knowledge=0.4699 reliable=275 spec=8.64 pop=5766
  mpx-135 diag: trials=105000000 micro=7669 pop_spec=20.71 spec_max=32 q_mean=0.556 q_max=1.000 q_above_half=3000 marked=0.202 mark_density=0.883 exp_mean=5911.4 addr_spec=3.041 addr_random=1.074 addr_full=0.0458 correct=221
  mpx-135 traj: trials=105060000 wall=534634s knowledge=0.4680 reliable=269 spec=8.55 pop=5827
  mpx-135 diag: trials=105060000 micro=7693 pop_spec=20.62 spec_max=32 q_mean=0.558 q_max=1.000 q_above_half=3087 marked=0.205 mark_density=0.885 exp_mean=5854.7 addr_spec=3.042 addr_random=1.069 addr_full=0.0469 correct=222
  mpx-135 traj: trials=105120000 wall=534689s knowledge=0.4683 reliable=270 spec=8.57 pop=5616
  mpx-135 diag: trials=105120000 micro=7507 pop_spec=21.12 spec_max=32 q_mean=0.557 q_max=1.000 q_above_half=2906 marked=0.204 mark_density=0.881 exp_mean=6080.5 addr_spec=3.139 addr_random=1.095 addr_full=0.0490 correct=222
  mpx-135 traj: trials=105180000 wall=534730s knowledge=0.4693 reliable=274 spec=8.60 pop=5699
  mpx-135 diag: trials=105180000 micro=7561 pop_spec=20.92 spec_max=32 q_mean=0.557 q_max=1.000 q_above_half=2972 marked=0.201 mark_density=0.882 exp_mean=5998.0 addr_spec=3.078 addr_random=1.085 addr_full=0.0479 correct=223
  mpx-135 traj: trials=105240000 wall=534828s knowledge=0.4681 reliable=268 spec=8.55 pop=6250
  mpx-135 diag: trials=105240000 micro=8141 pop_spec=20.21 spec_max=32 q_mean=0.550 q_max=1.000 q_above_half=2977 marked=0.185 mark_density=0.882 exp_mean=5474.6 addr_spec=2.850 addr_random=1.048 addr_full=0.0442 correct=222
  mpx-135 traj: trials=105300000 wall=534883s knowledge=0.4681 reliable=267 spec=8.52 pop=5780
  mpx-135 diag: trials=105300000 micro=7668 pop_spec=20.66 spec_max=32 q_mean=0.553 q_max=1.000 q_above_half=3003 marked=0.203 mark_density=0.883 exp_mean=5925.6 addr_spec=2.996 addr_random=1.071 addr_full=0.0472 correct=222
  mpx-135 traj: trials=105360000 wall=534927s knowledge=0.4691 reliable=266 spec=8.47 pop=5749
  mpx-135 diag: trials=105360000 micro=7726 pop_spec=20.82 spec_max=32 q_mean=0.553 q_max=1.000 q_above_half=2903 marked=0.199 mark_density=0.882 exp_mean=5963.4 addr_spec=2.994 addr_random=1.080 addr_full=0.0475 correct=223
  mpx-135 traj: trials=105420000 wall=534974s knowledge=0.4689 reliable=263 spec=8.44 pop=5629
  mpx-135 diag: trials=105420000 micro=7557 pop_spec=21.12 spec_max=32 q_mean=0.552 q_max=1.000 q_above_half=2834 marked=0.197 mark_density=0.880 exp_mean=6096.5 addr_spec=3.065 addr_random=1.095 addr_full=0.0485 correct=223
  mpx-135 traj: trials=105480000 wall=535041s knowledge=0.4692 reliable=273 spec=8.57 pop=6062
  mpx-135 diag: trials=105480000 micro=7939 pop_spec=20.21 spec_max=32 q_mean=0.550 q_max=1.000 q_above_half=3038 marked=0.220 mark_density=0.892 exp_mean=5666.1 addr_spec=2.899 addr_random=1.048 addr_full=0.0455 correct=223
  mpx-135 traj: trials=105540000 wall=535124s knowledge=0.4687 reliable=276 spec=8.63 pop=5688
  mpx-135 diag: trials=105540000 micro=7576 pop_spec=20.96 spec_max=32 q_mean=0.556 q_max=1.000 q_above_half=2984 marked=0.203 mark_density=0.882 exp_mean=6044.5 addr_spec=3.058 addr_random=1.087 addr_full=0.0478 correct=223
  mpx-135 traj: trials=105600000 wall=535187s knowledge=0.4679 reliable=269 spec=8.58 pop=5987
  mpx-135 diag: trials=105600000 micro=7916 pop_spec=20.61 spec_max=32 q_mean=0.552 q_max=1.000 q_above_half=2926 marked=0.191 mark_density=0.880 exp_mean=5748.1 addr_spec=2.928 addr_random=1.069 addr_full=0.0453 correct=222
  mpx-135 traj: trials=105660000 wall=535251s knowledge=0.4694 reliable=274 spec=8.62 pop=5977
  mpx-135 diag: trials=105660000 micro=7846 pop_spec=20.52 spec_max=32 q_mean=0.553 q_max=1.000 q_above_half=2982 marked=0.193 mark_density=0.883 exp_mean=5763.4 addr_spec=2.918 addr_random=1.064 addr_full=0.0460 correct=223
  mpx-135 traj: trials=105720000 wall=535330s knowledge=0.4702 reliable=274 spec=8.53 pop=5752
  mpx-135 diag: trials=105720000 micro=7654 pop_spec=20.79 spec_max=32 q_mean=0.553 q_max=1.000 q_above_half=2942 marked=0.210 mark_density=0.885 exp_mean=5966.7 addr_spec=3.032 addr_random=1.078 addr_full=0.0455 correct=223
  mpx-135 traj: trials=105780000 wall=535557s knowledge=0.4690 reliable=266 spec=8.50 pop=6609
  mpx-135 diag: trials=105780000 micro=8513 pop_spec=20.00 spec_max=32 q_mean=0.547 q_max=1.000 q_above_half=3277 marked=0.176 mark_density=0.877 exp_mean=5198.2 addr_spec=2.714 addr_random=1.037 addr_full=0.0412 correct=223
  mpx-135 traj: trials=105840000 wall=535598s knowledge=0.4677 reliable=265 spec=8.48 pop=5771
  mpx-135 diag: trials=105840000 micro=7623 pop_spec=20.85 spec_max=32 q_mean=0.553 q_max=1.000 q_above_half=2963 marked=0.211 mark_density=0.883 exp_mean=5958.7 addr_spec=3.032 addr_random=1.081 addr_full=0.0473 correct=223
  mpx-135 traj: trials=105900000 wall=535696s knowledge=0.4688 reliable=265 spec=8.49 pop=6342
  mpx-135 diag: trials=105900000 micro=8200 pop_spec=20.20 spec_max=32 q_mean=0.549 q_max=1.000 q_above_half=2977 marked=0.181 mark_density=0.880 exp_mean=5427.5 addr_spec=2.781 addr_random=1.048 addr_full=0.0448 correct=223
  mpx-135 traj: trials=105960000 wall=535797s knowledge=0.4688 reliable=266 spec=8.49 pop=6333
  mpx-135 diag: trials=105960000 micro=8222 pop_spec=20.11 spec_max=32 q_mean=0.549 q_max=1.000 q_above_half=3108 marked=0.188 mark_density=0.882 exp_mean=5440.6 addr_spec=2.823 addr_random=1.043 addr_full=0.0436 correct=223
  mpx-135 traj: trials=106020000 wall=535840s knowledge=0.4694 reliable=269 spec=8.53 pop=5797
  mpx-135 diag: trials=106020000 micro=7699 pop_spec=20.73 spec_max=32 q_mean=0.553 q_max=1.000 q_above_half=2989 marked=0.191 mark_density=0.879 exp_mean=5949.4 addr_spec=3.015 addr_random=1.075 addr_full=0.0478 correct=223
  mpx-135 traj: trials=106080000 wall=535936s knowledge=0.4685 reliable=270 spec=8.44 pop=6115
  mpx-135 diag: trials=106080000 micro=8028 pop_spec=20.45 spec_max=32 q_mean=0.548 q_max=1.000 q_above_half=2963 marked=0.192 mark_density=0.882 exp_mean=5645.4 addr_spec=2.831 addr_random=1.060 addr_full=0.0458 correct=222
  mpx-135 traj: trials=106140000 wall=535980s knowledge=0.4678 reliable=262 spec=8.49 pop=5748
  mpx-135 diag: trials=106140000 micro=7670 pop_spec=20.82 spec_max=32 q_mean=0.553 q_max=1.000 q_above_half=2940 marked=0.203 mark_density=0.883 exp_mean=6011.7 addr_spec=2.977 addr_random=1.080 addr_full=0.0473 correct=222
  mpx-135 traj: trials=106200000 wall=536022s knowledge=0.4684 reliable=267 spec=8.55 pop=5641
  mpx-135 diag: trials=106200000 micro=7561 pop_spec=20.97 spec_max=32 q_mean=0.552 q_max=1.000 q_above_half=2837 marked=0.203 mark_density=0.882 exp_mean=6131.7 addr_spec=3.051 addr_random=1.087 addr_full=0.0468 correct=222
  mpx-135 traj: trials=106260000 wall=536514s knowledge=0.4685 reliable=271 spec=8.60 pop=6944
  mpx-135 diag: trials=106260000 micro=8822 pop_spec=19.53 spec_max=32 q_mean=0.542 q_max=1.000 q_above_half=3292 marked=0.191 mark_density=0.885 exp_mean=4986.3 addr_spec=2.547 addr_random=1.013 addr_full=0.0395 correct=222
  mpx-135 traj: trials=106320000 wall=536628s knowledge=0.4691 reliable=275 spec=8.63 pop=6135
  mpx-135 diag: trials=106320000 micro=8048 pop_spec=20.23 spec_max=32 q_mean=0.549 q_max=1.000 q_above_half=3134 marked=0.204 mark_density=0.885 exp_mean=5642.7 addr_spec=2.785 addr_random=1.049 addr_full=0.0437 correct=222
  mpx-135 traj: trials=106380000 wall=536697s knowledge=0.4680 reliable=269 spec=8.57 pop=6255
  mpx-135 diag: trials=106380000 micro=8190 pop_spec=19.53 spec_max=32 q_mean=0.551 q_max=1.000 q_above_half=3308 marked=0.221 mark_density=0.896 exp_mean=5539.9 addr_spec=2.753 addr_random=1.013 addr_full=0.0433 correct=222
  mpx-135 traj: trials=106440000 wall=536740s knowledge=0.4670 reliable=271 spec=8.62 pop=5567
  mpx-135 diag: trials=106440000 micro=7483 pop_spec=21.06 spec_max=32 q_mean=0.555 q_max=1.000 q_above_half=2930 marked=0.197 mark_density=0.880 exp_mean=6230.2 addr_spec=3.029 addr_random=1.092 addr_full=0.0480 correct=221
  mpx-135 traj: trials=106500000 wall=536815s knowledge=0.4676 reliable=272 spec=8.64 pop=5600
  mpx-135 diag: trials=106500000 micro=7486 pop_spec=21.09 spec_max=32 q_mean=0.554 q_max=1.000 q_above_half=2909 marked=0.208 mark_density=0.881 exp_mean=6199.6 addr_spec=3.019 addr_random=1.094 addr_full=0.0486 correct=221
  mpx-135 traj: trials=106560000 wall=537008s knowledge=0.4674 reliable=268 spec=8.59 pop=5660
  mpx-135 diag: trials=106560000 micro=7543 pop_spec=20.95 spec_max=32 q_mean=0.553 q_max=1.000 q_above_half=2915 marked=0.205 mark_density=0.882 exp_mean=6139.8 addr_spec=3.056 addr_random=1.087 addr_full=0.0468 correct=221
  mpx-135 traj: trials=106620000 wall=537047s knowledge=0.4678 reliable=273 spec=8.67 pop=5747
  mpx-135 diag: trials=106620000 micro=7682 pop_spec=20.57 spec_max=32 q_mean=0.553 q_max=1.000 q_above_half=2951 marked=0.215 mark_density=0.888 exp_mean=6052.7 addr_spec=2.991 addr_random=1.066 addr_full=0.0484 correct=221
  mpx-135 traj: trials=106680000 wall=537086s knowledge=0.4682 reliable=274 spec=8.67 pop=5519
  mpx-135 diag: trials=106680000 micro=7417 pop_spec=21.09 spec_max=32 q_mean=0.555 q_max=1.000 q_above_half=2828 marked=0.204 mark_density=0.881 exp_mean=6308.8 addr_spec=3.120 addr_random=1.094 addr_full=0.0495 correct=221
  mpx-135 traj: trials=106740000 wall=537147s knowledge=0.4680 reliable=280 spec=8.76 pop=5797
  mpx-135 diag: trials=106740000 micro=7740 pop_spec=20.83 spec_max=32 q_mean=0.555 q_max=1.000 q_above_half=2994 marked=0.204 mark_density=0.882 exp_mean=6012.2 addr_spec=3.048 addr_random=1.080 addr_full=0.0474 correct=221
  mpx-135 traj: trials=106800000 wall=537191s knowledge=0.4680 reliable=276 spec=8.69 pop=5670
  mpx-135 diag: trials=106800000 micro=7629 pop_spec=20.94 spec_max=32 q_mean=0.559 q_max=1.000 q_above_half=2990 marked=0.204 mark_density=0.880 exp_mean=6152.9 addr_spec=3.170 addr_random=1.086 addr_full=0.0487 correct=222
  mpx-135 traj: trials=106860000 wall=537230s knowledge=0.4682 reliable=274 spec=8.68 pop=6208
  mpx-135 diag: trials=106860000 micro=8109 pop_spec=19.41 spec_max=32 q_mean=0.554 q_max=1.000 q_above_half=3185 marked=0.240 mark_density=0.900 exp_mean=5625.4 addr_spec=2.878 addr_random=1.006 addr_full=0.0433 correct=221
  mpx-135 traj: trials=106920000 wall=537302s knowledge=0.4691 reliable=275 spec=8.69 pop=5880
  mpx-135 diag: trials=106920000 micro=7798 pop_spec=20.51 spec_max=32 q_mean=0.557 q_max=1.000 q_above_half=3107 marked=0.213 mark_density=0.885 exp_mean=5944.7 addr_spec=2.996 addr_random=1.063 addr_full=0.0463 correct=222
  mpx-135 traj: trials=106980000 wall=537411s knowledge=0.4680 reliable=276 spec=8.72 pop=5655
  mpx-135 diag: trials=106980000 micro=7601 pop_spec=21.08 spec_max=32 q_mean=0.556 q_max=1.000 q_above_half=2949 marked=0.201 mark_density=0.878 exp_mean=6187.0 addr_spec=3.049 addr_random=1.093 addr_full=0.0481 correct=221
  mpx-135 traj: trials=107040000 wall=537486s knowledge=0.4680 reliable=273 spec=8.67 pop=5647
  mpx-135 diag: trials=107040000 micro=7548 pop_spec=21.14 spec_max=32 q_mean=0.555 q_max=1.000 q_above_half=2905 marked=0.193 mark_density=0.875 exp_mean=6201.8 addr_spec=3.075 addr_random=1.096 addr_full=0.0469 correct=221
  mpx-135 traj: trials=107100000 wall=537529s knowledge=0.4680 reliable=274 spec=8.68 pop=5711
  mpx-135 diag: trials=107100000 micro=7624 pop_spec=20.72 spec_max=32 q_mean=0.556 q_max=1.000 q_above_half=3038 marked=0.205 mark_density=0.883 exp_mean=6138.2 addr_spec=2.993 addr_random=1.074 addr_full=0.0473 correct=221
  mpx-135 traj: trials=107160000 wall=537567s knowledge=0.4681 reliable=273 spec=8.68 pop=5475
  mpx-135 diag: trials=107160000 micro=7358 pop_spec=21.27 spec_max=32 q_mean=0.555 q_max=1.000 q_above_half=2820 marked=0.202 mark_density=0.880 exp_mean=6408.7 addr_spec=3.157 addr_random=1.103 addr_full=0.0504 correct=221
  mpx-135 traj: trials=107220000 wall=537638s knowledge=0.4686 reliable=277 spec=8.74 pop=5836
  mpx-135 diag: trials=107220000 micro=7785 pop_spec=20.71 spec_max=32 q_mean=0.552 q_max=1.000 q_above_half=2930 marked=0.191 mark_density=0.878 exp_mean=6018.1 addr_spec=3.015 addr_random=1.074 addr_full=0.0478 correct=221
  mpx-135 traj: trials=107280000 wall=537679s knowledge=0.4684 reliable=276 spec=8.70 pop=5460
  mpx-135 diag: trials=107280000 micro=7395 pop_spec=21.29 spec_max=32 q_mean=0.554 q_max=1.000 q_above_half=2793 marked=0.204 mark_density=0.880 exp_mean=6438.6 addr_spec=3.150 addr_random=1.104 addr_full=0.0500 correct=222
  mpx-135 traj: trials=107340000 wall=537842s knowledge=0.4681 reliable=275 spec=8.65 pop=5978
  mpx-135 diag: trials=107340000 micro=7868 pop_spec=20.60 spec_max=32 q_mean=0.551 q_max=1.000 q_above_half=3046 marked=0.205 mark_density=0.882 exp_mean=5886.4 addr_spec=2.926 addr_random=1.068 addr_full=0.0443 correct=221
  mpx-135 traj: trials=107400000 wall=537949s knowledge=0.4676 reliable=271 spec=8.65 pop=6098
  mpx-135 diag: trials=107400000 micro=8041 pop_spec=20.47 spec_max=32 q_mean=0.552 q_max=1.000 q_above_half=3170 marked=0.191 mark_density=0.879 exp_mean=5776.1 addr_spec=2.914 addr_random=1.062 addr_full=0.0443 correct=221
  mpx-135 traj: trials=107460000 wall=537988s knowledge=0.4676 reliable=269 spec=8.60 pop=5651
  mpx-135 diag: trials=107460000 micro=7511 pop_spec=20.92 spec_max=32 q_mean=0.553 q_max=1.000 q_above_half=2894 marked=0.211 mark_density=0.883 exp_mean=6238.9 addr_spec=3.027 addr_random=1.085 addr_full=0.0481 correct=221
  mpx-135 traj: trials=107520000 wall=538035s knowledge=0.4675 reliable=267 spec=8.59 pop=5616
  mpx-135 diag: trials=107520000 micro=7479 pop_spec=21.01 spec_max=32 q_mean=0.554 q_max=1.000 q_above_half=2887 marked=0.199 mark_density=0.880 exp_mean=6283.6 addr_spec=3.045 addr_random=1.089 addr_full=0.0477 correct=221
  mpx-135 traj: trials=107580000 wall=538132s knowledge=0.4685 reliable=271 spec=8.62 pop=6066
  mpx-135 diag: trials=107580000 micro=7938 pop_spec=20.30 spec_max=32 q_mean=0.548 q_max=1.000 q_above_half=2922 marked=0.200 mark_density=0.885 exp_mean=5823.2 addr_spec=2.886 addr_random=1.053 addr_full=0.0450 correct=222
  mpx-135 traj: trials=107640000 wall=538195s knowledge=0.4686 reliable=272 spec=8.62 pop=5813
  mpx-135 diag: trials=107640000 micro=7682 pop_spec=20.72 spec_max=32 q_mean=0.550 q_max=1.000 q_above_half=2882 marked=0.197 mark_density=0.882 exp_mean=6082.4 addr_spec=2.957 addr_random=1.074 addr_full=0.0470 correct=221
  mpx-135 traj: trials=107700000 wall=538273s knowledge=0.4676 reliable=267 spec=8.58 pop=5994
  mpx-135 diag: trials=107700000 micro=7910 pop_spec=20.35 spec_max=32 q_mean=0.547 q_max=1.000 q_above_half=2901 marked=0.196 mark_density=0.885 exp_mean=5904.3 addr_spec=2.842 addr_random=1.055 addr_full=0.0454 correct=221
  mpx-135 traj: trials=107760000 wall=538384s knowledge=0.4677 reliable=270 spec=8.61 pop=5727
  mpx-135 diag: trials=107760000 micro=7606 pop_spec=20.89 spec_max=32 q_mean=0.550 q_max=1.000 q_above_half=2874 marked=0.204 mark_density=0.880 exp_mean=6185.5 addr_spec=2.946 addr_random=1.083 addr_full=0.0464 correct=221
  mpx-135 traj: trials=107820000 wall=538458s knowledge=0.4680 reliable=267 spec=8.54 pop=5580
  mpx-135 diag: trials=107820000 micro=7501 pop_spec=21.19 spec_max=32 q_mean=0.551 q_max=1.000 q_above_half=2839 marked=0.184 mark_density=0.871 exp_mean=6354.4 addr_spec=3.036 addr_random=1.099 addr_full=0.0484 correct=221
  mpx-135 traj: trials=107880000 wall=538561s knowledge=0.4680 reliable=267 spec=8.54 pop=5853
  mpx-135 diag: trials=107880000 micro=7769 pop_spec=20.68 spec_max=32 q_mean=0.550 q_max=1.000 q_above_half=2987 marked=0.194 mark_density=0.880 exp_mean=6063.8 addr_spec=2.884 addr_random=1.073 addr_full=0.0472 correct=221
  mpx-135 traj: trials=107940000 wall=538628s knowledge=0.4679 reliable=265 spec=8.53 pop=5891
  mpx-135 diag: trials=107940000 micro=7785 pop_spec=20.53 spec_max=32 q_mean=0.548 q_max=1.000 q_above_half=2873 marked=0.210 mark_density=0.886 exp_mean=6030.4 addr_spec=2.890 addr_random=1.065 addr_full=0.0463 correct=221
  mpx-135 traj: trials=108000000 wall=538708s knowledge=0.4681 reliable=265 spec=8.53 pop=5806
  mpx-135 diag: trials=108000000 micro=7708 pop_spec=20.68 spec_max=32 q_mean=0.550 q_max=1.000 q_above_half=2911 marked=0.193 mark_density=0.880 exp_mean=6124.4 addr_spec=2.903 addr_random=1.073 addr_full=0.0456 correct=221
  mpx-135 traj: trials=108060000 wall=538789s knowledge=0.4686 reliable=267 spec=8.52 pop=5636
  mpx-135 diag: trials=108060000 micro=7567 pop_spec=21.06 spec_max=32 q_mean=0.552 q_max=1.000 q_above_half=2872 marked=0.196 mark_density=0.877 exp_mean=6315.0 addr_spec=3.023 addr_random=1.092 addr_full=0.0479 correct=221
  mpx-135 traj: trials=108120000 wall=538862s knowledge=0.4689 reliable=267 spec=8.52 pop=6162
  mpx-135 diag: trials=108120000 micro=8038 pop_spec=20.19 spec_max=32 q_mean=0.551 q_max=1.000 q_above_half=3018 marked=0.197 mark_density=0.885 exp_mean=5781.5 addr_spec=2.800 addr_random=1.047 addr_full=0.0435 correct=222
  mpx-135 traj: trials=108180000 wall=538937s knowledge=0.4680 reliable=267 spec=8.55 pop=5475
  mpx-135 diag: trials=108180000 micro=7423 pop_spec=21.31 spec_max=32 q_mean=0.551 q_max=1.000 q_above_half=2731 marked=0.192 mark_density=0.876 exp_mean=6512.9 addr_spec=3.078 addr_random=1.105 addr_full=0.0486 correct=221
  mpx-135 traj: trials=108240000 wall=538979s knowledge=0.4679 reliable=268 spec=8.60 pop=5561
  mpx-135 diag: trials=108240000 micro=7467 pop_spec=20.98 spec_max=32 q_mean=0.551 q_max=1.000 q_above_half=2810 marked=0.199 mark_density=0.882 exp_mean=6418.3 addr_spec=2.973 addr_random=1.088 addr_full=0.0468 correct=221
  mpx-135 traj: trials=108300000 wall=539022s knowledge=0.4679 reliable=267 spec=8.54 pop=5443
  mpx-135 diag: trials=108300000 micro=7334 pop_spec=21.24 spec_max=32 q_mean=0.553 q_max=1.000 q_above_half=2783 marked=0.198 mark_density=0.878 exp_mean=6563.6 addr_spec=3.027 addr_random=1.101 addr_full=0.0491 correct=221
  mpx-135 traj: trials=108360000 wall=539138s knowledge=0.4678 reliable=265 spec=8.54 pop=5981
  mpx-135 diag: trials=108360000 micro=7959 pop_spec=20.35 spec_max=32 q_mean=0.549 q_max=1.000 q_above_half=3001 marked=0.196 mark_density=0.883 exp_mean=5979.0 addr_spec=2.873 addr_random=1.055 addr_full=0.0446 correct=221
  mpx-135 traj: trials=108420000 wall=539288s knowledge=0.4679 reliable=267 spec=8.59 pop=5597
  mpx-135 diag: trials=108420000 micro=7518 pop_spec=21.08 spec_max=32 q_mean=0.553 q_max=1.000 q_above_half=2902 marked=0.194 mark_density=0.876 exp_mean=6395.2 addr_spec=3.041 addr_random=1.093 addr_full=0.0472 correct=221
  mpx-135 traj: trials=108480000 wall=539406s knowledge=0.4692 reliable=268 spec=8.57 pop=6163
  mpx-135 diag: trials=108480000 micro=8020 pop_spec=20.10 spec_max=32 q_mean=0.548 q_max=1.000 q_above_half=3010 marked=0.191 mark_density=0.884 exp_mean=5813.5 addr_spec=2.768 addr_random=1.042 addr_full=0.0428 correct=221
  mpx-135 traj: trials=108540000 wall=539455s knowledge=0.4679 reliable=265 spec=8.55 pop=5607
  mpx-135 diag: trials=108540000 micro=7559 pop_spec=21.11 spec_max=32 q_mean=0.550 q_max=1.000 q_above_half=2807 marked=0.185 mark_density=0.875 exp_mean=6395.7 addr_spec=2.986 addr_random=1.095 addr_full=0.0480 correct=221
  mpx-135 traj: trials=108600000 wall=539494s knowledge=0.4679 reliable=266 spec=8.56 pop=5623
  mpx-135 diag: trials=108600000 micro=7513 pop_spec=20.79 spec_max=32 q_mean=0.549 q_max=1.000 q_above_half=2831 marked=0.209 mark_density=0.886 exp_mean=6383.6 addr_spec=2.953 addr_random=1.078 addr_full=0.0462 correct=222
  mpx-135 traj: trials=108660000 wall=539536s knowledge=0.4675 reliable=264 spec=8.54 pop=5513
  mpx-135 diag: trials=108660000 micro=7432 pop_spec=21.11 spec_max=32 q_mean=0.551 q_max=1.000 q_above_half=2776 marked=0.191 mark_density=0.878 exp_mean=6517.0 addr_spec=3.063 addr_random=1.095 addr_full=0.0488 correct=222
  mpx-135 traj: trials=108720000 wall=539627s knowledge=0.4672 reliable=262 spec=8.50 pop=5747
  mpx-135 diag: trials=108720000 micro=7681 pop_spec=20.82 spec_max=32 q_mean=0.551 q_max=1.000 q_above_half=2905 marked=0.203 mark_density=0.881 exp_mean=6257.6 addr_spec=2.995 addr_random=1.080 addr_full=0.0466 correct=222
  mpx-135 traj: trials=108780000 wall=539697s knowledge=0.4682 reliable=272 spec=8.54 pop=5692
  mpx-135 diag: trials=108780000 micro=7561 pop_spec=20.63 spec_max=32 q_mean=0.552 q_max=1.000 q_above_half=2939 marked=0.210 mark_density=0.886 exp_mean=6324.2 addr_spec=2.937 addr_random=1.070 addr_full=0.0467 correct=222
  mpx-135 traj: trials=108840000 wall=539745s knowledge=0.4676 reliable=267 spec=8.55 pop=5499
  mpx-135 diag: trials=108840000 micro=7408 pop_spec=21.11 spec_max=32 q_mean=0.554 q_max=1.000 q_above_half=2839 marked=0.196 mark_density=0.879 exp_mean=6552.1 addr_spec=2.989 addr_random=1.094 addr_full=0.0487 correct=222
  mpx-135 traj: trials=108900000 wall=539807s knowledge=0.4668 reliable=264 spec=8.50 pop=5793
  mpx-135 diag: trials=108900000 micro=7719 pop_spec=20.75 spec_max=32 q_mean=0.551 q_max=1.000 q_above_half=2898 marked=0.196 mark_density=0.880 exp_mean=6188.1 addr_spec=2.937 addr_random=1.076 addr_full=0.0459 correct=222
  mpx-135 traj: trials=108960000 wall=539881s knowledge=0.4662 reliable=266 spec=8.59 pop=5818
  mpx-135 diag: trials=108960000 micro=7699 pop_spec=20.71 spec_max=32 q_mean=0.552 q_max=1.000 q_above_half=2951 marked=0.195 mark_density=0.879 exp_mean=6166.2 addr_spec=3.029 addr_random=1.074 addr_full=0.0455 correct=222
  mpx-135 traj: trials=109020000 wall=539928s knowledge=0.4665 reliable=271 spec=8.60 pop=5559
  mpx-135 diag: trials=109020000 micro=7451 pop_spec=21.07 spec_max=32 q_mean=0.553 q_max=1.000 q_above_half=2827 marked=0.207 mark_density=0.881 exp_mean=6459.5 addr_spec=3.053 addr_random=1.092 addr_full=0.0480 correct=222
  mpx-135 traj: trials=109080000 wall=540015s knowledge=0.4680 reliable=269 spec=8.60 pop=10110
  mpx-135 diag: trials=109080000 micro=11952 pop_spec=13.98 spec_max=32 q_mean=0.530 q_max=1.000 q_above_half=4608 marked=0.349 mark_density=0.938 exp_mean=3556.9 addr_spec=1.790 addr_random=0.725 addr_full=0.0265 correct=222
  mpx-135 traj: trials=109140000 wall=540083s knowledge=0.4681 reliable=266 spec=8.51 pop=5590
  mpx-135 diag: trials=109140000 micro=7442 pop_spec=21.06 spec_max=32 q_mean=0.553 q_max=1.000 q_above_half=2870 marked=0.200 mark_density=0.880 exp_mean=6435.8 addr_spec=3.009 addr_random=1.092 addr_full=0.0485 correct=222
  mpx-135 traj: trials=109200000 wall=540133s knowledge=0.4697 reliable=267 spec=8.54 pop=5485
  mpx-135 diag: trials=109200000 micro=7369 pop_spec=21.21 spec_max=32 q_mean=0.552 q_max=1.000 q_above_half=2784 marked=0.202 mark_density=0.879 exp_mean=6565.1 addr_spec=2.999 addr_random=1.100 addr_full=0.0487 correct=223
  mpx-135 traj: trials=109260000 wall=540211s knowledge=0.4697 reliable=270 spec=8.54 pop=5559
  mpx-135 diag: trials=109260000 micro=7487 pop_spec=20.96 spec_max=32 q_mean=0.552 q_max=1.000 q_above_half=2853 marked=0.208 mark_density=0.882 exp_mean=6483.8 addr_spec=2.980 addr_random=1.087 addr_full=0.0471 correct=223
  mpx-135 traj: trials=109320000 wall=540355s knowledge=0.4705 reliable=267 spec=8.50 pop=5907
  mpx-135 diag: trials=109320000 micro=7853 pop_spec=20.62 spec_max=32 q_mean=0.551 q_max=1.000 q_above_half=2979 marked=0.198 mark_density=0.878 exp_mean=6107.7 addr_spec=2.901 addr_random=1.069 addr_full=0.0454 correct=223
  mpx-135 traj: trials=109380000 wall=540448s knowledge=0.4711 reliable=269 spec=8.51 pop=6049
  mpx-135 diag: trials=109380000 micro=7984 pop_spec=20.34 spec_max=32 q_mean=0.550 q_max=1.000 q_above_half=2978 marked=0.200 mark_density=0.884 exp_mean=5970.0 addr_spec=2.815 addr_random=1.055 addr_full=0.0446 correct=224
  mpx-135 traj: trials=109440000 wall=540557s knowledge=0.4698 reliable=263 spec=8.48 pop=6132
  mpx-135 diag: trials=109440000 micro=8080 pop_spec=20.23 spec_max=32 q_mean=0.546 q_max=1.000 q_above_half=2966 marked=0.196 mark_density=0.883 exp_mean=5894.5 addr_spec=2.800 addr_random=1.049 addr_full=0.0448 correct=224
  mpx-135 traj: trials=109500000 wall=540599s knowledge=0.4694 reliable=261 spec=8.45 pop=5641
  mpx-135 diag: trials=109500000 micro=7578 pop_spec=20.96 spec_max=32 q_mean=0.550 q_max=1.000 q_above_half=2824 marked=0.198 mark_density=0.879 exp_mean=6413.3 addr_spec=2.951 addr_random=1.087 addr_full=0.0491 correct=223
  mpx-135 traj: trials=109560000 wall=540670s knowledge=0.4700 reliable=264 spec=8.47 pop=5825
  mpx-135 diag: trials=109560000 micro=7746 pop_spec=20.46 spec_max=32 q_mean=0.552 q_max=1.000 q_above_half=2998 marked=0.198 mark_density=0.883 exp_mean=6216.6 addr_spec=2.895 addr_random=1.061 addr_full=0.0469 correct=223
  mpx-135 traj: trials=109620000 wall=540746s knowledge=0.4705 reliable=266 spec=8.47 pop=5584
  mpx-135 diag: trials=109620000 micro=7504 pop_spec=20.98 spec_max=32 q_mean=0.550 q_max=1.000 q_above_half=2799 marked=0.193 mark_density=0.878 exp_mean=6490.9 addr_spec=2.953 addr_random=1.088 addr_full=0.0485 correct=223
  mpx-135 traj: trials=109680000 wall=540788s knowledge=0.4708 reliable=268 spec=8.50 pop=5420
  mpx-135 diag: trials=109680000 micro=7302 pop_spec=21.11 spec_max=32 q_mean=0.551 q_max=1.000 q_above_half=2727 marked=0.210 mark_density=0.883 exp_mean=6693.7 addr_spec=3.066 addr_random=1.094 addr_full=0.0504 correct=224
  mpx-135 traj: trials=109740000 wall=540871s knowledge=0.4714 reliable=267 spec=8.49 pop=5536
  mpx-135 diag: trials=109740000 micro=7455 pop_spec=21.05 spec_max=32 q_mean=0.550 q_max=1.000 q_above_half=2800 marked=0.200 mark_density=0.879 exp_mean=6559.5 addr_spec=2.977 addr_random=1.091 addr_full=0.0491 correct=224
  mpx-135 traj: trials=109800000 wall=540935s knowledge=0.4701 reliable=267 spec=8.50 pop=5485
  mpx-135 diag: trials=109800000 micro=7398 pop_spec=21.15 spec_max=32 q_mean=0.549 q_max=1.000 q_above_half=2769 marked=0.195 mark_density=0.877 exp_mean=6626.6 addr_spec=2.960 addr_random=1.096 addr_full=0.0478 correct=223
  mpx-135 traj: trials=109860000 wall=541015s knowledge=0.4708 reliable=267 spec=8.49 pop=5578
  mpx-135 diag: trials=109860000 micro=7512 pop_spec=20.99 spec_max=32 q_mean=0.549 q_max=1.000 q_above_half=2802 marked=0.193 mark_density=0.877 exp_mean=6521.9 addr_spec=2.913 addr_random=1.089 addr_full=0.0473 correct=224
  mpx-135 traj: trials=109920000 wall=541094s knowledge=0.4718 reliable=265 spec=8.46 pop=5498
  mpx-135 diag: trials=109920000 micro=7421 pop_spec=21.01 spec_max=32 q_mean=0.548 q_max=1.000 q_above_half=2733 marked=0.213 mark_density=0.885 exp_mean=6623.0 addr_spec=2.979 addr_random=1.089 addr_full=0.0484 correct=224
  mpx-135 traj: trials=109980000 wall=541134s knowledge=0.4718 reliable=264 spec=8.44 pop=5483
  mpx-135 diag: trials=109980000 micro=7320 pop_spec=20.95 spec_max=32 q_mean=0.549 q_max=1.000 q_above_half=2801 marked=0.192 mark_density=0.878 exp_mean=6647.3 addr_spec=2.947 addr_random=1.086 addr_full=0.0472 correct=224
  mpx-135 traj: trials=110040000 wall=541220s knowledge=0.4708 reliable=263 spec=8.43 pop=5717
  mpx-135 diag: trials=110040000 micro=7620 pop_spec=20.61 spec_max=32 q_mean=0.545 q_max=1.000 q_above_half=2767 marked=0.209 mark_density=0.887 exp_mean=6381.3 addr_spec=2.839 addr_random=1.069 addr_full=0.0460 correct=224
  mpx-135 traj: trials=110100000 wall=541312s knowledge=0.4711 reliable=263 spec=8.43 pop=5641
  mpx-135 diag: trials=110100000 micro=7533 pop_spec=20.97 spec_max=32 q_mean=0.549 q_max=1.000 q_above_half=2849 marked=0.186 mark_density=0.875 exp_mean=6473.2 addr_spec=2.888 addr_random=1.088 addr_full=0.0472 correct=224
  mpx-135 traj: trials=110160000 wall=541357s knowledge=0.4700 reliable=260 spec=8.41 pop=5503
  mpx-135 diag: trials=110160000 micro=7380 pop_spec=21.13 spec_max=32 q_mean=0.549 q_max=1.000 q_above_half=2742 marked=0.194 mark_density=0.877 exp_mean=6641.6 addr_spec=2.964 addr_random=1.096 addr_full=0.0471 correct=223
  mpx-135 traj: trials=110220000 wall=541449s knowledge=0.4700 reliable=260 spec=8.39 pop=5843
  mpx-135 diag: trials=110220000 micro=7734 pop_spec=20.57 spec_max=32 q_mean=0.547 q_max=1.000 q_above_half=2899 marked=0.195 mark_density=0.880 exp_mean=6261.1 addr_spec=2.894 addr_random=1.066 addr_full=0.0457 correct=223
  mpx-135 traj: trials=110280000 wall=541503s knowledge=0.4700 reliable=261 spec=8.38 pop=5553
  mpx-135 diag: trials=110280000 micro=7455 pop_spec=21.02 spec_max=32 q_mean=0.554 q_max=1.000 q_above_half=2895 marked=0.201 mark_density=0.880 exp_mean=6594.0 addr_spec=2.962 addr_random=1.090 addr_full=0.0479 correct=223
  mpx-135 traj: trials=110340000 wall=541544s knowledge=0.4701 reliable=261 spec=8.39 pop=5395
  mpx-135 diag: trials=110340000 micro=7299 pop_spec=21.25 spec_max=32 q_mean=0.548 q_max=1.000 q_above_half=2671 marked=0.197 mark_density=0.879 exp_mean=6793.3 addr_spec=3.017 addr_random=1.102 addr_full=0.0491 correct=223
  mpx-135 traj: trials=110400000 wall=541582s knowledge=0.4698 reliable=259 spec=8.37 pop=5252
  mpx-135 diag: trials=110400000 micro=7146 pop_spec=21.59 spec_max=32 q_mean=0.551 q_max=1.000 q_above_half=2668 marked=0.195 mark_density=0.874 exp_mean=6984.6 addr_spec=3.045 addr_random=1.119 addr_full=0.0514 correct=224
  mpx-135 traj: trials=110460000 wall=541678s knowledge=0.4695 reliable=258 spec=8.38 pop=6413
  mpx-135 diag: trials=110460000 micro=8283 pop_spec=19.76 spec_max=32 q_mean=0.543 q_max=1.000 q_above_half=2912 marked=0.192 mark_density=0.887 exp_mean=5725.7 addr_spec=2.619 addr_random=1.025 addr_full=0.0410 correct=223
  mpx-135 traj: trials=110520000 wall=541718s knowledge=0.4698 reliable=259 spec=8.40 pop=5515
  mpx-135 diag: trials=110520000 micro=7454 pop_spec=21.05 spec_max=32 q_mean=0.549 q_max=1.000 q_above_half=2787 marked=0.201 mark_density=0.879 exp_mean=6663.9 addr_spec=2.977 addr_random=1.092 addr_full=0.0493 correct=223
  mpx-135 traj: trials=110580000 wall=541775s knowledge=0.4698 reliable=262 spec=8.43 pop=5608
  mpx-135 diag: trials=110580000 micro=7498 pop_spec=20.91 spec_max=32 q_mean=0.545 q_max=1.000 q_above_half=2654 marked=0.205 mark_density=0.883 exp_mean=6559.4 addr_spec=2.933 addr_random=1.084 addr_full=0.0480 correct=223
  mpx-135 traj: trials=110640000 wall=541855s knowledge=0.4701 reliable=259 spec=8.32 pop=5627
  mpx-135 diag: trials=110640000 micro=7537 pop_spec=20.95 spec_max=32 q_mean=0.548 q_max=1.000 q_above_half=2819 marked=0.202 mark_density=0.879 exp_mean=6543.4 addr_spec=2.921 addr_random=1.086 addr_full=0.0471 correct=224
  mpx-135 traj: trials=110700000 wall=542008s knowledge=0.4705 reliable=259 spec=8.31 pop=5772
  mpx-135 diag: trials=110700000 micro=7720 pop_spec=20.82 spec_max=32 q_mean=0.546 q_max=1.000 q_above_half=2778 marked=0.192 mark_density=0.877 exp_mean=6384.9 addr_spec=2.913 addr_random=1.080 addr_full=0.0461 correct=224
  mpx-135 traj: trials=110760000 wall=542054s knowledge=0.4710 reliable=259 spec=8.35 pop=5613
  mpx-135 diag: trials=110760000 micro=7524 pop_spec=20.92 spec_max=32 q_mean=0.550 q_max=1.000 q_above_half=2823 marked=0.195 mark_density=0.878 exp_mean=6571.8 addr_spec=3.006 addr_random=1.085 addr_full=0.0465 correct=224
  mpx-135 traj: trials=110820000 wall=542093s knowledge=0.4711 reliable=260 spec=8.35 pop=5275
  mpx-135 diag: trials=110820000 micro=7224 pop_spec=21.44 spec_max=32 q_mean=0.550 q_max=1.000 q_above_half=2628 marked=0.192 mark_density=0.874 exp_mean=6999.2 addr_spec=3.071 addr_random=1.112 addr_full=0.0493 correct=224
  mpx-135 traj: trials=110880000 wall=542215s knowledge=0.4711 reliable=259 spec=8.34 pop=5689
  mpx-135 diag: trials=110880000 micro=7617 pop_spec=20.89 spec_max=32 q_mean=0.548 q_max=1.000 q_above_half=2838 marked=0.196 mark_density=0.878 exp_mean=6496.0 addr_spec=2.942 addr_random=1.083 addr_full=0.0464 correct=224
  mpx-135 traj: trials=110940000 wall=542252s knowledge=0.4708 reliable=256 spec=8.31 pop=5355
  mpx-135 diag: trials=110940000 micro=7282 pop_spec=21.32 spec_max=32 q_mean=0.551 q_max=1.000 q_above_half=2718 marked=0.199 mark_density=0.877 exp_mean=6907.3 addr_spec=3.076 addr_random=1.105 addr_full=0.0489 correct=224
  mpx-135 traj: trials=111000000 wall=542295s knowledge=0.4700 reliable=258 spec=8.38 pop=5618
  mpx-135 diag: trials=111000000 micro=7512 pop_spec=20.72 spec_max=32 q_mean=0.551 q_max=1.000 q_above_half=2849 marked=0.211 mark_density=0.884 exp_mean=6553.3 addr_spec=3.047 addr_random=1.074 addr_full=0.0470 correct=224
  mpx-135 traj: trials=111060000 wall=542366s knowledge=0.4702 reliable=259 spec=8.37 pop=5579
  mpx-135 diag: trials=111060000 micro=7508 pop_spec=20.88 spec_max=32 q_mean=0.551 q_max=1.000 q_above_half=2824 marked=0.199 mark_density=0.880 exp_mean=6605.2 addr_spec=3.004 addr_random=1.083 addr_full=0.0452 correct=224
  mpx-135 traj: trials=111120000 wall=542464s knowledge=0.4700 reliable=256 spec=8.32 pop=5880
  mpx-135 diag: trials=111120000 micro=7777 pop_spec=20.37 spec_max=32 q_mean=0.546 q_max=1.000 q_above_half=2818 marked=0.212 mark_density=0.886 exp_mean=6273.0 addr_spec=2.852 addr_random=1.056 addr_full=0.0451 correct=224
  mpx-135 traj: trials=111180000 wall=542514s knowledge=0.4704 reliable=257 spec=8.33 pop=5638
  mpx-135 diag: trials=111180000 micro=7524 pop_spec=20.79 spec_max=32 q_mean=0.548 q_max=1.000 q_above_half=2814 marked=0.211 mark_density=0.884 exp_mean=6548.2 addr_spec=2.919 addr_random=1.078 addr_full=0.0459 correct=224
  mpx-135 traj: trials=111240000 wall=542606s knowledge=0.4715 reliable=262 spec=8.35 pop=5616
  mpx-135 diag: trials=111240000 micro=7550 pop_spec=20.92 spec_max=32 q_mean=0.551 q_max=1.000 q_above_half=2774 marked=0.198 mark_density=0.878 exp_mean=6579.9 addr_spec=2.979 addr_random=1.085 addr_full=0.0461 correct=224
  mpx-135 traj: trials=111300000 wall=542645s knowledge=0.4698 reliable=255 spec=8.29 pop=5279
  mpx-135 diag: trials=111300000 micro=7218 pop_spec=21.47 spec_max=32 q_mean=0.552 q_max=1.000 q_above_half=2665 marked=0.209 mark_density=0.879 exp_mean=7005.5 addr_spec=3.123 addr_random=1.113 addr_full=0.0504 correct=225
  mpx-135 traj: trials=111360000 wall=542734s knowledge=0.4698 reliable=260 spec=8.37 pop=7843
  mpx-135 diag: trials=111360000 micro=9743 pop_spec=16.34 spec_max=32 q_mean=0.535 q_max=1.000 q_above_half=3656 marked=0.282 mark_density=0.923 exp_mean=4720.8 addr_spec=2.200 addr_random=0.847 addr_full=0.0332 correct=224
  mpx-135 traj: trials=111420000 wall=542815s knowledge=0.4704 reliable=263 spec=8.42 pop=5798
  mpx-135 diag: trials=111420000 micro=7685 pop_spec=20.55 spec_max=32 q_mean=0.549 q_max=1.000 q_above_half=2901 marked=0.202 mark_density=0.883 exp_mean=6390.3 addr_spec=2.858 addr_random=1.066 addr_full=0.0455 correct=224
  mpx-135 traj: trials=111480000 wall=542858s knowledge=0.4692 reliable=259 spec=8.39 pop=5500
  mpx-135 diag: trials=111480000 micro=7384 pop_spec=21.05 spec_max=32 q_mean=0.550 q_max=1.000 q_above_half=2777 marked=0.198 mark_density=0.878 exp_mean=6742.5 addr_spec=2.988 addr_random=1.091 addr_full=0.0467 correct=224
  mpx-135 traj: trials=111540000 wall=542923s knowledge=0.4695 reliable=258 spec=8.38 pop=5543
  mpx-135 diag: trials=111540000 micro=7524 pop_spec=20.95 spec_max=32 q_mean=0.549 q_max=1.000 q_above_half=2786 marked=0.207 mark_density=0.880 exp_mean=6696.3 addr_spec=3.019 addr_random=1.086 addr_full=0.0485 correct=224
  mpx-135 traj: trials=111600000 wall=542974s knowledge=0.4706 reliable=262 spec=8.43 pop=5626
  mpx-135 diag: trials=111600000 micro=7565 pop_spec=20.82 spec_max=32 q_mean=0.551 q_max=1.000 q_above_half=2856 marked=0.213 mark_density=0.882 exp_mean=6603.6 addr_spec=3.011 addr_random=1.080 addr_full=0.0471 correct=224
  mpx-135 traj: trials=111660000 wall=543049s knowledge=0.4710 reliable=261 spec=8.38 pop=5909
  mpx-135 diag: trials=111660000 micro=7812 pop_spec=20.00 spec_max=32 q_mean=0.550 q_max=1.000 q_above_half=3016 marked=0.217 mark_density=0.890 exp_mean=6293.2 addr_spec=2.912 addr_random=1.037 addr_full=0.0459 correct=224
  mpx-135 traj: trials=111720000 wall=543118s knowledge=0.4698 reliable=256 spec=8.33 pop=5609
  mpx-135 diag: trials=111720000 micro=7501 pop_spec=20.93 spec_max=32 q_mean=0.552 q_max=1.000 q_above_half=2828 marked=0.198 mark_density=0.877 exp_mean=6635.5 addr_spec=3.022 addr_random=1.085 addr_full=0.0472 correct=224
  mpx-135 traj: trials=111780000 wall=543334s knowledge=0.4695 reliable=255 spec=8.32 pop=5960
  mpx-135 diag: trials=111780000 micro=7862 pop_spec=20.40 spec_max=32 q_mean=0.549 q_max=1.000 q_above_half=3036 marked=0.211 mark_density=0.884 exp_mean=6250.5 addr_spec=2.877 addr_random=1.058 addr_full=0.0438 correct=225
  mpx-135 traj: trials=111840000 wall=543392s knowledge=0.4699 reliable=261 spec=8.38 pop=5735
  mpx-135 diag: trials=111840000 micro=7658 pop_spec=20.71 spec_max=32 q_mean=0.552 q_max=1.000 q_above_half=2916 marked=0.200 mark_density=0.879 exp_mean=6501.6 addr_spec=2.993 addr_random=1.074 addr_full=0.0459 correct=224
  mpx-135 traj: trials=111900000 wall=543462s knowledge=0.4696 reliable=263 spec=8.40 pop=5760
  mpx-135 diag: trials=111900000 micro=7671 pop_spec=20.67 spec_max=32 q_mean=0.553 q_max=1.000 q_above_half=2936 marked=0.200 mark_density=0.880 exp_mean=6479.4 addr_spec=3.005 addr_random=1.072 addr_full=0.0458 correct=224
  mpx-135 traj: trials=111960000 wall=543521s knowledge=0.4692 reliable=260 spec=8.38 pop=5697
  mpx-135 diag: trials=111960000 micro=7600 pop_spec=20.72 spec_max=32 q_mean=0.555 q_max=1.000 q_above_half=3003 marked=0.203 mark_density=0.880 exp_mean=6557.0 addr_spec=3.037 addr_random=1.075 addr_full=0.0476 correct=224
  mpx-135 traj: trials=112020000 wall=543612s knowledge=0.4697 reliable=262 spec=8.40 pop=6106
  mpx-135 diag: trials=112020000 micro=8022 pop_spec=20.18 spec_max=32 q_mean=0.550 q_max=1.000 q_above_half=2998 marked=0.190 mark_density=0.879 exp_mean=6123.3 addr_spec=2.857 addr_random=1.046 addr_full=0.0436 correct=224
  mpx-135 traj: trials=112080000 wall=543677s knowledge=0.4696 reliable=257 spec=8.35 pop=5571
  mpx-135 diag: trials=112080000 micro=7496 pop_spec=20.94 spec_max=32 q_mean=0.554 q_max=1.000 q_above_half=2890 marked=0.203 mark_density=0.879 exp_mean=6717.2 addr_spec=3.054 addr_random=1.086 addr_full=0.0483 correct=224
  mpx-135 traj: trials=112140000 wall=543749s knowledge=0.4701 reliable=260 spec=8.40 pop=5468
  mpx-135 diag: trials=112140000 micro=7463 pop_spec=21.18 spec_max=32 q_mean=0.556 q_max=1.000 q_above_half=2860 marked=0.202 mark_density=0.877 exp_mean=6849.9 addr_spec=3.103 addr_random=1.098 addr_full=0.0510 correct=224
  mpx-135 traj: trials=112200000 wall=543831s knowledge=0.4707 reliable=262 spec=8.40 pop=5880
  mpx-135 diag: trials=112200000 micro=7771 pop_spec=20.51 spec_max=32 q_mean=0.553 q_max=1.000 q_above_half=3042 marked=0.199 mark_density=0.880 exp_mean=6375.9 addr_spec=2.898 addr_random=1.064 addr_full=0.0464 correct=224
  mpx-135 traj: trials=112260000 wall=543872s knowledge=0.4701 reliable=261 spec=8.40 pop=5964
  mpx-135 diag: trials=112260000 micro=7852 pop_spec=19.97 spec_max=32 q_mean=0.550 q_max=1.000 q_above_half=2993 marked=0.226 mark_density=0.891 exp_mean=6291.9 addr_spec=2.933 addr_random=1.036 addr_full=0.0464 correct=224
  mpx-135 traj: trials=112320000 wall=543930s knowledge=0.4701 reliable=268 spec=8.47 pop=5492
  mpx-135 diag: trials=112320000 micro=7365 pop_spec=21.07 spec_max=32 q_mean=0.555 q_max=1.000 q_above_half=2834 marked=0.197 mark_density=0.877 exp_mean=6838.5 addr_spec=3.071 addr_random=1.092 addr_full=0.0497 correct=224
  mpx-135 traj: trials=112380000 wall=544004s knowledge=0.4697 reliable=265 spec=8.50 pop=5880
  mpx-135 diag: trials=112380000 micro=7780 pop_spec=20.42 spec_max=32 q_mean=0.556 q_max=1.000 q_above_half=3065 marked=0.203 mark_density=0.881 exp_mean=6393.1 addr_spec=2.952 addr_random=1.059 addr_full=0.0464 correct=224
  mpx-135 traj: trials=112440000 wall=544051s knowledge=0.4703 reliable=273 spec=8.60 pop=5587
  mpx-135 diag: trials=112440000 micro=7514 pop_spec=20.93 spec_max=32 q_mean=0.558 q_max=1.000 q_above_half=2927 marked=0.203 mark_density=0.879 exp_mean=6734.4 addr_spec=3.177 addr_random=1.085 addr_full=0.0487 correct=224
  mpx-135 traj: trials=112500000 wall=544118s knowledge=0.4709 reliable=276 spec=8.62 pop=5965
  mpx-135 diag: trials=112500000 micro=7924 pop_spec=20.34 spec_max=32 q_mean=0.557 q_max=1.000 q_above_half=3071 marked=0.202 mark_density=0.882 exp_mean=6313.5 addr_spec=3.018 addr_random=1.055 addr_full=0.0490 correct=225
  mpx-135 traj: trials=112560000 wall=544154s knowledge=0.4708 reliable=276 spec=8.62 pop=5503
  mpx-135 diag: trials=112560000 micro=7443 pop_spec=21.05 spec_max=32 q_mean=0.560 q_max=1.000 q_above_half=2892 marked=0.206 mark_density=0.878 exp_mean=6849.6 addr_spec=3.207 addr_random=1.092 addr_full=0.0514 correct=224
  mpx-135 traj: trials=112620000 wall=544201s knowledge=0.4707 reliable=279 spec=8.68 pop=5855
  mpx-135 diag: trials=112620000 micro=7775 pop_spec=20.47 spec_max=32 q_mean=0.556 q_max=1.000 q_above_half=2992 marked=0.218 mark_density=0.885 exp_mean=6443.7 addr_spec=3.074 addr_random=1.061 addr_full=0.0478 correct=224
  mpx-135 traj: trials=112680000 wall=544260s knowledge=0.4719 reliable=281 spec=8.70 pop=5672
  mpx-135 diag: trials=112680000 micro=7577 pop_spec=20.85 spec_max=32 q_mean=0.560 q_max=1.000 q_above_half=3014 marked=0.205 mark_density=0.879 exp_mean=6657.5 addr_spec=3.125 addr_random=1.081 addr_full=0.0494 correct=225
  mpx-135 traj: trials=112740000 wall=544302s knowledge=0.4711 reliable=274 spec=8.62 pop=5738
  mpx-135 diag: trials=112740000 micro=7656 pop_spec=20.62 spec_max=32 q_mean=0.560 q_max=1.000 q_above_half=3060 marked=0.206 mark_density=0.880 exp_mean=6586.8 addr_spec=3.105 addr_random=1.069 addr_full=0.0476 correct=225
  mpx-135 traj: trials=112800000 wall=544452s knowledge=0.4710 reliable=272 spec=8.58 pop=5943
  mpx-135 diag: trials=112800000 micro=7857 pop_spec=20.49 spec_max=32 q_mean=0.555 q_max=1.000 q_above_half=3003 marked=0.201 mark_density=0.879 exp_mean=6365.2 addr_spec=2.952 addr_random=1.062 addr_full=0.0459 correct=225
  mpx-135 traj: trials=112860000 wall=544509s knowledge=0.4710 reliable=273 spec=8.60 pop=5825
  mpx-135 diag: trials=112860000 micro=7782 pop_spec=20.32 spec_max=32 q_mean=0.555 q_max=1.000 q_above_half=3008 marked=0.219 mark_density=0.888 exp_mean=6500.1 addr_spec=2.986 addr_random=1.054 addr_full=0.0472 correct=225
  mpx-135 traj: trials=112920000 wall=544569s knowledge=0.4700 reliable=273 spec=8.61 pop=5720
  mpx-135 diag: trials=112920000 micro=7629 pop_spec=20.63 spec_max=32 q_mean=0.559 q_max=1.000 q_above_half=3034 marked=0.209 mark_density=0.881 exp_mean=6625.2 addr_spec=3.105 addr_random=1.070 addr_full=0.0500 correct=224
  mpx-135 traj: trials=112980000 wall=544622s knowledge=0.4710 reliable=279 spec=8.66 pop=5528
  mpx-135 diag: trials=112980000 micro=7458 pop_spec=21.07 spec_max=32 q_mean=0.561 q_max=1.000 q_above_half=2959 marked=0.206 mark_density=0.878 exp_mean=6861.4 addr_spec=3.238 addr_random=1.093 addr_full=0.0496 correct=224
  mpx-135 traj: trials=113040000 wall=544729s knowledge=0.4716 reliable=279 spec=8.60 pop=6407
  mpx-135 diag: trials=113040000 micro=8324 pop_spec=19.88 spec_max=32 q_mean=0.555 q_max=1.000 q_above_half=3283 marked=0.200 mark_density=0.882 exp_mean=5925.6 addr_spec=2.880 addr_random=1.031 addr_full=0.0435 correct=225
  mpx-135 traj: trials=113100000 wall=544859s knowledge=0.4712 reliable=279 spec=8.64 pop=6355
  mpx-135 diag: trials=113100000 micro=8288 pop_spec=19.76 spec_max=32 q_mean=0.554 q_max=1.000 q_above_half=3277 marked=0.221 mark_density=0.889 exp_mean=5979.6 addr_spec=2.847 addr_random=1.025 addr_full=0.0448 correct=225
  mpx-135 traj: trials=113160000 wall=544932s knowledge=0.4711 reliable=277 spec=8.61 pop=5950
  mpx-135 diag: trials=113160000 micro=7869 pop_spec=20.35 spec_max=32 q_mean=0.558 q_max=1.000 q_above_half=3101 marked=0.218 mark_density=0.886 exp_mean=6392.1 addr_spec=3.018 addr_random=1.055 addr_full=0.0487 correct=225
  mpx-135 traj: trials=113220000 wall=545002s knowledge=0.4703 reliable=276 spec=8.62 pop=5875
  mpx-135 diag: trials=113220000 micro=7793 pop_spec=20.57 spec_max=32 q_mean=0.562 q_max=1.000 q_above_half=3178 marked=0.197 mark_density=0.876 exp_mean=6479.4 addr_spec=3.049 addr_random=1.067 addr_full=0.0470 correct=225
  mpx-135 traj: trials=113280000 wall=545115s knowledge=0.4707 reliable=283 spec=8.72 pop=6486
  mpx-135 diag: trials=113280000 micro=8423 pop_spec=19.78 spec_max=32 q_mean=0.556 q_max=1.000 q_above_half=3181 marked=0.181 mark_density=0.877 exp_mean=5874.4 addr_spec=2.807 addr_random=1.026 addr_full=0.0432 correct=225
  mpx-135 traj: trials=113340000 wall=545181s knowledge=0.4709 reliable=277 spec=8.63 pop=6081
  mpx-135 diag: trials=113340000 micro=8005 pop_spec=20.36 spec_max=32 q_mean=0.556 q_max=1.000 q_above_half=3068 marked=0.188 mark_density=0.875 exp_mean=6271.0 addr_spec=2.979 addr_random=1.056 addr_full=0.0456 correct=225
  mpx-135 traj: trials=113400000 wall=545228s knowledge=0.4709 reliable=279 spec=8.70 pop=5748
  mpx-135 diag: trials=113400000 micro=7706 pop_spec=20.73 spec_max=32 q_mean=0.562 q_max=1.000 q_above_half=3119 marked=0.204 mark_density=0.877 exp_mean=6640.2 addr_spec=3.129 addr_random=1.075 addr_full=0.0499 correct=225
  mpx-135 traj: trials=113460000 wall=545270s knowledge=0.4712 reliable=280 spec=8.69 pop=5734
  mpx-135 diag: trials=113460000 micro=7648 pop_spec=20.64 spec_max=32 q_mean=0.559 q_max=1.000 q_above_half=3057 marked=0.210 mark_density=0.880 exp_mean=6657.4 addr_spec=3.098 addr_random=1.070 addr_full=0.0501 correct=225
  mpx-135 traj: trials=113520000 wall=545324s knowledge=0.4717 reliable=280 spec=8.71 pop=5759
  mpx-135 diag: trials=113520000 micro=7661 pop_spec=20.68 spec_max=32 q_mean=0.559 q_max=1.000 q_above_half=2998 marked=0.213 mark_density=0.880 exp_mean=6634.5 addr_spec=3.104 addr_random=1.072 addr_full=0.0484 correct=226
  mpx-135 traj: trials=113580000 wall=545406s knowledge=0.4716 reliable=278 spec=8.66 pop=5682
  mpx-135 diag: trials=113580000 micro=7640 pop_spec=20.87 spec_max=32 q_mean=0.560 q_max=1.000 q_above_half=3046 marked=0.208 mark_density=0.877 exp_mean=6730.4 addr_spec=3.122 addr_random=1.082 addr_full=0.0500 correct=226
  mpx-135 traj: trials=113640000 wall=545453s knowledge=0.4716 reliable=275 spec=8.64 pop=5777
  mpx-135 diag: trials=113640000 micro=7701 pop_spec=20.59 spec_max=32 q_mean=0.558 q_max=1.000 q_above_half=2997 marked=0.213 mark_density=0.882 exp_mean=6613.4 addr_spec=3.116 addr_random=1.068 addr_full=0.0505 correct=226
  mpx-135 traj: trials=113700000 wall=545492s knowledge=0.4713 reliable=274 spec=8.63 pop=5558
  mpx-135 diag: trials=113700000 micro=7443 pop_spec=20.95 spec_max=32 q_mean=0.561 q_max=1.000 q_above_half=2942 marked=0.208 mark_density=0.878 exp_mean=6879.9 addr_spec=3.201 addr_random=1.086 addr_full=0.0509 correct=226
  mpx-135 traj: trials=113760000 wall=545609s knowledge=0.4717 reliable=276 spec=8.64 pop=5934
  mpx-135 diag: trials=113760000 micro=7856 pop_spec=20.48 spec_max=32 q_mean=0.555 q_max=1.000 q_above_half=3007 marked=0.203 mark_density=0.879 exp_mean=6449.8 addr_spec=3.027 addr_random=1.062 addr_full=0.0489 correct=226
  mpx-135 traj: trials=113820000 wall=545668s knowledge=0.4715 reliable=281 spec=8.72 pop=5587
  mpx-135 diag: trials=113820000 micro=7514 pop_spec=20.99 spec_max=32 q_mean=0.560 q_max=1.000 q_above_half=2949 marked=0.210 mark_density=0.877 exp_mean=6856.5 addr_spec=3.150 addr_random=1.088 addr_full=0.0517 correct=226
  mpx-135 traj: trials=113880000 wall=545708s knowledge=0.4714 reliable=281 spec=8.74 pop=5620
  mpx-135 diag: trials=113880000 micro=7541 pop_spec=20.86 spec_max=32 q_mean=0.558 q_max=1.000 q_above_half=2893 marked=0.216 mark_density=0.881 exp_mean=6822.3 addr_spec=3.101 addr_random=1.081 addr_full=0.0489 correct=226
  mpx-135 traj: trials=113940000 wall=545757s knowledge=0.4713 reliable=282 spec=8.78 pop=5878
  mpx-135 diag: trials=113940000 micro=7808 pop_spec=20.31 spec_max=32 q_mean=0.557 q_max=1.000 q_above_half=3064 marked=0.224 mark_density=0.886 exp_mean=6528.6 addr_spec=3.065 addr_random=1.053 addr_full=0.0478 correct=226
  mpx-135 traj: trials=114000000 wall=545819s knowledge=0.4713 reliable=284 spec=8.82 pop=5930
  mpx-135 diag: trials=114000000 micro=7870 pop_spec=20.39 spec_max=32 q_mean=0.555 q_max=1.000 q_above_half=3022 marked=0.210 mark_density=0.881 exp_mean=6477.1 addr_spec=3.090 addr_random=1.057 addr_full=0.0484 correct=226
  mpx-135 traj: trials=114060000 wall=545863s knowledge=0.4717 reliable=288 spec=8.84 pop=5509
  mpx-135 diag: trials=114060000 micro=7457 pop_spec=21.12 spec_max=32 q_mean=0.560 q_max=1.000 q_above_half=2923 marked=0.201 mark_density=0.874 exp_mean=6978.1 addr_spec=3.203 addr_random=1.095 addr_full=0.0528 correct=226
  mpx-135 traj: trials=114120000 wall=545969s knowledge=0.4717 reliable=285 spec=8.81 pop=5979
  mpx-135 diag: trials=114120000 micro=7865 pop_spec=20.11 spec_max=32 q_mean=0.557 q_max=1.000 q_above_half=3155 marked=0.225 mark_density=0.888 exp_mean=6435.5 addr_spec=3.017 addr_random=1.043 addr_full=0.0485 correct=227
  mpx-135 traj: trials=114180000 wall=546020s knowledge=0.4720 reliable=290 spec=8.87 pop=5832
  mpx-135 diag: trials=114180000 micro=7761 pop_spec=20.30 spec_max=32 q_mean=0.558 q_max=1.000 q_above_half=3102 marked=0.223 mark_density=0.886 exp_mean=6603.5 addr_spec=3.035 addr_random=1.052 addr_full=0.0497 correct=226
  mpx-135 traj: trials=114240000 wall=546102s knowledge=0.4725 reliable=292 spec=8.87 pop=5968
  mpx-135 diag: trials=114240000 micro=7921 pop_spec=20.37 spec_max=32 q_mean=0.556 q_max=1.000 q_above_half=3039 marked=0.205 mark_density=0.880 exp_mean=6458.7 addr_spec=3.038 addr_random=1.056 addr_full=0.0498 correct=226
  mpx-135 traj: trials=114300000 wall=546336s knowledge=0.4730 reliable=295 spec=8.86 pop=6258
  mpx-135 diag: trials=114300000 micro=8157 pop_spec=20.13 spec_max=32 q_mean=0.553 q_max=1.000 q_above_half=3142 marked=0.206 mark_density=0.879 exp_mean=6165.0 addr_spec=2.884 addr_random=1.044 addr_full=0.0479 correct=227
  mpx-135 traj: trials=114360000 wall=546374s knowledge=0.4726 reliable=291 spec=8.84 pop=5636
  mpx-135 diag: trials=114360000 micro=7567 pop_spec=20.83 spec_max=32 q_mean=0.560 q_max=1.000 q_above_half=3035 marked=0.213 mark_density=0.879 exp_mean=6851.3 addr_spec=3.076 addr_random=1.080 addr_full=0.0531 correct=227
  mpx-135 traj: trials=114420000 wall=546419s knowledge=0.4728 reliable=289 spec=8.85 pop=5837
  mpx-135 diag: trials=114420000 micro=7714 pop_spec=20.47 spec_max=32 q_mean=0.558 q_max=1.000 q_above_half=3045 marked=0.207 mark_density=0.879 exp_mean=6621.0 addr_spec=3.028 addr_random=1.062 addr_full=0.0519 correct=227
  mpx-135 traj: trials=114480000 wall=546526s knowledge=0.4731 reliable=289 spec=8.85 pop=6523
  mpx-135 diag: trials=114480000 micro=8455 pop_spec=19.60 spec_max=32 q_mean=0.552 q_max=1.000 q_above_half=3112 marked=0.195 mark_density=0.885 exp_mean=5929.9 addr_spec=2.716 addr_random=1.016 addr_full=0.0474 correct=227
  mpx-135 traj: trials=114540000 wall=546658s knowledge=0.4729 reliable=289 spec=8.84 pop=6414
  mpx-135 diag: trials=114540000 micro=8352 pop_spec=19.92 spec_max=32 q_mean=0.551 q_max=1.000 q_above_half=3196 marked=0.198 mark_density=0.880 exp_mean=6036.0 addr_spec=2.804 addr_random=1.033 addr_full=0.0469 correct=227
  mpx-135 traj: trials=114600000 wall=546696s knowledge=0.4733 reliable=291 spec=8.88 pop=5527
  mpx-135 diag: trials=114600000 micro=7433 pop_spec=21.04 spec_max=32 q_mean=0.558 q_max=1.000 q_above_half=2906 marked=0.216 mark_density=0.879 exp_mean=7010.6 addr_spec=3.132 addr_random=1.091 addr_full=0.0550 correct=227
  mpx-135 traj: trials=114660000 wall=546738s knowledge=0.4740 reliable=294 spec=8.91 pop=5598
  mpx-135 diag: trials=114660000 micro=7518 pop_spec=20.80 spec_max=32 q_mean=0.561 q_max=1.000 q_above_half=2970 marked=0.198 mark_density=0.875 exp_mean=6927.8 addr_spec=3.133 addr_random=1.078 addr_full=0.0539 correct=227
  mpx-135 traj: trials=114720000 wall=546795s knowledge=0.4739 reliable=290 spec=8.84 pop=5795
  mpx-135 diag: trials=114720000 micro=7741 pop_spec=20.43 spec_max=32 q_mean=0.554 q_max=1.000 q_above_half=2949 marked=0.218 mark_density=0.885 exp_mean=6698.3 addr_spec=2.954 addr_random=1.059 addr_full=0.0513 correct=227
  mpx-135 traj: trials=114780000 wall=546832s knowledge=0.4743 reliable=289 spec=8.83 pop=5385
  mpx-135 diag: trials=114780000 micro=7304 pop_spec=21.19 spec_max=32 q_mean=0.556 q_max=1.000 q_above_half=2783 marked=0.209 mark_density=0.879 exp_mean=7214.4 addr_spec=3.083 addr_random=1.099 addr_full=0.0557 correct=227
  mpx-135 traj: trials=114840000 wall=546893s knowledge=0.4742 reliable=298 spec=8.90 pop=5512
  mpx-135 diag: trials=114840000 micro=7424 pop_spec=20.99 spec_max=32 q_mean=0.556 q_max=1.000 q_above_half=2852 marked=0.198 mark_density=0.876 exp_mean=7054.5 addr_spec=3.027 addr_random=1.089 addr_full=0.0522 correct=227
  mpx-135 traj: trials=114900000 wall=547024s knowledge=0.4747 reliable=292 spec=8.81 pop=6535
  mpx-135 diag: trials=114900000 micro=8457 pop_spec=19.35 spec_max=32 q_mean=0.545 q_max=1.000 q_above_half=2946 marked=0.204 mark_density=0.891 exp_mean=5955.6 addr_spec=2.689 addr_random=1.003 addr_full=0.0456 correct=227
  mpx-135 traj: trials=114960000 wall=547064s knowledge=0.4742 reliable=283 spec=8.71 pop=5531
  mpx-135 diag: trials=114960000 micro=7466 pop_spec=20.87 spec_max=32 q_mean=0.553 q_max=1.000 q_above_half=2827 marked=0.205 mark_density=0.880 exp_mean=7007.2 addr_spec=2.939 addr_random=1.082 addr_full=0.0510 correct=227
  mpx-135 traj: trials=115020000 wall=547139s knowledge=0.4737 reliable=277 spec=8.62 pop=5492
  mpx-135 diag: trials=115020000 micro=7379 pop_spec=20.89 spec_max=32 q_mean=0.553 q_max=1.000 q_above_half=2826 marked=0.209 mark_density=0.880 exp_mean=7063.1 addr_spec=2.959 addr_random=1.083 addr_full=0.0510 correct=226
  mpx-135 traj: trials=115080000 wall=547216s knowledge=0.4742 reliable=273 spec=8.57 pop=6276
  mpx-135 diag: trials=115080000 micro=8168 pop_spec=19.61 spec_max=32 q_mean=0.549 q_max=1.000 q_above_half=3071 marked=0.198 mark_density=0.885 exp_mean=6186.4 addr_spec=2.719 addr_random=1.017 addr_full=0.0433 correct=226
  mpx-135 traj: trials=115140000 wall=547285s knowledge=0.4726 reliable=269 spec=8.56 pop=5494
  mpx-135 diag: trials=115140000 micro=7429 pop_spec=20.98 spec_max=32 q_mean=0.555 q_max=1.000 q_above_half=2845 marked=0.201 mark_density=0.875 exp_mean=7072.6 addr_spec=3.071 addr_random=1.088 addr_full=0.0502 correct=226
  mpx-135 traj: trials=115200000 wall=547374s knowledge=0.4736 reliable=273 spec=8.57 pop=5612
  mpx-135 diag: trials=115200000 micro=7504 pop_spec=20.86 spec_max=32 q_mean=0.549 q_max=1.000 q_above_half=2764 marked=0.199 mark_density=0.877 exp_mean=6930.0 addr_spec=2.973 addr_random=1.081 addr_full=0.0485 correct=227
  mpx-135 traj: trials=115260000 wall=547412s knowledge=0.4735 reliable=272 spec=8.57 pop=5293
  mpx-135 diag: trials=115260000 micro=7225 pop_spec=21.26 spec_max=32 q_mean=0.551 q_max=1.000 q_above_half=2659 marked=0.209 mark_density=0.878 exp_mean=7354.0 addr_spec=3.074 addr_random=1.102 addr_full=0.0520 correct=226
  mpx-135 traj: trials=115320000 wall=547484s knowledge=0.4741 reliable=275 spec=8.60 pop=5639
  mpx-135 diag: trials=115320000 micro=7585 pop_spec=20.70 spec_max=32 q_mean=0.552 q_max=1.000 q_above_half=2844 marked=0.189 mark_density=0.876 exp_mean=6909.0 addr_spec=2.954 addr_random=1.073 addr_full=0.0489 correct=226
  mpx-135 traj: trials=115380000 wall=547525s knowledge=0.4732 reliable=270 spec=8.57 pop=5432
  mpx-135 diag: trials=115380000 micro=7336 pop_spec=21.11 spec_max=32 q_mean=0.551 q_max=1.000 q_above_half=2755 marked=0.202 mark_density=0.876 exp_mean=7178.3 addr_spec=3.005 addr_random=1.095 addr_full=0.0495 correct=226
  mpx-135 traj: trials=115440000 wall=547570s knowledge=0.4739 reliable=269 spec=8.53 pop=5375
  mpx-135 diag: trials=115440000 micro=7289 pop_spec=21.17 spec_max=32 q_mean=0.553 q_max=1.000 q_above_half=2725 marked=0.201 mark_density=0.876 exp_mean=7260.7 addr_spec=3.049 addr_random=1.098 addr_full=0.0517 correct=227
  mpx-135 traj: trials=115500000 wall=547671s knowledge=0.4748 reliable=269 spec=8.53 pop=5679
  mpx-135 diag: trials=115500000 micro=7576 pop_spec=20.64 spec_max=32 q_mean=0.551 q_max=1.000 q_above_half=2847 marked=0.195 mark_density=0.877 exp_mean=6878.1 addr_spec=2.885 addr_random=1.070 addr_full=0.0475 correct=228
  mpx-135 traj: trials=115560000 wall=547720s knowledge=0.4748 reliable=269 spec=8.52 pop=5319
  mpx-135 diag: trials=115560000 micro=7250 pop_spec=21.23 spec_max=32 q_mean=0.550 q_max=1.000 q_above_half=2716 marked=0.203 mark_density=0.877 exp_mean=7349.9 addr_spec=2.953 addr_random=1.101 addr_full=0.0500 correct=228
  mpx-135 traj: trials=115620000 wall=547769s knowledge=0.4745 reliable=267 spec=8.46 pop=5448
  mpx-135 diag: trials=115620000 micro=7383 pop_spec=20.81 spec_max=32 q_mean=0.550 q_max=1.000 q_above_half=2787 marked=0.210 mark_density=0.882 exp_mean=7182.3 addr_spec=2.929 addr_random=1.079 addr_full=0.0486 correct=228
  mpx-135 traj: trials=115680000 wall=547807s knowledge=0.4746 reliable=266 spec=8.44 pop=5096
  mpx-135 diag: trials=115680000 micro=7042 pop_spec=21.69 spec_max=32 q_mean=0.551 q_max=1.000 q_above_half=2573 marked=0.207 mark_density=0.876 exp_mean=7684.9 addr_spec=3.089 addr_random=1.124 addr_full=0.0534 correct=228
  mpx-135 traj: trials=115740000 wall=547859s knowledge=0.4748 reliable=270 spec=8.51 pop=5541
  mpx-135 diag: trials=115740000 micro=7463 pop_spec=20.83 spec_max=32 q_mean=0.551 q_max=1.000 q_above_half=2841 marked=0.207 mark_density=0.880 exp_mean=7074.2 addr_spec=2.961 addr_random=1.080 addr_full=0.0480 correct=228
  mpx-135 traj: trials=115800000 wall=547915s knowledge=0.4746 reliable=271 spec=8.54 pop=5421
  mpx-135 diag: trials=115800000 micro=7379 pop_spec=21.00 spec_max=32 q_mean=0.549 q_max=1.000 q_above_half=2691 marked=0.221 mark_density=0.883 exp_mean=7237.2 addr_spec=3.036 addr_random=1.089 addr_full=0.0505 correct=228
  mpx-135 traj: trials=115860000 wall=548001s knowledge=0.4733 reliable=271 spec=8.52 pop=5880
  mpx-135 diag: trials=115860000 micro=7832 pop_spec=20.45 spec_max=32 q_mean=0.547 q_max=1.000 q_above_half=2863 marked=0.184 mark_density=0.875 exp_mean=6677.9 addr_spec=2.845 addr_random=1.060 addr_full=0.0464 correct=227
  mpx-135 traj: trials=115920000 wall=548059s knowledge=0.4726 reliable=264 spec=8.44 pop=5584
  mpx-135 diag: trials=115920000 micro=7500 pop_spec=20.79 spec_max=32 q_mean=0.549 q_max=1.000 q_above_half=2772 marked=0.192 mark_density=0.875 exp_mean=7037.7 addr_spec=2.913 addr_random=1.078 addr_full=0.0467 correct=226
  mpx-135 traj: trials=115980000 wall=548142s knowledge=0.4730 reliable=263 spec=8.43 pop=5513
  mpx-135 diag: trials=115980000 micro=7394 pop_spec=20.79 spec_max=32 q_mean=0.549 q_max=1.000 q_above_half=2779 marked=0.199 mark_density=0.877 exp_mean=7134.5 addr_spec=2.906 addr_random=1.078 addr_full=0.0477 correct=226
  mpx-135 traj: trials=116040000 wall=548217s knowledge=0.4729 reliable=263 spec=8.41 pop=5554
  mpx-135 diag: trials=116040000 micro=7437 pop_spec=20.72 spec_max=32 q_mean=0.549 q_max=1.000 q_above_half=2868 marked=0.205 mark_density=0.881 exp_mean=7088.1 addr_spec=2.905 addr_random=1.075 addr_full=0.0486 correct=226
  mpx-135 traj: trials=116100000 wall=548324s knowledge=0.4734 reliable=265 spec=8.42 pop=5431
  mpx-135 diag: trials=116100000 micro=7392 pop_spec=21.05 spec_max=32 q_mean=0.547 q_max=1.000 q_above_half=2684 marked=0.217 mark_density=0.881 exp_mean=7254.9 addr_spec=3.047 addr_random=1.092 addr_full=0.0486 correct=226
  mpx-135 traj: trials=116160000 wall=548361s knowledge=0.4735 reliable=262 spec=8.37 pop=5234
  mpx-135 diag: trials=116160000 micro=7113 pop_spec=21.27 spec_max=32 q_mean=0.550 q_max=1.000 q_above_half=2633 marked=0.202 mark_density=0.876 exp_mean=7534.4 addr_spec=3.072 addr_random=1.103 addr_full=0.0508 correct=226
  mpx-135 traj: trials=116220000 wall=548400s knowledge=0.4726 reliable=261 spec=8.36 pop=5471
  mpx-135 diag: trials=116220000 micro=7403 pop_spec=20.70 spec_max=32 q_mean=0.550 q_max=1.000 q_above_half=2759 marked=0.213 mark_density=0.883 exp_mean=7214.2 addr_spec=2.975 addr_random=1.073 addr_full=0.0475 correct=226
  mpx-135 traj: trials=116280000 wall=548455s knowledge=0.4727 reliable=264 spec=8.38 pop=5335
  mpx-135 diag: trials=116280000 micro=7218 pop_spec=21.12 spec_max=32 q_mean=0.553 q_max=1.000 q_above_half=2745 marked=0.205 mark_density=0.877 exp_mean=7404.4 addr_spec=3.024 addr_random=1.095 addr_full=0.0495 correct=226
  mpx-135 traj: trials=116340000 wall=548556s knowledge=0.4729 reliable=263 spec=8.36 pop=5572
  mpx-135 diag: trials=116340000 micro=7485 pop_spec=20.86 spec_max=32 q_mean=0.552 q_max=1.000 q_above_half=2885 marked=0.202 mark_density=0.876 exp_mean=7095.7 addr_spec=2.953 addr_random=1.082 addr_full=0.0481 correct=226
  mpx-135 traj: trials=116400000 wall=548717s knowledge=0.4730 reliable=264 spec=8.39 pop=5785
  mpx-135 diag: trials=116400000 micro=7693 pop_spec=20.61 spec_max=32 q_mean=0.546 q_max=1.000 q_above_half=2743 marked=0.198 mark_density=0.877 exp_mean=6840.3 addr_spec=2.854 addr_random=1.069 addr_full=0.0470 correct=226
  mpx-135 traj: trials=116460000 wall=548776s knowledge=0.4731 reliable=260 spec=8.34 pop=5665
  mpx-135 diag: trials=116460000 micro=7573 pop_spec=20.39 spec_max=32 q_mean=0.548 q_max=1.000 q_above_half=2899 marked=0.221 mark_density=0.885 exp_mean=6991.3 addr_spec=2.878 addr_random=1.057 addr_full=0.0475 correct=226
  mpx-135 traj: trials=116520000 wall=548853s knowledge=0.4734 reliable=265 spec=8.39 pop=5380
  mpx-135 diag: trials=116520000 micro=7313 pop_spec=21.13 spec_max=32 q_mean=0.552 q_max=1.000 q_above_half=2739 marked=0.194 mark_density=0.871 exp_mean=7367.8 addr_spec=2.985 addr_random=1.096 addr_full=0.0496 correct=226
  mpx-135 traj: trials=116580000 wall=548900s knowledge=0.4737 reliable=263 spec=8.33 pop=5434
  mpx-135 diag: trials=116580000 micro=7359 pop_spec=21.07 spec_max=32 q_mean=0.552 q_max=1.000 q_above_half=2730 marked=0.198 mark_density=0.874 exp_mean=7300.9 addr_spec=2.962 addr_random=1.092 addr_full=0.0508 correct=226
  mpx-135 traj: trials=116640000 wall=549012s knowledge=0.4726 reliable=260 spec=8.33 pop=5943
  mpx-135 diag: trials=116640000 micro=7843 pop_spec=20.24 spec_max=32 q_mean=0.544 q_max=1.000 q_above_half=2822 marked=0.214 mark_density=0.885 exp_mean=6681.4 addr_spec=2.745 addr_random=1.050 addr_full=0.0446 correct=226
  mpx-135 traj: trials=116700000 wall=549079s knowledge=0.4727 reliable=258 spec=8.31 pop=5685
  mpx-135 diag: trials=116700000 micro=7603 pop_spec=20.36 spec_max=32 q_mean=0.548 q_max=1.000 q_above_half=2858 marked=0.199 mark_density=0.879 exp_mean=6990.5 addr_spec=2.853 addr_random=1.056 addr_full=0.0466 correct=226
  mpx-135 traj: trials=116760000 wall=549155s knowledge=0.4726 reliable=256 spec=8.28 pop=24411
  mpx-135 diag: trials=116760000 micro=26321 pop_spec=9.11 spec_max=32 q_mean=0.536 q_max=1.000 q_above_half=13951 marked=0.313 mark_density=0.950 exp_mean=1632.0 addr_spec=0.901 addr_random=0.472 addr_full=0.0110 correct=226
  mpx-135 traj: trials=116820000 wall=549272s knowledge=0.4729 reliable=258 spec=8.30 pop=5912
  mpx-135 diag: trials=116820000 micro=7799 pop_spec=20.31 spec_max=32 q_mean=0.545 q_max=1.000 q_above_half=2751 marked=0.187 mark_density=0.877 exp_mean=6733.5 addr_spec=2.710 addr_random=1.053 addr_full=0.0431 correct=226
  mpx-135 traj: trials=116880000 wall=549333s knowledge=0.4733 reliable=256 spec=8.25 pop=5506
  mpx-135 diag: trials=116880000 micro=7414 pop_spec=20.92 spec_max=32 q_mean=0.549 q_max=1.000 q_above_half=2754 marked=0.189 mark_density=0.872 exp_mean=7236.2 addr_spec=2.884 addr_random=1.085 addr_full=0.0483 correct=226
  mpx-135 traj: trials=116940000 wall=549470s knowledge=0.4730 reliable=255 spec=8.22 pop=6485
  mpx-135 diag: trials=116940000 micro=8414 pop_spec=19.50 spec_max=32 q_mean=0.542 q_max=1.000 q_above_half=3002 marked=0.202 mark_density=0.886 exp_mean=6149.4 addr_spec=2.642 addr_random=1.011 addr_full=0.0427 correct=226
  mpx-135 traj: trials=117000000 wall=549569s knowledge=0.4732 reliable=256 spec=8.24 pop=6052
  mpx-135 diag: trials=117000000 micro=7976 pop_spec=20.19 spec_max=32 q_mean=0.544 q_max=1.000 q_above_half=2824 marked=0.188 mark_density=0.878 exp_mean=6594.8 addr_spec=2.702 addr_random=1.047 addr_full=0.0436 correct=226
  mpx-135 traj: trials=117060000 wall=549679s knowledge=0.4729 reliable=256 spec=8.21 pop=5689
  mpx-135 diag: trials=117060000 micro=7629 pop_spec=20.68 spec_max=32 q_mean=0.547 q_max=1.000 q_above_half=2818 marked=0.193 mark_density=0.875 exp_mean=7021.5 addr_spec=2.812 addr_random=1.072 addr_full=0.0462 correct=226
  mpx-135 traj: trials=117120000 wall=549815s knowledge=0.4731 reliable=258 spec=8.26 pop=5529
  mpx-135 diag: trials=117120000 micro=7458 pop_spec=20.97 spec_max=32 q_mean=0.548 q_max=1.000 q_above_half=2754 marked=0.204 mark_density=0.877 exp_mean=7230.9 addr_spec=2.937 addr_random=1.087 addr_full=0.0483 correct=226
  mpx-135 traj: trials=117180000 wall=549851s knowledge=0.4731 reliable=258 spec=8.26 pop=5305
  mpx-135 diag: trials=117180000 micro=7244 pop_spec=21.09 spec_max=32 q_mean=0.552 q_max=1.000 q_above_half=2695 marked=0.212 mark_density=0.879 exp_mean=7542.8 addr_spec=3.122 addr_random=1.093 addr_full=0.0501 correct=226
  mpx-135 traj: trials=117240000 wall=549970s knowledge=0.4742 reliable=261 spec=8.28 pop=5960
  mpx-135 diag: trials=117240000 micro=7899 pop_spec=20.25 spec_max=32 q_mean=0.551 q_max=1.000 q_above_half=2899 marked=0.195 mark_density=0.877 exp_mean=6719.6 addr_spec=2.840 addr_random=1.050 addr_full=0.0456 correct=226
  mpx-135 traj: trials=117300000 wall=550005s knowledge=0.4755 reliable=262 spec=8.28 pop=5374
  mpx-135 diag: trials=117300000 micro=7317 pop_spec=20.95 spec_max=32 q_mean=0.553 q_max=1.000 q_above_half=2794 marked=0.211 mark_density=0.878 exp_mean=7458.3 addr_spec=3.077 addr_random=1.086 addr_full=0.0515 correct=227
  mpx-135 traj: trials=117360000 wall=550085s knowledge=0.4749 reliable=260 spec=8.28 pop=5895
  mpx-135 diag: trials=117360000 micro=7813 pop_spec=20.36 spec_max=32 q_mean=0.551 q_max=1.000 q_above_half=2967 marked=0.201 mark_density=0.878 exp_mean=6805.1 addr_spec=2.868 addr_random=1.056 addr_full=0.0466 correct=227
  mpx-135 traj: trials=117420000 wall=550174s knowledge=0.4742 reliable=256 spec=8.26 pop=5997
  mpx-135 diag: trials=117420000 micro=7921 pop_spec=20.26 spec_max=32 q_mean=0.548 q_max=1.000 q_above_half=2902 marked=0.201 mark_density=0.880 exp_mean=6695.0 addr_spec=2.880 addr_random=1.051 addr_full=0.0445 correct=227
  mpx-135 traj: trials=117480000 wall=550243s knowledge=0.4743 reliable=259 spec=8.32 pop=5433
  mpx-135 diag: trials=117480000 micro=7408 pop_spec=21.11 spec_max=32 q_mean=0.553 q_max=1.000 q_above_half=2764 marked=0.201 mark_density=0.874 exp_mean=7396.0 addr_spec=3.032 addr_random=1.094 addr_full=0.0499 correct=227
  mpx-135 traj: trials=117540000 wall=550299s knowledge=0.4742 reliable=260 spec=8.34 pop=5579
  mpx-135 diag: trials=117540000 micro=7502 pop_spec=20.66 spec_max=32 q_mean=0.553 q_max=1.000 q_above_half=2847 marked=0.212 mark_density=0.880 exp_mean=7208.8 addr_spec=3.037 addr_random=1.071 addr_full=0.0482 correct=227
  mpx-135 traj: trials=117600000 wall=550469s knowledge=0.4744 reliable=264 spec=8.37 pop=6278
  mpx-135 diag: trials=117600000 micro=8258 pop_spec=19.86 spec_max=32 q_mean=0.547 q_max=1.000 q_above_half=2920 marked=0.195 mark_density=0.883 exp_mean=6411.8 addr_spec=2.730 addr_random=1.030 addr_full=0.0433 correct=227
  mpx-135 traj: trials=117660000 wall=550506s knowledge=0.4733 reliable=261 spec=8.35 pop=5470
  mpx-135 diag: trials=117660000 micro=7388 pop_spec=20.91 spec_max=32 q_mean=0.554 q_max=1.000 q_above_half=2847 marked=0.216 mark_density=0.878 exp_mean=7364.8 addr_spec=3.056 addr_random=1.084 addr_full=0.0494 correct=227
  mpx-135 traj: trials=117720000 wall=550586s knowledge=0.4733 reliable=264 spec=8.35 pop=5843
  mpx-135 diag: trials=117720000 micro=7768 pop_spec=20.54 spec_max=32 q_mean=0.550 q_max=1.000 q_above_half=2827 marked=0.195 mark_density=0.876 exp_mean=6900.6 addr_spec=2.898 addr_random=1.065 addr_full=0.0467 correct=226
  mpx-135 traj: trials=117780000 wall=550625s knowledge=0.4737 reliable=263 spec=8.35 pop=5431
  mpx-135 diag: trials=117780000 micro=7319 pop_spec=20.95 spec_max=32 q_mean=0.556 q_max=1.000 q_above_half=2823 marked=0.218 mark_density=0.879 exp_mean=7430.3 addr_spec=3.137 addr_random=1.087 addr_full=0.0510 correct=227
  mpx-135 traj: trials=117840000 wall=550718s knowledge=0.4743 reliable=263 spec=8.38 pop=5827
  mpx-135 diag: trials=117840000 micro=7793 pop_spec=20.47 spec_max=32 q_mean=0.555 q_max=1.000 q_above_half=3025 marked=0.205 mark_density=0.877 exp_mean=6931.3 addr_spec=3.030 addr_random=1.061 addr_full=0.0470 correct=227
  mpx-135 traj: trials=117900000 wall=550864s knowledge=0.4745 reliable=267 spec=8.43 pop=5712
  mpx-135 diag: trials=117900000 micro=7656 pop_spec=20.63 spec_max=32 q_mean=0.551 q_max=1.000 q_above_half=2840 marked=0.211 mark_density=0.879 exp_mean=7076.8 addr_spec=3.006 addr_random=1.070 addr_full=0.0485 correct=227
  mpx-135 traj: trials=117960000 wall=550951s knowledge=0.4739 reliable=261 spec=8.35 pop=5537
  mpx-135 diag: trials=117960000 micro=7478 pop_spec=20.72 spec_max=32 q_mean=0.553 q_max=1.000 q_above_half=2813 marked=0.213 mark_density=0.880 exp_mean=7306.4 addr_spec=3.051 addr_random=1.074 addr_full=0.0498 correct=227
  mpx-135 traj: trials=118020000 wall=551015s knowledge=0.4741 reliable=263 spec=8.39 pop=5468
  mpx-135 diag: trials=118020000 micro=7405 pop_spec=20.99 spec_max=32 q_mean=0.554 q_max=1.000 q_above_half=2789 marked=0.205 mark_density=0.875 exp_mean=7404.8 addr_spec=3.079 addr_random=1.088 addr_full=0.0508 correct=227
  mpx-135 traj: trials=118080000 wall=551056s knowledge=0.4738 reliable=262 spec=8.39 pop=5395
  mpx-135 diag: trials=118080000 micro=7326 pop_spec=20.99 spec_max=32 q_mean=0.553 q_max=1.000 q_above_half=2695 marked=0.216 mark_density=0.880 exp_mean=7511.4 addr_spec=3.114 addr_random=1.088 addr_full=0.0497 correct=227
  mpx-135 traj: trials=118140000 wall=551139s knowledge=0.4741 reliable=265 spec=8.39 pop=5304
  mpx-135 diag: trials=118140000 micro=7267 pop_spec=21.28 spec_max=32 q_mean=0.554 q_max=1.000 q_above_half=2707 marked=0.202 mark_density=0.872 exp_mean=7646.7 addr_spec=3.086 addr_random=1.103 addr_full=0.0513 correct=227
  mpx-135 traj: trials=118200000 wall=551227s knowledge=0.4743 reliable=264 spec=8.41 pop=5590
  mpx-135 diag: trials=118200000 micro=7539 pop_spec=20.49 spec_max=32 q_mean=0.553 q_max=1.000 q_above_half=2861 marked=0.231 mark_density=0.886 exp_mean=7261.7 addr_spec=3.000 addr_random=1.062 addr_full=0.0499 correct=228
  mpx-135 traj: trials=118260000 wall=551267s knowledge=0.4748 reliable=268 spec=8.46 pop=5498
  mpx-135 diag: trials=118260000 micro=7437 pop_spec=20.75 spec_max=32 q_mean=0.553 q_max=1.000 q_above_half=2785 marked=0.201 mark_density=0.876 exp_mean=7389.3 addr_spec=2.975 addr_random=1.076 addr_full=0.0513 correct=228
  mpx-135 traj: trials=118320000 wall=551310s knowledge=0.4748 reliable=265 spec=8.38 pop=5166
  mpx-135 diag: trials=118320000 micro=7105 pop_spec=21.50 spec_max=32 q_mean=0.554 q_max=1.000 q_above_half=2663 marked=0.197 mark_density=0.870 exp_mean=7870.6 addr_spec=3.111 addr_random=1.115 addr_full=0.0525 correct=228
  mpx-135 traj: trials=118380000 wall=551387s knowledge=0.4747 reliable=265 spec=8.35 pop=5484
  mpx-135 diag: trials=118380000 micro=7391 pop_spec=20.88 spec_max=32 q_mean=0.549 q_max=1.000 q_above_half=2683 marked=0.205 mark_density=0.876 exp_mean=7420.7 addr_spec=3.015 addr_random=1.083 addr_full=0.0514 correct=228
  mpx-135 traj: trials=118440000 wall=551438s knowledge=0.4750 reliable=265 spec=8.40 pop=5393
  mpx-135 diag: trials=118440000 micro=7318 pop_spec=21.11 spec_max=32 q_mean=0.550 q_max=1.000 q_above_half=2689 marked=0.197 mark_density=0.873 exp_mean=7552.2 addr_spec=3.004 addr_random=1.094 addr_full=0.0503 correct=228
  mpx-135 traj: trials=118500000 wall=551512s knowledge=0.4742 reliable=265 spec=8.43 pop=5436
  mpx-135 diag: trials=118500000 micro=7387 pop_spec=20.99 spec_max=32 q_mean=0.547 q_max=1.000 q_above_half=2696 marked=0.208 mark_density=0.878 exp_mean=7498.7 addr_spec=2.953 addr_random=1.088 addr_full=0.0499 correct=227
  mpx-135 traj: trials=118560000 wall=551556s knowledge=0.4741 reliable=263 spec=8.37 pop=5336
  mpx-135 diag: trials=118560000 micro=7269 pop_spec=21.07 spec_max=32 q_mean=0.549 q_max=1.000 q_above_half=2680 marked=0.221 mark_density=0.880 exp_mean=7645.6 addr_spec=3.013 addr_random=1.092 addr_full=0.0499 correct=227
  mpx-135 traj: trials=118620000 wall=551598s knowledge=0.4748 reliable=267 spec=8.40 pop=5365
  mpx-135 diag: trials=118620000 micro=7287 pop_spec=20.91 spec_max=32 q_mean=0.552 q_max=1.000 q_above_half=2755 marked=0.206 mark_density=0.877 exp_mean=7610.7 addr_spec=2.968 addr_random=1.084 addr_full=0.0490 correct=228
  mpx-135 traj: trials=118680000 wall=551641s knowledge=0.4747 reliable=262 spec=8.37 pop=5192
  mpx-135 diag: trials=118680000 micro=7141 pop_spec=21.39 spec_max=32 q_mean=0.551 q_max=1.000 q_above_half=2633 marked=0.203 mark_density=0.873 exp_mean=7870.3 addr_spec=3.064 addr_random=1.109 addr_full=0.0508 correct=228
  mpx-135 traj: trials=118740000 wall=551732s knowledge=0.4747 reliable=260 spec=8.31 pop=5799
  mpx-135 diag: trials=118740000 micro=7716 pop_spec=20.42 spec_max=32 q_mean=0.546 q_max=1.000 q_above_half=2804 marked=0.200 mark_density=0.879 exp_mean=7052.5 addr_spec=2.787 addr_random=1.059 addr_full=0.0462 correct=228
  mpx-135 traj: trials=118800000 wall=551889s knowledge=0.4751 reliable=265 spec=8.37 pop=5827
  mpx-135 diag: trials=118800000 micro=7769 pop_spec=20.48 spec_max=32 q_mean=0.548 q_max=1.000 q_above_half=2869 marked=0.185 mark_density=0.873 exp_mean=7024.5 addr_spec=2.800 addr_random=1.062 addr_full=0.0453 correct=228
  mpx-135 traj: trials=118860000 wall=551944s knowledge=0.4748 reliable=263 spec=8.38 pop=5509
  mpx-135 diag: trials=118860000 micro=7422 pop_spec=20.83 spec_max=32 q_mean=0.547 q_max=1.000 q_above_half=2697 marked=0.213 mark_density=0.879 exp_mean=7436.2 addr_spec=2.921 addr_random=1.080 addr_full=0.0492 correct=228
  mpx-135 traj: trials=118920000 wall=551988s knowledge=0.4752 reliable=261 spec=8.33 pop=5259
  mpx-135 diag: trials=118920000 micro=7247 pop_spec=21.23 spec_max=32 q_mean=0.550 q_max=1.000 q_above_half=2618 marked=0.207 mark_density=0.875 exp_mean=7796.2 addr_spec=3.060 addr_random=1.101 addr_full=0.0513 correct=228
  mpx-135 traj: trials=118980000 wall=552054s knowledge=0.4752 reliable=263 spec=8.34 pop=5493
  mpx-135 diag: trials=118980000 micro=7457 pop_spec=20.91 spec_max=32 q_mean=0.547 q_max=1.000 q_above_half=2660 marked=0.195 mark_density=0.872 exp_mean=7470.4 addr_spec=2.923 addr_random=1.084 addr_full=0.0502 correct=228
  mpx-135 traj: trials=119040000 wall=552169s knowledge=0.4752 reliable=264 spec=8.35 pop=5486
  mpx-135 diag: trials=119040000 micro=7396 pop_spec=20.83 spec_max=32 q_mean=0.548 q_max=1.000 q_above_half=2800 marked=0.200 mark_density=0.874 exp_mean=7486.2 addr_spec=2.859 addr_random=1.080 addr_full=0.0496 correct=228
  mpx-135 traj: trials=119100000 wall=552271s knowledge=0.4757 reliable=265 spec=8.37 pop=5566
  mpx-135 diag: trials=119100000 micro=7480 pop_spec=20.77 spec_max=32 q_mean=0.545 q_max=1.000 q_above_half=2663 marked=0.205 mark_density=0.877 exp_mean=7384.8 addr_spec=2.862 addr_random=1.077 addr_full=0.0478 correct=228
  mpx-135 traj: trials=119160000 wall=552310s knowledge=0.4756 reliable=261 spec=8.31 pop=5374
  mpx-135 diag: trials=119160000 micro=7277 pop_spec=20.91 spec_max=32 q_mean=0.546 q_max=1.000 q_above_half=2634 marked=0.213 mark_density=0.880 exp_mean=7655.0 addr_spec=2.881 addr_random=1.084 addr_full=0.0508 correct=228
  mpx-135 traj: trials=119220000 wall=552385s knowledge=0.4749 reliable=257 spec=8.26 pop=5456
  mpx-135 diag: trials=119220000 micro=7422 pop_spec=20.86 spec_max=32 q_mean=0.544 q_max=1.000 q_above_half=2607 marked=0.202 mark_density=0.877 exp_mean=7546.2 addr_spec=2.891 addr_random=1.082 addr_full=0.0480 correct=228
  mpx-135 traj: trials=119280000 wall=552455s knowledge=0.4745 reliable=254 spec=8.21 pop=5902
  mpx-135 diag: trials=119280000 micro=7776 pop_spec=19.87 spec_max=32 q_mean=0.541 q_max=1.000 q_above_half=2776 marked=0.219 mark_density=0.888 exp_mean=6982.0 addr_spec=2.661 addr_random=1.030 addr_full=0.0437 correct=229
  mpx-135 traj: trials=119340000 wall=552510s knowledge=0.4750 reliable=255 spec=8.20 pop=5390
  mpx-135 diag: trials=119340000 micro=7244 pop_spec=21.05 spec_max=32 q_mean=0.545 q_max=1.000 q_above_half=2660 marked=0.196 mark_density=0.873 exp_mean=7651.2 addr_spec=2.904 addr_random=1.091 addr_full=0.0488 correct=228
  mpx-135 traj: trials=119400000 wall=552571s knowledge=0.4753 reliable=257 spec=8.19 pop=5472
  mpx-135 diag: trials=119400000 micro=7398 pop_spec=20.87 spec_max=32 q_mean=0.547 q_max=1.000 q_above_half=2693 marked=0.200 mark_density=0.877 exp_mean=7543.0 addr_spec=2.904 addr_random=1.082 addr_full=0.0482 correct=228
  mpx-135 traj: trials=119460000 wall=552656s knowledge=0.4748 reliable=255 spec=8.20 pop=5552
  mpx-135 diag: trials=119460000 micro=7493 pop_spec=20.76 spec_max=32 q_mean=0.550 q_max=1.000 q_above_half=2793 marked=0.208 mark_density=0.877 exp_mean=7440.5 addr_spec=2.872 addr_random=1.077 addr_full=0.0479 correct=228
  mpx-135 traj: trials=119520000 wall=552734s knowledge=0.4745 reliable=253 spec=8.15 pop=5638
  mpx-135 diag: trials=119520000 micro=7530 pop_spec=20.67 spec_max=32 q_mean=0.545 q_max=1.000 q_above_half=2797 marked=0.199 mark_density=0.875 exp_mean=7333.0 addr_spec=2.874 addr_random=1.072 addr_full=0.0474 correct=228
  mpx-135 traj: trials=119580000 wall=552928s knowledge=0.4746 reliable=253 spec=8.17 pop=6011
  mpx-135 diag: trials=119580000 micro=7928 pop_spec=19.97 spec_max=32 q_mean=0.544 q_max=1.000 q_above_half=2932 marked=0.208 mark_density=0.884 exp_mean=6883.8 addr_spec=2.681 addr_random=1.035 addr_full=0.0443 correct=228
  mpx-135 traj: trials=119640000 wall=552968s knowledge=0.4735 reliable=253 spec=8.19 pop=5468
  mpx-135 diag: trials=119640000 micro=7358 pop_spec=20.73 spec_max=32 q_mean=0.547 q_max=1.000 q_above_half=2724 marked=0.215 mark_density=0.881 exp_mean=7573.0 addr_spec=2.874 addr_random=1.075 addr_full=0.0479 correct=227
  mpx-135 traj: trials=119700000 wall=553006s knowledge=0.4755 reliable=256 spec=8.21 pop=5159
  mpx-135 diag: trials=119700000 micro=7082 pop_spec=21.41 spec_max=32 q_mean=0.550 q_max=1.000 q_above_half=2578 marked=0.201 mark_density=0.872 exp_mean=8033.0 addr_spec=3.017 addr_random=1.110 addr_full=0.0514 correct=229
  mpx-135 traj: trials=119760000 wall=553089s knowledge=0.4765 reliable=260 spec=8.24 pop=5459
  mpx-135 diag: trials=119760000 micro=7368 pop_spec=20.85 spec_max=32 q_mean=0.546 q_max=1.000 q_above_half=2725 marked=0.210 mark_density=0.879 exp_mean=7598.0 addr_spec=2.919 addr_random=1.081 addr_full=0.0489 correct=231
  mpx-135 traj: trials=119820000 wall=553128s knowledge=0.4746 reliable=257 spec=8.24 pop=5209
  mpx-135 diag: trials=119820000 micro=7127 pop_spec=21.26 spec_max=32 q_mean=0.551 q_max=1.000 q_above_half=2648 marked=0.207 mark_density=0.876 exp_mean=7920.0 addr_spec=3.036 addr_random=1.102 addr_full=0.0526 correct=230
  mpx-135 traj: trials=119880000 wall=553219s knowledge=0.4742 reliable=257 spec=8.24 pop=5563
  mpx-135 diag: trials=119880000 micro=7413 pop_spec=20.65 spec_max=32 q_mean=0.549 q_max=1.000 q_above_half=2841 marked=0.201 mark_density=0.876 exp_mean=7422.3 addr_spec=2.894 addr_random=1.071 addr_full=0.0485 correct=229
  mpx-135 traj: trials=119940000 wall=553260s knowledge=0.4738 reliable=259 spec=8.26 pop=5327
  mpx-135 diag: trials=119940000 micro=7224 pop_spec=20.90 spec_max=32 q_mean=0.549 q_max=1.000 q_above_half=2695 marked=0.220 mark_density=0.882 exp_mean=7757.4 addr_spec=2.957 addr_random=1.084 addr_full=0.0505 correct=228
  mpx-135 traj: trials=120000000 wall=553412s knowledge=0.4730 reliable=256 spec=8.24 pop=5804
  mpx-135 diag: trials=120000000 micro=7742 pop_spec=20.48 spec_max=32 q_mean=0.543 q_max=1.000 q_above_half=2748 marked=0.195 mark_density=0.876 exp_mean=7086.8 addr_spec=2.750 addr_random=1.062 addr_full=0.0458 correct=228
  mpx-135 traj: trials=120060000 wall=553474s knowledge=0.4734 reliable=259 spec=8.28 pop=5584
  mpx-135 diag: trials=120060000 micro=7491 pop_spec=20.73 spec_max=32 q_mean=0.544 q_max=1.000 q_above_half=2706 marked=0.200 mark_density=0.876 exp_mean=7372.0 addr_spec=2.850 addr_random=1.075 addr_full=0.0471 correct=228
  mpx-135 traj: trials=120120000 wall=553543s knowledge=0.4731 reliable=257 spec=8.26 pop=5393
  mpx-135 diag: trials=120120000 micro=7364 pop_spec=20.97 spec_max=32 q_mean=0.548 q_max=1.000 q_above_half=2703 marked=0.207 mark_density=0.877 exp_mean=7639.2 addr_spec=2.904 addr_random=1.087 addr_full=0.0488 correct=228
  mpx-135 traj: trials=120180000 wall=553693s knowledge=0.4730 reliable=254 spec=8.20 pop=5897
  mpx-135 diag: trials=120180000 micro=7800 pop_spec=20.35 spec_max=32 q_mean=0.544 q_max=1.000 q_above_half=2823 marked=0.189 mark_density=0.874 exp_mean=6992.2 addr_spec=2.735 addr_random=1.055 addr_full=0.0441 correct=228
  mpx-135 traj: trials=120240000 wall=553742s knowledge=0.4734 reliable=258 spec=8.22 pop=5129
  mpx-135 diag: trials=120240000 micro=7105 pop_spec=21.49 spec_max=32 q_mean=0.548 q_max=1.000 q_above_half=2545 marked=0.194 mark_density=0.869 exp_mean=8045.6 addr_spec=2.997 addr_random=1.114 addr_full=0.0509 correct=228
  mpx-135 traj: trials=120300000 wall=553888s knowledge=0.4732 reliable=263 spec=8.28 pop=5637
  mpx-135 diag: trials=120300000 micro=7523 pop_spec=20.56 spec_max=32 q_mean=0.545 q_max=1.000 q_above_half=2748 marked=0.210 mark_density=0.880 exp_mean=7326.9 addr_spec=2.841 addr_random=1.066 addr_full=0.0465 correct=228
  mpx-135 traj: trials=120360000 wall=554002s knowledge=0.4735 reliable=259 spec=8.27 pop=5845
  mpx-135 diag: trials=120360000 micro=7766 pop_spec=20.10 spec_max=32 q_mean=0.549 q_max=1.000 q_above_half=3004 marked=0.201 mark_density=0.880 exp_mean=7072.1 addr_spec=2.808 addr_random=1.042 addr_full=0.0462 correct=228
  mpx-135 traj: trials=120420000 wall=554058s knowledge=0.4747 reliable=261 spec=8.30 pop=5519
  mpx-135 diag: trials=120420000 micro=7472 pop_spec=20.56 spec_max=32 q_mean=0.552 q_max=1.000 q_above_half=2888 marked=0.208 mark_density=0.880 exp_mean=7495.9 addr_spec=2.965 addr_random=1.066 addr_full=0.0484 correct=228
  mpx-135 traj: trials=120480000 wall=554236s knowledge=0.4750 reliable=262 spec=8.31 pop=6289
  mpx-135 diag: trials=120480000 micro=8269 pop_spec=19.88 spec_max=32 q_mean=0.546 q_max=1.000 q_above_half=2963 marked=0.193 mark_density=0.878 exp_mean=6583.6 addr_spec=2.736 addr_random=1.031 addr_full=0.0431 correct=228
  mpx-135 traj: trials=120540000 wall=554286s knowledge=0.4741 reliable=262 spec=8.33 pop=5456
  mpx-135 diag: trials=120540000 micro=7357 pop_spec=20.86 spec_max=32 q_mean=0.553 q_max=1.000 q_above_half=2846 marked=0.221 mark_density=0.880 exp_mean=7594.9 addr_spec=3.053 addr_random=1.082 addr_full=0.0500 correct=228
  mpx-135 traj: trials=120600000 wall=554324s knowledge=0.4748 reliable=269 spec=8.42 pop=5369
  mpx-135 diag: trials=120600000 micro=7285 pop_spec=20.88 spec_max=32 q_mean=0.552 q_max=1.000 q_above_half=2723 marked=0.212 mark_density=0.879 exp_mean=7724.3 addr_spec=3.080 addr_random=1.083 addr_full=0.0522 correct=228
  mpx-135 traj: trials=120660000 wall=554381s knowledge=0.4754 reliable=274 spec=8.49 pop=5445
  mpx-135 diag: trials=120660000 micro=7367 pop_spec=20.90 spec_max=32 q_mean=0.554 q_max=1.000 q_above_half=2780 marked=0.204 mark_density=0.876 exp_mean=7622.7 addr_spec=3.047 addr_random=1.084 addr_full=0.0507 correct=230
  mpx-135 traj: trials=120720000 wall=554450s knowledge=0.4753 reliable=273 spec=8.47 pop=5437
  mpx-135 diag: trials=120720000 micro=7366 pop_spec=20.81 spec_max=32 q_mean=0.551 q_max=1.000 q_above_half=2731 marked=0.225 mark_density=0.883 exp_mean=7640.3 addr_spec=3.048 addr_random=1.079 addr_full=0.0500 correct=229
  mpx-135 traj: trials=120780000 wall=554537s knowledge=0.4749 reliable=270 spec=8.44 pop=5533
  mpx-135 diag: trials=120780000 micro=7413 pop_spec=20.61 spec_max=32 q_mean=0.553 q_max=1.000 q_above_half=2830 marked=0.224 mark_density=0.882 exp_mean=7513.9 addr_spec=3.014 addr_random=1.069 addr_full=0.0493 correct=228
  mpx-135 traj: trials=120840000 wall=554586s knowledge=0.4747 reliable=268 spec=8.43 pop=5577
  mpx-135 diag: trials=120840000 micro=7535 pop_spec=20.23 spec_max=32 q_mean=0.552 q_max=1.000 q_above_half=2846 marked=0.230 mark_density=0.888 exp_mean=7460.7 addr_spec=3.002 addr_random=1.049 addr_full=0.0490 correct=228
  mpx-135 traj: trials=120900000 wall=554624s knowledge=0.4747 reliable=268 spec=8.45 pop=5432
  mpx-135 diag: trials=120900000 micro=7354 pop_spec=20.72 spec_max=32 q_mean=0.552 q_max=1.000 q_above_half=2736 marked=0.226 mark_density=0.883 exp_mean=7666.1 addr_spec=3.056 addr_random=1.074 addr_full=0.0508 correct=228
  mpx-135 traj: trials=120960000 wall=554679s knowledge=0.4746 reliable=271 spec=8.50 pop=5533
  mpx-135 diag: trials=120960000 micro=7501 pop_spec=20.82 spec_max=32 q_mean=0.553 q_max=1.000 q_above_half=2767 marked=0.193 mark_density=0.873 exp_mean=7532.2 addr_spec=2.948 addr_random=1.079 addr_full=0.0490 correct=228
  mpx-135 traj: trials=121020000 wall=554718s knowledge=0.4751 reliable=269 spec=8.45 pop=5217
  mpx-135 diag: trials=121020000 micro=7234 pop_spec=21.21 spec_max=32 q_mean=0.552 q_max=1.000 q_above_half=2640 marked=0.225 mark_density=0.881 exp_mean=7994.9 addr_spec=3.137 addr_random=1.100 addr_full=0.0523 correct=228
  mpx-135 traj: trials=121080000 wall=554824s knowledge=0.4756 reliable=270 spec=8.47 pop=5440
  mpx-135 diag: trials=121080000 micro=7371 pop_spec=20.72 spec_max=32 q_mean=0.553 q_max=1.000 q_above_half=2751 marked=0.216 mark_density=0.881 exp_mean=7673.6 addr_spec=3.062 addr_random=1.074 addr_full=0.0526 correct=229
  mpx-135 traj: trials=121140000 wall=554878s knowledge=0.4755 reliable=270 spec=8.42 pop=5308
  mpx-135 diag: trials=121140000 micro=7212 pop_spec=21.08 spec_max=32 q_mean=0.553 q_max=1.000 q_above_half=2717 marked=0.206 mark_density=0.875 exp_mean=7870.7 addr_spec=3.063 addr_random=1.093 addr_full=0.0520 correct=229
  mpx-135 traj: trials=121200000 wall=555036s knowledge=0.4751 reliable=267 spec=8.40 pop=5804
  mpx-135 diag: trials=121200000 micro=7699 pop_spec=20.38 spec_max=32 q_mean=0.551 q_max=1.000 q_above_half=2865 marked=0.192 mark_density=0.875 exp_mean=7204.2 addr_spec=2.890 addr_random=1.057 addr_full=0.0477 correct=231
  mpx-135 traj: trials=121260000 wall=555097s knowledge=0.4752 reliable=266 spec=8.41 pop=5465
  mpx-135 diag: trials=121260000 micro=7450 pop_spec=20.84 spec_max=32 q_mean=0.552 q_max=1.000 q_above_half=2773 marked=0.210 mark_density=0.877 exp_mean=7657.2 addr_spec=3.075 addr_random=1.081 addr_full=0.0523 correct=229
  mpx-135 traj: trials=121320000 wall=555193s knowledge=0.4755 reliable=267 spec=8.42 pop=5583
  mpx-135 diag: trials=121320000 micro=7537 pop_spec=20.59 spec_max=32 q_mean=0.551 q_max=1.000 q_above_half=2824 marked=0.205 mark_density=0.877 exp_mean=7501.6 addr_spec=2.987 addr_random=1.068 addr_full=0.0503 correct=229
  mpx-135 traj: trials=121380000 wall=555259s knowledge=0.4750 reliable=268 spec=8.43 pop=5464
  mpx-135 diag: trials=121380000 micro=7448 pop_spec=20.87 spec_max=32 q_mean=0.553 q_max=1.000 q_above_half=2836 marked=0.209 mark_density=0.875 exp_mean=7671.1 addr_spec=3.061 addr_random=1.082 addr_full=0.0511 correct=229
  mpx-135 traj: trials=121440000 wall=555315s knowledge=0.4753 reliable=267 spec=8.43 pop=5505
  mpx-135 diag: trials=121440000 micro=7448 pop_spec=20.79 spec_max=32 q_mean=0.552 q_max=1.000 q_above_half=2842 marked=0.208 mark_density=0.876 exp_mean=7620.2 addr_spec=2.987 addr_random=1.078 addr_full=0.0498 correct=229
  mpx-135 traj: trials=121500000 wall=555360s knowledge=0.4752 reliable=267 spec=8.42 pop=5556
  mpx-135 diag: trials=121500000 micro=7458 pop_spec=20.64 spec_max=32 q_mean=0.554 q_max=1.000 q_above_half=2856 marked=0.209 mark_density=0.879 exp_mean=7556.4 addr_spec=2.958 addr_random=1.070 addr_full=0.0502 correct=229
  mpx-135 traj: trials=121560000 wall=555399s knowledge=0.4759 reliable=270 spec=8.45 pop=5269
  mpx-135 diag: trials=121560000 micro=7198 pop_spec=21.14 spec_max=32 q_mean=0.553 q_max=1.000 q_above_half=2664 marked=0.209 mark_density=0.875 exp_mean=7974.5 addr_spec=3.138 addr_random=1.096 addr_full=0.0543 correct=229
  mpx-135 traj: trials=121620000 wall=555467s knowledge=0.4760 reliable=270 spec=8.44 pop=5380
  mpx-135 diag: trials=121620000 micro=7307 pop_spec=20.97 spec_max=32 q_mean=0.554 q_max=1.000 q_above_half=2815 marked=0.203 mark_density=0.874 exp_mean=7816.4 addr_spec=3.033 addr_random=1.087 addr_full=0.0515 correct=230
  mpx-135 traj: trials=121680000 wall=555551s knowledge=0.4761 reliable=267 spec=8.42 pop=19915
  mpx-135 diag: trials=121680000 micro=21810 pop_spec=10.04 spec_max=32 q_mean=0.541 q_max=1.000 q_above_half=11348 marked=0.314 mark_density=0.946 exp_mean=2115.6 addr_spec=1.097 addr_random=0.520 addr_full=0.0140 correct=230
  mpx-135 traj: trials=121740000 wall=555636s knowledge=0.4762 reliable=271 spec=8.44 pop=5551
  mpx-135 diag: trials=121740000 micro=7427 pop_spec=20.52 spec_max=32 q_mean=0.554 q_max=1.000 q_above_half=2907 marked=0.215 mark_density=0.880 exp_mean=7587.9 addr_spec=3.022 addr_random=1.064 addr_full=0.0510 correct=231
  mpx-135 traj: trials=121800000 wall=555702s knowledge=0.4761 reliable=264 spec=8.37 pop=5419
  mpx-135 diag: trials=121800000 micro=7326 pop_spec=20.92 spec_max=32 q_mean=0.554 q_max=1.000 q_above_half=2809 marked=0.207 mark_density=0.875 exp_mean=7778.5 addr_spec=3.005 addr_random=1.085 addr_full=0.0524 correct=231
  mpx-135 traj: trials=121860000 wall=555741s knowledge=0.4762 reliable=265 spec=8.39 pop=5278
  mpx-135 diag: trials=121860000 micro=7233 pop_spec=21.12 spec_max=32 q_mean=0.555 q_max=1.000 q_above_half=2759 marked=0.212 mark_density=0.876 exp_mean=7989.6 addr_spec=3.102 addr_random=1.095 addr_full=0.0515 correct=231
  mpx-135 traj: trials=121920000 wall=555797s knowledge=0.4761 reliable=264 spec=8.34 pop=5314
  mpx-135 diag: trials=121920000 micro=7262 pop_spec=21.03 spec_max=32 q_mean=0.552 q_max=1.000 q_above_half=2796 marked=0.212 mark_density=0.876 exp_mean=7940.8 addr_spec=3.033 addr_random=1.090 addr_full=0.0501 correct=232
  mpx-135 traj: trials=121980000 wall=555855s knowledge=0.4760 reliable=261 spec=8.30 pop=5304
  mpx-135 diag: trials=121980000 micro=7220 pop_spec=21.02 spec_max=32 q_mean=0.548 q_max=1.000 q_above_half=2657 marked=0.201 mark_density=0.873 exp_mean=7962.2 addr_spec=2.994 addr_random=1.090 addr_full=0.0511 correct=231
  mpx-135 traj: trials=122040000 wall=555959s knowledge=0.4759 reliable=258 spec=8.30 pop=5740
  mpx-135 diag: trials=122040000 micro=7641 pop_spec=20.38 spec_max=32 q_mean=0.546 q_max=1.000 q_above_half=2781 marked=0.197 mark_density=0.878 exp_mean=7363.4 addr_spec=2.790 addr_random=1.057 addr_full=0.0481 correct=231
  mpx-135 traj: trials=122100000 wall=556013s knowledge=0.4759 reliable=260 spec=8.31 pop=5545
  mpx-135 diag: trials=122100000 micro=7419 pop_spec=20.68 spec_max=32 q_mean=0.549 q_max=1.000 q_above_half=2746 marked=0.208 mark_density=0.880 exp_mean=7628.5 addr_spec=2.846 addr_random=1.072 addr_full=0.0489 correct=231
  mpx-135 traj: trials=122160000 wall=556051s knowledge=0.4761 reliable=260 spec=8.30 pop=5215
  mpx-135 diag: trials=122160000 micro=7183 pop_spec=21.24 spec_max=32 q_mean=0.551 q_max=1.000 q_above_half=2678 marked=0.204 mark_density=0.873 exp_mean=8117.7 addr_spec=3.043 addr_random=1.101 addr_full=0.0508 correct=231
  mpx-135 traj: trials=122220000 wall=556220s knowledge=0.4762 reliable=261 spec=8.32 pop=5697
  mpx-135 diag: trials=122220000 micro=7621 pop_spec=20.52 spec_max=32 q_mean=0.547 q_max=1.000 q_above_half=2835 marked=0.212 mark_density=0.880 exp_mean=7437.2 addr_spec=2.842 addr_random=1.064 addr_full=0.0472 correct=231
  mpx-135 traj: trials=122280000 wall=556320s knowledge=0.4762 reliable=261 spec=8.35 pop=5772
  mpx-135 diag: trials=122280000 micro=7695 pop_spec=20.40 spec_max=32 q_mean=0.549 q_max=1.000 q_above_half=2782 marked=0.198 mark_density=0.876 exp_mean=7346.4 addr_spec=2.832 addr_random=1.058 addr_full=0.0478 correct=231
  mpx-135 traj: trials=122340000 wall=556370s knowledge=0.4761 reliable=261 spec=8.36 pop=5178
  mpx-135 diag: trials=122340000 micro=7110 pop_spec=21.40 spec_max=32 q_mean=0.553 q_max=1.000 q_above_half=2678 marked=0.210 mark_density=0.873 exp_mean=8195.6 addr_spec=3.098 addr_random=1.109 addr_full=0.0547 correct=231
  mpx-135 traj: trials=122400000 wall=556435s knowledge=0.4758 reliable=263 spec=8.40 pop=5346
  mpx-135 diag: trials=122400000 micro=7341 pop_spec=20.94 spec_max=32 q_mean=0.551 q_max=1.000 q_above_half=2702 marked=0.221 mark_density=0.880 exp_mean=7944.5 addr_spec=3.005 addr_random=1.086 addr_full=0.0507 correct=231
  mpx-135 traj: trials=122460000 wall=556554s knowledge=0.4765 reliable=263 spec=8.39 pop=5412
  mpx-135 diag: trials=122460000 micro=7344 pop_spec=20.88 spec_max=32 q_mean=0.550 q_max=1.000 q_above_half=2683 marked=0.206 mark_density=0.876 exp_mean=7854.0 addr_spec=2.965 addr_random=1.083 addr_full=0.0499 correct=232
  mpx-135 traj: trials=122520000 wall=556602s knowledge=0.4766 reliable=260 spec=8.33 pop=5590
  mpx-135 diag: trials=122520000 micro=7450 pop_spec=20.46 spec_max=32 q_mean=0.550 q_max=1.000 q_above_half=2858 marked=0.213 mark_density=0.880 exp_mean=7610.1 addr_spec=2.835 addr_random=1.061 addr_full=0.0483 correct=232
  mpx-135 traj: trials=122580000 wall=556647s knowledge=0.4766 reliable=260 spec=8.33 pop=5410
  mpx-135 diag: trials=122580000 micro=7301 pop_spec=20.76 spec_max=32 q_mean=0.549 q_max=1.000 q_above_half=2664 marked=0.225 mark_density=0.883 exp_mean=7869.6 addr_spec=3.030 addr_random=1.076 addr_full=0.0503 correct=232
  mpx-135 traj: trials=122640000 wall=556751s knowledge=0.4772 reliable=262 spec=8.32 pop=5667
  mpx-135 diag: trials=122640000 micro=7615 pop_spec=20.69 spec_max=32 q_mean=0.547 q_max=1.000 q_above_half=2726 marked=0.192 mark_density=0.872 exp_mean=7518.6 addr_spec=2.915 addr_random=1.073 addr_full=0.0501 correct=232
  mpx-135 traj: trials=122700000 wall=556807s knowledge=0.4768 reliable=262 spec=8.37 pop=5469
  mpx-135 diag: trials=122700000 micro=7353 pop_spec=20.58 spec_max=32 q_mean=0.551 q_max=1.000 q_above_half=2857 marked=0.228 mark_density=0.883 exp_mean=7797.2 addr_spec=2.937 addr_random=1.067 addr_full=0.0503 correct=232
  mpx-135 traj: trials=122760000 wall=556844s knowledge=0.4768 reliable=262 spec=8.39 pop=5166
  mpx-135 diag: trials=122760000 micro=7073 pop_spec=21.22 spec_max=32 q_mean=0.552 q_max=1.000 q_above_half=2636 marked=0.215 mark_density=0.877 exp_mean=8260.4 addr_spec=3.043 addr_random=1.100 addr_full=0.0521 correct=232
  mpx-135 traj: trials=122820000 wall=556986s knowledge=0.4769 reliable=263 spec=8.35 pop=5430
  mpx-135 diag: trials=122820000 micro=7357 pop_spec=20.90 spec_max=32 q_mean=0.549 q_max=1.000 q_above_half=2742 marked=0.212 mark_density=0.877 exp_mean=7865.3 addr_spec=2.938 addr_random=1.084 addr_full=0.0492 correct=232
  mpx-135 traj: trials=122880000 wall=557024s knowledge=0.4773 reliable=262 spec=8.35 pop=5266
  mpx-135 diag: trials=122880000 micro=7220 pop_spec=21.12 spec_max=32 q_mean=0.551 q_max=1.000 q_above_half=2665 marked=0.204 mark_density=0.873 exp_mean=8116.7 addr_spec=3.088 addr_random=1.095 addr_full=0.0517 correct=232
  mpx-135 traj: trials=122940000 wall=557075s knowledge=0.4774 reliable=262 spec=8.36 pop=5820
  mpx-135 diag: trials=122940000 micro=7772 pop_spec=20.33 spec_max=32 q_mean=0.547 q_max=1.000 q_above_half=2766 marked=0.193 mark_density=0.877 exp_mean=7350.1 addr_spec=2.833 addr_random=1.054 addr_full=0.0471 correct=232
  mpx-135 traj: trials=123000000 wall=557114s knowledge=0.4789 reliable=263 spec=8.34 pop=5273
  mpx-135 diag: trials=123000000 micro=7192 pop_spec=21.05 spec_max=32 q_mean=0.554 q_max=1.000 q_above_half=2712 marked=0.215 mark_density=0.877 exp_mean=8119.0 addr_spec=3.081 addr_random=1.092 addr_full=0.0512 correct=234
  mpx-135 traj: trials=123060000 wall=557160s knowledge=0.4791 reliable=263 spec=8.32 pop=5349
  mpx-135 diag: trials=123060000 micro=7303 pop_spec=20.96 spec_max=32 q_mean=0.550 q_max=1.000 q_above_half=2645 marked=0.211 mark_density=0.877 exp_mean=8010.1 addr_spec=3.020 addr_random=1.087 addr_full=0.0514 correct=233
  mpx-135 traj: trials=123120000 wall=557290s knowledge=0.4781 reliable=261 spec=8.33 pop=5388
  mpx-135 diag: trials=123120000 micro=7332 pop_spec=20.88 spec_max=32 q_mean=0.548 q_max=1.000 q_above_half=2698 marked=0.220 mark_density=0.879 exp_mean=7958.6 addr_spec=2.932 addr_random=1.083 addr_full=0.0501 correct=233
  mpx-135 traj: trials=123180000 wall=557333s knowledge=0.4779 reliable=261 spec=8.33 pop=5249
  mpx-135 diag: trials=123180000 micro=7175 pop_spec=21.06 spec_max=32 q_mean=0.550 q_max=1.000 q_above_half=2639 marked=0.210 mark_density=0.876 exp_mean=8175.8 addr_spec=2.982 addr_random=1.092 addr_full=0.0514 correct=233
  mpx-135 traj: trials=123240000 wall=557453s knowledge=0.4785 reliable=266 spec=8.37 pop=5477
  mpx-135 diag: trials=123240000 micro=7442 pop_spec=20.91 spec_max=32 q_mean=0.550 q_max=1.000 q_above_half=2733 marked=0.186 mark_density=0.867 exp_mean=7841.9 addr_spec=2.932 addr_random=1.084 addr_full=0.0506 correct=233
  mpx-135 traj: trials=123300000 wall=557566s knowledge=0.4788 reliable=266 spec=8.38 pop=5631
  mpx-135 diag: trials=123300000 micro=7535 pop_spec=20.59 spec_max=32 q_mean=0.548 q_max=1.000 q_above_half=2814 marked=0.207 mark_density=0.877 exp_mean=7633.6 addr_spec=2.884 addr_random=1.067 addr_full=0.0494 correct=233
  mpx-135 traj: trials=123360000 wall=557666s knowledge=0.4788 reliable=266 spec=8.38 pop=5425
  mpx-135 diag: trials=123360000 micro=7351 pop_spec=20.85 spec_max=32 q_mean=0.546 q_max=1.000 q_above_half=2648 marked=0.214 mark_density=0.878 exp_mean=7929.7 addr_spec=2.896 addr_random=1.081 addr_full=0.0511 correct=233
  mpx-135 traj: trials=123420000 wall=557729s knowledge=0.4787 reliable=266 spec=8.38 pop=5313
  mpx-135 diag: trials=123420000 micro=7212 pop_spec=20.95 spec_max=32 q_mean=0.547 q_max=1.000 q_above_half=2581 marked=0.217 mark_density=0.880 exp_mean=8103.4 addr_spec=2.960 addr_random=1.086 addr_full=0.0533 correct=233
  mpx-135 traj: trials=123480000 wall=557818s knowledge=0.4783 reliable=267 spec=8.37 pop=5331
  mpx-135 diag: trials=123480000 micro=7253 pop_spec=20.99 spec_max=32 q_mean=0.551 q_max=1.000 q_above_half=2703 marked=0.208 mark_density=0.874 exp_mean=8082.6 addr_spec=3.029 addr_random=1.088 addr_full=0.0521 correct=233
  mpx-135 traj: trials=123540000 wall=557900s knowledge=0.4774 reliable=265 spec=8.39 pop=5844
  mpx-135 diag: trials=123540000 micro=7754 pop_spec=20.36 spec_max=32 q_mean=0.543 q_max=1.000 q_above_half=2723 marked=0.189 mark_density=0.874 exp_mean=7339.9 addr_spec=2.749 addr_random=1.055 addr_full=0.0474 correct=233
  mpx-135 traj: trials=123600000 wall=558036s knowledge=0.4773 reliable=262 spec=8.35 pop=5417
  mpx-135 diag: trials=123600000 micro=7346 pop_spec=20.72 spec_max=32 q_mean=0.550 q_max=1.000 q_above_half=2813 marked=0.214 mark_density=0.880 exp_mean=7924.8 addr_spec=2.954 addr_random=1.075 addr_full=0.0504 correct=233
  mpx-135 traj: trials=123660000 wall=558097s knowledge=0.4770 reliable=262 spec=8.36 pop=5175
  mpx-135 diag: trials=123660000 micro=7142 pop_spec=21.28 spec_max=32 q_mean=0.549 q_max=1.000 q_above_half=2599 marked=0.200 mark_density=0.871 exp_mean=8301.8 addr_spec=3.086 addr_random=1.103 addr_full=0.0529 correct=233
  mpx-135 traj: trials=123720000 wall=558358s knowledge=0.4770 reliable=259 spec=8.33 pop=5894
  mpx-135 diag: trials=123720000 micro=7838 pop_spec=20.20 spec_max=32 q_mean=0.546 q_max=1.000 q_above_half=2938 marked=0.196 mark_density=0.876 exp_mean=7295.1 addr_spec=2.719 addr_random=1.047 addr_full=0.0470 correct=233
  mpx-135 traj: trials=123780000 wall=558410s knowledge=0.4775 reliable=261 spec=8.34 pop=5532
  mpx-135 diag: trials=123780000 micro=7477 pop_spec=20.32 spec_max=32 q_mean=0.547 q_max=1.000 q_above_half=2777 marked=0.215 mark_density=0.883 exp_mean=7778.7 addr_spec=2.808 addr_random=1.053 addr_full=0.0479 correct=233
  mpx-135 traj: trials=123840000 wall=558489s knowledge=0.4775 reliable=261 spec=8.34 pop=5413
  mpx-135 diag: trials=123840000 micro=7331 pop_spec=20.77 spec_max=32 q_mean=0.545 q_max=1.000 q_above_half=2622 marked=0.213 mark_density=0.879 exp_mean=7956.0 addr_spec=2.915 addr_random=1.077 addr_full=0.0519 correct=233
  mpx-135 traj: trials=123900000 wall=558537s knowledge=0.4772 reliable=262 spec=8.35 pop=5187
  mpx-135 diag: trials=123900000 micro=7143 pop_spec=21.18 spec_max=32 q_mean=0.548 q_max=1.000 q_above_half=2591 marked=0.210 mark_density=0.875 exp_mean=8309.1 addr_spec=3.013 addr_random=1.098 addr_full=0.0526 correct=233
  mpx-135 traj: trials=123960000 wall=558608s knowledge=0.4776 reliable=261 spec=8.29 pop=11844
  mpx-135 diag: trials=123960000 micro=13759 pop_spec=12.23 spec_max=32 q_mean=0.523 q_max=1.000 q_above_half=5269 marked=0.363 mark_density=0.943 exp_mean=3644.0 addr_spec=1.477 addr_random=0.634 addr_full=0.0221 correct=233
  mpx-135 traj: trials=124020000 wall=558681s knowledge=0.4779 reliable=260 spec=8.27 pop=5417
  mpx-135 diag: trials=124020000 micro=7314 pop_spec=20.78 spec_max=32 q_mean=0.547 q_max=1.000 q_above_half=2621 marked=0.205 mark_density=0.877 exp_mean=7969.1 addr_spec=2.912 addr_random=1.077 addr_full=0.0497 correct=234
  mpx-135 traj: trials=124080000 wall=558793s knowledge=0.4790 reliable=262 spec=8.27 pop=6149
  mpx-135 diag: trials=124080000 micro=8070 pop_spec=19.80 spec_max=32 q_mean=0.543 q_max=1.000 q_above_half=2811 marked=0.193 mark_density=0.880 exp_mean=7026.2 addr_spec=2.711 addr_random=1.026 addr_full=0.0436 correct=234
  mpx-135 traj: trials=124140000 wall=558845s knowledge=0.4783 reliable=263 spec=8.31 pop=5306
  mpx-135 diag: trials=124140000 micro=7215 pop_spec=21.01 spec_max=32 q_mean=0.552 q_max=1.000 q_above_half=2763 marked=0.211 mark_density=0.875 exp_mean=8148.8 addr_spec=3.004 addr_random=1.089 addr_full=0.0511 correct=233
  mpx-135 traj: trials=124200000 wall=558900s knowledge=0.4785 reliable=264 spec=8.33 pop=5342
  mpx-135 diag: trials=124200000 micro=7242 pop_spec=20.84 spec_max=32 q_mean=0.549 q_max=1.000 q_above_half=2694 marked=0.212 mark_density=0.878 exp_mean=8100.4 addr_spec=2.940 addr_random=1.081 addr_full=0.0520 correct=233
  mpx-135 traj: trials=124260000 wall=559063s knowledge=0.4780 reliable=259 spec=8.27 pop=5425
  mpx-135 diag: trials=124260000 micro=7340 pop_spec=20.46 spec_max=32 q_mean=0.549 q_max=1.000 q_above_half=2741 marked=0.225 mark_density=0.885 exp_mean=7982.7 addr_spec=2.902 addr_random=1.061 addr_full=0.0505 correct=233
  mpx-135 traj: trials=124320000 wall=559103s knowledge=0.4776 reliable=263 spec=8.32 pop=5177
  mpx-135 diag: trials=124320000 micro=7149 pop_spec=21.12 spec_max=32 q_mean=0.553 q_max=1.000 q_above_half=2663 marked=0.205 mark_density=0.874 exp_mean=8371.5 addr_spec=3.126 addr_random=1.095 addr_full=0.0554 correct=233
  mpx-135 traj: trials=124380000 wall=559170s knowledge=0.4782 reliable=264 spec=8.33 pop=5317
  mpx-135 diag: trials=124380000 micro=7273 pop_spec=20.95 spec_max=32 q_mean=0.552 q_max=1.000 q_above_half=2697 marked=0.216 mark_density=0.877 exp_mean=8157.7 addr_spec=3.060 addr_random=1.086 addr_full=0.0513 correct=233
  mpx-135 traj: trials=124440000 wall=559257s knowledge=0.4779 reliable=265 spec=8.35 pop=5582
  mpx-135 diag: trials=124440000 micro=7544 pop_spec=20.62 spec_max=32 q_mean=0.549 q_max=1.000 q_above_half=2669 marked=0.195 mark_density=0.873 exp_mean=7776.6 addr_spec=2.920 addr_random=1.069 addr_full=0.0494 correct=233
  mpx-135 traj: trials=124500000 wall=559334s knowledge=0.4773 reliable=264 spec=8.38 pop=5228
  mpx-135 diag: trials=124500000 micro=7202 pop_spec=21.12 spec_max=32 q_mean=0.554 q_max=1.000 q_above_half=2692 marked=0.211 mark_density=0.875 exp_mean=8309.7 addr_spec=3.148 addr_random=1.095 addr_full=0.0532 correct=234
  mpx-135 traj: trials=124560000 wall=559415s knowledge=0.4787 reliable=262 spec=8.32 pop=5430
  mpx-135 diag: trials=124560000 micro=7351 pop_spec=20.80 spec_max=32 q_mean=0.552 q_max=1.000 q_above_half=2742 marked=0.203 mark_density=0.875 exp_mean=8006.9 addr_spec=3.006 addr_random=1.079 addr_full=0.0503 correct=234
  mpx-135 traj: trials=124620000 wall=559466s knowledge=0.4784 reliable=265 spec=8.38 pop=5223
  mpx-135 diag: trials=124620000 micro=7148 pop_spec=21.18 spec_max=32 q_mean=0.553 q_max=1.000 q_above_half=2646 marked=0.201 mark_density=0.872 exp_mean=8330.7 addr_spec=3.085 addr_random=1.098 addr_full=0.0536 correct=233
  mpx-135 traj: trials=124680000 wall=559509s knowledge=0.4784 reliable=265 spec=8.37 pop=5220
  mpx-135 diag: trials=124680000 micro=7134 pop_spec=21.06 spec_max=32 q_mean=0.557 q_max=1.000 q_above_half=2782 marked=0.212 mark_density=0.874 exp_mean=8342.2 addr_spec=3.118 addr_random=1.092 addr_full=0.0529 correct=233
  mpx-135 traj: trials=124740000 wall=559614s knowledge=0.4772 reliable=262 spec=8.35 pop=5404
  mpx-135 diag: trials=124740000 micro=7356 pop_spec=20.82 spec_max=32 q_mean=0.553 q_max=1.000 q_above_half=2779 marked=0.208 mark_density=0.874 exp_mean=8064.6 addr_spec=3.025 addr_random=1.079 addr_full=0.0520 correct=233
  mpx-135 traj: trials=124800000 wall=559779s knowledge=0.4771 reliable=263 spec=8.35 pop=6184
  mpx-135 diag: trials=124800000 micro=8150 pop_spec=19.95 spec_max=32 q_mean=0.547 q_max=1.000 q_above_half=2909 marked=0.189 mark_density=0.876 exp_mean=7053.1 addr_spec=2.766 addr_random=1.034 addr_full=0.0440 correct=233
  mpx-135 traj: trials=124860000 wall=559818s knowledge=0.4777 reliable=264 spec=8.35 pop=5343
  mpx-135 diag: trials=124860000 micro=7295 pop_spec=20.97 spec_max=32 q_mean=0.556 q_max=1.000 q_above_half=2795 marked=0.204 mark_density=0.872 exp_mean=8169.5 addr_spec=3.085 addr_random=1.087 addr_full=0.0515 correct=233
  mpx-135 traj: trials=124920000 wall=559904s knowledge=0.4776 reliable=261 spec=8.31 pop=5377
  mpx-135 diag: trials=124920000 micro=7311 pop_spec=20.85 spec_max=32 q_mean=0.554 q_max=1.000 q_above_half=2748 marked=0.223 mark_density=0.878 exp_mean=8124.3 addr_spec=3.052 addr_random=1.081 addr_full=0.0500 correct=233
  mpx-135 traj: trials=124980000 wall=559955s knowledge=0.4772 reliable=263 spec=8.35 pop=5414
  mpx-135 diag: trials=124980000 micro=7351 pop_spec=20.70 spec_max=32 q_mean=0.555 q_max=1.000 q_above_half=2765 marked=0.229 mark_density=0.883 exp_mean=8075.1 addr_spec=3.129 addr_random=1.073 addr_full=0.0517 correct=233
  mpx-135 traj: trials=125040000 wall=560050s knowledge=0.4776 reliable=270 spec=8.46 pop=5553
  mpx-135 diag: trials=125040000 micro=7505 pop_spec=20.64 spec_max=32 q_mean=0.557 q_max=1.000 q_above_half=2901 marked=0.203 mark_density=0.872 exp_mean=7879.2 addr_spec=3.068 addr_random=1.070 addr_full=0.0506 correct=233
  mpx-135 traj: trials=125100000 wall=560141s knowledge=0.4782 reliable=267 spec=8.45 pop=5561
  mpx-135 diag: trials=125100000 micro=7488 pop_spec=20.54 spec_max=32 q_mean=0.555 q_max=1.000 q_above_half=2897 marked=0.216 mark_density=0.879 exp_mean=7874.0 addr_spec=3.017 addr_random=1.065 addr_full=0.0512 correct=234
  mpx-135 traj: trials=125160000 wall=560206s knowledge=0.4782 reliable=266 spec=8.43 pop=5748
  mpx-135 diag: trials=125160000 micro=7700 pop_spec=20.31 spec_max=32 q_mean=0.554 q_max=1.000 q_above_half=2897 marked=0.210 mark_density=0.878 exp_mean=7623.8 addr_spec=2.940 addr_random=1.053 addr_full=0.0491 correct=234
  mpx-135 traj: trials=125220000 wall=560271s knowledge=0.4784 reliable=270 spec=8.47 pop=5732
  mpx-135 diag: trials=125220000 micro=7665 pop_spec=20.20 spec_max=32 q_mean=0.556 q_max=1.000 q_above_half=2994 marked=0.204 mark_density=0.877 exp_mean=7651.2 addr_spec=3.032 addr_random=1.047 addr_full=0.0492 correct=234
  mpx-135 traj: trials=125280000 wall=560331s knowledge=0.4787 reliable=272 spec=8.48 pop=5517
  mpx-135 diag: trials=125280000 micro=7455 pop_spec=20.66 spec_max=32 q_mean=0.558 q_max=1.000 q_above_half=2925 marked=0.213 mark_density=0.876 exp_mean=7955.6 addr_spec=3.150 addr_random=1.071 addr_full=0.0524 correct=234
  mpx-135 traj: trials=125340000 wall=560433s knowledge=0.4781 reliable=275 spec=8.55 pop=5517
  mpx-135 diag: trials=125340000 micro=7465 pop_spec=20.66 spec_max=32 q_mean=0.555 q_max=1.000 q_above_half=2838 marked=0.213 mark_density=0.876 exp_mean=7961.7 addr_spec=3.130 addr_random=1.071 addr_full=0.0520 correct=233
  mpx-135 traj: trials=125400000 wall=560540s knowledge=0.4778 reliable=273 spec=8.55 pop=6035
  mpx-135 diag: trials=125400000 micro=7913 pop_spec=19.50 spec_max=32 q_mean=0.555 q_max=1.000 q_above_half=3176 marked=0.217 mark_density=0.886 exp_mean=7284.2 addr_spec=2.785 addr_random=1.011 addr_full=0.0467 correct=233
  mpx-135 traj: trials=125460000 wall=560587s knowledge=0.4784 reliable=275 spec=8.55 pop=5354
  mpx-135 diag: trials=125460000 micro=7301 pop_spec=20.77 spec_max=32 q_mean=0.556 q_max=1.000 q_above_half=2787 marked=0.219 mark_density=0.879 exp_mean=8216.9 addr_spec=3.132 addr_random=1.077 addr_full=0.0519 correct=233
  mpx-135 traj: trials=125520000 wall=560632s knowledge=0.4782 reliable=270 spec=8.49 pop=5407
  mpx-135 diag: trials=125520000 micro=7352 pop_spec=20.69 spec_max=32 q_mean=0.554 q_max=1.000 q_above_half=2761 marked=0.214 mark_density=0.876 exp_mean=8142.7 addr_spec=3.084 addr_random=1.073 addr_full=0.0534 correct=233
  mpx-135 traj: trials=125580000 wall=560747s knowledge=0.4785 reliable=271 spec=8.50 pop=5512
  mpx-135 diag: trials=125580000 micro=7438 pop_spec=20.58 spec_max=32 q_mean=0.554 q_max=1.000 q_above_half=2827 marked=0.214 mark_density=0.878 exp_mean=7993.9 addr_spec=2.988 addr_random=1.067 addr_full=0.0517 correct=233
  mpx-135 traj: trials=125640000 wall=560792s knowledge=0.4784 reliable=273 spec=8.51 pop=5251
  mpx-135 diag: trials=125640000 micro=7223 pop_spec=21.09 spec_max=32 q_mean=0.556 q_max=1.000 q_above_half=2700 marked=0.222 mark_density=0.877 exp_mean=8397.7 addr_spec=3.138 addr_random=1.093 addr_full=0.0556 correct=233
  mpx-135 traj: trials=125700000 wall=560834s knowledge=0.4780 reliable=275 spec=8.54 pop=5364
  mpx-135 diag: trials=125700000 micro=7334 pop_spec=20.84 spec_max=32 q_mean=0.557 q_max=1.000 q_above_half=2807 marked=0.204 mark_density=0.874 exp_mean=8227.2 addr_spec=3.077 addr_random=1.080 addr_full=0.0531 correct=233
  mpx-135 traj: trials=125760000 wall=560928s knowledge=0.4782 reliable=276 spec=8.59 pop=5764
  mpx-135 diag: trials=125760000 micro=7703 pop_spec=20.26 spec_max=32 q_mean=0.551 q_max=1.000 q_above_half=2828 marked=0.218 mark_density=0.881 exp_mean=7662.4 addr_spec=2.926 addr_random=1.051 addr_full=0.0507 correct=233
  mpx-135 traj: trials=125820000 wall=561029s knowledge=0.4784 reliable=282 spec=8.66 pop=5266
  mpx-135 diag: trials=125820000 micro=7226 pop_spec=21.03 spec_max=32 q_mean=0.558 q_max=1.000 q_above_half=2796 marked=0.211 mark_density=0.873 exp_mean=8393.4 addr_spec=3.094 addr_random=1.091 addr_full=0.0549 correct=233
  mpx-135 traj: trials=125880000 wall=561070s knowledge=0.4782 reliable=276 spec=8.61 pop=5316
  mpx-135 diag: trials=125880000 micro=7294 pop_spec=20.71 spec_max=32 q_mean=0.552 q_max=1.000 q_above_half=2682 marked=0.230 mark_density=0.882 exp_mean=8321.0 addr_spec=3.064 addr_random=1.074 addr_full=0.0536 correct=233
  mpx-135 traj: trials=125940000 wall=561145s knowledge=0.4783 reliable=279 spec=8.65 pop=5238
  mpx-135 diag: trials=125940000 micro=7153 pop_spec=20.99 spec_max=32 q_mean=0.553 q_max=1.000 q_above_half=2683 marked=0.227 mark_density=0.880 exp_mean=8451.4 addr_spec=3.019 addr_random=1.088 addr_full=0.0557 correct=233
  mpx-135 traj: trials=126000000 wall=561209s knowledge=0.4783 reliable=275 spec=8.58 pop=5633
  mpx-135 diag: trials=126000000 micro=7547 pop_spec=20.36 spec_max=32 q_mean=0.549 q_max=1.000 q_above_half=2739 marked=0.199 mark_density=0.876 exp_mean=7864.8 addr_spec=2.896 addr_random=1.056 addr_full=0.0511 correct=233
  mpx-135 traj: trials=126060000 wall=561259s knowledge=0.4782 reliable=276 spec=8.58 pop=5519
  mpx-135 diag: trials=126060000 micro=7430 pop_spec=20.53 spec_max=32 q_mean=0.553 q_max=1.000 q_above_half=2793 marked=0.208 mark_density=0.876 exp_mean=8033.6 addr_spec=2.912 addr_random=1.065 addr_full=0.0513 correct=233
  mpx-135 traj: trials=126120000 wall=561368s knowledge=0.4783 reliable=276 spec=8.55 pop=6234
  mpx-135 diag: trials=126120000 micro=8190 pop_spec=19.63 spec_max=32 q_mean=0.550 q_max=1.000 q_above_half=2932 marked=0.189 mark_density=0.878 exp_mean=7117.9 addr_spec=2.741 addr_random=1.018 addr_full=0.0454 correct=233
  mpx-135 traj: trials=126180000 wall=561406s knowledge=0.4792 reliable=274 spec=8.53 pop=5417
  mpx-135 diag: trials=126180000 micro=7319 pop_spec=20.72 spec_max=32 q_mean=0.555 q_max=1.000 q_above_half=2806 marked=0.212 mark_density=0.876 exp_mean=8197.6 addr_spec=2.999 addr_random=1.074 addr_full=0.0522 correct=234
  mpx-135 traj: trials=126240000 wall=561490s knowledge=0.4783 reliable=272 spec=8.52 pop=5603
  mpx-135 diag: trials=126240000 micro=7580 pop_spec=20.52 spec_max=32 q_mean=0.552 q_max=1.000 q_above_half=2859 marked=0.211 mark_density=0.877 exp_mean=7931.6 addr_spec=2.979 addr_random=1.064 addr_full=0.0512 correct=233
  mpx-135 traj: trials=126300000 wall=561592s knowledge=0.4783 reliable=275 spec=8.53 pop=5547
  mpx-135 diag: trials=126300000 micro=7476 pop_spec=20.36 spec_max=32 q_mean=0.554 q_max=1.000 q_above_half=2871 marked=0.219 mark_density=0.882 exp_mean=8018.0 addr_spec=2.961 addr_random=1.056 addr_full=0.0508 correct=233
  mpx-135 traj: trials=126360000 wall=561630s knowledge=0.4785 reliable=273 spec=8.51 pop=5272
  mpx-135 diag: trials=126360000 micro=7272 pop_spec=20.87 spec_max=32 q_mean=0.555 q_max=1.000 q_above_half=2760 marked=0.224 mark_density=0.880 exp_mean=8442.7 addr_spec=3.108 addr_random=1.082 addr_full=0.0541 correct=233
  mpx-135 traj: trials=126420000 wall=561678s knowledge=0.4787 reliable=274 spec=8.53 pop=5150
  mpx-135 diag: trials=126420000 micro=7089 pop_spec=21.06 spec_max=32 q_mean=0.555 q_max=1.000 q_above_half=2667 marked=0.220 mark_density=0.878 exp_mean=8649.3 addr_spec=3.086 addr_random=1.092 addr_full=0.0548 correct=233
  mpx-135 traj: trials=126480000 wall=561740s knowledge=0.4787 reliable=273 spec=8.52 pop=5617
  mpx-135 diag: trials=126480000 micro=7546 pop_spec=20.31 spec_max=32 q_mean=0.548 q_max=1.000 q_above_half=2770 marked=0.220 mark_density=0.882 exp_mean=7936.5 addr_spec=2.958 addr_random=1.053 addr_full=0.0509 correct=233
  mpx-135 traj: trials=126540000 wall=561786s knowledge=0.4789 reliable=274 spec=8.47 pop=5254
  mpx-135 diag: trials=126540000 micro=7184 pop_spec=20.96 spec_max=32 q_mean=0.555 q_max=1.000 q_above_half=2754 marked=0.206 mark_density=0.873 exp_mean=8491.2 addr_spec=3.070 addr_random=1.087 addr_full=0.0533 correct=233
  mpx-135 traj: trials=126600000 wall=561837s knowledge=0.4786 reliable=272 spec=8.44 pop=5319
  mpx-135 diag: trials=126600000 micro=7321 pop_spec=20.99 spec_max=32 q_mean=0.551 q_max=1.000 q_above_half=2664 marked=0.205 mark_density=0.872 exp_mean=8394.0 addr_spec=3.037 addr_random=1.088 addr_full=0.0536 correct=233
  mpx-135 traj: trials=126660000 wall=561892s knowledge=0.4785 reliable=266 spec=8.40 pop=5372
  mpx-135 diag: trials=126660000 micro=7310 pop_spec=20.78 spec_max=32 q_mean=0.553 q_max=1.000 q_above_half=2763 marked=0.218 mark_density=0.879 exp_mean=8317.5 addr_spec=2.962 addr_random=1.077 addr_full=0.0523 correct=233
  mpx-135 traj: trials=126720000 wall=561965s knowledge=0.4783 reliable=267 spec=8.46 pop=5520
  mpx-135 diag: trials=126720000 micro=7484 pop_spec=20.65 spec_max=32 q_mean=0.552 q_max=1.000 q_above_half=2777 marked=0.197 mark_density=0.873 exp_mean=8100.6 addr_spec=2.925 addr_random=1.071 addr_full=0.0525 correct=233
  mpx-135 traj: trials=126780000 wall=562010s knowledge=0.4792 reliable=270 spec=8.45 pop=5388
  mpx-135 diag: trials=126780000 micro=7296 pop_spec=20.74 spec_max=32 q_mean=0.553 q_max=1.000 q_above_half=2722 marked=0.214 mark_density=0.876 exp_mean=8305.5 addr_spec=3.085 addr_random=1.076 addr_full=0.0518 correct=234
  mpx-135 traj: trials=126840000 wall=562092s knowledge=0.4793 reliable=277 spec=8.54 pop=5301
  mpx-135 diag: trials=126840000 micro=7265 pop_spec=20.84 spec_max=32 q_mean=0.557 q_max=1.000 q_above_half=2831 marked=0.213 mark_density=0.876 exp_mean=8448.4 addr_spec=3.060 addr_random=1.081 addr_full=0.0523 correct=235
  mpx-135 traj: trials=126900000 wall=562155s knowledge=0.4799 reliable=273 spec=8.48 pop=5436
  mpx-135 diag: trials=126900000 micro=7404 pop_spec=20.73 spec_max=32 q_mean=0.552 q_max=1.000 q_above_half=2719 marked=0.212 mark_density=0.876 exp_mean=8244.9 addr_spec=3.076 addr_random=1.075 addr_full=0.0519 correct=235
  mpx-135 traj: trials=126960000 wall=562235s knowledge=0.4799 reliable=272 spec=8.47 pop=5430
  mpx-135 diag: trials=126960000 micro=7396 pop_spec=20.58 spec_max=32 q_mean=0.554 q_max=1.000 q_above_half=2879 marked=0.205 mark_density=0.875 exp_mean=8260.4 addr_spec=2.947 addr_random=1.067 addr_full=0.0525 correct=235
  mpx-135 traj: trials=127020000 wall=562341s knowledge=0.4797 reliable=271 spec=8.44 pop=5423
  mpx-135 diag: trials=127020000 micro=7387 pop_spec=20.79 spec_max=32 q_mean=0.550 q_max=1.000 q_above_half=2696 marked=0.206 mark_density=0.875 exp_mean=8277.3 addr_spec=2.987 addr_random=1.078 addr_full=0.0507 correct=234
  mpx-135 traj: trials=127080000 wall=562378s knowledge=0.4809 reliable=272 spec=8.47 pop=5141
  mpx-135 diag: trials=127080000 micro=7071 pop_spec=21.22 spec_max=32 q_mean=0.554 q_max=1.000 q_above_half=2655 marked=0.211 mark_density=0.872 exp_mean=8738.0 addr_spec=3.074 addr_random=1.100 addr_full=0.0533 correct=235
  mpx-135 traj: trials=127140000 wall=562472s knowledge=0.4800 reliable=266 spec=8.37 pop=5091
  mpx-135 diag: trials=127140000 micro=7031 pop_spec=21.36 spec_max=32 q_mean=0.553 q_max=1.000 q_above_half=2597 marked=0.209 mark_density=0.870 exp_mean=8779.8 addr_spec=3.111 addr_random=1.108 addr_full=0.0544 correct=235
  mpx-135 traj: trials=127200000 wall=562601s knowledge=0.4792 reliable=259 spec=8.29 pop=5592
  mpx-135 diag: trials=127200000 micro=7540 pop_spec=20.48 spec_max=32 q_mean=0.548 q_max=1.000 q_above_half=2809 marked=0.209 mark_density=0.876 exp_mean=7999.2 addr_spec=2.910 addr_random=1.062 addr_full=0.0485 correct=235
  mpx-135 traj: trials=127260000 wall=562659s knowledge=0.4794 reliable=257 spec=8.23 pop=5370
  mpx-135 diag: trials=127260000 micro=7301 pop_spec=20.72 spec_max=32 q_mean=0.552 q_max=1.000 q_above_half=2757 marked=0.218 mark_density=0.877 exp_mean=8336.3 addr_spec=2.949 addr_random=1.074 addr_full=0.0508 correct=235
  mpx-135 traj: trials=127320000 wall=562874s knowledge=0.4801 reliable=258 spec=8.27 pop=6291
  mpx-135 diag: trials=127320000 micro=8246 pop_spec=19.68 spec_max=32 q_mean=0.543 q_max=1.000 q_above_half=2857 marked=0.188 mark_density=0.876 exp_mean=7121.5 addr_spec=2.634 addr_random=1.021 addr_full=0.0432 correct=235
  mpx-135 traj: trials=127380000 wall=562911s knowledge=0.4807 reliable=262 spec=8.29 pop=5195
  mpx-135 diag: trials=127380000 micro=7164 pop_spec=21.08 spec_max=32 q_mean=0.551 q_max=1.000 q_above_half=2689 marked=0.213 mark_density=0.873 exp_mean=8630.4 addr_spec=3.027 addr_random=1.093 addr_full=0.0512 correct=235
  mpx-135 traj: trials=127440000 wall=562947s knowledge=0.4802 reliable=259 spec=8.27 pop=5094
  mpx-135 diag: trials=127440000 micro=6988 pop_spec=21.15 spec_max=32 q_mean=0.551 q_max=1.000 q_above_half=2552 marked=0.225 mark_density=0.879 exp_mean=8808.2 addr_spec=3.017 addr_random=1.097 addr_full=0.0544 correct=235
  mpx-135 traj: trials=127500000 wall=563035s knowledge=0.4797 reliable=257 spec=8.27 pop=5772
  mpx-135 diag: trials=127500000 micro=7698 pop_spec=20.04 spec_max=32 q_mean=0.550 q_max=1.000 q_above_half=2819 marked=0.199 mark_density=0.878 exp_mean=7779.7 addr_spec=2.732 addr_random=1.039 addr_full=0.0466 correct=235
  mpx-135 traj: trials=127560000 wall=563156s knowledge=0.4786 reliable=256 spec=8.27 pop=5451
  mpx-135 diag: trials=127560000 micro=7406 pop_spec=20.65 spec_max=32 q_mean=0.547 q_max=1.000 q_above_half=2727 marked=0.218 mark_density=0.878 exp_mean=8244.0 addr_spec=2.908 addr_random=1.071 addr_full=0.0497 correct=235
  mpx-135 traj: trials=127620000 wall=563202s knowledge=0.4796 reliable=258 spec=8.27 pop=5311
  mpx-135 diag: trials=127620000 micro=7259 pop_spec=20.69 spec_max=32 q_mean=0.548 q_max=1.000 q_above_half=2651 marked=0.222 mark_density=0.880 exp_mean=8467.8 addr_spec=2.912 addr_random=1.073 addr_full=0.0508 correct=235
  mpx-135 traj: trials=127680000 wall=563266s knowledge=0.4798 reliable=259 spec=8.27 pop=5210
  mpx-135 diag: trials=127680000 micro=7184 pop_spec=21.03 spec_max=32 q_mean=0.552 q_max=1.000 q_above_half=2651 marked=0.214 mark_density=0.874 exp_mean=8638.6 addr_spec=3.047 addr_random=1.091 addr_full=0.0545 correct=235
  mpx-135 traj: trials=127740000 wall=563337s knowledge=0.4791 reliable=259 spec=8.31 pop=6049
  mpx-135 diag: trials=127740000 micro=7990 pop_spec=19.69 spec_max=32 q_mean=0.547 q_max=1.000 q_above_half=2882 marked=0.197 mark_density=0.880 exp_mean=7446.3 addr_spec=2.668 addr_random=1.021 addr_full=0.0456 correct=235
  mpx-135 traj: trials=127800000 wall=563418s knowledge=0.4798 reliable=261 spec=8.33 pop=5554
  mpx-135 diag: trials=127800000 micro=7475 pop_spec=20.45 spec_max=32 q_mean=0.551 q_max=1.000 q_above_half=2776 marked=0.219 mark_density=0.879 exp_mean=8116.1 addr_spec=2.894 addr_random=1.060 addr_full=0.0488 correct=235
  mpx-135 traj: trials=127860000 wall=563480s knowledge=0.4803 reliable=262 spec=8.33 pop=5414
  mpx-135 diag: trials=127860000 micro=7344 pop_spec=20.64 spec_max=32 q_mean=0.551 q_max=1.000 q_above_half=2743 marked=0.221 mark_density=0.879 exp_mean=8332.3 addr_spec=2.930 addr_random=1.070 addr_full=0.0501 correct=235
  mpx-135 traj: trials=127920000 wall=563522s knowledge=0.4808 reliable=265 spec=8.34 pop=5134
  mpx-135 diag: trials=127920000 micro=7098 pop_spec=21.14 spec_max=32 q_mean=0.553 q_max=1.000 q_above_half=2640 marked=0.207 mark_density=0.872 exp_mean=8793.3 addr_spec=3.106 addr_random=1.096 addr_full=0.0540 correct=235
  mpx-135 traj: trials=127980000 wall=563577s knowledge=0.4803 reliable=263 spec=8.33 pop=5285
  mpx-135 diag: trials=127980000 micro=7258 pop_spec=20.88 spec_max=32 q_mean=0.552 q_max=1.000 q_above_half=2704 marked=0.210 mark_density=0.874 exp_mean=8548.6 addr_spec=2.989 addr_random=1.083 addr_full=0.0518 correct=235
  mpx-135 traj: trials=128040000 wall=563623s knowledge=0.4802 reliable=265 spec=8.35 pop=5374
  mpx-135 diag: trials=128040000 micro=7275 pop_spec=20.60 spec_max=32 q_mean=0.551 q_max=1.000 q_above_half=2655 marked=0.212 mark_density=0.877 exp_mean=8413.6 addr_spec=2.974 addr_random=1.068 addr_full=0.0510 correct=235
  mpx-135 traj: trials=128100000 wall=563665s knowledge=0.4814 reliable=266 spec=8.37 pop=5109
  mpx-135 diag: trials=128100000 micro=7052 pop_spec=21.17 spec_max=32 q_mean=0.554 q_max=1.000 q_above_half=2621 marked=0.208 mark_density=0.872 exp_mean=8856.7 addr_spec=3.099 addr_random=1.097 addr_full=0.0536 correct=236
  mpx-135 traj: trials=128160000 wall=563794s knowledge=0.4811 reliable=263 spec=8.33 pop=4994
  mpx-135 diag: trials=128160000 micro=6962 pop_spec=21.47 spec_max=32 q_mean=0.552 q_max=1.000 q_above_half=2528 marked=0.216 mark_density=0.873 exp_mean=9067.4 addr_spec=3.150 addr_random=1.113 addr_full=0.0561 correct=236
  mpx-135 traj: trials=128220000 wall=563837s knowledge=0.4803 reliable=264 spec=8.36 pop=5035
  mpx-135 diag: trials=128220000 micro=7007 pop_spec=21.46 spec_max=32 q_mean=0.550 q_max=1.000 q_above_half=2451 marked=0.198 mark_density=0.866 exp_mean=9000.3 addr_spec=3.121 addr_random=1.113 addr_full=0.0544 correct=236
  mpx-135 traj: trials=128280000 wall=563926s knowledge=0.4797 reliable=263 spec=8.37 pop=5686
  mpx-135 diag: trials=128280000 micro=7643 pop_spec=20.26 spec_max=32 q_mean=0.547 q_max=1.000 q_above_half=2770 marked=0.207 mark_density=0.879 exp_mean=7976.2 addr_spec=2.828 addr_random=1.050 addr_full=0.0473 correct=236
  mpx-135 traj: trials=128340000 wall=563962s knowledge=0.4809 reliable=265 spec=8.37 pop=5097
  mpx-135 diag: trials=128340000 micro=7078 pop_spec=21.24 spec_max=32 q_mean=0.554 q_max=1.000 q_above_half=2646 marked=0.217 mark_density=0.874 exp_mean=8904.5 addr_spec=3.152 addr_random=1.101 addr_full=0.0547 correct=237
  mpx-135 traj: trials=128400000 wall=564037s knowledge=0.4798 reliable=262 spec=8.33 pop=5295
  mpx-135 diag: trials=128400000 micro=7266 pop_spec=20.93 spec_max=32 q_mean=0.549 q_max=1.000 q_above_half=2579 marked=0.209 mark_density=0.873 exp_mean=8578.1 addr_spec=2.979 addr_random=1.085 addr_full=0.0523 correct=236
  mpx-135 traj: trials=128460000 wall=564234s knowledge=0.4802 reliable=263 spec=8.33 pop=5752
  mpx-135 diag: trials=128460000 micro=7741 pop_spec=20.14 spec_max=32 q_mean=0.545 q_max=1.000 q_above_half=2798 marked=0.223 mark_density=0.880 exp_mean=7902.8 addr_spec=2.763 addr_random=1.044 addr_full=0.0466 correct=236
  mpx-135 traj: trials=128520000 wall=564289s knowledge=0.4799 reliable=258 spec=8.26 pop=5664
  mpx-135 diag: trials=128520000 micro=7558 pop_spec=19.76 spec_max=32 q_mean=0.551 q_max=1.000 q_above_half=2875 marked=0.234 mark_density=0.889 exp_mean=8031.8 addr_spec=2.799 addr_random=1.024 addr_full=0.0478 correct=236
  mpx-135 traj: trials=128580000 wall=564390s knowledge=0.4803 reliable=261 spec=8.27 pop=5306
  mpx-135 diag: trials=128580000 micro=7231 pop_spec=20.79 spec_max=32 q_mean=0.552 q_max=1.000 q_above_half=2708 marked=0.221 mark_density=0.877 exp_mean=8580.0 addr_spec=3.022 addr_random=1.078 addr_full=0.0516 correct=236
  mpx-135 traj: trials=128640000 wall=564481s knowledge=0.4794 reliable=260 spec=8.30 pop=5247
  mpx-135 diag: trials=128640000 micro=7181 pop_spec=20.99 spec_max=32 q_mean=0.551 q_max=1.000 q_above_half=2669 marked=0.210 mark_density=0.873 exp_mean=8682.8 addr_spec=2.960 addr_random=1.089 addr_full=0.0501 correct=235
  mpx-135 traj: trials=128700000 wall=564560s knowledge=0.4798 reliable=260 spec=8.27 pop=5805
  mpx-135 diag: trials=128700000 micro=7752 pop_spec=20.17 spec_max=32 q_mean=0.546 q_max=1.000 q_above_half=2697 marked=0.194 mark_density=0.875 exp_mean=7854.3 addr_spec=2.726 addr_random=1.046 addr_full=0.0462 correct=235
  mpx-135 traj: trials=128760000 wall=564630s knowledge=0.4805 reliable=263 spec=8.29 pop=5668
  mpx-135 diag: trials=128760000 micro=7591 pop_spec=19.93 spec_max=32 q_mean=0.546 q_max=1.000 q_above_half=2830 marked=0.228 mark_density=0.885 exp_mean=8050.4 addr_spec=2.845 addr_random=1.033 addr_full=0.0478 correct=235
  mpx-135 traj: trials=128820000 wall=564760s knowledge=0.4797 reliable=260 spec=8.28 pop=5837
  mpx-135 diag: trials=128820000 micro=7762 pop_spec=20.21 spec_max=32 q_mean=0.548 q_max=1.000 q_above_half=2868 marked=0.199 mark_density=0.873 exp_mean=7823.1 addr_spec=2.774 addr_random=1.048 addr_full=0.0459 correct=235
  mpx-135 traj: trials=128880000 wall=564797s knowledge=0.4814 reliable=263 spec=8.30 pop=5239
  mpx-135 diag: trials=128880000 micro=7217 pop_spec=20.88 spec_max=32 q_mean=0.553 q_max=1.000 q_above_half=2725 marked=0.225 mark_density=0.878 exp_mean=8722.5 addr_spec=3.106 addr_random=1.083 addr_full=0.0533 correct=236
  mpx-135 traj: trials=128940000 wall=564901s knowledge=0.4817 reliable=266 spec=8.32 pop=5935
  mpx-135 diag: trials=128940000 micro=7883 pop_spec=19.91 spec_max=32 q_mean=0.548 q_max=1.000 q_above_half=2840 marked=0.203 mark_density=0.877 exp_mean=7705.7 addr_spec=2.792 addr_random=1.032 addr_full=0.0463 correct=236
  mpx-135 traj: trials=129000000 wall=564938s knowledge=0.4816 reliable=266 spec=8.27 pop=5291
  mpx-135 diag: trials=129000000 micro=7242 pop_spec=20.85 spec_max=32 q_mean=0.553 q_max=1.000 q_above_half=2731 marked=0.214 mark_density=0.874 exp_mean=8650.0 addr_spec=3.049 addr_random=1.081 addr_full=0.0527 correct=236
  mpx-135 traj: trials=129060000 wall=565061s knowledge=0.4794 reliable=259 spec=8.25 pop=5465
  mpx-135 diag: trials=129060000 micro=7438 pop_spec=20.74 spec_max=32 q_mean=0.551 q_max=1.000 q_above_half=2768 marked=0.203 mark_density=0.871 exp_mean=8380.6 addr_spec=2.982 addr_random=1.076 addr_full=0.0522 correct=235
  mpx-135 traj: trials=129120000 wall=565104s knowledge=0.4788 reliable=259 spec=8.25 pop=8030
  mpx-135 diag: trials=129120000 micro=9988 pop_spec=15.39 spec_max=32 q_mean=0.542 q_max=1.000 q_above_half=4159 marked=0.249 mark_density=0.916 exp_mean=5709.1 addr_spec=2.105 addr_random=0.798 addr_full=0.0335 correct=235
  mpx-135 traj: trials=129180000 wall=565299s knowledge=0.4791 reliable=260 spec=8.28 pop=5312
  mpx-135 diag: trials=129180000 micro=7254 pop_spec=20.83 spec_max=32 q_mean=0.552 q_max=1.000 q_above_half=2703 marked=0.221 mark_density=0.877 exp_mean=8634.9 addr_spec=3.007 addr_random=1.080 addr_full=0.0505 correct=235
  mpx-135 traj: trials=129240000 wall=565381s knowledge=0.4787 reliable=256 spec=8.26 pop=5634
  mpx-135 diag: trials=129240000 micro=7596 pop_spec=20.41 spec_max=32 q_mean=0.550 q_max=1.000 q_above_half=2781 marked=0.206 mark_density=0.876 exp_mean=8147.5 addr_spec=2.831 addr_random=1.058 addr_full=0.0467 correct=235
  mpx-135 traj: trials=129300000 wall=565520s knowledge=0.4787 reliable=256 spec=8.26 pop=5550
  mpx-135 diag: trials=129300000 micro=7525 pop_spec=20.54 spec_max=32 q_mean=0.550 q_max=1.000 q_above_half=2840 marked=0.223 mark_density=0.877 exp_mean=8277.1 addr_spec=2.915 addr_random=1.065 addr_full=0.0490 correct=235
  mpx-135 traj: trials=129360000 wall=565611s knowledge=0.4791 reliable=265 spec=8.41 pop=5510
  mpx-135 diag: trials=129360000 micro=7441 pop_spec=20.61 spec_max=32 q_mean=0.548 q_max=1.000 q_above_half=2743 marked=0.213 mark_density=0.875 exp_mean=8343.4 addr_spec=2.930 addr_random=1.069 addr_full=0.0508 correct=235
  mpx-135 traj: trials=129420000 wall=565654s knowledge=0.4797 reliable=263 spec=8.37 pop=5309
  mpx-135 diag: trials=129420000 micro=7286 pop_spec=20.82 spec_max=32 q_mean=0.551 q_max=1.000 q_above_half=2690 marked=0.209 mark_density=0.872 exp_mean=8665.7 addr_spec=2.962 addr_random=1.079 addr_full=0.0520 correct=235
  mpx-135 traj: trials=129480000 wall=565692s knowledge=0.4820 reliable=269 spec=8.39 pop=5009
  mpx-135 diag: trials=129480000 micro=6954 pop_spec=21.40 spec_max=32 q_mean=0.552 q_max=1.000 q_above_half=2557 marked=0.209 mark_density=0.869 exp_mean=9191.5 addr_spec=3.134 addr_random=1.109 addr_full=0.0551 correct=236
  mpx-135 traj: trials=129540000 wall=565738s knowledge=0.4818 reliable=265 spec=8.35 pop=5189
  mpx-135 diag: trials=129540000 micro=7133 pop_spec=20.93 spec_max=32 q_mean=0.550 q_max=1.000 q_above_half=2640 marked=0.218 mark_density=0.877 exp_mean=8879.4 addr_spec=2.975 addr_random=1.085 addr_full=0.0528 correct=236
  mpx-135 traj: trials=129600000 wall=565856s knowledge=0.4822 reliable=265 spec=8.34 pop=5417
  mpx-135 diag: trials=129600000 micro=7377 pop_spec=20.63 spec_max=32 q_mean=0.545 q_max=1.000 q_above_half=2599 marked=0.210 mark_density=0.876 exp_mean=8512.1 addr_spec=2.858 addr_random=1.069 addr_full=0.0508 correct=236
  mpx-135 traj: trials=129660000 wall=565908s knowledge=0.4828 reliable=264 spec=8.30 pop=5185
  mpx-135 diag: trials=129660000 micro=7137 pop_spec=20.89 spec_max=32 q_mean=0.549 q_max=1.000 q_above_half=2611 marked=0.224 mark_density=0.879 exp_mean=8899.5 addr_spec=3.001 addr_random=1.083 addr_full=0.0527 correct=236
  mpx-135 traj: trials=129720000 wall=565978s knowledge=0.4836 reliable=264 spec=8.30 pop=5451
  mpx-135 diag: trials=129720000 micro=7392 pop_spec=20.53 spec_max=32 q_mean=0.550 q_max=1.000 q_above_half=2705 marked=0.207 mark_density=0.876 exp_mean=8471.5 addr_spec=2.903 addr_random=1.065 addr_full=0.0497 correct=237
  mpx-135 traj: trials=129780000 wall=566097s knowledge=0.4820 reliable=263 spec=8.33 pop=5411
  mpx-135 diag: trials=129780000 micro=7374 pop_spec=20.60 spec_max=32 q_mean=0.548 q_max=1.000 q_above_half=2740 marked=0.216 mark_density=0.877 exp_mean=8540.6 addr_spec=2.911 addr_random=1.068 addr_full=0.0512 correct=236
  mpx-135 traj: trials=129840000 wall=566177s knowledge=0.4820 reliable=264 spec=8.32 pop=5284
  mpx-135 diag: trials=129840000 micro=7243 pop_spec=20.81 spec_max=32 q_mean=0.550 q_max=1.000 q_above_half=2671 marked=0.205 mark_density=0.873 exp_mean=8752.4 addr_spec=2.941 addr_random=1.079 addr_full=0.0513 correct=236
  mpx-135 traj: trials=129900000 wall=566236s knowledge=0.4820 reliable=265 spec=8.34 pop=5179
  mpx-135 diag: trials=129900000 micro=7165 pop_spec=21.10 spec_max=32 q_mean=0.548 q_max=1.000 q_above_half=2529 marked=0.204 mark_density=0.870 exp_mean=8936.6 addr_spec=3.011 addr_random=1.094 addr_full=0.0521 correct=236
  mpx-135 traj: trials=129960000 wall=566278s knowledge=0.4821 reliable=262 spec=8.32 pop=5192
  mpx-135 diag: trials=129960000 micro=7109 pop_spec=20.85 spec_max=32 q_mean=0.548 q_max=1.000 q_above_half=2584 marked=0.218 mark_density=0.876 exp_mean=8920.8 addr_spec=3.006 addr_random=1.081 addr_full=0.0534 correct=236
  mpx-135 traj: trials=130020000 wall=566356s knowledge=0.4820 reliable=264 spec=8.31 pop=7262
  mpx-135 diag: trials=130020000 micro=9202 pop_spec=16.56 spec_max=32 q_mean=0.537 q_max=1.000 q_above_half=3376 marked=0.293 mark_density=0.919 exp_mean=6383.8 addr_spec=2.250 addr_random=0.858 addr_full=0.0377 correct=236
  mpx-135 traj: trials=130080000 wall=566421s knowledge=0.4819 reliable=261 spec=8.30 pop=5478
  mpx-135 diag: trials=130080000 micro=7428 pop_spec=20.45 spec_max=32 q_mean=0.548 q_max=1.000 q_above_half=2631 marked=0.211 mark_density=0.877 exp_mean=8467.8 addr_spec=2.877 addr_random=1.060 addr_full=0.0487 correct=236
  mpx-135 traj: trials=130140000 wall=566506s knowledge=0.4820 reliable=262 spec=8.29 pop=5559
  mpx-135 diag: trials=130140000 micro=7537 pop_spec=20.39 spec_max=32 q_mean=0.547 q_max=1.000 q_above_half=2712 marked=0.203 mark_density=0.875 exp_mean=8350.7 addr_spec=2.906 addr_random=1.057 addr_full=0.0487 correct=236
  mpx-135 traj: trials=130200000 wall=566569s knowledge=0.4824 reliable=262 spec=8.29 pop=5343
  mpx-135 diag: trials=130200000 micro=7321 pop_spec=20.78 spec_max=32 q_mean=0.550 q_max=1.000 q_above_half=2689 marked=0.212 mark_density=0.875 exp_mean=8694.7 addr_spec=2.919 addr_random=1.078 addr_full=0.0522 correct=236
  mpx-135 traj: trials=130260000 wall=566641s knowledge=0.4821 reliable=261 spec=8.27 pop=5538
  mpx-135 diag: trials=130260000 micro=7550 pop_spec=20.37 spec_max=32 q_mean=0.549 q_max=1.000 q_above_half=2717 marked=0.206 mark_density=0.875 exp_mean=8394.9 addr_spec=2.904 addr_random=1.056 addr_full=0.0489 correct=236
  mpx-135 traj: trials=130320000 wall=566678s knowledge=0.4818 reliable=260 spec=8.25 pop=4898
  mpx-135 diag: trials=130320000 micro=6881 pop_spec=21.56 spec_max=32 q_mean=0.553 q_max=1.000 q_above_half=2500 marked=0.209 mark_density=0.869 exp_mean=9498.6 addr_spec=3.144 addr_random=1.118 addr_full=0.0551 correct=236
  mpx-135 traj: trials=130380000 wall=566734s knowledge=0.4824 reliable=263 spec=8.27 pop=5169
  mpx-135 diag: trials=130380000 micro=7151 pop_spec=20.80 spec_max=32 q_mean=0.549 q_max=1.000 q_above_half=2603 marked=0.227 mark_density=0.880 exp_mean=9007.5 addr_spec=3.038 addr_random=1.078 addr_full=0.0542 correct=236
  mpx-135 traj: trials=130440000 wall=566796s knowledge=0.4819 reliable=262 spec=8.31 pop=5143
  mpx-135 diag: trials=130440000 micro=7109 pop_spec=20.92 spec_max=32 q_mean=0.551 q_max=1.000 q_above_half=2617 marked=0.222 mark_density=0.878 exp_mean=9059.7 addr_spec=3.038 addr_random=1.085 addr_full=0.0546 correct=236
  mpx-135 traj: trials=130500000 wall=566849s knowledge=0.4819 reliable=260 spec=8.26 pop=5287
  mpx-135 diag: trials=130500000 micro=7258 pop_spec=20.78 spec_max=32 q_mean=0.549 q_max=1.000 q_above_half=2591 marked=0.220 mark_density=0.878 exp_mean=8819.4 addr_spec=2.932 addr_random=1.077 addr_full=0.0524 correct=236
  mpx-135 traj: trials=130560000 wall=566996s knowledge=0.4822 reliable=263 spec=8.29 pop=5549
  mpx-135 diag: trials=130560000 micro=7491 pop_spec=20.40 spec_max=32 q_mean=0.547 q_max=1.000 q_above_half=2757 marked=0.214 mark_density=0.877 exp_mean=8409.4 addr_spec=2.889 addr_random=1.058 addr_full=0.0492 correct=236
  mpx-135 traj: trials=130620000 wall=567235s knowledge=0.4825 reliable=261 spec=8.25 pop=5384
  mpx-135 diag: trials=130620000 micro=7378 pop_spec=20.65 spec_max=32 q_mean=0.550 q_max=1.000 q_above_half=2763 marked=0.206 mark_density=0.872 exp_mean=8673.4 addr_spec=2.941 addr_random=1.071 addr_full=0.0503 correct=236
  mpx-135 traj: trials=130680000 wall=567297s knowledge=0.4823 reliable=259 spec=8.23 pop=5277
  mpx-135 diag: trials=130680000 micro=7200 pop_spec=20.88 spec_max=32 q_mean=0.551 q_max=1.000 q_above_half=2684 marked=0.200 mark_density=0.870 exp_mean=8855.8 addr_spec=2.927 addr_random=1.082 addr_full=0.0523 correct=236
  mpx-135 traj: trials=130740000 wall=567374s knowledge=0.4827 reliable=262 spec=8.26 pop=5135
  mpx-135 diag: trials=130740000 micro=7134 pop_spec=21.13 spec_max=32 q_mean=0.552 q_max=1.000 q_above_half=2663 marked=0.207 mark_density=0.871 exp_mean=9107.5 addr_spec=3.037 addr_random=1.096 addr_full=0.0539 correct=236
  mpx-135 traj: trials=130800000 wall=567450s knowledge=0.4823 reliable=263 spec=8.28 pop=4991
  mpx-135 diag: trials=130800000 micro=6968 pop_spec=21.39 spec_max=32 q_mean=0.550 q_max=1.000 q_above_half=2489 marked=0.216 mark_density=0.873 exp_mean=9377.2 addr_spec=3.028 addr_random=1.109 addr_full=0.0553 correct=237
  mpx-135 traj: trials=130860000 wall=567570s knowledge=0.4832 reliable=262 spec=8.28 pop=5219
  mpx-135 diag: trials=130860000 micro=7201 pop_spec=20.80 spec_max=32 q_mean=0.551 q_max=1.000 q_above_half=2677 marked=0.224 mark_density=0.880 exp_mean=8974.4 addr_spec=3.000 addr_random=1.079 addr_full=0.0527 correct=237
  mpx-135 traj: trials=130920000 wall=567712s knowledge=0.4825 reliable=263 spec=8.30 pop=5409
  mpx-135 diag: trials=130920000 micro=7358 pop_spec=20.66 spec_max=32 q_mean=0.550 q_max=1.000 q_above_half=2781 marked=0.207 mark_density=0.873 exp_mean=8619.9 addr_spec=2.868 addr_random=1.071 addr_full=0.0510 correct=236
  mpx-135 traj: trials=130980000 wall=567767s knowledge=0.4827 reliable=261 spec=8.26 pop=7768
  mpx-135 diag: trials=130980000 micro=9711 pop_spec=15.74 spec_max=32 q_mean=0.535 q_max=1.000 q_above_half=3669 marked=0.310 mark_density=0.924 exp_mean=6007.7 addr_spec=2.102 addr_random=0.816 addr_full=0.0354 correct=236
  mpx-135 traj: trials=131040000 wall=567811s knowledge=0.4828 reliable=262 spec=8.28 pop=5047
  mpx-135 diag: trials=131040000 micro=6988 pop_spec=21.24 spec_max=32 q_mean=0.551 q_max=1.000 q_above_half=2561 marked=0.229 mark_density=0.877 exp_mean=9251.7 addr_spec=3.080 addr_random=1.101 addr_full=0.0531 correct=236
  mpx-135 traj: trials=131100000 wall=567860s knowledge=0.4810 reliable=259 spec=8.24 pop=5153
  mpx-135 diag: trials=131100000 micro=7102 pop_spec=21.03 spec_max=32 q_mean=0.553 q_max=1.000 q_above_half=2654 marked=0.214 mark_density=0.873 exp_mean=9015.5 addr_spec=3.006 addr_random=1.090 addr_full=0.0520 correct=236
  mpx-135 traj: trials=131160000 wall=567898s knowledge=0.4803 reliable=260 spec=8.29 pop=5082
  mpx-135 diag: trials=131160000 micro=7098 pop_spec=21.04 spec_max=32 q_mean=0.549 q_max=1.000 q_above_half=2560 marked=0.223 mark_density=0.876 exp_mean=9148.1 addr_spec=3.103 addr_random=1.091 addr_full=0.0553 correct=236
  mpx-135 traj: trials=131220000 wall=567933s knowledge=0.4803 reliable=256 spec=8.22 pop=4978
  mpx-135 diag: trials=131220000 micro=6969 pop_spec=21.36 spec_max=32 q_mean=0.552 q_max=1.000 q_above_half=2475 marked=0.220 mark_density=0.872 exp_mean=9346.1 addr_spec=3.160 addr_random=1.108 addr_full=0.0538 correct=237
  mpx-135 traj: trials=131280000 wall=568037s knowledge=0.4809 reliable=262 spec=8.27 pop=5617
  mpx-135 diag: trials=131280000 micro=7610 pop_spec=20.31 spec_max=32 q_mean=0.547 q_max=1.000 q_above_half=2745 marked=0.209 mark_density=0.876 exp_mean=8289.2 addr_spec=2.881 addr_random=1.053 addr_full=0.0479 correct=237
  mpx-135 traj: trials=131340000 wall=568110s knowledge=0.4809 reliable=260 spec=8.28 pop=5412
  mpx-135 diag: trials=131340000 micro=7381 pop_spec=20.69 spec_max=32 q_mean=0.549 q_max=1.000 q_above_half=2706 marked=0.216 mark_density=0.876 exp_mean=8609.6 addr_spec=2.902 addr_random=1.073 addr_full=0.0492 correct=237
  mpx-135 traj: trials=131400000 wall=568173s knowledge=0.4821 reliable=259 spec=8.25 pop=5350
  mpx-135 diag: trials=131400000 micro=7347 pop_spec=20.69 spec_max=32 q_mean=0.548 q_max=1.000 q_above_half=2603 marked=0.214 mark_density=0.877 exp_mean=8715.8 addr_spec=2.875 addr_random=1.073 addr_full=0.0503 correct=238
  mpx-135 traj: trials=131460000 wall=568302s knowledge=0.4821 reliable=259 spec=8.23 pop=5221
  mpx-135 diag: trials=131460000 micro=7173 pop_spec=21.00 spec_max=32 q_mean=0.547 q_max=1.000 q_above_half=2520 marked=0.205 mark_density=0.872 exp_mean=8937.7 addr_spec=2.946 addr_random=1.089 addr_full=0.0519 correct=238
  mpx-135 traj: trials=131520000 wall=568344s knowledge=0.4829 reliable=260 spec=8.25 pop=5121
  mpx-135 diag: trials=131520000 micro=7081 pop_spec=21.01 spec_max=32 q_mean=0.552 q_max=1.000 q_above_half=2654 marked=0.220 mark_density=0.876 exp_mean=9119.1 addr_spec=3.004 addr_random=1.089 addr_full=0.0539 correct=239
  mpx-135 traj: trials=131580000 wall=568487s knowledge=0.4835 reliable=265 spec=8.28 pop=5497
  mpx-135 diag: trials=131580000 micro=7461 pop_spec=20.52 spec_max=32 q_mean=0.547 q_max=1.000 q_above_half=2677 marked=0.212 mark_density=0.877 exp_mean=8501.9 addr_spec=2.828 addr_random=1.064 addr_full=0.0497 correct=239
  mpx-135 traj: trials=131640000 wall=568613s knowledge=0.4837 reliable=265 spec=8.30 pop=5702
  mpx-135 diag: trials=131640000 micro=7621 pop_spec=19.73 spec_max=32 q_mean=0.545 q_max=1.000 q_above_half=2771 marked=0.237 mark_density=0.890 exp_mean=8202.6 addr_spec=2.816 addr_random=1.023 addr_full=0.0489 correct=239
  mpx-135 traj: trials=131700000 wall=568654s knowledge=0.4837 reliable=265 spec=8.32 pop=5256
  mpx-135 diag: trials=131700000 micro=7171 pop_spec=20.59 spec_max=32 q_mean=0.554 q_max=1.000 q_above_half=2786 marked=0.209 mark_density=0.875 exp_mean=8859.5 addr_spec=2.918 addr_random=1.068 addr_full=0.0523 correct=239
  mpx-135 traj: trials=131760000 wall=568733s knowledge=0.4833 reliable=260 spec=8.26 pop=5022
  mpx-135 diag: trials=131760000 micro=7046 pop_spec=21.28 spec_max=32 q_mean=0.551 q_max=1.000 q_above_half=2562 marked=0.217 mark_density=0.873 exp_mean=9279.0 addr_spec=3.063 addr_random=1.103 addr_full=0.0538 correct=239
  mpx-135 traj: trials=131820000 wall=568798s knowledge=0.4834 reliable=261 spec=8.25 pop=5949
  mpx-135 diag: trials=131820000 micro=7881 pop_spec=18.88 spec_max=32 q_mean=0.541 q_max=1.000 q_above_half=2781 marked=0.264 mark_density=0.901 exp_mean=7839.5 addr_spec=2.623 addr_random=0.979 addr_full=0.0459 correct=239
  mpx-135 traj: trials=131880000 wall=568905s knowledge=0.4829 reliable=259 spec=8.25 pop=5320
  mpx-135 diag: trials=131880000 micro=7261 pop_spec=20.82 spec_max=32 q_mean=0.547 q_max=1.000 q_above_half=2627 marked=0.202 mark_density=0.870 exp_mean=8772.3 addr_spec=2.891 addr_random=1.080 addr_full=0.0502 correct=239
  mpx-135 traj: trials=131940000 wall=568944s knowledge=0.4829 reliable=264 spec=8.31 pop=4960
  mpx-135 diag: trials=131940000 micro=6842 pop_spec=21.32 spec_max=32 q_mean=0.550 q_max=1.000 q_above_half=2492 marked=0.220 mark_density=0.874 exp_mean=9416.0 addr_spec=3.050 addr_random=1.106 addr_full=0.0542 correct=239
  mpx-135 traj: trials=132000000 wall=569109s knowledge=0.4831 reliable=260 spec=8.25 pop=6342
  mpx-135 diag: trials=132000000 micro=8335 pop_spec=19.40 spec_max=32 q_mean=0.541 q_max=1.000 q_above_half=2720 marked=0.181 mark_density=0.876 exp_mean=7369.9 addr_spec=2.561 addr_random=1.006 addr_full=0.0432 correct=239
  mpx-135 traj: trials=132060000 wall=569148s knowledge=0.4836 reliable=260 spec=8.24 pop=5090
  mpx-135 diag: trials=132060000 micro=7075 pop_spec=21.11 spec_max=32 q_mean=0.549 q_max=1.000 q_above_half=2528 marked=0.225 mark_density=0.876 exp_mean=9189.2 addr_spec=3.059 addr_random=1.095 addr_full=0.0534 correct=239
  mpx-135 traj: trials=132120000 wall=569187s knowledge=0.4832 reliable=259 spec=8.20 pop=5040
  mpx-135 diag: trials=132120000 micro=7005 pop_spec=21.23 spec_max=32 q_mean=0.553 q_max=1.000 q_above_half=2596 marked=0.225 mark_density=0.874 exp_mean=9287.3 addr_spec=3.114 addr_random=1.101 addr_full=0.0538 correct=239
  mpx-135 traj: trials=132180000 wall=569295s knowledge=0.4838 reliable=261 spec=8.23 pop=5667
  mpx-135 diag: trials=132180000 micro=7659 pop_spec=20.34 spec_max=32 q_mean=0.546 q_max=1.000 q_above_half=2731 marked=0.199 mark_density=0.873 exp_mean=8266.1 addr_spec=2.842 addr_random=1.055 addr_full=0.0476 correct=239
  mpx-135 traj: trials=132240000 wall=569330s knowledge=0.4839 reliable=258 spec=8.17 pop=5151
  mpx-135 diag: trials=132240000 micro=7135 pop_spec=20.96 spec_max=32 q_mean=0.556 q_max=1.000 q_above_half=2716 marked=0.215 mark_density=0.874 exp_mean=9100.8 addr_spec=3.097 addr_random=1.087 addr_full=0.0528 correct=239
  mpx-135 traj: trials=132300000 wall=569379s knowledge=0.4841 reliable=260 spec=8.20 pop=5028
  mpx-135 diag: trials=132300000 micro=6989 pop_spec=21.21 spec_max=32 q_mean=0.554 q_max=1.000 q_above_half=2621 marked=0.211 mark_density=0.870 exp_mean=9330.3 addr_spec=3.158 addr_random=1.100 addr_full=0.0539 correct=239
  mpx-135 traj: trials=132360000 wall=569445s knowledge=0.4839 reliable=259 spec=8.20 pop=5491
  mpx-135 diag: trials=132360000 micro=7458 pop_spec=20.46 spec_max=32 q_mean=0.552 q_max=1.000 q_above_half=2739 marked=0.194 mark_density=0.870 exp_mean=8550.0 addr_spec=2.877 addr_random=1.061 addr_full=0.0492 correct=239
  mpx-135 traj: trials=132420000 wall=569537s knowledge=0.4841 reliable=263 spec=8.27 pop=5403
  mpx-135 diag: trials=132420000 micro=7397 pop_spec=20.54 spec_max=32 q_mean=0.552 q_max=1.000 q_above_half=2833 marked=0.214 mark_density=0.876 exp_mean=8695.8 addr_spec=2.939 addr_random=1.065 addr_full=0.0509 correct=239
  mpx-135 traj: trials=132480000 wall=569686s knowledge=0.4849 reliable=259 spec=8.20 pop=5259
  mpx-135 diag: trials=132480000 micro=7274 pop_spec=20.88 spec_max=32 q_mean=0.551 q_max=1.000 q_above_half=2705 marked=0.211 mark_density=0.873 exp_mean=8940.4 addr_spec=2.969 addr_random=1.082 addr_full=0.0512 correct=240
  mpx-135 traj: trials=132540000 wall=569793s knowledge=0.4850 reliable=258 spec=8.18 pop=5467
  mpx-135 diag: trials=132540000 micro=7457 pop_spec=20.59 spec_max=32 q_mean=0.551 q_max=1.000 q_above_half=2809 marked=0.201 mark_density=0.871 exp_mean=8606.8 addr_spec=2.913 addr_random=1.068 addr_full=0.0499 correct=241
  mpx-135 traj: trials=132600000 wall=569834s knowledge=0.4860 reliable=261 spec=8.23 pop=5245
  mpx-135 diag: trials=132600000 micro=7202 pop_spec=20.75 spec_max=32 q_mean=0.554 q_max=1.000 q_above_half=2736 marked=0.217 mark_density=0.877 exp_mean=8977.7 addr_spec=2.989 addr_random=1.076 addr_full=0.0517 correct=241
  mpx-135 traj: trials=132660000 wall=569881s knowledge=0.4860 reliable=265 spec=8.28 pop=5099
  mpx-135 diag: trials=132660000 micro=7067 pop_spec=21.16 spec_max=32 q_mean=0.555 q_max=1.000 q_above_half=2630 marked=0.208 mark_density=0.870 exp_mean=9241.6 addr_spec=3.068 addr_random=1.097 addr_full=0.0528 correct=241
  mpx-135 traj: trials=132720000 wall=569932s knowledge=0.4860 reliable=262 spec=8.26 pop=5326
  mpx-135 diag: trials=132720000 micro=7299 pop_spec=20.70 spec_max=32 q_mean=0.550 q_max=1.000 q_above_half=2658 marked=0.205 mark_density=0.873 exp_mean=8854.4 addr_spec=2.997 addr_random=1.073 addr_full=0.0511 correct=241
  mpx-135 traj: trials=132780000 wall=569988s knowledge=0.4866 reliable=263 spec=8.25 pop=5120
  mpx-135 diag: trials=132780000 micro=7126 pop_spec=21.00 spec_max=32 q_mean=0.553 q_max=1.000 q_above_half=2651 marked=0.226 mark_density=0.877 exp_mean=9217.4 addr_spec=3.052 addr_random=1.089 addr_full=0.0539 correct=241
  mpx-135 traj: trials=132840000 wall=570141s knowledge=0.4860 reliable=263 spec=8.23 pop=5672
  mpx-135 diag: trials=132840000 micro=7615 pop_spec=20.06 spec_max=32 q_mean=0.552 q_max=1.000 q_above_half=2961 marked=0.204 mark_density=0.876 exp_mean=8326.1 addr_spec=2.790 addr_random=1.040 addr_full=0.0480 correct=240
  mpx-135 traj: trials=132900000 wall=570210s knowledge=0.4855 reliable=262 spec=8.23 pop=5076
  mpx-135 diag: trials=132900000 micro=7018 pop_spec=21.18 spec_max=32 q_mean=0.555 q_max=1.000 q_above_half=2702 marked=0.210 mark_density=0.870 exp_mean=9310.4 addr_spec=3.049 addr_random=1.098 addr_full=0.0520 correct=240
  mpx-135 traj: trials=132960000 wall=570280s knowledge=0.4855 reliable=260 spec=8.22 pop=5181
  mpx-135 diag: trials=132960000 micro=7162 pop_spec=20.93 spec_max=32 q_mean=0.552 q_max=1.000 q_above_half=2635 marked=0.217 mark_density=0.874 exp_mean=9128.4 addr_spec=3.101 addr_random=1.085 addr_full=0.0525 correct=240
  mpx-135 traj: trials=133020000 wall=570347s knowledge=0.4854 reliable=258 spec=8.19 pop=5717
  mpx-135 diag: trials=133020000 micro=7682 pop_spec=20.15 spec_max=32 q_mean=0.550 q_max=1.000 q_above_half=2725 marked=0.202 mark_density=0.876 exp_mean=8278.8 addr_spec=2.830 addr_random=1.045 addr_full=0.0481 correct=240
  mpx-135 traj: trials=133080000 wall=570396s knowledge=0.4849 reliable=257 spec=8.18 pop=5467
  mpx-135 diag: trials=133080000 micro=7434 pop_spec=20.44 spec_max=32 q_mean=0.551 q_max=1.000 q_above_half=2731 marked=0.211 mark_density=0.875 exp_mean=8663.7 addr_spec=2.910 addr_random=1.060 addr_full=0.0494 correct=240
  mpx-135 traj: trials=133140000 wall=570470s knowledge=0.4849 reliable=259 spec=8.19 pop=5298
  mpx-135 diag: trials=133140000 micro=7280 pop_spec=20.70 spec_max=32 q_mean=0.555 q_max=1.000 q_above_half=2734 marked=0.226 mark_density=0.876 exp_mean=8946.7 addr_spec=3.030 addr_random=1.073 addr_full=0.0513 correct=240
  mpx-135 traj: trials=133200000 wall=570523s knowledge=0.4857 reliable=259 spec=8.17 pop=5390
  mpx-135 diag: trials=133200000 micro=7399 pop_spec=20.50 spec_max=32 q_mean=0.552 q_max=1.000 q_above_half=2754 marked=0.218 mark_density=0.876 exp_mean=8800.5 addr_spec=3.013 addr_random=1.063 addr_full=0.0514 correct=240
  mpx-135 traj: trials=133260000 wall=570581s knowledge=0.4853 reliable=258 spec=8.19 pop=5478
  mpx-135 diag: trials=133260000 micro=7481 pop_spec=20.47 spec_max=32 q_mean=0.553 q_max=1.000 q_above_half=2788 marked=0.215 mark_density=0.876 exp_mean=8665.5 addr_spec=2.882 addr_random=1.061 addr_full=0.0493 correct=240
  mpx-135 traj: trials=133320000 wall=570635s knowledge=0.4853 reliable=261 spec=8.23 pop=5151
  mpx-135 diag: trials=133320000 micro=7154 pop_spec=20.91 spec_max=32 q_mean=0.555 q_max=1.000 q_above_half=2710 marked=0.222 mark_density=0.876 exp_mean=9222.4 addr_spec=3.094 addr_random=1.084 addr_full=0.0520 correct=240
  mpx-135 traj: trials=133380000 wall=570703s knowledge=0.4838 reliable=258 spec=8.23 pop=5172
  mpx-135 diag: trials=133380000 micro=7127 pop_spec=20.96 spec_max=32 q_mean=0.555 q_max=1.000 q_above_half=2710 marked=0.219 mark_density=0.873 exp_mean=9175.3 addr_spec=3.143 addr_random=1.087 addr_full=0.0547 correct=240
  mpx-135 traj: trials=133440000 wall=570771s knowledge=0.4839 reliable=261 spec=8.28 pop=5380
  mpx-135 diag: trials=133440000 micro=7343 pop_spec=20.63 spec_max=32 q_mean=0.552 q_max=1.000 q_above_half=2666 marked=0.209 mark_density=0.873 exp_mean=8827.1 addr_spec=3.061 addr_random=1.070 addr_full=0.0517 correct=241
  mpx-135 traj: trials=133500000 wall=570823s knowledge=0.4851 reliable=265 spec=8.34 pop=5331
  mpx-135 diag: trials=133500000 micro=7351 pop_spec=20.66 spec_max=32 q_mean=0.555 q_max=1.000 q_above_half=2691 marked=0.206 mark_density=0.873 exp_mean=8914.8 addr_spec=3.112 addr_random=1.071 addr_full=0.0529 correct=240
  mpx-135 traj: trials=133560000 wall=570889s knowledge=0.4841 reliable=269 spec=8.41 pop=5424
  mpx-135 diag: trials=133560000 micro=7386 pop_spec=20.60 spec_max=32 q_mean=0.557 q_max=1.000 q_above_half=2871 marked=0.211 mark_density=0.874 exp_mean=8768.4 addr_spec=2.992 addr_random=1.068 addr_full=0.0513 correct=240
  mpx-135 traj: trials=133620000 wall=570936s knowledge=0.4844 reliable=266 spec=8.33 pop=5421
  mpx-135 diag: trials=133620000 micro=7430 pop_spec=20.48 spec_max=32 q_mean=0.556 q_max=1.000 q_above_half=2827 marked=0.219 mark_density=0.876 exp_mean=8779.8 addr_spec=3.031 addr_random=1.062 addr_full=0.0507 correct=240
  mpx-135 traj: trials=133680000 wall=571048s knowledge=0.4842 reliable=270 spec=8.39 pop=5279
  mpx-135 diag: trials=133680000 micro=7261 pop_spec=20.93 spec_max=32 q_mean=0.558 q_max=1.000 q_above_half=2736 marked=0.212 mark_density=0.871 exp_mean=9022.5 addr_spec=3.088 addr_random=1.085 addr_full=0.0517 correct=240
  mpx-135 traj: trials=133740000 wall=571118s knowledge=0.4844 reliable=276 spec=8.47 pop=5523
  mpx-135 diag: trials=133740000 micro=7477 pop_spec=20.43 spec_max=32 q_mean=0.555 q_max=1.000 q_above_half=2826 marked=0.206 mark_density=0.873 exp_mean=8630.3 addr_spec=3.032 addr_random=1.059 addr_full=0.0520 correct=240
  mpx-135 traj: trials=133800000 wall=571179s knowledge=0.4842 reliable=274 spec=8.51 pop=5455
  mpx-135 diag: trials=133800000 micro=7449 pop_spec=20.57 spec_max=32 q_mean=0.558 q_max=1.000 q_above_half=2881 marked=0.216 mark_density=0.874 exp_mean=8744.2 addr_spec=3.063 addr_random=1.067 addr_full=0.0511 correct=241
  mpx-135 traj: trials=133860000 wall=571259s knowledge=0.4851 reliable=273 spec=8.46 pop=5594
  mpx-135 diag: trials=133860000 micro=7617 pop_spec=20.31 spec_max=32 q_mean=0.559 q_max=1.000 q_above_half=2960 marked=0.215 mark_density=0.874 exp_mean=8533.3 addr_spec=3.100 addr_random=1.053 addr_full=0.0515 correct=241
  mpx-135 traj: trials=133920000 wall=571294s knowledge=0.4850 reliable=271 spec=8.38 pop=5378
  mpx-135 diag: trials=133920000 micro=7368 pop_spec=20.35 spec_max=32 q_mean=0.562 q_max=1.000 q_above_half=2910 marked=0.246 mark_density=0.885 exp_mean=8882.6 addr_spec=3.070 addr_random=1.055 addr_full=0.0517 correct=241
  mpx-135 traj: trials=133980000 wall=571368s knowledge=0.4851 reliable=273 spec=8.45 pop=5491
  mpx-135 diag: trials=133980000 micro=7457 pop_spec=20.40 spec_max=32 q_mean=0.561 q_max=1.000 q_above_half=2922 marked=0.224 mark_density=0.877 exp_mean=8706.1 addr_spec=3.116 addr_random=1.058 addr_full=0.0519 correct=241
  mpx-135 traj: trials=134040000 wall=571408s knowledge=0.4851 reliable=280 spec=8.53 pop=5254
  mpx-135 diag: trials=134040000 micro=7250 pop_spec=20.79 spec_max=32 q_mean=0.563 q_max=1.000 q_above_half=2797 marked=0.221 mark_density=0.874 exp_mean=9105.4 addr_spec=3.222 addr_random=1.078 addr_full=0.0554 correct=241
  mpx-135 traj: trials=134100000 wall=571492s knowledge=0.4852 reliable=278 spec=8.53 pop=5894
  mpx-135 diag: trials=134100000 micro=7869 pop_spec=20.00 spec_max=32 q_mean=0.553 q_max=1.000 q_above_half=2765 marked=0.197 mark_density=0.873 exp_mean=8122.7 addr_spec=2.928 addr_random=1.037 addr_full=0.0495 correct=241
  mpx-135 traj: trials=134160000 wall=571569s knowledge=0.4844 reliable=277 spec=8.54 pop=5538
  mpx-135 diag: trials=134160000 micro=7525 pop_spec=20.31 spec_max=32 q_mean=0.562 q_max=1.000 q_above_half=2973 marked=0.230 mark_density=0.878 exp_mean=8651.0 addr_spec=3.165 addr_random=1.053 addr_full=0.0509 correct=240
  mpx-135 traj: trials=134220000 wall=571661s knowledge=0.4853 reliable=279 spec=8.54 pop=5688
  mpx-135 diag: trials=134220000 micro=7714 pop_spec=20.06 spec_max=32 q_mean=0.562 q_max=1.000 q_above_half=3006 marked=0.231 mark_density=0.880 exp_mean=8429.2 addr_spec=3.100 addr_random=1.040 addr_full=0.0501 correct=240
  mpx-135 traj: trials=134280000 wall=571753s knowledge=0.4859 reliable=283 spec=8.61 pop=5811
  mpx-135 diag: trials=134280000 micro=7793 pop_spec=19.95 spec_max=32 q_mean=0.562 q_max=1.000 q_above_half=3014 marked=0.233 mark_density=0.882 exp_mean=8256.8 addr_spec=3.026 addr_random=1.034 addr_full=0.0485 correct=240
  mpx-135 traj: trials=134340000 wall=571814s knowledge=0.4847 reliable=280 spec=8.57 pop=5440
  mpx-135 diag: trials=134340000 micro=7407 pop_spec=20.49 spec_max=32 q_mean=0.564 q_max=1.000 q_above_half=2924 marked=0.225 mark_density=0.876 exp_mean=8826.2 addr_spec=3.188 addr_random=1.063 addr_full=0.0531 correct=240
  mpx-135 traj: trials=134400000 wall=571857s knowledge=0.4844 reliable=281 spec=8.60 pop=5314
  mpx-135 diag: trials=134400000 micro=7273 pop_spec=20.72 spec_max=32 q_mean=0.563 q_max=1.000 q_above_half=2833 marked=0.219 mark_density=0.873 exp_mean=9041.9 addr_spec=3.236 addr_random=1.075 addr_full=0.0546 correct=240
  mpx-135 traj: trials=134460000 wall=571893s knowledge=0.4857 reliable=283 spec=8.61 pop=5234
  mpx-135 diag: trials=134460000 micro=7208 pop_spec=20.82 spec_max=32 q_mean=0.562 q_max=1.000 q_above_half=2736 marked=0.220 mark_density=0.873 exp_mean=9186.6 addr_spec=3.225 addr_random=1.079 addr_full=0.0552 correct=240
  mpx-135 traj: trials=134520000 wall=571999s knowledge=0.4856 reliable=281 spec=8.59 pop=5350
  mpx-135 diag: trials=134520000 micro=7417 pop_spec=20.69 spec_max=32 q_mean=0.564 q_max=1.000 q_above_half=2900 marked=0.222 mark_density=0.872 exp_mean=8994.1 addr_spec=3.224 addr_random=1.073 addr_full=0.0542 correct=240
  mpx-135 traj: trials=134580000 wall=572062s knowledge=0.4858 reliable=279 spec=8.55 pop=5608
  mpx-135 diag: trials=134580000 micro=7551 pop_spec=20.29 spec_max=32 q_mean=0.562 q_max=1.000 q_above_half=2979 marked=0.215 mark_density=0.875 exp_mean=8586.6 addr_spec=3.126 addr_random=1.052 addr_full=0.0515 correct=240
  mpx-135 traj: trials=134640000 wall=572143s knowledge=0.4855 reliable=280 spec=8.57 pop=5428
  mpx-135 diag: trials=134640000 micro=7405 pop_spec=20.64 spec_max=32 q_mean=0.563 q_max=1.000 q_above_half=2896 marked=0.225 mark_density=0.874 exp_mean=8877.7 addr_spec=3.202 addr_random=1.070 addr_full=0.0534 correct=240
  mpx-135 traj: trials=134700000 wall=572183s knowledge=0.4859 reliable=285 spec=8.64 pop=5414
  mpx-135 diag: trials=134700000 micro=7385 pop_spec=20.57 spec_max=32 q_mean=0.565 q_max=1.000 q_above_half=2942 marked=0.233 mark_density=0.877 exp_mean=8907.1 addr_spec=3.193 addr_random=1.067 addr_full=0.0537 correct=240
  mpx-135 traj: trials=134760000 wall=572241s knowledge=0.4858 reliable=283 spec=8.60 pop=6244
  mpx-135 diag: trials=134760000 micro=8231 pop_spec=19.29 spec_max=32 q_mean=0.558 q_max=1.000 q_above_half=3061 marked=0.205 mark_density=0.879 exp_mean=7728.9 addr_spec=2.815 addr_random=1.000 addr_full=0.0468 correct=240
  mpx-135 traj: trials=134820000 wall=572290s knowledge=0.4855 reliable=286 spec=8.67 pop=5465
  mpx-135 diag: trials=134820000 micro=7408 pop_spec=20.50 spec_max=32 q_mean=0.565 q_max=1.000 q_above_half=2964 marked=0.225 mark_density=0.876 exp_mean=8836.8 addr_spec=3.224 addr_random=1.063 addr_full=0.0547 correct=240
  mpx-135 traj: trials=134880000 wall=572326s knowledge=0.4867 reliable=296 spec=8.80 pop=5424
  mpx-135 diag: trials=134880000 micro=7396 pop_spec=20.54 spec_max=32 q_mean=0.568 q_max=1.000 q_above_half=2936 marked=0.227 mark_density=0.876 exp_mean=8910.1 addr_spec=3.306 addr_random=1.065 addr_full=0.0544 correct=241
  mpx-135 traj: trials=134940000 wall=572380s knowledge=0.4867 reliable=296 spec=8.78 pop=5598
  mpx-135 diag: trials=134940000 micro=7522 pop_spec=20.17 spec_max=32 q_mean=0.568 q_max=1.000 q_above_half=3053 marked=0.223 mark_density=0.877 exp_mean=8639.6 addr_spec=3.155 addr_random=1.046 addr_full=0.0518 correct=241
  mpx-135 traj: trials=135000000 wall=572415s knowledge=0.4868 reliable=292 spec=8.77 pop=5275
  mpx-135 diag: trials=135000000 micro=7252 pop_spec=20.79 spec_max=32 q_mean=0.570 q_max=1.000 q_above_half=2909 marked=0.227 mark_density=0.874 exp_mean=9174.9 addr_spec=3.364 addr_random=1.078 addr_full=0.0561 correct=241
  mpx-135 traj: trials=135060000 wall=572501s knowledge=0.4868 reliable=291 spec=8.74 pop=6228
  mpx-135 diag: trials=135060000 micro=8200 pop_spec=19.45 spec_max=32 q_mean=0.563 q_max=1.000 q_above_half=3259 marked=0.220 mark_density=0.880 exp_mean=7776.9 addr_spec=3.011 addr_random=1.009 addr_full=0.0475 correct=241
  mpx-135 traj: trials=135120000 wall=572591s knowledge=0.4868 reliable=294 spec=8.71 pop=5900
  mpx-135 diag: trials=135120000 micro=7855 pop_spec=19.88 spec_max=32 q_mean=0.564 q_max=1.000 q_above_half=3144 marked=0.231 mark_density=0.880 exp_mean=8215.2 addr_spec=3.084 addr_random=1.031 addr_full=0.0525 correct=241
  mpx-135 traj: trials=135180000 wall=572650s knowledge=0.4868 reliable=296 spec=8.80 pop=5741
  mpx-135 diag: trials=135180000 micro=7711 pop_spec=20.16 spec_max=32 q_mean=0.563 q_max=1.000 q_above_half=3019 marked=0.211 mark_density=0.873 exp_mean=8448.6 addr_spec=3.086 addr_random=1.045 addr_full=0.0510 correct=241
  mpx-135 traj: trials=135240000 wall=572689s knowledge=0.4869 reliable=299 spec=8.83 pop=5430
  mpx-135 diag: trials=135240000 micro=7448 pop_spec=20.44 spec_max=32 q_mean=0.565 q_max=1.000 q_above_half=2973 marked=0.224 mark_density=0.875 exp_mean=8938.9 addr_spec=3.155 addr_random=1.060 addr_full=0.0552 correct=241
  mpx-135 traj: trials=135300000 wall=572777s knowledge=0.4869 reliable=298 spec=8.83 pop=5953
  mpx-135 diag: trials=135300000 micro=7934 pop_spec=19.91 spec_max=32 q_mean=0.558 q_max=1.000 q_above_half=3004 marked=0.217 mark_density=0.876 exp_mean=8159.5 addr_spec=2.958 addr_random=1.032 addr_full=0.0507 correct=241
  mpx-135 traj: trials=135360000 wall=572816s knowledge=0.4869 reliable=298 spec=8.85 pop=5361
  mpx-135 diag: trials=135360000 micro=7343 pop_spec=20.70 spec_max=32 q_mean=0.563 q_max=1.000 q_above_half=2900 marked=0.217 mark_density=0.871 exp_mean=9066.9 addr_spec=3.145 addr_random=1.073 addr_full=0.0556 correct=241
  mpx-135 traj: trials=135420000 wall=572895s knowledge=0.4869 reliable=293 spec=8.77 pop=5338
  mpx-135 diag: trials=135420000 micro=7321 pop_spec=20.66 spec_max=32 q_mean=0.561 q_max=1.000 q_above_half=2839 marked=0.214 mark_density=0.872 exp_mean=9112.5 addr_spec=3.157 addr_random=1.071 addr_full=0.0564 correct=242
  mpx-135 traj: trials=135480000 wall=572980s knowledge=0.4869 reliable=298 spec=8.83 pop=5889
  mpx-135 diag: trials=135480000 micro=7856 pop_spec=19.69 spec_max=32 q_mean=0.558 q_max=1.000 q_above_half=3025 marked=0.222 mark_density=0.880 exp_mean=8266.1 addr_spec=2.952 addr_random=1.021 addr_full=0.0491 correct=242
  mpx-135 traj: trials=135540000 wall=573019s knowledge=0.4868 reliable=292 spec=8.76 pop=5524
  mpx-135 diag: trials=135540000 micro=7563 pop_spec=20.44 spec_max=32 q_mean=0.565 q_max=1.000 q_above_half=2954 marked=0.217 mark_density=0.873 exp_mean=8818.5 addr_spec=3.211 addr_random=1.060 addr_full=0.0547 correct=242
  mpx-135 traj: trials=135600000 wall=573097s knowledge=0.4869 reliable=294 spec=8.80 pop=5610
  mpx-135 diag: trials=135600000 micro=7599 pop_spec=20.29 spec_max=32 q_mean=0.562 q_max=1.000 q_above_half=2953 marked=0.230 mark_density=0.878 exp_mean=8688.3 addr_spec=3.175 addr_random=1.052 addr_full=0.0535 correct=242
  mpx-135 traj: trials=135660000 wall=573138s knowledge=0.4863 reliable=288 spec=8.73 pop=5522
  mpx-135 diag: trials=135660000 micro=7523 pop_spec=20.36 spec_max=32 q_mean=0.565 q_max=1.000 q_above_half=2990 marked=0.232 mark_density=0.878 exp_mean=8794.8 addr_spec=3.203 addr_random=1.056 addr_full=0.0552 correct=242
  mpx-135 traj: trials=135720000 wall=573176s knowledge=0.4871 reliable=302 spec=8.77 pop=5677
  mpx-135 diag: trials=135720000 micro=7653 pop_spec=19.85 spec_max=32 q_mean=0.565 q_max=1.000 q_above_half=3042 marked=0.246 mark_density=0.887 exp_mean=8561.0 addr_spec=3.103 addr_random=1.029 addr_full=0.0534 correct=242
  mpx-135 traj: trials=135780000 wall=573227s knowledge=0.4864 reliable=298 spec=8.84 pop=5443
  mpx-135 diag: trials=135780000 micro=7415 pop_spec=20.55 spec_max=32 q_mean=0.569 q_max=1.000 q_above_half=2984 marked=0.227 mark_density=0.875 exp_mean=8935.3 addr_spec=3.289 addr_random=1.065 addr_full=0.0560 correct=242
  mpx-135 traj: trials=135840000 wall=573262s knowledge=0.4863 reliable=296 spec=8.84 pop=5395
  mpx-135 diag: trials=135840000 micro=7424 pop_spec=20.46 spec_max=32 q_mean=0.572 q_max=1.000 q_above_half=2999 marked=0.237 mark_density=0.878 exp_mean=9021.4 addr_spec=3.316 addr_random=1.061 addr_full=0.0578 correct=242
  mpx-135 traj: trials=135900000 wall=573300s knowledge=0.4867 reliable=302 spec=8.90 pop=5242
  mpx-135 diag: trials=135900000 micro=7234 pop_spec=20.81 spec_max=32 q_mean=0.568 q_max=1.000 q_above_half=2822 marked=0.232 mark_density=0.875 exp_mean=9291.3 addr_spec=3.336 addr_random=1.079 addr_full=0.0588 correct=242
  mpx-135 traj: trials=135960000 wall=573362s knowledge=0.4864 reliable=304 spec=8.92 pop=5409
  mpx-135 diag: trials=135960000 micro=7420 pop_spec=20.63 spec_max=32 q_mean=0.564 q_max=1.000 q_above_half=2874 marked=0.225 mark_density=0.874 exp_mean=9011.0 addr_spec=3.205 addr_random=1.069 addr_full=0.0558 correct=242
  mpx-135 traj: trials=136020000 wall=573396s knowledge=0.4864 reliable=304 spec=8.94 pop=5381
  mpx-135 diag: trials=136020000 micro=7376 pop_spec=20.53 spec_max=32 q_mean=0.571 q_max=1.000 q_above_half=2997 marked=0.217 mark_density=0.871 exp_mean=9064.4 addr_spec=3.323 addr_random=1.064 addr_full=0.0561 correct=242
  mpx-135 traj: trials=136080000 wall=573465s knowledge=0.4866 reliable=310 spec=8.99 pop=5235
  mpx-135 diag: trials=136080000 micro=7231 pop_spec=20.85 spec_max=32 q_mean=0.570 q_max=1.000 q_above_half=2885 marked=0.233 mark_density=0.875 exp_mean=9323.9 addr_spec=3.328 addr_random=1.081 addr_full=0.0588 correct=242
  mpx-135 traj: trials=136140000 wall=573594s knowledge=0.4867 reliable=313 spec=9.02 pop=5949
  mpx-135 diag: trials=136140000 micro=7948 pop_spec=19.91 spec_max=32 q_mean=0.561 q_max=1.000 q_above_half=3072 marked=0.215 mark_density=0.876 exp_mean=8210.9 addr_spec=3.037 addr_random=1.032 addr_full=0.0526 correct=243
  mpx-135 traj: trials=136200000 wall=573661s knowledge=0.4874 reliable=307 spec=8.91 pop=5740
  mpx-135 diag: trials=136200000 micro=7720 pop_spec=20.07 spec_max=32 q_mean=0.561 q_max=1.000 q_above_half=2983 marked=0.223 mark_density=0.877 exp_mean=8516.0 addr_spec=3.070 addr_random=1.041 addr_full=0.0540 correct=243
  mpx-135 traj: trials=136260000 wall=573718s knowledge=0.4876 reliable=307 spec=8.93 pop=5432
  mpx-135 diag: trials=136260000 micro=7417 pop_spec=20.45 spec_max=32 q_mean=0.565 q_max=1.000 q_above_half=2934 marked=0.238 mark_density=0.880 exp_mean=9005.3 addr_spec=3.198 addr_random=1.060 addr_full=0.0585 correct=243
  mpx-135 traj: trials=136320000 wall=573751s knowledge=0.4877 reliable=313 spec=8.97 pop=5233
  mpx-135 diag: trials=136320000 micro=7200 pop_spec=20.71 spec_max=32 q_mean=0.568 q_max=1.000 q_above_half=2857 marked=0.231 mark_density=0.876 exp_mean=9354.4 addr_spec=3.230 addr_random=1.074 addr_full=0.0617 correct=244
  mpx-135 traj: trials=136380000 wall=573855s knowledge=0.4873 reliable=312 spec=9.01 pop=5471
  mpx-135 diag: trials=136380000 micro=7454 pop_spec=20.27 spec_max=32 q_mean=0.560 q_max=1.000 q_above_half=2845 marked=0.233 mark_density=0.880 exp_mean=8906.2 addr_spec=3.099 addr_random=1.051 addr_full=0.0574 correct=242
  mpx-135 traj: trials=136440000 wall=573906s knowledge=0.4872 reliable=304 spec=8.92 pop=5366
  mpx-135 diag: trials=136440000 micro=7338 pop_spec=20.59 spec_max=32 q_mean=0.561 q_max=1.000 q_above_half=2818 marked=0.233 mark_density=0.876 exp_mean=9087.0 addr_spec=3.143 addr_random=1.068 addr_full=0.0600 correct=242
  mpx-135 traj: trials=136500000 wall=573974s knowledge=0.4875 reliable=311 spec=8.99 pop=5321
  mpx-135 diag: trials=136500000 micro=7326 pop_spec=20.70 spec_max=32 q_mean=0.562 q_max=1.000 q_above_half=2825 marked=0.211 mark_density=0.869 exp_mean=9170.4 addr_spec=3.165 addr_random=1.074 addr_full=0.0596 correct=242
  mpx-135 traj: trials=136560000 wall=574041s knowledge=0.4873 reliable=313 spec=9.01 pop=5327
  mpx-135 diag: trials=136560000 micro=7306 pop_spec=20.52 spec_max=32 q_mean=0.561 q_max=1.000 q_above_half=2869 marked=0.228 mark_density=0.876 exp_mean=9166.7 addr_spec=3.107 addr_random=1.064 addr_full=0.0599 correct=242
  mpx-135 traj: trials=136620000 wall=574239s knowledge=0.4881 reliable=315 spec=9.03 pop=6035
  mpx-135 diag: trials=136620000 micro=8031 pop_spec=19.73 spec_max=32 q_mean=0.552 q_max=1.000 q_above_half=2917 marked=0.206 mark_density=0.875 exp_mean=8097.3 addr_spec=2.861 addr_random=1.023 addr_full=0.0534 correct=242
  mpx-135 traj: trials=136680000 wall=574273s knowledge=0.4863 reliable=315 spec=9.06 pop=5222
  mpx-135 diag: trials=136680000 micro=7182 pop_spec=20.70 spec_max=32 q_mean=0.560 q_max=1.000 q_above_half=2771 marked=0.225 mark_density=0.874 exp_mean=9364.1 addr_spec=3.132 addr_random=1.073 addr_full=0.0615 correct=241
  mpx-135 traj: trials=136740000 wall=574401s knowledge=0.4859 reliable=314 spec=9.06 pop=6046
  mpx-135 diag: trials=136740000 micro=8077 pop_spec=19.38 spec_max=32 q_mean=0.551 q_max=1.000 q_above_half=3010 marked=0.220 mark_density=0.884 exp_mean=8094.0 addr_spec=2.786 addr_random=1.005 addr_full=0.0518 correct=241
  mpx-135 traj: trials=136800000 wall=574481s knowledge=0.4859 reliable=316 spec=9.05 pop=5709
  mpx-135 diag: trials=136800000 micro=7711 pop_spec=19.91 spec_max=32 q_mean=0.553 q_max=1.000 q_above_half=2877 marked=0.222 mark_density=0.880 exp_mean=8577.8 addr_spec=2.910 addr_random=1.032 addr_full=0.0548 correct=241
  mpx-135 traj: trials=136860000 wall=574569s knowledge=0.4859 reliable=309 spec=9.01 pop=5407
  mpx-135 diag: trials=136860000 micro=7369 pop_spec=20.51 spec_max=32 q_mean=0.558 q_max=1.000 q_above_half=2863 marked=0.210 mark_density=0.871 exp_mean=9063.1 addr_spec=3.003 addr_random=1.063 addr_full=0.0596 correct=241
  mpx-135 traj: trials=136920000 wall=574629s knowledge=0.4858 reliable=304 spec=8.95 pop=5485
  mpx-135 diag: trials=136920000 micro=7481 pop_spec=20.19 spec_max=32 q_mean=0.557 q_max=1.000 q_above_half=2835 marked=0.228 mark_density=0.881 exp_mean=8940.7 addr_spec=2.947 addr_random=1.047 addr_full=0.0572 correct=241
  mpx-135 traj: trials=136980000 wall=574808s knowledge=0.4863 reliable=311 spec=8.98 pop=6201
  mpx-135 diag: trials=136980000 micro=8170 pop_spec=19.42 spec_max=32 q_mean=0.549 q_max=1.000 q_above_half=2958 marked=0.200 mark_density=0.877 exp_mean=7914.1 addr_spec=2.730 addr_random=1.007 addr_full=0.0500 correct=241
  mpx-135 traj: trials=137040000 wall=574899s knowledge=0.4869 reliable=309 spec=8.98 pop=5632
  mpx-135 diag: trials=137040000 micro=7560 pop_spec=20.10 spec_max=32 q_mean=0.555 q_max=1.000 q_above_half=2891 marked=0.207 mark_density=0.874 exp_mean=8719.8 addr_spec=2.900 addr_random=1.042 addr_full=0.0549 correct=241
  mpx-135 traj: trials=137100000 wall=574945s knowledge=0.4879 reliable=312 spec=9.00 pop=5446
  mpx-135 diag: trials=137100000 micro=7475 pop_spec=20.40 spec_max=32 q_mean=0.554 q_max=1.000 q_above_half=2689 marked=0.201 mark_density=0.870 exp_mean=9024.0 addr_spec=2.975 addr_random=1.058 addr_full=0.0578 correct=242
  mpx-135 traj: trials=137160000 wall=574989s knowledge=0.4882 reliable=313 spec=9.00 pop=5256
  mpx-135 diag: trials=137160000 micro=7261 pop_spec=20.56 spec_max=32 q_mean=0.555 q_max=1.000 q_above_half=2671 marked=0.220 mark_density=0.877 exp_mean=9357.0 addr_spec=3.037 addr_random=1.066 addr_full=0.0601 correct=242
  mpx-135 traj: trials=137220000 wall=575056s knowledge=0.4889 reliable=313 spec=8.95 pop=5556
  mpx-135 diag: trials=137220000 micro=7531 pop_spec=20.10 spec_max=32 q_mean=0.554 q_max=1.000 q_above_half=2802 marked=0.217 mark_density=0.878 exp_mean=8858.1 addr_spec=2.946 addr_random=1.042 addr_full=0.0562 correct=242
  mpx-135 traj: trials=137280000 wall=575118s knowledge=0.4882 reliable=305 spec=8.89 pop=5371
  mpx-135 diag: trials=137280000 micro=7319 pop_spec=20.58 spec_max=32 q_mean=0.553 q_max=1.000 q_above_half=2698 marked=0.204 mark_density=0.870 exp_mean=9169.6 addr_spec=2.928 addr_random=1.067 addr_full=0.0562 correct=242
  mpx-135 traj: trials=137340000 wall=575197s knowledge=0.4868 reliable=295 spec=8.79 pop=5335
  mpx-135 diag: trials=137340000 micro=7279 pop_spec=20.62 spec_max=32 q_mean=0.551 q_max=1.000 q_above_half=2599 marked=0.204 mark_density=0.872 exp_mean=9187.1 addr_spec=2.901 addr_random=1.069 addr_full=0.0559 correct=242
  mpx-135 traj: trials=137400000 wall=575277s knowledge=0.4881 reliable=296 spec=8.78 pop=4961
  mpx-135 diag: trials=137400000 micro=6972 pop_spec=21.29 spec_max=32 q_mean=0.555 q_max=1.000 q_above_half=2562 marked=0.204 mark_density=0.865 exp_mean=9886.7 addr_spec=3.102 addr_random=1.104 addr_full=0.0597 correct=242
  mpx-135 traj: trials=137460000 wall=575327s knowledge=0.4869 reliable=290 spec=8.70 pop=4939
  mpx-135 diag: trials=137460000 micro=6902 pop_spec=21.32 spec_max=32 q_mean=0.553 q_max=1.000 q_above_half=2463 marked=0.200 mark_density=0.864 exp_mean=9937.4 addr_spec=3.068 addr_random=1.105 addr_full=0.0609 correct=242
  mpx-135 traj: trials=137520000 wall=575406s knowledge=0.4866 reliable=287 spec=8.65 pop=5183
  mpx-135 diag: trials=137520000 micro=7150 pop_spec=20.83 spec_max=32 q_mean=0.554 q_max=1.000 q_above_half=2660 marked=0.211 mark_density=0.871 exp_mean=9476.4 addr_spec=2.981 addr_random=1.080 addr_full=0.0563 correct=241
  mpx-135 traj: trials=137580000 wall=575483s knowledge=0.4865 reliable=284 spec=8.61 pop=5366
  mpx-135 diag: trials=137580000 micro=7378 pop_spec=20.54 spec_max=32 q_mean=0.547 q_max=1.000 q_above_half=2628 marked=0.219 mark_density=0.875 exp_mean=9159.8 addr_spec=2.910 addr_random=1.065 addr_full=0.0540 correct=241
  mpx-135 traj: trials=137640000 wall=575558s knowledge=0.4865 reliable=281 spec=8.59 pop=5556
  mpx-135 diag: trials=137640000 micro=7526 pop_spec=20.04 spec_max=32 q_mean=0.547 q_max=1.000 q_above_half=2702 marked=0.221 mark_density=0.879 exp_mean=8852.9 addr_spec=2.801 addr_random=1.039 addr_full=0.0509 correct=241
  mpx-135 traj: trials=137700000 wall=575689s knowledge=0.4869 reliable=281 spec=8.57 pop=5678
  mpx-135 diag: trials=137700000 micro=7674 pop_spec=20.17 spec_max=32 q_mean=0.545 q_max=1.000 q_above_half=2715 marked=0.200 mark_density=0.872 exp_mean=8668.8 addr_spec=2.750 addr_random=1.046 addr_full=0.0498 correct=241
  mpx-135 traj: trials=137760000 wall=575734s knowledge=0.4874 reliable=278 spec=8.53 pop=5508
  mpx-135 diag: trials=137760000 micro=7495 pop_spec=20.03 spec_max=32 q_mean=0.549 q_max=1.000 q_above_half=2807 marked=0.227 mark_density=0.882 exp_mean=8942.8 addr_spec=2.775 addr_random=1.039 addr_full=0.0503 correct=242
  mpx-135 traj: trials=137820000 wall=575814s knowledge=0.4879 reliable=277 spec=8.49 pop=5159
  mpx-135 diag: trials=137820000 micro=7127 pop_spec=20.85 spec_max=32 q_mean=0.549 q_max=1.000 q_above_half=2581 marked=0.206 mark_density=0.869 exp_mean=9554.4 addr_spec=2.961 addr_random=1.081 addr_full=0.0539 correct=242
  mpx-135 traj: trials=137880000 wall=575863s knowledge=0.4873 reliable=275 spec=8.46 pop=4952
  mpx-135 diag: trials=137880000 micro=6903 pop_spec=21.16 spec_max=32 q_mean=0.549 q_max=1.000 q_above_half=2453 marked=0.220 mark_density=0.873 exp_mean=9938.5 addr_spec=3.090 addr_random=1.097 addr_full=0.0574 correct=242
  mpx-135 traj: trials=137940000 wall=575917s knowledge=0.4863 reliable=271 spec=8.40 pop=4955
  mpx-135 diag: trials=137940000 micro=6926 pop_spec=21.16 spec_max=32 q_mean=0.550 q_max=1.000 q_above_half=2525 marked=0.225 mark_density=0.874 exp_mean=9939.5 addr_spec=3.025 addr_random=1.097 addr_full=0.0563 correct=241
  mpx-135 traj: trials=138000000 wall=575966s knowledge=0.4865 reliable=271 spec=8.38 pop=5003
  mpx-135 diag: trials=138000000 micro=6973 pop_spec=21.07 spec_max=32 q_mean=0.552 q_max=1.000 q_above_half=2586 marked=0.218 mark_density=0.873 exp_mean=9851.2 addr_spec=2.949 addr_random=1.093 addr_full=0.0552 correct=241
  mpx-135 traj: trials=138060000 wall=576028s knowledge=0.4855 reliable=267 spec=8.37 pop=5172
  mpx-135 diag: trials=138060000 micro=7156 pop_spec=20.71 spec_max=32 q_mean=0.550 q_max=1.000 q_above_half=2634 marked=0.219 mark_density=0.876 exp_mean=9535.9 addr_spec=2.922 addr_random=1.074 addr_full=0.0539 correct=240
  mpx-135 traj: trials=138120000 wall=576061s knowledge=0.4854 reliable=266 spec=8.35 pop=4800
  mpx-135 diag: trials=138120000 micro=6783 pop_spec=21.48 spec_max=32 q_mean=0.552 q_max=1.000 q_above_half=2456 marked=0.214 mark_density=0.868 exp_mean=10282.1 addr_spec=3.127 addr_random=1.114 addr_full=0.0567 correct=240
  mpx-135 traj: trials=138180000 wall=576131s knowledge=0.4853 reliable=265 spec=8.29 pop=5227
  mpx-135 diag: trials=138180000 micro=7174 pop_spec=20.43 spec_max=32 q_mean=0.550 q_max=1.000 q_above_half=2671 marked=0.231 mark_density=0.880 exp_mean=9449.1 addr_spec=2.970 addr_random=1.059 addr_full=0.0518 correct=240
  mpx-135 traj: trials=138240000 wall=576197s knowledge=0.4854 reliable=263 spec=8.30 pop=5177
  mpx-135 diag: trials=138240000 micro=7084 pop_spec=20.77 spec_max=32 q_mean=0.548 q_max=1.000 q_above_half=2604 marked=0.214 mark_density=0.874 exp_mean=9546.9 addr_spec=2.923 addr_random=1.077 addr_full=0.0529 correct=240
  mpx-135 traj: trials=138300000 wall=576249s knowledge=0.4853 reliable=263 spec=8.29 pop=5118
  mpx-135 diag: trials=138300000 micro=7060 pop_spec=20.72 spec_max=32 q_mean=0.551 q_max=1.000 q_above_half=2691 marked=0.223 mark_density=0.875 exp_mean=9664.0 addr_spec=2.956 addr_random=1.074 addr_full=0.0539 correct=240
  mpx-135 traj: trials=138360000 wall=576335s knowledge=0.4844 reliable=263 spec=8.29 pop=5206
  mpx-135 diag: trials=138360000 micro=7220 pop_spec=20.80 spec_max=32 q_mean=0.549 q_max=1.000 q_above_half=2623 marked=0.216 mark_density=0.871 exp_mean=9506.8 addr_spec=2.981 addr_random=1.079 addr_full=0.0536 correct=239
  mpx-135 traj: trials=138420000 wall=576388s knowledge=0.4844 reliable=263 spec=8.29 pop=5066
  mpx-135 diag: trials=138420000 micro=7006 pop_spec=20.93 spec_max=32 q_mean=0.549 q_max=1.000 q_above_half=2536 marked=0.234 mark_density=0.877 exp_mean=9776.3 addr_spec=3.051 addr_random=1.085 addr_full=0.0537 correct=239
  mpx-135 traj: trials=138480000 wall=576437s knowledge=0.4842 reliable=261 spec=8.26 pop=5146
  mpx-135 diag: trials=138480000 micro=7117 pop_spec=20.56 spec_max=32 q_mean=0.551 q_max=1.000 q_above_half=2701 marked=0.232 mark_density=0.880 exp_mean=9630.9 addr_spec=2.921 addr_random=1.066 addr_full=0.0531 correct=239
  mpx-135 traj: trials=138540000 wall=576504s knowledge=0.4845 reliable=261 spec=8.28 pop=5260
  mpx-135 diag: trials=138540000 micro=7219 pop_spec=20.51 spec_max=32 q_mean=0.551 q_max=1.000 q_above_half=2685 marked=0.212 mark_density=0.874 exp_mean=9428.7 addr_spec=2.877 addr_random=1.063 addr_full=0.0525 correct=239
  mpx-135 traj: trials=138600000 wall=576692s knowledge=0.4856 reliable=263 spec=8.27 pop=5739
  mpx-135 diag: trials=138600000 micro=7698 pop_spec=19.97 spec_max=32 q_mean=0.547 q_max=1.000 q_above_half=2909 marked=0.223 mark_density=0.878 exp_mean=8648.1 addr_spec=2.749 addr_random=1.036 addr_full=0.0477 correct=239
  mpx-135 traj: trials=138660000 wall=576880s knowledge=0.4847 reliable=263 spec=8.31 pop=5334
  mpx-135 diag: trials=138660000 micro=7300 pop_spec=20.65 spec_max=32 q_mean=0.550 q_max=1.000 q_above_half=2735 marked=0.210 mark_density=0.869 exp_mean=9311.1 addr_spec=2.906 addr_random=1.071 addr_full=0.0521 correct=239
  mpx-135 traj: trials=138720000 wall=576917s knowledge=0.4850 reliable=265 spec=8.32 pop=5026
  mpx-135 diag: trials=138720000 micro=6976 pop_spec=21.05 spec_max=32 q_mean=0.551 q_max=1.000 q_above_half=2590 marked=0.223 mark_density=0.873 exp_mean=9888.5 addr_spec=3.029 addr_random=1.092 addr_full=0.0557 correct=239
  mpx-135 traj: trials=138780000 wall=576980s knowledge=0.4849 reliable=265 spec=8.32 pop=5067
  mpx-135 diag: trials=138780000 micro=7014 pop_spec=20.90 spec_max=32 q_mean=0.551 q_max=1.000 q_above_half=2625 marked=0.232 mark_density=0.877 exp_mean=9815.4 addr_spec=2.960 addr_random=1.083 addr_full=0.0533 correct=239
  mpx-135 traj: trials=138840000 wall=577196s knowledge=0.4844 reliable=263 spec=8.32 pop=5617
  mpx-135 diag: trials=138840000 micro=7618 pop_spec=20.09 spec_max=32 q_mean=0.548 q_max=1.000 q_above_half=2899 marked=0.212 mark_density=0.875 exp_mean=8860.6 addr_spec=2.751 addr_random=1.042 addr_full=0.0491 correct=239
  mpx-135 traj: trials=138900000 wall=577239s knowledge=0.4844 reliable=263 spec=8.31 pop=5167
  mpx-135 diag: trials=138900000 micro=7094 pop_spec=20.73 spec_max=32 q_mean=0.550 q_max=1.000 q_above_half=2610 marked=0.226 mark_density=0.875 exp_mean=9639.0 addr_spec=2.973 addr_random=1.075 addr_full=0.0530 correct=239
  mpx-135 traj: trials=138960000 wall=577277s knowledge=0.4849 reliable=266 spec=8.36 pop=4870
  mpx-135 diag: trials=138960000 micro=6815 pop_spec=21.34 spec_max=32 q_mean=0.553 q_max=1.000 q_above_half=2523 marked=0.219 mark_density=0.870 exp_mean=10233.8 addr_spec=3.095 addr_random=1.107 addr_full=0.0571 correct=239
  mpx-135 traj: trials=139020000 wall=577320s knowledge=0.4848 reliable=269 spec=8.36 pop=5320
  mpx-135 diag: trials=139020000 micro=7271 pop_spec=20.38 spec_max=32 q_mean=0.549 q_max=1.000 q_above_half=2608 marked=0.218 mark_density=0.876 exp_mean=9374.9 addr_spec=2.883 addr_random=1.057 addr_full=0.0536 correct=239
  mpx-135 traj: trials=139080000 wall=577435s knowledge=0.4845 reliable=266 spec=8.35 pop=5676
  mpx-135 diag: trials=139080000 micro=7646 pop_spec=20.09 spec_max=32 q_mean=0.545 q_max=1.000 q_above_half=2717 marked=0.210 mark_density=0.876 exp_mean=8793.2 addr_spec=2.815 addr_random=1.041 addr_full=0.0504 correct=239
  mpx-135 traj: trials=139140000 wall=577506s knowledge=0.4846 reliable=267 spec=8.35 pop=5287
  mpx-135 diag: trials=139140000 micro=7273 pop_spec=20.53 spec_max=32 q_mean=0.548 q_max=1.000 q_above_half=2652 marked=0.226 mark_density=0.877 exp_mean=9446.7 addr_spec=2.935 addr_random=1.065 addr_full=0.0552 correct=239
  mpx-135 traj: trials=139200000 wall=577541s knowledge=0.4851 reliable=266 spec=8.36 pop=5067
  mpx-135 diag: trials=139200000 micro=7039 pop_spec=20.69 spec_max=32 q_mean=0.550 q_max=1.000 q_above_half=2576 marked=0.227 mark_density=0.877 exp_mean=9863.7 addr_spec=3.019 addr_random=1.073 addr_full=0.0557 correct=239
  mpx-135 traj: trials=139260000 wall=577648s knowledge=0.4851 reliable=268 spec=8.37 pop=5121
  mpx-135 diag: trials=139260000 micro=7098 pop_spec=20.89 spec_max=32 q_mean=0.550 q_max=1.000 q_above_half=2630 marked=0.217 mark_density=0.873 exp_mean=9766.5 addr_spec=2.963 addr_random=1.083 addr_full=0.0549 correct=239
  mpx-135 traj: trials=139320000 wall=577763s knowledge=0.4860 reliable=271 spec=8.40 pop=10425
  mpx-135 diag: trials=139320000 micro=12392 pop_spec=13.55 spec_max=32 q_mean=0.535 q_max=1.000 q_above_half=5287 marked=0.301 mark_density=0.929 exp_mean=4802.4 addr_spec=1.602 addr_random=0.703 addr_full=0.0275 correct=240
  mpx-135 traj: trials=139380000 wall=577799s knowledge=0.4859 reliable=272 spec=8.40 pop=4966
  mpx-135 diag: trials=139380000 micro=6896 pop_spec=21.05 spec_max=32 q_mean=0.549 q_max=1.000 q_above_half=2501 marked=0.224 mark_density=0.875 exp_mean=10085.4 addr_spec=3.035 addr_random=1.092 addr_full=0.0576 correct=240
  mpx-135 traj: trials=139440000 wall=577889s knowledge=0.4854 reliable=266 spec=8.36 pop=5254
  mpx-135 diag: trials=139440000 micro=7240 pop_spec=20.71 spec_max=32 q_mean=0.548 q_max=1.000 q_above_half=2678 marked=0.203 mark_density=0.870 exp_mean=9539.2 addr_spec=2.866 addr_random=1.074 addr_full=0.0533 correct=241
  mpx-135 traj: trials=139500000 wall=577966s knowledge=0.4861 reliable=270 spec=8.34 pop=5124
  mpx-135 diag: trials=139500000 micro=7097 pop_spec=20.97 spec_max=32 q_mean=0.548 q_max=1.000 q_above_half=2528 marked=0.205 mark_density=0.868 exp_mean=9788.0 addr_spec=2.907 addr_random=1.087 addr_full=0.0550 correct=241
  mpx-135 traj: trials=139560000 wall=578026s knowledge=0.4854 reliable=267 spec=8.30 pop=5467
  mpx-135 diag: trials=139560000 micro=7377 pop_spec=20.22 spec_max=32 q_mean=0.546 q_max=1.000 q_above_half=2636 marked=0.203 mark_density=0.873 exp_mean=9180.4 addr_spec=2.818 addr_random=1.048 addr_full=0.0525 correct=240
  mpx-135 traj: trials=139620000 wall=578074s knowledge=0.4856 reliable=265 spec=8.33 pop=4973
  mpx-135 diag: trials=139620000 micro=6940 pop_spec=21.11 spec_max=32 q_mean=0.549 q_max=1.000 q_above_half=2515 marked=0.227 mark_density=0.875 exp_mean=10099.2 addr_spec=2.993 addr_random=1.095 addr_full=0.0551 correct=241
  mpx-135 traj: trials=139680000 wall=578160s knowledge=0.4864 reliable=266 spec=8.32 pop=5420
  mpx-135 diag: trials=139680000 micro=7396 pop_spec=20.32 spec_max=32 q_mean=0.546 q_max=1.000 q_above_half=2660 marked=0.217 mark_density=0.877 exp_mean=9272.8 addr_spec=2.806 addr_random=1.054 addr_full=0.0517 correct=241
  mpx-135 traj: trials=139740000 wall=578200s knowledge=0.4876 reliable=265 spec=8.30 pop=5053
  mpx-135 diag: trials=139740000 micro=7010 pop_spec=20.91 spec_max=32 q_mean=0.551 q_max=1.000 q_above_half=2601 marked=0.212 mark_density=0.871 exp_mean=9953.1 addr_spec=2.891 addr_random=1.084 addr_full=0.0542 correct=242
  mpx-135 traj: trials=139800000 wall=578308s knowledge=0.4865 reliable=265 spec=8.30 pop=4948
  mpx-135 diag: trials=139800000 micro=6924 pop_spec=21.19 spec_max=32 q_mean=0.549 q_max=1.000 q_above_half=2500 marked=0.212 mark_density=0.869 exp_mean=10171.4 addr_spec=3.006 addr_random=1.099 addr_full=0.0558 correct=241
  mpx-135 traj: trials=139860000 wall=578485s knowledge=0.4863 reliable=263 spec=8.30 pop=5410
  mpx-135 diag: trials=139860000 micro=7363 pop_spec=20.35 spec_max=32 q_mean=0.545 q_max=1.000 q_above_half=2638 marked=0.219 mark_density=0.877 exp_mean=9309.5 addr_spec=2.801 addr_random=1.055 addr_full=0.0510 correct=241
  mpx-135 traj: trials=139920000 wall=578549s knowledge=0.4863 reliable=263 spec=8.29 pop=5189
  mpx-135 diag: trials=139920000 micro=7131 pop_spec=20.45 spec_max=32 q_mean=0.548 q_max=1.000 q_above_half=2606 marked=0.239 mark_density=0.882 exp_mean=9712.8 addr_spec=2.893 addr_random=1.060 addr_full=0.0538 correct=241
  mpx-135 traj: trials=139980000 wall=578694s knowledge=0.4859 reliable=261 spec=8.29 pop=5513
  mpx-135 diag: trials=139980000 micro=7422 pop_spec=20.31 spec_max=32 q_mean=0.542 q_max=1.000 q_above_half=2577 marked=0.202 mark_density=0.873 exp_mean=9099.4 addr_spec=2.751 addr_random=1.053 addr_full=0.0508 correct=241
  mpx-135 traj: trials=140040000 wall=578737s knowledge=0.4858 reliable=262 spec=8.27 pop=5078
  mpx-135 diag: trials=140040000 micro=7056 pop_spec=20.83 spec_max=32 q_mean=0.551 q_max=1.000 q_above_half=2618 marked=0.212 mark_density=0.871 exp_mean=9885.7 addr_spec=3.001 addr_random=1.080 addr_full=0.0536 correct=241
  mpx-135 traj: trials=140100000 wall=578787s knowledge=0.4859 reliable=264 spec=8.31 pop=4940
  mpx-135 diag: trials=140100000 micro=6968 pop_spec=21.10 spec_max=32 q_mean=0.549 q_max=1.000 q_above_half=2501 marked=0.221 mark_density=0.873 exp_mean=10168.9 addr_spec=3.058 addr_random=1.094 addr_full=0.0567 correct=241
  mpx-135 traj: trials=140160000 wall=578859s knowledge=0.4863 reliable=261 spec=8.25 pop=4982
  mpx-135 diag: trials=140160000 micro=6942 pop_spec=21.05 spec_max=32 q_mean=0.548 q_max=1.000 q_above_half=2479 marked=0.224 mark_density=0.874 exp_mean=10090.2 addr_spec=3.035 addr_random=1.092 addr_full=0.0558 correct=241
  mpx-135 traj: trials=140220000 wall=578905s knowledge=0.4869 reliable=262 spec=8.27 pop=4925
  mpx-135 diag: trials=140220000 micro=6859 pop_spec=21.13 spec_max=32 q_mean=0.551 q_max=1.000 q_above_half=2527 marked=0.212 mark_density=0.868 exp_mean=10214.1 addr_spec=3.058 addr_random=1.095 addr_full=0.0569 correct=242
  mpx-135 traj: trials=140280000 wall=579044s knowledge=0.4858 reliable=261 spec=8.27 pop=5383
  mpx-135 diag: trials=140280000 micro=7318 pop_spec=20.37 spec_max=32 q_mean=0.545 q_max=1.000 q_above_half=2634 marked=0.228 mark_density=0.879 exp_mean=9351.7 addr_spec=2.781 addr_random=1.056 addr_full=0.0513 correct=241
  mpx-135 traj: trials=140340000 wall=579134s knowledge=0.4848 reliable=261 spec=8.25 pop=5536
  mpx-135 diag: trials=140340000 micro=7520 pop_spec=20.14 spec_max=32 q_mean=0.546 q_max=1.000 q_above_half=2691 marked=0.204 mark_density=0.874 exp_mean=9099.3 addr_spec=2.801 addr_random=1.044 addr_full=0.0513 correct=240
  mpx-135 traj: trials=140400000 wall=579171s knowledge=0.4847 reliable=260 spec=8.25 pop=4942
  mpx-135 diag: trials=140400000 micro=6883 pop_spec=21.14 spec_max=32 q_mean=0.549 q_max=1.000 q_above_half=2490 marked=0.219 mark_density=0.871 exp_mean=10199.9 addr_spec=3.006 addr_random=1.096 addr_full=0.0571 correct=240
  mpx-135 traj: trials=140460000 wall=579243s knowledge=0.4847 reliable=259 spec=8.25 pop=5056
  mpx-135 diag: trials=140460000 micro=7026 pop_spec=20.78 spec_max=32 q_mean=0.548 q_max=1.000 q_above_half=2565 marked=0.228 mark_density=0.877 exp_mean=9976.9 addr_spec=3.031 addr_random=1.077 addr_full=0.0544 correct=240
  mpx-135 traj: trials=140520000 wall=579345s knowledge=0.4846 reliable=256 spec=8.21 pop=5500
  mpx-135 diag: trials=140520000 micro=7508 pop_spec=20.19 spec_max=32 q_mean=0.544 q_max=1.000 q_above_half=2658 marked=0.215 mark_density=0.876 exp_mean=9177.8 addr_spec=2.783 addr_random=1.047 addr_full=0.0485 correct=240
  mpx-135 traj: trials=140580000 wall=579383s knowledge=0.4857 reliable=258 spec=8.22 pop=4903
  mpx-135 diag: trials=140580000 micro=6930 pop_spec=21.22 spec_max=32 q_mean=0.548 q_max=1.000 q_above_half=2449 marked=0.223 mark_density=0.872 exp_mean=10302.2 addr_spec=2.994 addr_random=1.100 addr_full=0.0561 correct=241
  mpx-135 traj: trials=140640000 wall=579477s knowledge=0.4857 reliable=261 spec=8.22 pop=5423
  mpx-135 diag: trials=140640000 micro=7395 pop_spec=20.36 spec_max=32 q_mean=0.547 q_max=1.000 q_above_half=2638 marked=0.205 mark_density=0.872 exp_mean=9321.0 addr_spec=2.814 addr_random=1.056 addr_full=0.0500 correct=241
  mpx-135 traj: trials=140700000 wall=579535s knowledge=0.4847 reliable=256 spec=8.18 pop=5840
  mpx-135 diag: trials=140700000 micro=7771 pop_spec=18.54 spec_max=32 q_mean=0.541 q_max=1.000 q_above_half=2807 marked=0.282 mark_density=0.904 exp_mean=8661.9 addr_spec=2.611 addr_random=0.961 addr_full=0.0455 correct=240
  mpx-135 traj: trials=140760000 wall=579609s knowledge=0.4847 reliable=255 spec=8.18 pop=4989
  mpx-135 diag: trials=140760000 micro=6945 pop_spec=21.06 spec_max=32 q_mean=0.549 q_max=1.000 q_above_half=2483 marked=0.200 mark_density=0.865 exp_mean=10145.6 addr_spec=3.003 addr_random=1.092 addr_full=0.0537 correct=240
  mpx-135 traj: trials=140820000 wall=579648s knowledge=0.4849 reliable=256 spec=8.19 pop=4904
  mpx-135 diag: trials=140820000 micro=6852 pop_spec=21.17 spec_max=32 q_mean=0.549 q_max=1.000 q_above_half=2465 marked=0.205 mark_density=0.866 exp_mean=10328.4 addr_spec=2.977 addr_random=1.098 addr_full=0.0553 correct=240
  mpx-135 traj: trials=140880000 wall=579688s knowledge=0.4850 reliable=257 spec=8.18 pop=4875
  mpx-135 diag: trials=140880000 micro=6845 pop_spec=21.16 spec_max=32 q_mean=0.549 q_max=1.000 q_above_half=2481 marked=0.217 mark_density=0.871 exp_mean=10397.1 addr_spec=3.036 addr_random=1.097 addr_full=0.0554 correct=240
  mpx-135 traj: trials=140940000 wall=579729s knowledge=0.4855 reliable=258 spec=8.18 pop=4790
  mpx-135 diag: trials=140940000 micro=6734 pop_spec=21.33 spec_max=32 q_mean=0.549 q_max=1.000 q_above_half=2364 marked=0.229 mark_density=0.875 exp_mean=10588.9 addr_spec=3.056 addr_random=1.106 addr_full=0.0570 correct=241
  mpx-135 traj: trials=141000000 wall=579861s knowledge=0.4855 reliable=258 spec=8.18 pop=5261
  mpx-135 diag: trials=141000000 micro=7223 pop_spec=20.58 spec_max=32 q_mean=0.547 q_max=1.000 q_above_half=2662 marked=0.223 mark_density=0.875 exp_mean=9647.8 addr_spec=2.857 addr_random=1.067 addr_full=0.0517 correct=241
  mpx-135 traj: trials=141060000 wall=579940s knowledge=0.4854 reliable=255 spec=8.15 pop=5275
  mpx-135 diag: trials=141060000 micro=7199 pop_spec=20.68 spec_max=32 q_mean=0.547 q_max=1.000 q_above_half=2543 marked=0.201 mark_density=0.869 exp_mean=9628.7 addr_spec=2.827 addr_random=1.072 addr_full=0.0508 correct=241
  mpx-135 traj: trials=141120000 wall=580025s knowledge=0.4862 reliable=256 spec=8.15 pop=5118
  mpx-135 diag: trials=141120000 micro=7081 pop_spec=20.92 spec_max=32 q_mean=0.546 q_max=1.000 q_above_half=2495 marked=0.203 mark_density=0.867 exp_mean=9930.8 addr_spec=2.894 addr_random=1.085 addr_full=0.0531 correct=241
  mpx-135 traj: trials=141180000 wall=580063s knowledge=0.4862 reliable=256 spec=8.15 pop=4881
  mpx-135 diag: trials=141180000 micro=6856 pop_spec=21.18 spec_max=32 q_mean=0.549 q_max=1.000 q_above_half=2467 marked=0.219 mark_density=0.872 exp_mean=10420.2 addr_spec=3.002 addr_random=1.098 addr_full=0.0561 correct=241
  mpx-135 traj: trials=141240000 wall=580182s knowledge=0.4858 reliable=256 spec=8.16 pop=5420
  mpx-135 diag: trials=141240000 micro=7419 pop_spec=20.29 spec_max=32 q_mean=0.546 q_max=1.000 q_above_half=2628 marked=0.211 mark_density=0.876 exp_mean=9390.5 addr_spec=2.753 addr_random=1.052 addr_full=0.0520 correct=241
  mpx-135 traj: trials=141300000 wall=580254s knowledge=0.4854 reliable=256 spec=8.14 pop=5251
  mpx-135 diag: trials=141300000 micro=7256 pop_spec=20.63 spec_max=32 q_mean=0.546 q_max=1.000 q_above_half=2602 marked=0.201 mark_density=0.868 exp_mean=9699.3 addr_spec=2.846 addr_random=1.070 addr_full=0.0510 correct=241
  mpx-135 traj: trials=141360000 wall=580315s knowledge=0.4857 reliable=256 spec=8.15 pop=5063
  mpx-135 diag: trials=141360000 micro=7035 pop_spec=20.91 spec_max=32 q_mean=0.547 q_max=1.000 q_above_half=2554 marked=0.211 mark_density=0.870 exp_mean=10066.4 addr_spec=2.903 addr_random=1.084 addr_full=0.0541 correct=241
  mpx-135 traj: trials=141420000 wall=580380s knowledge=0.4854 reliable=254 spec=8.13 pop=5006
  mpx-135 diag: trials=141420000 micro=6948 pop_spec=20.99 spec_max=32 q_mean=0.546 q_max=1.000 q_above_half=2459 marked=0.218 mark_density=0.872 exp_mean=10188.0 addr_spec=2.908 addr_random=1.088 addr_full=0.0531 correct=241
  mpx-135 traj: trials=141480000 wall=580478s knowledge=0.4854 reliable=255 spec=8.13 pop=5498
  mpx-135 diag: trials=141480000 micro=7482 pop_spec=20.23 spec_max=32 q_mean=0.545 q_max=1.000 q_above_half=2730 marked=0.205 mark_density=0.871 exp_mean=9282.8 addr_spec=2.746 addr_random=1.049 addr_full=0.0489 correct=241
  mpx-135 traj: trials=141540000 wall=580535s knowledge=0.4854 reliable=254 spec=8.11 pop=4950
  mpx-135 diag: trials=141540000 micro=6906 pop_spec=21.03 spec_max=32 q_mean=0.549 q_max=1.000 q_above_half=2580 marked=0.222 mark_density=0.872 exp_mean=10317.4 addr_spec=2.955 addr_random=1.091 addr_full=0.0545 correct=241
  mpx-135 traj: trials=141600000 wall=580581s knowledge=0.4854 reliable=255 spec=8.11 pop=4899
  mpx-135 diag: trials=141600000 micro=6854 pop_spec=21.11 spec_max=32 q_mean=0.545 q_max=1.000 q_above_half=2408 marked=0.228 mark_density=0.874 exp_mean=10431.9 addr_spec=3.004 addr_random=1.095 addr_full=0.0563 correct=241
  mpx-135 traj: trials=141660000 wall=580742s knowledge=0.4854 reliable=253 spec=8.11 pop=4979
  mpx-135 diag: trials=141660000 micro=6961 pop_spec=20.93 spec_max=32 q_mean=0.548 q_max=1.000 q_above_half=2489 marked=0.227 mark_density=0.875 exp_mean=10271.3 addr_spec=2.977 addr_random=1.085 addr_full=0.0558 correct=241
  mpx-135 traj: trials=141720000 wall=580788s knowledge=0.4859 reliable=257 spec=8.12 pop=4944
  mpx-135 diag: trials=141720000 micro=6907 pop_spec=21.05 spec_max=32 q_mean=0.545 q_max=1.000 q_above_half=2409 marked=0.224 mark_density=0.874 exp_mean=10351.1 addr_spec=2.929 addr_random=1.091 addr_full=0.0552 correct=241
  mpx-135 traj: trials=141780000 wall=580823s knowledge=0.4857 reliable=254 spec=8.12 pop=4784
  mpx-135 diag: trials=141780000 micro=6754 pop_spec=21.34 spec_max=32 q_mean=0.547 q_max=1.000 q_above_half=2376 marked=0.217 mark_density=0.869 exp_mean=10704.6 addr_spec=3.068 addr_random=1.106 addr_full=0.0569 correct=241
  mpx-135 traj: trials=141840000 wall=580933s knowledge=0.4858 reliable=255 spec=8.13 pop=4953
  mpx-135 diag: trials=141840000 micro=6905 pop_spec=21.12 spec_max=32 q_mean=0.546 q_max=1.000 q_above_half=2439 marked=0.216 mark_density=0.870 exp_mean=10346.4 addr_spec=2.966 addr_random=1.095 addr_full=0.0547 correct=241
  mpx-135 traj: trials=141900000 wall=581077s knowledge=0.4851 reliable=255 spec=8.13 pop=5246
  mpx-135 diag: trials=141900000 micro=7182 pop_spec=20.56 spec_max=32 q_mean=0.545 q_max=1.000 q_above_half=2617 marked=0.222 mark_density=0.876 exp_mean=9775.0 addr_spec=2.827 addr_random=1.066 addr_full=0.0515 correct=240
  mpx-135 traj: trials=141960000 wall=581144s knowledge=0.4856 reliable=257 spec=8.14 pop=5121
  mpx-135 diag: trials=141960000 micro=7109 pop_spec=20.89 spec_max=32 q_mean=0.546 q_max=1.000 q_above_half=2539 marked=0.208 mark_density=0.869 exp_mean=10020.3 addr_spec=2.897 addr_random=1.083 addr_full=0.0525 correct=240
  mpx-135 traj: trials=142020000 wall=581301s knowledge=0.4850 reliable=254 spec=8.12 pop=5154
  mpx-135 diag: trials=142020000 micro=7127 pop_spec=20.79 spec_max=32 q_mean=0.544 q_max=1.000 q_above_half=2486 marked=0.214 mark_density=0.872 exp_mean=9962.9 addr_spec=2.863 addr_random=1.078 addr_full=0.0522 correct=240
  mpx-135 traj: trials=142080000 wall=581356s knowledge=0.4846 reliable=253 spec=8.13 pop=4953
  mpx-135 diag: trials=142080000 micro=6928 pop_spec=21.08 spec_max=32 q_mean=0.548 q_max=1.000 q_above_half=2507 marked=0.214 mark_density=0.868 exp_mean=10374.1 addr_spec=2.969 addr_random=1.093 addr_full=0.0543 correct=240
  mpx-135 traj: trials=142140000 wall=581442s knowledge=0.4846 reliable=253 spec=8.14 pop=5066
  mpx-135 diag: trials=142140000 micro=7032 pop_spec=20.96 spec_max=32 q_mean=0.548 q_max=1.000 q_above_half=2528 marked=0.204 mark_density=0.867 exp_mean=10149.6 addr_spec=2.883 addr_random=1.087 addr_full=0.0519 correct=240
  mpx-135 traj: trials=142200000 wall=581505s knowledge=0.4848 reliable=254 spec=8.12 pop=5043
  mpx-135 diag: trials=142200000 micro=6996 pop_spec=20.95 spec_max=32 q_mean=0.548 q_max=1.000 q_above_half=2508 marked=0.214 mark_density=0.870 exp_mean=10202.9 addr_spec=2.976 addr_random=1.086 addr_full=0.0551 correct=240
  mpx-135 traj: trials=142260000 wall=581553s knowledge=0.4847 reliable=253 spec=8.11 pop=4883
  mpx-135 diag: trials=142260000 micro=6854 pop_spec=21.05 spec_max=32 q_mean=0.548 q_max=1.000 q_above_half=2447 marked=0.227 mark_density=0.874 exp_mean=10544.4 addr_spec=3.059 addr_random=1.092 addr_full=0.0547 correct=240
  mpx-135 traj: trials=142320000 wall=581650s knowledge=0.4848 reliable=254 spec=8.14 pop=5004
  mpx-135 diag: trials=142320000 micro=7018 pop_spec=20.97 spec_max=32 q_mean=0.547 q_max=1.000 q_above_half=2464 marked=0.208 mark_density=0.868 exp_mean=10296.4 addr_spec=2.966 addr_random=1.087 addr_full=0.0544 correct=240
  mpx-135 traj: trials=142380000 wall=581688s knowledge=0.4847 reliable=258 spec=8.17 pop=5077
  mpx-135 diag: trials=142380000 micro=7091 pop_spec=20.51 spec_max=32 q_mean=0.547 q_max=1.000 q_above_half=2539 marked=0.238 mark_density=0.881 exp_mean=10155.4 addr_spec=3.018 addr_random=1.063 addr_full=0.0548 correct=240
  mpx-135 traj: trials=142440000 wall=581767s knowledge=0.4858 reliable=261 spec=8.19 pop=5271
  mpx-135 diag: trials=142440000 micro=7268 pop_spec=20.59 spec_max=32 q_mean=0.547 q_max=1.000 q_above_half=2612 marked=0.208 mark_density=0.870 exp_mean=9788.3 addr_spec=2.855 addr_random=1.068 addr_full=0.0514 correct=241
  mpx-135 traj: trials=142500000 wall=581804s knowledge=0.4858 reliable=259 spec=8.15 pop=4898
  mpx-135 diag: trials=142500000 micro=6892 pop_spec=21.17 spec_max=32 q_mean=0.549 q_max=1.000 q_above_half=2451 marked=0.224 mark_density=0.872 exp_mean=10540.7 addr_spec=3.000 addr_random=1.098 addr_full=0.0553 correct=241
  mpx-135 traj: trials=142560000 wall=581842s knowledge=0.4847 reliable=259 spec=8.19 pop=4947
  mpx-135 diag: trials=142560000 micro=6921 pop_spec=20.82 spec_max=32 q_mean=0.546 q_max=1.000 q_above_half=2431 marked=0.244 mark_density=0.881 exp_mean=10443.4 addr_spec=2.949 addr_random=1.080 addr_full=0.0536 correct=240
  mpx-135 traj: trials=142620000 wall=581932s knowledge=0.4847 reliable=257 spec=8.17 pop=5241
  mpx-135 diag: trials=142620000 micro=7209 pop_spec=20.48 spec_max=32 q_mean=0.548 q_max=1.000 q_above_half=2621 marked=0.218 mark_density=0.874 exp_mean=9864.2 addr_spec=2.860 addr_random=1.062 addr_full=0.0508 correct=240
  mpx-135 traj: trials=142680000 wall=581975s knowledge=0.4846 reliable=258 spec=8.18 pop=5026
  mpx-135 diag: trials=142680000 micro=7005 pop_spec=20.87 spec_max=32 q_mean=0.551 q_max=1.000 q_above_half=2540 marked=0.216 mark_density=0.870 exp_mean=10293.0 addr_spec=3.036 addr_random=1.082 addr_full=0.0541 correct=240
  mpx-135 traj: trials=142740000 wall=582074s knowledge=0.4847 reliable=259 spec=8.15 pop=5306
  mpx-135 diag: trials=142740000 micro=7285 pop_spec=20.44 spec_max=32 q_mean=0.549 q_max=1.000 q_above_half=2701 marked=0.213 mark_density=0.873 exp_mean=9756.6 addr_spec=2.903 addr_random=1.060 addr_full=0.0501 correct=240
  mpx-135 traj: trials=142800000 wall=582150s knowledge=0.4848 reliable=257 spec=8.14 pop=5029
  mpx-135 diag: trials=142800000 micro=7015 pop_spec=20.90 spec_max=32 q_mean=0.553 q_max=1.000 q_above_half=2615 marked=0.224 mark_density=0.873 exp_mean=10300.8 addr_spec=3.064 addr_random=1.083 addr_full=0.0551 correct=240
  mpx-135 traj: trials=142860000 wall=582227s knowledge=0.4847 reliable=254 spec=8.11 pop=5106
  mpx-135 diag: trials=142860000 micro=7061 pop_spec=20.76 spec_max=32 q_mean=0.553 q_max=1.000 q_above_half=2641 marked=0.221 mark_density=0.872 exp_mean=10152.3 addr_spec=2.953 addr_random=1.077 addr_full=0.0517 correct=240
  mpx-135 traj: trials=142920000 wall=582274s knowledge=0.4862 reliable=258 spec=8.14 pop=5178
  mpx-135 diag: trials=142920000 micro=7144 pop_spec=20.67 spec_max=32 q_mean=0.554 q_max=1.000 q_above_half=2627 marked=0.211 mark_density=0.871 exp_mean=10018.0 addr_spec=2.975 addr_random=1.072 addr_full=0.0531 correct=241
  mpx-135 traj: trials=142980000 wall=582308s knowledge=0.4862 reliable=259 spec=8.14 pop=4928
  mpx-135 diag: trials=142980000 micro=6910 pop_spec=21.00 spec_max=32 q_mean=0.554 q_max=1.000 q_above_half=2544 marked=0.221 mark_density=0.871 exp_mean=10533.3 addr_spec=3.048 addr_random=1.089 addr_full=0.0552 correct=241
  mpx-135 traj: trials=143040000 wall=582347s knowledge=0.4858 reliable=259 spec=8.17 pop=4901
  mpx-135 diag: trials=143040000 micro=6869 pop_spec=21.12 spec_max=32 q_mean=0.555 q_max=1.000 q_above_half=2551 marked=0.219 mark_density=0.870 exp_mean=10598.4 addr_spec=3.078 addr_random=1.095 addr_full=0.0539 correct=241
  mpx-135 traj: trials=143100000 wall=582419s knowledge=0.4854 reliable=257 spec=8.14 pop=5307
  mpx-135 diag: trials=143100000 micro=7238 pop_spec=20.27 spec_max=32 q_mean=0.550 q_max=1.000 q_above_half=2659 marked=0.222 mark_density=0.875 exp_mean=9794.4 addr_spec=2.885 addr_random=1.051 addr_full=0.0513 correct=241
  mpx-135 traj: trials=143160000 wall=582487s knowledge=0.4858 reliable=260 spec=8.15 pop=5201
  mpx-135 diag: trials=143160000 micro=7147 pop_spec=20.49 spec_max=32 q_mean=0.551 q_max=1.000 q_above_half=2638 marked=0.239 mark_density=0.880 exp_mean=10000.8 addr_spec=2.919 addr_random=1.062 addr_full=0.0511 correct=241
  mpx-135 traj: trials=143220000 wall=582544s knowledge=0.4849 reliable=255 spec=8.13 pop=5057
  mpx-135 diag: trials=143220000 micro=7032 pop_spec=20.82 spec_max=32 q_mean=0.553 q_max=1.000 q_above_half=2633 marked=0.210 mark_density=0.868 exp_mean=10292.1 addr_spec=2.997 addr_random=1.080 addr_full=0.0542 correct=240
  mpx-135 traj: trials=143280000 wall=582601s knowledge=0.4846 reliable=255 spec=8.14 pop=4973
  mpx-135 diag: trials=143280000 micro=6937 pop_spec=21.05 spec_max=32 q_mean=0.551 q_max=1.000 q_above_half=2550 marked=0.213 mark_density=0.866 exp_mean=10472.8 addr_spec=3.059 addr_random=1.092 addr_full=0.0553 correct=240
  mpx-135 traj: trials=143340000 wall=582705s knowledge=0.4846 reliable=254 spec=8.12 pop=5526
  mpx-135 diag: trials=143340000 micro=7498 pop_spec=20.13 spec_max=32 q_mean=0.547 q_max=1.000 q_above_half=2727 marked=0.202 mark_density=0.870 exp_mean=9431.2 addr_spec=2.768 addr_random=1.044 addr_full=0.0496 correct=240
  mpx-135 traj: trials=143400000 wall=582749s knowledge=0.4846 reliable=254 spec=8.12 pop=5152
  mpx-135 diag: trials=143400000 micro=7115 pop_spec=20.64 spec_max=32 q_mean=0.549 q_max=1.000 q_above_half=2552 marked=0.226 mark_density=0.875 exp_mean=10122.6 addr_spec=2.914 addr_random=1.070 addr_full=0.0516 correct=240
  mpx-135 traj: trials=143460000 wall=582842s knowledge=0.4846 reliable=254 spec=8.11 pop=5555
  mpx-135 diag: trials=143460000 micro=7546 pop_spec=20.04 spec_max=32 q_mean=0.546 q_max=1.000 q_above_half=2734 marked=0.218 mark_density=0.877 exp_mean=9394.6 addr_spec=2.778 addr_random=1.039 addr_full=0.0477 correct=240
  mpx-135 traj: trials=143520000 wall=582897s knowledge=0.4851 reliable=257 spec=8.14 pop=5284
  mpx-135 diag: trials=143520000 micro=7236 pop_spec=20.41 spec_max=32 q_mean=0.552 q_max=1.000 q_above_half=2680 marked=0.230 mark_density=0.877 exp_mean=9883.0 addr_spec=2.953 addr_random=1.058 addr_full=0.0519 correct=240
  mpx-135 traj: trials=143580000 wall=582967s knowledge=0.4851 reliable=256 spec=8.14 pop=5070
  mpx-135 diag: trials=143580000 micro=7023 pop_spec=20.88 spec_max=32 q_mean=0.552 q_max=1.000 q_above_half=2594 marked=0.215 mark_density=0.868 exp_mean=10306.9 addr_spec=3.033 addr_random=1.083 addr_full=0.0533 correct=240
  mpx-135 traj: trials=143640000 wall=583008s knowledge=0.4856 reliable=256 spec=8.14 pop=5010
  mpx-135 diag: trials=143640000 micro=6986 pop_spec=20.96 spec_max=32 q_mean=0.553 q_max=1.000 q_above_half=2609 marked=0.215 mark_density=0.868 exp_mean=10437.3 addr_spec=3.009 addr_random=1.087 addr_full=0.0549 correct=240
  mpx-135 traj: trials=143700000 wall=583059s knowledge=0.4865 reliable=259 spec=8.16 pop=5049
  mpx-135 diag: trials=143700000 micro=7002 pop_spec=20.79 spec_max=32 q_mean=0.555 q_max=1.000 q_above_half=2604 marked=0.228 mark_density=0.873 exp_mean=10363.7 addr_spec=3.071 addr_random=1.078 addr_full=0.0551 correct=241
  mpx-135 traj: trials=143760000 wall=583137s knowledge=0.4855 reliable=259 spec=8.20 pop=5094
  mpx-135 diag: trials=143760000 micro=7063 pop_spec=20.86 spec_max=32 q_mean=0.552 q_max=1.000 q_above_half=2611 marked=0.223 mark_density=0.872 exp_mean=10279.0 addr_spec=3.007 addr_random=1.082 addr_full=0.0544 correct=240
  mpx-135 traj: trials=143820000 wall=583272s knowledge=0.4859 reliable=260 spec=8.22 pop=5431
  mpx-135 diag: trials=143820000 micro=7398 pop_spec=20.24 spec_max=32 q_mean=0.551 q_max=1.000 q_above_half=2739 marked=0.217 mark_density=0.873 exp_mean=9647.8 addr_spec=2.908 addr_random=1.049 addr_full=0.0514 correct=240
  mpx-135 traj: trials=143880000 wall=583309s knowledge=0.4859 reliable=264 spec=8.24 pop=4913
  mpx-135 diag: trials=143880000 micro=6833 pop_spec=21.12 spec_max=32 q_mean=0.555 q_max=1.000 q_above_half=2578 marked=0.220 mark_density=0.869 exp_mean=10672.0 addr_spec=3.069 addr_random=1.095 addr_full=0.0568 correct=240
  mpx-135 traj: trials=143940000 wall=583350s knowledge=0.4859 reliable=269 spec=8.32 pop=5096
  mpx-135 diag: trials=143940000 micro=7046 pop_spec=20.67 spec_max=32 q_mean=0.551 q_max=1.000 q_above_half=2554 marked=0.229 mark_density=0.875 exp_mean=10295.7 addr_spec=3.027 addr_random=1.072 addr_full=0.0551 correct=240
  mpx-135 traj: trials=144000000 wall=583484s knowledge=0.4857 reliable=268 spec=8.31 pop=5472
  mpx-135 diag: trials=144000000 micro=7443 pop_spec=20.14 spec_max=32 q_mean=0.550 q_max=1.000 q_above_half=2759 marked=0.223 mark_density=0.877 exp_mean=9594.9 addr_spec=2.876 addr_random=1.044 addr_full=0.0519 correct=240
  mpx-135 traj: trials=144060000 wall=583675s knowledge=0.4857 reliable=265 spec=8.28 pop=6441
  mpx-135 diag: trials=144060000 micro=8358 pop_spec=19.07 spec_max=32 q_mean=0.544 q_max=1.000 q_above_half=2771 marked=0.196 mark_density=0.879 exp_mean=8156.9 addr_spec=2.542 addr_random=0.989 addr_full=0.0449 correct=240
  mpx-135 traj: trials=144120000 wall=583730s knowledge=0.4857 reliable=268 spec=8.27 pop=5190
  mpx-135 diag: trials=144120000 micro=7125 pop_spec=20.66 spec_max=32 q_mean=0.552 q_max=1.000 q_above_half=2726 marked=0.219 mark_density=0.870 exp_mean=10129.5 addr_spec=2.947 addr_random=1.071 addr_full=0.0547 correct=240
  mpx-135 traj: trials=144180000 wall=583768s knowledge=0.4852 reliable=261 spec=8.25 pop=4949
  mpx-135 diag: trials=144180000 micro=6932 pop_spec=20.96 spec_max=32 q_mean=0.551 q_max=1.000 q_above_half=2500 marked=0.231 mark_density=0.875 exp_mean=10629.3 addr_spec=3.051 addr_random=1.087 addr_full=0.0554 correct=240
  mpx-135 traj: trials=144240000 wall=583804s knowledge=0.4858 reliable=263 spec=8.27 pop=4934
  mpx-135 diag: trials=144240000 micro=6906 pop_spec=20.91 spec_max=32 q_mean=0.550 q_max=1.000 q_above_half=2483 marked=0.228 mark_density=0.874 exp_mean=10668.7 addr_spec=3.072 addr_random=1.084 addr_full=0.0570 correct=240
  mpx-135 traj: trials=144300000 wall=583900s knowledge=0.4852 reliable=262 spec=8.23 pop=5127
  mpx-135 diag: trials=144300000 micro=7121 pop_spec=20.70 spec_max=32 q_mean=0.550 q_max=1.000 q_above_half=2562 marked=0.210 mark_density=0.869 exp_mean=10274.0 addr_spec=2.957 addr_random=1.073 addr_full=0.0550 correct=240
  mpx-135 traj: trials=144360000 wall=583947s knowledge=0.4852 reliable=261 spec=8.23 pop=4979
  mpx-135 diag: trials=144360000 micro=6987 pop_spec=20.98 spec_max=32 q_mean=0.549 q_max=1.000 q_above_half=2470 marked=0.219 mark_density=0.870 exp_mean=10586.3 addr_spec=3.060 addr_random=1.088 addr_full=0.0572 correct=240
  mpx-135 traj: trials=144420000 wall=583994s knowledge=0.4854 reliable=268 spec=8.33 pop=5149
  mpx-135 diag: trials=144420000 micro=7140 pop_spec=20.62 spec_max=32 q_mean=0.553 q_max=1.000 q_above_half=2563 marked=0.203 mark_density=0.868 exp_mean=10243.7 addr_spec=2.931 addr_random=1.069 addr_full=0.0538 correct=240
  mpx-135 traj: trials=144480000 wall=584079s knowledge=0.4856 reliable=266 spec=8.30 pop=4916
  mpx-135 diag: trials=144480000 micro=6901 pop_spec=21.11 spec_max=32 q_mean=0.552 q_max=1.000 q_above_half=2508 marked=0.218 mark_density=0.868 exp_mean=10736.3 addr_spec=3.080 addr_random=1.095 addr_full=0.0572 correct=240
  mpx-135 traj: trials=144540000 wall=584126s knowledge=0.4852 reliable=265 spec=8.32 pop=6543
  mpx-135 diag: trials=144540000 micro=8573 pop_spec=17.16 spec_max=32 q_mean=0.542 q_max=1.000 q_above_half=3248 marked=0.297 mark_density=0.912 exp_mean=8072.7 addr_spec=2.456 addr_random=0.890 addr_full=0.0419 correct=240
  mpx-135 traj: trials=144600000 wall=584219s knowledge=0.4861 reliable=267 spec=8.33 pop=5205
  mpx-135 diag: trials=144600000 micro=7194 pop_spec=20.51 spec_max=32 q_mean=0.545 q_max=1.000 q_above_half=2536 marked=0.236 mark_density=0.879 exp_mean=10153.7 addr_spec=2.936 addr_random=1.063 addr_full=0.0524 correct=240
  mpx-135 traj: trials=144660000 wall=584255s knowledge=0.4861 reliable=269 spec=8.35 pop=4950
  mpx-135 diag: trials=144660000 micro=6891 pop_spec=20.95 spec_max=32 q_mean=0.551 q_max=1.000 q_above_half=2520 marked=0.222 mark_density=0.872 exp_mean=10683.7 addr_spec=3.058 addr_random=1.086 addr_full=0.0570 correct=240
  mpx-135 traj: trials=144720000 wall=584298s knowledge=0.4857 reliable=268 spec=8.34 pop=4976
  mpx-135 diag: trials=144720000 micro=6953 pop_spec=20.95 spec_max=32 q_mean=0.551 q_max=1.000 q_above_half=2524 marked=0.227 mark_density=0.873 exp_mean=10634.8 addr_spec=3.021 addr_random=1.086 addr_full=0.0553 correct=240
  mpx-135 traj: trials=144780000 wall=584532s knowledge=0.4864 reliable=271 spec=8.37 pop=5841
  mpx-135 diag: trials=144780000 micro=7797 pop_spec=19.69 spec_max=32 q_mean=0.543 q_max=1.000 q_above_half=2578 marked=0.200 mark_density=0.876 exp_mean=9066.1 addr_spec=2.685 addr_random=1.021 addr_full=0.0493 correct=240
  mpx-135 traj: trials=144840000 wall=584570s knowledge=0.4872 reliable=272 spec=8.37 pop=5058
  mpx-135 diag: trials=144840000 micro=7087 pop_spec=20.81 spec_max=32 q_mean=0.551 q_max=1.000 q_above_half=2592 marked=0.221 mark_density=0.872 exp_mean=10476.4 addr_spec=2.991 addr_random=1.079 addr_full=0.0563 correct=241
  mpx-135 traj: trials=144900000 wall=584642s knowledge=0.4861 reliable=271 spec=8.38 pop=5176
  mpx-135 diag: trials=144900000 micro=7226 pop_spec=20.60 spec_max=32 q_mean=0.550 q_max=1.000 q_above_half=2646 marked=0.225 mark_density=0.873 exp_mean=10244.3 addr_spec=2.962 addr_random=1.068 addr_full=0.0564 correct=240
  mpx-135 traj: trials=144960000 wall=584680s knowledge=0.4859 reliable=271 spec=8.37 pop=5063
  mpx-135 diag: trials=144960000 micro=7002 pop_spec=20.66 spec_max=32 q_mean=0.552 q_max=1.000 q_above_half=2622 marked=0.225 mark_density=0.875 exp_mean=10479.8 addr_spec=2.974 addr_random=1.071 addr_full=0.0579 correct=240
  mpx-135 traj: trials=145020000 wall=584761s knowledge=0.4858 reliable=268 spec=8.35 pop=4980
  mpx-135 diag: trials=145020000 micro=6978 pop_spec=20.94 spec_max=32 q_mean=0.550 q_max=1.000 q_above_half=2551 marked=0.221 mark_density=0.871 exp_mean=10661.5 addr_spec=3.000 addr_random=1.086 addr_full=0.0570 correct=240
  mpx-135 traj: trials=145080000 wall=584795s knowledge=0.4853 reliable=265 spec=8.33 pop=4820
  mpx-135 diag: trials=145080000 micro=6775 pop_spec=21.14 spec_max=32 q_mean=0.551 q_max=1.000 q_above_half=2443 marked=0.233 mark_density=0.873 exp_mean=11022.5 addr_spec=3.061 addr_random=1.096 addr_full=0.0564 correct=240
  mpx-135 traj: trials=145140000 wall=584904s knowledge=0.4853 reliable=263 spec=8.28 pop=5444
  mpx-135 diag: trials=145140000 micro=7400 pop_spec=20.04 spec_max=32 q_mean=0.549 q_max=1.000 q_above_half=2648 marked=0.217 mark_density=0.877 exp_mean=9765.6 addr_spec=2.870 addr_random=1.039 addr_full=0.0524 correct=240
  mpx-135 traj: trials=145200000 wall=584991s knowledge=0.4852 reliable=263 spec=8.27 pop=5317
  mpx-135 diag: trials=145200000 micro=7301 pop_spec=20.44 spec_max=32 q_mean=0.548 q_max=1.000 q_above_half=2661 marked=0.211 mark_density=0.872 exp_mean=10005.4 addr_spec=2.928 addr_random=1.060 addr_full=0.0515 correct=240
  mpx-135 traj: trials=145260000 wall=585144s knowledge=0.4853 reliable=266 spec=8.30 pop=5746
  mpx-135 diag: trials=145260000 micro=7724 pop_spec=19.92 spec_max=32 q_mean=0.546 q_max=1.000 q_above_half=2783 marked=0.200 mark_density=0.871 exp_mean=9264.6 addr_spec=2.767 addr_random=1.033 addr_full=0.0475 correct=240
  mpx-135 traj: trials=145320000 wall=585194s knowledge=0.4859 reliable=266 spec=8.30 pop=5378
  mpx-135 diag: trials=145320000 micro=7346 pop_spec=20.13 spec_max=32 q_mean=0.553 q_max=1.000 q_above_half=2786 marked=0.225 mark_density=0.876 exp_mean=9904.9 addr_spec=2.877 addr_random=1.044 addr_full=0.0521 correct=241
  mpx-135 traj: trials=145380000 wall=585228s knowledge=0.4872 reliable=266 spec=8.27 pop=5015
  mpx-135 diag: trials=145380000 micro=7018 pop_spec=20.70 spec_max=32 q_mean=0.555 q_max=1.000 q_above_half=2644 marked=0.241 mark_density=0.877 exp_mean=10628.8 addr_spec=3.120 addr_random=1.074 addr_full=0.0568 correct=241
  mpx-135 traj: trials=145440000 wall=585350s knowledge=0.4866 reliable=263 spec=8.26 pop=5503
  mpx-135 diag: trials=145440000 micro=7459 pop_spec=20.06 spec_max=32 q_mean=0.552 q_max=1.000 q_above_half=2882 marked=0.225 mark_density=0.876 exp_mean=9692.7 addr_spec=2.886 addr_random=1.040 addr_full=0.0516 correct=241
  mpx-135 traj: trials=145500000 wall=585391s knowledge=0.4858 reliable=263 spec=8.28 pop=5099
  mpx-135 diag: trials=145500000 micro=7116 pop_spec=20.63 spec_max=32 q_mean=0.554 q_max=1.000 q_above_half=2649 marked=0.228 mark_density=0.874 exp_mean=10467.4 addr_spec=3.129 addr_random=1.070 addr_full=0.0551 correct=240
  mpx-135 traj: trials=145560000 wall=585535s knowledge=0.4862 reliable=267 spec=8.30 pop=5372
  mpx-135 diag: trials=145560000 micro=7391 pop_spec=20.43 spec_max=32 q_mean=0.553 q_max=1.000 q_above_half=2725 marked=0.211 mark_density=0.870 exp_mean=9942.0 addr_spec=2.927 addr_random=1.059 addr_full=0.0519 correct=240
  mpx-135 traj: trials=145620000 wall=585571s knowledge=0.4859 reliable=266 spec=8.30 pop=4931
  mpx-135 diag: trials=145620000 micro=6935 pop_spec=21.02 spec_max=32 q_mean=0.554 q_max=1.000 q_above_half=2532 marked=0.223 mark_density=0.870 exp_mean=10838.1 addr_spec=3.085 addr_random=1.090 addr_full=0.0546 correct=240
  mpx-135 traj: trials=145680000 wall=585638s knowledge=0.4852 reliable=262 spec=8.22 pop=5318
  mpx-135 diag: trials=145680000 micro=7312 pop_spec=20.37 spec_max=32 q_mean=0.550 q_max=1.000 q_above_half=2587 marked=0.216 mark_density=0.874 exp_mean=10055.9 addr_spec=2.886 addr_random=1.056 addr_full=0.0513 correct=240
  mpx-135 traj: trials=145740000 wall=585674s knowledge=0.4851 reliable=259 spec=8.20 pop=4983
  mpx-135 diag: trials=145740000 micro=6957 pop_spec=20.79 spec_max=32 q_mean=0.551 q_max=1.000 q_above_half=2501 marked=0.228 mark_density=0.874 exp_mean=10738.8 addr_spec=3.059 addr_random=1.078 addr_full=0.0550 correct=240
  mpx-135 traj: trials=145800000 wall=585716s knowledge=0.4851 reliable=260 spec=8.24 pop=5048
  mpx-135 diag: trials=145800000 micro=7042 pop_spec=20.68 spec_max=32 q_mean=0.553 q_max=1.000 q_above_half=2609 marked=0.224 mark_density=0.874 exp_mean=10607.5 addr_spec=3.054 addr_random=1.072 addr_full=0.0539 correct=240
  mpx-135 traj: trials=145860000 wall=585800s knowledge=0.4854 reliable=269 spec=8.36 pop=5656
  mpx-135 diag: trials=145860000 micro=7628 pop_spec=19.94 spec_max=32 q_mean=0.548 q_max=1.000 q_above_half=2651 marked=0.199 mark_density=0.871 exp_mean=9473.5 addr_spec=2.795 addr_random=1.034 addr_full=0.0492 correct=240
  mpx-135 traj: trials=145920000 wall=585851s knowledge=0.4854 reliable=265 spec=8.32 pop=5069
  mpx-135 diag: trials=145920000 micro=7032 pop_spec=20.75 spec_max=32 q_mean=0.551 q_max=1.000 q_above_half=2615 marked=0.225 mark_density=0.873 exp_mean=10577.4 addr_spec=3.008 addr_random=1.076 addr_full=0.0544 correct=240
  mpx-135 traj: trials=145980000 wall=586005s knowledge=0.4854 reliable=265 spec=8.32 pop=5355
  mpx-135 diag: trials=145980000 micro=7338 pop_spec=20.37 spec_max=32 q_mean=0.550 q_max=1.000 q_above_half=2749 marked=0.206 mark_density=0.868 exp_mean=10019.0 addr_spec=2.880 addr_random=1.056 addr_full=0.0517 correct=240
  mpx-135 traj: trials=146040000 wall=586074s knowledge=0.4854 reliable=265 spec=8.31 pop=4914
  mpx-135 diag: trials=146040000 micro=6853 pop_spec=21.03 spec_max=32 q_mean=0.551 q_max=1.000 q_above_half=2535 marked=0.227 mark_density=0.872 exp_mean=10925.1 addr_spec=3.042 addr_random=1.090 addr_full=0.0562 correct=240
  mpx-135 traj: trials=146100000 wall=586110s knowledge=0.4850 reliable=265 spec=8.31 pop=4747
  mpx-135 diag: trials=146100000 micro=6729 pop_spec=21.30 spec_max=32 q_mean=0.553 q_max=1.000 q_above_half=2440 marked=0.225 mark_density=0.870 exp_mean=11316.5 addr_spec=3.110 addr_random=1.104 addr_full=0.0579 correct=240
  mpx-135 traj: trials=146160000 wall=586154s knowledge=0.4850 reliable=263 spec=8.30 pop=4838
  mpx-135 diag: trials=146160000 micro=6797 pop_spec=21.06 spec_max=32 q_mean=0.553 q_max=1.000 q_above_half=2490 marked=0.224 mark_density=0.870 exp_mean=11111.0 addr_spec=3.040 addr_random=1.092 addr_full=0.0562 correct=240
  mpx-135 traj: trials=146220000 wall=586201s knowledge=0.4852 reliable=265 spec=8.33 pop=4992
  mpx-135 diag: trials=146220000 micro=6951 pop_spec=20.83 spec_max=32 q_mean=0.552 q_max=1.000 q_above_half=2541 marked=0.217 mark_density=0.868 exp_mean=10775.2 addr_spec=3.036 addr_random=1.080 addr_full=0.0555 correct=240
  mpx-135 traj: trials=146280000 wall=586242s knowledge=0.4851 reliable=265 spec=8.34 pop=4940
  mpx-135 diag: trials=146280000 micro=6905 pop_spec=20.97 spec_max=32 q_mean=0.553 q_max=1.000 q_above_half=2523 marked=0.216 mark_density=0.868 exp_mean=10895.7 addr_spec=3.035 addr_random=1.087 addr_full=0.0551 correct=240
  mpx-135 traj: trials=146340000 wall=586288s knowledge=0.4851 reliable=261 spec=8.27 pop=5091
  mpx-135 diag: trials=146340000 micro=7044 pop_spec=20.42 spec_max=32 q_mean=0.551 q_max=1.000 q_above_half=2621 marked=0.244 mark_density=0.880 exp_mean=10579.6 addr_spec=2.989 addr_random=1.059 addr_full=0.0540 correct=240
  mpx-135 traj: trials=146400000 wall=586330s knowledge=0.4856 reliable=265 spec=8.25 pop=4941
  mpx-135 diag: trials=146400000 micro=6905 pop_spec=20.74 spec_max=32 q_mean=0.553 q_max=1.000 q_above_half=2531 marked=0.230 mark_density=0.875 exp_mean=10907.8 addr_spec=2.940 addr_random=1.076 addr_full=0.0553 correct=240
  mpx-135 traj: trials=146460000 wall=586392s knowledge=0.4857 reliable=269 spec=8.33 pop=5260
  mpx-135 diag: trials=146460000 micro=7241 pop_spec=19.94 spec_max=32 q_mean=0.548 q_max=1.000 q_above_half=2700 marked=0.228 mark_density=0.879 exp_mean=10253.2 addr_spec=2.849 addr_random=1.034 addr_full=0.0521 correct=240
  mpx-135 traj: trials=146520000 wall=586511s knowledge=0.4853 reliable=266 spec=8.31 pop=5018
  mpx-135 diag: trials=146520000 micro=6999 pop_spec=20.79 spec_max=32 q_mean=0.552 q_max=1.000 q_above_half=2605 marked=0.232 mark_density=0.874 exp_mean=10754.4 addr_spec=2.966 addr_random=1.078 addr_full=0.0544 correct=240
  mpx-135 traj: trials=146580000 wall=586573s knowledge=0.4853 reliable=265 spec=8.32 pop=5091
  mpx-135 diag: trials=146580000 micro=7039 pop_spec=20.57 spec_max=32 q_mean=0.550 q_max=1.000 q_above_half=2582 marked=0.225 mark_density=0.874 exp_mean=10607.0 addr_spec=2.917 addr_random=1.067 addr_full=0.0534 correct=240
  mpx-135 traj: trials=146640000 wall=586715s knowledge=0.4855 reliable=264 spec=8.30 pop=5185
  mpx-135 diag: trials=146640000 micro=7164 pop_spec=20.61 spec_max=32 q_mean=0.549 q_max=1.000 q_above_half=2586 marked=0.213 mark_density=0.870 exp_mean=10421.5 addr_spec=2.950 addr_random=1.069 addr_full=0.0536 correct=240
  mpx-135 traj: trials=146700000 wall=586849s knowledge=0.4853 reliable=263 spec=8.29 pop=5664
  mpx-135 diag: trials=146700000 micro=7594 pop_spec=19.90 spec_max=32 q_mean=0.545 q_max=1.000 q_above_half=2649 marked=0.201 mark_density=0.872 exp_mean=9546.5 addr_spec=2.691 addr_random=1.032 addr_full=0.0501 correct=240
  mpx-135 traj: trials=146760000 wall=586897s knowledge=0.4858 reliable=264 spec=8.28 pop=4998
  mpx-135 diag: trials=146760000 micro=6969 pop_spec=20.80 spec_max=32 q_mean=0.551 q_max=1.000 q_above_half=2533 marked=0.227 mark_density=0.873 exp_mean=10825.5 addr_spec=3.023 addr_random=1.078 addr_full=0.0552 correct=240
  mpx-135 traj: trials=146820000 wall=586972s knowledge=0.4856 reliable=265 spec=8.31 pop=5180
  mpx-135 diag: trials=146820000 micro=7216 pop_spec=20.55 spec_max=32 q_mean=0.550 q_max=1.000 q_above_half=2616 marked=0.227 mark_density=0.874 exp_mean=10451.8 addr_spec=2.989 addr_random=1.065 addr_full=0.0542 correct=240
  mpx-135 traj: trials=146880000 wall=587019s knowledge=0.4858 reliable=264 spec=8.27 pop=5046
  mpx-135 diag: trials=146880000 micro=7027 pop_spec=20.75 spec_max=32 q_mean=0.551 q_max=1.000 q_above_half=2582 marked=0.225 mark_density=0.873 exp_mean=10736.2 addr_spec=2.995 addr_random=1.076 addr_full=0.0533 correct=240
  mpx-135 traj: trials=146940000 wall=587053s knowledge=0.4858 reliable=263 spec=8.30 pop=4805
  mpx-135 diag: trials=146940000 micro=6756 pop_spec=21.12 spec_max=32 q_mean=0.557 q_max=1.000 q_above_half=2520 marked=0.220 mark_density=0.868 exp_mean=11281.7 addr_spec=3.101 addr_random=1.095 addr_full=0.0574 correct=240
  mpx-135 traj: trials=147000000 wall=587145s knowledge=0.4858 reliable=261 spec=8.27 pop=5257
  mpx-135 diag: trials=147000000 micro=7205 pop_spec=20.47 spec_max=32 q_mean=0.550 q_max=1.000 q_above_half=2617 marked=0.210 mark_density=0.870 exp_mean=10318.4 addr_spec=2.890 addr_random=1.062 addr_full=0.0544 correct=240
  mpx-135 traj: trials=147060000 wall=587199s knowledge=0.4867 reliable=262 spec=8.25 pop=4943
  mpx-135 diag: trials=147060000 micro=6947 pop_spec=20.92 spec_max=32 q_mean=0.550 q_max=1.000 q_above_half=2488 marked=0.226 mark_density=0.871 exp_mean=10980.9 addr_spec=3.015 addr_random=1.085 addr_full=0.0544 correct=241
  mpx-135 traj: trials=147120000 wall=587236s knowledge=0.4858 reliable=261 spec=8.25 pop=4843
  mpx-135 diag: trials=147120000 micro=6818 pop_spec=20.97 spec_max=32 q_mean=0.551 q_max=1.000 q_above_half=2451 marked=0.231 mark_density=0.873 exp_mean=11214.9 addr_spec=3.033 addr_random=1.087 addr_full=0.0549 correct=240
  mpx-135 traj: trials=147180000 wall=587285s knowledge=0.4864 reliable=263 spec=8.24 pop=4850
  mpx-135 diag: trials=147180000 micro=6824 pop_spec=20.95 spec_max=32 q_mean=0.553 q_max=1.000 q_above_half=2546 marked=0.234 mark_density=0.874 exp_mean=11206.0 addr_spec=3.147 addr_random=1.087 addr_full=0.0567 correct=240
  mpx-135 traj: trials=147240000 wall=587331s knowledge=0.4862 reliable=261 spec=8.22 pop=4842
  mpx-135 diag: trials=147240000 micro=6814 pop_spec=21.10 spec_max=32 q_mean=0.550 q_max=1.000 q_above_half=2423 marked=0.231 mark_density=0.873 exp_mean=11231.5 addr_spec=3.066 addr_random=1.094 addr_full=0.0570 correct=240
  mpx-135 traj: trials=147300000 wall=587428s knowledge=0.4862 reliable=259 spec=8.18 pop=5150
  mpx-135 diag: trials=147300000 micro=7153 pop_spec=20.46 spec_max=32 q_mean=0.552 q_max=1.000 q_above_half=2630 marked=0.214 mark_density=0.871 exp_mean=10566.7 addr_spec=2.863 addr_random=1.061 addr_full=0.0522 correct=240
  mpx-135 traj: trials=147360000 wall=587517s knowledge=0.4863 reliable=260 spec=8.23 pop=5141
  mpx-135 diag: trials=147360000 micro=7114 pop_spec=20.63 spec_max=32 q_mean=0.549 q_max=1.000 q_above_half=2601 marked=0.225 mark_density=0.873 exp_mean=10592.0 addr_spec=2.955 addr_random=1.070 addr_full=0.0537 correct=240
  mpx-135 traj: trials=147420000 wall=587570s knowledge=0.4870 reliable=259 spec=8.18 pop=5044
  mpx-135 diag: trials=147420000 micro=6993 pop_spec=20.70 spec_max=32 q_mean=0.553 q_max=1.000 q_above_half=2611 marked=0.224 mark_density=0.874 exp_mean=10802.6 addr_spec=2.968 addr_random=1.073 addr_full=0.0531 correct=241
  mpx-135 traj: trials=147480000 wall=587620s knowledge=0.4871 reliable=258 spec=8.16 pop=4958
  mpx-135 diag: trials=147480000 micro=6903 pop_spec=20.82 spec_max=32 q_mean=0.553 q_max=1.000 q_above_half=2563 marked=0.228 mark_density=0.874 exp_mean=10997.0 addr_spec=3.004 addr_random=1.080 addr_full=0.0534 correct=242
  mpx-135 traj: trials=147540000 wall=587654s knowledge=0.4870 reliable=260 spec=8.18 pop=4802
  mpx-135 diag: trials=147540000 micro=6781 pop_spec=21.13 spec_max=32 q_mean=0.557 q_max=1.000 q_above_half=2546 marked=0.213 mark_density=0.865 exp_mean=11361.4 addr_spec=3.183 addr_random=1.096 addr_full=0.0566 correct=241
  mpx-135 traj: trials=147600000 wall=587752s knowledge=0.4865 reliable=257 spec=8.15 pop=5239
  mpx-135 diag: trials=147600000 micro=7200 pop_spec=20.38 spec_max=32 q_mean=0.551 q_max=1.000 q_above_half=2714 marked=0.222 mark_density=0.874 exp_mean=10420.7 addr_spec=2.961 addr_random=1.057 addr_full=0.0521 correct=241
  mpx-135 traj: trials=147660000 wall=587788s knowledge=0.4866 reliable=259 spec=8.17 pop=4898
  mpx-135 diag: trials=147660000 micro=6850 pop_spec=20.91 spec_max=32 q_mean=0.550 q_max=1.000 q_above_half=2456 marked=0.233 mark_density=0.874 exp_mean=11153.2 addr_spec=3.032 addr_random=1.084 addr_full=0.0549 correct=241
  mpx-135 traj: trials=147720000 wall=587842s knowledge=0.4867 reliable=258 spec=8.17 pop=4944
  mpx-135 diag: trials=147720000 micro=6958 pop_spec=20.83 spec_max=32 q_mean=0.553 q_max=1.000 q_above_half=2561 marked=0.231 mark_density=0.874 exp_mean=11056.5 addr_spec=3.058 addr_random=1.080 addr_full=0.0562 correct=241
  mpx-135 traj: trials=147780000 wall=587886s knowledge=0.4864 reliable=257 spec=8.16 pop=5017
  mpx-135 diag: trials=147780000 micro=7027 pop_spec=20.64 spec_max=32 q_mean=0.552 q_max=1.000 q_above_half=2605 marked=0.226 mark_density=0.874 exp_mean=10902.6 addr_spec=3.000 addr_random=1.070 addr_full=0.0562 correct=241
  mpx-135 traj: trials=147840000 wall=587975s knowledge=0.4864 reliable=256 spec=8.12 pop=5245
  mpx-135 diag: trials=147840000 micro=7253 pop_spec=20.59 spec_max=32 q_mean=0.547 q_max=1.000 q_above_half=2412 marked=0.197 mark_density=0.866 exp_mean=10435.3 addr_spec=2.872 addr_random=1.068 addr_full=0.0520 correct=241
  mpx-135 traj: trials=147900000 wall=588010s knowledge=0.4866 reliable=255 spec=8.10 pop=5015
  mpx-135 diag: trials=147900000 micro=6953 pop_spec=20.54 spec_max=32 q_mean=0.550 q_max=1.000 q_above_half=2573 marked=0.239 mark_density=0.878 exp_mean=10921.0 addr_spec=2.962 addr_random=1.065 addr_full=0.0538 correct=241
  mpx-135 traj: trials=147960000 wall=588089s knowledge=0.4864 reliable=256 spec=8.11 pop=5255
  mpx-135 diag: trials=147960000 micro=7188 pop_spec=20.34 spec_max=32 q_mean=0.550 q_max=1.000 q_above_half=2630 marked=0.212 mark_density=0.871 exp_mean=10428.9 addr_spec=2.889 addr_random=1.055 addr_full=0.0540 correct=241
  mpx-135 traj: trials=148020000 wall=588203s knowledge=0.4864 reliable=254 spec=8.09 pop=6047
  mpx-135 diag: trials=148020000 micro=7985 pop_spec=18.65 spec_max=32 q_mean=0.545 q_max=1.000 q_above_half=2918 marked=0.249 mark_density=0.894 exp_mean=9069.1 addr_spec=2.594 addr_random=0.967 addr_full=0.0466 correct=241
  mpx-135 traj: trials=148080000 wall=588317s knowledge=0.4871 reliable=259 spec=8.14 pop=5167
  mpx-135 diag: trials=148080000 micro=7155 pop_spec=20.48 spec_max=32 q_mean=0.545 q_max=1.000 q_above_half=2534 marked=0.230 mark_density=0.876 exp_mean=10620.1 addr_spec=2.934 addr_random=1.062 addr_full=0.0548 correct=241
  mpx-135 traj: trials=148140000 wall=588351s knowledge=0.4866 reliable=256 spec=8.14 pop=4753
  mpx-135 diag: trials=148140000 micro=6766 pop_spec=21.23 spec_max=32 q_mean=0.551 q_max=1.000 q_above_half=2433 marked=0.225 mark_density=0.870 exp_mean=11552.3 addr_spec=3.109 addr_random=1.101 addr_full=0.0581 correct=242
  mpx-135 traj: trials=148200000 wall=588388s knowledge=0.4864 reliable=256 spec=8.16 pop=4851
  mpx-135 diag: trials=148200000 micro=6823 pop_spec=20.91 spec_max=32 q_mean=0.554 q_max=1.000 q_above_half=2566 marked=0.233 mark_density=0.875 exp_mean=11326.3 addr_spec=3.016 addr_random=1.084 addr_full=0.0555 correct=242
  mpx-135 traj: trials=148260000 wall=588502s knowledge=0.4865 reliable=256 spec=8.16 pop=5572
  mpx-135 diag: trials=148260000 micro=7528 pop_spec=19.94 spec_max=32 q_mean=0.546 q_max=1.000 q_above_half=2539 marked=0.201 mark_density=0.873 exp_mean=9867.1 addr_spec=2.727 addr_random=1.034 addr_full=0.0494 correct=241
  mpx-135 traj: trials=148320000 wall=588574s knowledge=0.4856 reliable=256 spec=8.18 pop=5050
  mpx-135 diag: trials=148320000 micro=6958 pop_spec=20.63 spec_max=32 q_mean=0.549 q_max=1.000 q_above_half=2595 marked=0.225 mark_density=0.874 exp_mean=10893.6 addr_spec=2.948 addr_random=1.070 addr_full=0.0527 correct=240
  mpx-135 traj: trials=148380000 wall=588615s knowledge=0.4863 reliable=260 spec=8.18 pop=5006
  mpx-135 diag: trials=148380000 micro=7023 pop_spec=20.64 spec_max=32 q_mean=0.549 q_max=1.000 q_above_half=2445 marked=0.228 mark_density=0.875 exp_mean=10996.2 addr_spec=2.955 addr_random=1.070 addr_full=0.0547 correct=240
  mpx-135 traj: trials=148440000 wall=588778s knowledge=0.4856 reliable=258 spec=8.22 pop=4910
  mpx-135 diag: trials=148440000 micro=6881 pop_spec=20.93 spec_max=32 q_mean=0.551 q_max=1.000 q_above_half=2503 marked=0.236 mark_density=0.875 exp_mean=11218.3 addr_spec=2.989 addr_random=1.085 addr_full=0.0554 correct=240
  mpx-135 traj: trials=148500000 wall=588848s knowledge=0.4856 reliable=259 spec=8.20 pop=5270
  mpx-135 diag: trials=148500000 micro=7233 pop_spec=20.03 spec_max=32 q_mean=0.549 q_max=1.000 q_above_half=2697 marked=0.237 mark_density=0.881 exp_mean=10458.8 addr_spec=2.912 addr_random=1.039 addr_full=0.0518 correct=240
  mpx-135 traj: trials=148560000 wall=588892s knowledge=0.4857 reliable=257 spec=8.21 pop=5017
  mpx-135 diag: trials=148560000 micro=6966 pop_spec=20.70 spec_max=32 q_mean=0.552 q_max=1.000 q_above_half=2535 marked=0.223 mark_density=0.873 exp_mean=10992.9 addr_spec=2.973 addr_random=1.073 addr_full=0.0542 correct=240
  mpx-135 traj: trials=148620000 wall=588938s knowledge=0.4857 reliable=263 spec=8.21 pop=4891
  mpx-135 diag: trials=148620000 micro=6890 pop_spec=20.90 spec_max=32 q_mean=0.551 q_max=1.000 q_above_half=2483 marked=0.220 mark_density=0.870 exp_mean=11283.3 addr_spec=3.018 addr_random=1.084 addr_full=0.0577 correct=240
  mpx-135 traj: trials=148680000 wall=589015s knowledge=0.4857 reliable=259 spec=8.20 pop=5371
  mpx-135 diag: trials=148680000 micro=7329 pop_spec=20.06 spec_max=32 q_mean=0.547 q_max=1.000 q_above_half=2646 marked=0.217 mark_density=0.875 exp_mean=10281.6 addr_spec=2.856 addr_random=1.040 addr_full=0.0501 correct=240
  mpx-135 traj: trials=148740000 wall=589050s knowledge=0.4857 reliable=257 spec=8.19 pop=4939
  mpx-135 diag: trials=148740000 micro=6868 pop_spec=20.63 spec_max=32 q_mean=0.550 q_max=1.000 q_above_half=2561 marked=0.236 mark_density=0.877 exp_mean=11187.9 addr_spec=2.975 addr_random=1.070 addr_full=0.0551 correct=240
  mpx-135 traj: trials=148800000 wall=589137s knowledge=0.4857 reliable=258 spec=8.23 pop=4816
  mpx-135 diag: trials=148800000 micro=6773 pop_spec=21.12 spec_max=32 q_mean=0.549 q_max=1.000 q_above_half=2459 marked=0.222 mark_density=0.869 exp_mean=11480.7 addr_spec=3.027 addr_random=1.095 addr_full=0.0565 correct=240
  mpx-135 traj: trials=148860000 wall=589229s knowledge=0.4859 reliable=258 spec=8.17 pop=5078
  mpx-135 diag: trials=148860000 micro=7070 pop_spec=20.49 spec_max=32 q_mean=0.546 q_max=1.000 q_above_half=2482 marked=0.232 mark_density=0.879 exp_mean=10895.4 addr_spec=2.914 addr_random=1.062 addr_full=0.0553 correct=240
  mpx-135 traj: trials=148920000 wall=589269s knowledge=0.4863 reliable=259 spec=8.20 pop=4824
  mpx-135 diag: trials=148920000 micro=6790 pop_spec=21.03 spec_max=32 q_mean=0.553 q_max=1.000 q_above_half=2505 marked=0.227 mark_density=0.871 exp_mean=11476.2 addr_spec=3.023 addr_random=1.090 addr_full=0.0564 correct=240
  mpx-135 traj: trials=148980000 wall=589431s knowledge=0.4873 reliable=261 spec=8.20 pop=5703
  mpx-135 diag: trials=148980000 micro=7649 pop_spec=19.68 spec_max=32 q_mean=0.545 q_max=1.000 q_above_half=2768 marked=0.199 mark_density=0.873 exp_mean=9713.8 addr_spec=2.620 addr_random=1.020 addr_full=0.0491 correct=241
  mpx-135 traj: trials=149040000 wall=589465s knowledge=0.4871 reliable=260 spec=8.19 pop=5159
  mpx-135 diag: trials=149040000 micro=7163 pop_spec=20.00 spec_max=32 q_mean=0.548 q_max=1.000 q_above_half=2678 marked=0.234 mark_density=0.880 exp_mean=10744.8 addr_spec=2.831 addr_random=1.037 addr_full=0.0533 correct=241
  mpx-135 traj: trials=149100000 wall=589573s knowledge=0.4871 reliable=260 spec=8.19 pop=5497
  mpx-135 diag: trials=149100000 micro=7394 pop_spec=20.02 spec_max=32 q_mean=0.545 q_max=1.000 q_above_half=2592 marked=0.202 mark_density=0.872 exp_mean=10090.5 addr_spec=2.721 addr_random=1.038 addr_full=0.0506 correct=241
  mpx-135 traj: trials=149160000 wall=589657s knowledge=0.4874 reliable=264 spec=8.19 pop=5319
  mpx-135 diag: trials=149160000 micro=7258 pop_spec=20.37 spec_max=32 q_mean=0.546 q_max=1.000 q_above_half=2585 marked=0.197 mark_density=0.867 exp_mean=10434.7 addr_spec=2.823 addr_random=1.056 addr_full=0.0521 correct=241
  mpx-135 traj: trials=149220000 wall=589719s knowledge=0.4873 reliable=259 spec=8.15 pop=5249
  mpx-135 diag: trials=149220000 micro=7231 pop_spec=20.19 spec_max=32 q_mean=0.545 q_max=1.000 q_above_half=2559 marked=0.220 mark_density=0.875 exp_mean=10580.6 addr_spec=2.816 addr_random=1.047 addr_full=0.0518 correct=241
  mpx-135 traj: trials=149280000 wall=589756s knowledge=0.4874 reliable=259 spec=8.13 pop=4913
  mpx-135 diag: trials=149280000 micro=6887 pop_spec=20.68 spec_max=32 q_mean=0.548 q_max=1.000 q_above_half=2511 marked=0.230 mark_density=0.875 exp_mean=11311.2 addr_spec=2.955 addr_random=1.072 addr_full=0.0560 correct=241
  mpx-135 traj: trials=149340000 wall=589853s knowledge=0.4872 reliable=257 spec=8.13 pop=5175
  mpx-135 diag: trials=149340000 micro=7158 pop_spec=20.50 spec_max=32 q_mean=0.545 q_max=1.000 q_above_half=2545 marked=0.218 mark_density=0.874 exp_mean=10745.4 addr_spec=2.844 addr_random=1.063 addr_full=0.0545 correct=241
  mpx-135 traj: trials=149400000 wall=589903s knowledge=0.4877 reliable=258 spec=8.11 pop=4908
  mpx-135 diag: trials=149400000 micro=6851 pop_spec=20.76 spec_max=32 q_mean=0.548 q_max=1.000 q_above_half=2463 marked=0.232 mark_density=0.875 exp_mean=11337.1 addr_spec=2.950 addr_random=1.077 addr_full=0.0558 correct=241
  mpx-135 traj: trials=149460000 wall=589970s knowledge=0.4880 reliable=259 spec=8.12 pop=4939
  mpx-135 diag: trials=149460000 micro=6952 pop_spec=20.86 spec_max=32 q_mean=0.547 q_max=1.000 q_above_half=2478 marked=0.216 mark_density=0.869 exp_mean=11273.0 addr_spec=2.933 addr_random=1.082 addr_full=0.0555 correct=241
  mpx-135 traj: trials=149520000 wall=590140s knowledge=0.4874 reliable=257 spec=8.12 pop=5407
  mpx-135 diag: trials=149520000 micro=7419 pop_spec=20.01 spec_max=32 q_mean=0.546 q_max=1.000 q_above_half=2692 marked=0.226 mark_density=0.878 exp_mean=10304.0 addr_spec=2.772 addr_random=1.037 addr_full=0.0494 correct=241
  mpx-135 traj: trials=149580000 wall=590198s knowledge=0.4875 reliable=258 spec=8.10 pop=5258
  mpx-135 diag: trials=149580000 micro=7273 pop_spec=20.34 spec_max=32 q_mean=0.546 q_max=1.000 q_above_half=2494 marked=0.213 mark_density=0.872 exp_mean=10602.6 addr_spec=2.875 addr_random=1.055 addr_full=0.0525 correct=241
  mpx-135 traj: trials=149640000 wall=590235s knowledge=0.4880 reliable=263 spec=8.13 pop=5035
  mpx-135 diag: trials=149640000 micro=7007 pop_spec=20.50 spec_max=32 q_mean=0.550 q_max=1.000 q_above_half=2499 marked=0.228 mark_density=0.876 exp_mean=11079.3 addr_spec=2.977 addr_random=1.063 addr_full=0.0544 correct=241
  mpx-135 traj: trials=149700000 wall=590314s knowledge=0.4880 reliable=262 spec=8.13 pop=5121
  mpx-135 diag: trials=149700000 micro=7075 pop_spec=20.55 spec_max=32 q_mean=0.546 q_max=1.000 q_above_half=2484 marked=0.212 mark_density=0.869 exp_mean=10900.1 addr_spec=2.931 addr_random=1.066 addr_full=0.0525 correct=241
  mpx-135 traj: trials=149760000 wall=590355s knowledge=0.4874 reliable=259 spec=8.13 pop=4741
  mpx-135 diag: trials=149760000 micro=6687 pop_spec=21.26 spec_max=32 q_mean=0.550 q_max=1.000 q_above_half=2390 marked=0.217 mark_density=0.866 exp_mean=11780.7 addr_spec=3.040 addr_random=1.102 addr_full=0.0578 correct=241
  mpx-135 traj: trials=149820000 wall=590413s knowledge=0.4871 reliable=258 spec=8.14 pop=5040
  mpx-135 diag: trials=149820000 micro=7069 pop_spec=20.78 spec_max=32 q_mean=0.546 q_max=1.000 q_above_half=2383 marked=0.203 mark_density=0.865 exp_mean=11088.7 addr_spec=2.883 addr_random=1.078 addr_full=0.0544 correct=241
  mpx-135 traj: trials=149880000 wall=590535s knowledge=0.4859 reliable=257 spec=8.12 pop=5268
  mpx-135 diag: trials=149880000 micro=7254 pop_spec=20.33 spec_max=32 q_mean=0.544 q_max=1.000 q_above_half=2555 marked=0.207 mark_density=0.868 exp_mean=10592.8 addr_spec=2.816 addr_random=1.054 addr_full=0.0511 correct=241
  mpx-135 traj: trials=149940000 wall=590571s knowledge=0.4859 reliable=256 spec=8.12 pop=4786
  mpx-135 diag: trials=149940000 micro=6834 pop_spec=21.06 spec_max=32 q_mean=0.551 q_max=1.000 q_above_half=2460 marked=0.222 mark_density=0.869 exp_mean=11666.7 addr_spec=3.054 addr_random=1.092 addr_full=0.0566 correct=241
  mpx-135 traj: trials=150000000 wall=590656s knowledge=0.4862 reliable=256 spec=8.11 pop=5045
  mpx-135 diag: trials=150000000 micro=7009 pop_spec=20.62 spec_max=32 q_mean=0.547 q_max=1.000 q_above_half=2528 marked=0.222 mark_density=0.873 exp_mean=11074.8 addr_spec=2.926 addr_random=1.069 addr_full=0.0539 correct=241
  mpx-135 traj: trials=150060000 wall=590750s knowledge=0.4869 reliable=257 spec=8.11 pop=5022
  mpx-135 diag: trials=150060000 micro=6955 pop_spec=20.42 spec_max=32 q_mean=0.548 q_max=1.000 q_above_half=2529 marked=0.232 mark_density=0.877 exp_mean=11132.6 addr_spec=2.905 addr_random=1.059 addr_full=0.0544 correct=241
  mpx-135 traj: trials=150120000 wall=590822s knowledge=0.4873 reliable=259 spec=8.12 pop=5174
  mpx-135 diag: trials=150120000 micro=7174 pop_spec=20.40 spec_max=32 q_mean=0.546 q_max=1.000 q_above_half=2511 marked=0.221 mark_density=0.874 exp_mean=10812.2 addr_spec=2.819 addr_random=1.058 addr_full=0.0528 correct=241
  mpx-135 traj: trials=150180000 wall=590888s knowledge=0.4867 reliable=257 spec=8.09 pop=4900
  mpx-135 diag: trials=150180000 micro=6960 pop_spec=20.86 spec_max=32 q_mean=0.549 q_max=1.000 q_above_half=2489 marked=0.215 mark_density=0.868 exp_mean=11423.8 addr_spec=2.969 addr_random=1.081 addr_full=0.0555 correct=241
  mpx-135 traj: trials=150240000 wall=590936s knowledge=0.4867 reliable=255 spec=8.07 pop=4812
  mpx-135 diag: trials=150240000 micro=6819 pop_spec=21.05 spec_max=32 q_mean=0.549 q_max=1.000 q_above_half=2401 marked=0.220 mark_density=0.867 exp_mean=11639.9 addr_spec=3.026 addr_random=1.092 addr_full=0.0576 correct=241
  mpx-135 traj: trials=150300000 wall=590979s knowledge=0.4880 reliable=257 spec=8.07 pop=4771
  mpx-135 diag: trials=150300000 micro=6748 pop_spec=21.13 spec_max=32 q_mean=0.552 q_max=1.000 q_above_half=2437 marked=0.227 mark_density=0.869 exp_mean=11747.4 addr_spec=3.052 addr_random=1.096 addr_full=0.0558 correct=242
  mpx-135 traj: trials=150360000 wall=591029s knowledge=0.4896 reliable=260 spec=8.05 pop=4874
  mpx-135 diag: trials=150360000 micro=6850 pop_spec=20.94 spec_max=32 q_mean=0.548 q_max=1.000 q_above_half=2410 marked=0.219 mark_density=0.868 exp_mean=11506.3 addr_spec=2.952 addr_random=1.086 addr_full=0.0552 correct=244
  mpx-135 traj: trials=150420000 wall=591133s knowledge=0.4887 reliable=258 spec=8.05 pop=5104
  mpx-135 diag: trials=150420000 micro=7078 pop_spec=20.54 spec_max=32 q_mean=0.552 q_max=1.000 q_above_half=2634 marked=0.223 mark_density=0.871 exp_mean=10994.9 addr_spec=2.890 addr_random=1.065 addr_full=0.0529 correct=243
  mpx-135 traj: trials=150480000 wall=591175s knowledge=0.4888 reliable=259 spec=8.06 pop=4913
  mpx-135 diag: trials=150480000 micro=6940 pop_spec=20.91 spec_max=32 q_mean=0.549 q_max=1.000 q_above_half=2412 marked=0.214 mark_density=0.867 exp_mean=11429.3 addr_spec=3.034 addr_random=1.084 addr_full=0.0556 correct=243
  mpx-135 traj: trials=150540000 wall=591209s knowledge=0.4887 reliable=257 spec=8.04 pop=4757
  mpx-135 diag: trials=150540000 micro=6726 pop_spec=21.08 spec_max=32 q_mean=0.555 q_max=1.000 q_above_half=2509 marked=0.225 mark_density=0.869 exp_mean=11811.5 addr_spec=3.108 addr_random=1.093 addr_full=0.0587 correct=243
  mpx-135 traj: trials=150600000 wall=591337s knowledge=0.4898 reliable=257 spec=8.06 pop=5165
  mpx-135 diag: trials=150600000 micro=7207 pop_spec=20.54 spec_max=32 q_mean=0.547 q_max=1.000 q_above_half=2490 marked=0.203 mark_density=0.865 exp_mean=10885.3 addr_spec=2.875 addr_random=1.065 addr_full=0.0521 correct=244
  mpx-135 traj: trials=150660000 wall=591427s knowledge=0.4903 reliable=259 spec=8.08 pop=5077
  mpx-135 diag: trials=150660000 micro=7092 pop_spec=20.52 spec_max=32 q_mean=0.551 q_max=1.000 q_above_half=2595 marked=0.218 mark_density=0.871 exp_mean=11081.0 addr_spec=2.936 addr_random=1.064 addr_full=0.0536 correct=244
  mpx-135 traj: trials=150720000 wall=591469s knowledge=0.4903 reliable=256 spec=8.06 pop=4902
  mpx-135 diag: trials=150720000 micro=6839 pop_spec=20.70 spec_max=32 q_mean=0.549 q_max=1.000 q_above_half=2455 marked=0.235 mark_density=0.875 exp_mean=11483.6 addr_spec=2.972 addr_random=1.073 addr_full=0.0557 correct=244
  mpx-135 traj: trials=150780000 wall=591504s knowledge=0.4904 reliable=258 spec=8.09 pop=4726
  mpx-135 diag: trials=150780000 micro=6694 pop_spec=21.07 spec_max=32 q_mean=0.550 q_max=1.000 q_above_half=2360 marked=0.229 mark_density=0.870 exp_mean=11918.6 addr_spec=3.102 addr_random=1.093 addr_full=0.0580 correct=244
  mpx-135 traj: trials=150840000 wall=591564s knowledge=0.4890 reliable=258 spec=8.07 pop=4912
  mpx-135 diag: trials=150840000 micro=6876 pop_spec=20.56 spec_max=32 q_mean=0.550 q_max=1.000 q_above_half=2505 marked=0.240 mark_density=0.878 exp_mean=11467.5 addr_spec=3.001 addr_random=1.066 addr_full=0.0556 correct=245
  mpx-135 traj: trials=150900000 wall=591623s knowledge=0.4887 reliable=255 spec=8.03 pop=4934
  mpx-135 diag: trials=150900000 micro=6908 pop_spec=20.78 spec_max=32 q_mean=0.546 q_max=1.000 q_above_half=2401 marked=0.232 mark_density=0.874 exp_mean=11423.4 addr_spec=2.942 addr_random=1.078 addr_full=0.0559 correct=244
  mpx-135 traj: trials=150960000 wall=591663s knowledge=0.4888 reliable=256 spec=8.04 pop=4975
  mpx-135 diag: trials=150960000 micro=6986 pop_spec=20.32 spec_max=32 q_mean=0.548 q_max=1.000 q_above_half=2506 marked=0.248 mark_density=0.882 exp_mean=11336.5 addr_spec=2.915 addr_random=1.054 addr_full=0.0565 correct=244
  mpx-135 traj: trials=151020000 wall=591722s knowledge=0.4887 reliable=255 spec=8.05 pop=5009
  mpx-135 diag: trials=151020000 micro=7035 pop_spec=20.68 spec_max=32 q_mean=0.549 q_max=1.000 q_above_half=2511 marked=0.224 mark_density=0.871 exp_mean=11266.5 addr_spec=2.950 addr_random=1.072 addr_full=0.0541 correct=244
  mpx-135 traj: trials=151080000 wall=591762s knowledge=0.4859 reliable=251 spec=8.03 pop=4740
  mpx-135 diag: trials=151080000 micro=6686 pop_spec=21.11 spec_max=32 q_mean=0.551 q_max=1.000 q_above_half=2435 marked=0.228 mark_density=0.869 exp_mean=11832.3 addr_spec=3.117 addr_random=1.094 addr_full=0.0574 correct=241
  mpx-135 traj: trials=151140000 wall=591841s knowledge=0.4864 reliable=254 spec=8.04 pop=5130
  mpx-135 diag: trials=151140000 micro=7137 pop_spec=20.38 spec_max=32 q_mean=0.551 q_max=1.000 q_above_half=2638 marked=0.222 mark_density=0.873 exp_mean=10939.7 addr_spec=2.932 addr_random=1.057 addr_full=0.0540 correct=241
  mpx-135 traj: trials=151200000 wall=591894s knowledge=0.4863 reliable=254 spec=8.06 pop=4967
  mpx-135 diag: trials=151200000 micro=6935 pop_spec=20.60 spec_max=32 q_mean=0.551 q_max=1.000 q_above_half=2548 marked=0.234 mark_density=0.874 exp_mean=11305.7 addr_spec=3.066 addr_random=1.068 addr_full=0.0568 correct=241
  mpx-135 traj: trials=151260000 wall=591962s knowledge=0.4865 reliable=256 spec=8.10 pop=4977
  mpx-135 diag: trials=151260000 micro=6945 pop_spec=20.63 spec_max=32 q_mean=0.552 q_max=1.000 q_above_half=2569 marked=0.227 mark_density=0.872 exp_mean=11290.0 addr_spec=3.032 addr_random=1.069 addr_full=0.0545 correct=241
  mpx-135 traj: trials=151320000 wall=592065s knowledge=0.4863 reliable=261 spec=8.15 pop=5099
  mpx-135 diag: trials=151320000 micro=7054 pop_spec=20.50 spec_max=32 q_mean=0.550 q_max=1.000 q_above_half=2552 marked=0.223 mark_density=0.873 exp_mean=11026.8 addr_spec=2.911 addr_random=1.063 addr_full=0.0541 correct=241
  mpx-135 traj: trials=151380000 wall=592182s knowledge=0.4862 reliable=258 spec=8.11 pop=5303
  mpx-135 diag: trials=151380000 micro=7266 pop_spec=20.14 spec_max=32 q_mean=0.548 q_max=1.000 q_above_half=2602 marked=0.227 mark_density=0.876 exp_mean=10609.3 addr_spec=2.839 addr_random=1.044 addr_full=0.0515 correct=241
  mpx-135 traj: trials=151440000 wall=592235s knowledge=0.4866 reliable=259 spec=8.12 pop=5002
  mpx-135 diag: trials=151440000 micro=6968 pop_spec=20.65 spec_max=32 q_mean=0.552 q_max=1.000 q_above_half=2521 marked=0.216 mark_density=0.869 exp_mean=11254.5 addr_spec=2.965 addr_random=1.071 addr_full=0.0538 correct=241
  mpx-135 traj: trials=151500000 wall=592270s knowledge=0.4860 reliable=256 spec=8.11 pop=4895
  mpx-135 diag: trials=151500000 micro=6870 pop_spec=20.70 spec_max=32 q_mean=0.554 q_max=1.000 q_above_half=2594 marked=0.244 mark_density=0.876 exp_mean=11507.8 addr_spec=3.067 addr_random=1.073 addr_full=0.0560 correct=241
  mpx-135 traj: trials=151560000 wall=592320s knowledge=0.4867 reliable=260 spec=8.13 pop=5028
  mpx-135 diag: trials=151560000 micro=7020 pop_spec=20.45 spec_max=32 q_mean=0.555 q_max=1.000 q_above_half=2655 marked=0.235 mark_density=0.875 exp_mean=11210.4 addr_spec=3.018 addr_random=1.060 addr_full=0.0561 correct=241
  mpx-135 traj: trials=151620000 wall=592352s knowledge=0.4860 reliable=257 spec=8.12 pop=4772
  mpx-135 diag: trials=151620000 micro=6751 pop_spec=21.03 spec_max=32 q_mean=0.559 q_max=1.000 q_above_half=2545 marked=0.225 mark_density=0.868 exp_mean=11819.0 addr_spec=3.255 addr_random=1.090 addr_full=0.0583 correct=241
  mpx-135 traj: trials=151680000 wall=592404s knowledge=0.4864 reliable=257 spec=8.12 pop=4966
  mpx-135 diag: trials=151680000 micro=6937 pop_spec=20.69 spec_max=32 q_mean=0.552 q_max=1.000 q_above_half=2553 marked=0.232 mark_density=0.872 exp_mean=11364.4 addr_spec=3.063 addr_random=1.073 addr_full=0.0566 correct=241
  mpx-135 traj: trials=151740000 wall=592458s knowledge=0.4868 reliable=257 spec=8.11 pop=5070
  mpx-135 diag: trials=151740000 micro=7103 pop_spec=20.41 spec_max=32 q_mean=0.554 q_max=1.000 q_above_half=2600 marked=0.242 mark_density=0.877 exp_mean=11138.2 addr_spec=3.098 addr_random=1.058 addr_full=0.0570 correct=241
  mpx-135 traj: trials=151800000 wall=592546s knowledge=0.4872 reliable=259 spec=8.11 pop=4969
  mpx-135 diag: trials=151800000 micro=6933 pop_spec=20.61 spec_max=32 q_mean=0.554 q_max=1.000 q_above_half=2620 marked=0.234 mark_density=0.873 exp_mean=11371.6 addr_spec=3.121 addr_random=1.069 addr_full=0.0570 correct=241
  mpx-135 traj: trials=151860000 wall=592599s knowledge=0.4861 reliable=255 spec=8.10 pop=5100
  mpx-135 diag: trials=151860000 micro=7025 pop_spec=20.30 spec_max=32 q_mean=0.553 q_max=1.000 q_above_half=2652 marked=0.246 mark_density=0.879 exp_mean=11086.4 addr_spec=2.982 addr_random=1.053 addr_full=0.0531 correct=241
  mpx-135 traj: trials=151920000 wall=592634s knowledge=0.4861 reliable=255 spec=8.12 pop=5081
  mpx-135 diag: trials=151920000 micro=7076 pop_spec=20.11 spec_max=32 q_mean=0.549 q_max=1.000 q_above_half=2503 marked=0.254 mark_density=0.883 exp_mean=11134.8 addr_spec=3.005 addr_random=1.042 addr_full=0.0559 correct=241
  mpx-135 traj: trials=151980000 wall=592707s knowledge=0.4872 reliable=259 spec=8.13 pop=4970
  mpx-135 diag: trials=151980000 micro=6942 pop_spec=20.70 spec_max=32 q_mean=0.554 q_max=1.000 q_above_half=2594 marked=0.219 mark_density=0.867 exp_mean=11390.4 addr_spec=2.973 addr_random=1.073 addr_full=0.0563 correct=242
  mpx-135 traj: trials=152040000 wall=592745s knowledge=0.4878 reliable=263 spec=8.20 pop=4953
  mpx-135 diag: trials=152040000 micro=6953 pop_spec=20.66 spec_max=32 q_mean=0.553 q_max=1.000 q_above_half=2522 marked=0.231 mark_density=0.873 exp_mean=11436.6 addr_spec=2.995 addr_random=1.071 addr_full=0.0571 correct=242
  mpx-135 traj: trials=152100000 wall=592850s knowledge=0.4878 reliable=262 spec=8.19 pop=5367
  mpx-135 diag: trials=152100000 micro=7342 pop_spec=19.80 spec_max=32 q_mean=0.550 q_max=1.000 q_above_half=2739 marked=0.230 mark_density=0.878 exp_mean=10561.1 addr_spec=2.818 addr_random=1.027 addr_full=0.0525 correct=242
  mpx-135 traj: trials=152160000 wall=592898s knowledge=0.4874 reliable=264 spec=8.24 pop=5202
  mpx-135 diag: trials=152160000 micro=7182 pop_spec=20.40 spec_max=32 q_mean=0.551 q_max=1.000 q_above_half=2588 marked=0.215 mark_density=0.870 exp_mean=10902.7 addr_spec=2.950 addr_random=1.058 addr_full=0.0540 correct=242
  mpx-135 traj: trials=152220000 wall=592974s knowledge=0.4876 reliable=264 spec=8.25 pop=5018
  mpx-135 diag: trials=152220000 micro=7008 pop_spec=20.67 spec_max=32 q_mean=0.552 q_max=1.000 q_above_half=2564 marked=0.220 mark_density=0.868 exp_mean=11309.4 addr_spec=3.022 addr_random=1.072 addr_full=0.0576 correct=242
  mpx-135 traj: trials=152280000 wall=593023s knowledge=0.4888 reliable=270 spec=8.27 pop=5053
  mpx-135 diag: trials=152280000 micro=7007 pop_spec=20.50 spec_max=32 q_mean=0.552 q_max=1.000 q_above_half=2519 marked=0.227 mark_density=0.872 exp_mean=11238.2 addr_spec=2.942 addr_random=1.063 addr_full=0.0564 correct=243
  mpx-135 traj: trials=152340000 wall=593082s knowledge=0.4887 reliable=267 spec=8.24 pop=6738
  mpx-135 diag: trials=152340000 micro=8711 pop_spec=16.40 spec_max=32 q_mean=0.546 q_max=1.000 q_above_half=3527 marked=0.279 mark_density=0.911 exp_mean=8434.0 addr_spec=2.296 addr_random=0.850 addr_full=0.0419 correct=243
  mpx-135 traj: trials=152400000 wall=593169s knowledge=0.4884 reliable=266 spec=8.23 pop=4958
  mpx-135 diag: trials=152400000 micro=6959 pop_spec=20.49 spec_max=32 q_mean=0.553 q_max=1.000 q_above_half=2585 marked=0.242 mark_density=0.877 exp_mean=11467.8 addr_spec=3.014 addr_random=1.062 addr_full=0.0579 correct=243
  mpx-135 traj: trials=152460000 wall=593202s knowledge=0.4887 reliable=266 spec=8.25 pop=4731
  mpx-135 diag: trials=152460000 micro=6759 pop_spec=21.06 spec_max=32 q_mean=0.556 q_max=1.000 q_above_half=2476 marked=0.230 mark_density=0.868 exp_mean=11965.1 addr_spec=3.210 addr_random=1.092 addr_full=0.0602 correct=243
  mpx-135 traj: trials=152520000 wall=593246s knowledge=0.4886 reliable=265 spec=8.21 pop=4812
  mpx-135 diag: trials=152520000 micro=6796 pop_spec=21.07 spec_max=32 q_mean=0.552 q_max=1.000 q_above_half=2391 marked=0.211 mark_density=0.863 exp_mean=11771.1 addr_spec=3.097 addr_random=1.093 addr_full=0.0584 correct=243
  mpx-135 traj: trials=152580000 wall=593318s knowledge=0.4891 reliable=266 spec=8.22 pop=5076
  mpx-135 diag: trials=152580000 micro=7072 pop_spec=20.48 spec_max=32 q_mean=0.552 q_max=1.000 q_above_half=2616 marked=0.236 mark_density=0.875 exp_mean=11166.1 addr_spec=3.015 addr_random=1.062 addr_full=0.0569 correct=243
  mpx-135 traj: trials=152640000 wall=593374s knowledge=0.4888 reliable=265 spec=8.22 pop=5025
  mpx-135 diag: trials=152640000 micro=7020 pop_spec=20.50 spec_max=32 q_mean=0.554 q_max=1.000 q_above_half=2589 marked=0.230 mark_density=0.873 exp_mean=11286.4 addr_spec=3.063 addr_random=1.063 addr_full=0.0587 correct=244
  mpx-135 traj: trials=152700000 wall=593419s knowledge=0.4885 reliable=266 spec=8.25 pop=4948
  mpx-135 diag: trials=152700000 micro=6945 pop_spec=20.58 spec_max=32 q_mean=0.556 q_max=1.000 q_above_half=2592 marked=0.240 mark_density=0.876 exp_mean=11469.1 addr_spec=3.035 addr_random=1.067 addr_full=0.0578 correct=243
  mpx-135 traj: trials=152760000 wall=593496s knowledge=0.4883 reliable=263 spec=8.23 pop=4897
  mpx-135 diag: trials=152760000 micro=6933 pop_spec=20.89 spec_max=32 q_mean=0.554 q_max=1.000 q_above_half=2494 marked=0.239 mark_density=0.872 exp_mean=11595.5 addr_spec=3.137 addr_random=1.083 addr_full=0.0582 correct=243
  mpx-135 traj: trials=152820000 wall=593530s knowledge=0.4883 reliable=268 spec=8.28 pop=4840
  mpx-135 diag: trials=152820000 micro=6839 pop_spec=20.81 spec_max=32 q_mean=0.559 q_max=1.000 q_above_half=2549 marked=0.230 mark_density=0.871 exp_mean=11739.2 addr_spec=3.143 addr_random=1.079 addr_full=0.0591 correct=243
  mpx-135 traj: trials=152880000 wall=593621s knowledge=0.4888 reliable=266 spec=8.27 pop=5375
  mpx-135 diag: trials=152880000 micro=7341 pop_spec=20.06 spec_max=32 q_mean=0.550 q_max=1.000 q_above_half=2612 marked=0.223 mark_density=0.874 exp_mean=10577.5 addr_spec=2.924 addr_random=1.040 addr_full=0.0525 correct=243
  mpx-135 traj: trials=152940000 wall=593672s knowledge=0.4884 reliable=270 spec=8.34 pop=4868
  mpx-135 diag: trials=152940000 micro=6871 pop_spec=20.88 spec_max=32 q_mean=0.555 q_max=1.000 q_above_half=2507 marked=0.228 mark_density=0.870 exp_mean=11686.2 addr_spec=3.121 addr_random=1.083 addr_full=0.0579 correct=243
  mpx-135 traj: trials=153000000 wall=593740s knowledge=0.4885 reliable=273 spec=8.35 pop=5346
  mpx-135 diag: trials=153000000 micro=7393 pop_spec=19.92 spec_max=32 q_mean=0.551 q_max=1.000 q_above_half=2639 marked=0.219 mark_density=0.873 exp_mean=10648.1 addr_spec=2.939 addr_random=1.033 addr_full=0.0546 correct=243
  mpx-135 traj: trials=153060000 wall=593825s knowledge=0.4890 reliable=270 spec=8.32 pop=5168
  mpx-135 diag: trials=153060000 micro=7161 pop_spec=20.26 spec_max=32 q_mean=0.552 q_max=1.000 q_above_half=2616 marked=0.245 mark_density=0.880 exp_mean=11021.6 addr_spec=2.933 addr_random=1.050 addr_full=0.0565 correct=243
  mpx-135 traj: trials=153120000 wall=594046s knowledge=0.4885 reliable=265 spec=8.26 pop=5944
  mpx-135 diag: trials=153120000 micro=7872 pop_spec=19.23 spec_max=32 q_mean=0.547 q_max=1.000 q_above_half=2817 marked=0.209 mark_density=0.876 exp_mean=9588.7 addr_spec=2.644 addr_random=0.997 addr_full=0.0481 correct=243
  mpx-135 traj: trials=153180000 wall=594113s knowledge=0.4895 reliable=269 spec=8.30 pop=7279
  mpx-135 diag: trials=153180000 micro=9264 pop_spec=15.98 spec_max=32 q_mean=0.537 q_max=1.000 q_above_half=3412 marked=0.321 mark_density=0.919 exp_mean=7835.8 addr_spec=2.157 addr_random=0.828 addr_full=0.0401 correct=244
  mpx-135 traj: trials=153240000 wall=594168s knowledge=0.4886 reliable=270 spec=8.36 pop=4975
  mpx-135 diag: trials=153240000 micro=6922 pop_spec=20.62 spec_max=32 q_mean=0.553 q_max=1.000 q_above_half=2573 marked=0.233 mark_density=0.872 exp_mean=11470.1 addr_spec=3.050 addr_random=1.069 addr_full=0.0577 correct=243
  mpx-135 traj: trials=153300000 wall=594205s knowledge=0.4886 reliable=267 spec=8.33 pop=4796
  mpx-135 diag: trials=153300000 micro=6792 pop_spec=20.93 spec_max=32 q_mean=0.554 q_max=1.000 q_above_half=2496 marked=0.240 mark_density=0.872 exp_mean=11905.4 addr_spec=3.128 addr_random=1.085 addr_full=0.0607 correct=243
  mpx-135 traj: trials=153360000 wall=594263s knowledge=0.4890 reliable=268 spec=8.32 pop=5171
  mpx-135 diag: trials=153360000 micro=7174 pop_spec=20.28 spec_max=32 q_mean=0.551 q_max=1.000 q_above_half=2552 marked=0.223 mark_density=0.872 exp_mean=11048.9 addr_spec=2.883 addr_random=1.051 addr_full=0.0563 correct=243
  mpx-135 traj: trials=153420000 wall=594314s knowledge=0.4888 reliable=268 spec=8.34 pop=4900
  mpx-135 diag: trials=153420000 micro=6847 pop_spec=20.69 spec_max=32 q_mean=0.556 q_max=1.000 q_above_half=2598 marked=0.218 mark_density=0.866 exp_mean=11667.1 addr_spec=3.045 addr_random=1.073 addr_full=0.0616 correct=243
  mpx-135 traj: trials=153480000 wall=594372s knowledge=0.4888 reliable=270 spec=8.37 pop=5144
  mpx-135 diag: trials=153480000 micro=7097 pop_spec=20.06 spec_max=32 q_mean=0.552 q_max=1.000 q_above_half=2647 marked=0.233 mark_density=0.877 exp_mean=11120.7 addr_spec=2.877 addr_random=1.040 addr_full=0.0570 correct=243
  mpx-135 traj: trials=153540000 wall=594428s knowledge=0.4899 reliable=278 spec=8.45 pop=5069
  mpx-135 diag: trials=153540000 micro=7051 pop_spec=20.30 spec_max=32 q_mean=0.553 q_max=1.000 q_above_half=2614 marked=0.251 mark_density=0.879 exp_mean=11292.3 addr_spec=2.996 addr_random=1.053 addr_full=0.0576 correct=243
  mpx-135 traj: trials=153600000 wall=594584s knowledge=0.4892 reliable=273 spec=8.40 pop=4970
  mpx-135 diag: trials=153600000 micro=6998 pop_spec=20.73 spec_max=32 q_mean=0.554 q_max=1.000 q_above_half=2582 marked=0.222 mark_density=0.868 exp_mean=11524.1 addr_spec=3.007 addr_random=1.075 addr_full=0.0575 correct=243
  mpx-135 traj: trials=153660000 wall=594671s knowledge=0.4890 reliable=278 spec=8.46 pop=5208
  mpx-135 diag: trials=153660000 micro=7163 pop_spec=20.32 spec_max=32 q_mean=0.552 q_max=1.000 q_above_half=2619 marked=0.216 mark_density=0.870 exp_mean=11004.3 addr_spec=2.861 addr_random=1.053 addr_full=0.0561 correct=244
  mpx-135 traj: trials=153720000 wall=594729s knowledge=0.4890 reliable=276 spec=8.45 pop=4952
  mpx-135 diag: trials=153720000 micro=6996 pop_spec=20.71 spec_max=32 q_mean=0.550 q_max=1.000 q_above_half=2444 marked=0.230 mark_density=0.872 exp_mean=11580.2 addr_spec=3.013 addr_random=1.074 addr_full=0.0586 correct=244
  mpx-135 traj: trials=153780000 wall=594765s knowledge=0.4890 reliable=277 spec=8.44 pop=4785
  mpx-135 diag: trials=153780000 micro=6739 pop_spec=20.97 spec_max=32 q_mean=0.552 q_max=1.000 q_above_half=2425 marked=0.236 mark_density=0.872 exp_mean=11991.7 addr_spec=3.080 addr_random=1.087 addr_full=0.0610 correct=244
  mpx-135 traj: trials=153840000 wall=594841s knowledge=0.4890 reliable=276 spec=8.42 pop=5237
  mpx-135 diag: trials=153840000 micro=7246 pop_spec=20.19 spec_max=32 q_mean=0.550 q_max=1.000 q_above_half=2498 marked=0.226 mark_density=0.875 exp_mean=10963.6 addr_spec=2.898 addr_random=1.047 addr_full=0.0546 correct=244
  mpx-135 traj: trials=153900000 wall=594964s knowledge=0.4892 reliable=279 spec=8.44 pop=5249
  mpx-135 diag: trials=153900000 micro=7193 pop_spec=20.16 spec_max=32 q_mean=0.552 q_max=1.000 q_above_half=2657 marked=0.216 mark_density=0.870 exp_mean=10943.7 addr_spec=2.874 addr_random=1.045 addr_full=0.0564 correct=244
  mpx-135 traj: trials=153960000 wall=595000s knowledge=0.4890 reliable=276 spec=8.41 pop=4854
  mpx-135 diag: trials=153960000 micro=6830 pop_spec=20.68 spec_max=32 q_mean=0.551 q_max=1.000 q_above_half=2460 marked=0.237 mark_density=0.874 exp_mean=11841.5 addr_spec=3.085 addr_random=1.072 addr_full=0.0593 correct=244
  mpx-135 traj: trials=154020000 wall=595042s knowledge=0.4890 reliable=275 spec=8.44 pop=4860
  mpx-135 diag: trials=154020000 micro=6811 pop_spec=20.85 spec_max=32 q_mean=0.554 q_max=1.000 q_above_half=2457 marked=0.221 mark_density=0.868 exp_mean=11833.9 addr_spec=3.036 addr_random=1.081 addr_full=0.0578 correct=244
  mpx-135 traj: trials=154080000 wall=595085s knowledge=0.4890 reliable=273 spec=8.39 pop=4858
  mpx-135 diag: trials=154080000 micro=6845 pop_spec=20.78 spec_max=32 q_mean=0.551 q_max=1.000 q_above_half=2461 marked=0.237 mark_density=0.873 exp_mean=11846.0 addr_spec=2.946 addr_random=1.077 addr_full=0.0589 correct=244
  mpx-135 traj: trials=154140000 wall=595161s knowledge=0.4880 reliable=271 spec=8.38 pop=5292
  mpx-135 diag: trials=154140000 micro=7270 pop_spec=19.90 spec_max=32 q_mean=0.546 q_max=1.000 q_above_half=2553 marked=0.235 mark_density=0.879 exp_mean=10881.1 addr_spec=2.871 addr_random=1.032 addr_full=0.0550 correct=243
  mpx-135 traj: trials=154200000 wall=595216s knowledge=0.4885 reliable=270 spec=8.36 pop=4854
  mpx-135 diag: trials=154200000 micro=6835 pop_spec=20.94 spec_max=32 q_mean=0.550 q_max=1.000 q_above_half=2427 marked=0.221 mark_density=0.868 exp_mean=11869.9 addr_spec=2.974 addr_random=1.086 addr_full=0.0577 correct=243
  mpx-135 traj: trials=154260000 wall=595289s knowledge=0.4884 reliable=270 spec=8.35 pop=4920
  mpx-135 diag: trials=154260000 micro=6906 pop_spec=20.60 spec_max=32 q_mean=0.552 q_max=1.000 q_above_half=2556 marked=0.229 mark_density=0.872 exp_mean=11717.9 addr_spec=2.937 addr_random=1.068 addr_full=0.0569 correct=243
  mpx-135 traj: trials=154320000 wall=595445s knowledge=0.4884 reliable=269 spec=8.35 pop=5411
  mpx-135 diag: trials=154320000 micro=7386 pop_spec=20.19 spec_max=32 q_mean=0.545 q_max=1.000 q_above_half=2492 marked=0.191 mark_density=0.862 exp_mean=10661.0 addr_spec=2.764 addr_random=1.047 addr_full=0.0532 correct=243
  mpx-135 traj: trials=154380000 wall=595486s knowledge=0.4889 reliable=269 spec=8.32 pop=4714
  mpx-135 diag: trials=154380000 micro=6707 pop_spec=21.23 spec_max=32 q_mean=0.550 q_max=1.000 q_above_half=2381 marked=0.216 mark_density=0.862 exp_mean=12244.6 addr_spec=3.046 addr_random=1.101 addr_full=0.0598 correct=243
  mpx-135 traj: trials=154440000 wall=595523s knowledge=0.4883 reliable=265 spec=8.27 pop=4598
  mpx-135 diag: trials=154440000 micro=6607 pop_spec=21.29 spec_max=32 q_mean=0.553 q_max=1.000 q_above_half=2375 marked=0.236 mark_density=0.869 exp_mean=12561.1 addr_spec=3.038 addr_random=1.104 addr_full=0.0600 correct=243
  mpx-135 traj: trials=154500000 wall=595572s knowledge=0.4883 reliable=265 spec=8.25 pop=5471
  mpx-135 diag: trials=154500000 micro=7407 pop_spec=18.76 spec_max=32 q_mean=0.541 q_max=1.000 q_above_half=2577 marked=0.268 mark_density=0.896 exp_mean=10563.7 addr_spec=2.656 addr_random=0.973 addr_full=0.0521 correct=243
  mpx-135 traj: trials=154560000 wall=595672s knowledge=0.4883 reliable=266 spec=8.26 pop=5126
  mpx-135 diag: trials=154560000 micro=7060 pop_spec=20.37 spec_max=32 q_mean=0.549 q_max=1.000 q_above_half=2552 marked=0.221 mark_density=0.871 exp_mean=11281.2 addr_spec=2.863 addr_random=1.056 addr_full=0.0552 correct=243
  mpx-135 traj: trials=154620000 wall=595812s knowledge=0.4883 reliable=262 spec=8.23 pop=5269
  mpx-135 diag: trials=154620000 micro=7246 pop_spec=20.19 spec_max=32 q_mean=0.548 q_max=1.000 q_above_half=2737 marked=0.215 mark_density=0.868 exp_mean=10981.6 addr_spec=2.811 addr_random=1.047 addr_full=0.0533 correct=243
  mpx-135 traj: trials=154680000 wall=595853s knowledge=0.4882 reliable=261 spec=8.20 pop=4652
  mpx-135 diag: trials=154680000 micro=6604 pop_spec=21.28 spec_max=32 q_mean=0.551 q_max=1.000 q_above_half=2349 marked=0.232 mark_density=0.868 exp_mean=12445.5 addr_spec=3.046 addr_random=1.104 addr_full=0.0604 correct=243
  mpx-135 traj: trials=154740000 wall=595919s knowledge=0.4883 reliable=261 spec=8.21 pop=5069
  mpx-135 diag: trials=154740000 micro=7074 pop_spec=20.36 spec_max=32 q_mean=0.550 q_max=1.000 q_above_half=2603 marked=0.230 mark_density=0.874 exp_mean=11428.8 addr_spec=2.913 addr_random=1.056 addr_full=0.0543 correct=243
  mpx-135 traj: trials=154800000 wall=595990s knowledge=0.4885 reliable=262 spec=8.21 pop=5087
  mpx-135 diag: trials=154800000 micro=7081 pop_spec=20.43 spec_max=32 q_mean=0.547 q_max=1.000 q_above_half=2500 marked=0.229 mark_density=0.872 exp_mean=11395.2 addr_spec=2.917 addr_random=1.060 addr_full=0.0556 correct=243
  mpx-135 traj: trials=154860000 wall=596023s knowledge=0.4886 reliable=265 spec=8.26 pop=4712
  mpx-135 diag: trials=154860000 micro=6748 pop_spec=20.96 spec_max=32 q_mean=0.552 q_max=1.000 q_above_half=2425 marked=0.237 mark_density=0.871 exp_mean=12309.5 addr_spec=3.087 addr_random=1.087 addr_full=0.0596 correct=244
  mpx-135 traj: trials=154920000 wall=596090s knowledge=0.4895 reliable=266 spec=8.25 pop=5017
  mpx-135 diag: trials=154920000 micro=7020 pop_spec=20.42 spec_max=32 q_mean=0.548 q_max=1.000 q_above_half=2515 marked=0.233 mark_density=0.874 exp_mean=11568.3 addr_spec=2.932 addr_random=1.059 addr_full=0.0570 correct=244
  mpx-135 traj: trials=154980000 wall=596207s knowledge=0.4896 reliable=267 spec=8.23 pop=5157
  mpx-135 diag: trials=154980000 micro=7209 pop_spec=20.27 spec_max=32 q_mean=0.549 q_max=1.000 q_above_half=2603 marked=0.217 mark_density=0.870 exp_mean=11260.9 addr_spec=2.826 addr_random=1.051 addr_full=0.0549 correct=244
  mpx-135 traj: trials=155040000 wall=596241s knowledge=0.4896 reliable=263 spec=8.19 pop=4795
  mpx-135 diag: trials=155040000 micro=6797 pop_spec=20.70 spec_max=32 q_mean=0.551 q_max=1.000 q_above_half=2495 marked=0.242 mark_density=0.876 exp_mean=12118.4 addr_spec=2.970 addr_random=1.073 addr_full=0.0596 correct=244
  mpx-135 traj: trials=155100000 wall=596294s knowledge=0.4895 reliable=264 spec=8.20 pop=5703
  mpx-135 diag: trials=155100000 micro=7696 pop_spec=18.27 spec_max=32 q_mean=0.543 q_max=1.000 q_above_half=2753 marked=0.274 mark_density=0.900 exp_mean=10195.6 addr_spec=2.523 addr_random=0.947 addr_full=0.0491 correct=244
  mpx-135 traj: trials=155160000 wall=596436s knowledge=0.4897 reliable=265 spec=8.19 pop=4957
  mpx-135 diag: trials=155160000 micro=6947 pop_spec=20.57 spec_max=32 q_mean=0.549 q_max=1.000 q_above_half=2517 marked=0.233 mark_density=0.872 exp_mean=11736.6 addr_spec=3.014 addr_random=1.067 addr_full=0.0579 correct=244
  mpx-135 traj: trials=155220000 wall=596638s knowledge=0.4895 reliable=262 spec=8.18 pop=5258
  mpx-135 diag: trials=155220000 micro=7246 pop_spec=20.17 spec_max=32 q_mean=0.547 q_max=1.000 q_above_half=2626 marked=0.220 mark_density=0.871 exp_mean=11071.6 addr_spec=2.788 addr_random=1.046 addr_full=0.0533 correct=244
  mpx-135 traj: trials=155280000 wall=596678s knowledge=0.4894 reliable=262 spec=8.19 pop=4882
  mpx-135 diag: trials=155280000 micro=6881 pop_spec=20.62 spec_max=32 q_mean=0.550 q_max=1.000 q_above_half=2533 marked=0.243 mark_density=0.877 exp_mean=11931.4 addr_spec=2.966 addr_random=1.069 addr_full=0.0578 correct=244
  mpx-135 traj: trials=155340000 wall=596716s knowledge=0.4894 reliable=261 spec=8.17 pop=4797
  mpx-135 diag: trials=155340000 micro=6775 pop_spec=20.79 spec_max=32 q_mean=0.554 q_max=1.000 q_above_half=2495 marked=0.230 mark_density=0.871 exp_mean=12150.1 addr_spec=3.024 addr_random=1.078 addr_full=0.0590 correct=244
  mpx-135 traj: trials=155400000 wall=596752s knowledge=0.4894 reliable=261 spec=8.15 pop=4583
  mpx-135 diag: trials=155400000 micro=6579 pop_spec=21.36 spec_max=32 q_mean=0.552 q_max=1.000 q_above_half=2279 marked=0.231 mark_density=0.867 exp_mean=12725.0 addr_spec=3.124 addr_random=1.107 addr_full=0.0620 correct=244
  mpx-135 traj: trials=155460000 wall=596797s knowledge=0.4894 reliable=260 spec=8.15 pop=4898
  mpx-135 diag: trials=155460000 micro=6820 pop_spec=20.54 spec_max=32 q_mean=0.552 q_max=1.000 q_above_half=2565 marked=0.238 mark_density=0.874 exp_mean=11914.1 addr_spec=2.980 addr_random=1.065 addr_full=0.0566 correct=244
  mpx-135 traj: trials=155520000 wall=596844s knowledge=0.4900 reliable=262 spec=8.19 pop=4971
  mpx-135 diag: trials=155520000 micro=6954 pop_spec=20.49 spec_max=32 q_mean=0.551 q_max=1.000 q_above_half=2500 marked=0.231 mark_density=0.873 exp_mean=11746.1 addr_spec=2.888 addr_random=1.062 addr_full=0.0551 correct=244
  mpx-135 traj: trials=155580000 wall=596884s knowledge=0.4899 reliable=261 spec=8.17 pop=4758
  mpx-135 diag: trials=155580000 micro=6747 pop_spec=20.89 spec_max=32 q_mean=0.550 q_max=1.000 q_above_half=2399 marked=0.240 mark_density=0.873 exp_mean=12279.4 addr_spec=3.071 addr_random=1.083 addr_full=0.0599 correct=244
  mpx-135 traj: trials=155640000 wall=596955s knowledge=0.4899 reliable=263 spec=8.21 pop=5380
  mpx-135 diag: trials=155640000 micro=7320 pop_spec=20.01 spec_max=32 q_mean=0.546 q_max=1.000 q_above_half=2504 marked=0.206 mark_density=0.870 exp_mean=10866.4 addr_spec=2.806 addr_random=1.037 addr_full=0.0519 correct=244
  mpx-135 traj: trials=155700000 wall=596991s knowledge=0.4906 reliable=266 spec=8.23 pop=4767
  mpx-135 diag: trials=155700000 micro=6734 pop_spec=20.91 spec_max=32 q_mean=0.554 q_max=1.000 q_above_half=2503 marked=0.224 mark_density=0.867 exp_mean=12271.0 addr_spec=3.019 addr_random=1.084 addr_full=0.0592 correct=244
  mpx-135 traj: trials=155760000 wall=597070s knowledge=0.4902 reliable=267 spec=8.21 pop=4740
  mpx-135 diag: trials=155760000 micro=6707 pop_spec=20.95 spec_max=32 q_mean=0.553 q_max=1.000 q_above_half=2485 marked=0.223 mark_density=0.867 exp_mean=12348.5 addr_spec=3.013 addr_random=1.086 addr_full=0.0593 correct=244
  mpx-135 traj: trials=155820000 wall=597143s knowledge=0.4901 reliable=266 spec=8.23 pop=4900
  mpx-135 diag: trials=155820000 micro=6877 pop_spec=20.65 spec_max=32 q_mean=0.549 q_max=1.000 q_above_half=2393 marked=0.230 mark_density=0.872 exp_mean=11952.3 addr_spec=2.954 addr_random=1.071 addr_full=0.0561 correct=244
  mpx-135 traj: trials=155880000 wall=597186s knowledge=0.4901 reliable=264 spec=8.22 pop=4688
  mpx-135 diag: trials=155880000 micro=6673 pop_spec=21.07 spec_max=32 q_mean=0.552 q_max=1.000 q_above_half=2416 marked=0.222 mark_density=0.865 exp_mean=12500.3 addr_spec=3.078 addr_random=1.093 addr_full=0.0599 correct=244
  mpx-135 traj: trials=155940000 wall=597252s knowledge=0.4899 reliable=261 spec=8.18 pop=5218
  mpx-135 diag: trials=155940000 micro=7231 pop_spec=19.92 spec_max=32 q_mean=0.549 q_max=1.000 q_above_half=2575 marked=0.224 mark_density=0.875 exp_mean=11237.6 addr_spec=2.778 addr_random=1.033 addr_full=0.0531 correct=244
  mpx-135 traj: trials=156000000 wall=597368s knowledge=0.4894 reliable=257 spec=8.12 pop=5074
  mpx-135 diag: trials=156000000 micro=7068 pop_spec=20.47 spec_max=32 q_mean=0.547 q_max=1.000 q_above_half=2480 marked=0.214 mark_density=0.869 exp_mean=11563.3 addr_spec=2.858 addr_random=1.061 addr_full=0.0534 correct=244
  mpx-135 traj: trials=156060000 wall=597413s knowledge=0.4900 reliable=258 spec=8.12 pop=4786
  mpx-135 diag: trials=156060000 micro=6798 pop_spec=20.77 spec_max=32 q_mean=0.552 q_max=1.000 q_above_half=2467 marked=0.239 mark_density=0.874 exp_mean=12266.4 addr_spec=2.975 addr_random=1.077 addr_full=0.0570 correct=244
  mpx-135 traj: trials=156120000 wall=597487s knowledge=0.4893 reliable=256 spec=8.11 pop=4762
  mpx-135 diag: trials=156120000 micro=6768 pop_spec=21.01 spec_max=32 q_mean=0.551 q_max=1.000 q_above_half=2417 marked=0.230 mark_density=0.869 exp_mean=12335.6 addr_spec=3.029 addr_random=1.090 addr_full=0.0586 correct=244
  mpx-135 traj: trials=156180000 wall=597549s knowledge=0.4893 reliable=255 spec=8.09 pop=5014
  mpx-135 diag: trials=156180000 micro=7034 pop_spec=20.59 spec_max=32 q_mean=0.549 q_max=1.000 q_above_half=2459 marked=0.213 mark_density=0.867 exp_mean=11722.7 addr_spec=2.949 addr_random=1.068 addr_full=0.0550 correct=244
  mpx-135 traj: trials=156240000 wall=597620s knowledge=0.4893 reliable=257 spec=8.12 pop=5004
  mpx-135 diag: trials=156240000 micro=6996 pop_spec=20.54 spec_max=32 q_mean=0.547 q_max=1.000 q_above_half=2429 marked=0.215 mark_density=0.868 exp_mean=11753.1 addr_spec=2.822 addr_random=1.065 addr_full=0.0552 correct=244
  mpx-135 traj: trials=156300000 wall=597658s knowledge=0.4893 reliable=257 spec=8.11 pop=4650
  mpx-135 diag: trials=156300000 micro=6642 pop_spec=21.09 spec_max=32 q_mean=0.552 q_max=1.000 q_above_half=2405 marked=0.236 mark_density=0.871 exp_mean=12655.4 addr_spec=3.032 addr_random=1.094 addr_full=0.0596 correct=244
  mpx-135 traj: trials=156360000 wall=597752s knowledge=0.4888 reliable=260 spec=8.15 pop=5212
  mpx-135 diag: trials=156360000 micro=7170 pop_spec=20.14 spec_max=32 q_mean=0.547 q_max=1.000 q_above_half=2637 marked=0.221 mark_density=0.871 exp_mean=11297.1 addr_spec=2.827 addr_random=1.044 addr_full=0.0530 correct=244
  mpx-135 traj: trials=156420000 wall=597791s knowledge=0.4888 reliable=257 spec=8.15 pop=4778
  mpx-135 diag: trials=156420000 micro=6778 pop_spec=20.89 spec_max=32 q_mean=0.549 q_max=1.000 q_above_half=2414 marked=0.226 mark_density=0.868 exp_mean=12330.4 addr_spec=2.996 addr_random=1.083 addr_full=0.0571 correct=244
  mpx-135 traj: trials=156480000 wall=597850s knowledge=0.4888 reliable=255 spec=8.11 pop=4648
  mpx-135 diag: trials=156480000 micro=6639 pop_spec=21.10 spec_max=32 q_mean=0.549 q_max=1.000 q_above_half=2317 marked=0.227 mark_density=0.868 exp_mean=12682.8 addr_spec=3.015 addr_random=1.094 addr_full=0.0581 correct=244
  mpx-135 traj: trials=156540000 wall=597893s knowledge=0.4888 reliable=255 spec=8.11 pop=4890
  mpx-135 diag: trials=156540000 micro=6874 pop_spec=20.58 spec_max=32 q_mean=0.544 q_max=1.000 q_above_half=2358 marked=0.242 mark_density=0.876 exp_mean=12062.5 addr_spec=2.893 addr_random=1.067 addr_full=0.0558 correct=244
  mpx-135 traj: trials=156600000 wall=597975s knowledge=0.4888 reliable=258 spec=8.10 pop=4906
  mpx-135 diag: trials=156600000 micro=6902 pop_spec=20.43 spec_max=32 q_mean=0.546 q_max=1.000 q_above_half=2435 marked=0.251 mark_density=0.880 exp_mean=12030.4 addr_spec=2.912 addr_random=1.059 addr_full=0.0556 correct=244
  mpx-135 traj: trials=156660000 wall=598019s knowledge=0.4888 reliable=258 spec=8.10 pop=4680
  mpx-135 diag: trials=156660000 micro=6688 pop_spec=21.00 spec_max=32 q_mean=0.548 q_max=1.000 q_above_half=2359 marked=0.239 mark_density=0.872 exp_mean=12618.8 addr_spec=2.994 addr_random=1.089 addr_full=0.0583 correct=244
  mpx-135 traj: trials=156720000 wall=598072s knowledge=0.4888 reliable=259 spec=8.10 pop=5100
  mpx-135 diag: trials=156720000 micro=7108 pop_spec=20.31 spec_max=32 q_mean=0.547 q_max=1.000 q_above_half=2470 marked=0.217 mark_density=0.870 exp_mean=11586.6 addr_spec=2.808 addr_random=1.053 addr_full=0.0524 correct=244
  mpx-135 traj: trials=156780000 wall=598121s knowledge=0.4893 reliable=257 spec=8.11 pop=4620
  mpx-135 diag: trials=156780000 micro=6604 pop_spec=21.18 spec_max=32 q_mean=0.552 q_max=1.000 q_above_half=2415 marked=0.231 mark_density=0.867 exp_mean=12797.9 addr_spec=3.076 addr_random=1.098 addr_full=0.0578 correct=244
  mpx-135 traj: trials=156840000 wall=598160s knowledge=0.4891 reliable=258 spec=8.12 pop=4692
  mpx-135 diag: trials=156840000 micro=6701 pop_spec=20.90 spec_max=32 q_mean=0.549 q_max=1.000 q_above_half=2381 marked=0.239 mark_density=0.873 exp_mean=12609.1 addr_spec=3.094 addr_random=1.084 addr_full=0.0580 correct=244
  mpx-135 traj: trials=156900000 wall=598256s knowledge=0.4889 reliable=255 spec=8.10 pop=4835
  mpx-135 diag: trials=156900000 micro=6812 pop_spec=20.69 spec_max=32 q_mean=0.549 q_max=1.000 q_above_half=2436 marked=0.234 mark_density=0.872 exp_mean=12243.4 addr_spec=2.984 addr_random=1.073 addr_full=0.0567 correct=244
  mpx-135 traj: trials=156960000 wall=598292s knowledge=0.4889 reliable=255 spec=8.10 pop=4585
  mpx-135 diag: trials=156960000 micro=6606 pop_spec=21.22 spec_max=32 q_mean=0.548 q_max=1.000 q_above_half=2294 marked=0.238 mark_density=0.871 exp_mean=12918.5 addr_spec=3.038 addr_random=1.100 addr_full=0.0587 correct=244
  mpx-135 traj: trials=157020000 wall=598421s knowledge=0.4889 reliable=258 spec=8.11 pop=5147
  mpx-135 diag: trials=157020000 micro=7127 pop_spec=20.09 spec_max=32 q_mean=0.545 q_max=1.000 q_above_half=2452 marked=0.231 mark_density=0.876 exp_mean=11515.1 addr_spec=2.868 addr_random=1.042 addr_full=0.0527 correct=244
  mpx-135 traj: trials=157080000 wall=598456s knowledge=0.4889 reliable=257 spec=8.11 pop=4761
  mpx-135 diag: trials=157080000 micro=6751 pop_spec=20.68 spec_max=32 q_mean=0.552 q_max=1.000 q_above_half=2464 marked=0.246 mark_density=0.876 exp_mean=12455.9 addr_spec=3.047 addr_random=1.072 addr_full=0.0576 correct=244
  mpx-135 traj: trials=157140000 wall=598528s knowledge=0.4895 reliable=259 spec=8.09 pop=5073
  mpx-135 diag: trials=157140000 micro=7102 pop_spec=20.42 spec_max=32 q_mean=0.550 q_max=1.000 q_above_half=2501 marked=0.214 mark_density=0.868 exp_mean=11696.8 addr_spec=2.891 addr_random=1.059 addr_full=0.0562 correct=244
  mpx-135 traj: trials=157200000 wall=598681s knowledge=0.4894 reliable=258 spec=8.12 pop=5225
  mpx-135 diag: trials=157200000 micro=7187 pop_spec=20.12 spec_max=32 q_mean=0.548 q_max=1.000 q_above_half=2623 marked=0.224 mark_density=0.871 exp_mean=11363.4 addr_spec=2.821 addr_random=1.043 addr_full=0.0528 correct=244
  mpx-135 traj: trials=157260000 wall=598809s knowledge=0.4894 reliable=257 spec=8.12 pop=5242
  mpx-135 diag: trials=157260000 micro=7237 pop_spec=20.20 spec_max=32 q_mean=0.547 q_max=1.000 q_above_half=2691 marked=0.218 mark_density=0.870 exp_mean=11333.2 addr_spec=2.818 addr_random=1.047 addr_full=0.0546 correct=244
  mpx-135 traj: trials=157320000 wall=598935s knowledge=0.4889 reliable=258 spec=8.12 pop=5564
  mpx-135 diag: trials=157320000 micro=7610 pop_spec=19.38 spec_max=32 q_mean=0.548 q_max=1.000 q_above_half=2756 marked=0.210 mark_density=0.874 exp_mean=10683.7 addr_spec=2.602 addr_random=1.005 addr_full=0.0501 correct=244
  mpx-135 traj: trials=157380000 wall=599013s knowledge=0.4890 reliable=259 spec=8.15 pop=4830
  mpx-135 diag: trials=157380000 micro=6779 pop_spec=20.75 spec_max=32 q_mean=0.550 q_max=1.000 q_above_half=2494 marked=0.230 mark_density=0.870 exp_mean=12314.3 addr_spec=3.014 addr_random=1.076 addr_full=0.0592 correct=244
  mpx-135 traj: trials=157440000 wall=599110s knowledge=0.4890 reliable=261 spec=8.17 pop=4947
  mpx-135 diag: trials=157440000 micro=6936 pop_spec=20.46 spec_max=32 q_mean=0.550 q_max=1.000 q_above_half=2553 marked=0.237 mark_density=0.875 exp_mean=12030.3 addr_spec=2.858 addr_random=1.061 addr_full=0.0564 correct=244
  mpx-135 traj: trials=157500000 wall=599151s knowledge=0.4899 reliable=265 spec=8.19 pop=4780
  mpx-135 diag: trials=157500000 micro=6764 pop_spec=20.84 spec_max=32 q_mean=0.549 q_max=1.000 q_above_half=2387 marked=0.235 mark_density=0.872 exp_mean=12457.9 addr_spec=2.991 addr_random=1.081 addr_full=0.0588 correct=244
  mpx-135 traj: trials=157560000 wall=599189s knowledge=0.4901 reliable=268 spec=8.18 pop=4560
  mpx-135 diag: trials=157560000 micro=6588 pop_spec=21.34 spec_max=32 q_mean=0.548 q_max=1.000 q_above_half=2237 marked=0.225 mark_density=0.864 exp_mean=13066.6 addr_spec=3.107 addr_random=1.106 addr_full=0.0616 correct=244
  mpx-135 traj: trials=157620000 wall=599249s knowledge=0.4890 reliable=262 spec=8.18 pop=4849
  mpx-135 diag: trials=157620000 micro=6833 pop_spec=20.62 spec_max=32 q_mean=0.549 q_max=1.000 q_above_half=2487 marked=0.235 mark_density=0.873 exp_mean=12295.2 addr_spec=2.939 addr_random=1.069 addr_full=0.0567 correct=244
  mpx-135 traj: trials=157680000 wall=599284s knowledge=0.4890 reliable=261 spec=8.18 pop=4991
  mpx-135 diag: trials=157680000 micro=6998 pop_spec=19.90 spec_max=32 q_mean=0.546 q_max=1.000 q_above_half=2426 marked=0.266 mark_density=0.887 exp_mean=11952.5 addr_spec=2.773 addr_random=1.032 addr_full=0.0567 correct=244
  mpx-135 traj: trials=157740000 wall=599386s knowledge=0.4890 reliable=259 spec=8.16 pop=5172
  mpx-135 diag: trials=157740000 micro=7163 pop_spec=20.33 spec_max=32 q_mean=0.545 q_max=1.000 q_above_half=2469 marked=0.198 mark_density=0.863 exp_mean=11540.8 addr_spec=2.768 addr_random=1.054 addr_full=0.0524 correct=244
  mpx-135 traj: trials=157800000 wall=599496s knowledge=0.4890 reliable=259 spec=8.18 pop=5126
  mpx-135 diag: trials=157800000 micro=7162 pop_spec=20.29 spec_max=32 q_mean=0.548 q_max=1.000 q_above_half=2561 marked=0.221 mark_density=0.871 exp_mean=11651.3 addr_spec=2.861 addr_random=1.052 addr_full=0.0538 correct=244
  mpx-135 traj: trials=157860000 wall=599593s knowledge=0.4892 reliable=261 spec=8.21 pop=5166
  mpx-135 diag: trials=157860000 micro=7183 pop_spec=20.18 spec_max=32 q_mean=0.546 q_max=1.000 q_above_half=2607 marked=0.220 mark_density=0.870 exp_mean=11568.0 addr_spec=2.876 addr_random=1.046 addr_full=0.0540 correct=244
  mpx-135 traj: trials=157920000 wall=599652s knowledge=0.4891 reliable=261 spec=8.20 pop=5732
  mpx-135 diag: trials=157920000 micro=7758 pop_spec=18.11 spec_max=32 q_mean=0.545 q_max=1.000 q_above_half=2935 marked=0.253 mark_density=0.894 exp_mean=10432.5 addr_spec=2.555 addr_random=0.939 addr_full=0.0475 correct=244
  mpx-135 traj: trials=157980000 wall=599733s knowledge=0.4891 reliable=262 spec=8.19 pop=4928
  mpx-135 diag: trials=157980000 micro=6918 pop_spec=20.52 spec_max=32 q_mean=0.547 q_max=1.000 q_above_half=2449 marked=0.229 mark_density=0.872 exp_mean=12141.0 addr_spec=2.944 addr_random=1.064 addr_full=0.0578 correct=244
  mpx-135 traj: trials=158040000 wall=599796s knowledge=0.4891 reliable=261 spec=8.19 pop=4810
  mpx-135 diag: trials=158040000 micro=6812 pop_spec=20.76 spec_max=32 q_mean=0.550 q_max=1.000 q_above_half=2411 marked=0.227 mark_density=0.869 exp_mean=12446.1 addr_spec=2.959 addr_random=1.076 addr_full=0.0595 correct=244
  mpx-135 traj: trials=158100000 wall=599839s knowledge=0.4892 reliable=261 spec=8.16 pop=4666
  mpx-135 diag: trials=158100000 micro=6626 pop_spec=21.01 spec_max=32 q_mean=0.550 q_max=1.000 q_above_half=2388 marked=0.235 mark_density=0.869 exp_mean=12837.7 addr_spec=3.027 addr_random=1.090 addr_full=0.0592 correct=244
  mpx-135 traj: trials=158160000 wall=599952s knowledge=0.4889 reliable=260 spec=8.14 pop=5165
  mpx-135 diag: trials=158160000 micro=7162 pop_spec=20.01 spec_max=32 q_mean=0.544 q_max=1.000 q_above_half=2536 marked=0.223 mark_density=0.873 exp_mean=11604.4 addr_spec=2.772 addr_random=1.038 addr_full=0.0538 correct=244
  mpx-135 traj: trials=158220000 wall=599991s knowledge=0.4889 reliable=259 spec=8.14 pop=4709
  mpx-135 diag: trials=158220000 micro=6674 pop_spec=20.94 spec_max=32 q_mean=0.548 q_max=1.000 q_above_half=2327 marked=0.224 mark_density=0.867 exp_mean=12735.4 addr_spec=2.976 addr_random=1.086 addr_full=0.0586 correct=244
  mpx-135 repeat 0: TIME-LIMITED trials=158236000 knowledge=0.4889 reliable=258 spec=8.14/136 peak_macro=148377 peak_rss=0.00GB wall=600000.2s
  mpx-135 verdict agreement across 1 repeats: ALL AGREE
