acs2-bench mpx-reach: agent=acs2 sizes=[135] n_exp=1 seed=42 rss_cap=5.6GB time_cap=600000s do_ga=true alp_gen_variant=pyalcs
  mem mpx-135 (N=136): condition=272B effect=272B mark=3264B (stack) classifier=3896B  mark/classifier=83.8%  rss-cap pop-threshold=1437371
  mpx-135 trials_cap=18446744073709551615 (= 20000*2^(k-6)*10, clamped to u64::MAX) u_max=11
  mpx-135 traj: trials=120000 wall=562s knowledge=0.0000 reliable=0 spec=0.00 pop=17862
  mpx-135 diag: trials=120000 micro=17910 pop_spec=10.95 spec_max=22 q_mean=0.543 q_max=0.797 q_above_half=12558 marked=0.372 mark_density=0.921 exp_mean=2.8 addr_spec=0.556 addr_random=0.568 addr_full=0.0000 correct=0
  mpx-135 cover: trials=120000 overall=0.0000 a0_nochange=0.0000 a0_change=0.0000 a1_nochange=0.0000 a1_change=0.0000 matched_but_wrong=0
  mpx-135 qdetail: trials=120000 a0nc_any=0.9981 a0nc_q=0.761 a0c_any=0.9942 a0c_q=0.787 a1nc_any=0.9950 a1nc_q=0.797 a1c_any=0.9926 a1c_q=0.772
  mpx-135 traj: trials=240000 wall=1897s knowledge=0.0000 reliable=0 spec=0.00 pop=27998
  mpx-135 diag: trials=240000 micro=28057 pop_spec=11.59 spec_max=23 q_mean=0.549 q_max=0.804 q_above_half=20700 marked=0.374 mark_density=0.916 exp_mean=2.8 addr_spec=0.630 addr_random=0.601 addr_full=0.0000 correct=0
  mpx-135 cover: trials=240000 overall=0.0000 a0_nochange=0.0000 a0_change=0.0000 a1_nochange=0.0000 a1_change=0.0000 matched_but_wrong=0
  mpx-135 qdetail: trials=240000 a0nc_any=0.9969 a0nc_q=0.789 a0c_any=0.9942 a0c_q=0.804 a1nc_any=0.9942 a1nc_q=0.800 a1c_any=0.9856 a1c_q=0.802
  mpx-135 traj: trials=360000 wall=4000s knowledge=0.0000 reliable=0 spec=0.00 pop=37105
  mpx-135 diag: trials=360000 micro=37159 pop_spec=11.86 spec_max=25 q_mean=0.552 q_max=0.805 q_above_half=27816 marked=0.368 mark_density=0.914 exp_mean=2.8 addr_spec=0.662 addr_random=0.615 addr_full=0.0000 correct=0
  mpx-135 cover: trials=360000 overall=0.0000 a0_nochange=0.0000 a0_change=0.0000 a1_nochange=0.0000 a1_change=0.0000 matched_but_wrong=0
  mpx-135 qdetail: trials=360000 a0nc_any=0.9984 a0nc_q=0.801 a0c_any=0.9865 a0c_q=0.780 a1nc_any=0.9889 a1nc_q=0.805 a1c_any=0.9979 a1c_q=0.793
  mpx-135 traj: trials=480000 wall=6619s knowledge=0.0000 reliable=0 spec=0.00 pop=43078
  mpx-135 diag: trials=480000 micro=43164 pop_spec=12.05 spec_max=25 q_mean=0.555 q_max=0.829 q_above_half=32915 marked=0.369 mark_density=0.913 exp_mean=2.8 addr_spec=0.709 addr_random=0.625 addr_full=0.0000 correct=0
  mpx-135 cover: trials=480000 overall=0.0000 a0_nochange=0.0000 a0_change=0.0000 a1_nochange=0.0000 a1_change=0.0000 matched_but_wrong=0
  mpx-135 qdetail: trials=480000 a0nc_any=0.9988 a0nc_q=0.821 a0c_any=0.9761 a0c_q=0.829 a1nc_any=0.9932 a1nc_q=0.802 a1c_any=0.9973 a1c_q=0.793
  mpx-135 traj: trials=600000 wall=9679s knowledge=0.0000 reliable=0 spec=0.00 pop=48599
  mpx-135 diag: trials=600000 micro=48692 pop_spec=12.23 spec_max=25 q_mean=0.558 q_max=0.882 q_above_half=37546 marked=0.364 mark_density=0.912 exp_mean=2.8 addr_spec=0.759 addr_random=0.634 addr_full=0.0000 correct=0
  mpx-135 cover: trials=600000 overall=0.0000 a0_nochange=0.0000 a0_change=0.0000 a1_nochange=0.0000 a1_change=0.0000 matched_but_wrong=0
  mpx-135 qdetail: trials=600000 a0nc_any=0.9858 a0nc_q=0.862 a0c_any=0.9981 a0c_q=0.818 a1nc_any=0.9962 a1nc_q=0.819 a1c_any=0.9949 a1c_q=0.816
  mpx-135 traj: trials=720000 wall=13066s knowledge=0.0003 reliable=1 spec=12.00 pop=54155
  mpx-135 diag: trials=720000 micro=54247 pop_spec=12.34 spec_max=26 q_mean=0.558 q_max=0.953 q_above_half=41879 marked=0.368 mark_density=0.911 exp_mean=2.8 addr_spec=0.790 addr_random=0.640 addr_full=0.0000 correct=0
  mpx-135 cover: trials=720000 overall=0.0003 a0_nochange=0.0000 a0_change=0.0000 a1_nochange=0.0012 a1_change=0.0000 matched_but_wrong=0
  mpx-135 qdetail: trials=720000 a0nc_any=0.9976 a0nc_q=0.876 a0c_any=0.9889 a0c_q=0.797 a1nc_any=0.9835 a1nc_q=0.953 a1c_any=0.9988 a1c_q=0.815
  mpx-135 traj: trials=840000 wall=16819s knowledge=0.0009 reliable=8 spec=12.38 pop=58006
  mpx-135 diag: trials=840000 micro=58114 pop_spec=12.44 spec_max=26 q_mean=0.561 q_max=1.000 q_above_half=45469 marked=0.366 mark_density=0.910 exp_mean=2.8 addr_spec=0.845 addr_random=0.645 addr_full=0.0000 correct=0
  mpx-135 cover: trials=840000 overall=0.0009 a0_nochange=0.0014 a0_change=0.0000 a1_nochange=0.0023 a1_change=0.0000 matched_but_wrong=4
  mpx-135 qdetail: trials=840000 a0nc_any=1.0000 a0nc_q=0.926 a0c_any=0.9981 a0c_q=0.889 a1nc_any=0.9866 a1nc_q=1.000 a1c_any=0.9978 a1c_q=0.840
  mpx-135 traj: trials=960000 wall=20794s knowledge=0.0017 reliable=19 spec=12.42 pop=61124
  mpx-135 diag: trials=960000 micro=61223 pop_spec=12.54 spec_max=26 q_mean=0.564 q_max=1.000 q_above_half=48303 marked=0.365 mark_density=0.910 exp_mean=2.8 addr_spec=0.878 addr_random=0.650 addr_full=0.0000 correct=0
  mpx-135 cover: trials=960000 overall=0.0017 a0_nochange=0.0020 a0_change=0.0000 a1_nochange=0.0049 a1_change=0.0000 matched_but_wrong=13
  mpx-135 qdetail: trials=960000 a0nc_any=0.9818 a0nc_q=1.000 a0c_any=0.9978 a0c_q=0.882 a1nc_any=0.9928 a1nc_q=1.000 a1c_any=0.9990 a1c_q=0.820
  mpx-135 traj: trials=1080000 wall=25154s knowledge=0.0021 reliable=15 spec=12.27 pop=65785
  mpx-135 diag: trials=1080000 micro=65890 pop_spec=12.58 spec_max=26 q_mean=0.565 q_max=1.000 q_above_half=52160 marked=0.367 mark_density=0.909 exp_mean=2.8 addr_spec=0.942 addr_random=0.652 addr_full=0.0000 correct=0
  mpx-135 cover: trials=1080000 overall=0.0021 a0_nochange=0.0020 a0_change=0.0002 a1_nochange=0.0062 a1_change=0.0000 matched_but_wrong=11
  mpx-135 qdetail: trials=1080000 a0nc_any=0.9601 a0nc_q=1.000 a0c_any=0.9994 a0c_q=0.904 a1nc_any=0.9962 a1nc_q=1.000 a1c_any=0.9992 a1c_q=0.838
  mpx-135 traj: trials=1200000 wall=29988s knowledge=0.0028 reliable=11 spec=12.36 pop=67545
  mpx-135 diag: trials=1200000 micro=67644 pop_spec=12.67 spec_max=26 q_mean=0.565 q_max=1.000 q_above_half=53767 marked=0.370 mark_density=0.909 exp_mean=2.8 addr_spec=0.977 addr_random=0.657 addr_full=0.0000 correct=0
  mpx-135 cover: trials=1200000 overall=0.0028 a0_nochange=0.0020 a0_change=0.0002 a1_nochange=0.0092 a1_change=0.0000 matched_but_wrong=5
  mpx-135 qdetail: trials=1200000 a0nc_any=0.9639 a0nc_q=1.000 a0c_any=0.9994 a0c_q=0.918 a1nc_any=0.9710 a1nc_q=1.000 a1c_any=0.9992 a1c_q=0.840
  mpx-135 traj: trials=1320000 wall=35066s knowledge=0.0027 reliable=5 spec=11.60 pop=69595
  mpx-135 diag: trials=1320000 micro=69724 pop_spec=12.76 spec_max=27 q_mean=0.566 q_max=1.000 q_above_half=55648 marked=0.362 mark_density=0.908 exp_mean=2.8 addr_spec=0.967 addr_random=0.662 addr_full=0.0000 correct=0
  mpx-135 cover: trials=1320000 overall=0.0027 a0_nochange=0.0017 a0_change=0.0002 a1_nochange=0.0088 a1_change=0.0000 matched_but_wrong=1
  mpx-135 qdetail: trials=1320000 a0nc_any=0.9802 a0nc_q=1.000 a0c_any=0.9992 a0c_q=0.940 a1nc_any=0.9927 a1nc_q=1.000 a1c_any=0.9992 a1c_q=0.842
  mpx-135 traj: trials=1440000 wall=40315s knowledge=0.0030 reliable=8 spec=11.88 pop=71418
  mpx-135 diag: trials=1440000 micro=71532 pop_spec=12.83 spec_max=27 q_mean=0.567 q_max=1.000 q_above_half=57428 marked=0.360 mark_density=0.908 exp_mean=2.8 addr_spec=1.000 addr_random=0.665 addr_full=0.0000 correct=0
  mpx-135 cover: trials=1440000 overall=0.0030 a0_nochange=0.0029 a0_change=0.0002 a1_nochange=0.0088 a1_change=0.0000 matched_but_wrong=6
  mpx-135 qdetail: trials=1440000 a0nc_any=0.9711 a0nc_q=1.000 a0c_any=0.9994 a0c_q=0.951 a1nc_any=0.9738 a1nc_q=1.000 a1c_any=0.9991 a1c_q=0.842
  mpx-135 traj: trials=1560000 wall=45525s knowledge=0.0035 reliable=13 spec=11.85 pop=72848
  mpx-135 diag: trials=1560000 micro=72958 pop_spec=12.89 spec_max=27 q_mean=0.568 q_max=1.000 q_above_half=58781 marked=0.359 mark_density=0.907 exp_mean=2.8 addr_spec=1.032 addr_random=0.669 addr_full=0.0000 correct=0
  mpx-135 cover: trials=1560000 overall=0.0035 a0_nochange=0.0030 a0_change=0.0023 a1_nochange=0.0088 a1_change=0.0000 matched_but_wrong=9
  mpx-135 qdetail: trials=1560000 a0nc_any=0.9959 a0nc_q=1.000 a0c_any=0.9976 a0c_q=0.971 a1nc_any=0.9824 a1nc_q=1.000 a1c_any=0.9987 a1c_q=0.858
  mpx-135 traj: trials=1680000 wall=50591s knowledge=0.0037 reliable=17 spec=11.76 pop=74272
  mpx-135 diag: trials=1680000 micro=74399 pop_spec=12.94 spec_max=28 q_mean=0.568 q_max=1.000 q_above_half=59647 marked=0.362 mark_density=0.907 exp_mean=2.8 addr_spec=1.059 addr_random=0.671 addr_full=0.0000 correct=0
  mpx-135 cover: trials=1680000 overall=0.0037 a0_nochange=0.0026 a0_change=0.0032 a1_nochange=0.0091 a1_change=0.0000 matched_but_wrong=28
  mpx-135 qdetail: trials=1680000 a0nc_any=0.9898 a0nc_q=1.000 a0c_any=0.9987 a0c_q=1.000 a1nc_any=0.9655 a1nc_q=1.000 a1c_any=0.9996 a1c_q=0.837
  mpx-135 traj: trials=1800000 wall=55640s knowledge=0.0052 reliable=24 spec=11.67 pop=74435
  mpx-135 diag: trials=1800000 micro=74578 pop_spec=12.99 spec_max=28 q_mean=0.569 q_max=1.000 q_above_half=59790 marked=0.363 mark_density=0.907 exp_mean=2.8 addr_spec=1.100 addr_random=0.673 addr_full=0.0000 correct=0
  mpx-135 cover: trials=1800000 overall=0.0052 a0_nochange=0.0076 a0_change=0.0038 a1_nochange=0.0088 a1_change=0.0005 matched_but_wrong=41
  mpx-135 qdetail: trials=1800000 a0nc_any=0.9768 a0nc_q=1.000 a0c_any=0.9991 a0c_q=1.000 a1nc_any=0.9769 a1nc_q=1.000 a1c_any=0.9992 a1c_q=0.902
  mpx-135 traj: trials=1920000 wall=60542s knowledge=0.0052 reliable=20 spec=11.70 pop=76227
  mpx-135 diag: trials=1920000 micro=76373 pop_spec=13.02 spec_max=28 q_mean=0.570 q_max=1.000 q_above_half=61380 marked=0.363 mark_density=0.907 exp_mean=2.8 addr_spec=1.168 addr_random=0.675 addr_full=0.0000 correct=0
  mpx-135 cover: trials=1920000 overall=0.0052 a0_nochange=0.0076 a0_change=0.0042 a1_nochange=0.0088 a1_change=0.0000 matched_but_wrong=15
  mpx-135 qdetail: trials=1920000 a0nc_any=0.9793 a0nc_q=1.000 a0c_any=0.9982 a0c_q=1.000 a1nc_any=0.9740 a1nc_q=1.000 a1c_any=0.9990 a1c_q=0.856
  mpx-135 traj: trials=2040000 wall=65453s knowledge=0.0069 reliable=27 spec=11.59 pop=76049
  mpx-135 diag: trials=2040000 micro=76200 pop_spec=13.09 spec_max=28 q_mean=0.571 q_max=1.000 q_above_half=61610 marked=0.361 mark_density=0.906 exp_mean=2.8 addr_spec=1.214 addr_random=0.679 addr_full=0.0001 correct=0
  mpx-135 cover: trials=2040000 overall=0.0069 a0_nochange=0.0130 a0_change=0.0050 a1_nochange=0.0096 a1_change=0.0000 matched_but_wrong=4
  mpx-135 qdetail: trials=2040000 a0nc_any=0.9868 a0nc_q=1.000 a0c_any=0.9982 a0c_q=1.000 a1nc_any=0.9728 a1nc_q=1.000 a1c_any=0.9996 a1c_q=0.828
  mpx-135 traj: trials=2160000 wall=70357s knowledge=0.0084 reliable=37 spec=11.57 pop=77347
  mpx-135 diag: trials=2160000 micro=77513 pop_spec=13.13 spec_max=28 q_mean=0.572 q_max=1.000 q_above_half=62872 marked=0.357 mark_density=0.906 exp_mean=2.8 addr_spec=1.284 addr_random=0.681 addr_full=0.0001 correct=0
  mpx-135 cover: trials=2160000 overall=0.0084 a0_nochange=0.0184 a0_change=0.0055 a1_nochange=0.0098 a1_change=0.0000 matched_but_wrong=8
  mpx-135 qdetail: trials=2160000 a0nc_any=0.9824 a0nc_q=1.000 a0c_any=0.9985 a0c_q=1.000 a1nc_any=0.9762 a1nc_q=1.000 a1c_any=0.9989 a1c_q=0.806
  mpx-135 traj: trials=2280000 wall=75344s knowledge=0.0137 reliable=57 spec=11.56 pop=78717
  mpx-135 diag: trials=2280000 micro=78892 pop_spec=13.15 spec_max=28 q_mean=0.572 q_max=1.000 q_above_half=63612 marked=0.361 mark_density=0.906 exp_mean=2.9 addr_spec=1.350 addr_random=0.682 addr_full=0.0002 correct=1
  mpx-135 cover: trials=2280000 overall=0.0137 a0_nochange=0.0239 a0_change=0.0151 a1_nochange=0.0159 a1_change=0.0000 matched_but_wrong=26
  mpx-135 qdetail: trials=2280000 a0nc_any=0.9850 a0nc_q=1.000 a0c_any=0.9984 a0c_q=1.000 a1nc_any=0.9770 a1nc_q=1.000 a1c_any=0.9988 a1c_q=0.820
  mpx-135 traj: trials=2400000 wall=80437s knowledge=0.0203 reliable=83 spec=11.69 pop=79023
  mpx-135 diag: trials=2400000 micro=79220 pop_spec=13.17 spec_max=28 q_mean=0.575 q_max=1.000 q_above_half=64416 marked=0.357 mark_density=0.906 exp_mean=2.9 addr_spec=1.442 addr_random=0.683 addr_full=0.0003 correct=1
  mpx-135 cover: trials=2400000 overall=0.0203 a0_nochange=0.0418 a0_change=0.0187 a1_nochange=0.0206 a1_change=0.0000 matched_but_wrong=65
  mpx-135 qdetail: trials=2400000 a0nc_any=0.9908 a0nc_q=1.000 a0c_any=0.9985 a0c_q=1.000 a1nc_any=0.9727 a1nc_q=1.000 a1c_any=0.9994 a1c_q=0.823
  mpx-135 traj: trials=2520000 wall=85559s knowledge=0.0255 reliable=91 spec=11.82 pop=80191
  mpx-135 diag: trials=2520000 micro=80408 pop_spec=13.19 spec_max=28 q_mean=0.575 q_max=1.000 q_above_half=65159 marked=0.365 mark_density=0.906 exp_mean=2.9 addr_spec=1.513 addr_random=0.684 addr_full=0.0004 correct=1
  mpx-135 cover: trials=2520000 overall=0.0255 a0_nochange=0.0585 a0_change=0.0208 a1_nochange=0.0229 a1_change=0.0000 matched_but_wrong=22
  mpx-135 qdetail: trials=2520000 a0nc_any=0.9882 a0nc_q=1.000 a0c_any=0.9984 a0c_q=1.000 a1nc_any=1.0000 a1nc_q=1.000 a1c_any=0.9994 a1c_q=0.852
  mpx-135 traj: trials=2640000 wall=90838s knowledge=0.0296 reliable=99 spec=11.77 pop=79880
  mpx-135 diag: trials=2640000 micro=80127 pop_spec=13.21 spec_max=28 q_mean=0.577 q_max=1.000 q_above_half=65351 marked=0.359 mark_density=0.905 exp_mean=2.9 addr_spec=1.602 addr_random=0.685 addr_full=0.0005 correct=2
  mpx-135 cover: trials=2640000 overall=0.0296 a0_nochange=0.0675 a0_change=0.0218 a1_nochange=0.0284 a1_change=0.0006 matched_but_wrong=11
  mpx-135 qdetail: trials=2640000 a0nc_any=0.9808 a0nc_q=1.000 a0c_any=0.9958 a0c_q=1.000 a1nc_any=0.9693 a1nc_q=1.000 a1c_any=0.9991 a1c_q=0.915
  mpx-135 traj: trials=2760000 wall=95991s knowledge=0.0352 reliable=117 spec=11.73 pop=80696
  mpx-135 diag: trials=2760000 micro=80988 pop_spec=13.23 spec_max=28 q_mean=0.578 q_max=1.000 q_above_half=66269 marked=0.360 mark_density=0.905 exp_mean=3.0 addr_spec=1.684 addr_random=0.686 addr_full=0.0004 correct=1
  mpx-135 cover: trials=2760000 overall=0.0352 a0_nochange=0.0807 a0_change=0.0275 a1_nochange=0.0305 a1_change=0.0020 matched_but_wrong=15
  mpx-135 qdetail: trials=2760000 a0nc_any=0.9824 a0nc_q=1.000 a0c_any=0.9964 a0c_q=1.000 a1nc_any=0.9578 a1nc_q=1.000 a1c_any=0.9989 a1c_q=0.994
  mpx-135 traj: trials=2880000 wall=101111s knowledge=0.0423 reliable=144 spec=11.45 pop=80391
  mpx-135 diag: trials=2880000 micro=80729 pop_spec=13.27 spec_max=28 q_mean=0.581 q_max=1.000 q_above_half=66508 marked=0.358 mark_density=0.905 exp_mean=3.1 addr_spec=1.751 addr_random=0.688 addr_full=0.0005 correct=4
  mpx-135 cover: trials=2880000 overall=0.0423 a0_nochange=0.0995 a0_change=0.0307 a1_nochange=0.0371 a1_change=0.0020 matched_but_wrong=40
  mpx-135 qdetail: trials=2880000 a0nc_any=0.9829 a0nc_q=1.000 a0c_any=0.9970 a0c_q=1.000 a1nc_any=0.9717 a1nc_q=1.000 a1c_any=0.9979 a1c_q=1.000
  mpx-135 traj: trials=3000000 wall=106143s knowledge=0.0510 reliable=159 spec=11.43 pop=80359
  mpx-135 diag: trials=3000000 micro=80717 pop_spec=13.31 spec_max=28 q_mean=0.583 q_max=1.000 q_above_half=66506 marked=0.360 mark_density=0.905 exp_mean=3.1 addr_spec=1.856 addr_random=0.690 addr_full=0.0005 correct=6
  mpx-135 cover: trials=3000000 overall=0.0510 a0_nochange=0.1114 a0_change=0.0397 a1_nochange=0.0485 a1_change=0.0046 matched_but_wrong=43
  mpx-135 qdetail: trials=3000000 a0nc_any=0.9817 a0nc_q=1.000 a0c_any=0.9956 a0c_q=1.000 a1nc_any=0.9777 a1nc_q=1.000 a1c_any=0.9990 a1c_q=1.000
  mpx-135 traj: trials=3120000 wall=111127s knowledge=0.0624 reliable=171 spec=11.35 pop=79256
  mpx-135 diag: trials=3120000 micro=79661 pop_spec=13.36 spec_max=28 q_mean=0.584 q_max=1.000 q_above_half=66087 marked=0.358 mark_density=0.904 exp_mean=3.2 addr_spec=1.954 addr_random=0.693 addr_full=0.0007 correct=8
  mpx-135 cover: trials=3120000 overall=0.0624 a0_nochange=0.1289 a0_change=0.0589 a1_nochange=0.0512 a1_change=0.0104 matched_but_wrong=25
  mpx-135 qdetail: trials=3120000 a0nc_any=0.9832 a0nc_q=1.000 a0c_any=0.9954 a0c_q=1.000 a1nc_any=0.9784 a1nc_q=1.000 a1c_any=0.9982 a1c_q=1.000
  mpx-135 traj: trials=3240000 wall=115846s knowledge=0.0750 reliable=202 spec=11.35 pop=79136
  mpx-135 diag: trials=3240000 micro=79613 pop_spec=13.37 spec_max=28 q_mean=0.587 q_max=1.000 q_above_half=66154 marked=0.354 mark_density=0.904 exp_mean=3.3 addr_spec=2.069 addr_random=0.693 addr_full=0.0008 correct=9
  mpx-135 cover: trials=3240000 overall=0.0750 a0_nochange=0.1421 a0_change=0.0701 a1_nochange=0.0686 a1_change=0.0191 matched_but_wrong=64
  mpx-135 qdetail: trials=3240000 a0nc_any=0.9847 a0nc_q=1.000 a0c_any=0.9981 a0c_q=1.000 a1nc_any=0.9666 a1nc_q=1.000 a1c_any=0.9990 a1c_q=1.000
  mpx-135 traj: trials=3360000 wall=120578s knowledge=0.0907 reliable=261 spec=11.36 pop=77658
  mpx-135 diag: trials=3360000 micro=78213 pop_spec=13.41 spec_max=28 q_mean=0.591 q_max=1.000 q_above_half=65484 marked=0.353 mark_density=0.904 exp_mean=3.4 addr_spec=2.190 addr_random=0.696 addr_full=0.0011 correct=15
  mpx-135 cover: trials=3360000 overall=0.0907 a0_nochange=0.1630 a0_change=0.0885 a1_nochange=0.0843 a1_change=0.0272 matched_but_wrong=86
  mpx-135 qdetail: trials=3360000 a0nc_any=0.9805 a0nc_q=1.000 a0c_any=0.9966 a0c_q=1.000 a1nc_any=0.9670 a1nc_q=1.000 a1c_any=0.9993 a1c_q=1.000
  mpx-135 traj: trials=3480000 wall=125032s knowledge=0.1040 reliable=278 spec=11.35 pop=76245
  mpx-135 diag: trials=3480000 micro=76854 pop_spec=13.43 spec_max=28 q_mean=0.593 q_max=1.000 q_above_half=64287 marked=0.362 mark_density=0.904 exp_mean=3.5 addr_spec=2.300 addr_random=0.696 addr_full=0.0011 correct=16
  mpx-135 cover: trials=3480000 overall=0.1040 a0_nochange=0.1855 a0_change=0.0898 a1_nochange=0.1047 a1_change=0.0362 matched_but_wrong=111
  mpx-135 qdetail: trials=3480000 a0nc_any=0.9912 a0nc_q=1.000 a0c_any=0.9899 a0c_q=1.000 a1nc_any=0.9550 a1nc_q=1.000 a1c_any=0.9994 a1c_q=1.000
  mpx-135 traj: trials=3600000 wall=129197s knowledge=0.1195 reliable=318 spec=11.14 pop=75239
  mpx-135 diag: trials=3600000 micro=75937 pop_spec=13.41 spec_max=28 q_mean=0.597 q_max=1.000 q_above_half=64037 marked=0.359 mark_density=0.904 exp_mean=3.7 addr_spec=2.411 addr_random=0.696 addr_full=0.0014 correct=20
  mpx-135 cover: trials=3600000 overall=0.1195 a0_nochange=0.2117 a0_change=0.1035 a1_nochange=0.1236 a1_change=0.0392 matched_but_wrong=146
  mpx-135 qdetail: trials=3600000 a0nc_any=0.9964 a0nc_q=1.000 a0c_any=0.9941 a0c_q=1.000 a1nc_any=0.9870 a1nc_q=1.000 a1c_any=0.9977 a1c_q=1.000
  mpx-135 traj: trials=3720000 wall=133261s knowledge=0.1487 reliable=383 spec=11.11 pop=73102
  mpx-135 diag: trials=3720000 micro=73858 pop_spec=13.42 spec_max=28 q_mean=0.599 q_max=1.000 q_above_half=62202 marked=0.356 mark_density=0.904 exp_mean=3.9 addr_spec=2.503 addr_random=0.696 addr_full=0.0017 correct=27
  mpx-135 cover: trials=3720000 overall=0.1487 a0_nochange=0.2482 a0_change=0.1401 a1_nochange=0.1505 a1_change=0.0563 matched_but_wrong=131
  mpx-135 qdetail: trials=3720000 a0nc_any=0.9793 a0nc_q=1.000 a0c_any=0.9964 a0c_q=1.000 a1nc_any=0.9661 a1nc_q=1.000 a1c_any=0.9989 a1c_q=1.000
  mpx-135 traj: trials=3840000 wall=136992s knowledge=0.1717 reliable=427 spec=11.04 pop=69738
  mpx-135 diag: trials=3840000 micro=70600 pop_spec=13.45 spec_max=28 q_mean=0.602 q_max=1.000 q_above_half=59898 marked=0.353 mark_density=0.904 exp_mean=4.2 addr_spec=2.580 addr_random=0.697 addr_full=0.0018 correct=31
  mpx-135 cover: trials=3840000 overall=0.1717 a0_nochange=0.2745 a0_change=0.1667 a1_nochange=0.1861 a1_change=0.0594 matched_but_wrong=112
  mpx-135 qdetail: trials=3840000 a0nc_any=0.9681 a0nc_q=1.000 a0c_any=0.9927 a0c_q=1.000 a1nc_any=0.9945 a1nc_q=1.000 a1c_any=0.9986 a1c_q=1.000
  mpx-135 traj: trials=3960000 wall=140430s knowledge=0.1965 reliable=451 spec=10.97 pop=66497
  mpx-135 diag: trials=3960000 micro=67495 pop_spec=13.48 spec_max=28 q_mean=0.605 q_max=1.000 q_above_half=57043 marked=0.352 mark_density=0.904 exp_mean=4.5 addr_spec=2.677 addr_random=0.699 addr_full=0.0023 correct=36
  mpx-135 cover: trials=3960000 overall=0.1965 a0_nochange=0.3111 a0_change=0.2070 a1_nochange=0.1966 a1_change=0.0713 matched_but_wrong=175
  mpx-135 qdetail: trials=3960000 a0nc_any=0.9740 a0nc_q=1.000 a0c_any=0.9931 a0c_q=1.000 a1nc_any=0.9588 a1nc_q=1.000 a1c_any=0.9984 a1c_q=1.000
  mpx-135 traj: trials=4080000 wall=143397s knowledge=0.2290 reliable=498 spec=10.89 pop=63775
  mpx-135 diag: trials=4080000 micro=64899 pop_spec=13.48 spec_max=28 q_mean=0.606 q_max=1.000 q_above_half=55003 marked=0.351 mark_density=0.904 exp_mean=4.8 addr_spec=2.723 addr_random=0.699 addr_full=0.0026 correct=33
  mpx-135 cover: trials=4080000 overall=0.2290 a0_nochange=0.3654 a0_change=0.2362 a1_nochange=0.2378 a1_change=0.0767 matched_but_wrong=88
  mpx-135 qdetail: trials=4080000 a0nc_any=0.9644 a0nc_q=1.000 a0c_any=0.9975 a0c_q=1.000 a1nc_any=0.9559 a1nc_q=1.000 a1c_any=0.9986 a1c_q=1.000
  mpx-135 traj: trials=4200000 wall=146096s knowledge=0.2711 reliable=554 spec=10.74 pop=57927
  mpx-135 diag: trials=4200000 micro=59195 pop_spec=13.55 spec_max=28 q_mean=0.609 q_max=1.000 q_above_half=50038 marked=0.349 mark_density=0.904 exp_mean=5.5 addr_spec=2.800 addr_random=0.703 addr_full=0.0034 correct=42
  mpx-135 cover: trials=4200000 overall=0.2711 a0_nochange=0.4268 a0_change=0.2859 a1_nochange=0.2717 a1_change=0.1001 matched_but_wrong=78
  mpx-135 qdetail: trials=4200000 a0nc_any=0.9875 a0nc_q=1.000 a0c_any=0.9935 a0c_q=1.000 a1nc_any=0.9673 a1nc_q=1.000 a1c_any=0.9985 a1c_q=1.000
  mpx-135 traj: trials=4320000 wall=148258s knowledge=0.3100 reliable=566 spec=10.67 pop=53283
  mpx-135 diag: trials=4320000 micro=54643 pop_spec=13.62 spec_max=28 q_mean=0.609 q_max=1.000 q_above_half=45756 marked=0.355 mark_density=0.903 exp_mean=6.2 addr_spec=2.848 addr_random=0.706 addr_full=0.0038 correct=55
  mpx-135 cover: trials=4320000 overall=0.3100 a0_nochange=0.4817 a0_change=0.3358 a1_nochange=0.3059 a1_change=0.1164 matched_but_wrong=69
  mpx-135 qdetail: trials=4320000 a0nc_any=0.9781 a0nc_q=1.000 a0c_any=0.9975 a0c_q=1.000 a1nc_any=0.9477 a1nc_q=1.000 a1c_any=0.9983 a1c_q=1.000
  mpx-135 traj: trials=4440000 wall=150118s knowledge=0.3431 reliable=594 spec=10.62 pop=50416
  mpx-135 diag: trials=4440000 micro=51948 pop_spec=13.61 spec_max=28 q_mean=0.611 q_max=1.000 q_above_half=43446 marked=0.346 mark_density=0.903 exp_mean=6.9 addr_spec=2.927 addr_random=0.706 addr_full=0.0047 correct=74
  mpx-135 cover: trials=4440000 overall=0.3431 a0_nochange=0.4990 a0_change=0.3735 a1_nochange=0.3638 a1_change=0.1363 matched_but_wrong=119
  mpx-135 qdetail: trials=4440000 a0nc_any=0.9798 a0nc_q=1.000 a0c_any=0.9963 a0c_q=1.000 a1nc_any=0.9553 a1nc_q=1.000 a1c_any=0.9984 a1c_q=1.000
  mpx-135 traj: trials=4560000 wall=151707s knowledge=0.3790 reliable=614 spec=10.51 pop=46011
  mpx-135 diag: trials=4560000 micro=47644 pop_spec=13.67 spec_max=28 q_mean=0.613 q_max=1.000 q_above_half=39641 marked=0.342 mark_density=0.903 exp_mean=8.0 addr_spec=2.971 addr_random=0.709 addr_full=0.0054 correct=79
  mpx-135 cover: trials=4560000 overall=0.3790 a0_nochange=0.5479 a0_change=0.4083 a1_nochange=0.3981 a1_change=0.1617 matched_but_wrong=74
  mpx-135 qdetail: trials=4560000 a0nc_any=0.9828 a0nc_q=1.000 a0c_any=0.9974 a0c_q=1.000 a1nc_any=0.9667 a1nc_q=1.000 a1c_any=0.9981 a1c_q=1.000
  mpx-135 traj: trials=4680000 wall=153040s knowledge=0.4247 reliable=634 spec=10.38 pop=41780
  mpx-135 diag: trials=4680000 micro=43621 pop_spec=13.74 spec_max=28 q_mean=0.618 q_max=1.000 q_above_half=36136 marked=0.339 mark_density=0.903 exp_mean=9.5 addr_spec=3.008 addr_random=0.713 addr_full=0.0067 correct=90
  mpx-135 cover: trials=4680000 overall=0.4247 a0_nochange=0.5919 a0_change=0.4686 a1_nochange=0.4384 a1_change=0.1997 matched_but_wrong=81
  mpx-135 qdetail: trials=4680000 a0nc_any=0.9903 a0nc_q=1.000 a0c_any=0.9902 a0c_q=1.000 a1nc_any=0.9172 a1nc_q=1.000 a1c_any=0.9991 a1c_q=1.000
  mpx-135 traj: trials=4800000 wall=154166s knowledge=0.4688 reliable=670 spec=10.25 pop=38399
  mpx-135 diag: trials=4800000 micro=40338 pop_spec=13.77 spec_max=28 q_mean=0.621 q_max=1.000 q_above_half=33181 marked=0.343 mark_density=0.903 exp_mean=11.2 addr_spec=3.082 addr_random=0.714 addr_full=0.0083 correct=102
  mpx-135 cover: trials=4800000 overall=0.4688 a0_nochange=0.6219 a0_change=0.5377 a1_nochange=0.5051 a1_change=0.2108 matched_but_wrong=73
  mpx-135 qdetail: trials=4800000 a0nc_any=0.9773 a0nc_q=1.000 a0c_any=0.9940 a0c_q=1.000 a1nc_any=0.9754 a1nc_q=1.000 a1c_any=0.9974 a1c_q=1.000
  mpx-135 traj: trials=4920000 wall=155135s knowledge=0.4837 reliable=652 spec=10.24 pop=36362
  mpx-135 diag: trials=4920000 micro=38444 pop_spec=13.72 spec_max=28 q_mean=0.622 q_max=1.000 q_above_half=31439 marked=0.336 mark_density=0.903 exp_mean=12.7 addr_spec=3.127 addr_random=0.711 addr_full=0.0092 correct=109
  mpx-135 cover: trials=4920000 overall=0.4837 a0_nochange=0.6260 a0_change=0.5605 a1_nochange=0.5131 a1_change=0.2354 matched_but_wrong=34
  mpx-135 qdetail: trials=4920000 a0nc_any=1.0000 a0nc_q=1.000 a0c_any=0.9989 a0c_q=1.000 a1nc_any=0.9236 a1nc_q=1.000 a1c_any=0.9993 a1c_q=1.000
  mpx-135 traj: trials=5040000 wall=155996s knowledge=0.5061 reliable=688 spec=10.23 pop=33676
  mpx-135 diag: trials=5040000 micro=35834 pop_spec=13.74 spec_max=28 q_mean=0.626 q_max=1.000 q_above_half=29165 marked=0.338 mark_density=0.903 exp_mean=14.9 addr_spec=3.211 addr_random=0.712 addr_full=0.0100 correct=121
  mpx-135 cover: trials=5040000 overall=0.5061 a0_nochange=0.6388 a0_change=0.5903 a1_nochange=0.5321 a1_change=0.2635 matched_but_wrong=50
  mpx-135 qdetail: trials=5040000 a0nc_any=0.9750 a0nc_q=1.000 a0c_any=0.9974 a0c_q=1.000 a1nc_any=0.9355 a1nc_q=1.000 a1c_any=0.9989 a1c_q=1.000
  mpx-135 traj: trials=5160000 wall=156766s knowledge=0.5343 reliable=674 spec=10.07 pop=31192
  mpx-135 diag: trials=5160000 micro=33452 pop_spec=13.78 spec_max=28 q_mean=0.628 q_max=1.000 q_above_half=26874 marked=0.334 mark_density=0.903 exp_mean=17.2 addr_spec=3.237 addr_random=0.715 addr_full=0.0117 correct=135
  mpx-135 cover: trials=5160000 overall=0.5343 a0_nochange=0.6688 a0_change=0.6223 a1_nochange=0.5551 a1_change=0.2912 matched_but_wrong=59
  mpx-135 qdetail: trials=5160000 a0nc_any=0.9663 a0nc_q=1.000 a0c_any=0.9977 a0c_q=1.000 a1nc_any=1.0000 a1nc_q=1.000 a1c_any=0.9988 a1c_q=1.000
  mpx-135 traj: trials=5280000 wall=157485s knowledge=0.5507 reliable=648 spec=10.06 pop=29393
  mpx-135 diag: trials=5280000 micro=31830 pop_spec=13.80 spec_max=28 q_mean=0.629 q_max=1.000 q_above_half=25268 marked=0.335 mark_density=0.903 exp_mean=19.5 addr_spec=3.244 addr_random=0.716 addr_full=0.0125 correct=141
  mpx-135 cover: trials=5280000 overall=0.5507 a0_nochange=0.6786 a0_change=0.6554 a1_nochange=0.5730 a1_change=0.2957 matched_but_wrong=29
  mpx-135 qdetail: trials=5280000 a0nc_any=0.9537 a0nc_q=1.000 a0c_any=0.9971 a0c_q=1.000 a1nc_any=1.0000 a1nc_q=1.000 a1c_any=0.9986 a1c_q=1.000
  mpx-135 traj: trials=5400000 wall=158137s knowledge=0.5749 reliable=670 spec=10.04 pop=28174
  mpx-135 diag: trials=5400000 micro=30633 pop_spec=13.77 spec_max=28 q_mean=0.630 q_max=1.000 q_above_half=24170 marked=0.330 mark_density=0.904 exp_mean=22.2 addr_spec=3.260 addr_random=0.714 addr_full=0.0130 correct=151
  mpx-135 cover: trials=5400000 overall=0.5749 a0_nochange=0.7030 a0_change=0.6726 a1_nochange=0.6095 a1_change=0.3146 matched_but_wrong=60
  mpx-135 qdetail: trials=5400000 a0nc_any=0.9711 a0nc_q=1.000 a0c_any=0.9980 a0c_q=1.000 a1nc_any=0.9582 a1nc_q=1.000 a1c_any=0.9975 a1c_q=1.000
  mpx-135 traj: trials=5520000 wall=158773s knowledge=0.5997 reliable=671 spec=9.90 pop=25805
  mpx-135 diag: trials=5520000 micro=28322 pop_spec=13.83 spec_max=29 q_mean=0.633 q_max=1.000 q_above_half=22154 marked=0.330 mark_density=0.903 exp_mean=25.8 addr_spec=3.289 addr_random=0.717 addr_full=0.0150 correct=166
  mpx-135 cover: trials=5520000 overall=0.5997 a0_nochange=0.7079 a0_change=0.7041 a1_nochange=0.6379 a1_change=0.3488 matched_but_wrong=56
  mpx-135 qdetail: trials=5520000 a0nc_any=0.9531 a0nc_q=1.000 a0c_any=0.9990 a0c_q=1.000 a1nc_any=0.9473 a1nc_q=1.000 a1c_any=0.9989 a1c_q=1.000
  mpx-135 traj: trials=5640000 wall=159340s knowledge=0.6208 reliable=664 spec=9.83 pop=23800
  mpx-135 diag: trials=5640000 micro=26433 pop_spec=13.86 spec_max=29 q_mean=0.635 q_max=1.000 q_above_half=20372 marked=0.319 mark_density=0.903 exp_mean=30.0 addr_spec=3.353 addr_random=0.719 addr_full=0.0158 correct=176
  mpx-135 cover: trials=5640000 overall=0.6208 a0_nochange=0.7301 a0_change=0.7217 a1_nochange=0.6610 a1_change=0.3703 matched_but_wrong=65
  mpx-135 qdetail: trials=5640000 a0nc_any=0.9707 a0nc_q=1.000 a0c_any=0.9993 a0c_q=1.000 a1nc_any=1.0000 a1nc_q=1.000 a1c_any=0.9984 a1c_q=1.000
  mpx-135 traj: trials=5760000 wall=159857s knowledge=0.6413 reliable=682 spec=9.84 pop=22226
  mpx-135 diag: trials=5760000 micro=25013 pop_spec=13.83 spec_max=29 q_mean=0.636 q_max=1.000 q_above_half=18881 marked=0.323 mark_density=0.904 exp_mean=34.7 addr_spec=3.424 addr_random=0.717 addr_full=0.0171 correct=186
  mpx-135 cover: trials=5760000 overall=0.6413 a0_nochange=0.7478 a0_change=0.7473 a1_nochange=0.6560 a1_change=0.4143 matched_but_wrong=60
  mpx-135 qdetail: trials=5760000 a0nc_any=0.9771 a0nc_q=1.000 a0c_any=0.9979 a0c_q=1.000 a1nc_any=0.9517 a1nc_q=1.000 a1c_any=0.9988 a1c_q=1.000
  mpx-135 traj: trials=5880000 wall=160285s knowledge=0.6632 reliable=686 spec=9.75 pop=20075
  mpx-135 diag: trials=5880000 micro=22968 pop_spec=13.86 spec_max=29 q_mean=0.637 q_max=1.000 q_above_half=16965 marked=0.323 mark_density=0.904 exp_mean=41.3 addr_spec=3.468 addr_random=0.719 addr_full=0.0193 correct=198
  mpx-135 cover: trials=5880000 overall=0.6632 a0_nochange=0.7593 a0_change=0.7632 a1_nochange=0.6700 a1_change=0.4604 matched_but_wrong=53
  mpx-135 qdetail: trials=5880000 a0nc_any=0.9786 a0nc_q=1.000 a0c_any=0.9957 a0c_q=1.000 a1nc_any=0.9665 a1nc_q=1.000 a1c_any=0.9988 a1c_q=1.000
  mpx-135 traj: trials=6000000 wall=160638s knowledge=0.6801 reliable=670 spec=9.64 pop=17921
  mpx-135 diag: trials=6000000 micro=20819 pop_spec=13.90 spec_max=29 q_mean=0.634 q_max=1.000 q_above_half=14989 marked=0.316 mark_density=0.905 exp_mean=49.1 addr_spec=3.509 addr_random=0.721 addr_full=0.0221 correct=205
  mpx-135 cover: trials=6000000 overall=0.6801 a0_nochange=0.7790 a0_change=0.7584 a1_nochange=0.6865 a1_change=0.4967 matched_but_wrong=43
  mpx-135 qdetail: trials=6000000 a0nc_any=0.9714 a0nc_q=1.000 a0c_any=0.9974 a0c_q=1.000 a1nc_any=0.9609 a1nc_q=1.000 a1c_any=0.9985 a1c_q=1.000
  mpx-135 traj: trials=6120000 wall=160938s knowledge=0.7002 reliable=646 spec=9.50 pop=15554
  mpx-135 diag: trials=6120000 micro=18586 pop_spec=14.04 spec_max=29 q_mean=0.630 q_max=1.000 q_above_half=12776 marked=0.309 mark_density=0.904 exp_mean=59.2 addr_spec=3.555 addr_random=0.728 addr_full=0.0256 correct=215
  mpx-135 cover: trials=6120000 overall=0.7002 a0_nochange=0.8163 a0_change=0.7515 a1_nochange=0.7141 a1_change=0.5192 matched_but_wrong=16
  mpx-135 qdetail: trials=6120000 a0nc_any=0.9901 a0nc_q=1.000 a0c_any=0.9936 a0c_q=1.000 a1nc_any=0.9767 a1nc_q=1.000 a1c_any=0.9985 a1c_q=1.000
  mpx-135 traj: trials=6240000 wall=161188s knowledge=0.7192 reliable=647 spec=9.41 pop=13623
  mpx-135 diag: trials=6240000 micro=16718 pop_spec=14.15 spec_max=29 q_mean=0.629 q_max=1.000 q_above_half=10992 marked=0.314 mark_density=0.904 exp_mean=71.3 addr_spec=3.549 addr_random=0.734 addr_full=0.0305 correct=230
  mpx-135 cover: trials=6240000 overall=0.7192 a0_nochange=0.8013 a0_change=0.7632 a1_nochange=0.7348 a1_change=0.5776 matched_but_wrong=17
  mpx-135 qdetail: trials=6240000 a0nc_any=0.9789 a0nc_q=1.000 a0c_any=0.9987 a0c_q=1.000 a1nc_any=0.9900 a1nc_q=1.000 a1c_any=0.9984 a1c_q=1.000
  mpx-135 traj: trials=6360000 wall=161403s knowledge=0.7213 reliable=584 spec=9.19 pop=12307
  mpx-135 diag: trials=6360000 micro=15456 pop_spec=14.24 spec_max=29 q_mean=0.627 q_max=1.000 q_above_half=9756 marked=0.300 mark_density=0.905 exp_mean=81.9 addr_spec=3.621 addr_random=0.739 addr_full=0.0319 correct=238
  mpx-135 cover: trials=6360000 overall=0.7213 a0_nochange=0.8102 a0_change=0.7567 a1_nochange=0.7301 a1_change=0.5884 matched_but_wrong=17
  mpx-135 qdetail: trials=6360000 a0nc_any=1.0000 a0nc_q=1.000 a0c_any=0.9989 a0c_q=1.000 a1nc_any=0.9733 a1nc_q=1.000 a1c_any=0.9990 a1c_q=1.000
  mpx-135 traj: trials=6480000 wall=161601s knowledge=0.7477 reliable=605 spec=9.20 pop=11578
  mpx-135 diag: trials=6480000 micro=14733 pop_spec=14.24 spec_max=29 q_mean=0.629 q_max=1.000 q_above_half=9156 marked=0.292 mark_density=0.904 exp_mean=93.1 addr_spec=3.704 addr_random=0.738 addr_full=0.0352 correct=253
  mpx-135 cover: trials=6480000 overall=0.7477 a0_nochange=0.8461 a0_change=0.7731 a1_nochange=0.7453 a1_change=0.6261 matched_but_wrong=27
  mpx-135 qdetail: trials=6480000 a0nc_any=0.9876 a0nc_q=1.000 a0c_any=0.9980 a0c_q=1.000 a1nc_any=0.9706 a1nc_q=1.000 a1c_any=0.9971 a1c_q=1.000
  mpx-135 traj: trials=6600000 wall=161779s knowledge=0.7586 reliable=615 spec=9.13 pop=10675
  mpx-135 diag: trials=6600000 micro=13961 pop_spec=14.31 spec_max=29 q_mean=0.628 q_max=1.000 q_above_half=8364 marked=0.288 mark_density=0.905 exp_mean=108.3 addr_spec=3.752 addr_random=0.742 addr_full=0.0399 correct=256
  mpx-135 cover: trials=6600000 overall=0.7586 a0_nochange=0.8539 a0_change=0.7775 a1_nochange=0.7512 a1_change=0.6519 matched_but_wrong=14
  mpx-135 qdetail: trials=6600000 a0nc_any=0.9873 a0nc_q=1.000 a0c_any=0.9957 a0c_q=1.000 a1nc_any=0.9876 a1nc_q=1.000 a1c_any=0.9984 a1c_q=1.000
  mpx-135 traj: trials=6720000 wall=161944s knowledge=0.7798 reliable=630 spec=9.10 pop=10181
  mpx-135 diag: trials=6720000 micro=13562 pop_spec=14.25 spec_max=29 q_mean=0.630 q_max=1.000 q_above_half=7845 marked=0.284 mark_density=0.905 exp_mean=121.8 addr_spec=3.794 addr_random=0.739 addr_full=0.0450 correct=277
  mpx-135 cover: trials=6720000 overall=0.7798 a0_nochange=0.8586 a0_change=0.7867 a1_nochange=0.7700 a1_change=0.7039 matched_but_wrong=4
  mpx-135 qdetail: trials=6720000 a0nc_any=0.9864 a0nc_q=1.000 a0c_any=0.9972 a0c_q=1.000 a1nc_any=0.9835 a1nc_q=1.000 a1c_any=0.9984 a1c_q=1.000
  mpx-135 traj: trials=6840000 wall=162096s knowledge=0.7905 reliable=639 spec=9.11 pop=9336
  mpx-135 diag: trials=6840000 micro=12747 pop_spec=14.28 spec_max=29 q_mean=0.626 q_max=1.000 q_above_half=6992 marked=0.280 mark_density=0.906 exp_mean=138.2 addr_spec=3.766 addr_random=0.740 addr_full=0.0493 correct=284
  mpx-135 cover: trials=6840000 overall=0.7905 a0_nochange=0.8848 a0_change=0.7958 a1_nochange=0.7660 a1_change=0.7154 matched_but_wrong=19
  mpx-135 qdetail: trials=6840000 a0nc_any=0.9943 a0nc_q=1.000 a0c_any=0.9944 a0c_q=1.000 a1nc_any=1.0000 a1nc_q=1.000 a1c_any=0.9981 a1c_q=1.000
  mpx-135 traj: trials=6960000 wall=162238s knowledge=0.8057 reliable=629 spec=9.03 pop=8562
  mpx-135 diag: trials=6960000 micro=12053 pop_spec=14.39 spec_max=29 q_mean=0.620 q_max=1.000 q_above_half=6302 marked=0.280 mark_density=0.906 exp_mean=159.7 addr_spec=3.734 addr_random=0.746 addr_full=0.0535 correct=301
  mpx-135 cover: trials=6960000 overall=0.8057 a0_nochange=0.8836 a0_change=0.8204 a1_nochange=0.7855 a1_change=0.7335 matched_but_wrong=6
  mpx-135 qdetail: trials=6960000 a0nc_any=0.9918 a0nc_q=1.000 a0c_any=0.9989 a0c_q=1.000 a1nc_any=0.9781 a1nc_q=1.000 a1c_any=0.9974 a1c_q=1.000
  mpx-135 traj: trials=7080000 wall=162369s knowledge=0.8070 reliable=588 spec=8.87 pop=8132
  mpx-135 diag: trials=7080000 micro=11650 pop_spec=14.33 spec_max=29 q_mean=0.618 q_max=1.000 q_above_half=5896 marked=0.274 mark_density=0.908 exp_mean=175.9 addr_spec=3.760 addr_random=0.743 addr_full=0.0526 correct=307
  mpx-135 cover: trials=7080000 overall=0.8070 a0_nochange=0.8897 a0_change=0.8178 a1_nochange=0.7889 a1_change=0.7316 matched_but_wrong=12
  mpx-135 qdetail: trials=7080000 a0nc_any=0.9879 a0nc_q=1.000 a0c_any=0.9987 a0c_q=1.000 a1nc_any=0.9782 a1nc_q=1.000 a1c_any=0.9968 a1c_q=1.000
  mpx-135 traj: trials=7200000 wall=162493s knowledge=0.8199 reliable=584 spec=8.77 pop=7528
  mpx-135 diag: trials=7200000 micro=11065 pop_spec=14.49 spec_max=29 q_mean=0.617 q_max=1.000 q_above_half=5408 marked=0.271 mark_density=0.906 exp_mean=196.3 addr_spec=3.735 addr_random=0.751 addr_full=0.0563 correct=318
  mpx-135 cover: trials=7200000 overall=0.8199 a0_nochange=0.8863 a0_change=0.8393 a1_nochange=0.7862 a1_change=0.7677 matched_but_wrong=52
  mpx-135 qdetail: trials=7200000 a0nc_any=0.9864 a0nc_q=1.000 a0c_any=0.9958 a0c_q=1.000 a1nc_any=0.9825 a1nc_q=1.000 a1c_any=0.9984 a1c_q=1.000
  mpx-135 traj: trials=7320000 wall=162613s knowledge=0.8189 reliable=561 spec=8.67 pop=7161
  mpx-135 diag: trials=7320000 micro=10776 pop_spec=14.59 spec_max=29 q_mean=0.619 q_max=1.000 q_above_half=5147 marked=0.264 mark_density=0.905 exp_mean=214.9 addr_spec=3.717 addr_random=0.756 addr_full=0.0568 correct=322
  mpx-135 cover: trials=7320000 overall=0.8189 a0_nochange=0.8828 a0_change=0.8354 a1_nochange=0.7938 a1_change=0.7635 matched_but_wrong=30
  mpx-135 qdetail: trials=7320000 a0nc_any=0.9933 a0nc_q=1.000 a0c_any=0.9978 a0c_q=1.000 a1nc_any=0.9762 a1nc_q=1.000 a1c_any=0.9986 a1c_q=1.000
  mpx-135 traj: trials=7440000 wall=162728s knowledge=0.8320 reliable=572 spec=8.68 pop=7187
  mpx-135 diag: trials=7440000 micro=10857 pop_spec=14.42 spec_max=29 q_mean=0.617 q_max=1.000 q_above_half=5132 marked=0.273 mark_density=0.907 exp_mean=224.4 addr_spec=3.776 addr_random=0.748 addr_full=0.0605 correct=331
  mpx-135 cover: trials=7440000 overall=0.8320 a0_nochange=0.8925 a0_change=0.8366 a1_nochange=0.8170 a1_change=0.7818 matched_but_wrong=58
  mpx-135 qdetail: trials=7440000 a0nc_any=0.9938 a0nc_q=1.000 a0c_any=0.9952 a0c_q=1.000 a1nc_any=1.0000 a1nc_q=1.000 a1c_any=0.9990 a1c_q=1.000
  mpx-135 traj: trials=7560000 wall=162842s knowledge=0.8402 reliable=577 spec=8.65 pop=6845
  mpx-135 diag: trials=7560000 micro=10544 pop_spec=14.42 spec_max=29 q_mean=0.615 q_max=1.000 q_above_half=4833 marked=0.266 mark_density=0.907 exp_mean=246.0 addr_spec=3.770 addr_random=0.748 addr_full=0.0654 correct=337
  mpx-135 cover: trials=7560000 overall=0.8402 a0_nochange=0.9078 a0_change=0.8343 a1_nochange=0.8187 a1_change=0.8001 matched_but_wrong=7
  mpx-135 qdetail: trials=7560000 a0nc_any=0.9894 a0nc_q=1.000 a0c_any=0.9965 a0c_q=1.000 a1nc_any=0.9944 a1nc_q=1.000 a1c_any=0.9990 a1c_q=1.000
  mpx-135 traj: trials=7680000 wall=162951s knowledge=0.8457 reliable=562 spec=8.69 pop=6710
  mpx-135 diag: trials=7680000 micro=10480 pop_spec=14.30 spec_max=29 q_mean=0.614 q_max=1.000 q_above_half=4668 marked=0.267 mark_density=0.909 exp_mean=261.6 addr_spec=3.782 addr_random=0.742 addr_full=0.0689 correct=350
  mpx-135 cover: trials=7680000 overall=0.8457 a0_nochange=0.9056 a0_change=0.8567 a1_nochange=0.8223 a1_change=0.7982 matched_but_wrong=9
  mpx-135 qdetail: trials=7680000 a0nc_any=0.9869 a0nc_q=1.000 a0c_any=0.9986 a0c_q=1.000 a1nc_any=0.9861 a1nc_q=1.000 a1c_any=0.9994 a1c_q=1.000
  mpx-135 traj: trials=7800000 wall=163055s knowledge=0.8527 reliable=572 spec=8.65 pop=6418
  mpx-135 diag: trials=7800000 micro=10252 pop_spec=14.40 spec_max=29 q_mean=0.613 q_max=1.000 q_above_half=4381 marked=0.266 mark_density=0.909 exp_mean=285.3 addr_spec=3.788 addr_random=0.747 addr_full=0.0711 correct=352
  mpx-135 cover: trials=7800000 overall=0.8527 a0_nochange=0.9095 a0_change=0.8591 a1_nochange=0.8451 a1_change=0.7970 matched_but_wrong=4
  mpx-135 qdetail: trials=7800000 a0nc_any=0.9931 a0nc_q=1.000 a0c_any=1.0000 a0c_q=1.000 a1nc_any=0.9802 a1nc_q=1.000 a1c_any=0.9995 a1c_q=1.000
  mpx-135 traj: trials=7920000 wall=163153s knowledge=0.8576 reliable=559 spec=8.61 pop=6175
  mpx-135 diag: trials=7920000 micro=10033 pop_spec=14.42 spec_max=29 q_mean=0.610 q_max=1.000 q_above_half=4149 marked=0.260 mark_density=0.908 exp_mean=308.7 addr_spec=3.780 addr_random=0.748 addr_full=0.0742 correct=361
  mpx-135 cover: trials=7920000 overall=0.8576 a0_nochange=0.9072 a0_change=0.8713 a1_nochange=0.8525 a1_change=0.7995 matched_but_wrong=41
  mpx-135 qdetail: trials=7920000 a0nc_any=0.9853 a0nc_q=1.000 a0c_any=0.9988 a0c_q=1.000 a1nc_any=0.9929 a1nc_q=1.000 a1c_any=0.9972 a1c_q=1.000
  mpx-135 traj: trials=8040000 wall=163247s knowledge=0.8567 reliable=537 spec=8.58 pop=6028
  mpx-135 diag: trials=8040000 micro=9928 pop_spec=14.42 spec_max=29 q_mean=0.608 q_max=1.000 q_above_half=4048 marked=0.254 mark_density=0.909 exp_mean=325.6 addr_spec=3.803 addr_random=0.748 addr_full=0.0751 correct=365
  mpx-135 cover: trials=8040000 overall=0.8567 a0_nochange=0.9106 a0_change=0.8676 a1_nochange=0.8515 a1_change=0.7970 matched_but_wrong=13
  mpx-135 qdetail: trials=8040000 a0nc_any=0.9908 a0nc_q=1.000 a0c_any=0.9973 a0c_q=1.000 a1nc_any=0.9937 a1nc_q=1.000 a1c_any=0.9964 a1c_q=1.000
  mpx-135 traj: trials=8160000 wall=163341s knowledge=0.8670 reliable=545 spec=8.60 pop=5950
  mpx-135 diag: trials=8160000 micro=9925 pop_spec=14.31 spec_max=29 q_mean=0.608 q_max=1.000 q_above_half=4008 marked=0.253 mark_density=0.909 exp_mean=345.3 addr_spec=3.779 addr_random=0.742 addr_full=0.0765 correct=368
  mpx-135 cover: trials=8160000 overall=0.8670 a0_nochange=0.9194 a0_change=0.8711 a1_nochange=0.8590 a1_change=0.8185 matched_but_wrong=1
  mpx-135 qdetail: trials=8160000 a0nc_any=0.9911 a0nc_q=1.000 a0c_any=0.9993 a0c_q=1.000 a1nc_any=0.9841 a1nc_q=1.000 a1c_any=0.9984 a1c_q=1.000
  mpx-135 traj: trials=8280000 wall=163434s knowledge=0.8684 reliable=540 spec=8.56 pop=5756
  mpx-135 diag: trials=8280000 micro=9687 pop_spec=14.36 spec_max=29 q_mean=0.608 q_max=1.000 q_above_half=3866 marked=0.258 mark_density=0.910 exp_mean=369.7 addr_spec=3.759 addr_random=0.745 addr_full=0.0797 correct=372
  mpx-135 cover: trials=8280000 overall=0.8684 a0_nochange=0.9158 a0_change=0.8826 a1_nochange=0.8500 a1_change=0.8252 matched_but_wrong=4
  mpx-135 qdetail: trials=8280000 a0nc_any=0.9850 a0nc_q=1.000 a0c_any=0.9988 a0c_q=1.000 a1nc_any=0.9832 a1nc_q=1.000 a1c_any=0.9991 a1c_q=1.000
  mpx-135 traj: trials=8400000 wall=163527s knowledge=0.8707 reliable=547 spec=8.59 pop=5824
  mpx-135 diag: trials=8400000 micro=9850 pop_spec=14.25 spec_max=29 q_mean=0.608 q_max=1.000 q_above_half=3866 marked=0.259 mark_density=0.911 exp_mean=379.2 addr_spec=3.851 addr_random=0.739 addr_full=0.0819 correct=377
  mpx-135 cover: trials=8400000 overall=0.8707 a0_nochange=0.9165 a0_change=0.8889 a1_nochange=0.8563 a1_change=0.8209 matched_but_wrong=1
  mpx-135 qdetail: trials=8400000 a0nc_any=0.9949 a0nc_q=1.000 a0c_any=0.9978 a0c_q=1.000 a1nc_any=1.0000 a1nc_q=1.000 a1c_any=0.9984 a1c_q=1.000
  mpx-135 traj: trials=8520000 wall=163620s knowledge=0.8800 reliable=562 spec=8.61 pop=5810
  mpx-135 diag: trials=8520000 micro=9838 pop_spec=14.14 spec_max=29 q_mean=0.613 q_max=1.000 q_above_half=3932 marked=0.254 mark_density=0.912 exp_mean=392.3 addr_spec=3.790 addr_random=0.733 addr_full=0.0807 correct=377
  mpx-135 cover: trials=8520000 overall=0.8800 a0_nochange=0.9212 a0_change=0.8944 a1_nochange=0.8682 a1_change=0.8362 matched_but_wrong=0
  mpx-135 qdetail: trials=8520000 a0nc_any=0.9901 a0nc_q=1.000 a0c_any=0.9999 a0c_q=1.000 a1nc_any=1.0000 a1nc_q=1.000 a1c_any=0.9980 a1c_q=1.000
  mpx-135 traj: trials=8640000 wall=163714s knowledge=0.8822 reliable=566 spec=8.53 pop=5560
  mpx-135 diag: trials=8640000 micro=9558 pop_spec=14.21 spec_max=29 q_mean=0.611 q_max=1.000 q_above_half=3696 marked=0.247 mark_density=0.911 exp_mean=424.0 addr_spec=3.805 addr_random=0.737 addr_full=0.0865 correct=383
  mpx-135 cover: trials=8640000 overall=0.8822 a0_nochange=0.9253 a0_change=0.8931 a1_nochange=0.8695 a1_change=0.8409 matched_but_wrong=0
  mpx-135 qdetail: trials=8640000 a0nc_any=0.9953 a0nc_q=1.000 a0c_any=0.9995 a0c_q=1.000 a1nc_any=0.9822 a1nc_q=1.000 a1c_any=0.9996 a1c_q=1.000
  mpx-135 traj: trials=8760000 wall=163806s knowledge=0.8886 reliable=558 spec=8.50 pop=5475
  mpx-135 diag: trials=8760000 micro=9495 pop_spec=14.16 spec_max=29 q_mean=0.609 q_max=1.000 q_above_half=3631 marked=0.255 mark_density=0.913 exp_mean=449.5 addr_spec=3.843 addr_random=0.734 addr_full=0.0871 correct=390
  mpx-135 cover: trials=8760000 overall=0.8886 a0_nochange=0.9273 a0_change=0.8991 a1_nochange=0.8624 a1_change=0.8656 matched_but_wrong=0
  mpx-135 qdetail: trials=8760000 a0nc_any=0.9952 a0nc_q=1.000 a0c_any=0.9992 a0c_q=1.000 a1nc_any=0.9810 a1nc_q=1.000 a1c_any=0.9991 a1c_q=1.000
  mpx-135 traj: trials=8880000 wall=163898s knowledge=0.8848 reliable=540 spec=8.46 pop=5331
  mpx-135 diag: trials=8880000 micro=9378 pop_spec=14.23 spec_max=29 q_mean=0.611 q_max=1.000 q_above_half=3550 marked=0.252 mark_density=0.913 exp_mean=475.3 addr_spec=3.807 addr_random=0.738 addr_full=0.0876 correct=390
  mpx-135 cover: trials=8880000 overall=0.8848 a0_nochange=0.9274 a0_change=0.8833 a1_nochange=0.8684 a1_change=0.8603 matched_but_wrong=0
  mpx-135 qdetail: trials=8880000 a0nc_any=0.9901 a0nc_q=1.000 a0c_any=0.9989 a0c_q=1.000 a1nc_any=0.9846 a1nc_q=1.000 a1c_any=0.9987 a1c_q=1.000
  mpx-135 traj: trials=9000000 wall=163987s knowledge=0.8899 reliable=544 spec=8.49 pop=5232
  mpx-135 diag: trials=9000000 micro=9308 pop_spec=14.19 spec_max=29 q_mean=0.607 q_max=1.000 q_above_half=3414 marked=0.243 mark_density=0.912 exp_mean=498.5 addr_spec=3.831 addr_random=0.736 addr_full=0.0923 correct=396
  mpx-135 cover: trials=9000000 overall=0.8899 a0_nochange=0.9344 a0_change=0.8969 a1_nochange=0.8663 a1_change=0.8620 matched_but_wrong=6
  mpx-135 qdetail: trials=9000000 a0nc_any=0.9896 a0nc_q=1.000 a0c_any=0.9990 a0c_q=1.000 a1nc_any=0.9881 a1nc_q=1.000 a1c_any=0.9984 a1c_q=1.000
  mpx-135 traj: trials=9120000 wall=164076s knowledge=0.8950 reliable=545 spec=8.49 pop=5258
  mpx-135 diag: trials=9120000 micro=9358 pop_spec=14.08 spec_max=29 q_mean=0.606 q_max=1.000 q_above_half=3440 marked=0.242 mark_density=0.913 exp_mean=511.4 addr_spec=3.873 addr_random=0.730 addr_full=0.0881 correct=400
  mpx-135 cover: trials=9120000 overall=0.8950 a0_nochange=0.9403 a0_change=0.9008 a1_nochange=0.8756 a1_change=0.8634 matched_but_wrong=3
  mpx-135 qdetail: trials=9120000 a0nc_any=0.9923 a0nc_q=1.000 a0c_any=0.9993 a0c_q=1.000 a1nc_any=0.9745 a1nc_q=1.000 a1c_any=0.9997 a1c_q=1.000
  mpx-135 traj: trials=9240000 wall=164164s knowledge=0.8986 reliable=553 spec=8.44 pop=5258
  mpx-135 diag: trials=9240000 micro=9410 pop_spec=13.97 spec_max=29 q_mean=0.608 q_max=1.000 q_above_half=3444 marked=0.247 mark_density=0.914 exp_mean=531.4 addr_spec=3.869 addr_random=0.725 addr_full=0.0917 correct=402
  mpx-135 cover: trials=9240000 overall=0.8986 a0_nochange=0.9431 a0_change=0.9033 a1_nochange=0.8762 a1_change=0.8716 matched_but_wrong=0
  mpx-135 qdetail: trials=9240000 a0nc_any=0.9940 a0nc_q=1.000 a0c_any=0.9979 a0c_q=1.000 a1nc_any=0.9802 a1nc_q=1.000 a1c_any=0.9995 a1c_q=1.000
  mpx-135 traj: trials=9360000 wall=164251s knowledge=0.9060 reliable=557 spec=8.35 pop=5003
  mpx-135 diag: trials=9360000 micro=9140 pop_spec=14.17 spec_max=29 q_mean=0.607 q_max=1.000 q_above_half=3215 marked=0.249 mark_density=0.913 exp_mean=579.9 addr_spec=3.812 addr_random=0.735 addr_full=0.0959 correct=408
  mpx-135 cover: trials=9360000 overall=0.9060 a0_nochange=0.9473 a0_change=0.9153 a1_nochange=0.8795 a1_change=0.8817 matched_but_wrong=25
  mpx-135 qdetail: trials=9360000 a0nc_any=0.9960 a0nc_q=1.000 a0c_any=0.9997 a0c_q=1.000 a1nc_any=0.9795 a1nc_q=1.000 a1c_any=0.9992 a1c_q=1.000
  mpx-135 traj: trials=9480000 wall=164337s knowledge=0.9083 reliable=546 spec=8.33 pop=5054
  mpx-135 diag: trials=9480000 micro=9195 pop_spec=14.02 spec_max=29 q_mean=0.607 q_max=1.000 q_above_half=3254 marked=0.248 mark_density=0.914 exp_mean=594.8 addr_spec=3.855 addr_random=0.727 addr_full=0.0944 correct=410
  mpx-135 cover: trials=9480000 overall=0.9083 a0_nochange=0.9468 a0_change=0.9033 a1_nochange=0.8936 a1_change=0.8896 matched_but_wrong=41
  mpx-135 qdetail: trials=9480000 a0nc_any=0.9940 a0nc_q=1.000 a0c_any=0.9991 a0c_q=1.000 a1nc_any=0.9782 a1nc_q=1.000 a1c_any=0.9990 a1c_q=1.000
  mpx-135 traj: trials=9600000 wall=164423s knowledge=0.9089 reliable=541 spec=8.31 pop=4970
  mpx-135 diag: trials=9600000 micro=9144 pop_spec=14.01 spec_max=29 q_mean=0.603 q_max=1.000 q_above_half=3147 marked=0.234 mark_density=0.912 exp_mean=622.6 addr_spec=3.837 addr_random=0.727 addr_full=0.0958 correct=410
  mpx-135 cover: trials=9600000 overall=0.9089 a0_nochange=0.9473 a0_change=0.9137 a1_nochange=0.8820 a1_change=0.8924 matched_but_wrong=0
  mpx-135 qdetail: trials=9600000 a0nc_any=0.9930 a0nc_q=1.000 a0c_any=0.9985 a0c_q=1.000 a1nc_any=0.9750 a1nc_q=1.000 a1c_any=0.9994 a1c_q=1.000
  mpx-135 traj: trials=9720000 wall=164507s knowledge=0.9099 reliable=539 spec=8.28 pop=4794
  mpx-135 diag: trials=9720000 micro=8982 pop_spec=14.08 spec_max=29 q_mean=0.602 q_max=1.000 q_above_half=3009 marked=0.238 mark_density=0.913 exp_mean=665.6 addr_spec=3.865 addr_random=0.730 addr_full=0.1005 correct=414
  mpx-135 cover: trials=9720000 overall=0.9099 a0_nochange=0.9410 a0_change=0.9127 a1_nochange=0.8968 a1_change=0.8889 matched_but_wrong=5
  mpx-135 qdetail: trials=9720000 a0nc_any=0.9966 a0nc_q=1.000 a0c_any=0.9997 a0c_q=1.000 a1nc_any=0.9851 a1nc_q=1.000 a1c_any=0.9996 a1c_q=1.000
  mpx-135 traj: trials=9840000 wall=164589s knowledge=0.9050 reliable=519 spec=8.29 pop=4854
  mpx-135 diag: trials=9840000 micro=9040 pop_spec=13.94 spec_max=29 q_mean=0.601 q_max=1.000 q_above_half=3032 marked=0.240 mark_density=0.913 exp_mean=667.7 addr_spec=3.838 addr_random=0.723 addr_full=0.0995 correct=414
  mpx-135 cover: trials=9840000 overall=0.9050 a0_nochange=0.9421 a0_change=0.9056 a1_nochange=0.8845 a1_change=0.8877 matched_but_wrong=3
  mpx-135 qdetail: trials=9840000 a0nc_any=0.9943 a0nc_q=1.000 a0c_any=0.9994 a0c_q=1.000 a1nc_any=0.9808 a1nc_q=1.000 a1c_any=0.9999 a1c_q=1.000
  mpx-135 traj: trials=9960000 wall=164672s knowledge=0.9076 reliable=519 spec=8.23 pop=4913
  mpx-135 diag: trials=9960000 micro=9129 pop_spec=13.89 spec_max=29 q_mean=0.602 q_max=1.000 q_above_half=3119 marked=0.249 mark_density=0.914 exp_mean=682.0 addr_spec=3.906 addr_random=0.720 addr_full=0.0973 correct=415
  mpx-135 cover: trials=9960000 overall=0.9076 a0_nochange=0.9457 a0_change=0.9155 a1_nochange=0.8834 a1_change=0.8856 matched_but_wrong=1
  mpx-135 qdetail: trials=9960000 a0nc_any=0.9976 a0nc_q=1.000 a0c_any=0.9984 a0c_q=1.000 a1nc_any=0.9869 a1nc_q=1.000 a1c_any=0.9983 a1c_q=1.000
  mpx-135 traj: trials=10080000 wall=164754s knowledge=0.9109 reliable=540 spec=8.26 pop=4764
  mpx-135 diag: trials=10080000 micro=8946 pop_spec=13.93 spec_max=29 q_mean=0.606 q_max=1.000 q_above_half=3047 marked=0.240 mark_density=0.914 exp_mean=718.2 addr_spec=3.891 addr_random=0.723 addr_full=0.1020 correct=416
  mpx-135 cover: trials=10080000 overall=0.9109 a0_nochange=0.9446 a0_change=0.9147 a1_nochange=0.8872 a1_change=0.8970 matched_but_wrong=0
  mpx-135 qdetail: trials=10080000 a0nc_any=0.9916 a0nc_q=1.000 a0c_any=0.9991 a0c_q=1.000 a1nc_any=0.9870 a1nc_q=1.000 a1c_any=0.9990 a1c_q=1.000
  mpx-135 traj: trials=10200000 wall=164837s knowledge=0.9158 reliable=539 spec=8.27 pop=4696
  mpx-135 diag: trials=10200000 micro=8871 pop_spec=13.94 spec_max=29 q_mean=0.603 q_max=1.000 q_above_half=2974 marked=0.238 mark_density=0.913 exp_mean=750.9 addr_spec=3.900 addr_random=0.723 addr_full=0.1054 correct=419
  mpx-135 cover: trials=10200000 overall=0.9158 a0_nochange=0.9433 a0_change=0.9254 a1_nochange=0.8947 a1_change=0.8998 matched_but_wrong=7
  mpx-135 qdetail: trials=10200000 a0nc_any=0.9915 a0nc_q=1.000 a0c_any=0.9994 a0c_q=1.000 a1nc_any=0.9927 a1nc_q=1.000 a1c_any=0.9994 a1c_q=1.000
  mpx-135 traj: trials=10320000 wall=164917s knowledge=0.9164 reliable=530 spec=8.25 pop=4558
  mpx-135 diag: trials=10320000 micro=8730 pop_spec=14.00 spec_max=29 q_mean=0.601 q_max=1.000 q_above_half=2865 marked=0.234 mark_density=0.913 exp_mean=790.1 addr_spec=3.871 addr_random=0.726 addr_full=0.1071 correct=420
  mpx-135 cover: trials=10320000 overall=0.9164 a0_nochange=0.9364 a0_change=0.9329 a1_nochange=0.8929 a1_change=0.9034 matched_but_wrong=0
  mpx-135 qdetail: trials=10320000 a0nc_any=0.9925 a0nc_q=1.000 a0c_any=0.9994 a0c_q=1.000 a1nc_any=0.9866 a1nc_q=1.000 a1c_any=0.9993 a1c_q=1.000
  mpx-135 traj: trials=10440000 wall=164998s knowledge=0.9157 reliable=527 spec=8.22 pop=4602
  mpx-135 diag: trials=10440000 micro=8849 pop_spec=13.89 spec_max=29 q_mean=0.600 q_max=1.000 q_above_half=2905 marked=0.238 mark_density=0.914 exp_mean=800.9 addr_spec=3.899 addr_random=0.720 addr_full=0.1073 correct=424
  mpx-135 cover: trials=10440000 overall=0.9157 a0_nochange=0.9307 a0_change=0.9444 a1_nochange=0.8933 a1_change=0.8942 matched_but_wrong=0
  mpx-135 qdetail: trials=10440000 a0nc_any=0.9936 a0nc_q=1.000 a0c_any=0.9995 a0c_q=1.000 a1nc_any=0.9919 a1nc_q=1.000 a1c_any=0.9991 a1c_q=1.000
  mpx-135 traj: trials=10560000 wall=165080s knowledge=0.9169 reliable=526 spec=8.25 pop=4505
  mpx-135 diag: trials=10560000 micro=8781 pop_spec=13.99 spec_max=29 q_mean=0.603 q_max=1.000 q_above_half=2865 marked=0.228 mark_density=0.912 exp_mean=835.4 addr_spec=3.885 addr_random=0.725 addr_full=0.1088 correct=425
  mpx-135 cover: trials=10560000 overall=0.9169 a0_nochange=0.9355 a0_change=0.9417 a1_nochange=0.8870 a1_change=0.9034 matched_but_wrong=23
  mpx-135 qdetail: trials=10560000 a0nc_any=0.9948 a0nc_q=1.000 a0c_any=0.9987 a0c_q=1.000 a1nc_any=0.9898 a1nc_q=1.000 a1c_any=0.9985 a1c_q=1.000
  mpx-135 traj: trials=10680000 wall=165161s knowledge=0.9231 reliable=519 spec=8.20 pop=4515
  mpx-135 diag: trials=10680000 micro=8751 pop_spec=13.83 spec_max=29 q_mean=0.600 q_max=1.000 q_above_half=2860 marked=0.237 mark_density=0.914 exp_mean=854.4 addr_spec=3.862 addr_random=0.717 addr_full=0.1081 correct=429
  mpx-135 cover: trials=10680000 overall=0.9231 a0_nochange=0.9357 a0_change=0.9424 a1_nochange=0.8932 a1_change=0.9211 matched_but_wrong=0
  mpx-135 qdetail: trials=10680000 a0nc_any=0.9952 a0nc_q=1.000 a0c_any=0.9998 a0c_q=1.000 a1nc_any=0.9958 a1nc_q=1.000 a1c_any=0.9998 a1c_q=1.000
  mpx-135 traj: trials=10800000 wall=165241s knowledge=0.9287 reliable=533 spec=8.22 pop=4340
  mpx-135 diag: trials=10800000 micro=8629 pop_spec=14.04 spec_max=29 q_mean=0.604 q_max=1.000 q_above_half=2719 marked=0.237 mark_density=0.913 exp_mean=915.1 addr_spec=3.848 addr_random=0.728 addr_full=0.1122 correct=434
  mpx-135 cover: trials=10800000 overall=0.9287 a0_nochange=0.9391 a0_change=0.9465 a1_nochange=0.9068 a1_change=0.9225 matched_but_wrong=0
  mpx-135 qdetail: trials=10800000 a0nc_any=0.9914 a0nc_q=1.000 a0c_any=0.9993 a0c_q=1.000 a1nc_any=0.9888 a1nc_q=1.000 a1c_any=0.9990 a1c_q=1.000
  mpx-135 traj: trials=10920000 wall=165318s knowledge=0.9311 reliable=549 spec=8.23 pop=4462
  mpx-135 diag: trials=10920000 micro=8817 pop_spec=13.81 spec_max=29 q_mean=0.604 q_max=1.000 q_above_half=2815 marked=0.222 mark_density=0.913 exp_mean=911.9 addr_spec=3.937 addr_random=0.716 addr_full=0.1123 correct=441
  mpx-135 cover: trials=10920000 overall=0.9311 a0_nochange=0.9433 a0_change=0.9465 a1_nochange=0.9127 a1_change=0.9219 matched_but_wrong=0
  mpx-135 qdetail: trials=10920000 a0nc_any=0.9824 a0nc_q=1.000 a0c_any=0.9998 a0c_q=1.000 a1nc_any=0.9852 a1nc_q=1.000 a1c_any=0.9997 a1c_q=1.000
  mpx-135 traj: trials=11040000 wall=165394s knowledge=0.9351 reliable=531 spec=8.15 pop=4463
  mpx-135 diag: trials=11040000 micro=8789 pop_spec=13.76 spec_max=29 q_mean=0.604 q_max=1.000 q_above_half=2837 marked=0.235 mark_density=0.915 exp_mean=927.8 addr_spec=3.940 addr_random=0.713 addr_full=0.1111 correct=445
  mpx-135 cover: trials=11040000 overall=0.9351 a0_nochange=0.9453 a0_change=0.9485 a1_nochange=0.9116 a1_change=0.9349 matched_but_wrong=0
  mpx-135 qdetail: trials=11040000 a0nc_any=0.9927 a0nc_q=1.000 a0c_any=0.9999 a0c_q=1.000 a1nc_any=0.9891 a1nc_q=1.000 a1c_any=0.9995 a1c_q=1.000
  mpx-135 traj: trials=11160000 wall=165469s knowledge=0.9430 reliable=534 spec=8.17 pop=4404
  mpx-135 diag: trials=11160000 micro=8737 pop_spec=13.81 spec_max=29 q_mean=0.606 q_max=1.000 q_above_half=2826 marked=0.240 mark_density=0.915 exp_mean=960.6 addr_spec=3.944 addr_random=0.716 addr_full=0.1158 correct=451
  mpx-135 cover: trials=11160000 overall=0.9430 a0_nochange=0.9506 a0_change=0.9545 a1_nochange=0.9245 a1_change=0.9423 matched_but_wrong=0
  mpx-135 qdetail: trials=11160000 a0nc_any=0.9942 a0nc_q=1.000 a0c_any=0.9996 a0c_q=1.000 a1nc_any=0.9877 a1nc_q=1.000 a1c_any=0.9991 a1c_q=1.000
  mpx-135 traj: trials=11280000 wall=165543s knowledge=0.9459 reliable=545 spec=8.22 pop=4401
  mpx-135 diag: trials=11280000 micro=8813 pop_spec=13.69 spec_max=29 q_mean=0.604 q_max=1.000 q_above_half=2747 marked=0.232 mark_density=0.916 exp_mean=984.9 addr_spec=3.981 addr_random=0.710 addr_full=0.1191 correct=451
  mpx-135 cover: trials=11280000 overall=0.9459 a0_nochange=0.9510 a0_change=0.9564 a1_nochange=0.9302 a1_change=0.9462 matched_but_wrong=0
  mpx-135 qdetail: trials=11280000 a0nc_any=0.9934 a0nc_q=1.000 a0c_any=1.0000 a0c_q=1.000 a1nc_any=0.9886 a1nc_q=1.000 a1c_any=0.9997 a1c_q=1.000
  mpx-135 traj: trials=11400000 wall=165618s knowledge=0.9499 reliable=541 spec=8.16 pop=4318
  mpx-135 diag: trials=11400000 micro=8704 pop_spec=13.76 spec_max=29 q_mean=0.603 q_max=1.000 q_above_half=2671 marked=0.236 mark_density=0.915 exp_mean=1025.1 addr_spec=3.947 addr_random=0.714 addr_full=0.1186 correct=454
  mpx-135 cover: trials=11400000 overall=0.9499 a0_nochange=0.9592 a0_change=0.9701 a1_nochange=0.9223 a1_change=0.9481 matched_but_wrong=0
  mpx-135 qdetail: trials=11400000 a0nc_any=0.9902 a0nc_q=1.000 a0c_any=0.9997 a0c_q=1.000 a1nc_any=0.9938 a1nc_q=1.000 a1c_any=0.9998 a1c_q=1.000
  mpx-135 traj: trials=11520000 wall=165691s knowledge=0.9493 reliable=530 spec=8.12 pop=4226
  mpx-135 diag: trials=11520000 micro=8660 pop_spec=13.79 spec_max=29 q_mean=0.603 q_max=1.000 q_above_half=2654 marked=0.231 mark_density=0.913 exp_mean=1064.0 addr_spec=3.930 addr_random=0.715 addr_full=0.1209 correct=456
  mpx-135 cover: trials=11520000 overall=0.9493 a0_nochange=0.9608 a0_change=0.9590 a1_nochange=0.9278 a1_change=0.9495 matched_but_wrong=0
  mpx-135 qdetail: trials=11520000 a0nc_any=0.9900 a0nc_q=1.000 a0c_any=0.9998 a0c_q=1.000 a1nc_any=0.9866 a1nc_q=1.000 a1c_any=0.9991 a1c_q=1.000
  mpx-135 traj: trials=11640000 wall=165764s knowledge=0.9451 reliable=514 spec=8.11 pop=4227
  mpx-135 diag: trials=11640000 micro=8687 pop_spec=13.75 spec_max=29 q_mean=0.600 q_max=1.000 q_above_half=2626 marked=0.243 mark_density=0.915 exp_mean=1086.2 addr_spec=3.966 addr_random=0.713 addr_full=0.1211 correct=456
  mpx-135 cover: trials=11640000 overall=0.9451 a0_nochange=0.9534 a0_change=0.9633 a1_nochange=0.9221 a1_change=0.9416 matched_but_wrong=0
  mpx-135 qdetail: trials=11640000 a0nc_any=0.9922 a0nc_q=1.000 a0c_any=0.9995 a0c_q=1.000 a1nc_any=0.9852 a1nc_q=1.000 a1c_any=0.9999 a1c_q=1.000
  mpx-135 traj: trials=11760000 wall=165837s knowledge=0.9479 reliable=531 spec=8.12 pop=4186
  mpx-135 diag: trials=11760000 micro=8610 pop_spec=13.70 spec_max=29 q_mean=0.601 q_max=1.000 q_above_half=2622 marked=0.241 mark_density=0.915 exp_mean=1124.7 addr_spec=3.940 addr_random=0.710 addr_full=0.1228 correct=456
  mpx-135 cover: trials=11760000 overall=0.9479 a0_nochange=0.9556 a0_change=0.9593 a1_nochange=0.9337 a1_change=0.9430 matched_but_wrong=0
  mpx-135 qdetail: trials=11760000 a0nc_any=0.9927 a0nc_q=1.000 a0c_any=0.9998 a0c_q=1.000 a1nc_any=0.9958 a1nc_q=1.000 a1c_any=0.9979 a1c_q=1.000
  mpx-135 traj: trials=11880000 wall=165910s knowledge=0.9515 reliable=537 spec=8.13 pop=4157
  mpx-135 diag: trials=11880000 micro=8601 pop_spec=13.73 spec_max=29 q_mean=0.605 q_max=1.000 q_above_half=2621 marked=0.227 mark_density=0.914 exp_mean=1147.8 addr_spec=3.933 addr_random=0.712 addr_full=0.1229 correct=459
  mpx-135 cover: trials=11880000 overall=0.9515 a0_nochange=0.9619 a0_change=0.9575 a1_nochange=0.9387 a1_change=0.9478 matched_but_wrong=0
  mpx-135 qdetail: trials=11880000 a0nc_any=0.9981 a0nc_q=1.000 a0c_any=0.9998 a0c_q=1.000 a1nc_any=0.9764 a1nc_q=1.000 a1c_any=0.9992 a1c_q=1.000
  mpx-135 traj: trials=12000000 wall=165982s knowledge=0.9525 reliable=540 spec=8.12 pop=4180
  mpx-135 diag: trials=12000000 micro=8690 pop_spec=13.60 spec_max=29 q_mean=0.602 q_max=1.000 q_above_half=2545 marked=0.243 mark_density=0.917 exp_mean=1169.5 addr_spec=3.938 addr_random=0.705 addr_full=0.1225 correct=461
  mpx-135 cover: trials=12000000 overall=0.9525 a0_nochange=0.9582 a0_change=0.9626 a1_nochange=0.9426 a1_change=0.9467 matched_but_wrong=0
  mpx-135 qdetail: trials=12000000 a0nc_any=0.9982 a0nc_q=1.000 a0c_any=0.9998 a0c_q=1.000 a1nc_any=1.0000 a1nc_q=1.000 a1c_any=1.0000 a1c_q=1.000
  mpx-135 traj: trials=12120000 wall=166055s knowledge=0.9504 reliable=526 spec=8.12 pop=4125
  mpx-135 diag: trials=12120000 micro=8587 pop_spec=13.60 spec_max=29 q_mean=0.601 q_max=1.000 q_above_half=2570 marked=0.240 mark_density=0.916 exp_mean=1212.3 addr_spec=3.952 addr_random=0.705 addr_full=0.1205 correct=461
  mpx-135 cover: trials=12120000 overall=0.9504 a0_nochange=0.9574 a0_change=0.9637 a1_nochange=0.9361 a1_change=0.9445 matched_but_wrong=0
  mpx-135 qdetail: trials=12120000 a0nc_any=0.9995 a0nc_q=1.000 a0c_any=1.0000 a0c_q=1.000 a1nc_any=0.9907 a1nc_q=1.000 a1c_any=0.9999 a1c_q=1.000
  mpx-135 traj: trials=12240000 wall=166127s knowledge=0.9503 reliable=521 spec=8.12 pop=4098
  mpx-135 diag: trials=12240000 micro=8613 pop_spec=13.61 spec_max=29 q_mean=0.601 q_max=1.000 q_above_half=2526 marked=0.243 mark_density=0.916 exp_mean=1247.1 addr_spec=3.974 addr_random=0.706 addr_full=0.1247 correct=461
  mpx-135 cover: trials=12240000 overall=0.9503 a0_nochange=0.9591 a0_change=0.9610 a1_nochange=0.9360 a1_change=0.9452 matched_but_wrong=0
  mpx-135 qdetail: trials=12240000 a0nc_any=0.9998 a0nc_q=1.000 a0c_any=1.0000 a0c_q=1.000 a1nc_any=0.9992 a1nc_q=1.000 a1c_any=0.9993 a1c_q=1.000
  mpx-135 traj: trials=12360000 wall=166198s knowledge=0.9522 reliable=523 spec=8.11 pop=4072
  mpx-135 diag: trials=12360000 micro=8510 pop_spec=13.65 spec_max=29 q_mean=0.605 q_max=1.000 q_above_half=2564 marked=0.241 mark_density=0.915 exp_mean=1273.0 addr_spec=3.945 addr_random=0.708 addr_full=0.1233 correct=460
  mpx-135 cover: trials=12360000 overall=0.9522 a0_nochange=0.9574 a0_change=0.9668 a1_nochange=0.9468 a1_change=0.9376 matched_but_wrong=0
  mpx-135 qdetail: trials=12360000 a0nc_any=0.9948 a0nc_q=1.000 a0c_any=1.0000 a0c_q=1.000 a1nc_any=0.9979 a1nc_q=1.000 a1c_any=0.9996 a1c_q=1.000
  mpx-135 traj: trials=12480000 wall=166267s knowledge=0.9533 reliable=523 spec=8.11 pop=4106
  mpx-135 diag: trials=12480000 micro=8597 pop_spec=13.57 spec_max=29 q_mean=0.605 q_max=1.000 q_above_half=2541 marked=0.241 mark_density=0.916 exp_mean=1288.4 addr_spec=3.987 addr_random=0.704 addr_full=0.1269 correct=460
  mpx-135 cover: trials=12480000 overall=0.9533 a0_nochange=0.9539 a0_change=0.9666 a1_nochange=0.9507 a1_change=0.9421 matched_but_wrong=0
  mpx-135 qdetail: trials=12480000 a0nc_any=0.9897 a0nc_q=1.000 a0c_any=0.9998 a0c_q=1.000 a1nc_any=0.9958 a1nc_q=1.000 a1c_any=0.9996 a1c_q=1.000
  mpx-135 traj: trials=12600000 wall=166338s knowledge=0.9562 reliable=536 spec=8.13 pop=4098
  mpx-135 diag: trials=12600000 micro=8558 pop_spec=13.52 spec_max=29 q_mean=0.607 q_max=1.000 q_above_half=2603 marked=0.241 mark_density=0.916 exp_mean=1318.9 addr_spec=3.991 addr_random=0.701 addr_full=0.1262 correct=463
  mpx-135 cover: trials=12600000 overall=0.9562 a0_nochange=0.9579 a0_change=0.9629 a1_nochange=0.9486 a1_change=0.9554 matched_but_wrong=0
  mpx-135 qdetail: trials=12600000 a0nc_any=0.9980 a0nc_q=1.000 a0c_any=0.9997 a0c_q=1.000 a1nc_any=0.9948 a1nc_q=1.000 a1c_any=0.9991 a1c_q=1.000
  mpx-135 traj: trials=12720000 wall=166409s knowledge=0.9591 reliable=542 spec=8.14 pop=4088
  mpx-135 diag: trials=12720000 micro=8538 pop_spec=13.43 spec_max=29 q_mean=0.604 q_max=1.000 q_above_half=2553 marked=0.237 mark_density=0.917 exp_mean=1345.6 addr_spec=4.045 addr_random=0.696 addr_full=0.1284 correct=465
  mpx-135 cover: trials=12720000 overall=0.9591 a0_nochange=0.9565 a0_change=0.9774 a1_nochange=0.9457 a1_change=0.9567 matched_but_wrong=0
  mpx-135 qdetail: trials=12720000 a0nc_any=0.9980 a0nc_q=1.000 a0c_any=0.9999 a0c_q=1.000 a1nc_any=0.9980 a1nc_q=1.000 a1c_any=0.9996 a1c_q=1.000
  mpx-135 traj: trials=12840000 wall=166479s knowledge=0.9618 reliable=542 spec=8.10 pop=3953
  mpx-135 diag: trials=12840000 micro=8441 pop_spec=13.58 spec_max=29 q_mean=0.605 q_max=1.000 q_above_half=2452 marked=0.229 mark_density=0.914 exp_mean=1417.7 addr_spec=3.991 addr_random=0.704 addr_full=0.1293 correct=470
  mpx-135 cover: trials=12840000 overall=0.9618 a0_nochange=0.9603 a0_change=0.9767 a1_nochange=0.9506 a1_change=0.9598 matched_but_wrong=0
  mpx-135 qdetail: trials=12840000 a0nc_any=0.9928 a0nc_q=1.000 a0c_any=0.9997 a0c_q=1.000 a1nc_any=0.9919 a1nc_q=1.000 a1c_any=0.9997 a1c_q=1.000
  mpx-135 traj: trials=12960000 wall=166551s knowledge=0.9637 reliable=542 spec=8.13 pop=3951
  mpx-135 diag: trials=12960000 micro=8470 pop_spec=13.54 spec_max=29 q_mean=0.607 q_max=1.000 q_above_half=2441 marked=0.234 mark_density=0.914 exp_mean=1439.2 addr_spec=4.035 addr_random=0.702 addr_full=0.1309 correct=472
  mpx-135 cover: trials=12960000 overall=0.9637 a0_nochange=0.9583 a0_change=0.9798 a1_nochange=0.9593 a1_change=0.9573 matched_but_wrong=0
  mpx-135 qdetail: trials=12960000 a0nc_any=0.9979 a0nc_q=1.000 a0c_any=1.0000 a0c_q=1.000 a1nc_any=0.9942 a1nc_q=1.000 a1c_any=0.9996 a1c_q=1.000
  mpx-135 traj: trials=13080000 wall=166622s knowledge=0.9627 reliable=534 spec=8.10 pop=3975
  mpx-135 diag: trials=13080000 micro=8495 pop_spec=13.51 spec_max=29 q_mean=0.608 q_max=1.000 q_above_half=2504 marked=0.235 mark_density=0.915 exp_mean=1458.4 addr_spec=4.030 addr_random=0.700 addr_full=0.1291 correct=472
  mpx-135 cover: trials=13080000 overall=0.9627 a0_nochange=0.9585 a0_change=0.9743 a1_nochange=0.9609 a1_change=0.9570 matched_but_wrong=0
  mpx-135 qdetail: trials=13080000 a0nc_any=0.9988 a0nc_q=1.000 a0c_any=0.9997 a0c_q=1.000 a1nc_any=0.9983 a1nc_q=1.000 a1c_any=0.9996 a1c_q=1.000
  mpx-135 traj: trials=13200000 wall=166691s knowledge=0.9635 reliable=534 spec=8.07 pop=3908
  mpx-135 diag: trials=13200000 micro=8443 pop_spec=13.54 spec_max=29 q_mean=0.609 q_max=1.000 q_above_half=2490 marked=0.243 mark_density=0.916 exp_mean=1512.4 addr_spec=3.966 addr_random=0.702 addr_full=0.1323 correct=472
  mpx-135 cover: trials=13200000 overall=0.9635 a0_nochange=0.9603 a0_change=0.9786 a1_nochange=0.9614 a1_change=0.9538 matched_but_wrong=0
  mpx-135 qdetail: trials=13200000 a0nc_any=0.9977 a0nc_q=1.000 a0c_any=0.9995 a0c_q=1.000 a1nc_any=0.9951 a1nc_q=1.000 a1c_any=0.9999 a1c_q=1.000
  mpx-135 traj: trials=13320000 wall=166760s knowledge=0.9634 reliable=543 spec=8.11 pop=3977
  mpx-135 diag: trials=13320000 micro=8495 pop_spec=13.36 spec_max=29 q_mean=0.606 q_max=1.000 q_above_half=2509 marked=0.222 mark_density=0.914 exp_mean=1514.6 addr_spec=4.010 addr_random=0.693 addr_full=0.1287 correct=471
  mpx-135 cover: trials=13320000 overall=0.9634 a0_nochange=0.9587 a0_change=0.9742 a1_nochange=0.9645 a1_change=0.9562 matched_but_wrong=0
  mpx-135 qdetail: trials=13320000 a0nc_any=0.9990 a0nc_q=1.000 a0c_any=0.9998 a0c_q=1.000 a1nc_any=0.9936 a1nc_q=1.000 a1c_any=0.9999 a1c_q=1.000
  mpx-135 traj: trials=13440000 wall=166831s knowledge=0.9618 reliable=533 spec=8.10 pop=4023
  mpx-135 diag: trials=13440000 micro=8533 pop_spec=13.30 spec_max=29 q_mean=0.606 q_max=1.000 q_above_half=2527 marked=0.237 mark_density=0.916 exp_mean=1521.3 addr_spec=4.079 addr_random=0.689 addr_full=0.1300 correct=470
  mpx-135 cover: trials=13440000 overall=0.9618 a0_nochange=0.9571 a0_change=0.9752 a1_nochange=0.9622 a1_change=0.9527 matched_but_wrong=0
  mpx-135 qdetail: trials=13440000 a0nc_any=0.9929 a0nc_q=1.000 a0c_any=0.9997 a0c_q=1.000 a1nc_any=0.9969 a1nc_q=1.000 a1c_any=0.9992 a1c_q=1.000
  mpx-135 traj: trials=13560000 wall=166901s knowledge=0.9624 reliable=525 spec=8.10 pop=4013
  mpx-135 diag: trials=13560000 micro=8628 pop_spec=13.25 spec_max=29 q_mean=0.602 q_max=1.000 q_above_half=2477 marked=0.236 mark_density=0.917 exp_mean=1553.7 addr_spec=4.067 addr_random=0.687 addr_full=0.1278 correct=470
  mpx-135 cover: trials=13560000 overall=0.9624 a0_nochange=0.9589 a0_change=0.9773 a1_nochange=0.9588 a1_change=0.9546 matched_but_wrong=0
  mpx-135 qdetail: trials=13560000 a0nc_any=0.9940 a0nc_q=1.000 a0c_any=1.0000 a0c_q=1.000 a1nc_any=0.9916 a1nc_q=1.000 a1c_any=0.9998 a1c_q=1.000
  mpx-135 traj: trials=13680000 wall=166971s knowledge=0.9607 reliable=530 spec=8.06 pop=4029
  mpx-135 diag: trials=13680000 micro=8522 pop_spec=13.18 spec_max=29 q_mean=0.605 q_max=1.000 q_above_half=2553 marked=0.241 mark_density=0.917 exp_mean=1575.4 addr_spec=4.058 addr_random=0.684 addr_full=0.1273 correct=470
  mpx-135 cover: trials=13680000 overall=0.9607 a0_nochange=0.9569 a0_change=0.9699 a1_nochange=0.9579 a1_change=0.9579 matched_but_wrong=0
  mpx-135 qdetail: trials=13680000 a0nc_any=0.9964 a0nc_q=1.000 a0c_any=1.0000 a0c_q=1.000 a1nc_any=0.9932 a1nc_q=1.000 a1c_any=0.9991 a1c_q=1.000
  mpx-135 traj: trials=13800000 wall=167041s knowledge=0.9633 reliable=527 spec=8.08 pop=3904
  mpx-135 diag: trials=13800000 micro=8411 pop_spec=13.31 spec_max=29 q_mean=0.606 q_max=1.000 q_above_half=2456 marked=0.231 mark_density=0.916 exp_mean=1652.3 addr_spec=4.038 addr_random=0.690 addr_full=0.1337 correct=470
  mpx-135 cover: trials=13800000 overall=0.9633 a0_nochange=0.9587 a0_change=0.9768 a1_nochange=0.9592 a1_change=0.9584 matched_but_wrong=0
  mpx-135 qdetail: trials=13800000 a0nc_any=0.9976 a0nc_q=1.000 a0c_any=0.9999 a0c_q=1.000 a1nc_any=0.9978 a1nc_q=1.000 a1c_any=0.9999 a1c_q=1.000
  mpx-135 traj: trials=13920000 wall=167109s knowledge=0.9631 reliable=540 spec=8.11 pop=3858
  mpx-135 diag: trials=13920000 micro=8408 pop_spec=13.36 spec_max=29 q_mean=0.608 q_max=1.000 q_above_half=2474 marked=0.233 mark_density=0.915 exp_mean=1702.1 addr_spec=4.042 addr_random=0.693 addr_full=0.1363 correct=471
  mpx-135 cover: trials=13920000 overall=0.9631 a0_nochange=0.9553 a0_change=0.9770 a1_nochange=0.9592 a1_change=0.9611 matched_but_wrong=0
  mpx-135 qdetail: trials=13920000 a0nc_any=0.9854 a0nc_q=1.000 a0c_any=1.0000 a0c_q=1.000 a1nc_any=0.9982 a1nc_q=1.000 a1c_any=0.9992 a1c_q=1.000
  mpx-135 traj: trials=14040000 wall=167178s knowledge=0.9636 reliable=534 spec=8.10 pop=3973
  mpx-135 diag: trials=14040000 micro=8503 pop_spec=13.21 spec_max=29 q_mean=0.609 q_max=1.000 q_above_half=2522 marked=0.244 mark_density=0.917 exp_mean=1680.9 addr_spec=4.078 addr_random=0.685 addr_full=0.1311 correct=469
  mpx-135 cover: trials=14040000 overall=0.9636 a0_nochange=0.9675 a0_change=0.9737 a1_nochange=0.9573 a1_change=0.9558 matched_but_wrong=0
  mpx-135 qdetail: trials=14040000 a0nc_any=0.9986 a0nc_q=1.000 a0c_any=0.9997 a0c_q=1.000 a1nc_any=0.9973 a1nc_q=1.000 a1c_any=0.9997 a1c_q=1.000
  mpx-135 traj: trials=14160000 wall=167247s knowledge=0.9629 reliable=525 spec=8.09 pop=3936
  mpx-135 diag: trials=14160000 micro=8421 pop_spec=13.19 spec_max=29 q_mean=0.605 q_max=1.000 q_above_half=2472 marked=0.244 mark_density=0.917 exp_mean=1725.7 addr_spec=4.104 addr_random=0.684 addr_full=0.1344 correct=471
  mpx-135 cover: trials=14160000 overall=0.9629 a0_nochange=0.9589 a0_change=0.9749 a1_nochange=0.9550 a1_change=0.9627 matched_but_wrong=0
  mpx-135 qdetail: trials=14160000 a0nc_any=0.9972 a0nc_q=1.000 a0c_any=0.9992 a0c_q=1.000 a1nc_any=0.9989 a1nc_q=1.000 a1c_any=0.9993 a1c_q=1.000
  mpx-135 traj: trials=14280000 wall=167316s knowledge=0.9659 reliable=531 spec=8.12 pop=4018
  mpx-135 diag: trials=14280000 micro=8509 pop_spec=13.09 spec_max=29 q_mean=0.610 q_max=1.000 q_above_half=2573 marked=0.238 mark_density=0.916 exp_mean=1718.2 addr_spec=4.112 addr_random=0.679 addr_full=0.1317 correct=475
  mpx-135 cover: trials=14280000 overall=0.9659 a0_nochange=0.9707 a0_change=0.9710 a1_nochange=0.9586 a1_change=0.9635 matched_but_wrong=0
  mpx-135 qdetail: trials=14280000 a0nc_any=0.9974 a0nc_q=1.000 a0c_any=0.9987 a0c_q=1.000 a1nc_any=0.9945 a1nc_q=1.000 a1c_any=0.9999 a1c_q=1.000
  mpx-135 traj: trials=14400000 wall=167384s knowledge=0.9678 reliable=532 spec=8.13 pop=3943
  mpx-135 diag: trials=14400000 micro=8546 pop_spec=13.10 spec_max=29 q_mean=0.609 q_max=1.000 q_above_half=2494 marked=0.224 mark_density=0.915 exp_mean=1773.6 addr_spec=4.100 addr_random=0.679 addr_full=0.1324 correct=475
  mpx-135 cover: trials=14400000 overall=0.9678 a0_nochange=0.9728 a0_change=0.9730 a1_nochange=0.9624 a1_change=0.9630 matched_but_wrong=0
  mpx-135 qdetail: trials=14400000 a0nc_any=0.9991 a0nc_q=1.000 a0c_any=1.0000 a0c_q=1.000 a1nc_any=0.9905 a1nc_q=1.000 a1c_any=0.9999 a1c_q=1.000
  mpx-135 traj: trials=14520000 wall=167453s knowledge=0.9679 reliable=534 spec=8.10 pop=3829
  mpx-135 diag: trials=14520000 micro=8380 pop_spec=13.17 spec_max=29 q_mean=0.607 q_max=1.000 q_above_half=2428 marked=0.234 mark_density=0.916 exp_mean=1856.4 addr_spec=4.045 addr_random=0.683 addr_full=0.1348 correct=477
  mpx-135 cover: trials=14520000 overall=0.9679 a0_nochange=0.9659 a0_change=0.9857 a1_nochange=0.9587 a1_change=0.9614 matched_but_wrong=0
  mpx-135 qdetail: trials=14520000 a0nc_any=0.9980 a0nc_q=1.000 a0c_any=1.0000 a0c_q=1.000 a1nc_any=0.9862 a1nc_q=1.000 a1c_any=0.9999 a1c_q=1.000
  mpx-135 traj: trials=14640000 wall=167521s knowledge=0.9679 reliable=536 spec=8.09 pop=3835
  mpx-135 diag: trials=14640000 micro=8389 pop_spec=13.16 spec_max=29 q_mean=0.608 q_max=1.000 q_above_half=2414 marked=0.230 mark_density=0.915 exp_mean=1880.6 addr_spec=4.092 addr_random=0.682 addr_full=0.1379 correct=478
  mpx-135 cover: trials=14640000 overall=0.9679 a0_nochange=0.9653 a0_change=0.9870 a1_nochange=0.9581 a1_change=0.9612 matched_but_wrong=0
  mpx-135 qdetail: trials=14640000 a0nc_any=0.9897 a0nc_q=1.000 a0c_any=1.0000 a0c_q=1.000 a1nc_any=0.9950 a1nc_q=1.000 a1c_any=0.9999 a1c_q=1.000
  mpx-135 traj: trials=14760000 wall=167588s knowledge=0.9662 reliable=522 spec=8.08 pop=3774
  mpx-135 diag: trials=14760000 micro=8369 pop_spec=13.17 spec_max=29 q_mean=0.602 q_max=1.000 q_above_half=2344 marked=0.236 mark_density=0.916 exp_mean=1939.9 addr_spec=4.074 addr_random=0.683 addr_full=0.1367 correct=478
  mpx-135 cover: trials=14760000 overall=0.9662 a0_nochange=0.9617 a0_change=0.9837 a1_nochange=0.9539 a1_change=0.9653 matched_but_wrong=0
  mpx-135 qdetail: trials=14760000 a0nc_any=0.9957 a0nc_q=1.000 a0c_any=1.0000 a0c_q=1.000 a1nc_any=0.9971 a1nc_q=1.000 a1c_any=1.0000 a1c_q=1.000
  mpx-135 traj: trials=14880000 wall=167656s knowledge=0.9675 reliable=528 spec=8.07 pop=3790
  mpx-135 diag: trials=14880000 micro=8340 pop_spec=13.12 spec_max=29 q_mean=0.603 q_max=1.000 q_above_half=2352 marked=0.240 mark_density=0.916 exp_mean=1951.7 addr_spec=4.064 addr_random=0.680 addr_full=0.1391 correct=480
  mpx-135 cover: trials=14880000 overall=0.9675 a0_nochange=0.9663 a0_change=0.9860 a1_nochange=0.9596 a1_change=0.9583 matched_but_wrong=0
  mpx-135 qdetail: trials=14880000 a0nc_any=0.9992 a0nc_q=1.000 a0c_any=1.0000 a0c_q=1.000 a1nc_any=0.9942 a1nc_q=1.000 a1c_any=0.9995 a1c_q=1.000
  mpx-135 traj: trials=15000000 wall=167724s knowledge=0.9703 reliable=541 spec=8.07 pop=3774
  mpx-135 diag: trials=15000000 micro=8314 pop_spec=13.12 spec_max=29 q_mean=0.609 q_max=1.000 q_above_half=2375 marked=0.239 mark_density=0.916 exp_mean=1990.8 addr_spec=4.078 addr_random=0.680 addr_full=0.1375 correct=482
  mpx-135 cover: trials=15000000 overall=0.9703 a0_nochange=0.9730 a0_change=0.9860 a1_nochange=0.9549 a1_change=0.9673 matched_but_wrong=0
  mpx-135 qdetail: trials=15000000 a0nc_any=0.9961 a0nc_q=1.000 a0c_any=1.0000 a0c_q=1.000 a1nc_any=0.9845 a1nc_q=1.000 a1c_any=0.9998 a1c_q=1.000
  mpx-135 traj: trials=15120000 wall=167790s knowledge=0.9687 reliable=527 spec=8.08 pop=3766
  mpx-135 diag: trials=15120000 micro=8294 pop_spec=13.13 spec_max=29 q_mean=0.605 q_max=1.000 q_above_half=2383 marked=0.248 mark_density=0.917 exp_mean=2017.6 addr_spec=4.087 addr_random=0.681 addr_full=0.1365 correct=483
  mpx-135 cover: trials=15120000 overall=0.9687 a0_nochange=0.9692 a0_change=0.9897 a1_nochange=0.9585 a1_change=0.9575 matched_but_wrong=0
  mpx-135 qdetail: trials=15120000 a0nc_any=0.9972 a0nc_q=1.000 a0c_any=0.9997 a0c_q=1.000 a1nc_any=0.9991 a1nc_q=1.000 a1c_any=0.9990 a1c_q=1.000
  mpx-135 traj: trials=15240000 wall=167856s knowledge=0.9709 reliable=521 spec=8.08 pop=3719
  mpx-135 diag: trials=15240000 micro=8307 pop_spec=13.17 spec_max=29 q_mean=0.607 q_max=1.000 q_above_half=2367 marked=0.243 mark_density=0.916 exp_mean=2074.5 addr_spec=4.082 addr_random=0.683 addr_full=0.1422 correct=483
  mpx-135 cover: trials=15240000 overall=0.9709 a0_nochange=0.9734 a0_change=0.9907 a1_nochange=0.9626 a1_change=0.9568 matched_but_wrong=0
  mpx-135 qdetail: trials=15240000 a0nc_any=0.9947 a0nc_q=1.000 a0c_any=1.0000 a0c_q=1.000 a1nc_any=0.9942 a1nc_q=1.000 a1c_any=0.9997 a1c_q=1.000
  mpx-135 traj: trials=15360000 wall=167925s knowledge=0.9739 reliable=545 spec=8.10 pop=3796
  mpx-135 diag: trials=15360000 micro=8274 pop_spec=12.95 spec_max=29 q_mean=0.606 q_max=1.000 q_above_half=2387 marked=0.239 mark_density=0.917 exp_mean=2063.7 addr_spec=4.143 addr_random=0.671 addr_full=0.1401 correct=487
  mpx-135 cover: trials=15360000 overall=0.9739 a0_nochange=0.9738 a0_change=0.9937 a1_nochange=0.9677 a1_change=0.9605 matched_but_wrong=0
  mpx-135 qdetail: trials=15360000 a0nc_any=0.9974 a0nc_q=1.000 a0c_any=1.0000 a0c_q=1.000 a1nc_any=0.9987 a1nc_q=1.000 a1c_any=1.0000 a1c_q=1.000
  mpx-135 traj: trials=15480000 wall=167994s knowledge=0.9767 reliable=531 spec=8.07 pop=3765
  mpx-135 diag: trials=15480000 micro=8420 pop_spec=13.02 spec_max=29 q_mean=0.608 q_max=1.000 q_above_half=2409 marked=0.242 mark_density=0.916 exp_mean=2111.2 addr_spec=4.144 addr_random=0.675 addr_full=0.1400 correct=489
  mpx-135 cover: trials=15480000 overall=0.9767 a0_nochange=0.9777 a0_change=0.9933 a1_nochange=0.9657 a1_change=0.9699 matched_but_wrong=0
  mpx-135 qdetail: trials=15480000 a0nc_any=0.9986 a0nc_q=1.000 a0c_any=1.0000 a0c_q=1.000 a1nc_any=0.9944 a1nc_q=1.000 a1c_any=0.9998 a1c_q=1.000
  mpx-135 traj: trials=15600000 wall=168062s knowledge=0.9765 reliable=526 spec=8.09 pop=3758
  mpx-135 diag: trials=15600000 micro=8371 pop_spec=12.97 spec_max=29 q_mean=0.606 q_max=1.000 q_above_half=2406 marked=0.240 mark_density=0.916 exp_mean=2142.8 addr_spec=4.136 addr_random=0.672 addr_full=0.1429 correct=489
  mpx-135 cover: trials=15600000 overall=0.9765 a0_nochange=0.9774 a0_change=0.9937 a1_nochange=0.9641 a1_change=0.9709 matched_but_wrong=51
  mpx-135 qdetail: trials=15600000 a0nc_any=0.9962 a0nc_q=1.000 a0c_any=1.0000 a0c_q=1.000 a1nc_any=0.9936 a1nc_q=1.000 a1c_any=0.9998 a1c_q=1.000
  mpx-135 traj: trials=15720000 wall=168128s knowledge=0.9786 reliable=532 spec=8.07 pop=3718
  mpx-135 diag: trials=15720000 micro=8341 pop_spec=12.95 spec_max=29 q_mean=0.606 q_max=1.000 q_above_half=2351 marked=0.244 mark_density=0.917 exp_mean=2197.7 addr_spec=4.115 addr_random=0.672 addr_full=0.1458 correct=489
  mpx-135 cover: trials=15720000 overall=0.9786 a0_nochange=0.9794 a0_change=0.9952 a1_nochange=0.9697 a1_change=0.9699 matched_but_wrong=0
  mpx-135 qdetail: trials=15720000 a0nc_any=0.9973 a0nc_q=1.000 a0c_any=1.0000 a0c_q=1.000 a1nc_any=0.9913 a1nc_q=1.000 a1c_any=1.0000 a1c_q=1.000
  mpx-135 traj: trials=15840000 wall=168193s knowledge=0.9789 reliable=530 spec=8.07 pop=3714
  mpx-135 diag: trials=15840000 micro=8360 pop_spec=12.92 spec_max=29 q_mean=0.609 q_max=1.000 q_above_half=2363 marked=0.246 mark_density=0.918 exp_mean=2231.9 addr_spec=4.128 addr_random=0.670 addr_full=0.1427 correct=488
  mpx-135 cover: trials=15840000 overall=0.9789 a0_nochange=0.9771 a0_change=0.9933 a1_nochange=0.9717 a1_change=0.9735 matched_but_wrong=20
  mpx-135 qdetail: trials=15840000 a0nc_any=0.9990 a0nc_q=1.000 a0c_any=1.0000 a0c_q=1.000 a1nc_any=0.9983 a1nc_q=1.000 a1c_any=0.9996 a1c_q=1.000
  mpx-135 traj: trials=15960000 wall=168259s knowledge=0.9798 reliable=533 spec=8.07 pop=3671
  mpx-135 diag: trials=15960000 micro=8237 pop_spec=12.98 spec_max=29 q_mean=0.607 q_max=1.000 q_above_half=2318 marked=0.241 mark_density=0.916 exp_mean=2290.2 addr_spec=4.148 addr_random=0.673 addr_full=0.1441 correct=491
  mpx-135 cover: trials=15960000 overall=0.9798 a0_nochange=0.9810 a0_change=0.9939 a1_nochange=0.9711 a1_change=0.9730 matched_but_wrong=0
  mpx-135 qdetail: trials=15960000 a0nc_any=0.9973 a0nc_q=1.000 a0c_any=1.0000 a0c_q=1.000 a1nc_any=0.9958 a1nc_q=1.000 a1c_any=0.9999 a1c_q=1.000
  mpx-135 traj: trials=16080000 wall=168326s knowledge=0.9796 reliable=536 spec=8.06 pop=3642
  mpx-135 diag: trials=16080000 micro=8310 pop_spec=13.03 spec_max=29 q_mean=0.610 q_max=1.000 q_above_half=2335 marked=0.241 mark_density=0.915 exp_mean=2340.8 addr_spec=4.152 addr_random=0.676 addr_full=0.1463 correct=490
  mpx-135 cover: trials=16080000 overall=0.9796 a0_nochange=0.9820 a0_change=0.9949 a1_nochange=0.9690 a1_change=0.9725 matched_but_wrong=0
  mpx-135 qdetail: trials=16080000 a0nc_any=0.9992 a0nc_q=1.000 a0c_any=1.0000 a0c_q=1.000 a1nc_any=0.9969 a1nc_q=1.000 a1c_any=1.0000 a1c_q=1.000
  mpx-135 traj: trials=16200000 wall=168390s knowledge=0.9804 reliable=540 spec=8.07 pop=3716
  mpx-135 diag: trials=16200000 micro=8319 pop_spec=12.85 spec_max=29 q_mean=0.610 q_max=1.000 q_above_half=2370 marked=0.253 mark_density=0.917 exp_mean=2326.2 addr_spec=4.175 addr_random=0.666 addr_full=0.1416 correct=491
  mpx-135 cover: trials=16200000 overall=0.9804 a0_nochange=0.9846 a0_change=0.9933 a1_nochange=0.9732 a1_change=0.9704 matched_but_wrong=0
  mpx-135 qdetail: trials=16200000 a0nc_any=0.9985 a0nc_q=1.000 a0c_any=0.9999 a0c_q=1.000 a1nc_any=0.9985 a1nc_q=1.000 a1c_any=0.9998 a1c_q=1.000
  mpx-135 traj: trials=16320000 wall=168454s knowledge=0.9811 reliable=531 spec=8.07 pop=3638
  mpx-135 diag: trials=16320000 micro=8246 pop_spec=12.92 spec_max=29 q_mean=0.610 q_max=1.000 q_above_half=2328 marked=0.243 mark_density=0.916 exp_mean=2403.7 addr_spec=4.151 addr_random=0.670 addr_full=0.1471 correct=492
  mpx-135 cover: trials=16320000 overall=0.9811 a0_nochange=0.9810 a0_change=0.9958 a1_nochange=0.9800 a1_change=0.9678 matched_but_wrong=0
  mpx-135 qdetail: trials=16320000 a0nc_any=0.9992 a0nc_q=1.000 a0c_any=1.0000 a0c_q=1.000 a1nc_any=0.9956 a1nc_q=1.000 a1c_any=0.9994 a1c_q=1.000
  mpx-135 traj: trials=16440000 wall=168519s knowledge=0.9789 reliable=532 spec=8.09 pop=3617
  mpx-135 diag: trials=16440000 micro=8264 pop_spec=12.94 spec_max=29 q_mean=0.608 q_max=1.000 q_above_half=2269 marked=0.235 mark_density=0.914 exp_mean=2445.5 addr_spec=4.185 addr_random=0.671 addr_full=0.1485 correct=491
  mpx-135 cover: trials=16440000 overall=0.9789 a0_nochange=0.9773 a0_change=0.9952 a1_nochange=0.9736 a1_change=0.9694 matched_but_wrong=0
  mpx-135 qdetail: trials=16440000 a0nc_any=0.9917 a0nc_q=1.000 a0c_any=0.9997 a0c_q=1.000 a1nc_any=0.9926 a1nc_q=1.000 a1c_any=1.0000 a1c_q=1.000
  mpx-135 traj: trials=16560000 wall=168584s knowledge=0.9799 reliable=534 spec=8.07 pop=3630
  mpx-135 diag: trials=16560000 micro=8260 pop_spec=12.87 spec_max=29 q_mean=0.608 q_max=1.000 q_above_half=2291 marked=0.244 mark_density=0.916 exp_mean=2469.3 addr_spec=4.148 addr_random=0.667 addr_full=0.1463 correct=491
  mpx-135 cover: trials=16560000 overall=0.9799 a0_nochange=0.9773 a0_change=0.9934 a1_nochange=0.9736 a1_change=0.9753 matched_but_wrong=0
  mpx-135 qdetail: trials=16560000 a0nc_any=0.9978 a0nc_q=1.000 a0c_any=1.0000 a0c_q=1.000 a1nc_any=0.9976 a1nc_q=1.000 a1c_any=0.9999 a1c_q=1.000
  mpx-135 traj: trials=16680000 wall=168649s knowledge=0.9811 reliable=531 spec=8.08 pop=3680
  mpx-135 diag: trials=16680000 micro=8286 pop_spec=12.77 spec_max=29 q_mean=0.611 q_max=1.000 q_above_half=2375 marked=0.241 mark_density=0.916 exp_mean=2468.1 addr_spec=4.226 addr_random=0.662 addr_full=0.1465 correct=492
  mpx-135 cover: trials=16680000 overall=0.9811 a0_nochange=0.9780 a0_change=0.9969 a1_nochange=0.9758 a1_change=0.9739 matched_but_wrong=0
  mpx-135 qdetail: trials=16680000 a0nc_any=0.9950 a0nc_q=1.000 a0c_any=0.9999 a0c_q=1.000 a1nc_any=0.9974 a1nc_q=1.000 a1c_any=0.9999 a1c_q=1.000
  mpx-135 traj: trials=16800000 wall=168715s knowledge=0.9809 reliable=528 spec=8.07 pop=3549
  mpx-135 diag: trials=16800000 micro=8194 pop_spec=12.88 spec_max=29 q_mean=0.607 q_max=1.000 q_above_half=2242 marked=0.251 mark_density=0.917 exp_mean=2591.8 addr_spec=4.158 addr_random=0.668 addr_full=0.1538 correct=492
  mpx-135 cover: trials=16800000 overall=0.9809 a0_nochange=0.9773 a0_change=0.9985 a1_nochange=0.9780 a1_change=0.9699 matched_but_wrong=0
  mpx-135 qdetail: trials=16800000 a0nc_any=0.9943 a0nc_q=1.000 a0c_any=0.9999 a0c_q=1.000 a1nc_any=0.9935 a1nc_q=1.000 a1c_any=1.0000 a1c_q=1.000
  mpx-135 traj: trials=16920000 wall=168780s knowledge=0.9811 reliable=525 spec=8.07 pop=3606
  mpx-135 diag: trials=16920000 micro=8220 pop_spec=12.80 spec_max=29 q_mean=0.609 q_max=1.000 q_above_half=2309 marked=0.245 mark_density=0.917 exp_mean=2574.8 addr_spec=4.183 addr_random=0.664 addr_full=0.1478 correct=494
  mpx-135 cover: trials=16920000 overall=0.9811 a0_nochange=0.9807 a0_change=0.9962 a1_nochange=0.9758 a1_change=0.9715 matched_but_wrong=0
  mpx-135 qdetail: trials=16920000 a0nc_any=0.9998 a0nc_q=1.000 a0c_any=1.0000 a0c_q=1.000 a1nc_any=0.9994 a1nc_q=1.000 a1c_any=1.0000 a1c_q=1.000
  mpx-135 traj: trials=17040000 wall=168846s knowledge=0.9797 reliable=522 spec=8.08 pop=3716
  mpx-135 diag: trials=17040000 micro=8350 pop_spec=12.65 spec_max=29 q_mean=0.610 q_max=1.000 q_above_half=2426 marked=0.252 mark_density=0.919 exp_mean=2530.3 addr_spec=4.202 addr_random=0.656 addr_full=0.1424 correct=493
  mpx-135 cover: trials=17040000 overall=0.9797 a0_nochange=0.9773 a0_change=0.9960 a1_nochange=0.9736 a1_change=0.9719 matched_but_wrong=0
  mpx-135 qdetail: trials=17040000 a0nc_any=0.9976 a0nc_q=1.000 a0c_any=1.0000 a0c_q=1.000 a1nc_any=0.9925 a1nc_q=1.000 a1c_any=0.9999 a1c_q=1.000
  mpx-135 traj: trials=17160000 wall=168913s knowledge=0.9811 reliable=528 spec=8.07 pop=3565
  mpx-135 diag: trials=17160000 micro=8274 pop_spec=12.79 spec_max=29 q_mean=0.608 q_max=1.000 q_above_half=2286 marked=0.233 mark_density=0.915 exp_mean=2667.2 addr_spec=4.198 addr_random=0.663 addr_full=0.1509 correct=493
  mpx-135 cover: trials=17160000 overall=0.9811 a0_nochange=0.9773 a0_change=0.9950 a1_nochange=0.9717 a1_change=0.9804 matched_but_wrong=0
  mpx-135 qdetail: trials=17160000 a0nc_any=0.9991 a0nc_q=1.000 a0c_any=1.0000 a0c_q=1.000 a1nc_any=0.9972 a1nc_q=1.000 a1c_any=1.0000 a1c_q=1.000
  mpx-135 traj: trials=17280000 wall=168978s knowledge=0.9783 reliable=523 spec=8.07 pop=3556
  mpx-135 diag: trials=17280000 micro=8216 pop_spec=12.79 spec_max=29 q_mean=0.610 q_max=1.000 q_above_half=2255 marked=0.249 mark_density=0.917 exp_mean=2707.2 addr_spec=4.189 addr_random=0.663 addr_full=0.1502 correct=492
  mpx-135 cover: trials=17280000 overall=0.9783 a0_nochange=0.9773 a0_change=0.9937 a1_nochange=0.9697 a1_change=0.9724 matched_but_wrong=0
  mpx-135 qdetail: trials=17280000 a0nc_any=0.9973 a0nc_q=1.000 a0c_any=1.0000 a0c_q=1.000 a1nc_any=0.9980 a1nc_q=1.000 a1c_any=1.0000 a1c_q=1.000
  mpx-135 traj: trials=17400000 wall=169043s knowledge=0.9811 reliable=536 spec=8.08 pop=3644
  mpx-135 diag: trials=17400000 micro=8282 pop_spec=12.70 spec_max=29 q_mean=0.612 q_max=1.000 q_above_half=2349 marked=0.242 mark_density=0.916 exp_mean=2674.4 addr_spec=4.241 addr_random=0.658 addr_full=0.1501 correct=493
  mpx-135 cover: trials=17400000 overall=0.9811 a0_nochange=0.9849 a0_change=0.9954 a1_nochange=0.9697 a1_change=0.9744 matched_but_wrong=0
  mpx-135 qdetail: trials=17400000 a0nc_any=0.9922 a0nc_q=1.000 a0c_any=1.0000 a0c_q=1.000 a1nc_any=0.9976 a1nc_q=1.000 a1c_any=0.9998 a1c_q=1.000
  mpx-135 traj: trials=17520000 wall=169109s knowledge=0.9814 reliable=543 spec=8.09 pop=3645
  mpx-135 diag: trials=17520000 micro=8297 pop_spec=12.67 spec_max=29 q_mean=0.613 q_max=1.000 q_above_half=2365 marked=0.240 mark_density=0.916 exp_mean=2706.4 addr_spec=4.219 addr_random=0.657 addr_full=0.1498 correct=493
  mpx-135 cover: trials=17520000 overall=0.9814 a0_nochange=0.9810 a0_change=0.9981 a1_nochange=0.9714 a1_change=0.9752 matched_but_wrong=0
  mpx-135 qdetail: trials=17520000 a0nc_any=0.9990 a0nc_q=1.000 a0c_any=1.0000 a0c_q=1.000 a1nc_any=0.9952 a1nc_q=1.000 a1c_any=1.0000 a1c_q=1.000
  mpx-135 traj: trials=17640000 wall=169174s knowledge=0.9805 reliable=525 spec=8.06 pop=3528
  mpx-135 diag: trials=17640000 micro=8253 pop_spec=12.72 spec_max=29 q_mean=0.607 q_max=1.000 q_above_half=2264 marked=0.237 mark_density=0.915 exp_mean=2829.0 addr_spec=4.192 addr_random=0.659 addr_full=0.1531 correct=496
  mpx-135 cover: trials=17640000 overall=0.9805 a0_nochange=0.9773 a0_change=1.0000 a1_nochange=0.9697 a1_change=0.9751 matched_but_wrong=50
  mpx-135 qdetail: trials=17640000 a0nc_any=0.9996 a0nc_q=1.000 a0c_any=1.0000 a0c_q=1.000 a1nc_any=0.9956 a1nc_q=1.000 a1c_any=1.0000 a1c_q=1.000
  mpx-135 traj: trials=17760000 wall=169240s knowledge=0.9825 reliable=527 spec=8.06 pop=3572
  mpx-135 diag: trials=17760000 micro=8202 pop_spec=12.62 spec_max=29 q_mean=0.608 q_max=1.000 q_above_half=2254 marked=0.250 mark_density=0.917 exp_mean=2826.7 addr_spec=4.176 addr_random=0.654 addr_full=0.1478 correct=495
  mpx-135 cover: trials=17760000 overall=0.9825 a0_nochange=0.9850 a0_change=1.0000 a1_nochange=0.9697 a1_change=0.9755 matched_but_wrong=0
  mpx-135 qdetail: trials=17760000 a0nc_any=0.9990 a0nc_q=1.000 a0c_any=1.0000 a0c_q=1.000 a1nc_any=0.9968 a1nc_q=1.000 a1c_any=1.0000 a1c_q=1.000
  mpx-135 traj: trials=17880000 wall=169303s knowledge=0.9825 reliable=530 spec=8.04 pop=3485
  mpx-135 diag: trials=17880000 micro=8174 pop_spec=12.69 spec_max=29 q_mean=0.614 q_max=1.000 q_above_half=2271 marked=0.238 mark_density=0.915 exp_mean=2931.2 addr_spec=4.182 addr_random=0.658 addr_full=0.1515 correct=495
  mpx-135 cover: trials=17880000 overall=0.9825 a0_nochange=0.9848 a0_change=1.0000 a1_nochange=0.9697 a1_change=0.9755 matched_but_wrong=0
  mpx-135 qdetail: trials=17880000 a0nc_any=0.9984 a0nc_q=1.000 a0c_any=1.0000 a0c_q=1.000 a1nc_any=0.9978 a1nc_q=1.000 a1c_any=0.9996 a1c_q=1.000
  mpx-135 traj: trials=18000000 wall=169367s knowledge=0.9829 reliable=529 spec=8.04 pop=3506
  mpx-135 diag: trials=18000000 micro=8168 pop_spec=12.60 spec_max=29 q_mean=0.610 q_max=1.000 q_above_half=2240 marked=0.239 mark_density=0.916 exp_mean=2947.5 addr_spec=4.171 addr_random=0.654 addr_full=0.1537 correct=496
  mpx-135 cover: trials=18000000 overall=0.9829 a0_nochange=0.9848 a0_change=1.0000 a1_nochange=0.9712 a1_change=0.9755 matched_but_wrong=0
  mpx-135 qdetail: trials=18000000 a0nc_any=0.9991 a0nc_q=1.000 a0c_any=1.0000 a0c_q=1.000 a1nc_any=0.9948 a1nc_q=1.000 a1c_any=0.9998 a1c_q=1.000
  mpx-135 traj: trials=18120000 wall=169432s knowledge=0.9859 reliable=527 spec=8.04 pop=3510
  mpx-135 diag: trials=18120000 micro=8169 pop_spec=12.57 spec_max=29 q_mean=0.612 q_max=1.000 q_above_half=2237 marked=0.249 mark_density=0.917 exp_mean=2977.9 addr_spec=4.247 addr_random=0.652 addr_full=0.1527 correct=497
  mpx-135 cover: trials=18120000 overall=0.9859 a0_nochange=0.9920 a0_change=1.0000 a1_nochange=0.9763 a1_change=0.9755 matched_but_wrong=0
  mpx-135 qdetail: trials=18120000 a0nc_any=0.9971 a0nc_q=1.000 a0c_any=1.0000 a0c_q=1.000 a1nc_any=0.9972 a1nc_q=1.000 a1c_any=1.0000 a1c_q=1.000
  mpx-135 traj: trials=18240000 wall=169495s knowledge=0.9865 reliable=525 spec=8.05 pop=3501
  mpx-135 diag: trials=18240000 micro=8168 pop_spec=12.57 spec_max=29 q_mean=0.611 q_max=1.000 q_above_half=2270 marked=0.238 mark_density=0.916 exp_mean=3012.3 addr_spec=4.219 addr_random=0.652 addr_full=0.1551 correct=498
  mpx-135 cover: trials=18240000 overall=0.9865 a0_nochange=0.9920 a0_change=1.0000 a1_nochange=0.9780 a1_change=0.9760 matched_but_wrong=0
  mpx-135 qdetail: trials=18240000 a0nc_any=0.9998 a0nc_q=1.000 a0c_any=1.0000 a0c_q=1.000 a1nc_any=0.9977 a1nc_q=1.000 a1c_any=0.9998 a1c_q=1.000
  mpx-135 traj: trials=18360000 wall=169560s knowledge=0.9869 reliable=535 spec=8.04 pop=3484
  mpx-135 diag: trials=18360000 micro=8181 pop_spec=12.54 spec_max=29 q_mean=0.609 q_max=1.000 q_above_half=2197 marked=0.241 mark_density=0.917 exp_mean=3054.5 addr_spec=4.222 addr_random=0.650 addr_full=0.1521 correct=497
  mpx-135 cover: trials=18360000 overall=0.9869 a0_nochange=0.9940 a0_change=0.9961 a1_nochange=0.9796 a1_change=0.9778 matched_but_wrong=0
  mpx-135 qdetail: trials=18360000 a0nc_any=0.9978 a0nc_q=1.000 a0c_any=1.0000 a0c_q=1.000 a1nc_any=0.9943 a1nc_q=1.000 a1c_any=0.9999 a1c_q=1.000
  mpx-135 traj: trials=18480000 wall=169624s knowledge=0.9891 reliable=531 spec=8.05 pop=3448
  mpx-135 diag: trials=18480000 micro=8097 pop_spec=12.52 spec_max=29 q_mean=0.609 q_max=1.000 q_above_half=2185 marked=0.262 mark_density=0.919 exp_mean=3120.7 addr_spec=4.180 addr_random=0.649 addr_full=0.1552 correct=499
  mpx-135 cover: trials=18480000 overall=0.9891 a0_nochange=0.9920 a0_change=1.0000 a1_nochange=0.9858 a1_change=0.9787 matched_but_wrong=0
  mpx-135 qdetail: trials=18480000 a0nc_any=0.9998 a0nc_q=1.000 a0c_any=1.0000 a0c_q=1.000 a1nc_any=0.9994 a1nc_q=1.000 a1c_any=0.9999 a1c_q=1.000
  mpx-135 traj: trials=18600000 wall=169690s knowledge=0.9893 reliable=531 spec=8.05 pop=3458
  mpx-135 diag: trials=18600000 micro=8182 pop_spec=12.51 spec_max=29 q_mean=0.611 q_max=1.000 q_above_half=2246 marked=0.241 mark_density=0.917 exp_mean=3145.8 addr_spec=4.246 addr_random=0.649 addr_full=0.1593 correct=499
  mpx-135 cover: trials=18600000 overall=0.9893 a0_nochange=0.9938 a0_change=1.0000 a1_nochange=0.9831 a1_change=0.9804 matched_but_wrong=0
  mpx-135 qdetail: trials=18600000 a0nc_any=0.9988 a0nc_q=1.000 a0c_any=1.0000 a0c_q=1.000 a1nc_any=0.9917 a1nc_q=1.000 a1c_any=0.9994 a1c_q=1.000
  mpx-135 traj: trials=18720000 wall=169754s knowledge=0.9905 reliable=532 spec=8.04 pop=3357
  mpx-135 diag: trials=18720000 micro=8098 pop_spec=12.66 spec_max=29 q_mean=0.614 q_max=1.000 q_above_half=2157 marked=0.239 mark_density=0.916 exp_mean=3267.5 addr_spec=4.214 addr_random=0.656 addr_full=0.1597 correct=501
  mpx-135 cover: trials=18720000 overall=0.9905 a0_nochange=0.9960 a0_change=1.0000 a1_nochange=0.9862 a1_change=0.9799 matched_but_wrong=0
  mpx-135 qdetail: trials=18720000 a0nc_any=1.0000 a0nc_q=1.000 a0c_any=1.0000 a0c_q=1.000 a1nc_any=0.9985 a1nc_q=1.000 a1c_any=1.0000 a1c_q=1.000
  mpx-135 traj: trials=18840000 wall=169818s knowledge=0.9887 reliable=533 spec=8.02 pop=3379
  mpx-135 diag: trials=18840000 micro=8130 pop_spec=12.60 spec_max=29 q_mean=0.614 q_max=1.000 q_above_half=2191 marked=0.257 mark_density=0.918 exp_mean=3280.6 addr_spec=4.244 addr_random=0.654 addr_full=0.1589 correct=501
  mpx-135 cover: trials=18840000 overall=0.9887 a0_nochange=0.9925 a0_change=1.0000 a1_nochange=0.9846 a1_change=0.9777 matched_but_wrong=0
  mpx-135 qdetail: trials=18840000 a0nc_any=0.9997 a0nc_q=1.000 a0c_any=1.0000 a0c_q=1.000 a1nc_any=0.9962 a1nc_q=1.000 a1c_any=1.0000 a1c_q=1.000
  mpx-135 traj: trials=18960000 wall=169882s knowledge=0.9918 reliable=534 spec=8.03 pop=3416
  mpx-135 diag: trials=18960000 micro=8139 pop_spec=12.50 spec_max=29 q_mean=0.614 q_max=1.000 q_above_half=2204 marked=0.230 mark_density=0.915 exp_mean=3279.8 addr_spec=4.293 addr_random=0.648 addr_full=0.1598 correct=502
  mpx-135 cover: trials=18960000 overall=0.9918 a0_nochange=1.0000 a0_change=1.0000 a1_nochange=0.9886 a1_change=0.9788 matched_but_wrong=0
  mpx-135 qdetail: trials=18960000 a0nc_any=1.0000 a0nc_q=1.000 a0c_any=1.0000 a0c_q=1.000 a1nc_any=0.9998 a1nc_q=1.000 a1c_any=0.9999 a1c_q=1.000
  mpx-135 traj: trials=19080000 wall=169948s knowledge=0.9926 reliable=531 spec=8.03 pop=3442
  mpx-135 diag: trials=19080000 micro=8139 pop_spec=12.42 spec_max=29 q_mean=0.615 q_max=1.000 q_above_half=2269 marked=0.230 mark_density=0.916 exp_mean=3289.9 addr_spec=4.274 addr_random=0.644 addr_full=0.1569 correct=503
  mpx-135 cover: trials=19080000 overall=0.9926 a0_nochange=1.0000 a0_change=1.0000 a1_nochange=0.9891 a1_change=0.9812 matched_but_wrong=0
  mpx-135 qdetail: trials=19080000 a0nc_any=1.0000 a0nc_q=1.000 a0c_any=1.0000 a0c_q=1.000 a1nc_any=0.9995 a1nc_q=1.000 a1c_any=1.0000 a1c_q=1.000
  mpx-135 traj: trials=19200000 wall=170014s knowledge=0.9919 reliable=534 spec=8.02 pop=3446
  mpx-135 diag: trials=19200000 micro=8178 pop_spec=12.35 spec_max=29 q_mean=0.613 q_max=1.000 q_above_half=2255 marked=0.248 mark_density=0.919 exp_mean=3320.9 addr_spec=4.259 addr_random=0.640 addr_full=0.1608 correct=503
  mpx-135 cover: trials=19200000 overall=0.9919 a0_nochange=1.0000 a0_change=1.0000 a1_nochange=0.9886 a1_change=0.9788 matched_but_wrong=0
  mpx-135 qdetail: trials=19200000 a0nc_any=1.0000 a0nc_q=1.000 a0c_any=1.0000 a0c_q=1.000 a1nc_any=0.9975 a1nc_q=1.000 a1c_any=0.9999 a1c_q=1.000
  mpx-135 traj: trials=19320000 wall=170076s knowledge=0.9912 reliable=529 spec=8.02 pop=3444
  mpx-135 diag: trials=19320000 micro=8111 pop_spec=12.35 spec_max=29 q_mean=0.613 q_max=1.000 q_above_half=2209 marked=0.242 mark_density=0.918 exp_mean=3356.9 addr_spec=4.271 addr_random=0.641 addr_full=0.1553 correct=503
  mpx-135 cover: trials=19320000 overall=0.9912 a0_nochange=1.0000 a0_change=1.0000 a1_nochange=0.9860 a1_change=0.9788 matched_but_wrong=0
  mpx-135 qdetail: trials=19320000 a0nc_any=1.0000 a0nc_q=1.000 a0c_any=1.0000 a0c_q=1.000 a1nc_any=0.9986 a1nc_q=1.000 a1c_any=0.9997 a1c_q=1.000
  mpx-135 traj: trials=19440000 wall=170139s knowledge=0.9923 reliable=536 spec=8.03 pop=3396
  mpx-135 diag: trials=19440000 micro=8119 pop_spec=12.42 spec_max=29 q_mean=0.615 q_max=1.000 q_above_half=2184 marked=0.246 mark_density=0.918 exp_mean=3431.0 addr_spec=4.254 addr_random=0.644 addr_full=0.1614 correct=504
  mpx-135 cover: trials=19440000 overall=0.9923 a0_nochange=1.0000 a0_change=1.0000 a1_nochange=0.9874 a1_change=0.9819 matched_but_wrong=0
  mpx-135 qdetail: trials=19440000 a0nc_any=1.0000 a0nc_q=1.000 a0c_any=1.0000 a0c_q=1.000 a1nc_any=0.9999 a1nc_q=1.000 a1c_any=0.9998 a1c_q=1.000
  mpx-135 traj: trials=19560000 wall=170201s knowledge=0.9921 reliable=528 spec=8.02 pop=3407
  mpx-135 diag: trials=19560000 micro=8121 pop_spec=12.36 spec_max=29 q_mean=0.613 q_max=1.000 q_above_half=2207 marked=0.241 mark_density=0.918 exp_mean=3454.5 addr_spec=4.251 addr_random=0.641 addr_full=0.1617 correct=504
  mpx-135 cover: trials=19560000 overall=0.9921 a0_nochange=1.0000 a0_change=1.0000 a1_nochange=0.9846 a1_change=0.9838 matched_but_wrong=0
  mpx-135 qdetail: trials=19560000 a0nc_any=1.0000 a0nc_q=1.000 a0c_any=1.0000 a0c_q=1.000 a1nc_any=0.9990 a1nc_q=1.000 a1c_any=1.0000 a1c_q=1.000
  mpx-135 traj: trials=19680000 wall=170264s knowledge=0.9919 reliable=529 spec=8.02 pop=3289
  mpx-135 diag: trials=19680000 micro=8042 pop_spec=12.55 spec_max=29 q_mean=0.616 q_max=1.000 q_above_half=2159 marked=0.228 mark_density=0.915 exp_mean=3614.5 addr_spec=4.287 addr_random=0.651 addr_full=0.1660 correct=504
  mpx-135 cover: trials=19680000 overall=0.9919 a0_nochange=1.0000 a0_change=1.0000 a1_nochange=0.9846 a1_change=0.9832 matched_but_wrong=0
  mpx-135 qdetail: trials=19680000 a0nc_any=1.0000 a0nc_q=1.000 a0c_any=1.0000 a0c_q=1.000 a1nc_any=0.9978 a1nc_q=1.000 a1c_any=1.0000 a1c_q=1.000
  mpx-135 traj: trials=19800000 wall=170326s knowledge=0.9938 reliable=534 spec=8.02 pop=3428
  mpx-135 diag: trials=19800000 micro=8122 pop_spec=12.29 spec_max=29 q_mean=0.611 q_max=1.000 q_above_half=2195 marked=0.235 mark_density=0.918 exp_mean=3503.3 addr_spec=4.309 addr_random=0.637 addr_full=0.1569 correct=506
  mpx-135 cover: trials=19800000 overall=0.9938 a0_nochange=1.0000 a0_change=1.0000 a1_nochange=0.9924 a1_change=0.9827 matched_but_wrong=0
  mpx-135 qdetail: trials=19800000 a0nc_any=1.0000 a0nc_q=1.000 a0c_any=1.0000 a0c_q=1.000 a1nc_any=0.9992 a1nc_q=1.000 a1c_any=0.9998 a1c_q=1.000
  mpx-135 traj: trials=19920000 wall=170388s knowledge=0.9915 reliable=534 spec=8.02 pop=3311
  mpx-135 diag: trials=19920000 micro=8035 pop_spec=12.44 spec_max=29 q_mean=0.614 q_max=1.000 q_above_half=2136 marked=0.239 mark_density=0.917 exp_mean=3656.5 addr_spec=4.277 addr_random=0.645 addr_full=0.1643 correct=505
  mpx-135 cover: trials=19920000 overall=0.9915 a0_nochange=1.0000 a0_change=1.0000 a1_nochange=0.9833 a1_change=0.9827 matched_but_wrong=0
  mpx-135 qdetail: trials=19920000 a0nc_any=1.0000 a0nc_q=1.000 a0c_any=1.0000 a0c_q=1.000 a1nc_any=0.9987 a1nc_q=1.000 a1c_any=1.0000 a1c_q=1.000
  mpx-135 traj: trials=20040000 wall=170451s knowledge=0.9915 reliable=529 spec=8.02 pop=3271
  mpx-135 diag: trials=20040000 micro=8013 pop_spec=12.47 spec_max=29 q_mean=0.615 q_max=1.000 q_above_half=2155 marked=0.240 mark_density=0.917 exp_mean=3737.3 addr_spec=4.234 addr_random=0.647 addr_full=0.1642 correct=505
  mpx-135 cover: trials=20040000 overall=0.9915 a0_nochange=1.0000 a0_change=1.0000 a1_nochange=0.9833 a1_change=0.9827 matched_but_wrong=0
  mpx-135 qdetail: trials=20040000 a0nc_any=1.0000 a0nc_q=1.000 a0c_any=1.0000 a0c_q=1.000 a1nc_any=0.9994 a1nc_q=1.000 a1c_any=1.0000 a1c_q=1.000
  mpx-135 traj: trials=20160000 wall=170512s knowledge=0.9927 reliable=541 spec=8.02 pop=3410
  mpx-135 diag: trials=20160000 micro=8108 pop_spec=12.26 spec_max=29 q_mean=0.616 q_max=1.000 q_above_half=2221 marked=0.245 mark_density=0.919 exp_mean=3620.5 addr_spec=4.272 addr_random=0.636 addr_full=0.1610 correct=505
  mpx-135 cover: trials=20160000 overall=0.9927 a0_nochange=1.0000 a0_change=1.0000 a1_nochange=0.9851 a1_change=0.9857 matched_but_wrong=0
  mpx-135 qdetail: trials=20160000 a0nc_any=1.0000 a0nc_q=1.000 a0c_any=1.0000 a0c_q=1.000 a1nc_any=0.9943 a1nc_q=1.000 a1c_any=1.0000 a1c_q=1.000
  mpx-135 traj: trials=20280000 wall=170574s knowledge=0.9933 reliable=530 spec=8.03 pop=3420
  mpx-135 diag: trials=20280000 micro=8147 pop_spec=12.20 spec_max=29 q_mean=0.614 q_max=1.000 q_above_half=2215 marked=0.238 mark_density=0.919 exp_mean=3644.4 addr_spec=4.282 addr_random=0.633 addr_full=0.1553 correct=505
  mpx-135 cover: trials=20280000 overall=0.9933 a0_nochange=1.0000 a0_change=1.0000 a1_nochange=0.9861 a1_change=0.9870 matched_but_wrong=0
  mpx-135 qdetail: trials=20280000 a0nc_any=1.0000 a0nc_q=1.000 a0c_any=1.0000 a0c_q=1.000 a1nc_any=0.9960 a1nc_q=1.000 a1c_any=0.9998 a1c_q=1.000
  mpx-135 traj: trials=20400000 wall=170637s knowledge=0.9935 reliable=530 spec=8.02 pop=3308
  mpx-135 diag: trials=20400000 micro=8111 pop_spec=12.35 spec_max=29 q_mean=0.614 q_max=1.000 q_above_half=2129 marked=0.252 mark_density=0.920 exp_mean=3803.7 addr_spec=4.306 addr_random=0.640 addr_full=0.1684 correct=506
  mpx-135 cover: trials=20400000 overall=0.9935 a0_nochange=1.0000 a0_change=1.0000 a1_nochange=0.9854 a1_change=0.9884 matched_but_wrong=0
  mpx-135 qdetail: trials=20400000 a0nc_any=1.0000 a0nc_q=1.000 a0c_any=1.0000 a0c_q=1.000 a1nc_any=0.9948 a1nc_q=1.000 a1c_any=1.0000 a1c_q=1.000
  mpx-135 traj: trials=20520000 wall=170699s knowledge=0.9928 reliable=539 spec=8.03 pop=3374
  mpx-135 diag: trials=20520000 micro=8088 pop_spec=12.25 spec_max=29 q_mean=0.620 q_max=1.000 q_above_half=2258 marked=0.247 mark_density=0.919 exp_mean=3764.9 addr_spec=4.349 addr_random=0.635 addr_full=0.1615 correct=506
  mpx-135 cover: trials=20520000 overall=0.9928 a0_nochange=1.0000 a0_change=1.0000 a1_nochange=0.9838 a1_change=0.9874 matched_but_wrong=0
  mpx-135 qdetail: trials=20520000 a0nc_any=1.0000 a0nc_q=1.000 a0c_any=1.0000 a0c_q=1.000 a1nc_any=1.0000 a1nc_q=1.000 a1c_any=0.9999 a1c_q=1.000
  mpx-135 traj: trials=20640000 wall=170762s knowledge=0.9919 reliable=527 spec=8.03 pop=3299
  mpx-135 diag: trials=20640000 micro=7992 pop_spec=12.27 spec_max=29 q_mean=0.613 q_max=1.000 q_above_half=2126 marked=0.247 mark_density=0.919 exp_mean=3886.0 addr_spec=4.296 addr_random=0.636 addr_full=0.1655 correct=506
  mpx-135 cover: trials=20640000 overall=0.9919 a0_nochange=1.0000 a0_change=1.0000 a1_nochange=0.9838 a1_change=0.9838 matched_but_wrong=0
  mpx-135 qdetail: trials=20640000 a0nc_any=1.0000 a0nc_q=1.000 a0c_any=1.0000 a0c_q=1.000 a1nc_any=0.9928 a1nc_q=1.000 a1c_any=1.0000 a1c_q=1.000
  mpx-135 traj: trials=20760000 wall=170824s knowledge=0.9933 reliable=524 spec=8.03 pop=3388
  mpx-135 diag: trials=20760000 micro=8064 pop_spec=12.14 spec_max=29 q_mean=0.613 q_max=1.000 q_above_half=2209 marked=0.251 mark_density=0.920 exp_mean=3819.3 addr_spec=4.325 addr_random=0.630 addr_full=0.1606 correct=505
  mpx-135 cover: trials=20760000 overall=0.9933 a0_nochange=1.0000 a0_change=1.0000 a1_nochange=0.9880 a1_change=0.9852 matched_but_wrong=0
  mpx-135 qdetail: trials=20760000 a0nc_any=1.0000 a0nc_q=1.000 a0c_any=1.0000 a0c_q=1.000 a1nc_any=0.9989 a1nc_q=1.000 a1c_any=1.0000 a1c_q=1.000
  mpx-135 traj: trials=20880000 wall=170887s knowledge=0.9944 reliable=534 spec=8.03 pop=3401
  mpx-135 diag: trials=20880000 micro=8137 pop_spec=12.09 spec_max=29 q_mean=0.615 q_max=1.000 q_above_half=2203 marked=0.256 mark_density=0.921 exp_mean=3839.8 addr_spec=4.337 addr_random=0.627 addr_full=0.1626 correct=505
  mpx-135 cover: trials=20880000 overall=0.9944 a0_nochange=1.0000 a0_change=1.0000 a1_nochange=0.9912 a1_change=0.9864 matched_but_wrong=0
  mpx-135 qdetail: trials=20880000 a0nc_any=1.0000 a0nc_q=1.000 a0c_any=1.0000 a0c_q=1.000 a1nc_any=0.9980 a1nc_q=1.000 a1c_any=0.9999 a1c_q=1.000
  mpx-135 traj: trials=21000000 wall=170948s knowledge=0.9921 reliable=531 spec=8.02 pop=3310
  mpx-135 diag: trials=21000000 micro=8046 pop_spec=12.21 spec_max=29 q_mean=0.614 q_max=1.000 q_above_half=2145 marked=0.244 mark_density=0.919 exp_mean=3981.4 addr_spec=4.321 addr_random=0.633 addr_full=0.1644 correct=505
  mpx-135 cover: trials=21000000 overall=0.9921 a0_nochange=1.0000 a0_change=1.0000 a1_nochange=0.9838 a1_change=0.9846 matched_but_wrong=0
  mpx-135 qdetail: trials=21000000 a0nc_any=1.0000 a0nc_q=1.000 a0c_any=1.0000 a0c_q=1.000 a1nc_any=0.9968 a1nc_q=1.000 a1c_any=1.0000 a1c_q=1.000
  mpx-135 traj: trials=21120000 wall=171011s knowledge=0.9921 reliable=535 spec=8.02 pop=3429
  mpx-135 diag: trials=21120000 micro=8072 pop_spec=12.07 spec_max=29 q_mean=0.613 q_max=1.000 q_above_half=2266 marked=0.248 mark_density=0.919 exp_mean=3878.1 addr_spec=4.379 addr_random=0.626 addr_full=0.1598 correct=505
  mpx-135 cover: trials=21120000 overall=0.9921 a0_nochange=1.0000 a0_change=1.0000 a1_nochange=0.9838 a1_change=0.9845 matched_but_wrong=0
  mpx-135 qdetail: trials=21120000 a0nc_any=1.0000 a0nc_q=1.000 a0c_any=1.0000 a0c_q=1.000 a1nc_any=0.9998 a1nc_q=1.000 a1c_any=0.9976 a1c_q=1.000
  mpx-135 traj: trials=21240000 wall=171072s knowledge=0.9926 reliable=534 spec=8.02 pop=3410
  mpx-135 diag: trials=21240000 micro=8118 pop_spec=12.03 spec_max=29 q_mean=0.612 q_max=1.000 q_above_half=2213 marked=0.258 mark_density=0.922 exp_mean=3935.0 addr_spec=4.350 addr_random=0.624 addr_full=0.1595 correct=506
  mpx-135 cover: trials=21240000 overall=0.9926 a0_nochange=1.0000 a0_change=1.0000 a1_nochange=0.9833 a1_change=0.9871 matched_but_wrong=0
  mpx-135 qdetail: trials=21240000 a0nc_any=1.0000 a0nc_q=1.000 a0c_any=1.0000 a0c_q=1.000 a1nc_any=0.9951 a1nc_q=1.000 a1c_any=1.0000 a1c_q=1.000
  mpx-135 traj: trials=21360000 wall=171134s knowledge=0.9927 reliable=533 spec=8.04 pop=3294
  mpx-135 diag: trials=21360000 micro=8022 pop_spec=12.13 spec_max=29 q_mean=0.616 q_max=1.000 q_above_half=2145 marked=0.251 mark_density=0.920 exp_mean=4109.4 addr_spec=4.386 addr_random=0.629 addr_full=0.1682 correct=506
  mpx-135 cover: trials=21360000 overall=0.9927 a0_nochange=1.0000 a0_change=1.0000 a1_nochange=0.9833 a1_change=0.9876 matched_but_wrong=0
  mpx-135 qdetail: trials=21360000 a0nc_any=1.0000 a0nc_q=1.000 a0c_any=1.0000 a0c_q=1.000 a1nc_any=0.9969 a1nc_q=1.000 a1c_any=1.0000 a1c_q=1.000
  mpx-135 traj: trials=21480000 wall=171195s knowledge=0.9945 reliable=532 spec=8.04 pop=3267
  mpx-135 diag: trials=21480000 micro=8027 pop_spec=12.19 spec_max=29 q_mean=0.617 q_max=1.000 q_above_half=2127 marked=0.239 mark_density=0.918 exp_mean=4179.5 addr_spec=4.401 addr_random=0.632 addr_full=0.1717 correct=507
  mpx-135 cover: trials=21480000 overall=0.9945 a0_nochange=1.0000 a0_change=1.0000 a1_nochange=0.9833 a1_change=0.9946 matched_but_wrong=0
  mpx-135 qdetail: trials=21480000 a0nc_any=1.0000 a0nc_q=1.000 a0c_any=1.0000 a0c_q=1.000 a1nc_any=0.9983 a1nc_q=1.000 a1c_any=0.9999 a1c_q=1.000
  mpx-135 traj: trials=21600000 wall=171256s knowledge=0.9935 reliable=536 spec=8.02 pop=3218
  mpx-135 diag: trials=21600000 micro=7983 pop_spec=12.21 spec_max=29 q_mean=0.619 q_max=1.000 q_above_half=2157 marked=0.243 mark_density=0.919 exp_mean=4280.6 addr_spec=4.314 addr_random=0.633 addr_full=0.1678 correct=507
  mpx-135 cover: trials=21600000 overall=0.9935 a0_nochange=1.0000 a0_change=1.0000 a1_nochange=0.9833 a1_change=0.9907 matched_but_wrong=0
  mpx-135 qdetail: trials=21600000 a0nc_any=1.0000 a0nc_q=1.000 a0c_any=1.0000 a0c_q=1.000 a1nc_any=1.0000 a1nc_q=1.000 a1c_any=1.0000 a1c_q=1.000
  mpx-135 traj: trials=21720000 wall=171319s knowledge=0.9941 reliable=534 spec=8.00 pop=3378
  mpx-135 diag: trials=21720000 micro=8096 pop_spec=11.96 spec_max=29 q_mean=0.618 q_max=1.000 q_above_half=2236 marked=0.254 mark_density=0.921 exp_mean=4103.5 addr_spec=4.393 addr_random=0.620 addr_full=0.1625 correct=507
  mpx-135 cover: trials=21720000 overall=0.9941 a0_nochange=1.0000 a0_change=1.0000 a1_nochange=0.9833 a1_change=0.9930 matched_but_wrong=0
  mpx-135 qdetail: trials=21720000 a0nc_any=1.0000 a0nc_q=1.000 a0c_any=1.0000 a0c_q=1.000 a1nc_any=0.9989 a1nc_q=1.000 a1c_any=1.0000 a1c_q=1.000
  mpx-135 traj: trials=21840000 wall=171381s knowledge=0.9957 reliable=528 spec=8.01 pop=3204
  mpx-135 diag: trials=21840000 micro=7967 pop_spec=12.13 spec_max=29 q_mean=0.617 q_max=1.000 q_above_half=2107 marked=0.244 mark_density=0.919 exp_mean=4363.4 addr_spec=4.349 addr_random=0.629 addr_full=0.1713 correct=507
  mpx-135 cover: trials=21840000 overall=0.9957 a0_nochange=1.0000 a0_change=1.0000 a1_nochange=0.9877 a1_change=0.9952 matched_but_wrong=0
  mpx-135 qdetail: trials=21840000 a0nc_any=1.0000 a0nc_q=1.000 a0c_any=1.0000 a0c_q=1.000 a1nc_any=0.9995 a1nc_q=1.000 a1c_any=0.9999 a1c_q=1.000
  mpx-135 traj: trials=21960000 wall=171442s knowledge=0.9946 reliable=539 spec=8.01 pop=3302
  mpx-135 diag: trials=21960000 micro=8064 pop_spec=12.01 spec_max=29 q_mean=0.619 q_max=1.000 q_above_half=2204 marked=0.252 mark_density=0.921 exp_mean=4270.5 addr_spec=4.389 addr_random=0.623 addr_full=0.1644 correct=507
  mpx-135 cover: trials=21960000 overall=0.9946 a0_nochange=1.0000 a0_change=1.0000 a1_nochange=0.9877 a1_change=0.9907 matched_but_wrong=0
  mpx-135 qdetail: trials=21960000 a0nc_any=1.0000 a0nc_q=1.000 a0c_any=1.0000 a0c_q=1.000 a1nc_any=1.0000 a1nc_q=1.000 a1c_any=1.0000 a1c_q=1.000
  mpx-135 traj: trials=22080000 wall=171505s knowledge=0.9955 reliable=530 spec=8.01 pop=3221
  mpx-135 diag: trials=22080000 micro=7933 pop_spec=12.05 spec_max=29 q_mean=0.617 q_max=1.000 q_above_half=2113 marked=0.247 mark_density=0.920 exp_mean=4414.7 addr_spec=4.319 addr_random=0.625 addr_full=0.1670 correct=507
  mpx-135 cover: trials=22080000 overall=0.9955 a0_nochange=1.0000 a0_change=1.0000 a1_nochange=0.9912 a1_change=0.9907 matched_but_wrong=0
  mpx-135 qdetail: trials=22080000 a0nc_any=1.0000 a0nc_q=1.000 a0c_any=1.0000 a0c_q=1.000 a1nc_any=0.9989 a1nc_q=1.000 a1c_any=1.0000 a1c_q=1.000
  mpx-135 traj: trials=22200000 wall=171567s knowledge=0.9949 reliable=528 spec=8.01 pop=3232
  mpx-135 diag: trials=22200000 micro=7970 pop_spec=12.05 spec_max=29 q_mean=0.616 q_max=1.000 q_above_half=2117 marked=0.241 mark_density=0.918 exp_mean=4436.5 addr_spec=4.376 addr_random=0.625 addr_full=0.1686 correct=507
  mpx-135 cover: trials=22200000 overall=0.9949 a0_nochange=1.0000 a0_change=1.0000 a1_nochange=0.9890 a1_change=0.9907 matched_but_wrong=0
  mpx-135 qdetail: trials=22200000 a0nc_any=1.0000 a0nc_q=1.000 a0c_any=1.0000 a0c_q=1.000 a1nc_any=1.0000 a1nc_q=1.000 a1c_any=0.9999 a1c_q=1.000
  mpx-135 traj: trials=22320000 wall=171628s knowledge=0.9949 reliable=534 spec=8.01 pop=3270
  mpx-135 diag: trials=22320000 micro=8030 pop_spec=11.96 spec_max=29 q_mean=0.615 q_max=1.000 q_above_half=2133 marked=0.249 mark_density=0.920 exp_mean=4421.5 addr_spec=4.405 addr_random=0.620 addr_full=0.1700 correct=507
  mpx-135 cover: trials=22320000 overall=0.9949 a0_nochange=1.0000 a0_change=1.0000 a1_nochange=0.9890 a1_change=0.9907 matched_but_wrong=0
  mpx-135 qdetail: trials=22320000 a0nc_any=1.0000 a0nc_q=1.000 a0c_any=1.0000 a0c_q=1.000 a1nc_any=0.9996 a1nc_q=1.000 a1c_any=0.9998 a1c_q=1.000
  mpx-135 traj: trials=22440000 wall=171689s knowledge=0.9962 reliable=530 spec=8.00 pop=3199
  mpx-135 diag: trials=22440000 micro=7958 pop_spec=12.04 spec_max=29 q_mean=0.615 q_max=1.000 q_above_half=2102 marked=0.241 mark_density=0.918 exp_mean=4556.9 addr_spec=4.360 addr_random=0.624 addr_full=0.1676 correct=508
  mpx-135 cover: trials=22440000 overall=0.9962 a0_nochange=1.0000 a0_change=1.0000 a1_nochange=0.9890 a1_change=0.9957 matched_but_wrong=0
  mpx-135 qdetail: trials=22440000 a0nc_any=1.0000 a0nc_q=1.000 a0c_any=1.0000 a0c_q=1.000 a1nc_any=0.9992 a1nc_q=1.000 a1c_any=1.0000 a1c_q=1.000
  mpx-135 traj: trials=22560000 wall=171749s knowledge=0.9964 reliable=526 spec=8.00 pop=3274
  mpx-135 diag: trials=22560000 micro=7978 pop_spec=11.90 spec_max=29 q_mean=0.615 q_max=1.000 q_above_half=2158 marked=0.253 mark_density=0.920 exp_mean=4489.2 addr_spec=4.379 addr_random=0.617 addr_full=0.1701 correct=508
  mpx-135 cover: trials=22560000 overall=0.9964 a0_nochange=1.0000 a0_change=1.0000 a1_nochange=0.9898 a1_change=0.9957 matched_but_wrong=0
  mpx-135 qdetail: trials=22560000 a0nc_any=1.0000 a0nc_q=1.000 a0c_any=1.0000 a0c_q=1.000 a1nc_any=0.9991 a1nc_q=1.000 a1c_any=0.9999 a1c_q=1.000
  mpx-135 traj: trials=22680000 wall=171812s knowledge=0.9970 reliable=525 spec=8.00 pop=3233
  mpx-135 diag: trials=22680000 micro=8028 pop_spec=11.90 spec_max=29 q_mean=0.612 q_max=1.000 q_above_half=2096 marked=0.250 mark_density=0.920 exp_mean=4582.8 addr_spec=4.335 addr_random=0.617 addr_full=0.1667 correct=508
  mpx-135 cover: trials=22680000 overall=0.9970 a0_nochange=1.0000 a0_change=1.0000 a1_nochange=0.9921 a1_change=0.9957 matched_but_wrong=0
  mpx-135 qdetail: trials=22680000 a0nc_any=1.0000 a0nc_q=1.000 a0c_any=1.0000 a0c_q=1.000 a1nc_any=0.9996 a1nc_q=1.000 a1c_any=1.0000 a1c_q=1.000
  mpx-135 traj: trials=22800000 wall=171875s knowledge=0.9967 reliable=537 spec=8.01 pop=3197
  mpx-135 diag: trials=22800000 micro=7931 pop_spec=11.99 spec_max=29 q_mean=0.618 q_max=1.000 q_above_half=2080 marked=0.242 mark_density=0.918 exp_mean=4672.6 addr_spec=4.434 addr_random=0.622 addr_full=0.1739 correct=508
  mpx-135 cover: trials=22800000 overall=0.9967 a0_nochange=1.0000 a0_change=1.0000 a1_nochange=0.9904 a1_change=0.9964 matched_but_wrong=0
  mpx-135 qdetail: trials=22800000 a0nc_any=1.0000 a0nc_q=1.000 a0c_any=1.0000 a0c_q=1.000 a1nc_any=0.9979 a1nc_q=1.000 a1c_any=0.9998 a1c_q=1.000
  mpx-135 traj: trials=22920000 wall=171937s knowledge=0.9957 reliable=542 spec=8.01 pop=3192
  mpx-135 diag: trials=22920000 micro=7948 pop_spec=11.95 spec_max=29 q_mean=0.621 q_max=1.000 q_above_half=2117 marked=0.245 mark_density=0.919 exp_mean=4717.5 addr_spec=4.422 addr_random=0.619 addr_full=0.1714 correct=507
  mpx-135 cover: trials=22920000 overall=0.9957 a0_nochange=1.0000 a0_change=1.0000 a1_nochange=0.9915 a1_change=0.9912 matched_but_wrong=0
  mpx-135 qdetail: trials=22920000 a0nc_any=1.0000 a0nc_q=1.000 a0c_any=1.0000 a0c_q=1.000 a1nc_any=0.9999 a1nc_q=1.000 a1c_any=1.0000 a1c_q=1.000
  mpx-135 traj: trials=23040000 wall=171999s knowledge=0.9943 reliable=528 spec=8.00 pop=3161
  mpx-135 diag: trials=23040000 micro=7884 pop_spec=11.95 spec_max=29 q_mean=0.619 q_max=1.000 q_above_half=2091 marked=0.251 mark_density=0.920 exp_mean=4792.7 addr_spec=4.367 addr_random=0.619 addr_full=0.1705 correct=506
  mpx-135 cover: trials=23040000 overall=0.9943 a0_nochange=1.0000 a0_change=1.0000 a1_nochange=0.9867 a1_change=0.9907 matched_but_wrong=0
  mpx-135 qdetail: trials=23040000 a0nc_any=1.0000 a0nc_q=1.000 a0c_any=1.0000 a0c_q=1.000 a1nc_any=0.9994 a1nc_q=1.000 a1c_any=1.0000 a1c_q=1.000
  mpx-135 traj: trials=23160000 wall=172061s knowledge=0.9941 reliable=526 spec=8.01 pop=3188
  mpx-135 diag: trials=23160000 micro=7950 pop_spec=11.86 spec_max=29 q_mean=0.615 q_max=1.000 q_above_half=2092 marked=0.240 mark_density=0.919 exp_mean=4789.4 addr_spec=4.368 addr_random=0.615 addr_full=0.1716 correct=506
  mpx-135 cover: trials=23160000 overall=0.9941 a0_nochange=1.0000 a0_change=1.0000 a1_nochange=0.9850 a1_change=0.9916 matched_but_wrong=0
  mpx-135 qdetail: trials=23160000 a0nc_any=1.0000 a0nc_q=1.000 a0c_any=1.0000 a0c_q=1.000 a1nc_any=0.9957 a1nc_q=1.000 a1c_any=1.0000 a1c_q=1.000
  mpx-135 traj: trials=23280000 wall=172123s knowledge=0.9939 reliable=536 spec=8.00 pop=3123
  mpx-135 diag: trials=23280000 micro=7908 pop_spec=11.93 spec_max=29 q_mean=0.622 q_max=1.000 q_above_half=2084 marked=0.246 mark_density=0.920 exp_mean=4927.7 addr_spec=4.392 addr_random=0.619 addr_full=0.1720 correct=506
  mpx-135 cover: trials=23280000 overall=0.9939 a0_nochange=1.0000 a0_change=1.0000 a1_nochange=0.9850 a1_change=0.9907 matched_but_wrong=0
  mpx-135 qdetail: trials=23280000 a0nc_any=1.0000 a0nc_q=1.000 a0c_any=1.0000 a0c_q=1.000 a1nc_any=0.9997 a1nc_q=1.000 a1c_any=0.9997 a1c_q=1.000
  mpx-135 traj: trials=23400000 wall=172184s knowledge=0.9939 reliable=540 spec=8.00 pop=3179
  mpx-135 diag: trials=23400000 micro=7933 pop_spec=11.87 spec_max=29 q_mean=0.622 q_max=1.000 q_above_half=2159 marked=0.243 mark_density=0.920 exp_mean=4878.3 addr_spec=4.396 addr_random=0.615 addr_full=0.1705 correct=506
  mpx-135 cover: trials=23400000 overall=0.9939 a0_nochange=1.0000 a0_change=1.0000 a1_nochange=0.9849 a1_change=0.9907 matched_but_wrong=0
  mpx-135 qdetail: trials=23400000 a0nc_any=1.0000 a0nc_q=1.000 a0c_any=1.0000 a0c_q=1.000 a1nc_any=0.9994 a1nc_q=1.000 a1c_any=1.0000 a1c_q=1.000
  mpx-135 traj: trials=23520000 wall=172245s knowledge=0.9940 reliable=534 spec=8.01 pop=3214
  mpx-135 diag: trials=23520000 micro=7892 pop_spec=11.78 spec_max=29 q_mean=0.617 q_max=1.000 q_above_half=2128 marked=0.245 mark_density=0.920 exp_mean=4862.3 addr_spec=4.414 addr_random=0.611 addr_full=0.1661 correct=506
  mpx-135 cover: trials=23520000 overall=0.9940 a0_nochange=1.0000 a0_change=1.0000 a1_nochange=0.9851 a1_change=0.9910 matched_but_wrong=0
  mpx-135 qdetail: trials=23520000 a0nc_any=1.0000 a0nc_q=1.000 a0c_any=1.0000 a0c_q=1.000 a1nc_any=0.9985 a1nc_q=1.000 a1c_any=1.0000 a1c_q=1.000
  mpx-135 traj: trials=23640000 wall=172306s knowledge=0.9941 reliable=530 spec=8.01 pop=3208
  mpx-135 diag: trials=23640000 micro=7944 pop_spec=11.74 spec_max=29 q_mean=0.617 q_max=1.000 q_above_half=2129 marked=0.242 mark_density=0.921 exp_mean=4908.0 addr_spec=4.440 addr_random=0.609 addr_full=0.1683 correct=506
  mpx-135 cover: trials=23640000 overall=0.9941 a0_nochange=1.0000 a0_change=1.0000 a1_nochange=0.9846 a1_change=0.9918 matched_but_wrong=0
  mpx-135 qdetail: trials=23640000 a0nc_any=1.0000 a0nc_q=1.000 a0c_any=1.0000 a0c_q=1.000 a1nc_any=0.9992 a1nc_q=1.000 a1c_any=1.0000 a1c_q=1.000
  mpx-135 traj: trials=23760000 wall=172367s knowledge=0.9938 reliable=528 spec=8.00 pop=3205
  mpx-135 diag: trials=23760000 micro=7913 pop_spec=11.72 spec_max=29 q_mean=0.618 q_max=1.000 q_above_half=2158 marked=0.261 mark_density=0.923 exp_mean=4950.1 addr_spec=4.446 addr_random=0.608 addr_full=0.1682 correct=506
  mpx-135 cover: trials=23760000 overall=0.9938 a0_nochange=1.0000 a0_change=1.0000 a1_nochange=0.9846 a1_change=0.9907 matched_but_wrong=0
  mpx-135 qdetail: trials=23760000 a0nc_any=1.0000 a0nc_q=1.000 a0c_any=1.0000 a0c_q=1.000 a1nc_any=0.9998 a1nc_q=1.000 a1c_any=1.0000 a1c_q=1.000
  mpx-135 traj: trials=23880000 wall=172427s knowledge=0.9938 reliable=532 spec=8.00 pop=3176
  mpx-135 diag: trials=23880000 micro=7912 pop_spec=11.69 spec_max=29 q_mean=0.620 q_max=1.000 q_above_half=2114 marked=0.248 mark_density=0.922 exp_mean=5033.2 addr_spec=4.408 addr_random=0.606 addr_full=0.1729 correct=506
  mpx-135 cover: trials=23880000 overall=0.9938 a0_nochange=1.0000 a0_change=1.0000 a1_nochange=0.9846 a1_change=0.9907 matched_but_wrong=0
  mpx-135 qdetail: trials=23880000 a0nc_any=1.0000 a0nc_q=1.000 a0c_any=1.0000 a0c_q=1.000 a1nc_any=0.9957 a1nc_q=1.000 a1c_any=1.0000 a1c_q=1.000
  mpx-135 traj: trials=24000000 wall=172487s knowledge=0.9943 reliable=533 spec=8.01 pop=3160
  mpx-135 diag: trials=24000000 micro=7897 pop_spec=11.71 spec_max=29 q_mean=0.620 q_max=1.000 q_above_half=2089 marked=0.243 mark_density=0.921 exp_mean=5096.3 addr_spec=4.425 addr_random=0.607 addr_full=0.1763 correct=506
  mpx-135 cover: trials=24000000 overall=0.9943 a0_nochange=1.0000 a0_change=1.0000 a1_nochange=0.9855 a1_change=0.9918 matched_but_wrong=0
  mpx-135 qdetail: trials=24000000 a0nc_any=1.0000 a0nc_q=1.000 a0c_any=1.0000 a0c_q=1.000 a1nc_any=0.9986 a1nc_q=1.000 a1c_any=1.0000 a1c_q=1.000
  mpx-135 traj: trials=24120000 wall=172548s knowledge=0.9938 reliable=530 spec=8.01 pop=3129
  mpx-135 diag: trials=24120000 micro=7818 pop_spec=11.76 spec_max=29 q_mean=0.625 q_max=1.000 q_above_half=2161 marked=0.242 mark_density=0.921 exp_mean=5185.0 addr_spec=4.421 addr_random=0.610 addr_full=0.1726 correct=506
  mpx-135 cover: trials=24120000 overall=0.9938 a0_nochange=1.0000 a0_change=1.0000 a1_nochange=0.9828 a1_change=0.9925 matched_but_wrong=0
  mpx-135 qdetail: trials=24120000 a0nc_any=1.0000 a0nc_q=1.000 a0c_any=1.0000 a0c_q=1.000 a1nc_any=0.9981 a1nc_q=1.000 a1c_any=1.0000 a1c_q=1.000
  mpx-135 traj: trials=24240000 wall=172608s knowledge=0.9953 reliable=538 spec=8.00 pop=3240
  mpx-135 diag: trials=24240000 micro=8014 pop_spec=11.59 spec_max=29 q_mean=0.619 q_max=1.000 q_above_half=2204 marked=0.248 mark_density=0.922 exp_mean=5044.9 addr_spec=4.488 addr_random=0.601 addr_full=0.1673 correct=507
  mpx-135 cover: trials=24240000 overall=0.9953 a0_nochange=1.0000 a0_change=1.0000 a1_nochange=0.9882 a1_change=0.9930 matched_but_wrong=0
  mpx-135 qdetail: trials=24240000 a0nc_any=1.0000 a0nc_q=1.000 a0c_any=1.0000 a0c_q=1.000 a1nc_any=0.9984 a1nc_q=1.000 a1c_any=1.0000 a1c_q=1.000
  mpx-135 traj: trials=24360000 wall=172668s knowledge=0.9948 reliable=528 spec=8.00 pop=3206
  mpx-135 diag: trials=24360000 micro=7980 pop_spec=11.57 spec_max=29 q_mean=0.616 q_max=1.000 q_above_half=2129 marked=0.265 mark_density=0.924 exp_mean=5135.0 addr_spec=4.448 addr_random=0.600 addr_full=0.1734 correct=507
  mpx-135 cover: trials=24360000 overall=0.9948 a0_nochange=1.0000 a0_change=1.0000 a1_nochange=0.9864 a1_change=0.9930 matched_but_wrong=0
  mpx-135 qdetail: trials=24360000 a0nc_any=1.0000 a0nc_q=1.000 a0c_any=1.0000 a0c_q=1.000 a1nc_any=0.9975 a1nc_q=1.000 a1c_any=0.9983 a1c_q=1.000
  mpx-135 traj: trials=24480000 wall=172729s knowledge=0.9944 reliable=536 spec=8.01 pop=3200
  mpx-135 diag: trials=24480000 micro=7895 pop_spec=11.59 spec_max=29 q_mean=0.623 q_max=1.000 q_above_half=2200 marked=0.251 mark_density=0.923 exp_mean=5182.0 addr_spec=4.475 addr_random=0.601 addr_full=0.1713 correct=507
  mpx-135 cover: trials=24480000 overall=0.9944 a0_nochange=1.0000 a0_change=1.0000 a1_nochange=0.9864 a1_change=0.9911 matched_but_wrong=0
  mpx-135 qdetail: trials=24480000 a0nc_any=1.0000 a0nc_q=1.000 a0c_any=1.0000 a0c_q=1.000 a1nc_any=0.9996 a1nc_q=1.000 a1c_any=1.0000 a1c_q=1.000
  mpx-135 traj: trials=24600000 wall=172790s knowledge=0.9943 reliable=538 spec=8.01 pop=3134
  mpx-135 diag: trials=24600000 micro=7886 pop_spec=11.64 spec_max=29 q_mean=0.620 q_max=1.000 q_above_half=2093 marked=0.241 mark_density=0.922 exp_mean=5329.1 addr_spec=4.475 addr_random=0.604 addr_full=0.1771 correct=506
  mpx-135 cover: trials=24600000 overall=0.9943 a0_nochange=1.0000 a0_change=1.0000 a1_nochange=0.9828 a1_change=0.9943 matched_but_wrong=0
  mpx-135 qdetail: trials=24600000 a0nc_any=1.0000 a0nc_q=1.000 a0c_any=1.0000 a0c_q=1.000 a1nc_any=0.9993 a1nc_q=1.000 a1c_any=0.9998 a1c_q=1.000
  mpx-135 traj: trials=24720000 wall=172850s knowledge=0.9934 reliable=521 spec=8.00 pop=3138
  mpx-135 diag: trials=24720000 micro=7889 pop_spec=11.63 spec_max=29 q_mean=0.620 q_max=1.000 q_above_half=2116 marked=0.256 mark_density=0.923 exp_mean=5359.9 addr_spec=4.453 addr_random=0.603 addr_full=0.1753 correct=506
  mpx-135 cover: trials=24720000 overall=0.9934 a0_nochange=1.0000 a0_change=1.0000 a1_nochange=0.9828 a1_change=0.9907 matched_but_wrong=0
  mpx-135 qdetail: trials=24720000 a0nc_any=1.0000 a0nc_q=1.000 a0c_any=1.0000 a0c_q=1.000 a1nc_any=0.9989 a1nc_q=1.000 a1c_any=1.0000 a1c_q=1.000
  mpx-135 traj: trials=24840000 wall=172912s knowledge=0.9941 reliable=534 spec=8.00 pop=3143
  mpx-135 diag: trials=24840000 micro=7848 pop_spec=11.60 spec_max=29 q_mean=0.619 q_max=1.000 q_above_half=2079 marked=0.257 mark_density=0.923 exp_mean=5390.0 addr_spec=4.464 addr_random=0.601 addr_full=0.1721 correct=506
  mpx-135 cover: trials=24840000 overall=0.9941 a0_nochange=1.0000 a0_change=1.0000 a1_nochange=0.9828 a1_change=0.9934 matched_but_wrong=0
  mpx-135 qdetail: trials=24840000 a0nc_any=1.0000 a0nc_q=1.000 a0c_any=1.0000 a0c_q=1.000 a1nc_any=0.9995 a1nc_q=1.000 a1c_any=0.9998 a1c_q=1.000
  mpx-135 traj: trials=24960000 wall=172973s knowledge=0.9934 reliable=531 spec=8.00 pop=3131
  mpx-135 diag: trials=24960000 micro=7882 pop_spec=11.59 spec_max=29 q_mean=0.621 q_max=1.000 q_above_half=2090 marked=0.256 mark_density=0.923 exp_mean=5448.3 addr_spec=4.446 addr_random=0.601 addr_full=0.1741 correct=506
  mpx-135 cover: trials=24960000 overall=0.9934 a0_nochange=1.0000 a0_change=1.0000 a1_nochange=0.9828 a1_change=0.9907 matched_but_wrong=0
  mpx-135 qdetail: trials=24960000 a0nc_any=1.0000 a0nc_q=1.000 a0c_any=1.0000 a0c_q=1.000 a1nc_any=0.9963 a1nc_q=1.000 a1c_any=0.9999 a1c_q=1.000
  mpx-135 traj: trials=25080000 wall=173033s knowledge=0.9954 reliable=535 spec=8.00 pop=3064
  mpx-135 diag: trials=25080000 micro=7849 pop_spec=11.69 spec_max=29 q_mean=0.623 q_max=1.000 q_above_half=2070 marked=0.253 mark_density=0.922 exp_mean=5606.8 addr_spec=4.461 addr_random=0.606 addr_full=0.1769 correct=508
  mpx-135 cover: trials=25080000 overall=0.9954 a0_nochange=1.0000 a0_change=1.0000 a1_nochange=0.9910 a1_change=0.9907 matched_but_wrong=0
  mpx-135 qdetail: trials=25080000 a0nc_any=1.0000 a0nc_q=1.000 a0c_any=1.0000 a0c_q=1.000 a1nc_any=0.9992 a1nc_q=1.000 a1c_any=1.0000 a1c_q=1.000
  mpx-135 traj: trials=25200000 wall=173096s knowledge=0.9956 reliable=530 spec=8.01 pop=3043
  mpx-135 diag: trials=25200000 micro=7849 pop_spec=11.68 spec_max=29 q_mean=0.625 q_max=1.000 q_above_half=2050 marked=0.243 mark_density=0.921 exp_mean=5684.6 addr_spec=4.480 addr_random=0.606 addr_full=0.1834 correct=508
  mpx-135 cover: trials=25200000 overall=0.9956 a0_nochange=1.0000 a0_change=1.0000 a1_nochange=0.9910 a1_change=0.9914 matched_but_wrong=0
  mpx-135 qdetail: trials=25200000 a0nc_any=1.0000 a0nc_q=1.000 a0c_any=1.0000 a0c_q=1.000 a1nc_any=0.9996 a1nc_q=1.000 a1c_any=1.0000 a1c_q=1.000
  mpx-135 traj: trials=25320000 wall=173156s knowledge=0.9954 reliable=536 spec=8.00 pop=3143
  mpx-135 diag: trials=25320000 micro=7917 pop_spec=11.46 spec_max=29 q_mean=0.616 q_max=1.000 q_above_half=2064 marked=0.249 mark_density=0.923 exp_mean=5541.8 addr_spec=4.454 addr_random=0.594 addr_full=0.1702 correct=508
  mpx-135 cover: trials=25320000 overall=0.9954 a0_nochange=1.0000 a0_change=1.0000 a1_nochange=0.9910 a1_change=0.9907 matched_but_wrong=0
  mpx-135 qdetail: trials=25320000 a0nc_any=1.0000 a0nc_q=1.000 a0c_any=1.0000 a0c_q=1.000 a1nc_any=0.9981 a1nc_q=1.000 a1c_any=1.0000 a1c_q=1.000
  mpx-135 traj: trials=25440000 wall=173217s knowledge=0.9960 reliable=532 spec=8.00 pop=3079
  mpx-135 diag: trials=25440000 micro=7809 pop_spec=11.53 spec_max=29 q_mean=0.620 q_max=1.000 q_above_half=2084 marked=0.244 mark_density=0.921 exp_mean=5696.0 addr_spec=4.498 addr_random=0.598 addr_full=0.1796 correct=508
  mpx-135 cover: trials=25440000 overall=0.9960 a0_nochange=1.0000 a0_change=1.0000 a1_nochange=0.9933 a1_change=0.9907 matched_but_wrong=0
  mpx-135 qdetail: trials=25440000 a0nc_any=1.0000 a0nc_q=1.000 a0c_any=1.0000 a0c_q=1.000 a1nc_any=0.9995 a1nc_q=1.000 a1c_any=0.9994 a1c_q=1.000
  mpx-135 traj: trials=25560000 wall=173279s knowledge=0.9960 reliable=531 spec=8.00 pop=3115
  mpx-135 diag: trials=25560000 micro=7858 pop_spec=11.48 spec_max=29 q_mean=0.622 q_max=1.000 q_above_half=2104 marked=0.255 mark_density=0.923 exp_mean=5668.8 addr_spec=4.528 addr_random=0.595 addr_full=0.1772 correct=508
  mpx-135 cover: trials=25560000 overall=0.9960 a0_nochange=1.0000 a0_change=1.0000 a1_nochange=0.9912 a1_change=0.9926 matched_but_wrong=0
  mpx-135 qdetail: trials=25560000 a0nc_any=1.0000 a0nc_q=1.000 a0c_any=1.0000 a0c_q=1.000 a1nc_any=0.9991 a1nc_q=1.000 a1c_any=1.0000 a1c_q=1.000
  mpx-135 traj: trials=25680000 wall=173340s knowledge=0.9970 reliable=535 spec=8.01 pop=3111
  mpx-135 diag: trials=25680000 micro=7848 pop_spec=11.50 spec_max=29 q_mean=0.620 q_max=1.000 q_above_half=2097 marked=0.254 mark_density=0.922 exp_mean=5712.8 addr_spec=4.502 addr_random=0.596 addr_full=0.1784 correct=508
  mpx-135 cover: trials=25680000 overall=0.9970 a0_nochange=1.0000 a0_change=1.0000 a1_nochange=0.9922 a1_change=0.9959 matched_but_wrong=0
  mpx-135 qdetail: trials=25680000 a0nc_any=1.0000 a0nc_q=1.000 a0c_any=1.0000 a0c_q=1.000 a1nc_any=1.0000 a1nc_q=1.000 a1c_any=1.0000 a1c_q=1.000
  mpx-135 traj: trials=25800000 wall=173402s knowledge=0.9960 reliable=529 spec=8.00 pop=3049
  mpx-135 diag: trials=25800000 micro=7830 pop_spec=11.56 spec_max=29 q_mean=0.624 q_max=1.000 q_above_half=2082 marked=0.239 mark_density=0.921 exp_mean=5867.9 addr_spec=4.490 addr_random=0.600 addr_full=0.1791 correct=508
  mpx-135 cover: trials=25800000 overall=0.9960 a0_nochange=1.0000 a0_change=1.0000 a1_nochange=0.9912 a1_change=0.9926 matched_but_wrong=0
  mpx-135 qdetail: trials=25800000 a0nc_any=1.0000 a0nc_q=1.000 a0c_any=1.0000 a0c_q=1.000 a1nc_any=1.0000 a1nc_q=1.000 a1c_any=0.9999 a1c_q=1.000
  mpx-135 traj: trials=25920000 wall=173463s knowledge=0.9957 reliable=537 spec=8.01 pop=3094
  mpx-135 diag: trials=25920000 micro=7882 pop_spec=11.45 spec_max=29 q_mean=0.620 q_max=1.000 q_above_half=2083 marked=0.249 mark_density=0.923 exp_mean=5820.9 addr_spec=4.502 addr_random=0.593 addr_full=0.1774 correct=508
  mpx-135 cover: trials=25920000 overall=0.9957 a0_nochange=1.0000 a0_change=1.0000 a1_nochange=0.9912 a1_change=0.9918 matched_but_wrong=0
  mpx-135 qdetail: trials=25920000 a0nc_any=1.0000 a0nc_q=1.000 a0c_any=1.0000 a0c_q=1.000 a1nc_any=1.0000 a1nc_q=1.000 a1c_any=0.9999 a1c_q=1.000
  mpx-135 traj: trials=26040000 wall=173524s knowledge=0.9955 reliable=523 spec=8.00 pop=3113
  mpx-135 diag: trials=26040000 micro=7839 pop_spec=11.47 spec_max=29 q_mean=0.620 q_max=1.000 q_above_half=2108 marked=0.265 mark_density=0.924 exp_mean=5823.7 addr_spec=4.563 addr_random=0.595 addr_full=0.1773 correct=508
  mpx-135 cover: trials=26040000 overall=0.9955 a0_nochange=1.0000 a0_change=1.0000 a1_nochange=0.9912 a1_change=0.9907 matched_but_wrong=0
  mpx-135 qdetail: trials=26040000 a0nc_any=1.0000 a0nc_q=1.000 a0c_any=1.0000 a0c_q=1.000 a1nc_any=1.0000 a1nc_q=1.000 a1c_any=1.0000 a1c_q=1.000
  mpx-135 traj: trials=26160000 wall=173585s knowledge=0.9957 reliable=524 spec=8.00 pop=3116
  mpx-135 diag: trials=26160000 micro=7880 pop_spec=11.43 spec_max=29 q_mean=0.619 q_max=1.000 q_above_half=2073 marked=0.255 mark_density=0.923 exp_mean=5856.1 addr_spec=4.563 addr_random=0.593 addr_full=0.1784 correct=509
  mpx-135 cover: trials=26160000 overall=0.9957 a0_nochange=1.0000 a0_change=1.0000 a1_nochange=0.9912 a1_change=0.9917 matched_but_wrong=0
  mpx-135 qdetail: trials=26160000 a0nc_any=1.0000 a0nc_q=1.000 a0c_any=1.0000 a0c_q=1.000 a1nc_any=1.0000 a1nc_q=1.000 a1c_any=1.0000 a1c_q=1.000
  mpx-135 traj: trials=26280000 wall=173646s knowledge=0.9959 reliable=529 spec=8.01 pop=3137
  mpx-135 diag: trials=26280000 micro=7902 pop_spec=11.39 spec_max=29 q_mean=0.619 q_max=1.000 q_above_half=2105 marked=0.255 mark_density=0.923 exp_mean=5855.4 addr_spec=4.500 addr_random=0.591 addr_full=0.1785 correct=508
  mpx-135 cover: trials=26280000 overall=0.9959 a0_nochange=1.0000 a0_change=1.0000 a1_nochange=0.9912 a1_change=0.9923 matched_but_wrong=0
  mpx-135 qdetail: trials=26280000 a0nc_any=1.0000 a0nc_q=1.000 a0c_any=1.0000 a0c_q=1.000 a1nc_any=1.0000 a1nc_q=1.000 a1c_any=1.0000 a1c_q=1.000
  mpx-135 traj: trials=26400000 wall=173708s knowledge=0.9963 reliable=540 spec=8.02 pop=3041
  mpx-135 diag: trials=26400000 micro=7827 pop_spec=11.49 spec_max=29 q_mean=0.627 q_max=1.000 q_above_half=2098 marked=0.248 mark_density=0.922 exp_mean=6079.7 addr_spec=4.490 addr_random=0.596 addr_full=0.1799 correct=508
  mpx-135 cover: trials=26400000 overall=0.9963 a0_nochange=1.0000 a0_change=1.0000 a1_nochange=0.9912 a1_change=0.9939 matched_but_wrong=0
  mpx-135 qdetail: trials=26400000 a0nc_any=1.0000 a0nc_q=1.000 a0c_any=1.0000 a0c_q=1.000 a1nc_any=0.9998 a1nc_q=1.000 a1c_any=1.0000 a1c_q=1.000
  mpx-135 traj: trials=26520000 wall=173769s knowledge=0.9970 reliable=531 spec=8.02 pop=3201
  mpx-135 diag: trials=26520000 micro=7913 pop_spec=11.24 spec_max=29 q_mean=0.617 q_max=1.000 q_above_half=2149 marked=0.260 mark_density=0.925 exp_mean=5813.0 addr_spec=4.513 addr_random=0.583 addr_full=0.1734 correct=510
  mpx-135 cover: trials=26520000 overall=0.9970 a0_nochange=1.0000 a0_change=1.0000 a1_nochange=0.9958 a1_change=0.9922 matched_but_wrong=0
  mpx-135 qdetail: trials=26520000 a0nc_any=1.0000 a0nc_q=1.000 a0c_any=1.0000 a0c_q=1.000 a1nc_any=1.0000 a1nc_q=1.000 a1c_any=1.0000 a1c_q=1.000
  mpx-135 traj: trials=26640000 wall=173831s knowledge=0.9974 reliable=535 spec=8.01 pop=3057
  mpx-135 diag: trials=26640000 micro=7786 pop_spec=11.43 spec_max=29 q_mean=0.623 q_max=1.000 q_above_half=2066 marked=0.244 mark_density=0.922 exp_mean=6126.0 addr_spec=4.540 addr_random=0.593 addr_full=0.1819 correct=509
  mpx-135 cover: trials=26640000 overall=0.9974 a0_nochange=1.0000 a0_change=1.0000 a1_nochange=0.9980 a1_change=0.9915 matched_but_wrong=0
  mpx-135 qdetail: trials=26640000 a0nc_any=1.0000 a0nc_q=1.000 a0c_any=1.0000 a0c_q=1.000 a1nc_any=1.0000 a1nc_q=1.000 a1c_any=1.0000 a1c_q=1.000
  mpx-135 traj: trials=26760000 wall=173893s knowledge=0.9965 reliable=530 spec=8.00 pop=3087
  mpx-135 diag: trials=26760000 micro=7823 pop_spec=11.33 spec_max=29 q_mean=0.620 q_max=1.000 q_above_half=2075 marked=0.270 mark_density=0.925 exp_mean=6105.0 addr_spec=4.540 addr_random=0.587 addr_full=0.1785 correct=508
  mpx-135 cover: trials=26760000 overall=0.9965 a0_nochange=1.0000 a0_change=1.0000 a1_nochange=0.9953 a1_change=0.9907 matched_but_wrong=0
  mpx-135 qdetail: trials=26760000 a0nc_any=1.0000 a0nc_q=1.000 a0c_any=1.0000 a0c_q=1.000 a1nc_any=0.9998 a1nc_q=1.000 a1c_any=0.9997 a1c_q=1.000
  mpx-135 traj: trials=26880000 wall=173955s knowledge=0.9960 reliable=535 spec=8.00 pop=3082
  mpx-135 diag: trials=26880000 micro=7813 pop_spec=11.36 spec_max=29 q_mean=0.622 q_max=1.000 q_above_half=2079 marked=0.274 mark_density=0.924 exp_mean=6154.4 addr_spec=4.534 addr_random=0.589 addr_full=0.1811 correct=508
  mpx-135 cover: trials=26880000 overall=0.9960 a0_nochange=1.0000 a0_change=1.0000 a1_nochange=0.9933 a1_change=0.9907 matched_but_wrong=0
  mpx-135 qdetail: trials=26880000 a0nc_any=1.0000 a0nc_q=1.000 a0c_any=1.0000 a0c_q=1.000 a1nc_any=0.9987 a1nc_q=1.000 a1c_any=1.0000 a1c_q=1.000
  mpx-135 traj: trials=27000000 wall=174016s knowledge=0.9955 reliable=539 spec=8.00 pop=2974
  mpx-135 diag: trials=27000000 micro=7701 pop_spec=11.48 spec_max=29 q_mean=0.625 q_max=1.000 q_above_half=1979 marked=0.254 mark_density=0.922 exp_mean=6418.1 addr_spec=4.470 addr_random=0.595 addr_full=0.1802 correct=508
  mpx-135 cover: trials=27000000 overall=0.9955 a0_nochange=1.0000 a0_change=1.0000 a1_nochange=0.9912 a1_change=0.9907 matched_but_wrong=0
  mpx-135 qdetail: trials=27000000 a0nc_any=1.0000 a0nc_q=1.000 a0c_any=1.0000 a0c_q=1.000 a1nc_any=0.9983 a1nc_q=1.000 a1c_any=1.0000 a1c_q=1.000
  mpx-135 traj: trials=27120000 wall=174076s knowledge=0.9960 reliable=534 spec=8.00 pop=3065
  mpx-135 diag: trials=27120000 micro=7808 pop_spec=11.33 spec_max=29 q_mean=0.622 q_max=1.000 q_above_half=2033 marked=0.258 mark_density=0.924 exp_mean=6266.5 addr_spec=4.547 addr_random=0.587 addr_full=0.1775 correct=508
  mpx-135 cover: trials=27120000 overall=0.9960 a0_nochange=1.0000 a0_change=1.0000 a1_nochange=0.9912 a1_change=0.9930 matched_but_wrong=0
  mpx-135 qdetail: trials=27120000 a0nc_any=1.0000 a0nc_q=1.000 a0c_any=1.0000 a0c_q=1.000 a1nc_any=0.9992 a1nc_q=1.000 a1c_any=1.0000 a1c_q=1.000
  mpx-135 traj: trials=27240000 wall=174137s knowledge=0.9955 reliable=528 spec=8.00 pop=3022
  mpx-135 diag: trials=27240000 micro=7810 pop_spec=11.36 spec_max=29 q_mean=0.622 q_max=1.000 q_above_half=2030 marked=0.254 mark_density=0.922 exp_mean=6394.8 addr_spec=4.548 addr_random=0.589 addr_full=0.1837 correct=508
  mpx-135 cover: trials=27240000 overall=0.9955 a0_nochange=1.0000 a0_change=1.0000 a1_nochange=0.9912 a1_change=0.9907 matched_but_wrong=0
  mpx-135 qdetail: trials=27240000 a0nc_any=1.0000 a0nc_q=1.000 a0c_any=1.0000 a0c_q=1.000 a1nc_any=0.9966 a1nc_q=1.000 a1c_any=1.0000 a1c_q=1.000
  mpx-135 traj: trials=27360000 wall=174198s knowledge=0.9960 reliable=535 spec=8.00 pop=3066
  mpx-135 diag: trials=27360000 micro=7799 pop_spec=11.28 spec_max=29 q_mean=0.624 q_max=1.000 q_above_half=2077 marked=0.241 mark_density=0.923 exp_mean=6341.9 addr_spec=4.562 addr_random=0.585 addr_full=0.1791 correct=508
  mpx-135 cover: trials=27360000 overall=0.9960 a0_nochange=1.0000 a0_change=1.0000 a1_nochange=0.9933 a1_change=0.9907 matched_but_wrong=0
  mpx-135 qdetail: trials=27360000 a0nc_any=1.0000 a0nc_q=1.000 a0c_any=1.0000 a0c_q=1.000 a1nc_any=0.9986 a1nc_q=1.000 a1c_any=0.9999 a1c_q=1.000
  mpx-135 traj: trials=27480000 wall=174258s knowledge=0.9955 reliable=530 spec=8.00 pop=3078
  mpx-135 diag: trials=27480000 micro=7786 pop_spec=11.22 spec_max=29 q_mean=0.622 q_max=1.000 q_above_half=2084 marked=0.245 mark_density=0.923 exp_mean=6355.7 addr_spec=4.513 addr_random=0.582 addr_full=0.1738 correct=508
  mpx-135 cover: trials=27480000 overall=0.9955 a0_nochange=1.0000 a0_change=1.0000 a1_nochange=0.9912 a1_change=0.9907 matched_but_wrong=0
  mpx-135 qdetail: trials=27480000 a0nc_any=1.0000 a0nc_q=1.000 a0c_any=1.0000 a0c_q=1.000 a1nc_any=0.9997 a1nc_q=1.000 a1c_any=0.9996 a1c_q=1.000
  mpx-135 traj: trials=27600000 wall=174319s knowledge=0.9960 reliable=529 spec=8.00 pop=3040
  mpx-135 diag: trials=27600000 micro=7811 pop_spec=11.24 spec_max=29 q_mean=0.619 q_max=1.000 q_above_half=1979 marked=0.255 mark_density=0.924 exp_mean=6474.8 addr_spec=4.591 addr_random=0.583 addr_full=0.1803 correct=508
  mpx-135 cover: trials=27600000 overall=0.9960 a0_nochange=1.0000 a0_change=1.0000 a1_nochange=0.9912 a1_change=0.9928 matched_but_wrong=0
  mpx-135 qdetail: trials=27600000 a0nc_any=1.0000 a0nc_q=1.000 a0c_any=1.0000 a0c_q=1.000 a1nc_any=1.0000 a1nc_q=1.000 a1c_any=1.0000 a1c_q=1.000
  mpx-135 traj: trials=27720000 wall=174381s knowledge=0.9960 reliable=527 spec=8.00 pop=3032
  mpx-135 diag: trials=27720000 micro=7669 pop_spec=11.26 spec_max=29 q_mean=0.626 q_max=1.000 q_above_half=2080 marked=0.262 mark_density=0.924 exp_mean=6531.2 addr_spec=4.556 addr_random=0.584 addr_full=0.1821 correct=508
  mpx-135 cover: trials=27720000 overall=0.9960 a0_nochange=1.0000 a0_change=1.0000 a1_nochange=0.9932 a1_change=0.9907 matched_but_wrong=0
  mpx-135 qdetail: trials=27720000 a0nc_any=1.0000 a0nc_q=1.000 a0c_any=1.0000 a0c_q=1.000 a1nc_any=0.9998 a1nc_q=1.000 a1c_any=1.0000 a1c_q=1.000
  mpx-135 traj: trials=27840000 wall=174443s knowledge=0.9957 reliable=539 spec=8.01 pop=3057
  mpx-135 diag: trials=27840000 micro=7729 pop_spec=11.19 spec_max=29 q_mean=0.620 q_max=1.000 q_above_half=2056 marked=0.249 mark_density=0.924 exp_mean=6517.2 addr_spec=4.559 addr_random=0.580 addr_full=0.1799 correct=508
  mpx-135 cover: trials=27840000 overall=0.9957 a0_nochange=1.0000 a0_change=1.0000 a1_nochange=0.9912 a1_change=0.9917 matched_but_wrong=0
  mpx-135 qdetail: trials=27840000 a0nc_any=1.0000 a0nc_q=1.000 a0c_any=1.0000 a0c_q=1.000 a1nc_any=1.0000 a1nc_q=1.000 a1c_any=0.9996 a1c_q=1.000
  mpx-135 traj: trials=27960000 wall=174504s knowledge=0.9955 reliable=533 spec=8.00 pop=2990
  mpx-135 diag: trials=27960000 micro=7718 pop_spec=11.24 spec_max=29 q_mean=0.625 q_max=1.000 q_above_half=2012 marked=0.253 mark_density=0.923 exp_mean=6702.9 addr_spec=4.552 addr_random=0.583 addr_full=0.1839 correct=508
  mpx-135 cover: trials=27960000 overall=0.9955 a0_nochange=1.0000 a0_change=1.0000 a1_nochange=0.9912 a1_change=0.9907 matched_but_wrong=0
  mpx-135 qdetail: trials=27960000 a0nc_any=1.0000 a0nc_q=1.000 a0c_any=1.0000 a0c_q=1.000 a1nc_any=0.9994 a1nc_q=1.000 a1c_any=1.0000 a1c_q=1.000
  mpx-135 traj: trials=28080000 wall=174565s knowledge=0.9957 reliable=531 spec=8.00 pop=2939
  mpx-135 diag: trials=28080000 micro=7700 pop_spec=11.26 spec_max=29 q_mean=0.626 q_max=1.000 q_above_half=2003 marked=0.250 mark_density=0.924 exp_mean=6860.1 addr_spec=4.554 addr_random=0.584 addr_full=0.1861 correct=508
  mpx-135 cover: trials=28080000 overall=0.9957 a0_nochange=1.0000 a0_change=1.0000 a1_nochange=0.9912 a1_change=0.9916 matched_but_wrong=0
  mpx-135 qdetail: trials=28080000 a0nc_any=1.0000 a0nc_q=1.000 a0c_any=1.0000 a0c_q=1.000 a1nc_any=0.9997 a1nc_q=1.000 a1c_any=0.9997 a1c_q=1.000
  mpx-135 traj: trials=28200000 wall=174625s knowledge=0.9966 reliable=536 spec=8.00 pop=3004
  mpx-135 diag: trials=28200000 micro=7741 pop_spec=11.16 spec_max=29 q_mean=0.625 q_max=1.000 q_above_half=2071 marked=0.258 mark_density=0.925 exp_mean=6751.4 addr_spec=4.501 addr_random=0.579 addr_full=0.1848 correct=509
  mpx-135 cover: trials=28200000 overall=0.9966 a0_nochange=1.0000 a0_change=1.0000 a1_nochange=0.9958 a1_change=0.9907 matched_but_wrong=0
  mpx-135 qdetail: trials=28200000 a0nc_any=1.0000 a0nc_q=1.000 a0c_any=1.0000 a0c_q=1.000 a1nc_any=0.9991 a1nc_q=1.000 a1c_any=1.0000 a1c_q=1.000
  mpx-135 traj: trials=28320000 wall=174686s knowledge=0.9955 reliable=534 spec=8.00 pop=2919
  mpx-135 diag: trials=28320000 micro=7701 pop_spec=11.27 spec_max=29 q_mean=0.630 q_max=1.000 q_above_half=2013 marked=0.245 mark_density=0.923 exp_mean=6988.7 addr_spec=4.551 addr_random=0.585 addr_full=0.1816 correct=508
  mpx-135 cover: trials=28320000 overall=0.9955 a0_nochange=1.0000 a0_change=1.0000 a1_nochange=0.9912 a1_change=0.9907 matched_but_wrong=0
  mpx-135 qdetail: trials=28320000 a0nc_any=1.0000 a0nc_q=1.000 a0c_any=1.0000 a0c_q=1.000 a1nc_any=1.0000 a1nc_q=1.000 a1c_any=0.9998 a1c_q=1.000
  mpx-135 traj: trials=28440000 wall=174747s knowledge=0.9955 reliable=535 spec=8.00 pop=2966
  mpx-135 diag: trials=28440000 micro=7712 pop_spec=11.18 spec_max=29 q_mean=0.628 q_max=1.000 q_above_half=2045 marked=0.246 mark_density=0.923 exp_mean=6918.9 addr_spec=4.536 addr_random=0.580 addr_full=0.1827 correct=508
  mpx-135 cover: trials=28440000 overall=0.9955 a0_nochange=1.0000 a0_change=1.0000 a1_nochange=0.9912 a1_change=0.9907 matched_but_wrong=0
  mpx-135 qdetail: trials=28440000 a0nc_any=1.0000 a0nc_q=1.000 a0c_any=1.0000 a0c_q=1.000 a1nc_any=0.9988 a1nc_q=1.000 a1c_any=1.0000 a1c_q=1.000
  mpx-135 traj: trials=28560000 wall=174808s knowledge=0.9966 reliable=526 spec=8.00 pop=2885
  mpx-135 diag: trials=28560000 micro=7701 pop_spec=11.24 spec_max=29 q_mean=0.625 q_max=1.000 q_above_half=1958 marked=0.258 mark_density=0.925 exp_mean=7154.4 addr_spec=4.566 addr_random=0.583 addr_full=0.1913 correct=509
  mpx-135 cover: trials=28560000 overall=0.9966 a0_nochange=1.0000 a0_change=1.0000 a1_nochange=0.9912 a1_change=0.9950 matched_but_wrong=0
  mpx-135 qdetail: trials=28560000 a0nc_any=1.0000 a0nc_q=1.000 a0c_any=1.0000 a0c_q=1.000 a1nc_any=0.9995 a1nc_q=1.000 a1c_any=0.9998 a1c_q=1.000
  mpx-135 traj: trials=28680000 wall=174869s knowledge=0.9966 reliable=538 spec=8.00 pop=2997
  mpx-135 diag: trials=28680000 micro=7664 pop_spec=11.10 spec_max=29 q_mean=0.625 q_max=1.000 q_above_half=2036 marked=0.266 mark_density=0.926 exp_mean=6927.0 addr_spec=4.609 addr_random=0.576 addr_full=0.1859 correct=509
  mpx-135 cover: trials=28680000 overall=0.9966 a0_nochange=1.0000 a0_change=1.0000 a1_nochange=0.9912 a1_change=0.9950 matched_but_wrong=25
  mpx-135 qdetail: trials=28680000 a0nc_any=1.0000 a0nc_q=1.000 a0c_any=1.0000 a0c_q=1.000 a1nc_any=1.0000 a1nc_q=1.000 a1c_any=0.9999 a1c_q=1.000
  mpx-135 traj: trials=28800000 wall=174929s knowledge=0.9966 reliable=533 spec=8.00 pop=2916
  mpx-135 diag: trials=28800000 micro=7644 pop_spec=11.15 spec_max=29 q_mean=0.629 q_max=1.000 q_above_half=2013 marked=0.233 mark_density=0.922 exp_mean=7160.6 addr_spec=4.539 addr_random=0.578 addr_full=0.1852 correct=509
  mpx-135 cover: trials=28800000 overall=0.9966 a0_nochange=1.0000 a0_change=1.0000 a1_nochange=0.9912 a1_change=0.9950 matched_but_wrong=0
  mpx-135 qdetail: trials=28800000 a0nc_any=1.0000 a0nc_q=1.000 a0c_any=1.0000 a0c_q=1.000 a1nc_any=0.9954 a1nc_q=1.000 a1c_any=1.0000 a1c_q=1.000
  mpx-135 traj: trials=28920000 wall=174988s knowledge=0.9970 reliable=528 spec=8.00 pop=2902
  mpx-135 diag: trials=28920000 micro=7705 pop_spec=11.15 spec_max=29 q_mean=0.629 q_max=1.000 q_above_half=1998 marked=0.261 mark_density=0.926 exp_mean=7217.2 addr_spec=4.598 addr_random=0.578 addr_full=0.1878 correct=509
  mpx-135 cover: trials=28920000 overall=0.9970 a0_nochange=1.0000 a0_change=1.0000 a1_nochange=0.9912 a1_change=0.9968 matched_but_wrong=0
  mpx-135 qdetail: trials=28920000 a0nc_any=1.0000 a0nc_q=1.000 a0c_any=1.0000 a0c_q=1.000 a1nc_any=0.9984 a1nc_q=1.000 a1c_any=1.0000 a1c_q=1.000
  mpx-135 traj: trials=29040000 wall=175048s knowledge=0.9977 reliable=543 spec=8.00 pop=2975
  mpx-135 diag: trials=29040000 micro=7686 pop_spec=11.03 spec_max=29 q_mean=0.627 q_max=1.000 q_above_half=2008 marked=0.244 mark_density=0.925 exp_mean=7080.7 addr_spec=4.559 addr_random=0.572 addr_full=0.1852 correct=510
  mpx-135 cover: trials=29040000 overall=0.9977 a0_nochange=1.0000 a0_change=1.0000 a1_nochange=0.9954 a1_change=0.9955 matched_but_wrong=0
  mpx-135 qdetail: trials=29040000 a0nc_any=1.0000 a0nc_q=1.000 a0c_any=1.0000 a0c_q=1.000 a1nc_any=1.0000 a1nc_q=1.000 a1c_any=1.0000 a1c_q=1.000
  mpx-135 traj: trials=29160000 wall=175108s knowledge=0.9972 reliable=529 spec=8.00 pop=2976
  mpx-135 diag: trials=29160000 micro=7735 pop_spec=11.05 spec_max=29 q_mean=0.629 q_max=1.000 q_above_half=2063 marked=0.243 mark_density=0.924 exp_mean=7118.5 addr_spec=4.648 addr_random=0.573 addr_full=0.1831 correct=510
  mpx-135 cover: trials=29160000 overall=0.9972 a0_nochange=1.0000 a0_change=1.0000 a1_nochange=0.9954 a1_change=0.9934 matched_but_wrong=0
  mpx-135 qdetail: trials=29160000 a0nc_any=1.0000 a0nc_q=1.000 a0c_any=1.0000 a0c_q=1.000 a1nc_any=0.9999 a1nc_q=1.000 a1c_any=1.0000 a1c_q=1.000
  mpx-135 traj: trials=29280000 wall=175167s knowledge=0.9958 reliable=533 spec=8.00 pop=3109
  mpx-135 diag: trials=29280000 micro=7869 pop_spec=10.87 spec_max=29 q_mean=0.625 q_max=1.000 q_above_half=2110 marked=0.256 mark_density=0.926 exp_mean=6841.2 addr_spec=4.665 addr_random=0.564 addr_full=0.1775 correct=510
  mpx-135 cover: trials=29280000 overall=0.9958 a0_nochange=1.0000 a0_change=1.0000 a1_nochange=0.9917 a1_change=0.9913 matched_but_wrong=0
  mpx-135 qdetail: trials=29280000 a0nc_any=1.0000 a0nc_q=1.000 a0c_any=1.0000 a0c_q=1.000 a1nc_any=1.0000 a1nc_q=1.000 a1c_any=1.0000 a1c_q=1.000
  mpx-135 traj: trials=29400000 wall=175227s knowledge=0.9986 reliable=529 spec=8.00 pop=2982
  mpx-135 diag: trials=29400000 micro=7816 pop_spec=11.01 spec_max=29 q_mean=0.621 q_max=1.000 q_above_half=1988 marked=0.248 mark_density=0.924 exp_mean=7171.9 addr_spec=4.637 addr_random=0.571 addr_full=0.1868 correct=511
  mpx-135 cover: trials=29400000 overall=0.9986 a0_nochange=1.0000 a0_change=1.0000 a1_nochange=0.9943 a1_change=1.0000 matched_but_wrong=0
  mpx-135 qdetail: trials=29400000 a0nc_any=1.0000 a0nc_q=1.000 a0c_any=1.0000 a0c_q=1.000 a1nc_any=0.9998 a1nc_q=1.000 a1c_any=1.0000 a1c_q=1.000
  mpx-135 traj: trials=29520000 wall=175285s knowledge=0.9986 reliable=538 spec=8.00 pop=2913
  mpx-135 diag: trials=29520000 micro=7649 pop_spec=11.07 spec_max=29 q_mean=0.629 q_max=1.000 q_above_half=1972 marked=0.265 mark_density=0.925 exp_mean=7382.9 addr_spec=4.623 addr_random=0.574 addr_full=0.1867 correct=511
  mpx-135 cover: trials=29520000 overall=0.9986 a0_nochange=1.0000 a0_change=1.0000 a1_nochange=0.9943 a1_change=1.0000 matched_but_wrong=0
  mpx-135 qdetail: trials=29520000 a0nc_any=1.0000 a0nc_q=1.000 a0c_any=1.0000 a0c_q=1.000 a1nc_any=1.0000 a1nc_q=1.000 a1c_any=1.0000 a1c_q=1.000
  mpx-135 traj: trials=29640000 wall=175344s knowledge=0.9979 reliable=530 spec=8.00 pop=2883
  mpx-135 diag: trials=29640000 micro=7635 pop_spec=11.10 spec_max=29 q_mean=0.628 q_max=1.000 q_above_half=1968 marked=0.251 mark_density=0.924 exp_mean=7501.4 addr_spec=4.626 addr_random=0.575 addr_full=0.1883 correct=511
  mpx-135 cover: trials=29640000 overall=0.9979 a0_nochange=1.0000 a0_change=1.0000 a1_nochange=0.9917 a1_change=1.0000 matched_but_wrong=0
  mpx-135 qdetail: trials=29640000 a0nc_any=1.0000 a0nc_q=1.000 a0c_any=1.0000 a0c_q=1.000 a1nc_any=0.9987 a1nc_q=1.000 a1c_any=1.0000 a1c_q=1.000
  mpx-135 traj: trials=29760000 wall=175403s knowledge=0.9979 reliable=530 spec=8.00 pop=2914
  mpx-135 diag: trials=29760000 micro=7717 pop_spec=10.99 spec_max=29 q_mean=0.626 q_max=1.000 q_above_half=1959 marked=0.255 mark_density=0.925 exp_mean=7462.6 addr_spec=4.538 addr_random=0.570 addr_full=0.1815 correct=511
  mpx-135 cover: trials=29760000 overall=0.9979 a0_nochange=1.0000 a0_change=1.0000 a1_nochange=0.9917 a1_change=1.0000 matched_but_wrong=0
  mpx-135 qdetail: trials=29760000 a0nc_any=1.0000 a0nc_q=1.000 a0c_any=1.0000 a0c_q=1.000 a1nc_any=0.9989 a1nc_q=1.000 a1c_any=1.0000 a1c_q=1.000
  mpx-135 traj: trials=29880000 wall=175462s knowledge=0.9989 reliable=526 spec=8.00 pop=2929
  mpx-135 diag: trials=29880000 micro=7665 pop_spec=10.99 spec_max=29 q_mean=0.624 q_max=1.000 q_above_half=1992 marked=0.247 mark_density=0.924 exp_mean=7465.1 addr_spec=4.574 addr_random=0.570 addr_full=0.1898 correct=511
  mpx-135 cover: trials=29880000 overall=0.9989 a0_nochange=1.0000 a0_change=1.0000 a1_nochange=0.9957 a1_change=1.0000 matched_but_wrong=0
  mpx-135 qdetail: trials=29880000 a0nc_any=1.0000 a0nc_q=1.000 a0c_any=1.0000 a0c_q=1.000 a1nc_any=0.9980 a1nc_q=1.000 a1c_any=1.0000 a1c_q=1.000
  mpx-135 traj: trials=30000000 wall=175522s knowledge=0.9989 reliable=529 spec=8.00 pop=2967
  mpx-135 diag: trials=30000000 micro=7783 pop_spec=10.91 spec_max=29 q_mean=0.623 q_max=1.000 q_above_half=1992 marked=0.248 mark_density=0.925 exp_mean=7409.9 addr_spec=4.591 addr_random=0.566 addr_full=0.1830 correct=511
  mpx-135 cover: trials=30000000 overall=0.9989 a0_nochange=1.0000 a0_change=1.0000 a1_nochange=0.9957 a1_change=1.0000 matched_but_wrong=0
  mpx-135 qdetail: trials=30000000 a0nc_any=1.0000 a0nc_q=1.000 a0c_any=1.0000 a0c_q=1.000 a1nc_any=0.9996 a1nc_q=1.000 a1c_any=1.0000 a1c_q=1.000
  mpx-135 traj: trials=30120000 wall=175581s knowledge=0.9993 reliable=533 spec=8.00 pop=2905
  mpx-135 diag: trials=30120000 micro=7681 pop_spec=10.98 spec_max=29 q_mean=0.626 q_max=1.000 q_above_half=1973 marked=0.252 mark_density=0.926 exp_mean=7609.5 addr_spec=4.599 addr_random=0.569 addr_full=0.1855 correct=511
  mpx-135 cover: trials=30120000 overall=0.9993 a0_nochange=1.0000 a0_change=1.0000 a1_nochange=0.9974 a1_change=1.0000 matched_but_wrong=0
  mpx-135 qdetail: trials=30120000 a0nc_any=1.0000 a0nc_q=1.000 a0c_any=1.0000 a0c_q=1.000 a1nc_any=1.0000 a1nc_q=1.000 a1c_any=1.0000 a1c_q=1.000
  mpx-135 traj: trials=30240000 wall=175641s knowledge=0.9993 reliable=536 spec=8.00 pop=2877
  mpx-135 diag: trials=30240000 micro=7662 pop_spec=11.03 spec_max=29 q_mean=0.631 q_max=1.000 q_above_half=2009 marked=0.254 mark_density=0.925 exp_mean=7725.5 addr_spec=4.649 addr_random=0.572 addr_full=0.1915 correct=511
  mpx-135 cover: trials=30240000 overall=0.9993 a0_nochange=1.0000 a0_change=1.0000 a1_nochange=0.9974 a1_change=1.0000 matched_but_wrong=0
  mpx-135 qdetail: trials=30240000 a0nc_any=1.0000 a0nc_q=1.000 a0c_any=1.0000 a0c_q=1.000 a1nc_any=0.9998 a1nc_q=1.000 a1c_any=1.0000 a1c_q=1.000
  mpx-135 traj: trials=30360000 wall=175700s knowledge=0.9988 reliable=526 spec=8.00 pop=2894
  mpx-135 diag: trials=30360000 micro=7623 pop_spec=10.95 spec_max=29 q_mean=0.627 q_max=1.000 q_above_half=1983 marked=0.240 mark_density=0.924 exp_mean=7721.2 addr_spec=4.604 addr_random=0.568 addr_full=0.1883 correct=511
  mpx-135 cover: trials=30360000 overall=0.9988 a0_nochange=1.0000 a0_change=1.0000 a1_nochange=0.9953 a1_change=1.0000 matched_but_wrong=0
  mpx-135 qdetail: trials=30360000 a0nc_any=1.0000 a0nc_q=1.000 a0c_any=1.0000 a0c_q=1.000 a1nc_any=0.9990 a1nc_q=1.000 a1c_any=1.0000 a1c_q=1.000
  mpx-135 traj: trials=30480000 wall=175761s knowledge=0.9988 reliable=543 spec=8.00 pop=2981
  mpx-135 diag: trials=30480000 micro=7775 pop_spec=10.82 spec_max=29 q_mean=0.627 q_max=1.000 q_above_half=2035 marked=0.249 mark_density=0.926 exp_mean=7536.5 addr_spec=4.647 addr_random=0.561 addr_full=0.1879 correct=511
  mpx-135 cover: trials=30480000 overall=0.9988 a0_nochange=1.0000 a0_change=1.0000 a1_nochange=0.9953 a1_change=1.0000 matched_but_wrong=0
  mpx-135 qdetail: trials=30480000 a0nc_any=1.0000 a0nc_q=1.000 a0c_any=1.0000 a0c_q=1.000 a1nc_any=1.0000 a1nc_q=1.000 a1c_any=1.0000 a1c_q=1.000
  mpx-135 traj: trials=30600000 wall=175820s knowledge=0.9988 reliable=531 spec=8.00 pop=2860
  mpx-135 diag: trials=30600000 micro=7684 pop_spec=10.93 spec_max=29 q_mean=0.627 q_max=1.000 q_above_half=1969 marked=0.243 mark_density=0.926 exp_mean=7896.9 addr_spec=4.632 addr_random=0.567 addr_full=0.1930 correct=511
  mpx-135 cover: trials=30600000 overall=0.9988 a0_nochange=1.0000 a0_change=1.0000 a1_nochange=0.9953 a1_change=1.0000 matched_but_wrong=0
  mpx-135 qdetail: trials=30600000 a0nc_any=1.0000 a0nc_q=1.000 a0c_any=1.0000 a0c_q=1.000 a1nc_any=0.9980 a1nc_q=1.000 a1c_any=1.0000 a1c_q=1.000
  mpx-135 traj: trials=30720000 wall=175879s knowledge=0.9979 reliable=537 spec=8.00 pop=2981
  mpx-135 diag: trials=30720000 micro=7767 pop_spec=10.81 spec_max=29 q_mean=0.628 q_max=1.000 q_above_half=2041 marked=0.261 mark_density=0.927 exp_mean=7604.8 addr_spec=4.664 addr_random=0.561 addr_full=0.1875 correct=510
  mpx-135 cover: trials=30720000 overall=0.9979 a0_nochange=1.0000 a0_change=1.0000 a1_nochange=0.9917 a1_change=1.0000 matched_but_wrong=0
  mpx-135 qdetail: trials=30720000 a0nc_any=1.0000 a0nc_q=1.000 a0c_any=1.0000 a0c_q=1.000 a1nc_any=0.9986 a1nc_q=1.000 a1c_any=1.0000 a1c_q=1.000
  mpx-135 traj: trials=30840000 wall=175938s knowledge=0.9979 reliable=525 spec=8.00 pop=2872
  mpx-135 diag: trials=30840000 micro=7677 pop_spec=10.92 spec_max=29 q_mean=0.627 q_max=1.000 q_above_half=1944 marked=0.247 mark_density=0.925 exp_mean=7934.4 addr_spec=4.653 addr_random=0.566 addr_full=0.1943 correct=510
  mpx-135 cover: trials=30840000 overall=0.9979 a0_nochange=1.0000 a0_change=1.0000 a1_nochange=0.9917 a1_change=1.0000 matched_but_wrong=0
  mpx-135 qdetail: trials=30840000 a0nc_any=1.0000 a0nc_q=1.000 a0c_any=1.0000 a0c_q=1.000 a1nc_any=0.9953 a1nc_q=1.000 a1c_any=1.0000 a1c_q=1.000
  mpx-135 traj: trials=30960000 wall=175998s knowledge=0.9979 reliable=532 spec=8.00 pop=2962
  mpx-135 diag: trials=30960000 micro=7746 pop_spec=10.77 spec_max=29 q_mean=0.624 q_max=1.000 q_above_half=2001 marked=0.260 mark_density=0.927 exp_mean=7734.2 addr_spec=4.640 addr_random=0.559 addr_full=0.1853 correct=510
  mpx-135 cover: trials=30960000 overall=0.9979 a0_nochange=1.0000 a0_change=1.0000 a1_nochange=0.9917 a1_change=1.0000 matched_but_wrong=0
  mpx-135 qdetail: trials=30960000 a0nc_any=1.0000 a0nc_q=1.000 a0c_any=1.0000 a0c_q=1.000 a1nc_any=0.9991 a1nc_q=1.000 a1c_any=1.0000 a1c_q=1.000
  mpx-135 traj: trials=31080000 wall=176057s knowledge=0.9979 reliable=529 spec=8.00 pop=2923
  mpx-135 diag: trials=31080000 micro=7699 pop_spec=10.80 spec_max=29 q_mean=0.627 q_max=1.000 q_above_half=1990 marked=0.261 mark_density=0.927 exp_mean=7878.2 addr_spec=4.655 addr_random=0.560 addr_full=0.1858 correct=510
  mpx-135 cover: trials=31080000 overall=0.9979 a0_nochange=1.0000 a0_change=1.0000 a1_nochange=0.9917 a1_change=1.0000 matched_but_wrong=0
  mpx-135 qdetail: trials=31080000 a0nc_any=1.0000 a0nc_q=1.000 a0c_any=1.0000 a0c_q=1.000 a1nc_any=0.9950 a1nc_q=1.000 a1c_any=1.0000 a1c_q=1.000
  mpx-135 traj: trials=31200000 wall=176117s knowledge=0.9979 reliable=523 spec=8.00 pop=2886
  mpx-135 diag: trials=31200000 micro=7638 pop_spec=10.84 spec_max=29 q_mean=0.628 q_max=1.000 q_above_half=2009 marked=0.245 mark_density=0.925 exp_mean=8020.3 addr_spec=4.666 addr_random=0.562 addr_full=0.1916 correct=510
  mpx-135 cover: trials=31200000 overall=0.9979 a0_nochange=1.0000 a0_change=1.0000 a1_nochange=0.9917 a1_change=1.0000 matched_but_wrong=0
  mpx-135 qdetail: trials=31200000 a0nc_any=1.0000 a0nc_q=1.000 a0c_any=1.0000 a0c_q=1.000 a1nc_any=1.0000 a1nc_q=1.000 a1c_any=1.0000 a1c_q=1.000
  mpx-135 traj: trials=31320000 wall=176176s knowledge=0.9979 reliable=534 spec=8.00 pop=2867
  mpx-135 diag: trials=31320000 micro=7629 pop_spec=10.87 spec_max=29 q_mean=0.631 q_max=1.000 q_above_half=1983 marked=0.256 mark_density=0.925 exp_mean=8115.7 addr_spec=4.646 addr_random=0.564 addr_full=0.1880 correct=510
  mpx-135 cover: trials=31320000 overall=0.9979 a0_nochange=1.0000 a0_change=1.0000 a1_nochange=0.9917 a1_change=1.0000 matched_but_wrong=0
  mpx-135 qdetail: trials=31320000 a0nc_any=1.0000 a0nc_q=1.000 a0c_any=1.0000 a0c_q=1.000 a1nc_any=1.0000 a1nc_q=1.000 a1c_any=1.0000 a1c_q=1.000
  mpx-135 traj: trials=31440000 wall=176235s knowledge=0.9984 reliable=532 spec=8.00 pop=2818
  mpx-135 diag: trials=31440000 micro=7543 pop_spec=10.87 spec_max=29 q_mean=0.633 q_max=1.000 q_above_half=1940 marked=0.254 mark_density=0.926 exp_mean=8299.3 addr_spec=4.616 addr_random=0.564 addr_full=0.1899 correct=510
  mpx-135 cover: trials=31440000 overall=0.9984 a0_nochange=1.0000 a0_change=1.0000 a1_nochange=0.9935 a1_change=1.0000 matched_but_wrong=0
  mpx-135 qdetail: trials=31440000 a0nc_any=1.0000 a0nc_q=1.000 a0c_any=1.0000 a0c_q=1.000 a1nc_any=0.9994 a1nc_q=1.000 a1c_any=1.0000 a1c_q=1.000
  mpx-135 traj: trials=31560000 wall=176294s knowledge=0.9984 reliable=526 spec=8.00 pop=2858
  mpx-135 diag: trials=31560000 micro=7607 pop_spec=10.82 spec_max=29 q_mean=0.630 q_max=1.000 q_above_half=1978 marked=0.247 mark_density=0.925 exp_mean=8224.9 addr_spec=4.649 addr_random=0.561 addr_full=0.1952 correct=510
  mpx-135 cover: trials=31560000 overall=0.9984 a0_nochange=1.0000 a0_change=1.0000 a1_nochange=0.9935 a1_change=1.0000 matched_but_wrong=0
  mpx-135 qdetail: trials=31560000 a0nc_any=1.0000 a0nc_q=1.000 a0c_any=1.0000 a0c_q=1.000 a1nc_any=0.9990 a1nc_q=1.000 a1c_any=1.0000 a1c_q=1.000
  mpx-135 traj: trials=31680000 wall=176352s knowledge=0.9979 reliable=530 spec=8.00 pop=2921
  mpx-135 diag: trials=31680000 micro=7640 pop_spec=10.76 spec_max=29 q_mean=0.628 q_max=1.000 q_above_half=1990 marked=0.242 mark_density=0.925 exp_mean=8088.8 addr_spec=4.675 addr_random=0.558 addr_full=0.1893 correct=510
  mpx-135 cover: trials=31680000 overall=0.9979 a0_nochange=1.0000 a0_change=1.0000 a1_nochange=0.9917 a1_change=1.0000 matched_but_wrong=0
  mpx-135 qdetail: trials=31680000 a0nc_any=1.0000 a0nc_q=1.000 a0c_any=1.0000 a0c_q=1.000 a1nc_any=0.9964 a1nc_q=1.000 a1c_any=1.0000 a1c_q=1.000
  mpx-135 traj: trials=31800000 wall=176409s knowledge=0.9979 reliable=530 spec=8.00 pop=2867
  mpx-135 diag: trials=31800000 micro=7655 pop_spec=10.76 spec_max=29 q_mean=0.625 q_max=1.000 q_above_half=1931 marked=0.242 mark_density=0.925 exp_mean=8282.8 addr_spec=4.680 addr_random=0.558 addr_full=0.1936 correct=510
  mpx-135 cover: trials=31800000 overall=0.9979 a0_nochange=1.0000 a0_change=1.0000 a1_nochange=0.9917 a1_change=1.0000 matched_but_wrong=0
  mpx-135 qdetail: trials=31800000 a0nc_any=1.0000 a0nc_q=1.000 a0c_any=1.0000 a0c_q=1.000 a1nc_any=0.9975 a1nc_q=1.000 a1c_any=1.0000 a1c_q=1.000
  mpx-135 traj: trials=31920000 wall=176466s knowledge=0.9979 reliable=528 spec=8.00 pop=2856
  mpx-135 diag: trials=31920000 micro=7655 pop_spec=10.74 spec_max=29 q_mean=0.628 q_max=1.000 q_above_half=1967 marked=0.253 mark_density=0.926 exp_mean=8356.5 addr_spec=4.678 addr_random=0.557 addr_full=0.1880 correct=510
  mpx-135 cover: trials=31920000 overall=0.9979 a0_nochange=1.0000 a0_change=1.0000 a1_nochange=0.9917 a1_change=1.0000 matched_but_wrong=0
  mpx-135 qdetail: trials=31920000 a0nc_any=1.0000 a0nc_q=1.000 a0c_any=1.0000 a0c_q=1.000 a1nc_any=1.0000 a1nc_q=1.000 a1c_any=1.0000 a1c_q=1.000
  mpx-135 traj: trials=32040000 wall=176523s knowledge=0.9979 reliable=527 spec=8.00 pop=2848
  mpx-135 diag: trials=32040000 micro=7672 pop_spec=10.76 spec_max=29 q_mean=0.629 q_max=1.000 q_above_half=1933 marked=0.253 mark_density=0.926 exp_mean=8421.9 addr_spec=4.679 addr_random=0.558 addr_full=0.1931 correct=510
  mpx-135 cover: trials=32040000 overall=0.9979 a0_nochange=1.0000 a0_change=1.0000 a1_nochange=0.9917 a1_change=1.0000 matched_but_wrong=0
  mpx-135 qdetail: trials=32040000 a0nc_any=1.0000 a0nc_q=1.000 a0c_any=1.0000 a0c_q=1.000 a1nc_any=0.9995 a1nc_q=1.000 a1c_any=1.0000 a1c_q=1.000
  mpx-135 traj: trials=32160000 wall=176580s knowledge=0.9979 reliable=532 spec=8.00 pop=2836
  mpx-135 diag: trials=32160000 micro=7667 pop_spec=10.75 spec_max=29 q_mean=0.632 q_max=1.000 q_above_half=1983 marked=0.244 mark_density=0.925 exp_mean=8499.9 addr_spec=4.635 addr_random=0.557 addr_full=0.1886 correct=510
  mpx-135 cover: trials=32160000 overall=0.9979 a0_nochange=1.0000 a0_change=1.0000 a1_nochange=0.9917 a1_change=1.0000 matched_but_wrong=0
  mpx-135 qdetail: trials=32160000 a0nc_any=1.0000 a0nc_q=1.000 a0c_any=1.0000 a0c_q=1.000 a1nc_any=1.0000 a1nc_q=1.000 a1c_any=1.0000 a1c_q=1.000
  mpx-135 traj: trials=32280000 wall=176638s knowledge=0.9979 reliable=537 spec=8.00 pop=2850
  mpx-135 diag: trials=32280000 micro=7616 pop_spec=10.68 spec_max=29 q_mean=0.633 q_max=1.000 q_above_half=1921 marked=0.266 mark_density=0.927 exp_mean=8500.8 addr_spec=4.667 addr_random=0.554 addr_full=0.1937 correct=510
  mpx-135 cover: trials=32280000 overall=0.9979 a0_nochange=1.0000 a0_change=1.0000 a1_nochange=0.9917 a1_change=1.0000 matched_but_wrong=0
  mpx-135 qdetail: trials=32280000 a0nc_any=1.0000 a0nc_q=1.000 a0c_any=1.0000 a0c_q=1.000 a1nc_any=1.0000 a1nc_q=1.000 a1c_any=1.0000 a1c_q=1.000
  mpx-135 traj: trials=32400000 wall=176695s knowledge=0.9987 reliable=542 spec=8.00 pop=2906
  mpx-135 diag: trials=32400000 micro=7675 pop_spec=10.61 spec_max=29 q_mean=0.629 q_max=1.000 q_above_half=1954 marked=0.251 mark_density=0.926 exp_mean=8378.1 addr_spec=4.693 addr_random=0.550 addr_full=0.1865 correct=510
  mpx-135 cover: trials=32400000 overall=0.9987 a0_nochange=1.0000 a0_change=1.0000 a1_nochange=0.9948 a1_change=1.0000 matched_but_wrong=0
  mpx-135 qdetail: trials=32400000 a0nc_any=1.0000 a0nc_q=1.000 a0c_any=1.0000 a0c_q=1.000 a1nc_any=0.9989 a1nc_q=1.000 a1c_any=1.0000 a1c_q=1.000
  mpx-135 traj: trials=32520000 wall=176753s knowledge=0.9986 reliable=535 spec=8.00 pop=2871
  mpx-135 diag: trials=32520000 micro=7640 pop_spec=10.62 spec_max=29 q_mean=0.627 q_max=1.000 q_above_half=1944 marked=0.264 mark_density=0.927 exp_mean=8521.8 addr_spec=4.690 addr_random=0.550 addr_full=0.1902 correct=510
  mpx-135 cover: trials=32520000 overall=0.9986 a0_nochange=1.0000 a0_change=1.0000 a1_nochange=0.9943 a1_change=1.0000 matched_but_wrong=0
  mpx-135 qdetail: trials=32520000 a0nc_any=1.0000 a0nc_q=1.000 a0c_any=1.0000 a0c_q=1.000 a1nc_any=0.9976 a1nc_q=1.000 a1c_any=1.0000 a1c_q=1.000
  mpx-135 traj: trials=32640000 wall=176811s knowledge=0.9986 reliable=531 spec=8.00 pop=2840
  mpx-135 diag: trials=32640000 micro=7612 pop_spec=10.65 spec_max=29 q_mean=0.628 q_max=1.000 q_above_half=1922 marked=0.255 mark_density=0.927 exp_mean=8656.9 addr_spec=4.712 addr_random=0.552 addr_full=0.1937 correct=510
  mpx-135 cover: trials=32640000 overall=0.9986 a0_nochange=1.0000 a0_change=1.0000 a1_nochange=0.9943 a1_change=1.0000 matched_but_wrong=0
  mpx-135 qdetail: trials=32640000 a0nc_any=1.0000 a0nc_q=1.000 a0c_any=1.0000 a0c_q=1.000 a1nc_any=1.0000 a1nc_q=1.000 a1c_any=1.0000 a1c_q=1.000
  mpx-135 traj: trials=32760000 wall=176869s knowledge=0.9986 reliable=533 spec=8.00 pop=2908
  mpx-135 diag: trials=32760000 micro=7631 pop_spec=10.59 spec_max=29 q_mean=0.627 q_max=1.000 q_above_half=1941 marked=0.259 mark_density=0.927 exp_mean=8495.8 addr_spec=4.716 addr_random=0.549 addr_full=0.1878 correct=510
  mpx-135 cover: trials=32760000 overall=0.9986 a0_nochange=1.0000 a0_change=1.0000 a1_nochange=0.9943 a1_change=1.0000 matched_but_wrong=0
  mpx-135 qdetail: trials=32760000 a0nc_any=1.0000 a0nc_q=1.000 a0c_any=1.0000 a0c_q=1.000 a1nc_any=0.9976 a1nc_q=1.000 a1c_any=1.0000 a1c_q=1.000
  mpx-135 traj: trials=32880000 wall=176927s knowledge=0.9979 reliable=531 spec=8.00 pop=2877
  mpx-135 diag: trials=32880000 micro=7603 pop_spec=10.58 spec_max=29 q_mean=0.629 q_max=1.000 q_above_half=1958 marked=0.259 mark_density=0.927 exp_mean=8628.5 addr_spec=4.667 addr_random=0.549 addr_full=0.1891 correct=510
  mpx-135 cover: trials=32880000 overall=0.9979 a0_nochange=1.0000 a0_change=1.0000 a1_nochange=0.9917 a1_change=1.0000 matched_but_wrong=0
  mpx-135 qdetail: trials=32880000 a0nc_any=1.0000 a0nc_q=1.000 a0c_any=1.0000 a0c_q=1.000 a1nc_any=1.0000 a1nc_q=1.000 a1c_any=1.0000 a1c_q=1.000
  mpx-135 traj: trials=33000000 wall=176985s knowledge=0.9979 reliable=543 spec=8.00 pop=2835
  mpx-135 diag: trials=33000000 micro=7539 pop_spec=10.65 spec_max=29 q_mean=0.633 q_max=1.000 q_above_half=1942 marked=0.251 mark_density=0.926 exp_mean=8799.4 addr_spec=4.708 addr_random=0.552 addr_full=0.1922 correct=510
  mpx-135 cover: trials=33000000 overall=0.9979 a0_nochange=1.0000 a0_change=1.0000 a1_nochange=0.9917 a1_change=1.0000 matched_but_wrong=0
  mpx-135 qdetail: trials=33000000 a0nc_any=1.0000 a0nc_q=1.000 a0c_any=1.0000 a0c_q=1.000 a1nc_any=0.9977 a1nc_q=1.000 a1c_any=1.0000 a1c_q=1.000
  mpx-135 traj: trials=33120000 wall=177043s knowledge=0.9979 reliable=535 spec=8.00 pop=2819
  mpx-135 diag: trials=33120000 micro=7628 pop_spec=10.65 spec_max=29 q_mean=0.629 q_max=1.000 q_above_half=1919 marked=0.247 mark_density=0.926 exp_mean=8891.3 addr_spec=4.663 addr_random=0.552 addr_full=0.1898 correct=510
  mpx-135 cover: trials=33120000 overall=0.9979 a0_nochange=1.0000 a0_change=1.0000 a1_nochange=0.9917 a1_change=1.0000 matched_but_wrong=0
  mpx-135 qdetail: trials=33120000 a0nc_any=1.0000 a0nc_q=1.000 a0c_any=1.0000 a0c_q=1.000 a1nc_any=0.9989 a1nc_q=1.000 a1c_any=1.0000 a1c_q=1.000
  mpx-135 traj: trials=33240000 wall=177100s knowledge=0.9984 reliable=522 spec=8.00 pop=2893
  mpx-135 diag: trials=33240000 micro=7676 pop_spec=10.53 spec_max=29 q_mean=0.632 q_max=1.000 q_above_half=1973 marked=0.268 mark_density=0.928 exp_mean=8705.0 addr_spec=4.709 addr_random=0.546 addr_full=0.1870 correct=510
  mpx-135 cover: trials=33240000 overall=0.9984 a0_nochange=1.0000 a0_change=1.0000 a1_nochange=0.9935 a1_change=1.0000 matched_but_wrong=0
  mpx-135 qdetail: trials=33240000 a0nc_any=1.0000 a0nc_q=1.000 a0c_any=1.0000 a0c_q=1.000 a1nc_any=0.9996 a1nc_q=1.000 a1c_any=1.0000 a1c_q=1.000
  mpx-135 traj: trials=33360000 wall=177158s knowledge=0.9979 reliable=530 spec=8.00 pop=2859
  mpx-135 diag: trials=33360000 micro=7611 pop_spec=10.58 spec_max=29 q_mean=0.630 q_max=1.000 q_above_half=1974 marked=0.258 mark_density=0.927 exp_mean=8850.5 addr_spec=4.728 addr_random=0.548 addr_full=0.1927 correct=510
  mpx-135 cover: trials=33360000 overall=0.9979 a0_nochange=1.0000 a0_change=1.0000 a1_nochange=0.9917 a1_change=1.0000 matched_but_wrong=0
  mpx-135 qdetail: trials=33360000 a0nc_any=1.0000 a0nc_q=1.000 a0c_any=1.0000 a0c_q=1.000 a1nc_any=0.9995 a1nc_q=1.000 a1c_any=1.0000 a1c_q=1.000
  mpx-135 traj: trials=33480000 wall=177215s knowledge=0.9983 reliable=528 spec=8.00 pop=2821
  mpx-135 diag: trials=33480000 micro=7588 pop_spec=10.59 spec_max=29 q_mean=0.630 q_max=1.000 q_above_half=1958 marked=0.272 mark_density=0.928 exp_mean=9012.1 addr_spec=4.657 addr_random=0.549 addr_full=0.1943 correct=510
  mpx-135 cover: trials=33480000 overall=0.9983 a0_nochange=1.0000 a0_change=1.0000 a1_nochange=0.9933 a1_change=1.0000 matched_but_wrong=0
  mpx-135 qdetail: trials=33480000 a0nc_any=1.0000 a0nc_q=1.000 a0c_any=1.0000 a0c_q=1.000 a1nc_any=0.9984 a1nc_q=1.000 a1c_any=1.0000 a1c_q=1.000
  mpx-135 traj: trials=33600000 wall=177271s knowledge=0.9979 reliable=526 spec=8.00 pop=2824
  mpx-135 diag: trials=33600000 micro=7629 pop_spec=10.58 spec_max=29 q_mean=0.633 q_max=1.000 q_above_half=1971 marked=0.260 mark_density=0.928 exp_mean=9045.1 addr_spec=4.693 addr_random=0.548 addr_full=0.1937 correct=510
  mpx-135 cover: trials=33600000 overall=0.9979 a0_nochange=1.0000 a0_change=1.0000 a1_nochange=0.9917 a1_change=1.0000 matched_but_wrong=0
  mpx-135 qdetail: trials=33600000 a0nc_any=1.0000 a0nc_q=1.000 a0c_any=1.0000 a0c_q=1.000 a1nc_any=0.9982 a1nc_q=1.000 a1c_any=1.0000 a1c_q=1.000
  mpx-135 traj: trials=33720000 wall=177328s knowledge=0.9979 reliable=531 spec=8.00 pop=2861
  mpx-135 diag: trials=33720000 micro=7644 pop_spec=10.54 spec_max=29 q_mean=0.633 q_max=1.000 q_above_half=1987 marked=0.258 mark_density=0.928 exp_mean=8970.5 addr_spec=4.664 addr_random=0.547 addr_full=0.1943 correct=510
  mpx-135 cover: trials=33720000 overall=0.9979 a0_nochange=1.0000 a0_change=1.0000 a1_nochange=0.9917 a1_change=1.0000 matched_but_wrong=0
  mpx-135 qdetail: trials=33720000 a0nc_any=1.0000 a0nc_q=1.000 a0c_any=1.0000 a0c_q=1.000 a1nc_any=0.9973 a1nc_q=1.000 a1c_any=1.0000 a1c_q=1.000
  mpx-135 traj: trials=33840000 wall=177386s knowledge=0.9979 reliable=532 spec=8.00 pop=2784
  mpx-135 diag: trials=33840000 micro=7614 pop_spec=10.62 spec_max=29 q_mean=0.630 q_max=1.000 q_above_half=1885 marked=0.249 mark_density=0.926 exp_mean=9261.2 addr_spec=4.724 addr_random=0.551 addr_full=0.1961 correct=510
  mpx-135 cover: trials=33840000 overall=0.9979 a0_nochange=1.0000 a0_change=1.0000 a1_nochange=0.9917 a1_change=1.0000 matched_but_wrong=0
  mpx-135 qdetail: trials=33840000 a0nc_any=1.0000 a0nc_q=1.000 a0c_any=1.0000 a0c_q=1.000 a1nc_any=0.9974 a1nc_q=1.000 a1c_any=1.0000 a1c_q=1.000
  mpx-135 traj: trials=33960000 wall=177443s knowledge=0.9979 reliable=538 spec=8.00 pop=2854
  mpx-135 diag: trials=33960000 micro=7651 pop_spec=10.49 spec_max=29 q_mean=0.631 q_max=1.000 q_above_half=1981 marked=0.243 mark_density=0.926 exp_mean=9076.1 addr_spec=4.693 addr_random=0.544 addr_full=0.1917 correct=510
  mpx-135 cover: trials=33960000 overall=0.9979 a0_nochange=1.0000 a0_change=1.0000 a1_nochange=0.9917 a1_change=1.0000 matched_but_wrong=0
  mpx-135 qdetail: trials=33960000 a0nc_any=1.0000 a0nc_q=1.000 a0c_any=1.0000 a0c_q=1.000 a1nc_any=0.9978 a1nc_q=1.000 a1c_any=1.0000 a1c_q=1.000
  mpx-135 traj: trials=34080000 wall=177501s knowledge=0.9982 reliable=538 spec=8.00 pop=2910
  mpx-135 diag: trials=34080000 micro=7676 pop_spec=10.43 spec_max=29 q_mean=0.627 q_max=1.000 q_above_half=1959 marked=0.267 mark_density=0.929 exp_mean=8942.9 addr_spec=4.739 addr_random=0.541 addr_full=0.1911 correct=510
  mpx-135 cover: trials=34080000 overall=0.9982 a0_nochange=1.0000 a0_change=1.0000 a1_nochange=0.9928 a1_change=1.0000 matched_but_wrong=0
  mpx-135 qdetail: trials=34080000 a0nc_any=1.0000 a0nc_q=1.000 a0c_any=1.0000 a0c_q=1.000 a1nc_any=0.9991 a1nc_q=1.000 a1c_any=1.0000 a1c_q=1.000
  mpx-135 traj: trials=34200000 wall=177559s knowledge=0.9982 reliable=534 spec=8.00 pop=2899
  mpx-135 diag: trials=34200000 micro=7605 pop_spec=10.45 spec_max=29 q_mean=0.629 q_max=1.000 q_above_half=1966 marked=0.267 mark_density=0.929 exp_mean=9017.9 addr_spec=4.721 addr_random=0.542 addr_full=0.1852 correct=510
  mpx-135 cover: trials=34200000 overall=0.9982 a0_nochange=1.0000 a0_change=1.0000 a1_nochange=0.9928 a1_change=1.0000 matched_but_wrong=0
  mpx-135 qdetail: trials=34200000 a0nc_any=1.0000 a0nc_q=1.000 a0c_any=1.0000 a0c_q=1.000 a1nc_any=0.9996 a1nc_q=1.000 a1c_any=1.0000 a1c_q=1.000
  mpx-135 traj: trials=34320000 wall=177617s knowledge=0.9982 reliable=534 spec=8.00 pop=2801
  mpx-135 diag: trials=34320000 micro=7593 pop_spec=10.54 spec_max=29 q_mean=0.633 q_max=1.000 q_above_half=1949 marked=0.248 mark_density=0.927 exp_mean=9376.2 addr_spec=4.744 addr_random=0.546 addr_full=0.1971 correct=510
  mpx-135 cover: trials=34320000 overall=0.9982 a0_nochange=1.0000 a0_change=1.0000 a1_nochange=0.9930 a1_change=1.0000 matched_but_wrong=0
  mpx-135 qdetail: trials=34320000 a0nc_any=1.0000 a0nc_q=1.000 a0c_any=1.0000 a0c_q=1.000 a1nc_any=0.9987 a1nc_q=1.000 a1c_any=1.0000 a1c_q=1.000
  mpx-135 traj: trials=34440000 wall=177674s knowledge=0.9991 reliable=531 spec=8.00 pop=2719
  mpx-135 diag: trials=34440000 micro=7508 pop_spec=10.55 spec_max=29 q_mean=0.634 q_max=1.000 q_above_half=1861 marked=0.246 mark_density=0.927 exp_mean=9702.8 addr_spec=4.644 addr_random=0.547 addr_full=0.1960 correct=511
  mpx-135 cover: trials=34440000 overall=0.9991 a0_nochange=1.0000 a0_change=1.0000 a1_nochange=0.9964 a1_change=1.0000 matched_but_wrong=0
  mpx-135 qdetail: trials=34440000 a0nc_any=1.0000 a0nc_q=1.000 a0c_any=1.0000 a0c_q=1.000 a1nc_any=0.9993 a1nc_q=1.000 a1c_any=1.0000 a1c_q=1.000
  mpx-135 traj: trials=34560000 wall=177732s knowledge=0.9991 reliable=523 spec=8.00 pop=2789
  mpx-135 diag: trials=34560000 micro=7529 pop_spec=10.49 spec_max=29 q_mean=0.633 q_max=1.000 q_above_half=1976 marked=0.262 mark_density=0.928 exp_mean=9502.2 addr_spec=4.712 addr_random=0.544 addr_full=0.2004 correct=511
  mpx-135 cover: trials=34560000 overall=0.9991 a0_nochange=1.0000 a0_change=1.0000 a1_nochange=0.9964 a1_change=1.0000 matched_but_wrong=0
  mpx-135 qdetail: trials=34560000 a0nc_any=1.0000 a0nc_q=1.000 a0c_any=1.0000 a0c_q=1.000 a1nc_any=0.9987 a1nc_q=1.000 a1c_any=1.0000 a1c_q=1.000
  mpx-135 traj: trials=34680000 wall=177789s knowledge=0.9979 reliable=523 spec=8.00 pop=2775
  mpx-135 diag: trials=34680000 micro=7539 pop_spec=10.47 spec_max=29 q_mean=0.626 q_max=1.000 q_above_half=1832 marked=0.261 mark_density=0.929 exp_mean=9592.9 addr_spec=4.675 addr_random=0.543 addr_full=0.1942 correct=510
  mpx-135 cover: trials=34680000 overall=0.9979 a0_nochange=1.0000 a0_change=1.0000 a1_nochange=0.9917 a1_change=1.0000 matched_but_wrong=0
  mpx-135 qdetail: trials=34680000 a0nc_any=1.0000 a0nc_q=1.000 a0c_any=1.0000 a0c_q=1.000 a1nc_any=1.0000 a1nc_q=1.000 a1c_any=1.0000 a1c_q=1.000
  mpx-135 traj: trials=34800000 wall=177846s knowledge=0.9979 reliable=535 spec=8.00 pop=2838
  mpx-135 diag: trials=34800000 micro=7579 pop_spec=10.41 spec_max=29 q_mean=0.629 q_max=1.000 q_above_half=1902 marked=0.259 mark_density=0.929 exp_mean=9422.6 addr_spec=4.726 addr_random=0.540 addr_full=0.1885 correct=510
  mpx-135 cover: trials=34800000 overall=0.9979 a0_nochange=1.0000 a0_change=1.0000 a1_nochange=0.9917 a1_change=1.0000 matched_but_wrong=0
  mpx-135 qdetail: trials=34800000 a0nc_any=1.0000 a0nc_q=1.000 a0c_any=1.0000 a0c_q=1.000 a1nc_any=0.9983 a1nc_q=1.000 a1c_any=1.0000 a1c_q=1.000
  mpx-135 traj: trials=34920000 wall=177904s knowledge=0.9979 reliable=540 spec=8.00 pop=2817
  mpx-135 diag: trials=34920000 micro=7550 pop_spec=10.46 spec_max=29 q_mean=0.634 q_max=1.000 q_above_half=1962 marked=0.260 mark_density=0.929 exp_mean=9535.9 addr_spec=4.802 addr_random=0.542 addr_full=0.1963 correct=511
  mpx-135 cover: trials=34920000 overall=0.9979 a0_nochange=1.0000 a0_change=1.0000 a1_nochange=0.9917 a1_change=1.0000 matched_but_wrong=0
  mpx-135 qdetail: trials=34920000 a0nc_any=1.0000 a0nc_q=1.000 a0c_any=1.0000 a0c_q=1.000 a1nc_any=0.9997 a1nc_q=1.000 a1c_any=1.0000 a1c_q=1.000
  mpx-135 traj: trials=35040000 wall=177962s knowledge=0.9991 reliable=528 spec=8.00 pop=2812
  mpx-135 diag: trials=35040000 micro=7563 pop_spec=10.43 spec_max=29 q_mean=0.631 q_max=1.000 q_above_half=1945 marked=0.255 mark_density=0.929 exp_mean=9595.1 addr_spec=4.713 addr_random=0.541 addr_full=0.1942 correct=511
  mpx-135 cover: trials=35040000 overall=0.9991 a0_nochange=1.0000 a0_change=1.0000 a1_nochange=0.9964 a1_change=1.0000 matched_but_wrong=0
  mpx-135 qdetail: trials=35040000 a0nc_any=1.0000 a0nc_q=1.000 a0c_any=1.0000 a0c_q=1.000 a1nc_any=0.9989 a1nc_q=1.000 a1c_any=1.0000 a1c_q=1.000
  mpx-135 traj: trials=35160000 wall=178020s knowledge=0.9991 reliable=528 spec=8.00 pop=2841
  mpx-135 diag: trials=35160000 micro=7590 pop_spec=10.36 spec_max=29 q_mean=0.628 q_max=1.000 q_above_half=1961 marked=0.264 mark_density=0.929 exp_mean=9539.6 addr_spec=4.734 addr_random=0.537 addr_full=0.1978 correct=511
  mpx-135 cover: trials=35160000 overall=0.9991 a0_nochange=1.0000 a0_change=1.0000 a1_nochange=0.9964 a1_change=1.0000 matched_but_wrong=0
  mpx-135 qdetail: trials=35160000 a0nc_any=1.0000 a0nc_q=1.000 a0c_any=1.0000 a0c_q=1.000 a1nc_any=0.9991 a1nc_q=1.000 a1c_any=1.0000 a1c_q=1.000
  mpx-135 traj: trials=35280000 wall=178076s knowledge=0.9991 reliable=527 spec=8.00 pop=2778
  mpx-135 diag: trials=35280000 micro=7548 pop_spec=10.43 spec_max=29 q_mean=0.633 q_max=1.000 q_above_half=1902 marked=0.276 mark_density=0.930 exp_mean=9798.7 addr_spec=4.711 addr_random=0.541 addr_full=0.1958 correct=511
  mpx-135 cover: trials=35280000 overall=0.9991 a0_nochange=1.0000 a0_change=1.0000 a1_nochange=0.9964 a1_change=1.0000 matched_but_wrong=0
  mpx-135 qdetail: trials=35280000 a0nc_any=1.0000 a0nc_q=1.000 a0c_any=1.0000 a0c_q=1.000 a1nc_any=0.9991 a1nc_q=1.000 a1c_any=1.0000 a1c_q=1.000
  mpx-135 traj: trials=35400000 wall=178133s knowledge=0.9991 reliable=533 spec=8.00 pop=2781
  mpx-135 diag: trials=35400000 micro=7534 pop_spec=10.41 spec_max=29 q_mean=0.633 q_max=1.000 q_above_half=1923 marked=0.266 mark_density=0.929 exp_mean=9831.6 addr_spec=4.739 addr_random=0.540 addr_full=0.1938 correct=511
  mpx-135 cover: trials=35400000 overall=0.9991 a0_nochange=1.0000 a0_change=1.0000 a1_nochange=0.9964 a1_change=1.0000 matched_but_wrong=0
  mpx-135 qdetail: trials=35400000 a0nc_any=1.0000 a0nc_q=1.000 a0c_any=1.0000 a0c_q=1.000 a1nc_any=0.9989 a1nc_q=1.000 a1c_any=1.0000 a1c_q=1.000
  mpx-135 traj: trials=35520000 wall=178190s knowledge=0.9991 reliable=530 spec=8.00 pop=2827
  mpx-135 diag: trials=35520000 micro=7523 pop_spec=10.37 spec_max=29 q_mean=0.636 q_max=1.000 q_above_half=1988 marked=0.255 mark_density=0.929 exp_mean=9714.2 addr_spec=4.748 addr_random=0.537 addr_full=0.1889 correct=511
  mpx-135 cover: trials=35520000 overall=0.9991 a0_nochange=1.0000 a0_change=1.0000 a1_nochange=0.9964 a1_change=1.0000 matched_but_wrong=0
  mpx-135 qdetail: trials=35520000 a0nc_any=1.0000 a0nc_q=1.000 a0c_any=1.0000 a0c_q=1.000 a1nc_any=0.9995 a1nc_q=1.000 a1c_any=1.0000 a1c_q=1.000
  mpx-135 traj: trials=35640000 wall=178248s knowledge=0.9991 reliable=536 spec=8.00 pop=2834
  mpx-135 diag: trials=35640000 micro=7522 pop_spec=10.34 spec_max=29 q_mean=0.627 q_max=1.000 q_above_half=1923 marked=0.255 mark_density=0.929 exp_mean=9732.9 addr_spec=4.761 addr_random=0.536 addr_full=0.1927 correct=511
  mpx-135 cover: trials=35640000 overall=0.9991 a0_nochange=1.0000 a0_change=1.0000 a1_nochange=0.9964 a1_change=1.0000 matched_but_wrong=0
  mpx-135 qdetail: trials=35640000 a0nc_any=1.0000 a0nc_q=1.000 a0c_any=1.0000 a0c_q=1.000 a1nc_any=0.9993 a1nc_q=1.000 a1c_any=1.0000 a1c_q=1.000
  mpx-135 traj: trials=35760000 wall=178305s knowledge=0.9995 reliable=536 spec=8.00 pop=2731
  mpx-135 diag: trials=35760000 micro=7562 pop_spec=10.45 spec_max=29 q_mean=0.635 q_max=1.000 q_above_half=1860 marked=0.270 mark_density=0.929 exp_mean=10143.3 addr_spec=4.765 addr_random=0.542 addr_full=0.2003 correct=511
  mpx-135 cover: trials=35760000 overall=0.9995 a0_nochange=1.0000 a0_change=1.0000 a1_nochange=0.9982 a1_change=1.0000 matched_but_wrong=0
  mpx-135 qdetail: trials=35760000 a0nc_any=1.0000 a0nc_q=1.000 a0c_any=1.0000 a0c_q=1.000 a1nc_any=1.0000 a1nc_q=1.000 a1c_any=1.0000 a1c_q=1.000
  mpx-135 traj: trials=35880000 wall=178361s knowledge=0.9991 reliable=531 spec=8.00 pop=2781
  mpx-135 diag: trials=35880000 micro=7505 pop_spec=10.38 spec_max=29 q_mean=0.629 q_max=1.000 q_above_half=1907 marked=0.252 mark_density=0.928 exp_mean=10004.0 addr_spec=4.741 addr_random=0.538 addr_full=0.1988 correct=511
  mpx-135 cover: trials=35880000 overall=0.9991 a0_nochange=1.0000 a0_change=1.0000 a1_nochange=0.9964 a1_change=1.0000 matched_but_wrong=0
  mpx-135 qdetail: trials=35880000 a0nc_any=1.0000 a0nc_q=1.000 a0c_any=1.0000 a0c_q=1.000 a1nc_any=0.9995 a1nc_q=1.000 a1c_any=1.0000 a1c_q=1.000
  mpx-135 traj: trials=36000000 wall=178418s knowledge=0.9991 reliable=535 spec=8.00 pop=2749
  mpx-135 diag: trials=36000000 micro=7480 pop_spec=10.38 spec_max=29 q_mean=0.637 q_max=1.000 q_above_half=1933 marked=0.246 mark_density=0.928 exp_mean=10164.2 addr_spec=4.757 addr_random=0.538 addr_full=0.1983 correct=511
  mpx-135 cover: trials=36000000 overall=0.9991 a0_nochange=1.0000 a0_change=1.0000 a1_nochange=0.9964 a1_change=1.0000 matched_but_wrong=0
  mpx-135 qdetail: trials=36000000 a0nc_any=1.0000 a0nc_q=1.000 a0c_any=1.0000 a0c_q=1.000 a1nc_any=0.9986 a1nc_q=1.000 a1c_any=1.0000 a1c_q=1.000
  mpx-135 traj: trials=36120000 wall=178475s knowledge=0.9991 reliable=532 spec=8.00 pop=2777
  mpx-135 diag: trials=36120000 micro=7607 pop_spec=10.34 spec_max=29 q_mean=0.631 q_max=1.000 q_above_half=1888 marked=0.248 mark_density=0.928 exp_mean=10104.8 addr_spec=4.789 addr_random=0.536 addr_full=0.1981 correct=511
  mpx-135 cover: trials=36120000 overall=0.9991 a0_nochange=1.0000 a0_change=1.0000 a1_nochange=0.9964 a1_change=1.0000 matched_but_wrong=0
  mpx-135 qdetail: trials=36120000 a0nc_any=1.0000 a0nc_q=1.000 a0c_any=1.0000 a0c_q=1.000 a1nc_any=0.9992 a1nc_q=1.000 a1c_any=1.0000 a1c_q=1.000
  mpx-135 traj: trials=36240000 wall=178532s knowledge=0.9991 reliable=532 spec=8.00 pop=2825
  mpx-135 diag: trials=36240000 micro=7590 pop_spec=10.23 spec_max=29 q_mean=0.630 q_max=1.000 q_above_half=1960 marked=0.261 mark_density=0.930 exp_mean=9975.7 addr_spec=4.740 addr_random=0.531 addr_full=0.1958 correct=511
  mpx-135 cover: trials=36240000 overall=0.9991 a0_nochange=1.0000 a0_change=1.0000 a1_nochange=0.9964 a1_change=1.0000 matched_but_wrong=0
  mpx-135 qdetail: trials=36240000 a0nc_any=1.0000 a0nc_q=1.000 a0c_any=1.0000 a0c_q=1.000 a1nc_any=0.9988 a1nc_q=1.000 a1c_any=1.0000 a1c_q=1.000
  mpx-135 traj: trials=36360000 wall=178589s knowledge=0.9991 reliable=534 spec=8.00 pop=2759
  mpx-135 diag: trials=36360000 micro=7570 pop_spec=10.34 spec_max=29 q_mean=0.635 q_max=1.000 q_above_half=1912 marked=0.254 mark_density=0.929 exp_mean=10258.0 addr_spec=4.768 addr_random=0.536 addr_full=0.1983 correct=511
  mpx-135 cover: trials=36360000 overall=0.9991 a0_nochange=1.0000 a0_change=1.0000 a1_nochange=0.9964 a1_change=1.0000 matched_but_wrong=0
  mpx-135 qdetail: trials=36360000 a0nc_any=1.0000 a0nc_q=1.000 a0c_any=1.0000 a0c_q=1.000 a1nc_any=0.9999 a1nc_q=1.000 a1c_any=1.0000 a1c_q=1.000
  mpx-135 traj: trials=36480000 wall=178646s knowledge=0.9995 reliable=531 spec=8.00 pop=2754
  mpx-135 diag: trials=36480000 micro=7524 pop_spec=10.34 spec_max=29 q_mean=0.633 q_max=1.000 q_above_half=1895 marked=0.256 mark_density=0.929 exp_mean=10320.0 addr_spec=4.772 addr_random=0.536 addr_full=0.2019 correct=511
  mpx-135 cover: trials=36480000 overall=0.9995 a0_nochange=1.0000 a0_change=1.0000 a1_nochange=0.9981 a1_change=1.0000 matched_but_wrong=0
  mpx-135 qdetail: trials=36480000 a0nc_any=1.0000 a0nc_q=1.000 a0c_any=1.0000 a0c_q=1.000 a1nc_any=0.9997 a1nc_q=1.000 a1c_any=1.0000 a1c_q=1.000
  mpx-135 traj: trials=36600000 wall=178702s knowledge=0.9991 reliable=528 spec=8.00 pop=2824
  mpx-135 diag: trials=36600000 micro=7530 pop_spec=10.20 spec_max=29 q_mean=0.629 q_max=1.000 q_above_half=1889 marked=0.265 mark_density=0.931 exp_mean=10106.6 addr_spec=4.729 addr_random=0.529 addr_full=0.1941 correct=511
  mpx-135 cover: trials=36600000 overall=0.9991 a0_nochange=1.0000 a0_change=1.0000 a1_nochange=0.9964 a1_change=1.0000 matched_but_wrong=0
  mpx-135 qdetail: trials=36600000 a0nc_any=1.0000 a0nc_q=1.000 a0c_any=1.0000 a0c_q=1.000 a1nc_any=0.9998 a1nc_q=1.000 a1c_any=1.0000 a1c_q=1.000
  mpx-135 traj: trials=36720000 wall=178760s knowledge=0.9991 reliable=530 spec=8.00 pop=2779
  mpx-135 diag: trials=36720000 micro=7577 pop_spec=10.24 spec_max=29 q_mean=0.629 q_max=1.000 q_above_half=1893 marked=0.266 mark_density=0.930 exp_mean=10313.6 addr_spec=4.777 addr_random=0.531 addr_full=0.1972 correct=511
  mpx-135 cover: trials=36720000 overall=0.9991 a0_nochange=1.0000 a0_change=1.0000 a1_nochange=0.9964 a1_change=1.0000 matched_but_wrong=0
  mpx-135 qdetail: trials=36720000 a0nc_any=1.0000 a0nc_q=1.000 a0c_any=1.0000 a0c_q=1.000 a1nc_any=0.9977 a1nc_q=1.000 a1c_any=1.0000 a1c_q=1.000
  mpx-135 traj: trials=36840000 wall=178816s knowledge=0.9979 reliable=530 spec=8.00 pop=2785
  mpx-135 diag: trials=36840000 micro=7568 pop_spec=10.24 spec_max=29 q_mean=0.632 q_max=1.000 q_above_half=1908 marked=0.262 mark_density=0.930 exp_mean=10333.5 addr_spec=4.727 addr_random=0.531 addr_full=0.1946 correct=510
  mpx-135 cover: trials=36840000 overall=0.9979 a0_nochange=1.0000 a0_change=1.0000 a1_nochange=0.9917 a1_change=1.0000 matched_but_wrong=0
  mpx-135 qdetail: trials=36840000 a0nc_any=1.0000 a0nc_q=1.000 a0c_any=1.0000 a0c_q=1.000 a1nc_any=1.0000 a1nc_q=1.000 a1c_any=1.0000 a1c_q=1.000
  mpx-135 traj: trials=36960000 wall=178873s knowledge=0.9984 reliable=532 spec=8.00 pop=2752
  mpx-135 diag: trials=36960000 micro=7495 pop_spec=10.27 spec_max=29 q_mean=0.635 q_max=1.000 q_above_half=1902 marked=0.243 mark_density=0.929 exp_mean=10500.5 addr_spec=4.721 addr_random=0.533 addr_full=0.1995 correct=510
  mpx-135 cover: trials=36960000 overall=0.9984 a0_nochange=1.0000 a0_change=1.0000 a1_nochange=0.9937 a1_change=1.0000 matched_but_wrong=0
  mpx-135 qdetail: trials=36960000 a0nc_any=1.0000 a0nc_q=1.000 a0c_any=1.0000 a0c_q=1.000 a1nc_any=0.9998 a1nc_q=1.000 a1c_any=1.0000 a1c_q=1.000
  mpx-135 traj: trials=37080000 wall=178930s knowledge=0.9981 reliable=536 spec=8.00 pop=2816
  mpx-135 diag: trials=37080000 micro=7616 pop_spec=10.22 spec_max=29 q_mean=0.633 q_max=1.000 q_above_half=1917 marked=0.261 mark_density=0.931 exp_mean=10304.7 addr_spec=4.824 addr_random=0.530 addr_full=0.1978 correct=510
  mpx-135 cover: trials=37080000 overall=0.9981 a0_nochange=1.0000 a0_change=1.0000 a1_nochange=0.9925 a1_change=1.0000 matched_but_wrong=0
  mpx-135 qdetail: trials=37080000 a0nc_any=1.0000 a0nc_q=1.000 a0c_any=1.0000 a0c_q=1.000 a1nc_any=0.9984 a1nc_q=1.000 a1c_any=1.0000 a1c_q=1.000
  mpx-135 traj: trials=37200000 wall=178987s knowledge=0.9979 reliable=531 spec=8.00 pop=2743
  mpx-135 diag: trials=37200000 micro=7425 pop_spec=10.26 spec_max=29 q_mean=0.636 q_max=1.000 q_above_half=1918 marked=0.250 mark_density=0.929 exp_mean=10622.4 addr_spec=4.778 addr_random=0.532 addr_full=0.2001 correct=510
  mpx-135 cover: trials=37200000 overall=0.9979 a0_nochange=1.0000 a0_change=1.0000 a1_nochange=0.9917 a1_change=1.0000 matched_but_wrong=0
  mpx-135 qdetail: trials=37200000 a0nc_any=1.0000 a0nc_q=1.000 a0c_any=1.0000 a0c_q=1.000 a1nc_any=0.9991 a1nc_q=1.000 a1c_any=1.0000 a1c_q=1.000
  mpx-135 traj: trials=37320000 wall=179044s knowledge=0.9979 reliable=530 spec=8.00 pop=2801
  mpx-135 diag: trials=37320000 micro=7543 pop_spec=10.20 spec_max=29 q_mean=0.630 q_max=1.000 q_above_half=1917 marked=0.263 mark_density=0.931 exp_mean=10445.0 addr_spec=4.777 addr_random=0.529 addr_full=0.1917 correct=510
  mpx-135 cover: trials=37320000 overall=0.9979 a0_nochange=1.0000 a0_change=1.0000 a1_nochange=0.9917 a1_change=1.0000 matched_but_wrong=0
  mpx-135 qdetail: trials=37320000 a0nc_any=1.0000 a0nc_q=1.000 a0c_any=1.0000 a0c_q=1.000 a1nc_any=1.0000 a1nc_q=1.000 a1c_any=1.0000 a1c_q=1.000
  mpx-135 traj: trials=37440000 wall=179101s knowledge=0.9979 reliable=532 spec=8.00 pop=2774
  mpx-135 diag: trials=37440000 micro=7561 pop_spec=10.19 spec_max=29 q_mean=0.631 q_max=1.000 q_above_half=1891 marked=0.255 mark_density=0.931 exp_mean=10590.2 addr_spec=4.836 addr_random=0.528 addr_full=0.1997 correct=510
  mpx-135 cover: trials=37440000 overall=0.9979 a0_nochange=1.0000 a0_change=1.0000 a1_nochange=0.9917 a1_change=1.0000 matched_but_wrong=0
  mpx-135 qdetail: trials=37440000 a0nc_any=1.0000 a0nc_q=1.000 a0c_any=1.0000 a0c_q=1.000 a1nc_any=1.0000 a1nc_q=1.000 a1c_any=1.0000 a1c_q=1.000
  mpx-135 traj: trials=37560000 wall=179158s knowledge=0.9979 reliable=521 spec=8.00 pop=2745
  mpx-135 diag: trials=37560000 micro=7516 pop_spec=10.22 spec_max=29 q_mean=0.635 q_max=1.000 q_above_half=1933 marked=0.247 mark_density=0.930 exp_mean=10745.4 addr_spec=4.734 addr_random=0.530 addr_full=0.2000 correct=510
  mpx-135 cover: trials=37560000 overall=0.9979 a0_nochange=1.0000 a0_change=1.0000 a1_nochange=0.9917 a1_change=1.0000 matched_but_wrong=0
  mpx-135 qdetail: trials=37560000 a0nc_any=1.0000 a0nc_q=1.000 a0c_any=1.0000 a0c_q=1.000 a1nc_any=0.9969 a1nc_q=1.000 a1c_any=1.0000 a1c_q=1.000
  mpx-135 traj: trials=37680000 wall=179214s knowledge=0.9979 reliable=533 spec=8.00 pop=2766
  mpx-135 diag: trials=37680000 micro=7548 pop_spec=10.16 spec_max=29 q_mean=0.630 q_max=1.000 q_above_half=1886 marked=0.283 mark_density=0.933 exp_mean=10707.5 addr_spec=4.786 addr_random=0.527 addr_full=0.2014 correct=510
  mpx-135 cover: trials=37680000 overall=0.9979 a0_nochange=1.0000 a0_change=1.0000 a1_nochange=0.9917 a1_change=1.0000 matched_but_wrong=0
  mpx-135 qdetail: trials=37680000 a0nc_any=1.0000 a0nc_q=1.000 a0c_any=1.0000 a0c_q=1.000 a1nc_any=0.9997 a1nc_q=1.000 a1c_any=1.0000 a1c_q=1.000
  mpx-135 traj: trials=37800000 wall=179272s knowledge=0.9979 reliable=533 spec=8.00 pop=2801
  mpx-135 diag: trials=37800000 micro=7553 pop_spec=10.15 spec_max=29 q_mean=0.632 q_max=1.000 q_above_half=1936 marked=0.266 mark_density=0.932 exp_mean=10616.7 addr_spec=4.819 addr_random=0.526 addr_full=0.1974 correct=510
  mpx-135 cover: trials=37800000 overall=0.9979 a0_nochange=1.0000 a0_change=1.0000 a1_nochange=0.9917 a1_change=1.0000 matched_but_wrong=0
  mpx-135 qdetail: trials=37800000 a0nc_any=1.0000 a0nc_q=1.000 a0c_any=1.0000 a0c_q=1.000 a1nc_any=0.9999 a1nc_q=1.000 a1c_any=1.0000 a1c_q=1.000
  mpx-135 traj: trials=37920000 wall=179329s knowledge=0.9984 reliable=529 spec=8.00 pop=2791
  mpx-135 diag: trials=37920000 micro=7541 pop_spec=10.14 spec_max=29 q_mean=0.635 q_max=1.000 q_above_half=1979 marked=0.245 mark_density=0.930 exp_mean=10697.3 addr_spec=4.755 addr_random=0.526 addr_full=0.1981 correct=510
  mpx-135 cover: trials=37920000 overall=0.9984 a0_nochange=1.0000 a0_change=1.0000 a1_nochange=0.9934 a1_change=1.0000 matched_but_wrong=0
  mpx-135 qdetail: trials=37920000 a0nc_any=1.0000 a0nc_q=1.000 a0c_any=1.0000 a0c_q=1.000 a1nc_any=0.9981 a1nc_q=1.000 a1c_any=1.0000 a1c_q=1.000
  mpx-135 traj: trials=38040000 wall=179386s knowledge=0.9979 reliable=533 spec=8.00 pop=2773
  mpx-135 diag: trials=38040000 micro=7506 pop_spec=10.15 spec_max=29 q_mean=0.633 q_max=1.000 q_above_half=1924 marked=0.246 mark_density=0.930 exp_mean=10810.2 addr_spec=4.814 addr_random=0.526 addr_full=0.1987 correct=510
  mpx-135 cover: trials=38040000 overall=0.9979 a0_nochange=1.0000 a0_change=1.0000 a1_nochange=0.9917 a1_change=1.0000 matched_but_wrong=0
  mpx-135 qdetail: trials=38040000 a0nc_any=1.0000 a0nc_q=1.000 a0c_any=1.0000 a0c_q=1.000 a1nc_any=1.0000 a1nc_q=1.000 a1c_any=1.0000 a1c_q=1.000
  mpx-135 traj: trials=38160000 wall=179443s knowledge=0.9991 reliable=546 spec=8.00 pop=2785
  mpx-135 diag: trials=38160000 micro=7420 pop_spec=10.14 spec_max=29 q_mean=0.634 q_max=1.000 q_above_half=1933 marked=0.259 mark_density=0.931 exp_mean=10806.6 addr_spec=4.794 addr_random=0.526 addr_full=0.1964 correct=511
  mpx-135 cover: trials=38160000 overall=0.9991 a0_nochange=1.0000 a0_change=1.0000 a1_nochange=0.9964 a1_change=1.0000 matched_but_wrong=0
  mpx-135 qdetail: trials=38160000 a0nc_any=1.0000 a0nc_q=1.000 a0c_any=1.0000 a0c_q=1.000 a1nc_any=0.9986 a1nc_q=1.000 a1c_any=1.0000 a1c_q=1.000
  mpx-135 traj: trials=38280000 wall=179501s knowledge=0.9991 reliable=537 spec=8.00 pop=2736
  mpx-135 diag: trials=38280000 micro=7521 pop_spec=10.17 spec_max=29 q_mean=0.632 q_max=1.000 q_above_half=1864 marked=0.244 mark_density=0.930 exp_mean=11044.0 addr_spec=4.838 addr_random=0.527 addr_full=0.2021 correct=511
  mpx-135 cover: trials=38280000 overall=0.9991 a0_nochange=1.0000 a0_change=1.0000 a1_nochange=0.9964 a1_change=1.0000 matched_but_wrong=0
  mpx-135 qdetail: trials=38280000 a0nc_any=1.0000 a0nc_q=1.000 a0c_any=1.0000 a0c_q=1.000 a1nc_any=1.0000 a1nc_q=1.000 a1c_any=1.0000 a1c_q=1.000
  mpx-135 traj: trials=38400000 wall=179557s knowledge=0.9982 reliable=525 spec=8.00 pop=2714
  mpx-135 diag: trials=38400000 micro=7451 pop_spec=10.17 spec_max=29 q_mean=0.635 q_max=1.000 q_above_half=1855 marked=0.234 mark_density=0.929 exp_mean=11172.7 addr_spec=4.756 addr_random=0.527 addr_full=0.2004 correct=511
  mpx-135 cover: trials=38400000 overall=0.9982 a0_nochange=1.0000 a0_change=1.0000 a1_nochange=0.9927 a1_change=1.0000 matched_but_wrong=0
  mpx-135 qdetail: trials=38400000 a0nc_any=1.0000 a0nc_q=1.000 a0c_any=1.0000 a0c_q=1.000 a1nc_any=0.9982 a1nc_q=1.000 a1c_any=1.0000 a1c_q=1.000
  mpx-135 traj: trials=38520000 wall=179615s knowledge=0.9990 reliable=532 spec=8.00 pop=2756
  mpx-135 diag: trials=38520000 micro=7487 pop_spec=10.13 spec_max=29 q_mean=0.632 q_max=1.000 q_above_half=1892 marked=0.257 mark_density=0.931 exp_mean=11046.0 addr_spec=4.816 addr_random=0.525 addr_full=0.2017 correct=511
  mpx-135 cover: trials=38520000 overall=0.9990 a0_nochange=1.0000 a0_change=1.0000 a1_nochange=0.9960 a1_change=1.0000 matched_but_wrong=0
  mpx-135 qdetail: trials=38520000 a0nc_any=1.0000 a0nc_q=1.000 a0c_any=1.0000 a0c_q=1.000 a1nc_any=0.9983 a1nc_q=1.000 a1c_any=1.0000 a1c_q=1.000
  mpx-135 traj: trials=38640000 wall=179674s knowledge=0.9992 reliable=531 spec=8.00 pop=2727
  mpx-135 diag: trials=38640000 micro=7491 pop_spec=10.14 spec_max=29 q_mean=0.633 q_max=1.000 q_above_half=1860 marked=0.261 mark_density=0.931 exp_mean=11207.6 addr_spec=4.796 addr_random=0.526 addr_full=0.2032 correct=511
  mpx-135 cover: trials=38640000 overall=0.9992 a0_nochange=1.0000 a0_change=1.0000 a1_nochange=0.9968 a1_change=1.0000 matched_but_wrong=0
  mpx-135 qdetail: trials=38640000 a0nc_any=1.0000 a0nc_q=1.000 a0c_any=1.0000 a0c_q=1.000 a1nc_any=0.9983 a1nc_q=1.000 a1c_any=1.0000 a1c_q=1.000
  mpx-135 traj: trials=38760000 wall=179734s knowledge=0.9980 reliable=534 spec=8.00 pop=2775
  mpx-135 diag: trials=38760000 micro=7602 pop_spec=10.08 spec_max=29 q_mean=0.634 q_max=1.000 q_above_half=1932 marked=0.260 mark_density=0.931 exp_mean=11038.4 addr_spec=4.824 addr_random=0.523 addr_full=0.1960 correct=510
  mpx-135 cover: trials=38760000 overall=0.9980 a0_nochange=1.0000 a0_change=1.0000 a1_nochange=0.9919 a1_change=1.0000 matched_but_wrong=0
  mpx-135 qdetail: trials=38760000 a0nc_any=1.0000 a0nc_q=1.000 a0c_any=1.0000 a0c_q=1.000 a1nc_any=1.0000 a1nc_q=1.000 a1c_any=1.0000 a1c_q=1.000
  mpx-135 traj: trials=38880000 wall=179792s knowledge=0.9980 reliable=532 spec=8.00 pop=2803
  mpx-135 diag: trials=38880000 micro=7474 pop_spec=10.02 spec_max=29 q_mean=0.632 q_max=1.000 q_above_half=1935 marked=0.255 mark_density=0.931 exp_mean=10970.9 addr_spec=4.784 addr_random=0.520 addr_full=0.1973 correct=510
  mpx-135 cover: trials=38880000 overall=0.9980 a0_nochange=1.0000 a0_change=1.0000 a1_nochange=0.9919 a1_change=1.0000 matched_but_wrong=0
  mpx-135 qdetail: trials=38880000 a0nc_any=1.0000 a0nc_q=1.000 a0c_any=1.0000 a0c_q=1.000 a1nc_any=0.9975 a1nc_q=1.000 a1c_any=1.0000 a1c_q=1.000
  mpx-135 traj: trials=39000000 wall=179850s knowledge=0.9980 reliable=535 spec=8.00 pop=2682
  mpx-135 diag: trials=39000000 micro=7478 pop_spec=10.13 spec_max=29 q_mean=0.637 q_max=1.000 q_above_half=1863 marked=0.247 mark_density=0.930 exp_mean=11510.8 addr_spec=4.760 addr_random=0.525 addr_full=0.2066 correct=510
  mpx-135 cover: trials=39000000 overall=0.9980 a0_nochange=1.0000 a0_change=1.0000 a1_nochange=0.9919 a1_change=1.0000 matched_but_wrong=0
  mpx-135 qdetail: trials=39000000 a0nc_any=1.0000 a0nc_q=1.000 a0c_any=1.0000 a0c_q=1.000 a1nc_any=1.0000 a1nc_q=1.000 a1c_any=1.0000 a1c_q=1.000
  mpx-135 traj: trials=39120000 wall=179906s knowledge=0.9980 reliable=530 spec=8.00 pop=2740
  mpx-135 diag: trials=39120000 micro=7526 pop_spec=10.05 spec_max=29 q_mean=0.636 q_max=1.000 q_above_half=1916 marked=0.254 mark_density=0.931 exp_mean=11311.0 addr_spec=4.743 addr_random=0.521 addr_full=0.1996 correct=510
  mpx-135 cover: trials=39120000 overall=0.9980 a0_nochange=1.0000 a0_change=1.0000 a1_nochange=0.9919 a1_change=1.0000 matched_but_wrong=0
  mpx-135 qdetail: trials=39120000 a0nc_any=1.0000 a0nc_q=1.000 a0c_any=1.0000 a0c_q=1.000 a1nc_any=0.9969 a1nc_q=1.000 a1c_any=1.0000 a1c_q=1.000
  mpx-135 traj: trials=39240000 wall=179963s knowledge=0.9980 reliable=533 spec=8.00 pop=2773
  mpx-135 diag: trials=39240000 micro=7465 pop_spec=10.00 spec_max=29 q_mean=0.630 q_max=1.000 q_above_half=1890 marked=0.258 mark_density=0.931 exp_mean=11219.8 addr_spec=4.796 addr_random=0.519 addr_full=0.1987 correct=510
  mpx-135 cover: trials=39240000 overall=0.9980 a0_nochange=1.0000 a0_change=1.0000 a1_nochange=0.9919 a1_change=1.0000 matched_but_wrong=0
  mpx-135 qdetail: trials=39240000 a0nc_any=1.0000 a0nc_q=1.000 a0c_any=1.0000 a0c_q=1.000 a1nc_any=0.9953 a1nc_q=1.000 a1c_any=1.0000 a1c_q=1.000
  mpx-135 traj: trials=39360000 wall=180020s knowledge=0.9985 reliable=530 spec=8.00 pop=2735
  mpx-135 diag: trials=39360000 micro=7473 pop_spec=10.04 spec_max=29 q_mean=0.635 q_max=1.000 q_above_half=1895 marked=0.258 mark_density=0.931 exp_mean=11419.1 addr_spec=4.814 addr_random=0.520 addr_full=0.1996 correct=510
  mpx-135 cover: trials=39360000 overall=0.9985 a0_nochange=1.0000 a0_change=1.0000 a1_nochange=0.9939 a1_change=1.0000 matched_but_wrong=0
  mpx-135 qdetail: trials=39360000 a0nc_any=1.0000 a0nc_q=1.000 a0c_any=1.0000 a0c_q=1.000 a1nc_any=1.0000 a1nc_q=1.000 a1c_any=1.0000 a1c_q=1.000
  mpx-135 traj: trials=39480000 wall=180077s knowledge=0.9985 reliable=540 spec=8.00 pop=2718
  mpx-135 diag: trials=39480000 micro=7451 pop_spec=10.09 spec_max=29 q_mean=0.639 q_max=1.000 q_above_half=1884 marked=0.243 mark_density=0.930 exp_mean=11534.9 addr_spec=4.838 addr_random=0.523 addr_full=0.1998 correct=510
  mpx-135 cover: trials=39480000 overall=0.9985 a0_nochange=1.0000 a0_change=1.0000 a1_nochange=0.9939 a1_change=1.0000 matched_but_wrong=0
  mpx-135 qdetail: trials=39480000 a0nc_any=1.0000 a0nc_q=1.000 a0c_any=1.0000 a0c_q=1.000 a1nc_any=0.9993 a1nc_q=1.000 a1c_any=1.0000 a1c_q=1.000
  mpx-135 traj: trials=39600000 wall=180133s knowledge=0.9980 reliable=532 spec=8.00 pop=2695
  mpx-135 diag: trials=39600000 micro=7479 pop_spec=10.08 spec_max=29 q_mean=0.636 q_max=1.000 q_above_half=1827 marked=0.264 mark_density=0.932 exp_mean=11677.6 addr_spec=4.801 addr_random=0.523 addr_full=0.2022 correct=510
  mpx-135 cover: trials=39600000 overall=0.9980 a0_nochange=1.0000 a0_change=1.0000 a1_nochange=0.9919 a1_change=1.0000 matched_but_wrong=0
  mpx-135 qdetail: trials=39600000 a0nc_any=1.0000 a0nc_q=1.000 a0c_any=1.0000 a0c_q=1.000 a1nc_any=0.9998 a1nc_q=1.000 a1c_any=1.0000 a1c_q=1.000
  mpx-135 traj: trials=39720000 wall=180188s knowledge=0.9980 reliable=528 spec=8.00 pop=2671
  mpx-135 diag: trials=39720000 micro=7504 pop_spec=10.06 spec_max=29 q_mean=0.632 q_max=1.000 q_above_half=1820 marked=0.236 mark_density=0.930 exp_mean=11826.9 addr_spec=4.813 addr_random=0.521 addr_full=0.2044 correct=510
  mpx-135 cover: trials=39720000 overall=0.9980 a0_nochange=1.0000 a0_change=1.0000 a1_nochange=0.9919 a1_change=1.0000 matched_but_wrong=0
  mpx-135 qdetail: trials=39720000 a0nc_any=1.0000 a0nc_q=1.000 a0c_any=1.0000 a0c_q=1.000 a1nc_any=0.9992 a1nc_q=1.000 a1c_any=1.0000 a1c_q=1.000
  mpx-135 traj: trials=39840000 wall=180243s knowledge=0.9985 reliable=539 spec=8.00 pop=2682
  mpx-135 diag: trials=39840000 micro=7457 pop_spec=10.05 spec_max=29 q_mean=0.637 q_max=1.000 q_above_half=1855 marked=0.255 mark_density=0.931 exp_mean=11823.7 addr_spec=4.797 addr_random=0.521 addr_full=0.2036 correct=510
  mpx-135 cover: trials=39840000 overall=0.9985 a0_nochange=1.0000 a0_change=1.0000 a1_nochange=0.9939 a1_change=1.0000 matched_but_wrong=0
  mpx-135 qdetail: trials=39840000 a0nc_any=1.0000 a0nc_q=1.000 a0c_any=1.0000 a0c_q=1.000 a1nc_any=0.9990 a1nc_q=1.000 a1c_any=1.0000 a1c_q=1.000
  mpx-135 traj: trials=39960000 wall=180298s knowledge=0.9980 reliable=527 spec=8.00 pop=2785
  mpx-135 diag: trials=39960000 micro=7556 pop_spec=9.95 spec_max=29 q_mean=0.636 q_max=1.000 q_above_half=1937 marked=0.256 mark_density=0.931 exp_mean=11429.1 addr_spec=4.783 addr_random=0.516 addr_full=0.1950 correct=510
  mpx-135 cover: trials=39960000 overall=0.9980 a0_nochange=1.0000 a0_change=1.0000 a1_nochange=0.9919 a1_change=1.0000 matched_but_wrong=0
  mpx-135 qdetail: trials=39960000 a0nc_any=1.0000 a0nc_q=1.000 a0c_any=1.0000 a0c_q=1.000 a1nc_any=1.0000 a1nc_q=1.000 a1c_any=1.0000 a1c_q=1.000
  mpx-135 traj: trials=40080000 wall=180354s knowledge=0.9980 reliable=525 spec=8.00 pop=2803
  mpx-135 diag: trials=40080000 micro=7480 pop_spec=9.87 spec_max=29 q_mean=0.629 q_max=1.000 q_above_half=1907 marked=0.279 mark_density=0.933 exp_mean=11398.8 addr_spec=4.794 addr_random=0.512 addr_full=0.1955 correct=510
  mpx-135 cover: trials=40080000 overall=0.9980 a0_nochange=1.0000 a0_change=1.0000 a1_nochange=0.9919 a1_change=1.0000 matched_but_wrong=0
  mpx-135 qdetail: trials=40080000 a0nc_any=1.0000 a0nc_q=1.000 a0c_any=1.0000 a0c_q=1.000 a1nc_any=0.9999 a1nc_q=1.000 a1c_any=1.0000 a1c_q=1.000
  mpx-135 traj: trials=40200000 wall=180411s knowledge=0.9980 reliable=528 spec=8.00 pop=2755
  mpx-135 diag: trials=40200000 micro=7441 pop_spec=9.91 spec_max=29 q_mean=0.632 q_max=1.000 q_above_half=1876 marked=0.270 mark_density=0.932 exp_mean=11640.6 addr_spec=4.818 addr_random=0.514 addr_full=0.2015 correct=510
  mpx-135 cover: trials=40200000 overall=0.9980 a0_nochange=1.0000 a0_change=1.0000 a1_nochange=0.9919 a1_change=1.0000 matched_but_wrong=0
  mpx-135 qdetail: trials=40200000 a0nc_any=1.0000 a0nc_q=1.000 a0c_any=1.0000 a0c_q=1.000 a1nc_any=0.9991 a1nc_q=1.000 a1c_any=1.0000 a1c_q=1.000
  mpx-135 traj: trials=40320000 wall=180466s knowledge=0.9980 reliable=526 spec=8.00 pop=2706
  mpx-135 diag: trials=40320000 micro=7488 pop_spec=9.94 spec_max=29 q_mean=0.633 q_max=1.000 q_above_half=1866 marked=0.264 mark_density=0.931 exp_mean=11895.4 addr_spec=4.833 addr_random=0.516 addr_full=0.2014 correct=510
  mpx-135 cover: trials=40320000 overall=0.9980 a0_nochange=1.0000 a0_change=1.0000 a1_nochange=0.9919 a1_change=1.0000 matched_but_wrong=0
  mpx-135 qdetail: trials=40320000 a0nc_any=1.0000 a0nc_q=1.000 a0c_any=1.0000 a0c_q=1.000 a1nc_any=0.9996 a1nc_q=1.000 a1c_any=1.0000 a1c_q=1.000
  mpx-135 traj: trials=40440000 wall=180522s knowledge=0.9980 reliable=528 spec=8.00 pop=2686
  mpx-135 diag: trials=40440000 micro=7474 pop_spec=9.97 spec_max=29 q_mean=0.635 q_max=1.000 q_above_half=1826 marked=0.255 mark_density=0.930 exp_mean=12028.9 addr_spec=4.823 addr_random=0.517 addr_full=0.2014 correct=510
  mpx-135 cover: trials=40440000 overall=0.9980 a0_nochange=1.0000 a0_change=1.0000 a1_nochange=0.9919 a1_change=1.0000 matched_but_wrong=0
  mpx-135 qdetail: trials=40440000 a0nc_any=1.0000 a0nc_q=1.000 a0c_any=1.0000 a0c_q=1.000 a1nc_any=0.9958 a1nc_q=1.000 a1c_any=1.0000 a1c_q=1.000
  mpx-135 traj: trials=40560000 wall=180578s knowledge=0.9980 reliable=540 spec=8.00 pop=2729
  mpx-135 diag: trials=40560000 micro=7453 pop_spec=9.92 spec_max=29 q_mean=0.637 q_max=1.000 q_above_half=1909 marked=0.261 mark_density=0.931 exp_mean=11883.7 addr_spec=4.836 addr_random=0.515 addr_full=0.2001 correct=510
  mpx-135 cover: trials=40560000 overall=0.9980 a0_nochange=1.0000 a0_change=1.0000 a1_nochange=0.9919 a1_change=1.0000 matched_but_wrong=0
  mpx-135 qdetail: trials=40560000 a0nc_any=1.0000 a0nc_q=1.000 a0c_any=1.0000 a0c_q=1.000 a1nc_any=0.9978 a1nc_q=1.000 a1c_any=1.0000 a1c_q=1.000
  mpx-135 traj: trials=40680000 wall=180635s knowledge=0.9980 reliable=536 spec=8.00 pop=2710
  mpx-135 diag: trials=40680000 micro=7405 pop_spec=9.92 spec_max=29 q_mean=0.634 q_max=1.000 q_above_half=1844 marked=0.259 mark_density=0.932 exp_mean=12011.1 addr_spec=4.808 addr_random=0.515 addr_full=0.2037 correct=510
  mpx-135 cover: trials=40680000 overall=0.9980 a0_nochange=1.0000 a0_change=1.0000 a1_nochange=0.9919 a1_change=1.0000 matched_but_wrong=0
  mpx-135 qdetail: trials=40680000 a0nc_any=1.0000 a0nc_q=1.000 a0c_any=1.0000 a0c_q=1.000 a1nc_any=1.0000 a1nc_q=1.000 a1c_any=1.0000 a1c_q=1.000
  mpx-135 traj: trials=40800000 wall=180691s knowledge=0.9985 reliable=531 spec=8.00 pop=2616
  mpx-135 diag: trials=40800000 micro=7409 pop_spec=10.04 spec_max=29 q_mean=0.639 q_max=1.000 q_above_half=1850 marked=0.258 mark_density=0.930 exp_mean=12488.5 addr_spec=4.831 addr_random=0.521 addr_full=0.2045 correct=510
  mpx-135 cover: trials=40800000 overall=0.9985 a0_nochange=1.0000 a0_change=1.0000 a1_nochange=0.9939 a1_change=1.0000 matched_but_wrong=0
  mpx-135 qdetail: trials=40800000 a0nc_any=1.0000 a0nc_q=1.000 a0c_any=1.0000 a0c_q=1.000 a1nc_any=0.9979 a1nc_q=1.000 a1c_any=1.0000 a1c_q=1.000
  mpx-135 traj: trials=40920000 wall=180746s knowledge=0.9984 reliable=528 spec=8.00 pop=2641
  mpx-135 diag: trials=40920000 micro=7392 pop_spec=10.01 spec_max=29 q_mean=0.637 q_max=1.000 q_above_half=1859 marked=0.257 mark_density=0.930 exp_mean=12415.2 addr_spec=4.822 addr_random=0.519 addr_full=0.2060 correct=510
  mpx-135 cover: trials=40920000 overall=0.9984 a0_nochange=1.0000 a0_change=1.0000 a1_nochange=0.9936 a1_change=1.0000 matched_but_wrong=0
  mpx-135 qdetail: trials=40920000 a0nc_any=1.0000 a0nc_q=1.000 a0c_any=1.0000 a0c_q=1.000 a1nc_any=1.0000 a1nc_q=1.000 a1c_any=1.0000 a1c_q=1.000
  mpx-135 traj: trials=41040000 wall=180803s knowledge=0.9984 reliable=524 spec=8.00 pop=2652
  mpx-135 diag: trials=41040000 micro=7436 pop_spec=10.00 spec_max=29 q_mean=0.639 q_max=1.000 q_above_half=1841 marked=0.254 mark_density=0.930 exp_mean=12408.5 addr_spec=4.833 addr_random=0.519 addr_full=0.2112 correct=510
  mpx-135 cover: trials=41040000 overall=0.9984 a0_nochange=1.0000 a0_change=1.0000 a1_nochange=0.9936 a1_change=1.0000 matched_but_wrong=0
  mpx-135 qdetail: trials=41040000 a0nc_any=1.0000 a0nc_q=1.000 a0c_any=1.0000 a0c_q=1.000 a1nc_any=0.9998 a1nc_q=1.000 a1c_any=1.0000 a1c_q=1.000
  mpx-135 traj: trials=41160000 wall=180860s knowledge=0.9980 reliable=532 spec=8.00 pop=2696
  mpx-135 diag: trials=41160000 micro=7420 pop_spec=9.95 spec_max=29 q_mean=0.639 q_max=1.000 q_above_half=1915 marked=0.258 mark_density=0.930 exp_mean=12251.0 addr_spec=4.876 addr_random=0.516 addr_full=0.2014 correct=510
  mpx-135 cover: trials=41160000 overall=0.9980 a0_nochange=1.0000 a0_change=1.0000 a1_nochange=0.9919 a1_change=1.0000 matched_but_wrong=0
  mpx-135 qdetail: trials=41160000 a0nc_any=1.0000 a0nc_q=1.000 a0c_any=1.0000 a0c_q=1.000 a1nc_any=0.9998 a1nc_q=1.000 a1c_any=1.0000 a1c_q=1.000
  mpx-135 traj: trials=41280000 wall=180916s knowledge=0.9984 reliable=531 spec=8.00 pop=2696
  mpx-135 diag: trials=41280000 micro=7454 pop_spec=9.94 spec_max=29 q_mean=0.636 q_max=1.000 q_above_half=1899 marked=0.251 mark_density=0.930 exp_mean=12295.6 addr_spec=4.840 addr_random=0.515 addr_full=0.2029 correct=510
  mpx-135 cover: trials=41280000 overall=0.9984 a0_nochange=1.0000 a0_change=1.0000 a1_nochange=0.9937 a1_change=1.0000 matched_but_wrong=0
  mpx-135 qdetail: trials=41280000 a0nc_any=1.0000 a0nc_q=1.000 a0c_any=1.0000 a0c_q=1.000 a1nc_any=0.9996 a1nc_q=1.000 a1c_any=1.0000 a1c_q=1.000
  mpx-135 traj: trials=41400000 wall=180973s knowledge=0.9984 reliable=533 spec=8.00 pop=2782
  mpx-135 diag: trials=41400000 micro=7511 pop_spec=9.83 spec_max=29 q_mean=0.635 q_max=1.000 q_above_half=1946 marked=0.266 mark_density=0.932 exp_mean=11958.7 addr_spec=4.842 addr_random=0.510 addr_full=0.1955 correct=510
  mpx-135 cover: trials=41400000 overall=0.9984 a0_nochange=1.0000 a0_change=1.0000 a1_nochange=0.9937 a1_change=1.0000 matched_but_wrong=0
  mpx-135 qdetail: trials=41400000 a0nc_any=1.0000 a0nc_q=1.000 a0c_any=1.0000 a0c_q=1.000 a1nc_any=0.9990 a1nc_q=1.000 a1c_any=1.0000 a1c_q=1.000
  mpx-135 traj: trials=41520000 wall=181030s knowledge=0.9980 reliable=531 spec=8.00 pop=2665
  mpx-135 diag: trials=41520000 micro=7416 pop_spec=9.99 spec_max=29 q_mean=0.641 q_max=1.000 q_above_half=1893 marked=0.243 mark_density=0.929 exp_mean=12528.1 addr_spec=4.831 addr_random=0.518 addr_full=0.2068 correct=510
  mpx-135 cover: trials=41520000 overall=0.9980 a0_nochange=1.0000 a0_change=1.0000 a1_nochange=0.9919 a1_change=1.0000 matched_but_wrong=0
  mpx-135 qdetail: trials=41520000 a0nc_any=1.0000 a0nc_q=1.000 a0c_any=1.0000 a0c_q=1.000 a1nc_any=0.9991 a1nc_q=1.000 a1c_any=1.0000 a1c_q=1.000
  mpx-135 traj: trials=41640000 wall=181086s knowledge=0.9984 reliable=529 spec=8.00 pop=2698
  mpx-135 diag: trials=41640000 micro=7480 pop_spec=9.91 spec_max=29 q_mean=0.638 q_max=1.000 q_above_half=1863 marked=0.252 mark_density=0.930 exp_mean=12419.4 addr_spec=4.871 addr_random=0.514 addr_full=0.2027 correct=510
  mpx-135 cover: trials=41640000 overall=0.9984 a0_nochange=1.0000 a0_change=1.0000 a1_nochange=0.9936 a1_change=1.0000 matched_but_wrong=0
  mpx-135 qdetail: trials=41640000 a0nc_any=1.0000 a0nc_q=1.000 a0c_any=1.0000 a0c_q=1.000 a1nc_any=1.0000 a1nc_q=1.000 a1c_any=1.0000 a1c_q=1.000
  mpx-135 traj: trials=41760000 wall=181142s knowledge=0.9985 reliable=526 spec=8.00 pop=2572
  mpx-135 diag: trials=41760000 micro=7453 pop_spec=10.00 spec_max=29 q_mean=0.639 q_max=1.000 q_above_half=1797 marked=0.263 mark_density=0.930 exp_mean=13074.0 addr_spec=4.818 addr_random=0.519 addr_full=0.2065 correct=510
  mpx-135 cover: trials=41760000 overall=0.9985 a0_nochange=1.0000 a0_change=1.0000 a1_nochange=0.9939 a1_change=1.0000 matched_but_wrong=0
  mpx-135 qdetail: trials=41760000 a0nc_any=1.0000 a0nc_q=1.000 a0c_any=1.0000 a0c_q=1.000 a1nc_any=0.9985 a1nc_q=1.000 a1c_any=1.0000 a1c_q=1.000
  mpx-135 traj: trials=41880000 wall=181198s knowledge=0.9980 reliable=531 spec=8.00 pop=2616
  mpx-135 diag: trials=41880000 micro=7408 pop_spec=9.95 spec_max=29 q_mean=0.639 q_max=1.000 q_above_half=1851 marked=0.258 mark_density=0.930 exp_mean=12900.3 addr_spec=4.831 addr_random=0.516 addr_full=0.2110 correct=510
  mpx-135 cover: trials=41880000 overall=0.9980 a0_nochange=1.0000 a0_change=1.0000 a1_nochange=0.9919 a1_change=1.0000 matched_but_wrong=0
  mpx-135 qdetail: trials=41880000 a0nc_any=1.0000 a0nc_q=1.000 a0c_any=1.0000 a0c_q=1.000 a1nc_any=1.0000 a1nc_q=1.000 a1c_any=1.0000 a1c_q=1.000
  mpx-135 traj: trials=42000000 wall=181254s knowledge=0.9980 reliable=529 spec=8.00 pop=2671
  mpx-135 diag: trials=42000000 micro=7476 pop_spec=9.81 spec_max=29 q_mean=0.633 q_max=1.000 q_above_half=1815 marked=0.272 mark_density=0.933 exp_mean=12679.5 addr_spec=4.836 addr_random=0.509 addr_full=0.2078 correct=510
  mpx-135 cover: trials=42000000 overall=0.9980 a0_nochange=1.0000 a0_change=1.0000 a1_nochange=0.9919 a1_change=1.0000 matched_but_wrong=0
  mpx-135 qdetail: trials=42000000 a0nc_any=1.0000 a0nc_q=1.000 a0c_any=1.0000 a0c_q=1.000 a1nc_any=0.9992 a1nc_q=1.000 a1c_any=1.0000 a1c_q=1.000
  mpx-135 traj: trials=42120000 wall=181311s knowledge=0.9980 reliable=537 spec=8.00 pop=2643
  mpx-135 diag: trials=42120000 micro=7381 pop_spec=9.86 spec_max=29 q_mean=0.639 q_max=1.000 q_above_half=1848 marked=0.257 mark_density=0.931 exp_mean=12859.5 addr_spec=4.805 addr_random=0.511 addr_full=0.2089 correct=510
  mpx-135 cover: trials=42120000 overall=0.9980 a0_nochange=1.0000 a0_change=1.0000 a1_nochange=0.9919 a1_change=1.0000 matched_but_wrong=0
  mpx-135 qdetail: trials=42120000 a0nc_any=1.0000 a0nc_q=1.000 a0c_any=1.0000 a0c_q=1.000 a1nc_any=0.9982 a1nc_q=1.000 a1c_any=1.0000 a1c_q=1.000
  mpx-135 traj: trials=42240000 wall=181367s knowledge=0.9980 reliable=538 spec=8.00 pop=2728
  mpx-135 diag: trials=42240000 micro=7484 pop_spec=9.79 spec_max=29 q_mean=0.633 q_max=1.000 q_above_half=1834 marked=0.268 mark_density=0.932 exp_mean=12503.1 addr_spec=4.889 addr_random=0.507 addr_full=0.2012 correct=510
  mpx-135 cover: trials=42240000 overall=0.9980 a0_nochange=1.0000 a0_change=1.0000 a1_nochange=0.9919 a1_change=1.0000 matched_but_wrong=0
  mpx-135 qdetail: trials=42240000 a0nc_any=1.0000 a0nc_q=1.000 a0c_any=1.0000 a0c_q=1.000 a1nc_any=1.0000 a1nc_q=1.000 a1c_any=1.0000 a1c_q=1.000
  mpx-135 traj: trials=42360000 wall=181423s knowledge=0.9986 reliable=537 spec=8.00 pop=2695
  mpx-135 diag: trials=42360000 micro=7456 pop_spec=9.85 spec_max=29 q_mean=0.638 q_max=1.000 q_above_half=1887 marked=0.257 mark_density=0.931 exp_mean=12700.3 addr_spec=4.866 addr_random=0.511 addr_full=0.2056 correct=510
  mpx-135 cover: trials=42360000 overall=0.9986 a0_nochange=1.0000 a0_change=1.0000 a1_nochange=0.9942 a1_change=1.0000 matched_but_wrong=0
  mpx-135 qdetail: trials=42360000 a0nc_any=1.0000 a0nc_q=1.000 a0c_any=1.0000 a0c_q=1.000 a1nc_any=0.9998 a1nc_q=1.000 a1c_any=1.0000 a1c_q=1.000
  mpx-135 traj: trials=42480000 wall=181480s knowledge=0.9985 reliable=534 spec=8.00 pop=2702
  mpx-135 diag: trials=42480000 micro=7492 pop_spec=9.79 spec_max=29 q_mean=0.635 q_max=1.000 q_above_half=1873 marked=0.251 mark_density=0.931 exp_mean=12711.4 addr_spec=4.837 addr_random=0.507 addr_full=0.2043 correct=510
  mpx-135 cover: trials=42480000 overall=0.9985 a0_nochange=1.0000 a0_change=1.0000 a1_nochange=0.9939 a1_change=1.0000 matched_but_wrong=0
  mpx-135 qdetail: trials=42480000 a0nc_any=1.0000 a0nc_q=1.000 a0c_any=1.0000 a0c_q=1.000 a1nc_any=0.9999 a1nc_q=1.000 a1c_any=1.0000 a1c_q=1.000
  mpx-135 traj: trials=42600000 wall=181537s knowledge=0.9988 reliable=533 spec=8.00 pop=2644
  mpx-135 diag: trials=42600000 micro=7424 pop_spec=9.87 spec_max=29 q_mean=0.641 q_max=1.000 q_above_half=1831 marked=0.252 mark_density=0.930 exp_mean=13035.4 addr_spec=4.784 addr_random=0.512 addr_full=0.2107 correct=511
  mpx-135 cover: trials=42600000 overall=0.9988 a0_nochange=1.0000 a0_change=1.0000 a1_nochange=0.9953 a1_change=1.0000 matched_but_wrong=0
  mpx-135 qdetail: trials=42600000 a0nc_any=1.0000 a0nc_q=1.000 a0c_any=1.0000 a0c_q=1.000 a1nc_any=0.9998 a1nc_q=1.000 a1c_any=1.0000 a1c_q=1.000
  mpx-135 traj: trials=42720000 wall=181592s knowledge=0.9990 reliable=529 spec=8.00 pop=2655
  mpx-135 diag: trials=42720000 micro=7425 pop_spec=9.80 spec_max=29 q_mean=0.633 q_max=1.000 q_above_half=1789 marked=0.265 mark_density=0.932 exp_mean=13026.6 addr_spec=4.863 addr_random=0.508 addr_full=0.2098 correct=511
  mpx-135 cover: trials=42720000 overall=0.9990 a0_nochange=1.0000 a0_change=1.0000 a1_nochange=0.9959 a1_change=1.0000 matched_but_wrong=0
  mpx-135 qdetail: trials=42720000 a0nc_any=1.0000 a0nc_q=1.000 a0c_any=1.0000 a0c_q=1.000 a1nc_any=1.0000 a1nc_q=1.000 a1c_any=1.0000 a1c_q=1.000
  mpx-135 traj: trials=42840000 wall=181648s knowledge=0.9981 reliable=539 spec=8.00 pop=2641
  mpx-135 diag: trials=42840000 micro=7399 pop_spec=9.83 spec_max=29 q_mean=0.643 q_max=1.000 q_above_half=1864 marked=0.255 mark_density=0.931 exp_mean=13139.4 addr_spec=4.867 addr_random=0.510 addr_full=0.2098 correct=511
  mpx-135 cover: trials=42840000 overall=0.9981 a0_nochange=1.0000 a0_change=1.0000 a1_nochange=0.9922 a1_change=1.0000 matched_but_wrong=0
  mpx-135 qdetail: trials=42840000 a0nc_any=1.0000 a0nc_q=1.000 a0c_any=1.0000 a0c_q=1.000 a1nc_any=1.0000 a1nc_q=1.000 a1c_any=1.0000 a1c_q=1.000
  mpx-135 traj: trials=42960000 wall=181703s knowledge=0.9995 reliable=542 spec=8.01 pop=2636
  mpx-135 diag: trials=42960000 micro=7448 pop_spec=9.88 spec_max=29 q_mean=0.640 q_max=1.000 q_above_half=1836 marked=0.266 mark_density=0.931 exp_mean=13209.8 addr_spec=4.956 addr_random=0.512 addr_full=0.2147 correct=511
  mpx-135 cover: trials=42960000 overall=0.9995 a0_nochange=1.0000 a0_change=1.0000 a1_nochange=0.9981 a1_change=1.0000 matched_but_wrong=0
  mpx-135 qdetail: trials=42960000 a0nc_any=1.0000 a0nc_q=1.000 a0c_any=1.0000 a0c_q=1.000 a1nc_any=1.0000 a1nc_q=1.000 a1c_any=1.0000 a1c_q=1.000
  mpx-135 traj: trials=43080000 wall=181760s knowledge=0.9990 reliable=543 spec=8.01 pop=2660
  mpx-135 diag: trials=43080000 micro=7461 pop_spec=9.81 spec_max=29 q_mean=0.638 q_max=1.000 q_above_half=1854 marked=0.252 mark_density=0.930 exp_mean=13135.2 addr_spec=4.892 addr_random=0.508 addr_full=0.2049 correct=512
  mpx-135 cover: trials=43080000 overall=0.9990 a0_nochange=1.0000 a0_change=1.0000 a1_nochange=0.9959 a1_change=1.0000 matched_but_wrong=0
  mpx-135 qdetail: trials=43080000 a0nc_any=1.0000 a0nc_q=1.000 a0c_any=1.0000 a0c_q=1.000 a1nc_any=1.0000 a1nc_q=1.000 a1c_any=1.0000 a1c_q=1.000
  mpx-135 traj: trials=43200000 wall=181817s knowledge=1.0000 reliable=539 spec=8.00 pop=2748
  mpx-135 diag: trials=43200000 micro=7506 pop_spec=9.68 spec_max=29 q_mean=0.636 q_max=1.000 q_above_half=1906 marked=0.279 mark_density=0.933 exp_mean=12758.4 addr_spec=4.859 addr_random=0.502 addr_full=0.1998 correct=512
  mpx-135 cover: trials=43200000 overall=1.0000 a0_nochange=1.0000 a0_change=1.0000 a1_nochange=1.0000 a1_change=1.0000 matched_but_wrong=0
  mpx-135 qdetail: trials=43200000 a0nc_any=1.0000 a0nc_q=1.000 a0c_any=1.0000 a0c_q=1.000 a1nc_any=1.0000 a1nc_q=1.000 a1c_any=1.0000 a1c_q=1.000
  mpx-135 repeat 0: SUCCESS trials=43200000 knowledge=1.0000 reliable=539 spec=8.00/136 peak_macro=81276 peak_rss=0.00GB wall=181821.5s
  mpx-135 verdict agreement across 1 repeats: ALL AGREE
