acs2-bench mpx-reach: agent=acs2 sizes=[70] n_exp=1 seed=43 rss_cap=5.6GB time_cap=600000s do_ga=true alp_gen_variant=pyalcs epsilon=0.8
  mem mpx-70 (N=71): condition=142B effect=142B mark=1704B (stack) classifier=2072B  mark/classifier=82.2%  rss-cap pop-threshold=2702702
  mpx-70 trials_cap=18446744073709551615 (= 20000*2^(k-6)*10, clamped to u64::MAX) u_max=8
  mpx-70 traj: trials=60000 wall=105s knowledge=0.0029 reliable=2 spec=8.50 pop=9587
  mpx-70 diag: trials=60000 micro=9623 pop_spec=9.65 spec_max=19 q_mean=0.554 q_max=1.000 q_above_half=7094 marked=0.358 mark_density=0.867 exp_mean=2.8 addr_spec=1.007 addr_random=0.827 addr_full=0.0001 correct=0
  mpx-70 cover: trials=60000 overall=0.0029 a0_nochange=0.0000 a0_change=0.0117 a1_nochange=0.0000 a1_change=0.0000 matched_but_wrong=0
  mpx-70 acc: trials=60000 accuracy=0.5323
  mpx-70 traj: trials=120000 wall=247s knowledge=0.0110 reliable=4 spec=7.50 pop=11211
  mpx-70 diag: trials=120000 micro=11265 pop_spec=10.15 spec_max=20 q_mean=0.565 q_max=1.000 q_above_half=8757 marked=0.359 mark_density=0.861 exp_mean=2.8 addr_spec=1.235 addr_random=0.870 addr_full=0.0003 correct=1
  mpx-70 cover: trials=120000 overall=0.0110 a0_nochange=0.0000 a0_change=0.0440 a1_nochange=0.0000 a1_change=0.0000 matched_but_wrong=0
  mpx-70 acc: trials=120000 accuracy=0.5522
  mpx-70 traj: trials=180000 wall=422s knowledge=0.0185 reliable=10 spec=8.50 pop=12099
  mpx-70 diag: trials=180000 micro=12174 pop_spec=10.47 spec_max=21 q_mean=0.579 q_max=1.000 q_above_half=9737 marked=0.361 mark_density=0.858 exp_mean=2.9 addr_spec=1.475 addr_random=0.897 addr_full=0.0003 correct=1
  mpx-70 cover: trials=180000 overall=0.0185 a0_nochange=0.0000 a0_change=0.0630 a1_nochange=0.0000 a1_change=0.0109 matched_but_wrong=62
  mpx-70 acc: trials=180000 accuracy=0.5583
  mpx-70 traj: trials=240000 wall=575s knowledge=0.0386 reliable=28 spec=8.75 pop=12159
  mpx-70 diag: trials=240000 micro=12283 pop_spec=10.68 spec_max=21 q_mean=0.584 q_max=1.000 q_above_half=9807 marked=0.357 mark_density=0.855 exp_mean=3.1 addr_spec=1.701 addr_random=0.915 addr_full=0.0006 correct=3
  mpx-70 cover: trials=240000 overall=0.0386 a0_nochange=0.0000 a0_change=0.1215 a1_nochange=0.0000 a1_change=0.0330 matched_but_wrong=104
  mpx-70 acc: trials=240000 accuracy=0.5932
  mpx-70 traj: trials=300000 wall=731s knowledge=0.0649 reliable=44 spec=8.68 pop=11994
  mpx-70 diag: trials=300000 micro=12180 pop_spec=10.75 spec_max=22 q_mean=0.587 q_max=1.000 q_above_half=9698 marked=0.371 mark_density=0.855 exp_mean=3.6 addr_spec=1.838 addr_random=0.922 addr_full=0.0012 correct=4
  mpx-70 cover: trials=300000 overall=0.0649 a0_nochange=0.0138 a0_change=0.1566 a1_nochange=0.0000 a1_change=0.0894 matched_but_wrong=30
  mpx-70 acc: trials=300000 accuracy=0.6060
  mpx-70 traj: trials=360000 wall=870s knowledge=0.0976 reliable=64 spec=8.53 pop=11175
  mpx-70 diag: trials=360000 micro=11436 pop_spec=10.84 spec_max=22 q_mean=0.589 q_max=1.000 q_above_half=9024 marked=0.367 mark_density=0.854 exp_mean=4.1 addr_spec=1.949 addr_random=0.929 addr_full=0.0025 correct=7
  mpx-70 cover: trials=360000 overall=0.0976 a0_nochange=0.0256 a0_change=0.2345 a1_nochange=0.0000 a1_change=0.1304 matched_but_wrong=68
  mpx-70 acc: trials=360000 accuracy=0.6336
  mpx-70 traj: trials=420000 wall=981s knowledge=0.1390 reliable=85 spec=8.31 pop=10418
  mpx-70 diag: trials=420000 micro=10773 pop_spec=10.88 spec_max=22 q_mean=0.587 q_max=1.000 q_above_half=8175 marked=0.370 mark_density=0.854 exp_mean=4.8 addr_spec=2.095 addr_random=0.932 addr_full=0.0032 correct=8
  mpx-70 cover: trials=420000 overall=0.1390 a0_nochange=0.0364 a0_change=0.3570 a1_nochange=0.0000 a1_change=0.1627 matched_but_wrong=71
  mpx-70 acc: trials=420000 accuracy=0.6761
  mpx-70 traj: trials=480000 wall=1088s knowledge=0.1802 reliable=105 spec=8.39 pop=9369
  mpx-70 diag: trials=480000 micro=9816 pop_spec=10.94 spec_max=22 q_mean=0.587 q_max=1.000 q_above_half=7232 marked=0.361 mark_density=0.853 exp_mean=6.0 addr_spec=2.192 addr_random=0.938 addr_full=0.0054 correct=14
  mpx-70 cover: trials=480000 overall=0.1802 a0_nochange=0.0621 a0_change=0.4285 a1_nochange=0.0000 a1_change=0.2301 matched_but_wrong=264
  mpx-70 acc: trials=480000 accuracy=0.7110
  mpx-70 traj: trials=540000 wall=1177s knowledge=0.2356 reliable=123 spec=8.24 pop=8344
  mpx-70 diag: trials=540000 micro=8863 pop_spec=11.02 spec_max=22 q_mean=0.592 q_max=1.000 q_above_half=6413 marked=0.363 mark_density=0.852 exp_mean=7.8 addr_spec=2.368 addr_random=0.945 addr_full=0.0079 correct=25
  mpx-70 cover: trials=540000 overall=0.2356 a0_nochange=0.1617 a0_change=0.5268 a1_nochange=0.0000 a1_change=0.2537 matched_but_wrong=46
  mpx-70 acc: trials=540000 accuracy=0.7558
  mpx-70 traj: trials=600000 wall=1245s knowledge=0.2959 reliable=152 spec=8.24 pop=7377
  mpx-70 diag: trials=600000 micro=8011 pop_spec=10.94 spec_max=22 q_mean=0.594 q_max=1.000 q_above_half=5660 marked=0.377 mark_density=0.856 exp_mean=10.5 addr_spec=2.439 addr_random=0.938 addr_full=0.0114 correct=31
  mpx-70 cover: trials=600000 overall=0.2959 a0_nochange=0.2585 a0_change=0.5936 a1_nochange=0.0000 a1_change=0.3313 matched_but_wrong=35
  mpx-70 acc: trials=600000 accuracy=0.7779
  mpx-70 traj: trials=660000 wall=1301s knowledge=0.3375 reliable=169 spec=8.26 pop=6306
  mpx-70 diag: trials=660000 micro=7007 pop_spec=11.04 spec_max=22 q_mean=0.600 q_max=1.000 q_above_half=4786 marked=0.361 mark_density=0.853 exp_mean=14.0 addr_spec=2.599 addr_random=0.947 addr_full=0.0143 correct=38
  mpx-70 cover: trials=660000 overall=0.3375 a0_nochange=0.3003 a0_change=0.6766 a1_nochange=0.0000 a1_change=0.3733 matched_but_wrong=174
  mpx-70 acc: trials=660000 accuracy=0.7982
  mpx-70 traj: trials=720000 wall=1351s knowledge=0.4032 reliable=205 spec=8.13 pop=5587
  mpx-70 diag: trials=720000 micro=6421 pop_spec=10.97 spec_max=22 q_mean=0.604 q_max=1.000 q_above_half=4229 marked=0.353 mark_density=0.852 exp_mean=19.2 addr_spec=2.696 addr_random=0.940 addr_full=0.0188 correct=51
  mpx-70 cover: trials=720000 overall=0.4032 a0_nochange=0.4035 a0_change=0.7552 a1_nochange=0.0000 a1_change=0.4540 matched_but_wrong=25
  mpx-70 acc: trials=720000 accuracy=0.8450
  mpx-70 traj: trials=780000 wall=1394s knowledge=0.4412 reliable=204 spec=8.16 pop=4684
  mpx-70 diag: trials=780000 micro=5601 pop_spec=10.91 spec_max=22 q_mean=0.594 q_max=1.000 q_above_half=3396 marked=0.371 mark_density=0.852 exp_mean=26.8 addr_spec=2.864 addr_random=0.935 addr_full=0.0256 correct=58
  mpx-70 cover: trials=780000 overall=0.4412 a0_nochange=0.4709 a0_change=0.7770 a1_nochange=0.0000 a1_change=0.5168 matched_but_wrong=74
  mpx-70 acc: trials=780000 accuracy=0.8820
  mpx-70 traj: trials=840000 wall=1430s knowledge=0.4581 reliable=194 spec=7.97 pop=3905
  mpx-70 diag: trials=840000 micro=4902 pop_spec=10.85 spec_max=22 q_mean=0.586 q_max=1.000 q_above_half=2668 marked=0.365 mark_density=0.852 exp_mean=37.3 addr_spec=2.815 addr_random=0.930 addr_full=0.0300 correct=64
  mpx-70 cover: trials=840000 overall=0.4581 a0_nochange=0.5079 a0_change=0.7661 a1_nochange=0.0000 a1_change=0.5583 matched_but_wrong=53
  mpx-70 acc: trials=840000 accuracy=0.8510
  mpx-70 traj: trials=900000 wall=1462s knowledge=0.4839 reliable=189 spec=7.85 pop=3705
  mpx-70 diag: trials=900000 micro=4759 pop_spec=10.46 spec_max=22 q_mean=0.587 q_max=1.000 q_above_half=2548 marked=0.362 mark_density=0.857 exp_mean=45.1 addr_spec=2.914 addr_random=0.896 addr_full=0.0364 correct=77
  mpx-70 cover: trials=900000 overall=0.4839 a0_nochange=0.5552 a0_change=0.8021 a1_nochange=0.0000 a1_change=0.5782 matched_but_wrong=13
  mpx-70 acc: trials=900000 accuracy=0.8666
  mpx-70 traj: trials=960000 wall=1492s knowledge=0.5191 reliable=201 spec=7.76 pop=3318
  mpx-70 diag: trials=960000 micro=4423 pop_spec=10.35 spec_max=22 q_mean=0.588 q_max=1.000 q_above_half=2221 marked=0.355 mark_density=0.859 exp_mean=58.5 addr_spec=2.871 addr_random=0.887 addr_full=0.0419 correct=83
  mpx-70 cover: trials=960000 overall=0.5191 a0_nochange=0.6317 a0_change=0.8309 a1_nochange=0.0000 a1_change=0.6136 matched_but_wrong=35
  mpx-70 acc: trials=960000 accuracy=0.8829
  mpx-70 traj: trials=1020000 wall=1517s knowledge=0.5455 reliable=215 spec=7.77 pop=2990
  mpx-70 diag: trials=1020000 micro=4093 pop_spec=10.20 spec_max=22 q_mean=0.598 q_max=1.000 q_above_half=2075 marked=0.354 mark_density=0.860 exp_mean=73.9 addr_spec=3.103 addr_random=0.874 addr_full=0.0505 correct=87
  mpx-70 cover: trials=1020000 overall=0.5455 a0_nochange=0.6345 a0_change=0.8438 a1_nochange=0.0000 a1_change=0.7036 matched_but_wrong=49
  mpx-70 acc: trials=1020000 accuracy=0.9038
  mpx-70 traj: trials=1080000 wall=1539s knowledge=0.5576 reliable=207 spec=7.62 pop=2734
  mpx-70 diag: trials=1080000 micro=3941 pop_spec=9.84 spec_max=22 q_mean=0.578 q_max=1.000 q_above_half=1638 marked=0.399 mark_density=0.870 exp_mean=90.3 addr_spec=2.930 addr_random=0.844 addr_full=0.0534 correct=98
  mpx-70 cover: trials=1080000 overall=0.5576 a0_nochange=0.6351 a0_change=0.8539 a1_nochange=0.0002 a1_change=0.7413 matched_but_wrong=1
  mpx-70 acc: trials=1080000 accuracy=0.9130
  mpx-70 traj: trials=1140000 wall=1561s knowledge=0.5760 reliable=210 spec=7.56 pop=2606
  mpx-70 diag: trials=1140000 micro=3815 pop_spec=9.68 spec_max=22 q_mean=0.585 q_max=1.000 q_above_half=1616 marked=0.365 mark_density=0.869 exp_mean=103.2 addr_spec=3.013 addr_random=0.830 addr_full=0.0610 correct=102
  mpx-70 cover: trials=1140000 overall=0.5760 a0_nochange=0.6803 a0_change=0.8433 a1_nochange=0.0002 a1_change=0.7799 matched_but_wrong=27
  mpx-70 acc: trials=1140000 accuracy=0.9167
  mpx-70 traj: trials=1200000 wall=1581s knowledge=0.5900 reliable=198 spec=7.43 pop=2430
  mpx-70 diag: trials=1200000 micro=3663 pop_spec=9.46 spec_max=22 q_mean=0.584 q_max=1.000 q_above_half=1501 marked=0.388 mark_density=0.875 exp_mean=120.3 addr_spec=3.145 addr_random=0.811 addr_full=0.0588 correct=110
  mpx-70 cover: trials=1200000 overall=0.5900 a0_nochange=0.6947 a0_change=0.8759 a1_nochange=0.0000 a1_change=0.7895 matched_but_wrong=9
  mpx-70 acc: trials=1200000 accuracy=0.9307
  mpx-70 traj: trials=1260000 wall=1600s knowledge=0.6097 reliable=204 spec=7.30 pop=2307
  mpx-70 diag: trials=1260000 micro=3606 pop_spec=9.41 spec_max=22 q_mean=0.591 q_max=1.000 q_above_half=1477 marked=0.350 mark_density=0.868 exp_mean=139.9 addr_spec=3.222 addr_random=0.807 addr_full=0.0633 correct=113
  mpx-70 cover: trials=1260000 overall=0.6097 a0_nochange=0.7405 a0_change=0.9062 a1_nochange=0.0000 a1_change=0.7921 matched_but_wrong=1
  mpx-70 acc: trials=1260000 accuracy=0.9401
  mpx-70 traj: trials=1320000 wall=1619s knowledge=0.6027 reliable=192 spec=7.28 pop=2171
  mpx-70 diag: trials=1320000 micro=3535 pop_spec=9.25 spec_max=22 q_mean=0.586 q_max=1.000 q_above_half=1348 marked=0.372 mark_density=0.873 exp_mean=163.0 addr_spec=3.052 addr_random=0.793 addr_full=0.0663 correct=116
  mpx-70 cover: trials=1320000 overall=0.6027 a0_nochange=0.7449 a0_change=0.8924 a1_nochange=0.0000 a1_change=0.7734 matched_but_wrong=0
  mpx-70 acc: trials=1320000 accuracy=0.9325
  mpx-70 traj: trials=1380000 wall=1637s knowledge=0.6159 reliable=196 spec=7.30 pop=2103
  mpx-70 diag: trials=1380000 micro=3531 pop_spec=9.17 spec_max=22 q_mean=0.592 q_max=1.000 q_above_half=1359 marked=0.356 mark_density=0.871 exp_mean=182.9 addr_spec=3.252 addr_random=0.786 addr_full=0.0728 correct=122
  mpx-70 cover: trials=1380000 overall=0.6159 a0_nochange=0.7657 a0_change=0.9016 a1_nochange=0.0000 a1_change=0.7961 matched_but_wrong=0
  mpx-70 acc: trials=1380000 accuracy=0.9352
  mpx-70 traj: trials=1440000 wall=1654s knowledge=0.6332 reliable=208 spec=7.32 pop=2214
  mpx-70 diag: trials=1440000 micro=3631 pop_spec=8.86 spec_max=22 q_mean=0.585 q_max=1.000 q_above_half=1362 marked=0.365 mark_density=0.877 exp_mean=188.1 addr_spec=3.285 addr_random=0.759 addr_full=0.0799 correct=131
  mpx-70 cover: trials=1440000 overall=0.6332 a0_nochange=0.8045 a0_change=0.9236 a1_nochange=0.0000 a1_change=0.8049 matched_but_wrong=8
  mpx-70 acc: trials=1440000 accuracy=0.9424
  mpx-70 traj: trials=1500000 wall=1672s knowledge=0.6404 reliable=206 spec=7.35 pop=1979
  mpx-70 diag: trials=1500000 micro=3446 pop_spec=8.81 spec_max=22 q_mean=0.592 q_max=1.000 q_above_half=1236 marked=0.356 mark_density=0.878 exp_mean=229.0 addr_spec=3.286 addr_random=0.755 addr_full=0.0915 correct=136
  mpx-70 cover: trials=1500000 overall=0.6404 a0_nochange=0.7963 a0_change=0.9278 a1_nochange=0.0000 a1_change=0.8375 matched_but_wrong=2
  mpx-70 acc: trials=1500000 accuracy=0.9446
  mpx-70 traj: trials=1560000 wall=1689s knowledge=0.6413 reliable=191 spec=7.26 pop=1807
  mpx-70 diag: trials=1560000 micro=3303 pop_spec=8.71 spec_max=22 q_mean=0.586 q_max=1.000 q_above_half=1068 marked=0.379 mark_density=0.880 exp_mean=263.2 addr_spec=3.228 addr_random=0.747 addr_full=0.0897 correct=139
  mpx-70 cover: trials=1560000 overall=0.6413 a0_nochange=0.8024 a0_change=0.9074 a1_nochange=0.0000 a1_change=0.8553 matched_but_wrong=2
  mpx-70 acc: trials=1560000 accuracy=0.9481
  mpx-70 traj: trials=1620000 wall=1706s knowledge=0.6533 reliable=192 spec=7.21 pop=1924
  mpx-70 diag: trials=1620000 micro=3442 pop_spec=8.45 spec_max=22 q_mean=0.590 q_max=1.000 q_above_half=1208 marked=0.373 mark_density=0.885 exp_mean=270.1 addr_spec=3.419 addr_random=0.724 addr_full=0.0920 correct=145
  mpx-70 cover: trials=1620000 overall=0.6533 a0_nochange=0.8154 a0_change=0.9091 a1_nochange=0.0000 a1_change=0.8884 matched_but_wrong=0
  mpx-70 acc: trials=1620000 accuracy=0.9609
  mpx-70 traj: trials=1680000 wall=1722s knowledge=0.6655 reliable=205 spec=7.21 pop=1780
  mpx-70 diag: trials=1680000 micro=3327 pop_spec=8.41 spec_max=22 q_mean=0.598 q_max=1.000 q_above_half=1143 marked=0.383 mark_density=0.885 exp_mean=316.5 addr_spec=3.404 addr_random=0.721 addr_full=0.0989 correct=143
  mpx-70 cover: trials=1680000 overall=0.6655 a0_nochange=0.8430 a0_change=0.9294 a1_nochange=0.0000 a1_change=0.8895 matched_but_wrong=98
  mpx-70 acc: trials=1680000 accuracy=0.9573
  mpx-70 traj: trials=1740000 wall=1738s knowledge=0.6730 reliable=219 spec=7.26 pop=1833
  mpx-70 diag: trials=1740000 micro=3392 pop_spec=8.25 spec_max=22 q_mean=0.594 q_max=1.000 q_above_half=1160 marked=0.380 mark_density=0.887 exp_mean=329.9 addr_spec=3.436 addr_random=0.707 addr_full=0.1058 correct=148
  mpx-70 cover: trials=1740000 overall=0.6730 a0_nochange=0.8969 a0_change=0.9396 a1_nochange=0.0000 a1_change=0.8555 matched_but_wrong=0
  mpx-70 acc: trials=1740000 accuracy=0.9611
  mpx-70 traj: trials=1800000 wall=1754s knowledge=0.6820 reliable=213 spec=7.26 pop=1880
  mpx-70 diag: trials=1800000 micro=3488 pop_spec=8.00 spec_max=22 q_mean=0.586 q_max=1.000 q_above_half=1123 marked=0.415 mark_density=0.892 exp_mean=338.3 addr_spec=3.225 addr_random=0.686 addr_full=0.1011 correct=153
  mpx-70 cover: trials=1800000 overall=0.6820 a0_nochange=0.9000 a0_change=0.9477 a1_nochange=0.0000 a1_change=0.8802 matched_but_wrong=39
  mpx-70 acc: trials=1800000 accuracy=0.9702
  mpx-70 traj: trials=1860000 wall=1770s knowledge=0.6916 reliable=208 spec=7.22 pop=1653
  mpx-70 diag: trials=1860000 micro=3273 pop_spec=8.07 spec_max=22 q_mean=0.589 q_max=1.000 q_above_half=963 marked=0.399 mark_density=0.888 exp_mean=402.2 addr_spec=3.382 addr_random=0.692 addr_full=0.1125 correct=157
  mpx-70 cover: trials=1860000 overall=0.6916 a0_nochange=0.9064 a0_change=0.9522 a1_nochange=0.0000 a1_change=0.9078 matched_but_wrong=0
  mpx-70 acc: trials=1860000 accuracy=0.9624
  mpx-70 traj: trials=1920000 wall=1786s knowledge=0.6943 reliable=209 spec=7.16 pop=1729
  mpx-70 diag: trials=1920000 micro=3368 pop_spec=7.86 spec_max=22 q_mean=0.594 q_max=1.000 q_above_half=1073 marked=0.379 mark_density=0.892 exp_mean=403.9 addr_spec=3.321 addr_random=0.674 addr_full=0.1053 correct=160
  mpx-70 cover: trials=1920000 overall=0.6943 a0_nochange=0.9228 a0_change=0.9524 a1_nochange=0.0000 a1_change=0.9017 matched_but_wrong=0
  mpx-70 acc: trials=1920000 accuracy=0.9688
  mpx-70 traj: trials=1980000 wall=1801s knowledge=0.6964 reliable=197 spec=7.10 pop=1608
  mpx-70 diag: trials=1980000 micro=3338 pop_spec=7.87 spec_max=22 q_mean=0.590 q_max=1.000 q_above_half=957 marked=0.374 mark_density=0.892 exp_mean=449.2 addr_spec=3.362 addr_random=0.674 addr_full=0.1119 correct=162
  mpx-70 cover: trials=1980000 overall=0.6964 a0_nochange=0.9184 a0_change=0.9575 a1_nochange=0.0000 a1_change=0.9094 matched_but_wrong=0
  mpx-70 acc: trials=1980000 accuracy=0.9784
  mpx-70 traj: trials=2040000 wall=1815s knowledge=0.6976 reliable=195 spec=7.10 pop=1538
  mpx-70 diag: trials=2040000 micro=3238 pop_spec=7.89 spec_max=22 q_mean=0.601 q_max=1.000 q_above_half=986 marked=0.373 mark_density=0.892 exp_mean=490.3 addr_spec=3.308 addr_random=0.677 addr_full=0.1216 correct=166
  mpx-70 cover: trials=2040000 overall=0.6976 a0_nochange=0.9150 a0_change=0.9679 a1_nochange=0.0000 a1_change=0.9076 matched_but_wrong=0
  mpx-70 acc: trials=2040000 accuracy=0.9723
  mpx-70 traj: trials=2100000 wall=1830s knowledge=0.7032 reliable=201 spec=7.11 pop=1638
  mpx-70 diag: trials=2100000 micro=3342 pop_spec=7.66 spec_max=22 q_mean=0.592 q_max=1.000 q_above_half=1021 marked=0.393 mark_density=0.896 exp_mean=485.3 addr_spec=3.363 addr_random=0.657 addr_full=0.1123 correct=164
  mpx-70 cover: trials=2100000 overall=0.7032 a0_nochange=0.9268 a0_change=0.9638 a1_nochange=0.0000 a1_change=0.9223 matched_but_wrong=0
  mpx-70 acc: trials=2100000 accuracy=0.9691
  mpx-70 traj: trials=2160000 wall=1845s knowledge=0.7008 reliable=198 spec=7.09 pop=1558
  mpx-70 diag: trials=2160000 micro=3274 pop_spec=7.70 spec_max=22 q_mean=0.594 q_max=1.000 q_above_half=935 marked=0.377 mark_density=0.894 exp_mean=538.1 addr_spec=3.528 addr_random=0.660 addr_full=0.1200 correct=164
  mpx-70 cover: trials=2160000 overall=0.7008 a0_nochange=0.9348 a0_change=0.9605 a1_nochange=0.0000 a1_change=0.9078 matched_but_wrong=0
  mpx-70 acc: trials=2160000 accuracy=0.9685
  mpx-70 traj: trials=2220000 wall=1858s knowledge=0.6989 reliable=201 spec=7.07 pop=1596
  mpx-70 diag: trials=2220000 micro=3290 pop_spec=7.58 spec_max=22 q_mean=0.589 q_max=1.000 q_above_half=949 marked=0.383 mark_density=0.896 exp_mean=546.7 addr_spec=3.538 addr_random=0.650 addr_full=0.1234 correct=162
  mpx-70 cover: trials=2220000 overall=0.6989 a0_nochange=0.9354 a0_change=0.9563 a1_nochange=0.0000 a1_change=0.9039 matched_but_wrong=0
  mpx-70 acc: trials=2220000 accuracy=0.9712
  mpx-70 traj: trials=2280000 wall=1872s knowledge=0.7027 reliable=200 spec=7.11 pop=1712
  mpx-70 diag: trials=2280000 micro=3392 pop_spec=7.38 spec_max=22 q_mean=0.594 q_max=1.000 q_above_half=1078 marked=0.389 mark_density=0.898 exp_mean=536.8 addr_spec=3.422 addr_random=0.633 addr_full=0.1133 correct=165
  mpx-70 cover: trials=2280000 overall=0.7027 a0_nochange=0.9416 a0_change=0.9646 a1_nochange=0.0000 a1_change=0.9046 matched_but_wrong=0
  mpx-70 acc: trials=2280000 accuracy=0.9721
  mpx-70 traj: trials=2340000 wall=1886s knowledge=0.7102 reliable=207 spec=7.13 pop=1521
  mpx-70 diag: trials=2340000 micro=3270 pop_spec=7.50 spec_max=22 q_mean=0.599 q_max=1.000 q_above_half=929 marked=0.379 mark_density=0.897 exp_mean=627.1 addr_spec=3.531 addr_random=0.643 addr_full=0.1321 correct=169
  mpx-70 cover: trials=2340000 overall=0.7102 a0_nochange=0.9477 a0_change=0.9804 a1_nochange=0.0000 a1_change=0.9126 matched_but_wrong=0
  mpx-70 acc: trials=2340000 accuracy=0.9786
  mpx-70 traj: trials=2400000 wall=1899s knowledge=0.7092 reliable=204 spec=7.13 pop=1644
  mpx-70 diag: trials=2400000 micro=3363 pop_spec=7.33 spec_max=22 q_mean=0.594 q_max=1.000 q_above_half=1054 marked=0.355 mark_density=0.900 exp_mean=602.5 addr_spec=3.489 addr_random=0.628 addr_full=0.1174 correct=169
  mpx-70 cover: trials=2400000 overall=0.7092 a0_nochange=0.9455 a0_change=0.9744 a1_nochange=0.0000 a1_change=0.9167 matched_but_wrong=13
  mpx-70 acc: trials=2400000 accuracy=0.9700
  mpx-70 traj: trials=2460000 wall=1913s knowledge=0.7148 reliable=208 spec=7.12 pop=1499
  mpx-70 diag: trials=2460000 micro=3231 pop_spec=7.37 spec_max=22 q_mean=0.608 q_max=1.000 q_above_half=964 marked=0.375 mark_density=0.898 exp_mean=684.5 addr_spec=3.699 addr_random=0.632 addr_full=0.1361 correct=174
  mpx-70 cover: trials=2460000 overall=0.7148 a0_nochange=0.9615 a0_change=0.9724 a1_nochange=0.0000 a1_change=0.9254 matched_but_wrong=0
  mpx-70 acc: trials=2460000 accuracy=0.9792
  mpx-70 traj: trials=2520000 wall=1926s knowledge=0.7174 reliable=211 spec=7.09 pop=1580
  mpx-70 diag: trials=2520000 micro=3321 pop_spec=7.27 spec_max=22 q_mean=0.607 q_max=1.000 q_above_half=1022 marked=0.349 mark_density=0.899 exp_mean=679.5 addr_spec=3.632 addr_random=0.623 addr_full=0.1241 correct=174
  mpx-70 cover: trials=2520000 overall=0.7174 a0_nochange=0.9637 a0_change=0.9773 a1_nochange=0.0000 a1_change=0.9286 matched_but_wrong=0
  mpx-70 acc: trials=2520000 accuracy=0.9865
  mpx-70 traj: trials=2580000 wall=1940s knowledge=0.7170 reliable=207 spec=7.08 pop=1435
  mpx-70 diag: trials=2580000 micro=3248 pop_spec=7.26 spec_max=22 q_mean=0.603 q_max=1.000 q_above_half=882 marked=0.360 mark_density=0.901 exp_mean=777.1 addr_spec=3.491 addr_random=0.622 addr_full=0.1436 correct=176
  mpx-70 cover: trials=2580000 overall=0.7170 a0_nochange=0.9533 a0_change=0.9868 a1_nochange=0.0000 a1_change=0.9279 matched_but_wrong=0
  mpx-70 acc: trials=2580000 accuracy=0.9820
  mpx-70 traj: trials=2640000 wall=1953s knowledge=0.7220 reliable=208 spec=7.08 pop=1577
  mpx-70 diag: trials=2640000 micro=3336 pop_spec=7.17 spec_max=22 q_mean=0.595 q_max=1.000 q_above_half=967 marked=0.373 mark_density=0.901 exp_mean=730.2 addr_spec=3.406 addr_random=0.615 addr_full=0.1237 correct=176
  mpx-70 cover: trials=2640000 overall=0.7220 a0_nochange=0.9633 a0_change=1.0000 a1_nochange=0.0000 a1_change=0.9248 matched_but_wrong=0
  mpx-70 acc: trials=2640000 accuracy=0.9832
  mpx-70 traj: trials=2700000 wall=1966s knowledge=0.7179 reliable=203 spec=7.06 pop=1440
  mpx-70 diag: trials=2700000 micro=3242 pop_spec=7.11 spec_max=22 q_mean=0.600 q_max=1.000 q_above_half=901 marked=0.388 mark_density=0.903 exp_mean=827.6 addr_spec=3.556 addr_random=0.609 addr_full=0.1396 correct=176
  mpx-70 cover: trials=2700000 overall=0.7179 a0_nochange=0.9533 a0_change=1.0000 a1_nochange=0.0000 a1_change=0.9182 matched_but_wrong=0
  mpx-70 acc: trials=2700000 accuracy=0.9762
  mpx-70 traj: trials=2760000 wall=1979s knowledge=0.7168 reliable=201 spec=7.05 pop=1547
  mpx-70 diag: trials=2760000 micro=3306 pop_spec=7.12 spec_max=22 q_mean=0.602 q_max=1.000 q_above_half=1005 marked=0.354 mark_density=0.901 exp_mean=785.3 addr_spec=3.445 addr_random=0.610 addr_full=0.1241 correct=174
  mpx-70 cover: trials=2760000 overall=0.7168 a0_nochange=0.9610 a0_change=0.9919 a1_nochange=0.0000 a1_change=0.9141 matched_but_wrong=71
  mpx-70 acc: trials=2760000 accuracy=0.9794
  mpx-70 traj: trials=2820000 wall=1992s knowledge=0.7161 reliable=198 spec=7.07 pop=1509
  mpx-70 diag: trials=2820000 micro=3254 pop_spec=7.28 spec_max=22 q_mean=0.606 q_max=1.000 q_above_half=995 marked=0.364 mark_density=0.898 exp_mean=829.0 addr_spec=3.727 addr_random=0.624 addr_full=0.1392 correct=175
  mpx-70 cover: trials=2820000 overall=0.7161 a0_nochange=0.9654 a0_change=0.9919 a1_nochange=0.0000 a1_change=0.9072 matched_but_wrong=0
  mpx-70 acc: trials=2820000 accuracy=0.9824
  mpx-70 traj: trials=2880000 wall=2006s knowledge=0.7197 reliable=205 spec=7.10 pop=1474
  mpx-70 diag: trials=2880000 micro=3258 pop_spec=7.11 spec_max=22 q_mean=0.605 q_max=1.000 q_above_half=951 marked=0.379 mark_density=0.902 exp_mean=879.7 addr_spec=3.528 addr_random=0.610 addr_full=0.1336 correct=174
  mpx-70 cover: trials=2880000 overall=0.7197 a0_nochange=0.9653 a0_change=0.9919 a1_nochange=0.0000 a1_change=0.9216 matched_but_wrong=106
  mpx-70 acc: trials=2880000 accuracy=0.9802
  mpx-70 traj: trials=2940000 wall=2019s knowledge=0.7214 reliable=198 spec=7.05 pop=1510
  mpx-70 diag: trials=2940000 micro=3272 pop_spec=6.97 spec_max=22 q_mean=0.601 q_max=1.000 q_above_half=987 marked=0.377 mark_density=0.902 exp_mean=888.6 addr_spec=3.449 addr_random=0.598 addr_full=0.1305 correct=175
  mpx-70 cover: trials=2940000 overall=0.7214 a0_nochange=0.9660 a0_change=0.9922 a1_nochange=0.0000 a1_change=0.9273 matched_but_wrong=0
  mpx-70 acc: trials=2940000 accuracy=0.9869
  mpx-70 traj: trials=3000000 wall=2033s knowledge=0.7204 reliable=193 spec=7.05 pop=1526
  mpx-70 diag: trials=3000000 micro=3260 pop_spec=7.02 spec_max=22 q_mean=0.595 q_max=1.000 q_above_half=930 marked=0.360 mark_density=0.902 exp_mean=905.8 addr_spec=3.541 addr_random=0.602 addr_full=0.1298 correct=175
  mpx-70 cover: trials=3000000 overall=0.7204 a0_nochange=0.9668 a0_change=0.9914 a1_nochange=0.0000 a1_change=0.9231 matched_but_wrong=0
  mpx-70 acc: trials=3000000 accuracy=0.9836
  mpx-70 traj: trials=3060000 wall=2047s knowledge=0.7229 reliable=211 spec=7.05 pop=1452
  mpx-70 diag: trials=3060000 micro=3201 pop_spec=7.01 spec_max=22 q_mean=0.609 q_max=1.000 q_above_half=945 marked=0.354 mark_density=0.902 exp_mean=984.7 addr_spec=3.598 addr_random=0.601 addr_full=0.1343 correct=176
  mpx-70 cover: trials=3060000 overall=0.7229 a0_nochange=0.9708 a0_change=0.9984 a1_nochange=0.0000 a1_change=0.9222 matched_but_wrong=0
  mpx-70 acc: trials=3060000 accuracy=0.9846
  mpx-70 traj: trials=3120000 wall=2061s knowledge=0.7222 reliable=199 spec=7.06 pop=1541
  mpx-70 diag: trials=3120000 micro=3312 pop_spec=6.87 spec_max=22 q_mean=0.598 q_max=1.000 q_above_half=961 marked=0.389 mark_density=0.906 exp_mean=957.5 addr_spec=3.526 addr_random=0.589 addr_full=0.1259 correct=176
  mpx-70 cover: trials=3120000 overall=0.7222 a0_nochange=0.9778 a0_change=0.9914 a1_nochange=0.0000 a1_change=0.9193 matched_but_wrong=0
  mpx-70 acc: trials=3120000 accuracy=0.9823
  mpx-70 traj: trials=3180000 wall=2075s knowledge=0.7225 reliable=202 spec=7.01 pop=1447
  mpx-70 diag: trials=3180000 micro=3234 pop_spec=6.95 spec_max=22 q_mean=0.594 q_max=1.000 q_above_half=846 marked=0.368 mark_density=0.903 exp_mean=1049.8 addr_spec=3.515 addr_random=0.596 addr_full=0.1382 correct=176
  mpx-70 cover: trials=3180000 overall=0.7225 a0_nochange=0.9738 a0_change=0.9934 a1_nochange=0.0000 a1_change=0.9228 matched_but_wrong=0
  mpx-70 acc: trials=3180000 accuracy=0.9788
  mpx-70 traj: trials=3240000 wall=2089s knowledge=0.7285 reliable=206 spec=7.03 pop=1379
  mpx-70 diag: trials=3240000 micro=3161 pop_spec=7.05 spec_max=22 q_mean=0.605 q_max=1.000 q_above_half=862 marked=0.369 mark_density=0.899 exp_mean=1135.5 addr_spec=3.687 addr_random=0.604 addr_full=0.1574 correct=179
  mpx-70 cover: trials=3240000 overall=0.7285 a0_nochange=0.9774 a0_change=1.0000 a1_nochange=0.0000 a1_change=0.9364 matched_but_wrong=0
  mpx-70 acc: trials=3240000 accuracy=0.9860
  mpx-70 traj: trials=3300000 wall=2102s knowledge=0.7274 reliable=202 spec=7.02 pop=1408
  mpx-70 diag: trials=3300000 micro=3249 pop_spec=7.00 spec_max=22 q_mean=0.609 q_max=1.000 q_above_half=909 marked=0.367 mark_density=0.902 exp_mean=1135.6 addr_spec=3.714 addr_random=0.600 addr_full=0.1506 correct=179
  mpx-70 cover: trials=3300000 overall=0.7274 a0_nochange=0.9775 a0_change=1.0000 a1_nochange=0.0000 a1_change=0.9320 matched_but_wrong=0
  mpx-70 acc: trials=3300000 accuracy=0.9878
  mpx-70 traj: trials=3360000 wall=2116s knowledge=0.7279 reliable=204 spec=7.01 pop=1419
  mpx-70 diag: trials=3360000 micro=3217 pop_spec=7.01 spec_max=22 q_mean=0.603 q_max=1.000 q_above_half=891 marked=0.334 mark_density=0.900 exp_mean=1160.1 addr_spec=3.686 addr_random=0.601 addr_full=0.1480 correct=179
  mpx-70 cover: trials=3360000 overall=0.7279 a0_nochange=0.9775 a0_change=1.0000 a1_nochange=0.0000 a1_change=0.9341 matched_but_wrong=0
  mpx-70 acc: trials=3360000 accuracy=0.9849
  mpx-70 traj: trials=3420000 wall=2129s knowledge=0.7317 reliable=199 spec=7.01 pop=1470
  mpx-70 diag: trials=3420000 micro=3297 pop_spec=6.93 spec_max=22 q_mean=0.603 q_max=1.000 q_above_half=950 marked=0.365 mark_density=0.902 exp_mean=1146.4 addr_spec=3.459 addr_random=0.594 addr_full=0.1347 correct=180
  mpx-70 cover: trials=3420000 overall=0.7317 a0_nochange=0.9888 a0_change=1.0000 a1_nochange=0.0000 a1_change=0.9380 matched_but_wrong=0
  mpx-70 acc: trials=3420000 accuracy=0.9892
  mpx-70 traj: trials=3480000 wall=2143s knowledge=0.7299 reliable=195 spec=7.02 pop=1536
  mpx-70 diag: trials=3480000 micro=3366 pop_spec=6.91 spec_max=22 q_mean=0.600 q_max=1.000 q_above_half=946 marked=0.365 mark_density=0.902 exp_mean=1125.8 addr_spec=3.699 addr_random=0.592 addr_full=0.1322 correct=181
  mpx-70 cover: trials=3480000 overall=0.7299 a0_nochange=0.9851 a0_change=1.0000 a1_nochange=0.0000 a1_change=0.9346 matched_but_wrong=0
  mpx-70 acc: trials=3480000 accuracy=0.9884
  mpx-70 traj: trials=3540000 wall=2156s knowledge=0.7323 reliable=204 spec=7.03 pop=1371
  mpx-70 diag: trials=3540000 micro=3219 pop_spec=6.96 spec_max=22 q_mean=0.605 q_max=1.000 q_above_half=848 marked=0.362 mark_density=0.902 exp_mean=1295.7 addr_spec=3.621 addr_random=0.596 addr_full=0.1546 correct=181
  mpx-70 cover: trials=3540000 overall=0.7323 a0_nochange=0.9894 a0_change=1.0000 a1_nochange=0.0000 a1_change=0.9398 matched_but_wrong=0
  mpx-70 acc: trials=3540000 accuracy=0.9891
  mpx-70 traj: trials=3600000 wall=2170s knowledge=0.7320 reliable=205 spec=7.02 pop=1413
  mpx-70 diag: trials=3600000 micro=3232 pop_spec=6.89 spec_max=22 q_mean=0.602 q_max=1.000 q_above_half=887 marked=0.382 mark_density=0.904 exp_mean=1291.0 addr_spec=3.701 addr_random=0.591 addr_full=0.1444 correct=180
  mpx-70 cover: trials=3600000 overall=0.7320 a0_nochange=0.9894 a0_change=1.0000 a1_nochange=0.0000 a1_change=0.9386 matched_but_wrong=0
  mpx-70 acc: trials=3600000 accuracy=0.9850
  mpx-70 traj: trials=3660000 wall=2183s knowledge=0.7327 reliable=206 spec=7.02 pop=1396
  mpx-70 diag: trials=3660000 micro=3212 pop_spec=6.95 spec_max=22 q_mean=0.608 q_max=1.000 q_above_half=875 marked=0.374 mark_density=0.903 exp_mean=1339.6 addr_spec=3.656 addr_random=0.595 addr_full=0.1526 correct=181
  mpx-70 cover: trials=3660000 overall=0.7327 a0_nochange=0.9851 a0_change=1.0000 a1_nochange=0.0000 a1_change=0.9457 matched_but_wrong=0
  mpx-70 acc: trials=3660000 accuracy=0.9922
  mpx-70 traj: trials=3720000 wall=2197s knowledge=0.7349 reliable=208 spec=7.04 pop=1506
  mpx-70 diag: trials=3720000 micro=3358 pop_spec=6.81 spec_max=22 q_mean=0.606 q_max=1.000 q_above_half=951 marked=0.338 mark_density=0.904 exp_mean=1274.0 addr_spec=3.642 addr_random=0.583 addr_full=0.1381 correct=181
  mpx-70 cover: trials=3720000 overall=0.7349 a0_nochange=0.9904 a0_change=1.0000 a1_nochange=0.0000 a1_change=0.9492 matched_but_wrong=0
  mpx-70 acc: trials=3720000 accuracy=0.9846
  mpx-70 traj: trials=3780000 wall=2210s knowledge=0.7309 reliable=199 spec=7.00 pop=1429
  mpx-70 diag: trials=3780000 micro=3231 pop_spec=6.84 spec_max=22 q_mean=0.604 q_max=1.000 q_above_half=928 marked=0.348 mark_density=0.903 exp_mean=1374.2 addr_spec=3.728 addr_random=0.586 addr_full=0.1456 correct=182
  mpx-70 cover: trials=3780000 overall=0.7309 a0_nochange=0.9931 a0_change=1.0000 a1_nochange=0.0000 a1_change=0.9306 matched_but_wrong=0
  mpx-70 acc: trials=3780000 accuracy=0.9864
  mpx-70 traj: trials=3840000 wall=2222s knowledge=0.7346 reliable=205 spec=7.00 pop=1409
  mpx-70 diag: trials=3840000 micro=3224 pop_spec=6.80 spec_max=22 q_mean=0.614 q_max=1.000 q_above_half=955 marked=0.324 mark_density=0.904 exp_mean=1427.9 addr_spec=3.610 addr_random=0.583 addr_full=0.1448 correct=183
  mpx-70 cover: trials=3840000 overall=0.7346 a0_nochange=1.0000 a0_change=1.0000 a1_nochange=0.0000 a1_change=0.9381 matched_but_wrong=0
  mpx-70 acc: trials=3840000 accuracy=0.9902
  mpx-70 traj: trials=3900000 wall=2235s knowledge=0.7364 reliable=203 spec=7.04 pop=1369
  mpx-70 diag: trials=3900000 micro=3208 pop_spec=6.85 spec_max=22 q_mean=0.607 q_max=1.000 q_above_half=887 marked=0.321 mark_density=0.903 exp_mean=1499.8 addr_spec=3.682 addr_random=0.587 addr_full=0.1454 correct=183
  mpx-70 cover: trials=3900000 overall=0.7364 a0_nochange=1.0000 a0_change=1.0000 a1_nochange=0.0000 a1_change=0.9455 matched_but_wrong=25
  mpx-70 acc: trials=3900000 accuracy=0.9883
  mpx-70 traj: trials=3960000 wall=2247s knowledge=0.7336 reliable=204 spec=7.02 pop=1325
  mpx-70 diag: trials=3960000 micro=3194 pop_spec=6.77 spec_max=22 q_mean=0.607 q_max=1.000 q_above_half=821 marked=0.358 mark_density=0.906 exp_mean=1577.2 addr_spec=3.719 addr_random=0.580 addr_full=0.1608 correct=183
  mpx-70 cover: trials=3960000 overall=0.7336 a0_nochange=1.0000 a0_change=1.0000 a1_nochange=0.0000 a1_change=0.9342 matched_but_wrong=0
  mpx-70 acc: trials=3960000 accuracy=0.9872
  mpx-70 traj: trials=4020000 wall=2259s knowledge=0.7382 reliable=207 spec=7.02 pop=1411
  mpx-70 diag: trials=4020000 micro=3245 pop_spec=6.75 spec_max=22 q_mean=0.604 q_max=1.000 q_above_half=879 marked=0.380 mark_density=0.907 exp_mean=1515.7 addr_spec=3.685 addr_random=0.578 addr_full=0.1495 correct=184
  mpx-70 cover: trials=4020000 overall=0.7382 a0_nochange=1.0000 a0_change=1.0000 a1_nochange=0.0000 a1_change=0.9528 matched_but_wrong=0
  mpx-70 acc: trials=4020000 accuracy=0.9858
  mpx-70 traj: trials=4080000 wall=2272s knowledge=0.7392 reliable=200 spec=7.00 pop=1324
  mpx-70 diag: trials=4080000 micro=3149 pop_spec=6.80 spec_max=22 q_mean=0.608 q_max=1.000 q_above_half=856 marked=0.361 mark_density=0.906 exp_mean=1650.4 addr_spec=3.653 addr_random=0.583 addr_full=0.1533 correct=185
  mpx-70 cover: trials=4080000 overall=0.7392 a0_nochange=1.0000 a0_change=1.0000 a1_nochange=0.0000 a1_change=0.9568 matched_but_wrong=0
  mpx-70 acc: trials=4080000 accuracy=0.9937
  mpx-70 traj: trials=4140000 wall=2284s knowledge=0.7413 reliable=204 spec=7.01 pop=1335
  mpx-70 diag: trials=4140000 micro=3157 pop_spec=6.77 spec_max=22 q_mean=0.612 q_max=1.000 q_above_half=857 marked=0.399 mark_density=0.908 exp_mean=1672.4 addr_spec=3.750 addr_random=0.581 addr_full=0.1610 correct=185
  mpx-70 cover: trials=4140000 overall=0.7413 a0_nochange=1.0000 a0_change=1.0000 a1_nochange=0.0000 a1_change=0.9650 matched_but_wrong=0
  mpx-70 acc: trials=4140000 accuracy=0.9887
  mpx-70 traj: trials=4200000 wall=2296s knowledge=0.7393 reliable=205 spec=7.01 pop=1408
  mpx-70 diag: trials=4200000 micro=3270 pop_spec=6.74 spec_max=22 q_mean=0.601 q_max=1.000 q_above_half=925 marked=0.342 mark_density=0.907 exp_mean=1619.5 addr_spec=3.646 addr_random=0.578 addr_full=0.1470 correct=185
  mpx-70 cover: trials=4200000 overall=0.7393 a0_nochange=1.0000 a0_change=1.0000 a1_nochange=0.0000 a1_change=0.9572 matched_but_wrong=0
  mpx-70 acc: trials=4200000 accuracy=0.9867
  mpx-70 traj: trials=4260000 wall=2309s knowledge=0.7392 reliable=203 spec=7.02 pop=1282
  mpx-70 diag: trials=4260000 micro=3148 pop_spec=6.80 spec_max=22 q_mean=0.618 q_max=1.000 q_above_half=859 marked=0.342 mark_density=0.905 exp_mean=1814.2 addr_spec=3.900 addr_random=0.583 addr_full=0.1638 correct=186
  mpx-70 cover: trials=4260000 overall=0.7392 a0_nochange=1.0000 a0_change=1.0000 a1_nochange=0.0000 a1_change=0.9568 matched_but_wrong=0
  mpx-70 acc: trials=4260000 accuracy=0.9901
  mpx-70 traj: trials=4320000 wall=2320s knowledge=0.7399 reliable=204 spec=7.00 pop=1365
  mpx-70 diag: trials=4320000 micro=3212 pop_spec=6.69 spec_max=22 q_mean=0.598 q_max=1.000 q_above_half=828 marked=0.332 mark_density=0.908 exp_mean=1727.4 addr_spec=3.717 addr_random=0.573 addr_full=0.1495 correct=186
  mpx-70 cover: trials=4320000 overall=0.7399 a0_nochange=1.0000 a0_change=1.0000 a1_nochange=0.0000 a1_change=0.9595 matched_but_wrong=0
  mpx-70 acc: trials=4320000 accuracy=0.9869
  mpx-70 traj: trials=4380000 wall=2333s knowledge=0.7432 reliable=205 spec=7.05 pop=1430
  mpx-70 diag: trials=4380000 micro=3253 pop_spec=6.60 spec_max=22 q_mean=0.605 q_max=1.000 q_above_half=894 marked=0.365 mark_density=0.911 exp_mean=1682.8 addr_spec=3.737 addr_random=0.566 addr_full=0.1587 correct=187
  mpx-70 cover: trials=4380000 overall=0.7432 a0_nochange=1.0000 a0_change=1.0000 a1_nochange=0.0000 a1_change=0.9728 matched_but_wrong=0
  mpx-70 acc: trials=4380000 accuracy=0.9958
  mpx-70 traj: trials=4440000 wall=2345s knowledge=0.7427 reliable=205 spec=7.06 pop=1383
  mpx-70 diag: trials=4440000 micro=3270 pop_spec=6.66 spec_max=22 q_mean=0.605 q_max=1.000 q_above_half=856 marked=0.352 mark_density=0.910 exp_mean=1773.8 addr_spec=3.727 addr_random=0.571 addr_full=0.1576 correct=187
  mpx-70 cover: trials=4440000 overall=0.7427 a0_nochange=1.0000 a0_change=1.0000 a1_nochange=0.0000 a1_change=0.9708 matched_but_wrong=0
  mpx-70 acc: trials=4440000 accuracy=0.9929
  mpx-70 traj: trials=4500000 wall=2357s knowledge=0.7418 reliable=210 spec=7.05 pop=1308
  mpx-70 diag: trials=4500000 micro=3174 pop_spec=6.63 spec_max=22 q_mean=0.606 q_max=1.000 q_above_half=799 marked=0.354 mark_density=0.910 exp_mean=1911.8 addr_spec=3.491 addr_random=0.568 addr_full=0.1613 correct=187
  mpx-70 cover: trials=4500000 overall=0.7418 a0_nochange=1.0000 a0_change=1.0000 a1_nochange=0.0000 a1_change=0.9670 matched_but_wrong=330
  mpx-70 acc: trials=4500000 accuracy=0.9917
  mpx-70 traj: trials=4560000 wall=2370s knowledge=0.7420 reliable=204 spec=7.05 pop=1377
  mpx-70 diag: trials=4560000 micro=3180 pop_spec=6.61 spec_max=22 q_mean=0.606 q_max=1.000 q_above_half=896 marked=0.322 mark_density=0.909 exp_mean=1842.8 addr_spec=3.696 addr_random=0.567 addr_full=0.1547 correct=188
  mpx-70 cover: trials=4560000 overall=0.7420 a0_nochange=1.0000 a0_change=1.0000 a1_nochange=0.0000 a1_change=0.9679 matched_but_wrong=0
  mpx-70 acc: trials=4560000 accuracy=0.9926
  mpx-70 traj: trials=4620000 wall=2383s knowledge=0.7473 reliable=206 spec=7.08 pop=1400
  mpx-70 diag: trials=4620000 micro=3246 pop_spec=6.63 spec_max=22 q_mean=0.600 q_max=1.000 q_above_half=839 marked=0.380 mark_density=0.909 exp_mean=1847.2 addr_spec=3.662 addr_random=0.568 addr_full=0.1586 correct=190
  mpx-70 cover: trials=4620000 overall=0.7473 a0_nochange=1.0000 a0_change=1.0000 a1_nochange=0.0000 a1_change=0.9890 matched_but_wrong=28
  mpx-70 acc: trials=4620000 accuracy=0.9967
  mpx-70 traj: trials=4680000 wall=2396s knowledge=0.7491 reliable=206 spec=7.08 pop=1305
  mpx-70 diag: trials=4680000 micro=3223 pop_spec=6.59 spec_max=22 q_mean=0.607 q_max=1.000 q_above_half=793 marked=0.364 mark_density=0.910 exp_mean=2017.4 addr_spec=3.885 addr_random=0.565 addr_full=0.1655 correct=191
  mpx-70 cover: trials=4680000 overall=0.7491 a0_nochange=1.0000 a0_change=1.0000 a1_nochange=0.0000 a1_change=0.9963 matched_but_wrong=0
  mpx-70 acc: trials=4680000 accuracy=0.9992
  mpx-70 traj: trials=4740000 wall=2408s knowledge=0.7496 reliable=207 spec=7.05 pop=1326
  mpx-70 diag: trials=4740000 micro=3178 pop_spec=6.60 spec_max=22 q_mean=0.613 q_max=1.000 q_above_half=892 marked=0.357 mark_density=0.909 exp_mean=2008.0 addr_spec=3.649 addr_random=0.566 addr_full=0.1599 correct=191
  mpx-70 cover: trials=4740000 overall=0.7496 a0_nochange=1.0000 a0_change=1.0000 a1_nochange=0.0000 a1_change=0.9983 matched_but_wrong=0
  mpx-70 acc: trials=4740000 accuracy=0.9992
  mpx-70 traj: trials=4800000 wall=2421s knowledge=0.7500 reliable=206 spec=7.05 pop=1414
  mpx-70 diag: trials=4800000 micro=3260 pop_spec=6.62 spec_max=22 q_mean=0.602 q_max=1.000 q_above_half=843 marked=0.388 mark_density=0.909 exp_mean=1916.7 addr_spec=3.684 addr_random=0.568 addr_full=0.1570 correct=192
  mpx-70 cover: trials=4800000 overall=0.7500 a0_nochange=1.0000 a0_change=1.0000 a1_nochange=0.0000 a1_change=1.0000 matched_but_wrong=0
  mpx-70 acc: trials=4800000 accuracy=1.0000
  mpx-70 traj: trials=4860000 wall=2434s knowledge=0.7500 reliable=210 spec=7.04 pop=1313
  mpx-70 diag: trials=4860000 micro=3175 pop_spec=6.58 spec_max=22 q_mean=0.613 q_max=1.000 q_above_half=855 marked=0.346 mark_density=0.910 exp_mean=2100.1 addr_spec=3.858 addr_random=0.564 addr_full=0.1554 correct=192
  mpx-70 cover: trials=4860000 overall=0.7500 a0_nochange=1.0000 a0_change=1.0000 a1_nochange=0.0000 a1_change=1.0000 matched_but_wrong=0
  mpx-70 acc: trials=4860000 accuracy=1.0000
  mpx-70 traj: trials=4920000 wall=2446s knowledge=0.7500 reliable=212 spec=7.04 pop=1388
  mpx-70 diag: trials=4920000 micro=3267 pop_spec=6.50 spec_max=22 q_mean=0.599 q_max=1.000 q_above_half=829 marked=0.387 mark_density=0.912 exp_mean=2022.1 addr_spec=3.629 addr_random=0.557 addr_full=0.1542 correct=192
  mpx-70 cover: trials=4920000 overall=0.7500 a0_nochange=1.0000 a0_change=1.0000 a1_nochange=0.0000 a1_change=1.0000 matched_but_wrong=0
  mpx-70 acc: trials=4920000 accuracy=1.0000
  mpx-70 traj: trials=4980000 wall=2458s knowledge=0.7500 reliable=204 spec=7.04 pop=1277
  mpx-70 diag: trials=4980000 micro=3177 pop_spec=6.56 spec_max=22 q_mean=0.610 q_max=1.000 q_above_half=803 marked=0.348 mark_density=0.910 exp_mean=2235.0 addr_spec=3.886 addr_random=0.562 addr_full=0.1668 correct=192
  mpx-70 cover: trials=4980000 overall=0.7500 a0_nochange=1.0000 a0_change=1.0000 a1_nochange=0.0000 a1_change=1.0000 matched_but_wrong=0
  mpx-70 acc: trials=4980000 accuracy=1.0000
  mpx-70 traj: trials=5040000 wall=2471s knowledge=0.7500 reliable=203 spec=7.04 pop=1360
  mpx-70 diag: trials=5040000 micro=3256 pop_spec=6.54 spec_max=22 q_mean=0.602 q_max=1.000 q_above_half=807 marked=0.409 mark_density=0.911 exp_mean=2119.8 addr_spec=3.770 addr_random=0.560 addr_full=0.1603 correct=192
  mpx-70 cover: trials=5040000 overall=0.7500 a0_nochange=1.0000 a0_change=1.0000 a1_nochange=0.0000 a1_change=1.0000 matched_but_wrong=154
  mpx-70 acc: trials=5040000 accuracy=1.0000
  mpx-70 traj: trials=5100000 wall=2483s knowledge=0.7500 reliable=203 spec=7.09 pop=1381
  mpx-70 diag: trials=5100000 micro=3245 pop_spec=6.60 spec_max=22 q_mean=0.604 q_max=1.000 q_above_half=889 marked=0.353 mark_density=0.909 exp_mean=2122.2 addr_spec=3.831 addr_random=0.566 addr_full=0.1593 correct=192
  mpx-70 cover: trials=5100000 overall=0.7500 a0_nochange=1.0000 a0_change=1.0000 a1_nochange=0.0000 a1_change=1.0000 matched_but_wrong=0
  mpx-70 acc: trials=5100000 accuracy=1.0000
  mpx-70 traj: trials=5160000 wall=2496s knowledge=0.7500 reliable=205 spec=7.09 pop=1320
  mpx-70 diag: trials=5160000 micro=3168 pop_spec=6.58 spec_max=22 q_mean=0.608 q_max=1.000 q_above_half=809 marked=0.361 mark_density=0.911 exp_mean=2256.4 addr_spec=3.854 addr_random=0.564 addr_full=0.1712 correct=192
  mpx-70 cover: trials=5160000 overall=0.7500 a0_nochange=1.0000 a0_change=1.0000 a1_nochange=0.0000 a1_change=1.0000 matched_but_wrong=0
  mpx-70 acc: trials=5160000 accuracy=1.0000
  mpx-70 traj: trials=5220000 wall=2508s knowledge=0.7500 reliable=200 spec=7.09 pop=1272
  mpx-70 diag: trials=5220000 micro=3135 pop_spec=6.49 spec_max=22 q_mean=0.607 q_max=1.000 q_above_half=798 marked=0.347 mark_density=0.912 exp_mean=2379.0 addr_spec=3.693 addr_random=0.556 addr_full=0.1612 correct=192
  mpx-70 cover: trials=5220000 overall=0.7500 a0_nochange=1.0000 a0_change=1.0000 a1_nochange=0.0000 a1_change=1.0000 matched_but_wrong=0
  mpx-70 acc: trials=5220000 accuracy=1.0000
  mpx-70 traj: trials=5280000 wall=2520s knowledge=0.7500 reliable=208 spec=7.09 pop=1317
  mpx-70 diag: trials=5280000 micro=3210 pop_spec=6.51 spec_max=22 q_mean=0.611 q_max=1.000 q_above_half=846 marked=0.352 mark_density=0.912 exp_mean=2335.0 addr_spec=3.825 addr_random=0.558 addr_full=0.1777 correct=192
  mpx-70 cover: trials=5280000 overall=0.7500 a0_nochange=1.0000 a0_change=1.0000 a1_nochange=0.0000 a1_change=1.0000 matched_but_wrong=0
  mpx-70 acc: trials=5280000 accuracy=1.0000
  mpx-70 traj: trials=5340000 wall=2533s knowledge=0.7500 reliable=203 spec=7.09 pop=1417
  mpx-70 diag: trials=5340000 micro=3297 pop_spec=6.50 spec_max=22 q_mean=0.600 q_max=1.000 q_above_half=879 marked=0.379 mark_density=0.911 exp_mean=2204.0 addr_spec=3.634 addr_random=0.557 addr_full=0.1461 correct=192
  mpx-70 cover: trials=5340000 overall=0.7500 a0_nochange=1.0000 a0_change=1.0000 a1_nochange=0.0000 a1_change=1.0000 matched_but_wrong=0
  mpx-70 acc: trials=5340000 accuracy=1.0000
  mpx-70 traj: trials=5400000 wall=2545s knowledge=0.7500 reliable=201 spec=7.09 pop=1254
  mpx-70 diag: trials=5400000 micro=3123 pop_spec=6.55 spec_max=22 q_mean=0.610 q_max=1.000 q_above_half=800 marked=0.360 mark_density=0.910 exp_mean=2527.9 addr_spec=3.601 addr_random=0.561 addr_full=0.1627 correct=192
  mpx-70 cover: trials=5400000 overall=0.7500 a0_nochange=1.0000 a0_change=1.0000 a1_nochange=0.0000 a1_change=1.0000 matched_but_wrong=0
  mpx-70 acc: trials=5400000 accuracy=1.0000
  mpx-70 traj: trials=5460000 wall=2557s knowledge=0.7500 reliable=206 spec=7.09 pop=1367
  mpx-70 diag: trials=5460000 micro=3252 pop_spec=6.54 spec_max=22 q_mean=0.610 q_max=1.000 q_above_half=876 marked=0.368 mark_density=0.910 exp_mean=2355.1 addr_spec=3.800 addr_random=0.560 addr_full=0.1617 correct=192
  mpx-70 cover: trials=5460000 overall=0.7500 a0_nochange=1.0000 a0_change=1.0000 a1_nochange=0.0000 a1_change=1.0000 matched_but_wrong=0
  mpx-70 acc: trials=5460000 accuracy=1.0000
  mpx-70 traj: trials=5520000 wall=2569s knowledge=0.7500 reliable=204 spec=7.09 pop=1326
  mpx-70 diag: trials=5520000 micro=3183 pop_spec=6.49 spec_max=22 q_mean=0.607 q_max=1.000 q_above_half=825 marked=0.359 mark_density=0.911 exp_mean=2463.0 addr_spec=3.602 addr_random=0.557 addr_full=0.1614 correct=192
  mpx-70 cover: trials=5520000 overall=0.7500 a0_nochange=1.0000 a0_change=1.0000 a1_nochange=0.0000 a1_change=1.0000 matched_but_wrong=0
  mpx-70 acc: trials=5520000 accuracy=1.0000
  mpx-70 traj: trials=5580000 wall=2581s knowledge=0.7500 reliable=208 spec=7.09 pop=1360
  mpx-70 diag: trials=5580000 micro=3203 pop_spec=6.48 spec_max=22 q_mean=0.606 q_max=1.000 q_above_half=866 marked=0.355 mark_density=0.912 exp_mean=2437.5 addr_spec=3.611 addr_random=0.556 addr_full=0.1566 correct=192
  mpx-70 cover: trials=5580000 overall=0.7500 a0_nochange=1.0000 a0_change=1.0000 a1_nochange=0.0000 a1_change=1.0000 matched_but_wrong=0
  mpx-70 acc: trials=5580000 accuracy=1.0000
  mpx-70 traj: trials=5640000 wall=2593s knowledge=0.7500 reliable=205 spec=7.09 pop=1367
  mpx-70 diag: trials=5640000 micro=3240 pop_spec=6.47 spec_max=22 q_mean=0.603 q_max=1.000 q_above_half=821 marked=0.373 mark_density=0.912 exp_mean=2460.4 addr_spec=3.619 addr_random=0.554 addr_full=0.1551 correct=192
  mpx-70 cover: trials=5640000 overall=0.7500 a0_nochange=1.0000 a0_change=1.0000 a1_nochange=0.0000 a1_change=1.0000 matched_but_wrong=0
  mpx-70 acc: trials=5640000 accuracy=1.0000
  mpx-70 traj: trials=5700000 wall=2605s knowledge=0.7500 reliable=200 spec=7.09 pop=1277
  mpx-70 diag: trials=5700000 micro=3144 pop_spec=6.50 spec_max=22 q_mean=0.612 q_max=1.000 q_above_half=834 marked=0.341 mark_density=0.913 exp_mean=2669.8 addr_spec=3.921 addr_random=0.557 addr_full=0.1684 correct=192
  mpx-70 cover: trials=5700000 overall=0.7500 a0_nochange=1.0000 a0_change=1.0000 a1_nochange=0.0000 a1_change=1.0000 matched_but_wrong=108
  mpx-70 acc: trials=5700000 accuracy=1.0000
  mpx-70 traj: trials=5760000 wall=2616s knowledge=0.7500 reliable=209 spec=7.09 pop=1332
  mpx-70 diag: trials=5760000 micro=3211 pop_spec=6.49 spec_max=22 q_mean=0.600 q_max=1.000 q_above_half=808 marked=0.378 mark_density=0.912 exp_mean=2596.7 addr_spec=3.854 addr_random=0.557 addr_full=0.1607 correct=192
  mpx-70 cover: trials=5760000 overall=0.7500 a0_nochange=1.0000 a0_change=1.0000 a1_nochange=0.0000 a1_change=1.0000 matched_but_wrong=0
  mpx-70 acc: trials=5760000 accuracy=1.0000
  mpx-70 traj: trials=5820000 wall=2628s knowledge=0.7500 reliable=202 spec=7.09 pop=1298
  mpx-70 diag: trials=5820000 micro=3179 pop_spec=6.50 spec_max=22 q_mean=0.606 q_max=1.000 q_above_half=804 marked=0.351 mark_density=0.912 exp_mean=2701.2 addr_spec=3.728 addr_random=0.557 addr_full=0.1672 correct=192
  mpx-70 cover: trials=5820000 overall=0.7500 a0_nochange=1.0000 a0_change=1.0000 a1_nochange=0.0000 a1_change=1.0000 matched_but_wrong=0
  mpx-70 acc: trials=5820000 accuracy=1.0000
  mpx-70 traj: trials=5880000 wall=2639s knowledge=0.7500 reliable=203 spec=7.09 pop=1418
  mpx-70 diag: trials=5880000 micro=3269 pop_spec=6.52 spec_max=22 q_mean=0.598 q_max=1.000 q_above_half=856 marked=0.394 mark_density=0.912 exp_mean=2506.6 addr_spec=3.706 addr_random=0.559 addr_full=0.1481 correct=192
  mpx-70 cover: trials=5880000 overall=0.7500 a0_nochange=1.0000 a0_change=1.0000 a1_nochange=0.0000 a1_change=1.0000 matched_but_wrong=0
  mpx-70 acc: trials=5880000 accuracy=1.0000
  mpx-70 traj: trials=5940000 wall=2651s knowledge=0.7500 reliable=207 spec=7.09 pop=1293
  mpx-70 diag: trials=5940000 micro=3184 pop_spec=6.52 spec_max=22 q_mean=0.609 q_max=1.000 q_above_half=784 marked=0.341 mark_density=0.911 exp_mean=2786.2 addr_spec=3.740 addr_random=0.559 addr_full=0.1663 correct=192
  mpx-70 cover: trials=5940000 overall=0.7500 a0_nochange=1.0000 a0_change=1.0000 a1_nochange=0.0000 a1_change=1.0000 matched_but_wrong=0
  mpx-70 acc: trials=5940000 accuracy=1.0000
  mpx-70 traj: trials=6000000 wall=2663s knowledge=0.7500 reliable=208 spec=7.09 pop=1320
  mpx-70 diag: trials=6000000 micro=3195 pop_spec=6.47 spec_max=22 q_mean=0.607 q_max=1.000 q_above_half=825 marked=0.337 mark_density=0.912 exp_mean=2765.5 addr_spec=3.580 addr_random=0.555 addr_full=0.1591 correct=192
  mpx-70 cover: trials=6000000 overall=0.7500 a0_nochange=1.0000 a0_change=1.0000 a1_nochange=0.0000 a1_change=1.0000 matched_but_wrong=0
  mpx-70 acc: trials=6000000 accuracy=1.0000
  mpx-70 traj: trials=6060000 wall=2675s knowledge=0.7500 reliable=209 spec=7.09 pop=1395
  mpx-70 diag: trials=6060000 micro=3251 pop_spec=6.48 spec_max=22 q_mean=0.609 q_max=1.000 q_above_half=888 marked=0.379 mark_density=0.911 exp_mean=2652.4 addr_spec=3.795 addr_random=0.555 addr_full=0.1548 correct=192
  mpx-70 cover: trials=6060000 overall=0.7500 a0_nochange=1.0000 a0_change=1.0000 a1_nochange=0.0000 a1_change=1.0000 matched_but_wrong=0
  mpx-70 acc: trials=6060000 accuracy=1.0000
  mpx-70 traj: trials=6120000 wall=2687s knowledge=0.7500 reliable=204 spec=7.09 pop=1295
  mpx-70 diag: trials=6120000 micro=3171 pop_spec=6.52 spec_max=22 q_mean=0.609 q_max=1.000 q_above_half=812 marked=0.370 mark_density=0.910 exp_mean=2893.7 addr_spec=3.947 addr_random=0.559 addr_full=0.1730 correct=192
  mpx-70 cover: trials=6120000 overall=0.7500 a0_nochange=1.0000 a0_change=1.0000 a1_nochange=0.0000 a1_change=1.0000 matched_but_wrong=0
  mpx-70 acc: trials=6120000 accuracy=1.0000
  mpx-70 traj: trials=6180000 wall=2698s knowledge=0.7500 reliable=206 spec=7.09 pop=1331
  mpx-70 diag: trials=6180000 micro=3250 pop_spec=6.49 spec_max=22 q_mean=0.609 q_max=1.000 q_above_half=826 marked=0.375 mark_density=0.912 exp_mean=2851.1 addr_spec=3.662 addr_random=0.556 addr_full=0.1608 correct=192
  mpx-70 cover: trials=6180000 overall=0.7500 a0_nochange=1.0000 a0_change=1.0000 a1_nochange=0.0000 a1_change=1.0000 matched_but_wrong=0
  mpx-70 acc: trials=6180000 accuracy=1.0000
  mpx-70 traj: trials=6240000 wall=2710s knowledge=0.7500 reliable=209 spec=7.09 pop=1402
  mpx-70 diag: trials=6240000 micro=3234 pop_spec=6.49 spec_max=22 q_mean=0.599 q_max=1.000 q_above_half=844 marked=0.369 mark_density=0.912 exp_mean=2740.9 addr_spec=3.678 addr_random=0.556 addr_full=0.1641 correct=192
  mpx-70 cover: trials=6240000 overall=0.7500 a0_nochange=1.0000 a0_change=1.0000 a1_nochange=0.0000 a1_change=1.0000 matched_but_wrong=0
  mpx-70 acc: trials=6240000 accuracy=1.0000
  mpx-70 traj: trials=6300000 wall=2723s knowledge=0.7500 reliable=210 spec=7.09 pop=1304
  mpx-70 diag: trials=6300000 micro=3159 pop_spec=6.47 spec_max=22 q_mean=0.613 q_max=1.000 q_above_half=843 marked=0.367 mark_density=0.911 exp_mean=2985.0 addr_spec=3.689 addr_random=0.555 addr_full=0.1587 correct=192
  mpx-70 cover: trials=6300000 overall=0.7500 a0_nochange=1.0000 a0_change=1.0000 a1_nochange=0.0000 a1_change=1.0000 matched_but_wrong=0
  mpx-70 acc: trials=6300000 accuracy=1.0000
  mpx-70 traj: trials=6360000 wall=2736s knowledge=0.7500 reliable=207 spec=7.09 pop=1365
  mpx-70 diag: trials=6360000 micro=3216 pop_spec=6.49 spec_max=22 q_mean=0.610 q_max=1.000 q_above_half=902 marked=0.337 mark_density=0.912 exp_mean=2886.5 addr_spec=3.790 addr_random=0.556 addr_full=0.1634 correct=192
  mpx-70 cover: trials=6360000 overall=0.7500 a0_nochange=1.0000 a0_change=1.0000 a1_nochange=0.0000 a1_change=1.0000 matched_but_wrong=0
  mpx-70 acc: trials=6360000 accuracy=1.0000
  mpx-70 traj: trials=6420000 wall=2748s knowledge=0.7500 reliable=205 spec=7.09 pop=1369
  mpx-70 diag: trials=6420000 micro=3236 pop_spec=6.52 spec_max=22 q_mean=0.604 q_max=1.000 q_above_half=855 marked=0.348 mark_density=0.911 exp_mean=2911.9 addr_spec=3.747 addr_random=0.559 addr_full=0.1541 correct=192
  mpx-70 cover: trials=6420000 overall=0.7500 a0_nochange=1.0000 a0_change=1.0000 a1_nochange=0.0000 a1_change=1.0000 matched_but_wrong=0
  mpx-70 acc: trials=6420000 accuracy=1.0000
  mpx-70 traj: trials=6480000 wall=2761s knowledge=0.7500 reliable=208 spec=7.09 pop=1346
  mpx-70 diag: trials=6480000 micro=3189 pop_spec=6.50 spec_max=22 q_mean=0.605 q_max=1.000 q_above_half=813 marked=0.374 mark_density=0.912 exp_mean=2998.0 addr_spec=3.619 addr_random=0.557 addr_full=0.1575 correct=192
  mpx-70 cover: trials=6480000 overall=0.7500 a0_nochange=1.0000 a0_change=1.0000 a1_nochange=0.0000 a1_change=1.0000 matched_but_wrong=0
  mpx-70 acc: trials=6480000 accuracy=1.0000
  mpx-70 traj: trials=6540000 wall=2774s knowledge=0.7500 reliable=209 spec=7.09 pop=1316
  mpx-70 diag: trials=6540000 micro=3182 pop_spec=6.57 spec_max=22 q_mean=0.619 q_max=1.000 q_above_half=862 marked=0.362 mark_density=0.910 exp_mean=3103.1 addr_spec=3.690 addr_random=0.563 addr_full=0.1672 correct=192
  mpx-70 cover: trials=6540000 overall=0.7500 a0_nochange=1.0000 a0_change=1.0000 a1_nochange=0.0000 a1_change=1.0000 matched_but_wrong=100
  mpx-70 acc: trials=6540000 accuracy=1.0000
  mpx-70 traj: trials=6600000 wall=2786s knowledge=0.7500 reliable=205 spec=7.09 pop=1287
  mpx-70 diag: trials=6600000 micro=3170 pop_spec=6.51 spec_max=22 q_mean=0.607 q_max=1.000 q_above_half=791 marked=0.356 mark_density=0.911 exp_mean=3209.6 addr_spec=3.877 addr_random=0.558 addr_full=0.1655 correct=192
  mpx-70 cover: trials=6600000 overall=0.7500 a0_nochange=1.0000 a0_change=1.0000 a1_nochange=0.0000 a1_change=1.0000 matched_but_wrong=0
  mpx-70 acc: trials=6600000 accuracy=1.0000
  mpx-70 traj: trials=6660000 wall=2798s knowledge=0.7500 reliable=207 spec=7.09 pop=1315
  mpx-70 diag: trials=6660000 micro=3190 pop_spec=6.48 spec_max=22 q_mean=0.606 q_max=1.000 q_above_half=813 marked=0.360 mark_density=0.913 exp_mean=3178.3 addr_spec=3.576 addr_random=0.555 addr_full=0.1582 correct=192
  mpx-70 cover: trials=6660000 overall=0.7500 a0_nochange=1.0000 a0_change=1.0000 a1_nochange=0.0000 a1_change=1.0000 matched_but_wrong=0
  mpx-70 acc: trials=6660000 accuracy=1.0000
  mpx-70 traj: trials=6720000 wall=2811s knowledge=0.7500 reliable=206 spec=7.09 pop=1247
  mpx-70 diag: trials=6720000 micro=3149 pop_spec=6.48 spec_max=22 q_mean=0.615 q_max=1.000 q_above_half=790 marked=0.348 mark_density=0.911 exp_mean=3389.6 addr_spec=3.824 addr_random=0.555 addr_full=0.1652 correct=192
  mpx-70 cover: trials=6720000 overall=0.7500 a0_nochange=1.0000 a0_change=1.0000 a1_nochange=0.0000 a1_change=1.0000 matched_but_wrong=0
  mpx-70 acc: trials=6720000 accuracy=1.0000
  mpx-70 traj: trials=6780000 wall=2823s knowledge=0.7500 reliable=203 spec=7.09 pop=1281
  mpx-70 diag: trials=6780000 micro=3170 pop_spec=6.48 spec_max=22 q_mean=0.607 q_max=1.000 q_above_half=798 marked=0.353 mark_density=0.911 exp_mean=3337.2 addr_spec=3.748 addr_random=0.556 addr_full=0.1608 correct=192
  mpx-70 cover: trials=6780000 overall=0.7500 a0_nochange=1.0000 a0_change=1.0000 a1_nochange=0.0000 a1_change=1.0000 matched_but_wrong=0
  mpx-70 acc: trials=6780000 accuracy=1.0000
  mpx-70 traj: trials=6840000 wall=2836s knowledge=0.7500 reliable=205 spec=7.09 pop=1268
  mpx-70 diag: trials=6840000 micro=3155 pop_spec=6.42 spec_max=22 q_mean=0.608 q_max=1.000 q_above_half=782 marked=0.378 mark_density=0.913 exp_mean=3408.9 addr_spec=3.623 addr_random=0.550 addr_full=0.1672 correct=192
  mpx-70 cover: trials=6840000 overall=0.7500 a0_nochange=1.0000 a0_change=1.0000 a1_nochange=0.0000 a1_change=1.0000 matched_but_wrong=82
  mpx-70 acc: trials=6840000 accuracy=1.0000
  mpx-70 traj: trials=6900000 wall=2848s knowledge=0.7500 reliable=204 spec=7.10 pop=1326
  mpx-70 diag: trials=6900000 micro=3183 pop_spec=6.47 spec_max=22 q_mean=0.618 q_max=1.000 q_above_half=896 marked=0.322 mark_density=0.911 exp_mean=3296.1 addr_spec=3.755 addr_random=0.555 addr_full=0.1606 correct=192
  mpx-70 cover: trials=6900000 overall=0.7500 a0_nochange=1.0000 a0_change=1.0000 a1_nochange=0.0000 a1_change=1.0000 matched_but_wrong=76
  mpx-70 acc: trials=6900000 accuracy=1.0000
  mpx-70 traj: trials=6960000 wall=2861s knowledge=0.7500 reliable=202 spec=7.10 pop=1275
  mpx-70 diag: trials=6960000 micro=3196 pop_spec=6.47 spec_max=22 q_mean=0.608 q_max=1.000 q_above_half=801 marked=0.338 mark_density=0.911 exp_mean=3465.3 addr_spec=3.845 addr_random=0.554 addr_full=0.1686 correct=192
  mpx-70 cover: trials=6960000 overall=0.7500 a0_nochange=1.0000 a0_change=1.0000 a1_nochange=0.0000 a1_change=1.0000 matched_but_wrong=0
  mpx-70 acc: trials=6960000 accuracy=1.0000
  mpx-70 traj: trials=7020000 wall=2874s knowledge=0.7500 reliable=205 spec=7.10 pop=1290
  mpx-70 diag: trials=7020000 micro=3172 pop_spec=6.52 spec_max=22 q_mean=0.608 q_max=1.000 q_above_half=814 marked=0.327 mark_density=0.910 exp_mean=3462.6 addr_spec=3.752 addr_random=0.559 addr_full=0.1705 correct=192
  mpx-70 cover: trials=7020000 overall=0.7500 a0_nochange=1.0000 a0_change=1.0000 a1_nochange=0.0000 a1_change=1.0000 matched_but_wrong=0
  mpx-70 acc: trials=7020000 accuracy=1.0000
  mpx-70 traj: trials=7080000 wall=2885s knowledge=0.7500 reliable=205 spec=7.10 pop=1282
  mpx-70 diag: trials=7080000 micro=3194 pop_spec=6.50 spec_max=22 q_mean=0.610 q_max=1.000 q_above_half=817 marked=0.360 mark_density=0.910 exp_mean=3522.0 addr_spec=3.787 addr_random=0.557 addr_full=0.1615 correct=192
  mpx-70 cover: trials=7080000 overall=0.7500 a0_nochange=1.0000 a0_change=1.0000 a1_nochange=0.0000 a1_change=1.0000 matched_but_wrong=0
  mpx-70 acc: trials=7080000 accuracy=1.0000
  mpx-70 traj: trials=7140000 wall=2897s knowledge=0.7500 reliable=213 spec=7.09 pop=1354
  mpx-70 diag: trials=7140000 micro=3221 pop_spec=6.44 spec_max=22 q_mean=0.599 q_max=1.000 q_above_half=808 marked=0.383 mark_density=0.911 exp_mean=3371.0 addr_spec=3.832 addr_random=0.552 addr_full=0.1544 correct=192
  mpx-70 cover: trials=7140000 overall=0.7500 a0_nochange=1.0000 a0_change=1.0000 a1_nochange=0.0000 a1_change=1.0000 matched_but_wrong=0
  mpx-70 acc: trials=7140000 accuracy=1.0000
  mpx-70 traj: trials=7200000 wall=2909s knowledge=0.7500 reliable=209 spec=7.09 pop=1241
  mpx-70 diag: trials=7200000 micro=3083 pop_spec=6.47 spec_max=22 q_mean=0.614 q_max=1.000 q_above_half=795 marked=0.329 mark_density=0.911 exp_mean=3715.8 addr_spec=3.798 addr_random=0.554 addr_full=0.1821 correct=192
  mpx-70 cover: trials=7200000 overall=0.7500 a0_nochange=1.0000 a0_change=1.0000 a1_nochange=0.0000 a1_change=1.0000 matched_but_wrong=0
  mpx-70 acc: trials=7200000 accuracy=1.0000
  mpx-70 traj: trials=7260000 wall=2921s knowledge=0.7500 reliable=209 spec=7.10 pop=1352
  mpx-70 diag: trials=7260000 micro=3180 pop_spec=6.43 spec_max=22 q_mean=0.618 q_max=1.000 q_above_half=937 marked=0.348 mark_density=0.913 exp_mean=3446.9 addr_spec=3.807 addr_random=0.551 addr_full=0.1627 correct=192
  mpx-70 cover: trials=7260000 overall=0.7500 a0_nochange=1.0000 a0_change=1.0000 a1_nochange=0.0000 a1_change=1.0000 matched_but_wrong=0
  mpx-70 acc: trials=7260000 accuracy=1.0000
  mpx-70 traj: trials=7320000 wall=2933s knowledge=0.7500 reliable=206 spec=7.10 pop=1307
  mpx-70 diag: trials=7320000 micro=3160 pop_spec=6.44 spec_max=22 q_mean=0.604 q_max=1.000 q_above_half=837 marked=0.327 mark_density=0.912 exp_mean=3601.2 addr_spec=3.778 addr_random=0.552 addr_full=0.1607 correct=192
  mpx-70 cover: trials=7320000 overall=0.7500 a0_nochange=1.0000 a0_change=1.0000 a1_nochange=0.0000 a1_change=1.0000 matched_but_wrong=0
  mpx-70 acc: trials=7320000 accuracy=1.0000
  mpx-70 traj: trials=7380000 wall=2944s knowledge=0.7500 reliable=202 spec=7.10 pop=1272
  mpx-70 diag: trials=7380000 micro=3128 pop_spec=6.48 spec_max=22 q_mean=0.611 q_max=1.000 q_above_half=811 marked=0.361 mark_density=0.911 exp_mean=3738.4 addr_spec=3.784 addr_random=0.555 addr_full=0.1737 correct=192
  mpx-70 cover: trials=7380000 overall=0.7500 a0_nochange=1.0000 a0_change=1.0000 a1_nochange=0.0000 a1_change=1.0000 matched_but_wrong=0
  mpx-70 acc: trials=7380000 accuracy=1.0000
  mpx-70 traj: trials=7440000 wall=2956s knowledge=0.7500 reliable=206 spec=7.10 pop=1315
  mpx-70 diag: trials=7440000 micro=3186 pop_spec=6.47 spec_max=22 q_mean=0.603 q_max=1.000 q_above_half=808 marked=0.390 mark_density=0.912 exp_mean=3653.2 addr_spec=3.723 addr_random=0.555 addr_full=0.1620 correct=192
  mpx-70 cover: trials=7440000 overall=0.7500 a0_nochange=1.0000 a0_change=1.0000 a1_nochange=0.0000 a1_change=1.0000 matched_but_wrong=0
  mpx-70 acc: trials=7440000 accuracy=1.0000
  mpx-70 traj: trials=7500000 wall=2968s knowledge=0.7500 reliable=204 spec=7.10 pop=1398
  mpx-70 diag: trials=7500000 micro=3261 pop_spec=6.42 spec_max=22 q_mean=0.600 q_max=1.000 q_above_half=811 marked=0.367 mark_density=0.914 exp_mean=3470.5 addr_spec=3.602 addr_random=0.550 addr_full=0.1488 correct=192
  mpx-70 cover: trials=7500000 overall=0.7500 a0_nochange=1.0000 a0_change=1.0000 a1_nochange=0.0000 a1_change=1.0000 matched_but_wrong=0
  mpx-70 acc: trials=7500000 accuracy=1.0000
  mpx-70 traj: trials=7560000 wall=2980s knowledge=0.7500 reliable=203 spec=7.10 pop=1315
  mpx-70 diag: trials=7560000 micro=3202 pop_spec=6.43 spec_max=22 q_mean=0.606 q_max=1.000 q_above_half=825 marked=0.371 mark_density=0.912 exp_mean=3725.8 addr_spec=3.690 addr_random=0.551 addr_full=0.1605 correct=192
  mpx-70 cover: trials=7560000 overall=0.7500 a0_nochange=1.0000 a0_change=1.0000 a1_nochange=0.0000 a1_change=1.0000 matched_but_wrong=0
  mpx-70 acc: trials=7560000 accuracy=1.0000
  mpx-70 traj: trials=7620000 wall=2991s knowledge=0.7500 reliable=201 spec=7.10 pop=1279
  mpx-70 diag: trials=7620000 micro=3163 pop_spec=6.41 spec_max=22 q_mean=0.608 q_max=1.000 q_above_half=820 marked=0.378 mark_density=0.912 exp_mean=3867.6 addr_spec=3.870 addr_random=0.549 addr_full=0.1736 correct=192
  mpx-70 cover: trials=7620000 overall=0.7500 a0_nochange=1.0000 a0_change=1.0000 a1_nochange=0.0000 a1_change=1.0000 matched_but_wrong=0
  mpx-70 acc: trials=7620000 accuracy=1.0000
  mpx-70 traj: trials=7680000 wall=3003s knowledge=0.7500 reliable=203 spec=7.10 pop=1238
  mpx-70 diag: trials=7680000 micro=3119 pop_spec=6.40 spec_max=22 q_mean=0.612 q_max=1.000 q_above_half=800 marked=0.331 mark_density=0.913 exp_mean=4034.2 addr_spec=3.812 addr_random=0.549 addr_full=0.1640 correct=192
  mpx-70 cover: trials=7680000 overall=0.7500 a0_nochange=1.0000 a0_change=1.0000 a1_nochange=0.0000 a1_change=1.0000 matched_but_wrong=0
  mpx-70 acc: trials=7680000 accuracy=1.0000
  mpx-70 traj: trials=7740000 wall=3015s knowledge=0.7500 reliable=205 spec=7.10 pop=1399
  mpx-70 diag: trials=7740000 micro=3239 pop_spec=6.50 spec_max=22 q_mean=0.608 q_max=1.000 q_above_half=901 marked=0.351 mark_density=0.911 exp_mean=3604.8 addr_spec=3.592 addr_random=0.557 addr_full=0.1544 correct=192
  mpx-70 cover: trials=7740000 overall=0.7500 a0_nochange=1.0000 a0_change=1.0000 a1_nochange=0.0000 a1_change=1.0000 matched_but_wrong=0
  mpx-70 acc: trials=7740000 accuracy=1.0000
  mpx-70 traj: trials=7800000 wall=3027s knowledge=0.7500 reliable=208 spec=7.10 pop=1273
  mpx-70 diag: trials=7800000 micro=3158 pop_spec=6.51 spec_max=22 q_mean=0.615 q_max=1.000 q_above_half=775 marked=0.362 mark_density=0.910 exp_mean=3999.6 addr_spec=3.889 addr_random=0.558 addr_full=0.1681 correct=192
  mpx-70 cover: trials=7800000 overall=0.7500 a0_nochange=1.0000 a0_change=1.0000 a1_nochange=0.0000 a1_change=1.0000 matched_but_wrong=0
  mpx-70 acc: trials=7800000 accuracy=1.0000
  mpx-70 traj: trials=7860000 wall=3039s knowledge=0.7500 reliable=204 spec=7.10 pop=1298
  mpx-70 diag: trials=7860000 micro=3172 pop_spec=6.42 spec_max=22 q_mean=0.611 q_max=1.000 q_above_half=832 marked=0.351 mark_density=0.911 exp_mean=3959.1 addr_spec=3.787 addr_random=0.550 addr_full=0.1587 correct=192
  mpx-70 cover: trials=7860000 overall=0.7500 a0_nochange=1.0000 a0_change=1.0000 a1_nochange=0.0000 a1_change=1.0000 matched_but_wrong=0
  mpx-70 acc: trials=7860000 accuracy=1.0000
  mpx-70 traj: trials=7920000 wall=3051s knowledge=0.7500 reliable=204 spec=7.10 pop=1215
  mpx-70 diag: trials=7920000 micro=3094 pop_spec=6.45 spec_max=22 q_mean=0.615 q_max=1.000 q_above_half=802 marked=0.358 mark_density=0.913 exp_mean=4269.0 addr_spec=3.641 addr_random=0.553 addr_full=0.1737 correct=192
  mpx-70 cover: trials=7920000 overall=0.7500 a0_nochange=1.0000 a0_change=1.0000 a1_nochange=0.0000 a1_change=1.0000 matched_but_wrong=0
  mpx-70 acc: trials=7920000 accuracy=1.0000
  mpx-70 traj: trials=7980000 wall=3063s knowledge=0.7500 reliable=204 spec=7.10 pop=1272
  mpx-70 diag: trials=7980000 micro=3159 pop_spec=6.48 spec_max=22 q_mean=0.608 q_max=1.000 q_above_half=753 marked=0.351 mark_density=0.912 exp_mean=4115.5 addr_spec=3.730 addr_random=0.556 addr_full=0.1714 correct=192
  mpx-70 cover: trials=7980000 overall=0.7500 a0_nochange=1.0000 a0_change=1.0000 a1_nochange=0.0000 a1_change=1.0000 matched_but_wrong=0
  mpx-70 acc: trials=7980000 accuracy=1.0000
  mpx-70 traj: trials=8040000 wall=3076s knowledge=0.7500 reliable=205 spec=7.10 pop=1405
  mpx-70 diag: trials=8040000 micro=3258 pop_spec=6.45 spec_max=22 q_mean=0.597 q_max=1.000 q_above_half=845 marked=0.363 mark_density=0.912 exp_mean=3760.0 addr_spec=3.590 addr_random=0.553 addr_full=0.1495 correct=192
  mpx-70 cover: trials=8040000 overall=0.7500 a0_nochange=1.0000 a0_change=1.0000 a1_nochange=0.0000 a1_change=1.0000 matched_but_wrong=0
  mpx-70 acc: trials=8040000 accuracy=1.0000
  mpx-70 traj: trials=8100000 wall=3089s knowledge=0.7500 reliable=207 spec=7.10 pop=1334
  mpx-70 diag: trials=8100000 micro=3237 pop_spec=6.49 spec_max=22 q_mean=0.606 q_max=1.000 q_above_half=839 marked=0.364 mark_density=0.912 exp_mean=3996.3 addr_spec=3.723 addr_random=0.556 addr_full=0.1597 correct=192
  mpx-70 cover: trials=8100000 overall=0.7500 a0_nochange=1.0000 a0_change=1.0000 a1_nochange=0.0000 a1_change=1.0000 matched_but_wrong=0
  mpx-70 acc: trials=8100000 accuracy=1.0000
  mpx-70 traj: trials=8160000 wall=3101s knowledge=0.7500 reliable=206 spec=7.10 pop=1315
  mpx-70 diag: trials=8160000 micro=3177 pop_spec=6.45 spec_max=22 q_mean=0.603 q_max=1.000 q_above_half=810 marked=0.389 mark_density=0.913 exp_mean=4090.6 addr_spec=3.719 addr_random=0.553 addr_full=0.1627 correct=192
  mpx-70 cover: trials=8160000 overall=0.7500 a0_nochange=1.0000 a0_change=1.0000 a1_nochange=0.0000 a1_change=1.0000 matched_but_wrong=0
  mpx-70 acc: trials=8160000 accuracy=1.0000
  mpx-70 traj: trials=8220000 wall=3114s knowledge=0.7500 reliable=200 spec=7.10 pop=1283
  mpx-70 diag: trials=8220000 micro=3185 pop_spec=6.55 spec_max=22 q_mean=0.604 q_max=1.000 q_above_half=799 marked=0.339 mark_density=0.910 exp_mean=4228.8 addr_spec=3.723 addr_random=0.561 addr_full=0.1754 correct=192
  mpx-70 cover: trials=8220000 overall=0.7500 a0_nochange=1.0000 a0_change=1.0000 a1_nochange=0.0000 a1_change=1.0000 matched_but_wrong=0
  mpx-70 acc: trials=8220000 accuracy=1.0000
  mpx-70 traj: trials=8280000 wall=3126s knowledge=0.7500 reliable=207 spec=7.10 pop=1262
  mpx-70 diag: trials=8280000 micro=3142 pop_spec=6.46 spec_max=22 q_mean=0.612 q_max=1.000 q_above_half=804 marked=0.320 mark_density=0.911 exp_mean=4338.2 addr_spec=3.712 addr_random=0.554 addr_full=0.1680 correct=192
  mpx-70 cover: trials=8280000 overall=0.7500 a0_nochange=1.0000 a0_change=1.0000 a1_nochange=0.0000 a1_change=1.0000 matched_but_wrong=0
  mpx-70 acc: trials=8280000 accuracy=1.0000
  mpx-70 traj: trials=8340000 wall=3139s knowledge=0.7500 reliable=206 spec=7.10 pop=1385
  mpx-70 diag: trials=8340000 micro=3267 pop_spec=6.44 spec_max=22 q_mean=0.598 q_max=1.000 q_above_half=816 marked=0.391 mark_density=0.912 exp_mean=3988.4 addr_spec=3.632 addr_random=0.552 addr_full=0.1581 correct=192
  mpx-70 cover: trials=8340000 overall=0.7500 a0_nochange=1.0000 a0_change=1.0000 a1_nochange=0.0000 a1_change=1.0000 matched_but_wrong=0
  mpx-70 acc: trials=8340000 accuracy=1.0000
  mpx-70 traj: trials=8400000 wall=3151s knowledge=0.7500 reliable=207 spec=7.10 pop=1238
  mpx-70 diag: trials=8400000 micro=3127 pop_spec=6.44 spec_max=22 q_mean=0.602 q_max=1.000 q_above_half=720 marked=0.384 mark_density=0.912 exp_mean=4499.6 addr_spec=3.724 addr_random=0.552 addr_full=0.1729 correct=192
  mpx-70 cover: trials=8400000 overall=0.7500 a0_nochange=1.0000 a0_change=1.0000 a1_nochange=0.0000 a1_change=1.0000 matched_but_wrong=0
  mpx-70 acc: trials=8400000 accuracy=1.0000
  mpx-70 traj: trials=8460000 wall=3164s knowledge=0.7500 reliable=204 spec=7.10 pop=1394
  mpx-70 diag: trials=8460000 micro=3258 pop_spec=6.48 spec_max=22 q_mean=0.604 q_max=1.000 q_above_half=880 marked=0.340 mark_density=0.911 exp_mean=4030.3 addr_spec=3.804 addr_random=0.556 addr_full=0.1542 correct=192
  mpx-70 cover: trials=8460000 overall=0.7500 a0_nochange=1.0000 a0_change=1.0000 a1_nochange=0.0000 a1_change=1.0000 matched_but_wrong=0
  mpx-70 acc: trials=8460000 accuracy=1.0000
  mpx-70 traj: trials=8520000 wall=3176s knowledge=0.7500 reliable=201 spec=7.05 pop=1407
  mpx-70 diag: trials=8520000 micro=3278 pop_spec=6.39 spec_max=22 q_mean=0.593 q_max=1.000 q_above_half=814 marked=0.357 mark_density=0.915 exp_mean=4027.1 addr_spec=3.615 addr_random=0.548 addr_full=0.1528 correct=192
  mpx-70 cover: trials=8520000 overall=0.7500 a0_nochange=1.0000 a0_change=1.0000 a1_nochange=0.0000 a1_change=1.0000 matched_but_wrong=0
  mpx-70 acc: trials=8520000 accuracy=1.0000
  mpx-70 traj: trials=8580000 wall=3189s knowledge=0.7500 reliable=206 spec=7.05 pop=1378
  mpx-70 diag: trials=8580000 micro=3258 pop_spec=6.44 spec_max=22 q_mean=0.601 q_max=1.000 q_above_half=845 marked=0.384 mark_density=0.912 exp_mean=4147.3 addr_spec=3.633 addr_random=0.552 addr_full=0.1495 correct=192
  mpx-70 cover: trials=8580000 overall=0.7500 a0_nochange=1.0000 a0_change=1.0000 a1_nochange=0.0000 a1_change=1.0000 matched_but_wrong=0
  mpx-70 acc: trials=8580000 accuracy=1.0000
  mpx-70 traj: trials=8640000 wall=3202s knowledge=0.7500 reliable=204 spec=7.05 pop=1261
  mpx-70 diag: trials=8640000 micro=3150 pop_spec=6.48 spec_max=22 q_mean=0.618 q_max=1.000 q_above_half=841 marked=0.362 mark_density=0.913 exp_mean=4569.4 addr_spec=3.864 addr_random=0.555 addr_full=0.1618 correct=192
  mpx-70 cover: trials=8640000 overall=0.7500 a0_nochange=1.0000 a0_change=1.0000 a1_nochange=0.0000 a1_change=1.0000 matched_but_wrong=0
  mpx-70 acc: trials=8640000 accuracy=1.0000
  mpx-70 traj: trials=8700000 wall=3214s knowledge=0.7500 reliable=205 spec=7.05 pop=1318
  mpx-70 diag: trials=8700000 micro=3236 pop_spec=6.45 spec_max=22 q_mean=0.607 q_max=1.000 q_above_half=832 marked=0.354 mark_density=0.912 exp_mean=4408.6 addr_spec=3.788 addr_random=0.553 addr_full=0.1654 correct=192
  mpx-70 cover: trials=8700000 overall=0.7500 a0_nochange=1.0000 a0_change=1.0000 a1_nochange=0.0000 a1_change=1.0000 matched_but_wrong=0
  mpx-70 acc: trials=8700000 accuracy=1.0000
  mpx-70 traj: trials=8760000 wall=3227s knowledge=0.7500 reliable=201 spec=7.05 pop=1226
  mpx-70 diag: trials=8760000 micro=3085 pop_spec=6.48 spec_max=22 q_mean=0.611 q_max=1.000 q_above_half=776 marked=0.340 mark_density=0.912 exp_mean=4778.0 addr_spec=3.765 addr_random=0.555 addr_full=0.1721 correct=192
  mpx-70 cover: trials=8760000 overall=0.7500 a0_nochange=1.0000 a0_change=1.0000 a1_nochange=0.0000 a1_change=1.0000 matched_but_wrong=0
  mpx-70 acc: trials=8760000 accuracy=1.0000
  mpx-70 traj: trials=8820000 wall=3239s knowledge=0.7500 reliable=205 spec=7.05 pop=1310
  mpx-70 diag: trials=8820000 micro=3181 pop_spec=6.45 spec_max=22 q_mean=0.604 q_max=1.000 q_above_half=772 marked=0.376 mark_density=0.912 exp_mean=4509.1 addr_spec=3.964 addr_random=0.553 addr_full=0.1718 correct=192
  mpx-70 cover: trials=8820000 overall=0.7500 a0_nochange=1.0000 a0_change=1.0000 a1_nochange=0.0000 a1_change=1.0000 matched_but_wrong=0
  mpx-70 acc: trials=8820000 accuracy=1.0000
  mpx-70 traj: trials=8880000 wall=3250s knowledge=0.7500 reliable=214 spec=7.05 pop=1367
  mpx-70 diag: trials=8880000 micro=3238 pop_spec=6.47 spec_max=22 q_mean=0.608 q_max=1.000 q_above_half=849 marked=0.364 mark_density=0.912 exp_mean=4356.3 addr_spec=3.645 addr_random=0.554 addr_full=0.1624 correct=192
  mpx-70 cover: trials=8880000 overall=0.7500 a0_nochange=1.0000 a0_change=1.0000 a1_nochange=0.0000 a1_change=1.0000 matched_but_wrong=101
  mpx-70 acc: trials=8880000 accuracy=1.0000
  mpx-70 traj: trials=8940000 wall=3262s knowledge=0.7500 reliable=201 spec=7.05 pop=1313
  mpx-70 diag: trials=8940000 micro=3199 pop_spec=6.46 spec_max=22 q_mean=0.607 q_max=1.000 q_above_half=798 marked=0.379 mark_density=0.912 exp_mean=4571.2 addr_spec=3.820 addr_random=0.554 addr_full=0.1744 correct=192
  mpx-70 cover: trials=8940000 overall=0.7500 a0_nochange=1.0000 a0_change=1.0000 a1_nochange=0.0000 a1_change=1.0000 matched_but_wrong=0
  mpx-70 acc: trials=8940000 accuracy=1.0000
  mpx-70 traj: trials=9000000 wall=3274s knowledge=0.7500 reliable=205 spec=7.00 pop=1387
  mpx-70 diag: trials=9000000 micro=3259 pop_spec=6.46 spec_max=22 q_mean=0.606 q_max=1.000 q_above_half=875 marked=0.351 mark_density=0.911 exp_mean=4362.4 addr_spec=3.523 addr_random=0.553 addr_full=0.1572 correct=192
  mpx-70 cover: trials=9000000 overall=0.7500 a0_nochange=1.0000 a0_change=1.0000 a1_nochange=0.0000 a1_change=1.0000 matched_but_wrong=0
  mpx-70 acc: trials=9000000 accuracy=1.0000
  mpx-70 traj: trials=9060000 wall=3286s knowledge=0.7500 reliable=200 spec=7.00 pop=1284
  mpx-70 diag: trials=9060000 micro=3187 pop_spec=6.43 spec_max=22 q_mean=0.601 q_max=1.000 q_above_half=757 marked=0.368 mark_density=0.911 exp_mean=4749.2 addr_spec=3.738 addr_random=0.551 addr_full=0.1674 correct=192
  mpx-70 cover: trials=9060000 overall=0.7500 a0_nochange=1.0000 a0_change=1.0000 a1_nochange=0.0000 a1_change=1.0000 matched_but_wrong=0
  mpx-70 acc: trials=9060000 accuracy=1.0000
  mpx-70 traj: trials=9120000 wall=3297s knowledge=0.7500 reliable=200 spec=7.00 pop=1269
  mpx-70 diag: trials=9120000 micro=3170 pop_spec=6.43 spec_max=22 q_mean=0.612 q_max=1.000 q_above_half=810 marked=0.308 mark_density=0.912 exp_mean=4843.2 addr_spec=3.734 addr_random=0.551 addr_full=0.1686 correct=192
  mpx-70 cover: trials=9120000 overall=0.7500 a0_nochange=1.0000 a0_change=1.0000 a1_nochange=0.0000 a1_change=1.0000 matched_but_wrong=0
  mpx-70 acc: trials=9120000 accuracy=1.0000
  mpx-70 traj: trials=9180000 wall=3309s knowledge=0.7500 reliable=197 spec=7.00 pop=1240
  mpx-70 diag: trials=9180000 micro=3183 pop_spec=6.47 spec_max=22 q_mean=0.604 q_max=1.000 q_above_half=762 marked=0.338 mark_density=0.911 exp_mean=4994.7 addr_spec=3.716 addr_random=0.555 addr_full=0.1637 correct=192
  mpx-70 cover: trials=9180000 overall=0.7500 a0_nochange=1.0000 a0_change=1.0000 a1_nochange=0.0000 a1_change=1.0000 matched_but_wrong=0
  mpx-70 acc: trials=9180000 accuracy=1.0000
  mpx-70 traj: trials=9240000 wall=3320s knowledge=0.7500 reliable=209 spec=7.00 pop=1228
  mpx-70 diag: trials=9240000 micro=3117 pop_spec=6.46 spec_max=22 q_mean=0.611 q_max=1.000 q_above_half=754 marked=0.349 mark_density=0.911 exp_mean=5083.3 addr_spec=3.837 addr_random=0.554 addr_full=0.1783 correct=192
  mpx-70 cover: trials=9240000 overall=0.7500 a0_nochange=1.0000 a0_change=1.0000 a1_nochange=0.0000 a1_change=1.0000 matched_but_wrong=189
  mpx-70 acc: trials=9240000 accuracy=1.0000
  mpx-70 traj: trials=9300000 wall=3332s knowledge=0.7500 reliable=204 spec=7.00 pop=1385
  mpx-70 diag: trials=9300000 micro=3271 pop_spec=6.38 spec_max=22 q_mean=0.604 q_max=1.000 q_above_half=855 marked=0.342 mark_density=0.913 exp_mean=4542.1 addr_spec=3.709 addr_random=0.547 addr_full=0.1625 correct=192
  mpx-70 cover: trials=9300000 overall=0.7500 a0_nochange=1.0000 a0_change=1.0000 a1_nochange=0.0000 a1_change=1.0000 matched_but_wrong=0
  mpx-70 acc: trials=9300000 accuracy=1.0000
  mpx-70 traj: trials=9360000 wall=3344s knowledge=0.7500 reliable=204 spec=7.00 pop=1279
  mpx-70 diag: trials=9360000 micro=3146 pop_spec=6.44 spec_max=22 q_mean=0.614 q_max=1.000 q_above_half=829 marked=0.360 mark_density=0.912 exp_mean=4956.0 addr_spec=3.775 addr_random=0.552 addr_full=0.1665 correct=192
  mpx-70 cover: trials=9360000 overall=0.7500 a0_nochange=1.0000 a0_change=1.0000 a1_nochange=0.0000 a1_change=1.0000 matched_but_wrong=0
  mpx-70 acc: trials=9360000 accuracy=1.0000
  mpx-70 traj: trials=9420000 wall=3355s knowledge=0.7500 reliable=201 spec=7.00 pop=1321
  mpx-70 diag: trials=9420000 micro=3183 pop_spec=6.38 spec_max=22 q_mean=0.606 q_max=1.000 q_above_half=837 marked=0.349 mark_density=0.912 exp_mean=4834.7 addr_spec=3.661 addr_random=0.547 addr_full=0.1612 correct=192
  mpx-70 cover: trials=9420000 overall=0.7500 a0_nochange=1.0000 a0_change=1.0000 a1_nochange=0.0000 a1_change=1.0000 matched_but_wrong=0
  mpx-70 acc: trials=9420000 accuracy=1.0000
  mpx-70 traj: trials=9480000 wall=3367s knowledge=0.7500 reliable=200 spec=7.00 pop=1277
  mpx-70 diag: trials=9480000 micro=3156 pop_spec=6.46 spec_max=22 q_mean=0.604 q_max=1.000 q_above_half=764 marked=0.355 mark_density=0.911 exp_mean=5038.0 addr_spec=3.810 addr_random=0.554 addr_full=0.1707 correct=192
  mpx-70 cover: trials=9480000 overall=0.7500 a0_nochange=1.0000 a0_change=1.0000 a1_nochange=0.0000 a1_change=1.0000 matched_but_wrong=109
  mpx-70 acc: trials=9480000 accuracy=1.0000
  mpx-70 traj: trials=9540000 wall=3379s knowledge=0.7500 reliable=208 spec=7.00 pop=1373
  mpx-70 diag: trials=9540000 micro=3215 pop_spec=6.36 spec_max=22 q_mean=0.607 q_max=1.000 q_above_half=884 marked=0.388 mark_density=0.913 exp_mean=4722.1 addr_spec=3.719 addr_random=0.546 addr_full=0.1573 correct=192
  mpx-70 cover: trials=9540000 overall=0.7500 a0_nochange=1.0000 a0_change=1.0000 a1_nochange=0.0000 a1_change=1.0000 matched_but_wrong=0
  mpx-70 acc: trials=9540000 accuracy=1.0000
  mpx-70 traj: trials=9600000 wall=3391s knowledge=0.7500 reliable=204 spec=7.00 pop=1248
  mpx-70 diag: trials=9600000 micro=3131 pop_spec=6.38 spec_max=22 q_mean=0.609 q_max=1.000 q_above_half=786 marked=0.349 mark_density=0.912 exp_mean=5233.0 addr_spec=3.729 addr_random=0.547 addr_full=0.1643 correct=192
  mpx-70 cover: trials=9600000 overall=0.7500 a0_nochange=1.0000 a0_change=1.0000 a1_nochange=0.0000 a1_change=1.0000 matched_but_wrong=165
  mpx-70 acc: trials=9600000 accuracy=1.0000
  mpx-70 traj: trials=9660000 wall=3403s knowledge=0.7500 reliable=205 spec=7.00 pop=1348
  mpx-70 diag: trials=9660000 micro=3243 pop_spec=6.50 spec_max=22 q_mean=0.610 q_max=1.000 q_above_half=845 marked=0.332 mark_density=0.910 exp_mean=4880.8 addr_spec=3.645 addr_random=0.557 addr_full=0.1558 correct=192
  mpx-70 cover: trials=9660000 overall=0.7500 a0_nochange=1.0000 a0_change=1.0000 a1_nochange=0.0000 a1_change=1.0000 matched_but_wrong=0
  mpx-70 acc: trials=9660000 accuracy=1.0000
  mpx-70 traj: trials=9720000 wall=3415s knowledge=0.7500 reliable=205 spec=7.00 pop=1315
  mpx-70 diag: trials=9720000 micro=3211 pop_spec=6.38 spec_max=22 q_mean=0.609 q_max=1.000 q_above_half=857 marked=0.341 mark_density=0.913 exp_mean=5039.7 addr_spec=3.734 addr_random=0.547 addr_full=0.1643 correct=192
  mpx-70 cover: trials=9720000 overall=0.7500 a0_nochange=1.0000 a0_change=1.0000 a1_nochange=0.0000 a1_change=1.0000 matched_but_wrong=0
  mpx-70 acc: trials=9720000 accuracy=1.0000
  mpx-70 traj: trials=9780000 wall=3428s knowledge=0.7500 reliable=203 spec=7.06 pop=1271
  mpx-70 diag: trials=9780000 micro=3161 pop_spec=6.38 spec_max=22 q_mean=0.607 q_max=1.000 q_above_half=776 marked=0.383 mark_density=0.914 exp_mean=5251.3 addr_spec=3.644 addr_random=0.547 addr_full=0.1613 correct=192
  mpx-70 cover: trials=9780000 overall=0.7500 a0_nochange=1.0000 a0_change=1.0000 a1_nochange=0.0000 a1_change=1.0000 matched_but_wrong=0
  mpx-70 acc: trials=9780000 accuracy=1.0000
  mpx-70 traj: trials=9840000 wall=3440s knowledge=0.7500 reliable=206 spec=7.06 pop=1261
  mpx-70 diag: trials=9840000 micro=3124 pop_spec=6.41 spec_max=22 q_mean=0.611 q_max=1.000 q_above_half=818 marked=0.338 mark_density=0.911 exp_mean=5331.9 addr_spec=3.776 addr_random=0.549 addr_full=0.1705 correct=192
  mpx-70 cover: trials=9840000 overall=0.7500 a0_nochange=1.0000 a0_change=1.0000 a1_nochange=0.0000 a1_change=1.0000 matched_but_wrong=0
  mpx-70 acc: trials=9840000 accuracy=1.0000
  mpx-70 traj: trials=9900000 wall=3452s knowledge=0.7500 reliable=206 spec=7.06 pop=1231
  mpx-70 diag: trials=9900000 micro=3140 pop_spec=6.42 spec_max=22 q_mean=0.613 q_max=1.000 q_above_half=776 marked=0.341 mark_density=0.913 exp_mean=5499.7 addr_spec=3.777 addr_random=0.551 addr_full=0.1706 correct=192
  mpx-70 cover: trials=9900000 overall=0.7500 a0_nochange=1.0000 a0_change=1.0000 a1_nochange=0.0000 a1_change=1.0000 matched_but_wrong=0
  mpx-70 acc: trials=9900000 accuracy=1.0000
  mpx-70 traj: trials=9960000 wall=3464s knowledge=0.7500 reliable=202 spec=7.06 pop=1298
  mpx-70 diag: trials=9960000 micro=3164 pop_spec=6.38 spec_max=22 q_mean=0.605 q_max=1.000 q_above_half=801 marked=0.366 mark_density=0.913 exp_mean=5252.9 addr_spec=3.674 addr_random=0.547 addr_full=0.1626 correct=192
  mpx-70 cover: trials=9960000 overall=0.7500 a0_nochange=1.0000 a0_change=1.0000 a1_nochange=0.0000 a1_change=1.0000 matched_but_wrong=0
  mpx-70 acc: trials=9960000 accuracy=1.0000
  mpx-70 traj: trials=10020000 wall=3477s knowledge=0.7500 reliable=201 spec=7.06 pop=1321
  mpx-70 diag: trials=10020000 micro=3194 pop_spec=6.42 spec_max=22 q_mean=0.608 q_max=1.000 q_above_half=833 marked=0.387 mark_density=0.913 exp_mean=5197.7 addr_spec=3.631 addr_random=0.551 addr_full=0.1628 correct=192
  mpx-70 cover: trials=10020000 overall=0.7500 a0_nochange=1.0000 a0_change=1.0000 a1_nochange=0.0000 a1_change=1.0000 matched_but_wrong=0
  mpx-70 acc: trials=10020000 accuracy=1.0000
  mpx-70 traj: trials=10080000 wall=3489s knowledge=0.7500 reliable=203 spec=7.06 pop=1418
  mpx-70 diag: trials=10080000 micro=3283 pop_spec=6.43 spec_max=22 q_mean=0.602 q_max=1.000 q_above_half=900 marked=0.343 mark_density=0.912 exp_mean=4876.4 addr_spec=3.807 addr_random=0.551 addr_full=0.1537 correct=192
  mpx-70 cover: trials=10080000 overall=0.7500 a0_nochange=1.0000 a0_change=1.0000 a1_nochange=0.0000 a1_change=1.0000 matched_but_wrong=0
  mpx-70 acc: trials=10080000 accuracy=1.0000
  mpx-70 traj: trials=10140000 wall=3502s knowledge=0.7500 reliable=210 spec=7.05 pop=1302
  mpx-70 diag: trials=10140000 micro=3160 pop_spec=6.43 spec_max=22 q_mean=0.608 q_max=1.000 q_above_half=815 marked=0.336 mark_density=0.912 exp_mean=5347.5 addr_spec=3.703 addr_random=0.551 addr_full=0.1674 correct=192
  mpx-70 cover: trials=10140000 overall=0.7500 a0_nochange=1.0000 a0_change=1.0000 a1_nochange=0.0000 a1_change=1.0000 matched_but_wrong=0
  mpx-70 acc: trials=10140000 accuracy=1.0000
  mpx-70 traj: trials=10200000 wall=3514s knowledge=0.7500 reliable=202 spec=7.06 pop=1261
  mpx-70 diag: trials=10200000 micro=3146 pop_spec=6.43 spec_max=22 q_mean=0.619 q_max=1.000 q_above_half=846 marked=0.324 mark_density=0.911 exp_mean=5559.1 addr_spec=3.833 addr_random=0.551 addr_full=0.1681 correct=192
  mpx-70 cover: trials=10200000 overall=0.7500 a0_nochange=1.0000 a0_change=1.0000 a1_nochange=0.0000 a1_change=1.0000 matched_but_wrong=0
  mpx-70 acc: trials=10200000 accuracy=1.0000
  mpx-70 traj: trials=10260000 wall=3527s knowledge=0.7500 reliable=202 spec=7.06 pop=1252
  mpx-70 diag: trials=10260000 micro=3130 pop_spec=6.44 spec_max=22 q_mean=0.608 q_max=1.000 q_above_half=772 marked=0.351 mark_density=0.911 exp_mean=5637.7 addr_spec=3.888 addr_random=0.552 addr_full=0.1757 correct=192
  mpx-70 cover: trials=10260000 overall=0.7500 a0_nochange=1.0000 a0_change=1.0000 a1_nochange=0.0000 a1_change=1.0000 matched_but_wrong=0
  mpx-70 acc: trials=10260000 accuracy=1.0000
  mpx-70 traj: trials=10320000 wall=3539s knowledge=0.7500 reliable=199 spec=7.06 pop=1355
  mpx-70 diag: trials=10320000 micro=3214 pop_spec=6.41 spec_max=22 q_mean=0.601 q_max=1.000 q_above_half=843 marked=0.356 mark_density=0.912 exp_mean=5244.3 addr_spec=3.799 addr_random=0.549 addr_full=0.1587 correct=192
  mpx-70 cover: trials=10320000 overall=0.7500 a0_nochange=1.0000 a0_change=1.0000 a1_nochange=0.0000 a1_change=1.0000 matched_but_wrong=0
  mpx-70 acc: trials=10320000 accuracy=1.0000
  mpx-70 traj: trials=10380000 wall=3551s knowledge=0.7500 reliable=203 spec=7.06 pop=1323
  mpx-70 diag: trials=10380000 micro=3218 pop_spec=6.36 spec_max=22 q_mean=0.606 q_max=1.000 q_above_half=830 marked=0.351 mark_density=0.912 exp_mean=5407.5 addr_spec=3.723 addr_random=0.546 addr_full=0.1648 correct=192
  mpx-70 cover: trials=10380000 overall=0.7500 a0_nochange=1.0000 a0_change=1.0000 a1_nochange=0.0000 a1_change=1.0000 matched_but_wrong=0
  mpx-70 acc: trials=10380000 accuracy=1.0000
  mpx-70 traj: trials=10440000 wall=3564s knowledge=0.7500 reliable=200 spec=7.06 pop=1354
  mpx-70 diag: trials=10440000 micro=3231 pop_spec=6.40 spec_max=22 q_mean=0.603 q_max=1.000 q_above_half=842 marked=0.342 mark_density=0.913 exp_mean=5318.8 addr_spec=3.699 addr_random=0.549 addr_full=0.1588 correct=192
  mpx-70 cover: trials=10440000 overall=0.7500 a0_nochange=1.0000 a0_change=1.0000 a1_nochange=0.0000 a1_change=1.0000 matched_but_wrong=0
  mpx-70 acc: trials=10440000 accuracy=1.0000
  mpx-70 traj: trials=10500000 wall=3576s knowledge=0.7500 reliable=204 spec=7.06 pop=1286
  mpx-70 diag: trials=10500000 micro=3190 pop_spec=6.39 spec_max=22 q_mean=0.605 q_max=1.000 q_above_half=785 marked=0.371 mark_density=0.913 exp_mean=5637.6 addr_spec=3.876 addr_random=0.547 addr_full=0.1687 correct=192
  mpx-70 cover: trials=10500000 overall=0.7500 a0_nochange=1.0000 a0_change=1.0000 a1_nochange=0.0000 a1_change=1.0000 matched_but_wrong=134
  mpx-70 acc: trials=10500000 accuracy=1.0000
  mpx-70 traj: trials=10560000 wall=3588s knowledge=0.7500 reliable=204 spec=7.06 pop=1382
  mpx-70 diag: trials=10560000 micro=3229 pop_spec=6.39 spec_max=22 q_mean=0.612 q_max=1.000 q_above_half=948 marked=0.362 mark_density=0.913 exp_mean=5281.6 addr_spec=3.726 addr_random=0.547 addr_full=0.1614 correct=192
  mpx-70 cover: trials=10560000 overall=0.7500 a0_nochange=1.0000 a0_change=1.0000 a1_nochange=0.0000 a1_change=1.0000 matched_but_wrong=0
  mpx-70 acc: trials=10560000 accuracy=1.0000
  mpx-70 traj: trials=10620000 wall=3600s knowledge=0.7500 reliable=207 spec=7.06 pop=1363
  mpx-70 diag: trials=10620000 micro=3192 pop_spec=6.35 spec_max=22 q_mean=0.599 q_max=1.000 q_above_half=809 marked=0.390 mark_density=0.914 exp_mean=5390.1 addr_spec=3.650 addr_random=0.545 addr_full=0.1577 correct=192
  mpx-70 cover: trials=10620000 overall=0.7500 a0_nochange=1.0000 a0_change=1.0000 a1_nochange=0.0000 a1_change=1.0000 matched_but_wrong=0
  mpx-70 acc: trials=10620000 accuracy=1.0000
  mpx-70 traj: trials=10680000 wall=3612s knowledge=0.7500 reliable=199 spec=7.06 pop=1267
  mpx-70 diag: trials=10680000 micro=3175 pop_spec=6.38 spec_max=22 q_mean=0.609 q_max=1.000 q_above_half=797 marked=0.349 mark_density=0.913 exp_mean=5835.5 addr_spec=3.651 addr_random=0.547 addr_full=0.1713 correct=192
  mpx-70 cover: trials=10680000 overall=0.7500 a0_nochange=1.0000 a0_change=1.0000 a1_nochange=0.0000 a1_change=1.0000 matched_but_wrong=0
  mpx-70 acc: trials=10680000 accuracy=1.0000
  mpx-70 traj: trials=10740000 wall=3624s knowledge=0.7500 reliable=204 spec=7.06 pop=1285
  mpx-70 diag: trials=10740000 micro=3142 pop_spec=6.47 spec_max=22 q_mean=0.616 q_max=1.000 q_above_half=837 marked=0.333 mark_density=0.910 exp_mean=5791.4 addr_spec=3.840 addr_random=0.555 addr_full=0.1681 correct=192
  mpx-70 cover: trials=10740000 overall=0.7500 a0_nochange=1.0000 a0_change=1.0000 a1_nochange=0.0000 a1_change=1.0000 matched_but_wrong=0
  mpx-70 acc: trials=10740000 accuracy=1.0000
  mpx-70 traj: trials=10800000 wall=3635s knowledge=0.7500 reliable=201 spec=7.06 pop=1349
  mpx-70 diag: trials=10800000 micro=3200 pop_spec=6.38 spec_max=22 q_mean=0.603 q_max=1.000 q_above_half=803 marked=0.374 mark_density=0.912 exp_mean=5552.6 addr_spec=3.820 addr_random=0.547 addr_full=0.1683 correct=192
  mpx-70 cover: trials=10800000 overall=0.7500 a0_nochange=1.0000 a0_change=1.0000 a1_nochange=0.0000 a1_change=1.0000 matched_but_wrong=0
  mpx-70 acc: trials=10800000 accuracy=1.0000
  mpx-70 traj: trials=10860000 wall=3647s knowledge=0.7500 reliable=199 spec=7.06 pop=1259
  mpx-70 diag: trials=10860000 micro=3185 pop_spec=6.42 spec_max=22 q_mean=0.612 q_max=1.000 q_above_half=812 marked=0.327 mark_density=0.912 exp_mean=5987.1 addr_spec=3.917 addr_random=0.551 addr_full=0.1803 correct=192
  mpx-70 cover: trials=10860000 overall=0.7500 a0_nochange=1.0000 a0_change=1.0000 a1_nochange=0.0000 a1_change=1.0000 matched_but_wrong=0
  mpx-70 acc: trials=10860000 accuracy=1.0000
  mpx-70 traj: trials=10920000 wall=3659s knowledge=0.7500 reliable=207 spec=7.06 pop=1240
  mpx-70 diag: trials=10920000 micro=3139 pop_spec=6.40 spec_max=22 q_mean=0.615 q_max=1.000 q_above_half=818 marked=0.335 mark_density=0.913 exp_mean=6117.9 addr_spec=3.853 addr_random=0.549 addr_full=0.1734 correct=192
  mpx-70 cover: trials=10920000 overall=0.7500 a0_nochange=1.0000 a0_change=1.0000 a1_nochange=0.0000 a1_change=1.0000 matched_but_wrong=0
  mpx-70 acc: trials=10920000 accuracy=1.0000
  mpx-70 traj: trials=10980000 wall=3670s knowledge=0.7500 reliable=211 spec=7.06 pop=1337
  mpx-70 diag: trials=10980000 micro=3238 pop_spec=6.36 spec_max=22 q_mean=0.599 q_max=1.000 q_above_half=797 marked=0.354 mark_density=0.913 exp_mean=5710.6 addr_spec=3.754 addr_random=0.545 addr_full=0.1638 correct=192
  mpx-70 cover: trials=10980000 overall=0.7500 a0_nochange=1.0000 a0_change=1.0000 a1_nochange=0.0000 a1_change=1.0000 matched_but_wrong=0
  mpx-70 acc: trials=10980000 accuracy=1.0000
  mpx-70 traj: trials=11040000 wall=3682s knowledge=0.7500 reliable=209 spec=7.00 pop=1270
  mpx-70 diag: trials=11040000 micro=3135 pop_spec=6.41 spec_max=22 q_mean=0.605 q_max=1.000 q_above_half=789 marked=0.347 mark_density=0.911 exp_mean=6049.3 addr_spec=3.848 addr_random=0.550 addr_full=0.1614 correct=192
  mpx-70 cover: trials=11040000 overall=0.7500 a0_nochange=1.0000 a0_change=1.0000 a1_nochange=0.0000 a1_change=1.0000 matched_but_wrong=0
  mpx-70 acc: trials=11040000 accuracy=1.0000
  mpx-70 traj: trials=11100000 wall=3694s knowledge=0.7500 reliable=204 spec=7.00 pop=1328
  mpx-70 diag: trials=11100000 micro=3226 pop_spec=6.40 spec_max=22 q_mean=0.605 q_max=1.000 q_above_half=840 marked=0.349 mark_density=0.912 exp_mean=5821.0 addr_spec=3.628 addr_random=0.549 addr_full=0.1551 correct=192
  mpx-70 cover: trials=11100000 overall=0.7500 a0_nochange=1.0000 a0_change=1.0000 a1_nochange=0.0000 a1_change=1.0000 matched_but_wrong=0
  mpx-70 acc: trials=11100000 accuracy=1.0000
  mpx-70 traj: trials=11160000 wall=3705s knowledge=0.7500 reliable=204 spec=7.00 pop=1269
  mpx-70 diag: trials=11160000 micro=3183 pop_spec=6.42 spec_max=22 q_mean=0.604 q_max=1.000 q_above_half=787 marked=0.353 mark_density=0.912 exp_mean=6129.0 addr_spec=3.553 addr_random=0.550 addr_full=0.1694 correct=192
  mpx-70 cover: trials=11160000 overall=0.7500 a0_nochange=1.0000 a0_change=1.0000 a1_nochange=0.0000 a1_change=1.0000 matched_but_wrong=0
  mpx-70 acc: trials=11160000 accuracy=1.0000
  mpx-70 traj: trials=11220000 wall=3717s knowledge=0.7500 reliable=202 spec=7.00 pop=1410
  mpx-70 diag: trials=11220000 micro=3299 pop_spec=6.38 spec_max=22 q_mean=0.604 q_max=1.000 q_above_half=871 marked=0.378 mark_density=0.913 exp_mean=5550.9 addr_spec=3.609 addr_random=0.547 addr_full=0.1511 correct=192
  mpx-70 cover: trials=11220000 overall=0.7500 a0_nochange=1.0000 a0_change=1.0000 a1_nochange=0.0000 a1_change=1.0000 matched_but_wrong=0
  mpx-70 acc: trials=11220000 accuracy=1.0000
  mpx-70 traj: trials=11280000 wall=3729s knowledge=0.7500 reliable=204 spec=7.00 pop=1299
  mpx-70 diag: trials=11280000 micro=3209 pop_spec=6.35 spec_max=22 q_mean=0.609 q_max=1.000 q_above_half=841 marked=0.343 mark_density=0.915 exp_mean=6062.1 addr_spec=3.664 addr_random=0.545 addr_full=0.1617 correct=192
  mpx-70 cover: trials=11280000 overall=0.7500 a0_nochange=1.0000 a0_change=1.0000 a1_nochange=0.0000 a1_change=1.0000 matched_but_wrong=0
  mpx-70 acc: trials=11280000 accuracy=1.0000
  mpx-70 traj: trials=11340000 wall=3741s knowledge=0.7500 reliable=204 spec=7.00 pop=1238
  mpx-70 diag: trials=11340000 micro=3116 pop_spec=6.39 spec_max=22 q_mean=0.609 q_max=1.000 q_above_half=777 marked=0.363 mark_density=0.913 exp_mean=6399.0 addr_spec=3.623 addr_random=0.548 addr_full=0.1704 correct=192
  mpx-70 cover: trials=11340000 overall=0.7500 a0_nochange=1.0000 a0_change=1.0000 a1_nochange=0.0000 a1_change=1.0000 matched_but_wrong=0
  mpx-70 acc: trials=11340000 accuracy=1.0000
  mpx-70 traj: trials=11400000 wall=3754s knowledge=0.7500 reliable=201 spec=7.00 pop=1341
  mpx-70 diag: trials=11400000 micro=3239 pop_spec=6.40 spec_max=22 q_mean=0.604 q_max=1.000 q_above_half=847 marked=0.322 mark_density=0.911 exp_mean=5943.2 addr_spec=3.754 addr_random=0.548 addr_full=0.1641 correct=192
  mpx-70 cover: trials=11400000 overall=0.7500 a0_nochange=1.0000 a0_change=1.0000 a1_nochange=0.0000 a1_change=1.0000 matched_but_wrong=0
  mpx-70 acc: trials=11400000 accuracy=1.0000
  mpx-70 traj: trials=11460000 wall=3766s knowledge=0.7500 reliable=205 spec=7.00 pop=1337
  mpx-70 diag: trials=11460000 micro=3195 pop_spec=6.40 spec_max=22 q_mean=0.604 q_max=1.000 q_above_half=814 marked=0.359 mark_density=0.911 exp_mean=5997.2 addr_spec=3.659 addr_random=0.549 addr_full=0.1571 correct=192
  mpx-70 cover: trials=11460000 overall=0.7500 a0_nochange=1.0000 a0_change=1.0000 a1_nochange=0.0000 a1_change=1.0000 matched_but_wrong=0
  mpx-70 acc: trials=11460000 accuracy=1.0000
  mpx-70 traj: trials=11520000 wall=3779s knowledge=0.7500 reliable=202 spec=7.00 pop=1307
  mpx-70 diag: trials=11520000 micro=3204 pop_spec=6.42 spec_max=22 q_mean=0.597 q_max=1.000 q_above_half=748 marked=0.385 mark_density=0.912 exp_mean=6171.5 addr_spec=3.708 addr_random=0.550 addr_full=0.1645 correct=192
  mpx-70 cover: trials=11520000 overall=0.7500 a0_nochange=1.0000 a0_change=1.0000 a1_nochange=0.0000 a1_change=1.0000 matched_but_wrong=0
  mpx-70 acc: trials=11520000 accuracy=1.0000
  mpx-70 traj: trials=11580000 wall=3791s knowledge=0.7500 reliable=203 spec=7.00 pop=1325
  mpx-70 diag: trials=11580000 micro=3213 pop_spec=6.36 spec_max=22 q_mean=0.604 q_max=1.000 q_above_half=815 marked=0.370 mark_density=0.915 exp_mean=6124.1 addr_spec=3.677 addr_random=0.545 addr_full=0.1555 correct=192
  mpx-70 cover: trials=11580000 overall=0.7500 a0_nochange=1.0000 a0_change=1.0000 a1_nochange=0.0000 a1_change=1.0000 matched_but_wrong=0
  mpx-70 acc: trials=11580000 accuracy=1.0000
  mpx-70 traj: trials=11640000 wall=3804s knowledge=0.7500 reliable=205 spec=7.00 pop=1375
  mpx-70 diag: trials=11640000 micro=3236 pop_spec=6.36 spec_max=22 q_mean=0.601 q_max=1.000 q_above_half=845 marked=0.351 mark_density=0.912 exp_mean=5936.0 addr_spec=3.671 addr_random=0.545 addr_full=0.1513 correct=192
  mpx-70 cover: trials=11640000 overall=0.7500 a0_nochange=1.0000 a0_change=1.0000 a1_nochange=0.0000 a1_change=1.0000 matched_but_wrong=0
  mpx-70 acc: trials=11640000 accuracy=1.0000
  mpx-70 traj: trials=11700000 wall=3817s knowledge=0.7500 reliable=204 spec=7.00 pop=1306
  mpx-70 diag: trials=11700000 micro=3161 pop_spec=6.40 spec_max=22 q_mean=0.609 q_max=1.000 q_above_half=834 marked=0.362 mark_density=0.913 exp_mean=6286.9 addr_spec=3.711 addr_random=0.549 addr_full=0.1646 correct=192
  mpx-70 cover: trials=11700000 overall=0.7500 a0_nochange=1.0000 a0_change=1.0000 a1_nochange=0.0000 a1_change=1.0000 matched_but_wrong=0
  mpx-70 acc: trials=11700000 accuracy=1.0000
  mpx-70 traj: trials=11760000 wall=3829s knowledge=0.7500 reliable=202 spec=7.00 pop=1279
  mpx-70 diag: trials=11760000 micro=3191 pop_spec=6.38 spec_max=22 q_mean=0.608 q_max=1.000 q_above_half=815 marked=0.350 mark_density=0.913 exp_mean=6457.2 addr_spec=3.830 addr_random=0.547 addr_full=0.1681 correct=192
  mpx-70 cover: trials=11760000 overall=0.7500 a0_nochange=1.0000 a0_change=1.0000 a1_nochange=0.0000 a1_change=1.0000 matched_but_wrong=0
  mpx-70 acc: trials=11760000 accuracy=1.0000
  mpx-70 traj: trials=11820000 wall=3841s knowledge=0.7500 reliable=205 spec=7.00 pop=1363
  mpx-70 diag: trials=11820000 micro=3239 pop_spec=6.41 spec_max=22 q_mean=0.605 q_max=1.000 q_above_half=851 marked=0.344 mark_density=0.912 exp_mean=6094.4 addr_spec=3.593 addr_random=0.549 addr_full=0.1607 correct=192
  mpx-70 cover: trials=11820000 overall=0.7500 a0_nochange=1.0000 a0_change=1.0000 a1_nochange=0.0000 a1_change=1.0000 matched_but_wrong=0
  mpx-70 acc: trials=11820000 accuracy=1.0000
  mpx-70 traj: trials=11880000 wall=3854s knowledge=0.7500 reliable=206 spec=7.00 pop=1302
  mpx-70 diag: trials=11880000 micro=3192 pop_spec=6.38 spec_max=22 q_mean=0.608 q_max=1.000 q_above_half=790 marked=0.353 mark_density=0.912 exp_mean=6416.7 addr_spec=3.823 addr_random=0.547 addr_full=0.1697 correct=192
  mpx-70 cover: trials=11880000 overall=0.7500 a0_nochange=1.0000 a0_change=1.0000 a1_nochange=0.0000 a1_change=1.0000 matched_but_wrong=0
  mpx-70 acc: trials=11880000 accuracy=1.0000
  mpx-70 traj: trials=11940000 wall=3866s knowledge=0.7500 reliable=211 spec=7.00 pop=1363
  mpx-70 diag: trials=11940000 micro=3220 pop_spec=6.37 spec_max=22 q_mean=0.608 q_max=1.000 q_above_half=847 marked=0.379 mark_density=0.913 exp_mean=6165.5 addr_spec=3.616 addr_random=0.546 addr_full=0.1504 correct=192
  mpx-70 cover: trials=11940000 overall=0.7500 a0_nochange=1.0000 a0_change=1.0000 a1_nochange=0.0000 a1_change=1.0000 matched_but_wrong=0
  mpx-70 acc: trials=11940000 accuracy=1.0000
  mpx-70 traj: trials=12000000 wall=3879s knowledge=0.7500 reliable=210 spec=7.00 pop=1393
  mpx-70 diag: trials=12000000 micro=3262 pop_spec=6.38 spec_max=22 q_mean=0.602 q_max=1.000 q_above_half=835 marked=0.396 mark_density=0.914 exp_mean=6066.7 addr_spec=3.595 addr_random=0.547 addr_full=0.1572 correct=192
  mpx-70 cover: trials=12000000 overall=0.7500 a0_nochange=1.0000 a0_change=1.0000 a1_nochange=0.0000 a1_change=1.0000 matched_but_wrong=0
  mpx-70 acc: trials=12000000 accuracy=1.0000
  mpx-70 traj: trials=12060000 wall=3892s knowledge=0.7500 reliable=199 spec=7.00 pop=1262
  mpx-70 diag: trials=12060000 micro=3177 pop_spec=6.40 spec_max=22 q_mean=0.609 q_max=1.000 q_above_half=793 marked=0.342 mark_density=0.913 exp_mean=6733.6 addr_spec=3.676 addr_random=0.548 addr_full=0.1648 correct=192
  mpx-70 cover: trials=12060000 overall=0.7500 a0_nochange=1.0000 a0_change=1.0000 a1_nochange=0.0000 a1_change=1.0000 matched_but_wrong=0
  mpx-70 acc: trials=12060000 accuracy=1.0000
  mpx-70 traj: trials=12120000 wall=3905s knowledge=0.7500 reliable=203 spec=7.00 pop=1289
  mpx-70 diag: trials=12120000 micro=3153 pop_spec=6.45 spec_max=22 q_mean=0.608 q_max=1.000 q_above_half=791 marked=0.346 mark_density=0.911 exp_mean=6629.4 addr_spec=3.778 addr_random=0.553 addr_full=0.1637 correct=192
  mpx-70 cover: trials=12120000 overall=0.7500 a0_nochange=1.0000 a0_change=1.0000 a1_nochange=0.0000 a1_change=1.0000 matched_but_wrong=0
  mpx-70 acc: trials=12120000 accuracy=1.0000
  mpx-70 traj: trials=12180000 wall=3917s knowledge=0.7500 reliable=209 spec=7.00 pop=1380
  mpx-70 diag: trials=12180000 micro=3219 pop_spec=6.38 spec_max=22 q_mean=0.599 q_max=1.000 q_above_half=825 marked=0.358 mark_density=0.912 exp_mean=6228.2 addr_spec=3.790 addr_random=0.547 addr_full=0.1580 correct=192
  mpx-70 cover: trials=12180000 overall=0.7500 a0_nochange=1.0000 a0_change=1.0000 a1_nochange=0.0000 a1_change=1.0000 matched_but_wrong=0
  mpx-70 acc: trials=12180000 accuracy=1.0000
  mpx-70 traj: trials=12240000 wall=3929s knowledge=0.7500 reliable=208 spec=7.00 pop=1350
  mpx-70 diag: trials=12240000 micro=3228 pop_spec=6.41 spec_max=22 q_mean=0.600 q_max=1.000 q_above_half=790 marked=0.400 mark_density=0.913 exp_mean=6402.1 addr_spec=3.708 addr_random=0.550 addr_full=0.1593 correct=192
  mpx-70 cover: trials=12240000 overall=0.7500 a0_nochange=1.0000 a0_change=1.0000 a1_nochange=0.0000 a1_change=1.0000 matched_but_wrong=0
  mpx-70 acc: trials=12240000 accuracy=1.0000
  mpx-70 traj: trials=12300000 wall=3941s knowledge=0.7500 reliable=208 spec=7.00 pop=1367
  mpx-70 diag: trials=12300000 micro=3238 pop_spec=6.39 spec_max=22 q_mean=0.612 q_max=1.000 q_above_half=872 marked=0.368 mark_density=0.913 exp_mean=6357.8 addr_spec=3.739 addr_random=0.548 addr_full=0.1565 correct=192
  mpx-70 cover: trials=12300000 overall=0.7500 a0_nochange=1.0000 a0_change=1.0000 a1_nochange=0.0000 a1_change=1.0000 matched_but_wrong=0
  mpx-70 acc: trials=12300000 accuracy=1.0000
  mpx-70 traj: trials=12360000 wall=3953s knowledge=0.7500 reliable=202 spec=7.00 pop=1397
  mpx-70 diag: trials=12360000 micro=3272 pop_spec=6.30 spec_max=22 q_mean=0.604 q_max=1.000 q_above_half=879 marked=0.354 mark_density=0.915 exp_mean=6255.2 addr_spec=3.664 addr_random=0.540 addr_full=0.1546 correct=192
  mpx-70 cover: trials=12360000 overall=0.7500 a0_nochange=1.0000 a0_change=1.0000 a1_nochange=0.0000 a1_change=1.0000 matched_but_wrong=0
  mpx-70 acc: trials=12360000 accuracy=1.0000
  mpx-70 traj: trials=12420000 wall=3965s knowledge=0.7500 reliable=207 spec=7.00 pop=1259
  mpx-70 diag: trials=12420000 micro=3204 pop_spec=6.37 spec_max=22 q_mean=0.611 q_max=1.000 q_above_half=800 marked=0.344 mark_density=0.914 exp_mean=6978.5 addr_spec=3.832 addr_random=0.546 addr_full=0.1708 correct=192
  mpx-70 cover: trials=12420000 overall=0.7500 a0_nochange=1.0000 a0_change=1.0000 a1_nochange=0.0000 a1_change=1.0000 matched_but_wrong=0
  mpx-70 acc: trials=12420000 accuracy=1.0000
  mpx-70 traj: trials=12480000 wall=3976s knowledge=0.7500 reliable=201 spec=7.00 pop=1313
  mpx-70 diag: trials=12480000 micro=3190 pop_spec=6.39 spec_max=22 q_mean=0.608 q_max=1.000 q_above_half=836 marked=0.367 mark_density=0.912 exp_mean=6727.7 addr_spec=3.822 addr_random=0.548 addr_full=0.1622 correct=192
  mpx-70 cover: trials=12480000 overall=0.7500 a0_nochange=1.0000 a0_change=1.0000 a1_nochange=0.0000 a1_change=1.0000 matched_but_wrong=0
  mpx-70 acc: trials=12480000 accuracy=1.0000
  mpx-70 traj: trials=12540000 wall=3988s knowledge=0.7500 reliable=204 spec=7.00 pop=1333
  mpx-70 diag: trials=12540000 micro=3216 pop_spec=6.42 spec_max=22 q_mean=0.610 q_max=1.000 q_above_half=843 marked=0.356 mark_density=0.912 exp_mean=6662.7 addr_spec=3.746 addr_random=0.550 addr_full=0.1680 correct=192
  mpx-70 cover: trials=12540000 overall=0.7500 a0_nochange=1.0000 a0_change=1.0000 a1_nochange=0.0000 a1_change=1.0000 matched_but_wrong=0
  mpx-70 acc: trials=12540000 accuracy=1.0000
  mpx-70 traj: trials=12600000 wall=3999s knowledge=0.7500 reliable=202 spec=7.00 pop=1235
  mpx-70 diag: trials=12600000 micro=3111 pop_spec=6.39 spec_max=22 q_mean=0.615 q_max=1.000 q_above_half=770 marked=0.367 mark_density=0.912 exp_mean=7230.3 addr_spec=3.729 addr_random=0.548 addr_full=0.1814 correct=192
  mpx-70 cover: trials=12600000 overall=0.7500 a0_nochange=1.0000 a0_change=1.0000 a1_nochange=0.0000 a1_change=1.0000 matched_but_wrong=0
  mpx-70 acc: trials=12600000 accuracy=1.0000
  mpx-70 traj: trials=12660000 wall=4011s knowledge=0.7500 reliable=203 spec=7.00 pop=1326
  mpx-70 diag: trials=12660000 micro=3188 pop_spec=6.43 spec_max=22 q_mean=0.612 q_max=1.000 q_above_half=837 marked=0.377 mark_density=0.912 exp_mean=6770.7 addr_spec=3.827 addr_random=0.551 addr_full=0.1689 correct=192
  mpx-70 cover: trials=12660000 overall=0.7500 a0_nochange=1.0000 a0_change=1.0000 a1_nochange=0.0000 a1_change=1.0000 matched_but_wrong=105
  mpx-70 acc: trials=12660000 accuracy=1.0000
  mpx-70 traj: trials=12720000 wall=4023s knowledge=0.7500 reliable=207 spec=7.00 pop=1340
  mpx-70 diag: trials=12720000 micro=3206 pop_spec=6.40 spec_max=22 q_mean=0.607 q_max=1.000 q_above_half=852 marked=0.379 mark_density=0.913 exp_mean=6736.3 addr_spec=3.785 addr_random=0.549 addr_full=0.1597 correct=192
  mpx-70 cover: trials=12720000 overall=0.7500 a0_nochange=1.0000 a0_change=1.0000 a1_nochange=0.0000 a1_change=1.0000 matched_but_wrong=0
  mpx-70 acc: trials=12720000 accuracy=1.0000
  mpx-70 traj: trials=12780000 wall=4034s knowledge=0.7500 reliable=207 spec=7.00 pop=1293
  mpx-70 diag: trials=12780000 micro=3132 pop_spec=6.45 spec_max=22 q_mean=0.611 q_max=1.000 q_above_half=808 marked=0.346 mark_density=0.912 exp_mean=7017.9 addr_spec=3.913 addr_random=0.553 addr_full=0.1655 correct=192
  mpx-70 cover: trials=12780000 overall=0.7500 a0_nochange=1.0000 a0_change=1.0000 a1_nochange=0.0000 a1_change=1.0000 matched_but_wrong=0
  mpx-70 acc: trials=12780000 accuracy=1.0000
  mpx-70 traj: trials=12840000 wall=4046s knowledge=0.7500 reliable=201 spec=7.00 pop=1347
  mpx-70 diag: trials=12840000 micro=3236 pop_spec=6.39 spec_max=22 q_mean=0.603 q_max=1.000 q_above_half=804 marked=0.376 mark_density=0.914 exp_mean=6772.0 addr_spec=3.810 addr_random=0.548 addr_full=0.1574 correct=192
  mpx-70 cover: trials=12840000 overall=0.7500 a0_nochange=1.0000 a0_change=1.0000 a1_nochange=0.0000 a1_change=1.0000 matched_but_wrong=0
  mpx-70 acc: trials=12840000 accuracy=1.0000
  mpx-70 traj: trials=12900000 wall=4058s knowledge=0.7500 reliable=207 spec=7.00 pop=1319
  mpx-70 diag: trials=12900000 micro=3221 pop_spec=6.42 spec_max=22 q_mean=0.603 q_max=1.000 q_above_half=816 marked=0.374 mark_density=0.912 exp_mean=6952.7 addr_spec=3.858 addr_random=0.550 addr_full=0.1622 correct=192
  mpx-70 cover: trials=12900000 overall=0.7500 a0_nochange=1.0000 a0_change=1.0000 a1_nochange=0.0000 a1_change=1.0000 matched_but_wrong=0
  mpx-70 acc: trials=12900000 accuracy=1.0000
  mpx-70 traj: trials=12960000 wall=4069s knowledge=0.7500 reliable=209 spec=7.00 pop=1314
  mpx-70 diag: trials=12960000 micro=3219 pop_spec=6.41 spec_max=22 q_mean=0.609 q_max=1.000 q_above_half=810 marked=0.385 mark_density=0.912 exp_mean=7016.1 addr_spec=3.717 addr_random=0.549 addr_full=0.1644 correct=192
  mpx-70 cover: trials=12960000 overall=0.7500 a0_nochange=1.0000 a0_change=1.0000 a1_nochange=0.0000 a1_change=1.0000 matched_but_wrong=0
  mpx-70 acc: trials=12960000 accuracy=1.0000
  mpx-70 traj: trials=13020000 wall=4081s knowledge=0.7500 reliable=204 spec=7.00 pop=1333
  mpx-70 diag: trials=13020000 micro=3252 pop_spec=6.38 spec_max=22 q_mean=0.605 q_max=1.000 q_above_half=840 marked=0.355 mark_density=0.914 exp_mean=6951.8 addr_spec=3.621 addr_random=0.547 addr_full=0.1658 correct=192
  mpx-70 cover: trials=13020000 overall=0.7500 a0_nochange=1.0000 a0_change=1.0000 a1_nochange=0.0000 a1_change=1.0000 matched_but_wrong=96
  mpx-70 acc: trials=13020000 accuracy=1.0000
  mpx-70 traj: trials=13080000 wall=4094s knowledge=0.7500 reliable=203 spec=7.00 pop=1317
  mpx-70 diag: trials=13080000 micro=3189 pop_spec=6.40 spec_max=22 q_mean=0.604 q_max=1.000 q_above_half=824 marked=0.380 mark_density=0.913 exp_mean=7071.7 addr_spec=3.772 addr_random=0.549 addr_full=0.1716 correct=192
  mpx-70 cover: trials=13080000 overall=0.7500 a0_nochange=1.0000 a0_change=1.0000 a1_nochange=0.0000 a1_change=1.0000 matched_but_wrong=0
  mpx-70 acc: trials=13080000 accuracy=1.0000
  mpx-70 traj: trials=13140000 wall=4106s knowledge=0.7477 reliable=206 spec=7.00 pop=1341
  mpx-70 diag: trials=13140000 micro=3175 pop_spec=6.35 spec_max=22 q_mean=0.609 q_max=1.000 q_above_half=864 marked=0.358 mark_density=0.913 exp_mean=6937.8 addr_spec=3.749 addr_random=0.544 addr_full=0.1603 correct=191
  mpx-70 cover: trials=13140000 overall=0.7477 a0_nochange=1.0000 a0_change=0.9908 a1_nochange=0.0000 a1_change=1.0000 matched_but_wrong=0
  mpx-70 acc: trials=13140000 accuracy=0.9995
  mpx-70 traj: trials=13200000 wall=4119s knowledge=0.7477 reliable=202 spec=7.00 pop=1329
  mpx-70 diag: trials=13200000 micro=3190 pop_spec=6.36 spec_max=22 q_mean=0.599 q_max=1.000 q_above_half=784 marked=0.371 mark_density=0.913 exp_mean=7036.4 addr_spec=3.666 addr_random=0.545 addr_full=0.1610 correct=191
  mpx-70 cover: trials=13200000 overall=0.7477 a0_nochange=1.0000 a0_change=0.9908 a1_nochange=0.0000 a1_change=1.0000 matched_but_wrong=0
  mpx-70 acc: trials=13200000 accuracy=0.9954
  mpx-70 traj: trials=13260000 wall=4131s knowledge=0.7492 reliable=200 spec=7.01 pop=1273
  mpx-70 diag: trials=13260000 micro=3137 pop_spec=6.46 spec_max=22 q_mean=0.612 q_max=1.000 q_above_half=823 marked=0.342 mark_density=0.911 exp_mean=7382.8 addr_spec=3.842 addr_random=0.553 addr_full=0.1736 correct=191
  mpx-70 cover: trials=13260000 overall=0.7492 a0_nochange=1.0000 a0_change=0.9969 a1_nochange=0.0000 a1_change=1.0000 matched_but_wrong=0
  mpx-70 acc: trials=13260000 accuracy=0.9993
  mpx-70 traj: trials=13320000 wall=4144s knowledge=0.7477 reliable=206 spec=7.00 pop=1308
  mpx-70 diag: trials=13320000 micro=3175 pop_spec=6.40 spec_max=22 q_mean=0.616 q_max=1.000 q_above_half=865 marked=0.353 mark_density=0.913 exp_mean=7222.5 addr_spec=3.830 addr_random=0.549 addr_full=0.1613 correct=191
  mpx-70 cover: trials=13320000 overall=0.7477 a0_nochange=1.0000 a0_change=0.9908 a1_nochange=0.0000 a1_change=1.0000 matched_but_wrong=0
  mpx-70 acc: trials=13320000 accuracy=0.9990
  mpx-70 traj: trials=13380000 wall=4156s knowledge=0.7477 reliable=198 spec=7.00 pop=1175
  mpx-70 diag: trials=13380000 micro=3070 pop_spec=6.35 spec_max=22 q_mean=0.612 q_max=1.000 q_above_half=755 marked=0.329 mark_density=0.914 exp_mean=8079.3 addr_spec=3.666 addr_random=0.545 addr_full=0.1830 correct=191
  mpx-70 cover: trials=13380000 overall=0.7477 a0_nochange=1.0000 a0_change=0.9908 a1_nochange=0.0000 a1_change=1.0000 matched_but_wrong=0
  mpx-70 acc: trials=13380000 accuracy=0.9992
  mpx-70 traj: trials=13440000 wall=4168s knowledge=0.7477 reliable=198 spec=7.00 pop=1420
  mpx-70 diag: trials=13440000 micro=3278 pop_spec=6.28 spec_max=22 q_mean=0.595 q_max=1.000 q_above_half=835 marked=0.396 mark_density=0.916 exp_mean=6720.3 addr_spec=3.561 addr_random=0.538 addr_full=0.1585 correct=191
  mpx-70 cover: trials=13440000 overall=0.7477 a0_nochange=1.0000 a0_change=0.9908 a1_nochange=0.0000 a1_change=1.0000 matched_but_wrong=0
  mpx-70 acc: trials=13440000 accuracy=0.9975
  mpx-70 traj: trials=13500000 wall=4181s knowledge=0.7480 reliable=201 spec=7.00 pop=1283
  mpx-70 diag: trials=13500000 micro=3170 pop_spec=6.32 spec_max=22 q_mean=0.604 q_max=1.000 q_above_half=784 marked=0.372 mark_density=0.916 exp_mean=7473.9 addr_spec=3.623 addr_random=0.542 addr_full=0.1652 correct=191
  mpx-70 cover: trials=13500000 overall=0.7480 a0_nochange=1.0000 a0_change=0.9917 a1_nochange=0.0000 a1_change=1.0000 matched_but_wrong=0
  mpx-70 acc: trials=13500000 accuracy=0.9982
  mpx-70 traj: trials=13560000 wall=4194s knowledge=0.7478 reliable=201 spec=7.00 pop=1268
  mpx-70 diag: trials=13560000 micro=3136 pop_spec=6.46 spec_max=22 q_mean=0.613 q_max=1.000 q_above_half=834 marked=0.332 mark_density=0.912 exp_mean=7600.0 addr_spec=3.778 addr_random=0.553 addr_full=0.1688 correct=192
  mpx-70 cover: trials=13560000 overall=0.7478 a0_nochange=1.0000 a0_change=0.9913 a1_nochange=0.0000 a1_change=1.0000 matched_but_wrong=0
  mpx-70 acc: trials=13560000 accuracy=1.0000
  mpx-70 traj: trials=13620000 wall=4206s knowledge=0.7500 reliable=202 spec=7.00 pop=1235
  mpx-70 diag: trials=13620000 micro=3126 pop_spec=6.38 spec_max=22 q_mean=0.611 q_max=1.000 q_above_half=778 marked=0.350 mark_density=0.915 exp_mean=7841.6 addr_spec=3.691 addr_random=0.547 addr_full=0.1717 correct=192
  mpx-70 cover: trials=13620000 overall=0.7500 a0_nochange=1.0000 a0_change=1.0000 a1_nochange=0.0000 a1_change=1.0000 matched_but_wrong=0
  mpx-70 acc: trials=13620000 accuracy=1.0000
  mpx-70 traj: trials=13680000 wall=4218s knowledge=0.7500 reliable=203 spec=7.00 pop=1376
  mpx-70 diag: trials=13680000 micro=3219 pop_spec=6.32 spec_max=22 q_mean=0.601 q_max=1.000 q_above_half=883 marked=0.363 mark_density=0.915 exp_mean=7073.5 addr_spec=3.712 addr_random=0.542 addr_full=0.1606 correct=192
  mpx-70 cover: trials=13680000 overall=0.7500 a0_nochange=1.0000 a0_change=1.0000 a1_nochange=0.0000 a1_change=1.0000 matched_but_wrong=0
  mpx-70 acc: trials=13680000 accuracy=1.0000
  mpx-70 traj: trials=13740000 wall=4231s knowledge=0.7500 reliable=211 spec=7.00 pop=1308
  mpx-70 diag: trials=13740000 micro=3204 pop_spec=6.34 spec_max=22 q_mean=0.605 q_max=1.000 q_above_half=770 marked=0.392 mark_density=0.914 exp_mean=7478.1 addr_spec=3.665 addr_random=0.544 addr_full=0.1659 correct=192
  mpx-70 cover: trials=13740000 overall=0.7500 a0_nochange=1.0000 a0_change=1.0000 a1_nochange=0.0000 a1_change=1.0000 matched_but_wrong=0
  mpx-70 acc: trials=13740000 accuracy=1.0000
  mpx-70 traj: trials=13800000 wall=4244s knowledge=0.7500 reliable=208 spec=7.00 pop=1255
  mpx-70 diag: trials=13800000 micro=3144 pop_spec=6.40 spec_max=22 q_mean=0.614 q_max=1.000 q_above_half=805 marked=0.318 mark_density=0.913 exp_mean=7831.8 addr_spec=3.617 addr_random=0.549 addr_full=0.1689 correct=192
  mpx-70 cover: trials=13800000 overall=0.7500 a0_nochange=1.0000 a0_change=1.0000 a1_nochange=0.0000 a1_change=1.0000 matched_but_wrong=0
  mpx-70 acc: trials=13800000 accuracy=1.0000
  mpx-70 traj: trials=13860000 wall=4256s knowledge=0.7500 reliable=208 spec=7.00 pop=1272
  mpx-70 diag: trials=13860000 micro=3171 pop_spec=6.35 spec_max=22 q_mean=0.607 q_max=1.000 q_above_half=761 marked=0.367 mark_density=0.913 exp_mean=7765.2 addr_spec=3.742 addr_random=0.544 addr_full=0.1737 correct=192
  mpx-70 cover: trials=13860000 overall=0.7500 a0_nochange=1.0000 a0_change=1.0000 a1_nochange=0.0000 a1_change=1.0000 matched_but_wrong=0
  mpx-70 acc: trials=13860000 accuracy=1.0000
  mpx-70 traj: trials=13920000 wall=4269s knowledge=0.7500 reliable=206 spec=7.00 pop=1359
  mpx-70 diag: trials=13920000 micro=3211 pop_spec=6.40 spec_max=22 q_mean=0.603 q_max=1.000 q_above_half=841 marked=0.358 mark_density=0.912 exp_mean=7302.8 addr_spec=3.720 addr_random=0.549 addr_full=0.1545 correct=192
  mpx-70 cover: trials=13920000 overall=0.7500 a0_nochange=1.0000 a0_change=1.0000 a1_nochange=0.0000 a1_change=1.0000 matched_but_wrong=0
  mpx-70 acc: trials=13920000 accuracy=1.0000
  mpx-70 traj: trials=13980000 wall=4280s knowledge=0.7500 reliable=205 spec=7.00 pop=1203
  mpx-70 diag: trials=13980000 micro=3087 pop_spec=6.35 spec_max=22 q_mean=0.614 q_max=1.000 q_above_half=762 marked=0.356 mark_density=0.913 exp_mean=8290.2 addr_spec=3.765 addr_random=0.544 addr_full=0.1729 correct=192
  mpx-70 cover: trials=13980000 overall=0.7500 a0_nochange=1.0000 a0_change=1.0000 a1_nochange=0.0000 a1_change=1.0000 matched_but_wrong=0
  mpx-70 acc: trials=13980000 accuracy=1.0000
  mpx-70 traj: trials=14040000 wall=4292s knowledge=0.7500 reliable=206 spec=7.00 pop=1295
  mpx-70 diag: trials=14040000 micro=3171 pop_spec=6.44 spec_max=22 q_mean=0.605 q_max=1.000 q_above_half=782 marked=0.354 mark_density=0.911 exp_mean=7738.1 addr_spec=3.778 addr_random=0.552 addr_full=0.1606 correct=192
  mpx-70 cover: trials=14040000 overall=0.7500 a0_nochange=1.0000 a0_change=1.0000 a1_nochange=0.0000 a1_change=1.0000 matched_but_wrong=0
  mpx-70 acc: trials=14040000 accuracy=1.0000
  mpx-70 traj: trials=14100000 wall=4304s knowledge=0.7500 reliable=200 spec=7.00 pop=1281
  mpx-70 diag: trials=14100000 micro=3153 pop_spec=6.33 spec_max=22 q_mean=0.606 q_max=1.000 q_above_half=809 marked=0.333 mark_density=0.913 exp_mean=7859.5 addr_spec=3.814 addr_random=0.542 addr_full=0.1655 correct=192
  mpx-70 cover: trials=14100000 overall=0.7500 a0_nochange=1.0000 a0_change=1.0000 a1_nochange=0.0000 a1_change=1.0000 matched_but_wrong=0
  mpx-70 acc: trials=14100000 accuracy=1.0000
  mpx-70 traj: trials=14160000 wall=4315s knowledge=0.7500 reliable=203 spec=7.00 pop=1261
  mpx-70 diag: trials=14160000 micro=3145 pop_spec=6.40 spec_max=22 q_mean=0.619 q_max=1.000 q_above_half=856 marked=0.350 mark_density=0.912 exp_mean=8022.6 addr_spec=3.818 addr_random=0.548 addr_full=0.1713 correct=192
  mpx-70 cover: trials=14160000 overall=0.7500 a0_nochange=1.0000 a0_change=1.0000 a1_nochange=0.0000 a1_change=1.0000 matched_but_wrong=0
  mpx-70 acc: trials=14160000 accuracy=1.0000
  mpx-70 traj: trials=14220000 wall=4327s knowledge=0.7500 reliable=199 spec=7.00 pop=1295
  mpx-70 diag: trials=14220000 micro=3238 pop_spec=6.39 spec_max=22 q_mean=0.609 q_max=1.000 q_above_half=795 marked=0.356 mark_density=0.912 exp_mean=7848.8 addr_spec=3.763 addr_random=0.548 addr_full=0.1722 correct=192
  mpx-70 cover: trials=14220000 overall=0.7500 a0_nochange=1.0000 a0_change=1.0000 a1_nochange=0.0000 a1_change=1.0000 matched_but_wrong=0
  mpx-70 acc: trials=14220000 accuracy=1.0000
  mpx-70 traj: trials=14280000 wall=4338s knowledge=0.7500 reliable=202 spec=7.00 pop=1310
  mpx-70 diag: trials=14280000 micro=3176 pop_spec=6.36 spec_max=22 q_mean=0.605 q_max=1.000 q_above_half=819 marked=0.371 mark_density=0.912 exp_mean=7795.5 addr_spec=3.763 addr_random=0.545 addr_full=0.1725 correct=192
  mpx-70 cover: trials=14280000 overall=0.7500 a0_nochange=1.0000 a0_change=1.0000 a1_nochange=0.0000 a1_change=1.0000 matched_but_wrong=0
  mpx-70 acc: trials=14280000 accuracy=1.0000
  mpx-70 traj: trials=14340000 wall=4350s knowledge=0.7500 reliable=210 spec=7.00 pop=1269
  mpx-70 diag: trials=14340000 micro=3152 pop_spec=6.43 spec_max=22 q_mean=0.613 q_max=1.000 q_above_half=788 marked=0.374 mark_density=0.912 exp_mean=8086.1 addr_spec=3.892 addr_random=0.551 addr_full=0.1781 correct=192
  mpx-70 cover: trials=14340000 overall=0.7500 a0_nochange=1.0000 a0_change=1.0000 a1_nochange=0.0000 a1_change=1.0000 matched_but_wrong=0
  mpx-70 acc: trials=14340000 accuracy=1.0000
  mpx-70 traj: trials=14400000 wall=4361s knowledge=0.7500 reliable=203 spec=7.00 pop=1333
  mpx-70 diag: trials=14400000 micro=3216 pop_spec=6.41 spec_max=22 q_mean=0.604 q_max=1.000 q_above_half=813 marked=0.353 mark_density=0.912 exp_mean=7733.8 addr_spec=3.785 addr_random=0.549 addr_full=0.1695 correct=192
  mpx-70 cover: trials=14400000 overall=0.7500 a0_nochange=1.0000 a0_change=1.0000 a1_nochange=0.0000 a1_change=1.0000 matched_but_wrong=0
  mpx-70 acc: trials=14400000 accuracy=1.0000
  mpx-70 traj: trials=14460000 wall=4373s knowledge=0.7500 reliable=204 spec=7.00 pop=1313
  mpx-70 diag: trials=14460000 micro=3177 pop_spec=6.40 spec_max=22 q_mean=0.612 q_max=1.000 q_above_half=850 marked=0.387 mark_density=0.913 exp_mean=7887.9 addr_spec=3.733 addr_random=0.548 addr_full=0.1668 correct=192
  mpx-70 cover: trials=14460000 overall=0.7500 a0_nochange=1.0000 a0_change=1.0000 a1_nochange=0.0000 a1_change=1.0000 matched_but_wrong=0
  mpx-70 acc: trials=14460000 accuracy=1.0000
  mpx-70 traj: trials=14520000 wall=4384s knowledge=0.7500 reliable=204 spec=7.00 pop=1253
  mpx-70 diag: trials=14520000 micro=3101 pop_spec=6.42 spec_max=22 q_mean=0.613 q_max=1.000 q_above_half=783 marked=0.377 mark_density=0.912 exp_mean=8304.0 addr_spec=3.812 addr_random=0.550 addr_full=0.1724 correct=192
  mpx-70 cover: trials=14520000 overall=0.7500 a0_nochange=1.0000 a0_change=1.0000 a1_nochange=0.0000 a1_change=1.0000 matched_but_wrong=0
  mpx-70 acc: trials=14520000 accuracy=1.0000
  mpx-70 traj: trials=14580000 wall=4396s knowledge=0.7500 reliable=201 spec=7.00 pop=1271
  mpx-70 diag: trials=14580000 micro=3150 pop_spec=6.38 spec_max=22 q_mean=0.610 q_max=1.000 q_above_half=826 marked=0.337 mark_density=0.912 exp_mean=8224.3 addr_spec=3.756 addr_random=0.547 addr_full=0.1668 correct=192
  mpx-70 cover: trials=14580000 overall=0.7500 a0_nochange=1.0000 a0_change=1.0000 a1_nochange=0.0000 a1_change=1.0000 matched_but_wrong=0
  mpx-70 acc: trials=14580000 accuracy=1.0000
  mpx-70 traj: trials=14640000 wall=4408s knowledge=0.7500 reliable=207 spec=7.00 pop=1397
  mpx-70 diag: trials=14640000 micro=3219 pop_spec=6.34 spec_max=22 q_mean=0.602 q_max=1.000 q_above_half=866 marked=0.356 mark_density=0.914 exp_mean=7517.8 addr_spec=3.675 addr_random=0.544 addr_full=0.1589 correct=192
  mpx-70 cover: trials=14640000 overall=0.7500 a0_nochange=1.0000 a0_change=1.0000 a1_nochange=0.0000 a1_change=1.0000 matched_but_wrong=0
  mpx-70 acc: trials=14640000 accuracy=1.0000
  mpx-70 traj: trials=14700000 wall=4419s knowledge=0.7500 reliable=201 spec=7.00 pop=1308
  mpx-70 diag: trials=14700000 micro=3180 pop_spec=6.32 spec_max=22 q_mean=0.597 q_max=1.000 q_above_half=764 marked=0.364 mark_density=0.914 exp_mean=8065.2 addr_spec=3.654 addr_random=0.541 addr_full=0.1682 correct=192
  mpx-70 cover: trials=14700000 overall=0.7500 a0_nochange=1.0000 a0_change=1.0000 a1_nochange=0.0000 a1_change=1.0000 matched_but_wrong=0
  mpx-70 acc: trials=14700000 accuracy=1.0000
  mpx-70 traj: trials=14760000 wall=4431s knowledge=0.7500 reliable=202 spec=7.00 pop=1272
  mpx-70 diag: trials=14760000 micro=3183 pop_spec=6.32 spec_max=22 q_mean=0.603 q_max=1.000 q_above_half=707 marked=0.356 mark_density=0.915 exp_mean=8330.8 addr_spec=3.699 addr_random=0.542 addr_full=0.1627 correct=192
  mpx-70 cover: trials=14760000 overall=0.7500 a0_nochange=1.0000 a0_change=1.0000 a1_nochange=0.0000 a1_change=1.0000 matched_but_wrong=0
  mpx-70 acc: trials=14760000 accuracy=1.0000
  mpx-70 traj: trials=14820000 wall=4443s knowledge=0.7500 reliable=203 spec=7.00 pop=1337
  mpx-70 diag: trials=14820000 micro=3180 pop_spec=6.36 spec_max=22 q_mean=0.608 q_max=1.000 q_above_half=871 marked=0.343 mark_density=0.912 exp_mean=7961.8 addr_spec=3.777 addr_random=0.545 addr_full=0.1556 correct=192
  mpx-70 cover: trials=14820000 overall=0.7500 a0_nochange=1.0000 a0_change=1.0000 a1_nochange=0.0000 a1_change=1.0000 matched_but_wrong=0
  mpx-70 acc: trials=14820000 accuracy=1.0000
  mpx-70 traj: trials=14880000 wall=4456s knowledge=0.7500 reliable=202 spec=7.00 pop=1397
  mpx-70 diag: trials=14880000 micro=3256 pop_spec=6.31 spec_max=22 q_mean=0.597 q_max=1.000 q_above_half=816 marked=0.393 mark_density=0.915 exp_mean=7654.8 addr_spec=3.679 addr_random=0.541 addr_full=0.1518 correct=192
  mpx-70 cover: trials=14880000 overall=0.7500 a0_nochange=1.0000 a0_change=1.0000 a1_nochange=0.0000 a1_change=1.0000 matched_but_wrong=0
  mpx-70 acc: trials=14880000 accuracy=1.0000
  mpx-70 traj: trials=14940000 wall=4469s knowledge=0.7500 reliable=201 spec=7.00 pop=1369
  mpx-70 diag: trials=14940000 micro=3301 pop_spec=6.39 spec_max=22 q_mean=0.597 q_max=1.000 q_above_half=812 marked=0.387 mark_density=0.913 exp_mean=7846.2 addr_spec=3.616 addr_random=0.547 addr_full=0.1592 correct=192
  mpx-70 cover: trials=14940000 overall=0.7500 a0_nochange=1.0000 a0_change=1.0000 a1_nochange=0.0000 a1_change=1.0000 matched_but_wrong=0
  mpx-70 acc: trials=14940000 accuracy=1.0000
  mpx-70 traj: trials=15000000 wall=4481s knowledge=0.7500 reliable=202 spec=7.00 pop=1318
  mpx-70 diag: trials=15000000 micro=3219 pop_spec=6.38 spec_max=22 q_mean=0.607 q_max=1.000 q_above_half=825 marked=0.352 mark_density=0.912 exp_mean=8185.8 addr_spec=3.656 addr_random=0.547 addr_full=0.1654 correct=192
  mpx-70 cover: trials=15000000 overall=0.7500 a0_nochange=1.0000 a0_change=1.0000 a1_nochange=0.0000 a1_change=1.0000 matched_but_wrong=0
  mpx-70 acc: trials=15000000 accuracy=1.0000
  mpx-70 traj: trials=15060000 wall=4494s knowledge=0.7500 reliable=205 spec=7.00 pop=1317
  mpx-70 diag: trials=15060000 micro=3201 pop_spec=6.37 spec_max=22 q_mean=0.608 q_max=1.000 q_above_half=825 marked=0.347 mark_density=0.914 exp_mean=8229.0 addr_spec=3.690 addr_random=0.546 addr_full=0.1625 correct=192
  mpx-70 cover: trials=15060000 overall=0.7500 a0_nochange=1.0000 a0_change=1.0000 a1_nochange=0.0000 a1_change=1.0000 matched_but_wrong=0
  mpx-70 acc: trials=15060000 accuracy=1.0000
  mpx-70 traj: trials=15120000 wall=4506s knowledge=0.7500 reliable=201 spec=7.00 pop=1369
  mpx-70 diag: trials=15120000 micro=3277 pop_spec=6.39 spec_max=22 q_mean=0.599 q_max=1.000 q_above_half=794 marked=0.383 mark_density=0.913 exp_mean=7951.3 addr_spec=3.673 addr_random=0.547 addr_full=0.1585 correct=192
  mpx-70 cover: trials=15120000 overall=0.7500 a0_nochange=1.0000 a0_change=1.0000 a1_nochange=0.0000 a1_change=1.0000 matched_but_wrong=0
  mpx-70 acc: trials=15120000 accuracy=1.0000
  mpx-70 traj: trials=15180000 wall=4519s knowledge=0.7500 reliable=199 spec=7.00 pop=1348
  mpx-70 diag: trials=15180000 micro=3247 pop_spec=6.34 spec_max=22 q_mean=0.600 q_max=1.000 q_above_half=829 marked=0.382 mark_density=0.914 exp_mean=8110.2 addr_spec=3.685 addr_random=0.544 addr_full=0.1654 correct=192
  mpx-70 cover: trials=15180000 overall=0.7500 a0_nochange=1.0000 a0_change=1.0000 a1_nochange=0.0000 a1_change=1.0000 matched_but_wrong=0
  mpx-70 acc: trials=15180000 accuracy=1.0000
  mpx-70 traj: trials=15240000 wall=4531s knowledge=0.7500 reliable=208 spec=7.00 pop=1310
  mpx-70 diag: trials=15240000 micro=3204 pop_spec=6.37 spec_max=22 q_mean=0.608 q_max=1.000 q_above_half=804 marked=0.351 mark_density=0.914 exp_mean=8383.0 addr_spec=3.725 addr_random=0.546 addr_full=0.1687 correct=192
  mpx-70 cover: trials=15240000 overall=0.7500 a0_nochange=1.0000 a0_change=1.0000 a1_nochange=0.0000 a1_change=1.0000 matched_but_wrong=0
  mpx-70 acc: trials=15240000 accuracy=1.0000
  mpx-70 traj: trials=15300000 wall=4544s knowledge=0.7500 reliable=200 spec=7.00 pop=1247
  mpx-70 diag: trials=15300000 micro=3113 pop_spec=6.39 spec_max=22 q_mean=0.611 q_max=1.000 q_above_half=777 marked=0.366 mark_density=0.912 exp_mean=8844.3 addr_spec=3.768 addr_random=0.548 addr_full=0.1724 correct=192
  mpx-70 cover: trials=15300000 overall=0.7500 a0_nochange=1.0000 a0_change=1.0000 a1_nochange=0.0000 a1_change=1.0000 matched_but_wrong=0
  mpx-70 acc: trials=15300000 accuracy=1.0000
  mpx-70 traj: trials=15360000 wall=4556s knowledge=0.7500 reliable=202 spec=7.00 pop=1301
  mpx-70 diag: trials=15360000 micro=3193 pop_spec=6.35 spec_max=22 q_mean=0.604 q_max=1.000 q_above_half=807 marked=0.359 mark_density=0.913 exp_mean=8513.9 addr_spec=3.661 addr_random=0.544 addr_full=0.1660 correct=192
  mpx-70 cover: trials=15360000 overall=0.7500 a0_nochange=1.0000 a0_change=1.0000 a1_nochange=0.0000 a1_change=1.0000 matched_but_wrong=116
  mpx-70 acc: trials=15360000 accuracy=1.0000
  mpx-70 traj: trials=15420000 wall=4569s knowledge=0.7500 reliable=201 spec=7.00 pop=1338
  mpx-70 diag: trials=15420000 micro=3240 pop_spec=6.37 spec_max=22 q_mean=0.604 q_max=1.000 q_above_half=856 marked=0.363 mark_density=0.912 exp_mean=8314.5 addr_spec=3.623 addr_random=0.546 addr_full=0.1540 correct=192
  mpx-70 cover: trials=15420000 overall=0.7500 a0_nochange=1.0000 a0_change=1.0000 a1_nochange=0.0000 a1_change=1.0000 matched_but_wrong=0
  mpx-70 acc: trials=15420000 accuracy=1.0000
  mpx-70 traj: trials=15480000 wall=4582s knowledge=0.7500 reliable=197 spec=7.00 pop=1395
  mpx-70 diag: trials=15480000 micro=3231 pop_spec=6.31 spec_max=22 q_mean=0.596 q_max=1.000 q_above_half=838 marked=0.384 mark_density=0.915 exp_mean=8009.2 addr_spec=3.581 addr_random=0.541 addr_full=0.1513 correct=192
  mpx-70 cover: trials=15480000 overall=0.7500 a0_nochange=1.0000 a0_change=1.0000 a1_nochange=0.0000 a1_change=1.0000 matched_but_wrong=0
  mpx-70 acc: trials=15480000 accuracy=1.0000
  mpx-70 traj: trials=15540000 wall=4595s knowledge=0.7500 reliable=206 spec=7.00 pop=1289
  mpx-70 diag: trials=15540000 micro=3109 pop_spec=6.52 spec_max=22 q_mean=0.620 q_max=1.000 q_above_half=859 marked=0.330 mark_density=0.909 exp_mean=8705.2 addr_spec=3.878 addr_random=0.558 addr_full=0.1777 correct=192
  mpx-70 cover: trials=15540000 overall=0.7500 a0_nochange=1.0000 a0_change=1.0000 a1_nochange=0.0000 a1_change=1.0000 matched_but_wrong=112
  mpx-70 acc: trials=15540000 accuracy=1.0000
  mpx-70 traj: trials=15600000 wall=4607s knowledge=0.7500 reliable=209 spec=7.00 pop=1286
  mpx-70 diag: trials=15600000 micro=3139 pop_spec=6.44 spec_max=22 q_mean=0.614 q_max=1.000 q_above_half=854 marked=0.323 mark_density=0.911 exp_mean=8763.3 addr_spec=3.756 addr_random=0.552 addr_full=0.1719 correct=192
  mpx-70 cover: trials=15600000 overall=0.7500 a0_nochange=1.0000 a0_change=1.0000 a1_nochange=0.0000 a1_change=1.0000 matched_but_wrong=0
  mpx-70 acc: trials=15600000 accuracy=1.0000
  mpx-70 traj: trials=15660000 wall=4619s knowledge=0.7500 reliable=209 spec=7.00 pop=1307
  mpx-70 diag: trials=15660000 micro=3178 pop_spec=6.34 spec_max=22 q_mean=0.615 q_max=1.000 q_above_half=880 marked=0.320 mark_density=0.914 exp_mean=8659.7 addr_spec=3.837 addr_random=0.543 addr_full=0.1668 correct=192
  mpx-70 cover: trials=15660000 overall=0.7500 a0_nochange=1.0000 a0_change=1.0000 a1_nochange=0.0000 a1_change=1.0000 matched_but_wrong=0
  mpx-70 acc: trials=15660000 accuracy=1.0000
  mpx-70 traj: trials=15720000 wall=4632s knowledge=0.7500 reliable=212 spec=7.00 pop=1373
  mpx-70 diag: trials=15720000 micro=3242 pop_spec=6.39 spec_max=22 q_mean=0.601 q_max=1.000 q_above_half=796 marked=0.369 mark_density=0.914 exp_mean=8279.1 addr_spec=3.747 addr_random=0.548 addr_full=0.1617 correct=192
  mpx-70 cover: trials=15720000 overall=0.7500 a0_nochange=1.0000 a0_change=1.0000 a1_nochange=0.0000 a1_change=1.0000 matched_but_wrong=100
  mpx-70 acc: trials=15720000 accuracy=1.0000
  mpx-70 traj: trials=15780000 wall=4644s knowledge=0.7500 reliable=204 spec=7.00 pop=1324
  mpx-70 diag: trials=15780000 micro=3201 pop_spec=6.38 spec_max=22 q_mean=0.603 q_max=1.000 q_above_half=808 marked=0.370 mark_density=0.913 exp_mean=8620.9 addr_spec=3.770 addr_random=0.547 addr_full=0.1730 correct=192
  mpx-70 cover: trials=15780000 overall=0.7500 a0_nochange=1.0000 a0_change=1.0000 a1_nochange=0.0000 a1_change=1.0000 matched_but_wrong=0
  mpx-70 acc: trials=15780000 accuracy=1.0000
  mpx-70 traj: trials=15840000 wall=4656s knowledge=0.7500 reliable=199 spec=7.00 pop=1396
  mpx-70 diag: trials=15840000 micro=3243 pop_spec=6.36 spec_max=22 q_mean=0.592 q_max=1.000 q_above_half=812 marked=0.370 mark_density=0.914 exp_mean=8210.7 addr_spec=3.673 addr_random=0.546 addr_full=0.1569 correct=192
  mpx-70 cover: trials=15840000 overall=0.7500 a0_nochange=1.0000 a0_change=1.0000 a1_nochange=0.0000 a1_change=1.0000 matched_but_wrong=0
  mpx-70 acc: trials=15840000 accuracy=1.0000
  mpx-70 traj: trials=15900000 wall=4669s knowledge=0.7500 reliable=203 spec=7.00 pop=1213
  mpx-70 diag: trials=15900000 micro=3069 pop_spec=6.36 spec_max=22 q_mean=0.612 q_max=1.000 q_above_half=767 marked=0.354 mark_density=0.915 exp_mean=9489.1 addr_spec=3.782 addr_random=0.545 addr_full=0.1682 correct=192
  mpx-70 cover: trials=15900000 overall=0.7500 a0_nochange=1.0000 a0_change=1.0000 a1_nochange=0.0000 a1_change=1.0000 matched_but_wrong=0
  mpx-70 acc: trials=15900000 accuracy=1.0000
  mpx-70 traj: trials=15960000 wall=4682s knowledge=0.7500 reliable=201 spec=7.00 pop=1254
  mpx-70 diag: trials=15960000 micro=3133 pop_spec=6.36 spec_max=22 q_mean=0.604 q_max=1.000 q_above_half=757 marked=0.345 mark_density=0.913 exp_mean=9215.8 addr_spec=3.705 addr_random=0.545 addr_full=0.1746 correct=192
  mpx-70 cover: trials=15960000 overall=0.7500 a0_nochange=1.0000 a0_change=1.0000 a1_nochange=0.0000 a1_change=1.0000 matched_but_wrong=0
  mpx-70 acc: trials=15960000 accuracy=1.0000
  mpx-70 traj: trials=16020000 wall=4694s knowledge=0.7500 reliable=203 spec=7.00 pop=1285
  mpx-70 diag: trials=16020000 micro=3176 pop_spec=6.41 spec_max=22 q_mean=0.609 q_max=1.000 q_above_half=811 marked=0.362 mark_density=0.913 exp_mean=9031.4 addr_spec=3.796 addr_random=0.549 addr_full=0.1673 correct=192
  mpx-70 cover: trials=16020000 overall=0.7500 a0_nochange=1.0000 a0_change=1.0000 a1_nochange=0.0000 a1_change=1.0000 matched_but_wrong=0
  mpx-70 acc: trials=16020000 accuracy=1.0000
  mpx-70 traj: trials=16080000 wall=4706s knowledge=0.7500 reliable=199 spec=7.00 pop=1288
  mpx-70 diag: trials=16080000 micro=3216 pop_spec=6.35 spec_max=22 q_mean=0.606 q_max=1.000 q_above_half=803 marked=0.340 mark_density=0.913 exp_mean=9047.8 addr_spec=3.634 addr_random=0.544 addr_full=0.1693 correct=192
  mpx-70 cover: trials=16080000 overall=0.7500 a0_nochange=1.0000 a0_change=1.0000 a1_nochange=0.0000 a1_change=1.0000 matched_but_wrong=0
  mpx-70 acc: trials=16080000 accuracy=1.0000
  mpx-70 traj: trials=16140000 wall=4718s knowledge=0.7500 reliable=204 spec=7.00 pop=1339
  mpx-70 diag: trials=16140000 micro=3189 pop_spec=6.38 spec_max=22 q_mean=0.610 q_max=1.000 q_above_half=859 marked=0.379 mark_density=0.913 exp_mean=8739.0 addr_spec=3.915 addr_random=0.547 addr_full=0.1643 correct=192
  mpx-70 cover: trials=16140000 overall=0.7500 a0_nochange=1.0000 a0_change=1.0000 a1_nochange=0.0000 a1_change=1.0000 matched_but_wrong=0
  mpx-70 acc: trials=16140000 accuracy=1.0000
  mpx-70 traj: trials=16200000 wall=4730s knowledge=0.7500 reliable=206 spec=7.00 pop=1319
  mpx-70 diag: trials=16200000 micro=3173 pop_spec=6.39 spec_max=22 q_mean=0.606 q_max=1.000 q_above_half=817 marked=0.355 mark_density=0.912 exp_mean=8908.1 addr_spec=3.795 addr_random=0.548 addr_full=0.1615 correct=192
  mpx-70 cover: trials=16200000 overall=0.7500 a0_nochange=1.0000 a0_change=1.0000 a1_nochange=0.0000 a1_change=1.0000 matched_but_wrong=281
  mpx-70 acc: trials=16200000 accuracy=1.0000
  mpx-70 traj: trials=16260000 wall=4742s knowledge=0.7500 reliable=202 spec=7.00 pop=1269
  mpx-70 diag: trials=16260000 micro=3175 pop_spec=6.38 spec_max=22 q_mean=0.613 q_max=1.000 q_above_half=830 marked=0.328 mark_density=0.912 exp_mean=9296.4 addr_spec=3.813 addr_random=0.547 addr_full=0.1600 correct=192
  mpx-70 cover: trials=16260000 overall=0.7500 a0_nochange=1.0000 a0_change=1.0000 a1_nochange=0.0000 a1_change=1.0000 matched_but_wrong=0
  mpx-70 acc: trials=16260000 accuracy=1.0000
  mpx-70 traj: trials=16320000 wall=4754s knowledge=0.7500 reliable=208 spec=7.00 pop=1345
  mpx-70 diag: trials=16320000 micro=3243 pop_spec=6.43 spec_max=22 q_mean=0.606 q_max=1.000 q_above_half=832 marked=0.326 mark_density=0.912 exp_mean=8807.6 addr_spec=3.765 addr_random=0.551 addr_full=0.1673 correct=192
  mpx-70 cover: trials=16320000 overall=0.7500 a0_nochange=1.0000 a0_change=1.0000 a1_nochange=0.0000 a1_change=1.0000 matched_but_wrong=0
  mpx-70 acc: trials=16320000 accuracy=1.0000
  mpx-70 traj: trials=16380000 wall=4766s knowledge=0.7500 reliable=210 spec=7.00 pop=1339
  mpx-70 diag: trials=16380000 micro=3203 pop_spec=6.35 spec_max=22 q_mean=0.605 q_max=1.000 q_above_half=809 marked=0.341 mark_density=0.913 exp_mean=8882.9 addr_spec=3.801 addr_random=0.544 addr_full=0.1598 correct=192
  mpx-70 cover: trials=16380000 overall=0.7500 a0_nochange=1.0000 a0_change=1.0000 a1_nochange=0.0000 a1_change=1.0000 matched_but_wrong=95
  mpx-70 acc: trials=16380000 accuracy=1.0000
  mpx-70 traj: trials=16440000 wall=4778s knowledge=0.7500 reliable=202 spec=7.00 pop=1347
  mpx-70 diag: trials=16440000 micro=3199 pop_spec=6.37 spec_max=22 q_mean=0.603 q_max=1.000 q_above_half=826 marked=0.356 mark_density=0.913 exp_mean=8865.7 addr_spec=3.671 addr_random=0.546 addr_full=0.1581 correct=192
  mpx-70 cover: trials=16440000 overall=0.7500 a0_nochange=1.0000 a0_change=1.0000 a1_nochange=0.0000 a1_change=1.0000 matched_but_wrong=0
  mpx-70 acc: trials=16440000 accuracy=1.0000
  mpx-70 traj: trials=16500000 wall=4790s knowledge=0.7500 reliable=202 spec=7.00 pop=1249
  mpx-70 diag: trials=16500000 micro=3114 pop_spec=6.36 spec_max=22 q_mean=0.619 q_max=1.000 q_above_half=846 marked=0.348 mark_density=0.914 exp_mean=9599.2 addr_spec=3.724 addr_random=0.545 addr_full=0.1665 correct=192
  mpx-70 cover: trials=16500000 overall=0.7500 a0_nochange=1.0000 a0_change=1.0000 a1_nochange=0.0000 a1_change=1.0000 matched_but_wrong=0
  mpx-70 acc: trials=16500000 accuracy=1.0000
  mpx-70 traj: trials=16560000 wall=4803s knowledge=0.7500 reliable=200 spec=7.00 pop=1301
  mpx-70 diag: trials=16560000 micro=3156 pop_spec=6.37 spec_max=22 q_mean=0.607 q_max=1.000 q_above_half=804 marked=0.332 mark_density=0.913 exp_mean=9252.6 addr_spec=3.693 addr_random=0.546 addr_full=0.1752 correct=192
  mpx-70 cover: trials=16560000 overall=0.7500 a0_nochange=1.0000 a0_change=1.0000 a1_nochange=0.0000 a1_change=1.0000 matched_but_wrong=0
  mpx-70 acc: trials=16560000 accuracy=1.0000
  mpx-70 traj: trials=16620000 wall=4815s knowledge=0.7500 reliable=208 spec=7.00 pop=1377
  mpx-70 diag: trials=16620000 micro=3256 pop_spec=6.38 spec_max=22 q_mean=0.595 q_max=1.000 q_above_half=776 marked=0.370 mark_density=0.913 exp_mean=8777.6 addr_spec=3.775 addr_random=0.547 addr_full=0.1619 correct=192
  mpx-70 cover: trials=16620000 overall=0.7500 a0_nochange=1.0000 a0_change=1.0000 a1_nochange=0.0000 a1_change=1.0000 matched_but_wrong=0
  mpx-70 acc: trials=16620000 accuracy=1.0000
  mpx-70 traj: trials=16680000 wall=4826s knowledge=0.7500 reliable=204 spec=7.00 pop=1308
  mpx-70 diag: trials=16680000 micro=3193 pop_spec=6.40 spec_max=22 q_mean=0.605 q_max=1.000 q_above_half=820 marked=0.375 mark_density=0.913 exp_mean=9276.5 addr_spec=3.856 addr_random=0.548 addr_full=0.1636 correct=192
  mpx-70 cover: trials=16680000 overall=0.7500 a0_nochange=1.0000 a0_change=1.0000 a1_nochange=0.0000 a1_change=1.0000 matched_but_wrong=0
  mpx-70 acc: trials=16680000 accuracy=1.0000
  mpx-70 traj: trials=16740000 wall=4838s knowledge=0.7500 reliable=204 spec=7.00 pop=1343
  mpx-70 diag: trials=16740000 micro=3210 pop_spec=6.34 spec_max=22 q_mean=0.603 q_max=1.000 q_above_half=798 marked=0.388 mark_density=0.914 exp_mean=9070.8 addr_spec=3.475 addr_random=0.544 addr_full=0.1534 correct=192
  mpx-70 cover: trials=16740000 overall=0.7500 a0_nochange=1.0000 a0_change=1.0000 a1_nochange=0.0000 a1_change=1.0000 matched_but_wrong=0
  mpx-70 acc: trials=16740000 accuracy=1.0000
  mpx-70 traj: trials=16800000 wall=4850s knowledge=0.7500 reliable=202 spec=7.00 pop=1398
  mpx-70 diag: trials=16800000 micro=3263 pop_spec=6.28 spec_max=22 q_mean=0.614 q_max=1.000 q_above_half=917 marked=0.349 mark_density=0.914 exp_mean=8748.3 addr_spec=3.675 addr_random=0.538 addr_full=0.1516 correct=192
  mpx-70 cover: trials=16800000 overall=0.7500 a0_nochange=1.0000 a0_change=1.0000 a1_nochange=0.0000 a1_change=1.0000 matched_but_wrong=0
  mpx-70 acc: trials=16800000 accuracy=1.0000
  mpx-70 traj: trials=16860000 wall=4862s knowledge=0.7500 reliable=204 spec=7.00 pop=1368
  mpx-70 diag: trials=16860000 micro=3211 pop_spec=6.33 spec_max=22 q_mean=0.596 q_max=1.000 q_above_half=808 marked=0.390 mark_density=0.913 exp_mean=8975.1 addr_spec=3.643 addr_random=0.543 addr_full=0.1528 correct=192
  mpx-70 cover: trials=16860000 overall=0.7500 a0_nochange=1.0000 a0_change=1.0000 a1_nochange=0.0000 a1_change=1.0000 matched_but_wrong=0
  mpx-70 acc: trials=16860000 accuracy=1.0000
  mpx-70 traj: trials=16920000 wall=4874s knowledge=0.7500 reliable=199 spec=7.00 pop=1341
  mpx-70 diag: trials=16920000 micro=3250 pop_spec=6.24 spec_max=22 q_mean=0.603 q_max=1.000 q_above_half=867 marked=0.358 mark_density=0.916 exp_mean=9191.1 addr_spec=3.718 addr_random=0.535 addr_full=0.1596 correct=192
  mpx-70 cover: trials=16920000 overall=0.7500 a0_nochange=1.0000 a0_change=1.0000 a1_nochange=0.0000 a1_change=1.0000 matched_but_wrong=0
  mpx-70 acc: trials=16920000 accuracy=1.0000
  mpx-70 traj: trials=16980000 wall=4885s knowledge=0.7500 reliable=202 spec=7.00 pop=1300
  mpx-70 diag: trials=16980000 micro=3213 pop_spec=6.35 spec_max=22 q_mean=0.608 q_max=1.000 q_above_half=828 marked=0.329 mark_density=0.913 exp_mean=9518.1 addr_spec=3.784 addr_random=0.544 addr_full=0.1685 correct=192
  mpx-70 cover: trials=16980000 overall=0.7500 a0_nochange=1.0000 a0_change=1.0000 a1_nochange=0.0000 a1_change=1.0000 matched_but_wrong=0
  mpx-70 acc: trials=16980000 accuracy=1.0000
  mpx-70 traj: trials=17040000 wall=4897s knowledge=0.7500 reliable=205 spec=7.00 pop=1382
  mpx-70 diag: trials=17040000 micro=3242 pop_spec=6.35 spec_max=22 q_mean=0.598 q_max=1.000 q_above_half=831 marked=0.412 mark_density=0.914 exp_mean=8988.4 addr_spec=3.623 addr_random=0.545 addr_full=0.1556 correct=192
  mpx-70 cover: trials=17040000 overall=0.7500 a0_nochange=1.0000 a0_change=1.0000 a1_nochange=0.0000 a1_change=1.0000 matched_but_wrong=0
  mpx-70 acc: trials=17040000 accuracy=1.0000
  mpx-70 traj: trials=17100000 wall=4909s knowledge=0.7500 reliable=201 spec=7.00 pop=1306
  mpx-70 diag: trials=17100000 micro=3233 pop_spec=6.30 spec_max=22 q_mean=0.600 q_max=1.000 q_above_half=795 marked=0.357 mark_density=0.915 exp_mean=9547.9 addr_spec=3.603 addr_random=0.540 addr_full=0.1654 correct=192
  mpx-70 cover: trials=17100000 overall=0.7500 a0_nochange=1.0000 a0_change=1.0000 a1_nochange=0.0000 a1_change=1.0000 matched_but_wrong=0
  mpx-70 acc: trials=17100000 accuracy=1.0000
  mpx-70 traj: trials=17160000 wall=4920s knowledge=0.7500 reliable=204 spec=7.00 pop=1342
  mpx-70 diag: trials=17160000 micro=3202 pop_spec=6.29 spec_max=22 q_mean=0.606 q_max=1.000 q_above_half=864 marked=0.355 mark_density=0.916 exp_mean=9328.4 addr_spec=3.725 addr_random=0.539 addr_full=0.1669 correct=192
  mpx-70 cover: trials=17160000 overall=0.7500 a0_nochange=1.0000 a0_change=1.0000 a1_nochange=0.0000 a1_change=1.0000 matched_but_wrong=0
  mpx-70 acc: trials=17160000 accuracy=1.0000
  mpx-70 traj: trials=17220000 wall=4932s knowledge=0.7500 reliable=205 spec=7.00 pop=1302
  mpx-70 diag: trials=17220000 micro=3207 pop_spec=6.37 spec_max=22 q_mean=0.607 q_max=1.000 q_above_half=787 marked=0.364 mark_density=0.913 exp_mean=9651.3 addr_spec=3.906 addr_random=0.546 addr_full=0.1705 correct=192
  mpx-70 cover: trials=17220000 overall=0.7500 a0_nochange=1.0000 a0_change=1.0000 a1_nochange=0.0000 a1_change=1.0000 matched_but_wrong=0
  mpx-70 acc: trials=17220000 accuracy=1.0000
  mpx-70 traj: trials=17280000 wall=4943s knowledge=0.7500 reliable=205 spec=7.00 pop=1307
  mpx-70 diag: trials=17280000 micro=3200 pop_spec=6.37 spec_max=22 q_mean=0.614 q_max=1.000 q_above_half=854 marked=0.327 mark_density=0.914 exp_mean=9650.8 addr_spec=3.835 addr_random=0.546 addr_full=0.1630 correct=192
  mpx-70 cover: trials=17280000 overall=0.7500 a0_nochange=1.0000 a0_change=1.0000 a1_nochange=0.0000 a1_change=1.0000 matched_but_wrong=0
  mpx-70 acc: trials=17280000 accuracy=1.0000
  mpx-70 traj: trials=17340000 wall=4955s knowledge=0.7500 reliable=208 spec=7.00 pop=1335
  mpx-70 diag: trials=17340000 micro=3195 pop_spec=6.30 spec_max=22 q_mean=0.605 q_max=1.000 q_above_half=845 marked=0.360 mark_density=0.915 exp_mean=9485.0 addr_spec=3.764 addr_random=0.540 addr_full=0.1573 correct=192
  mpx-70 cover: trials=17340000 overall=0.7500 a0_nochange=1.0000 a0_change=1.0000 a1_nochange=0.0000 a1_change=1.0000 matched_but_wrong=0
  mpx-70 acc: trials=17340000 accuracy=1.0000
  mpx-70 traj: trials=17400000 wall=4967s knowledge=0.7500 reliable=204 spec=7.00 pop=1288
  mpx-70 diag: trials=17400000 micro=3142 pop_spec=6.42 spec_max=22 q_mean=0.612 q_max=1.000 q_above_half=814 marked=0.367 mark_density=0.912 exp_mean=9867.7 addr_spec=3.778 addr_random=0.550 addr_full=0.1661 correct=192
  mpx-70 cover: trials=17400000 overall=0.7500 a0_nochange=1.0000 a0_change=1.0000 a1_nochange=0.0000 a1_change=1.0000 matched_but_wrong=0
  mpx-70 acc: trials=17400000 accuracy=1.0000
  mpx-70 traj: trials=17460000 wall=4979s knowledge=0.7500 reliable=205 spec=7.00 pop=1308
  mpx-70 diag: trials=17460000 micro=3184 pop_spec=6.39 spec_max=22 q_mean=0.602 q_max=1.000 q_above_half=795 marked=0.368 mark_density=0.914 exp_mean=9753.7 addr_spec=3.758 addr_random=0.548 addr_full=0.1697 correct=192
  mpx-70 cover: trials=17460000 overall=0.7500 a0_nochange=1.0000 a0_change=1.0000 a1_nochange=0.0000 a1_change=1.0000 matched_but_wrong=0
  mpx-70 acc: trials=17460000 accuracy=1.0000
  mpx-70 traj: trials=17520000 wall=4991s knowledge=0.7500 reliable=203 spec=7.00 pop=1244
  mpx-70 diag: trials=17520000 micro=3117 pop_spec=6.36 spec_max=22 q_mean=0.619 q_max=1.000 q_above_half=819 marked=0.349 mark_density=0.913 exp_mean=10294.2 addr_spec=3.859 addr_random=0.545 addr_full=0.1688 correct=192
  mpx-70 cover: trials=17520000 overall=0.7500 a0_nochange=1.0000 a0_change=1.0000 a1_nochange=0.0000 a1_change=1.0000 matched_but_wrong=187
  mpx-70 acc: trials=17520000 accuracy=1.0000
  mpx-70 traj: trials=17580000 wall=5003s knowledge=0.7500 reliable=201 spec=7.00 pop=1282
  mpx-70 diag: trials=17580000 micro=3145 pop_spec=6.39 spec_max=22 q_mean=0.608 q_max=1.000 q_above_half=787 marked=0.349 mark_density=0.912 exp_mean=10026.0 addr_spec=3.875 addr_random=0.547 addr_full=0.1724 correct=192
  mpx-70 cover: trials=17580000 overall=0.7500 a0_nochange=1.0000 a0_change=1.0000 a1_nochange=0.0000 a1_change=1.0000 matched_but_wrong=0
  mpx-70 acc: trials=17580000 accuracy=1.0000
  mpx-70 traj: trials=17640000 wall=5015s knowledge=0.7500 reliable=200 spec=7.00 pop=1332
  mpx-70 diag: trials=17640000 micro=3217 pop_spec=6.30 spec_max=22 q_mean=0.604 q_max=1.000 q_above_half=826 marked=0.379 mark_density=0.913 exp_mean=9685.8 addr_spec=3.785 addr_random=0.540 addr_full=0.1569 correct=192
  mpx-70 cover: trials=17640000 overall=0.7500 a0_nochange=1.0000 a0_change=1.0000 a1_nochange=0.0000 a1_change=1.0000 matched_but_wrong=0
  mpx-70 acc: trials=17640000 accuracy=1.0000
  mpx-70 traj: trials=17700000 wall=5028s knowledge=0.7500 reliable=207 spec=7.00 pop=1236
  mpx-70 diag: trials=17700000 micro=3127 pop_spec=6.33 spec_max=22 q_mean=0.608 q_max=1.000 q_above_half=753 marked=0.351 mark_density=0.914 exp_mean=10476.9 addr_spec=3.735 addr_random=0.542 addr_full=0.1764 correct=192
  mpx-70 cover: trials=17700000 overall=0.7500 a0_nochange=1.0000 a0_change=1.0000 a1_nochange=0.0000 a1_change=1.0000 matched_but_wrong=0
  mpx-70 acc: trials=17700000 accuracy=1.0000
  mpx-70 traj: trials=17760000 wall=5040s knowledge=0.7500 reliable=200 spec=7.00 pop=1248
  mpx-70 diag: trials=17760000 micro=3194 pop_spec=6.32 spec_max=22 q_mean=0.610 q_max=1.000 q_above_half=790 marked=0.358 mark_density=0.914 exp_mean=10414.5 addr_spec=3.812 addr_random=0.542 addr_full=0.1699 correct=192
  mpx-70 cover: trials=17760000 overall=0.7500 a0_nochange=1.0000 a0_change=1.0000 a1_nochange=0.0000 a1_change=1.0000 matched_but_wrong=0
  mpx-70 acc: trials=17760000 accuracy=1.0000
  mpx-70 traj: trials=17820000 wall=5052s knowledge=0.7500 reliable=202 spec=7.00 pop=1281
  mpx-70 diag: trials=17820000 micro=3153 pop_spec=6.32 spec_max=22 q_mean=0.617 q_max=1.000 q_above_half=827 marked=0.355 mark_density=0.913 exp_mean=10183.8 addr_spec=3.626 addr_random=0.542 addr_full=0.1694 correct=192
  mpx-70 cover: trials=17820000 overall=0.7500 a0_nochange=1.0000 a0_change=1.0000 a1_nochange=0.0000 a1_change=1.0000 matched_but_wrong=0
  mpx-70 acc: trials=17820000 accuracy=1.0000
  mpx-70 traj: trials=17880000 wall=5064s knowledge=0.7500 reliable=202 spec=7.00 pop=1284
  mpx-70 diag: trials=17880000 micro=3173 pop_spec=6.32 spec_max=22 q_mean=0.607 q_max=1.000 q_above_half=818 marked=0.363 mark_density=0.914 exp_mean=10197.3 addr_spec=3.668 addr_random=0.542 addr_full=0.1643 correct=192
  mpx-70 cover: trials=17880000 overall=0.7500 a0_nochange=1.0000 a0_change=1.0000 a1_nochange=0.0000 a1_change=1.0000 matched_but_wrong=0
  mpx-70 acc: trials=17880000 accuracy=1.0000
  mpx-70 traj: trials=17940000 wall=5077s knowledge=0.7500 reliable=199 spec=7.00 pop=1399
  mpx-70 diag: trials=17940000 micro=3257 pop_spec=6.35 spec_max=22 q_mean=0.590 q_max=1.000 q_above_half=811 marked=0.395 mark_density=0.915 exp_mean=9393.4 addr_spec=3.677 addr_random=0.544 addr_full=0.1587 correct=192
  mpx-70 cover: trials=17940000 overall=0.7500 a0_nochange=1.0000 a0_change=1.0000 a1_nochange=0.0000 a1_change=1.0000 matched_but_wrong=0
  mpx-70 acc: trials=17940000 accuracy=1.0000
  mpx-70 traj: trials=18000000 wall=5089s knowledge=0.7500 reliable=207 spec=7.00 pop=1318
  mpx-70 diag: trials=18000000 micro=3161 pop_spec=6.34 spec_max=22 q_mean=0.605 q_max=1.000 q_above_half=807 marked=0.393 mark_density=0.915 exp_mean=10007.6 addr_spec=3.563 addr_random=0.543 addr_full=0.1533 correct=192
  mpx-70 cover: trials=18000000 overall=0.7500 a0_nochange=1.0000 a0_change=1.0000 a1_nochange=0.0000 a1_change=1.0000 matched_but_wrong=0
  mpx-70 acc: trials=18000000 accuracy=1.0000
  mpx-70 traj: trials=18060000 wall=5102s knowledge=0.7500 reliable=199 spec=7.00 pop=1268
  mpx-70 diag: trials=18060000 micro=3188 pop_spec=6.48 spec_max=22 q_mean=0.609 q_max=1.000 q_above_half=801 marked=0.339 mark_density=0.911 exp_mean=10439.7 addr_spec=3.864 addr_random=0.555 addr_full=0.1735 correct=192
  mpx-70 cover: trials=18060000 overall=0.7500 a0_nochange=1.0000 a0_change=1.0000 a1_nochange=0.0000 a1_change=1.0000 matched_but_wrong=0
  mpx-70 acc: trials=18060000 accuracy=1.0000
  mpx-70 traj: trials=18120000 wall=5114s knowledge=0.7500 reliable=201 spec=7.00 pop=1279
  mpx-70 diag: trials=18120000 micro=3162 pop_spec=6.38 spec_max=22 q_mean=0.608 q_max=1.000 q_above_half=775 marked=0.348 mark_density=0.912 exp_mean=10387.1 addr_spec=3.848 addr_random=0.547 addr_full=0.1681 correct=192
  mpx-70 cover: trials=18120000 overall=0.7500 a0_nochange=1.0000 a0_change=1.0000 a1_nochange=0.0000 a1_change=1.0000 matched_but_wrong=0
  mpx-70 acc: trials=18120000 accuracy=1.0000
  mpx-70 traj: trials=18180000 wall=5126s knowledge=0.7500 reliable=211 spec=7.00 pop=1349
  mpx-70 diag: trials=18180000 micro=3259 pop_spec=6.36 spec_max=22 q_mean=0.610 q_max=1.000 q_above_half=871 marked=0.342 mark_density=0.914 exp_mean=9884.3 addr_spec=3.836 addr_random=0.545 addr_full=0.1564 correct=192
  mpx-70 cover: trials=18180000 overall=0.7500 a0_nochange=1.0000 a0_change=1.0000 a1_nochange=0.0000 a1_change=1.0000 matched_but_wrong=0
  mpx-70 acc: trials=18180000 accuracy=1.0000
  mpx-70 traj: trials=18240000 wall=5139s knowledge=0.7500 reliable=203 spec=7.00 pop=1336
  mpx-70 diag: trials=18240000 micro=3173 pop_spec=6.34 spec_max=22 q_mean=0.605 q_max=1.000 q_above_half=858 marked=0.367 mark_density=0.914 exp_mean=10017.1 addr_spec=3.656 addr_random=0.543 addr_full=0.1609 correct=192
  mpx-70 cover: trials=18240000 overall=0.7500 a0_nochange=1.0000 a0_change=1.0000 a1_nochange=0.0000 a1_change=1.0000 matched_but_wrong=0
  mpx-70 acc: trials=18240000 accuracy=1.0000
  mpx-70 traj: trials=18300000 wall=5152s knowledge=0.7500 reliable=207 spec=7.00 pop=1292
  mpx-70 diag: trials=18300000 micro=3156 pop_spec=6.36 spec_max=22 q_mean=0.602 q_max=1.000 q_above_half=789 marked=0.355 mark_density=0.913 exp_mean=10395.0 addr_spec=3.746 addr_random=0.545 addr_full=0.1664 correct=192
  mpx-70 cover: trials=18300000 overall=0.7500 a0_nochange=1.0000 a0_change=1.0000 a1_nochange=0.0000 a1_change=1.0000 matched_but_wrong=0
  mpx-70 acc: trials=18300000 accuracy=1.0000
  mpx-70 traj: trials=18360000 wall=5164s knowledge=0.7500 reliable=204 spec=7.00 pop=1241
  mpx-70 diag: trials=18360000 micro=3162 pop_spec=6.35 spec_max=22 q_mean=0.612 q_max=1.000 q_above_half=795 marked=0.340 mark_density=0.913 exp_mean=10859.9 addr_spec=3.941 addr_random=0.544 addr_full=0.1781 correct=192
  mpx-70 cover: trials=18360000 overall=0.7500 a0_nochange=1.0000 a0_change=1.0000 a1_nochange=0.0000 a1_change=1.0000 matched_but_wrong=0
  mpx-70 acc: trials=18360000 accuracy=1.0000
  mpx-70 traj: trials=18420000 wall=5176s knowledge=0.7500 reliable=200 spec=7.00 pop=1351
  mpx-70 diag: trials=18420000 micro=3231 pop_spec=6.35 spec_max=22 q_mean=0.595 q_max=1.000 q_above_half=790 marked=0.382 mark_density=0.914 exp_mean=10011.4 addr_spec=3.776 addr_random=0.544 addr_full=0.1680 correct=192
  mpx-70 cover: trials=18420000 overall=0.7500 a0_nochange=1.0000 a0_change=1.0000 a1_nochange=0.0000 a1_change=1.0000 matched_but_wrong=0
  mpx-70 acc: trials=18420000 accuracy=1.0000
  mpx-70 traj: trials=18480000 wall=5188s knowledge=0.7500 reliable=203 spec=7.00 pop=1205
  mpx-70 diag: trials=18480000 micro=3081 pop_spec=6.32 spec_max=22 q_mean=0.615 q_max=1.000 q_above_half=772 marked=0.347 mark_density=0.915 exp_mean=11264.1 addr_spec=3.822 addr_random=0.542 addr_full=0.1793 correct=192
  mpx-70 cover: trials=18480000 overall=0.7500 a0_nochange=1.0000 a0_change=1.0000 a1_nochange=0.0000 a1_change=1.0000 matched_but_wrong=0
  mpx-70 acc: trials=18480000 accuracy=1.0000
  mpx-70 traj: trials=18540000 wall=5200s knowledge=0.7500 reliable=199 spec=7.00 pop=1257
  mpx-70 diag: trials=18540000 micro=3155 pop_spec=6.36 spec_max=22 q_mean=0.611 q_max=1.000 q_above_half=807 marked=0.345 mark_density=0.912 exp_mean=10836.0 addr_spec=3.836 addr_random=0.545 addr_full=0.1687 correct=192
  mpx-70 cover: trials=18540000 overall=0.7500 a0_nochange=1.0000 a0_change=1.0000 a1_nochange=0.0000 a1_change=1.0000 matched_but_wrong=0
  mpx-70 acc: trials=18540000 accuracy=1.0000
  mpx-70 traj: trials=18600000 wall=5211s knowledge=0.7500 reliable=205 spec=7.00 pop=1366
  mpx-70 diag: trials=18600000 micro=3224 pop_spec=6.28 spec_max=22 q_mean=0.602 q_max=1.000 q_above_half=847 marked=0.362 mark_density=0.915 exp_mean=10007.4 addr_spec=3.498 addr_random=0.538 addr_full=0.1508 correct=192
  mpx-70 cover: trials=18600000 overall=0.7500 a0_nochange=1.0000 a0_change=1.0000 a1_nochange=0.0000 a1_change=1.0000 matched_but_wrong=0
  mpx-70 acc: trials=18600000 accuracy=1.0000
  mpx-70 traj: trials=18660000 wall=5223s knowledge=0.7500 reliable=206 spec=7.00 pop=1414
  mpx-70 diag: trials=18660000 micro=3268 pop_spec=6.35 spec_max=22 q_mean=0.603 q_max=1.000 q_above_half=907 marked=0.349 mark_density=0.914 exp_mean=9701.4 addr_spec=3.523 addr_random=0.544 addr_full=0.1563 correct=192
  mpx-70 cover: trials=18660000 overall=0.7500 a0_nochange=1.0000 a0_change=1.0000 a1_nochange=0.0000 a1_change=1.0000 matched_but_wrong=0
  mpx-70 acc: trials=18660000 accuracy=1.0000
  mpx-70 traj: trials=18720000 wall=5235s knowledge=0.7500 reliable=200 spec=7.00 pop=1349
  mpx-70 diag: trials=18720000 micro=3230 pop_spec=6.27 spec_max=22 q_mean=0.604 q_max=1.000 q_above_half=862 marked=0.359 mark_density=0.915 exp_mean=10204.5 addr_spec=3.655 addr_random=0.537 addr_full=0.1609 correct=192
  mpx-70 cover: trials=18720000 overall=0.7500 a0_nochange=1.0000 a0_change=1.0000 a1_nochange=0.0000 a1_change=1.0000 matched_but_wrong=0
  mpx-70 acc: trials=18720000 accuracy=1.0000
  mpx-70 traj: trials=18780000 wall=5247s knowledge=0.7500 reliable=199 spec=7.00 pop=1376
  mpx-70 diag: trials=18780000 micro=3232 pop_spec=6.37 spec_max=22 q_mean=0.598 q_max=1.000 q_above_half=804 marked=0.395 mark_density=0.914 exp_mean=10039.0 addr_spec=3.706 addr_random=0.546 addr_full=0.1541 correct=192
  mpx-70 cover: trials=18780000 overall=0.7500 a0_nochange=1.0000 a0_change=1.0000 a1_nochange=0.0000 a1_change=1.0000 matched_but_wrong=0
  mpx-70 acc: trials=18780000 accuracy=1.0000
  mpx-70 traj: trials=18840000 wall=5259s knowledge=0.7500 reliable=203 spec=7.00 pop=1335
  mpx-70 diag: trials=18840000 micro=3227 pop_spec=6.39 spec_max=22 q_mean=0.608 q_max=1.000 q_above_half=843 marked=0.360 mark_density=0.913 exp_mean=10382.9 addr_spec=3.735 addr_random=0.548 addr_full=0.1596 correct=192
  mpx-70 cover: trials=18840000 overall=0.7500 a0_nochange=1.0000 a0_change=1.0000 a1_nochange=0.0000 a1_change=1.0000 matched_but_wrong=171
  mpx-70 acc: trials=18840000 accuracy=1.0000
  mpx-70 traj: trials=18900000 wall=5270s knowledge=0.7500 reliable=196 spec=7.00 pop=1271
  mpx-70 diag: trials=18900000 micro=3186 pop_spec=6.33 spec_max=22 q_mean=0.609 q_max=1.000 q_above_half=819 marked=0.340 mark_density=0.913 exp_mean=10942.7 addr_spec=3.566 addr_random=0.543 addr_full=0.1755 correct=192
  mpx-70 cover: trials=18900000 overall=0.7500 a0_nochange=1.0000 a0_change=1.0000 a1_nochange=0.0000 a1_change=1.0000 matched_but_wrong=0
  mpx-70 acc: trials=18900000 accuracy=1.0000
  mpx-70 traj: trials=18960000 wall=5282s knowledge=0.7500 reliable=201 spec=7.00 pop=1358
  mpx-70 diag: trials=18960000 micro=3242 pop_spec=6.43 spec_max=22 q_mean=0.596 q_max=1.000 q_above_half=786 marked=0.380 mark_density=0.912 exp_mean=10277.7 addr_spec=3.774 addr_random=0.551 addr_full=0.1635 correct=192
  mpx-70 cover: trials=18960000 overall=0.7500 a0_nochange=1.0000 a0_change=1.0000 a1_nochange=0.0000 a1_change=1.0000 matched_but_wrong=0
  mpx-70 acc: trials=18960000 accuracy=1.0000
  mpx-70 traj: trials=19020000 wall=5294s knowledge=0.7500 reliable=203 spec=7.00 pop=1278
  mpx-70 diag: trials=19020000 micro=3184 pop_spec=6.33 spec_max=22 q_mean=0.609 q_max=1.000 q_above_half=789 marked=0.344 mark_density=0.914 exp_mean=10958.6 addr_spec=3.757 addr_random=0.543 addr_full=0.1690 correct=192
  mpx-70 cover: trials=19020000 overall=0.7500 a0_nochange=1.0000 a0_change=1.0000 a1_nochange=0.0000 a1_change=1.0000 matched_but_wrong=0
  mpx-70 acc: trials=19020000 accuracy=1.0000
  mpx-70 traj: trials=19080000 wall=5306s knowledge=0.7500 reliable=201 spec=7.00 pop=1345
  mpx-70 diag: trials=19080000 micro=3209 pop_spec=6.38 spec_max=22 q_mean=0.606 q_max=1.000 q_above_half=829 marked=0.354 mark_density=0.913 exp_mean=10448.6 addr_spec=3.697 addr_random=0.547 addr_full=0.1584 correct=192
  mpx-70 cover: trials=19080000 overall=0.7500 a0_nochange=1.0000 a0_change=1.0000 a1_nochange=0.0000 a1_change=1.0000 matched_but_wrong=118
  mpx-70 acc: trials=19080000 accuracy=1.0000
  mpx-70 traj: trials=19140000 wall=5318s knowledge=0.7500 reliable=205 spec=7.00 pop=1304
  mpx-70 diag: trials=19140000 micro=3187 pop_spec=6.35 spec_max=22 q_mean=0.608 q_max=1.000 q_above_half=846 marked=0.371 mark_density=0.913 exp_mean=10814.4 addr_spec=3.712 addr_random=0.544 addr_full=0.1672 correct=192
  mpx-70 cover: trials=19140000 overall=0.7500 a0_nochange=1.0000 a0_change=1.0000 a1_nochange=0.0000 a1_change=1.0000 matched_but_wrong=0
  mpx-70 acc: trials=19140000 accuracy=1.0000
  mpx-70 traj: trials=19200000 wall=5329s knowledge=0.7500 reliable=201 spec=7.00 pop=1242
  mpx-70 diag: trials=19200000 micro=3122 pop_spec=6.37 spec_max=22 q_mean=0.609 q_max=1.000 q_above_half=753 marked=0.352 mark_density=0.913 exp_mean=11392.2 addr_spec=3.738 addr_random=0.546 addr_full=0.1763 correct=192
  mpx-70 cover: trials=19200000 overall=0.7500 a0_nochange=1.0000 a0_change=1.0000 a1_nochange=0.0000 a1_change=1.0000 matched_but_wrong=98
  mpx-70 acc: trials=19200000 accuracy=1.0000
  mpx-70 traj: trials=19260000 wall=5341s knowledge=0.7500 reliable=200 spec=7.00 pop=1329
  mpx-70 diag: trials=19260000 micro=3194 pop_spec=6.37 spec_max=22 q_mean=0.606 q_max=1.000 q_above_half=826 marked=0.366 mark_density=0.912 exp_mean=10682.7 addr_spec=3.868 addr_random=0.546 addr_full=0.1580 correct=192
  mpx-70 cover: trials=19260000 overall=0.7500 a0_nochange=1.0000 a0_change=1.0000 a1_nochange=0.0000 a1_change=1.0000 matched_but_wrong=0
  mpx-70 acc: trials=19260000 accuracy=1.0000
  mpx-70 traj: trials=19320000 wall=5353s knowledge=0.7500 reliable=205 spec=7.00 pop=1228
  mpx-70 diag: trials=19320000 micro=3103 pop_spec=6.36 spec_max=22 q_mean=0.610 q_max=1.000 q_above_half=760 marked=0.371 mark_density=0.913 exp_mean=11600.7 addr_spec=3.930 addr_random=0.545 addr_full=0.1808 correct=192
  mpx-70 cover: trials=19320000 overall=0.7500 a0_nochange=1.0000 a0_change=1.0000 a1_nochange=0.0000 a1_change=1.0000 matched_but_wrong=0
  mpx-70 acc: trials=19320000 accuracy=1.0000
  mpx-70 traj: trials=19380000 wall=5365s knowledge=0.7500 reliable=209 spec=7.00 pop=1370
  mpx-70 diag: trials=19380000 micro=3221 pop_spec=6.32 spec_max=22 q_mean=0.605 q_max=1.000 q_above_half=846 marked=0.368 mark_density=0.913 exp_mean=10433.4 addr_spec=3.707 addr_random=0.542 addr_full=0.1599 correct=192
  mpx-70 cover: trials=19380000 overall=0.7500 a0_nochange=1.0000 a0_change=1.0000 a1_nochange=0.0000 a1_change=1.0000 matched_but_wrong=0
  mpx-70 acc: trials=19380000 accuracy=1.0000
  mpx-70 traj: trials=19440000 wall=5377s knowledge=0.7500 reliable=206 spec=7.00 pop=1253
  mpx-70 diag: trials=19440000 micro=3141 pop_spec=6.40 spec_max=22 q_mean=0.610 q_max=1.000 q_above_half=778 marked=0.337 mark_density=0.913 exp_mean=11446.2 addr_spec=3.931 addr_random=0.549 addr_full=0.1812 correct=192
  mpx-70 cover: trials=19440000 overall=0.7500 a0_nochange=1.0000 a0_change=1.0000 a1_nochange=0.0000 a1_change=1.0000 matched_but_wrong=0
  mpx-70 acc: trials=19440000 accuracy=1.0000
  mpx-70 traj: trials=19500000 wall=5389s knowledge=0.7500 reliable=200 spec=7.00 pop=1254
  mpx-70 diag: trials=19500000 micro=3131 pop_spec=6.36 spec_max=22 q_mean=0.615 q_max=1.000 q_above_half=840 marked=0.344 mark_density=0.912 exp_mean=11474.8 addr_spec=3.817 addr_random=0.546 addr_full=0.1675 correct=192
  mpx-70 cover: trials=19500000 overall=0.7500 a0_nochange=1.0000 a0_change=1.0000 a1_nochange=0.0000 a1_change=1.0000 matched_but_wrong=0
  mpx-70 acc: trials=19500000 accuracy=1.0000
  mpx-70 traj: trials=19560000 wall=5402s knowledge=0.7500 reliable=208 spec=7.00 pop=1271
  mpx-70 diag: trials=19560000 micro=3168 pop_spec=6.35 spec_max=22 q_mean=0.608 q_max=1.000 q_above_half=774 marked=0.354 mark_density=0.913 exp_mean=11359.8 addr_spec=3.817 addr_random=0.544 addr_full=0.1676 correct=192
  mpx-70 cover: trials=19560000 overall=0.7500 a0_nochange=1.0000 a0_change=1.0000 a1_nochange=0.0000 a1_change=1.0000 matched_but_wrong=0
  mpx-70 acc: trials=19560000 accuracy=1.0000
  mpx-70 traj: trials=19620000 wall=5414s knowledge=0.7500 reliable=204 spec=7.00 pop=1350
  mpx-70 diag: trials=19620000 micro=3256 pop_spec=6.32 spec_max=22 q_mean=0.605 q_max=1.000 q_above_half=830 marked=0.352 mark_density=0.914 exp_mean=10731.0 addr_spec=3.873 addr_random=0.542 addr_full=0.1630 correct=192
  mpx-70 cover: trials=19620000 overall=0.7500 a0_nochange=1.0000 a0_change=1.0000 a1_nochange=0.0000 a1_change=1.0000 matched_but_wrong=0
  mpx-70 acc: trials=19620000 accuracy=1.0000
  mpx-70 traj: trials=19680000 wall=5426s knowledge=0.7500 reliable=205 spec=7.00 pop=1317
  mpx-70 diag: trials=19680000 micro=3210 pop_spec=6.36 spec_max=22 q_mean=0.601 q_max=1.000 q_above_half=788 marked=0.341 mark_density=0.912 exp_mean=11036.3 addr_spec=3.900 addr_random=0.545 addr_full=0.1693 correct=192
  mpx-70 cover: trials=19680000 overall=0.7500 a0_nochange=1.0000 a0_change=1.0000 a1_nochange=0.0000 a1_change=1.0000 matched_but_wrong=0
  mpx-70 acc: trials=19680000 accuracy=1.0000
  mpx-70 traj: trials=19740000 wall=5439s knowledge=0.7500 reliable=207 spec=7.00 pop=1401
  mpx-70 diag: trials=19740000 micro=3285 pop_spec=6.30 spec_max=22 q_mean=0.600 q_max=1.000 q_above_half=851 marked=0.351 mark_density=0.914 exp_mean=10408.4 addr_spec=3.552 addr_random=0.540 addr_full=0.1606 correct=192
  mpx-70 cover: trials=19740000 overall=0.7500 a0_nochange=1.0000 a0_change=1.0000 a1_nochange=0.0000 a1_change=1.0000 matched_but_wrong=0
  mpx-70 acc: trials=19740000 accuracy=1.0000
  mpx-70 traj: trials=19800000 wall=5452s knowledge=0.7500 reliable=201 spec=7.00 pop=1245
  mpx-70 diag: trials=19800000 micro=3133 pop_spec=6.36 spec_max=22 q_mean=0.611 q_max=1.000 q_above_half=795 marked=0.318 mark_density=0.912 exp_mean=11750.2 addr_spec=3.754 addr_random=0.545 addr_full=0.1783 correct=192
  mpx-70 cover: trials=19800000 overall=0.7500 a0_nochange=1.0000 a0_change=1.0000 a1_nochange=0.0000 a1_change=1.0000 matched_but_wrong=0
  mpx-70 acc: trials=19800000 accuracy=1.0000
  mpx-70 traj: trials=19860000 wall=5464s knowledge=0.7500 reliable=205 spec=7.00 pop=1251
  mpx-70 diag: trials=19860000 micro=3130 pop_spec=6.26 spec_max=22 q_mean=0.607 q_max=1.000 q_above_half=769 marked=0.385 mark_density=0.915 exp_mean=11733.4 addr_spec=3.703 addr_random=0.537 addr_full=0.1695 correct=192
  mpx-70 cover: trials=19860000 overall=0.7500 a0_nochange=1.0000 a0_change=1.0000 a1_nochange=0.0000 a1_change=1.0000 matched_but_wrong=0
  mpx-70 acc: trials=19860000 accuracy=1.0000
  mpx-70 traj: trials=19920000 wall=5477s knowledge=0.7500 reliable=207 spec=7.00 pop=1437
  mpx-70 diag: trials=19920000 micro=3323 pop_spec=6.38 spec_max=22 q_mean=0.597 q_max=1.000 q_above_half=849 marked=0.381 mark_density=0.912 exp_mean=10248.4 addr_spec=3.617 addr_random=0.547 addr_full=0.1503 correct=192
  mpx-70 cover: trials=19920000 overall=0.7500 a0_nochange=1.0000 a0_change=1.0000 a1_nochange=0.0000 a1_change=1.0000 matched_but_wrong=0
  mpx-70 acc: trials=19920000 accuracy=1.0000
  mpx-70 traj: trials=19980000 wall=5490s knowledge=0.7500 reliable=199 spec=7.00 pop=1279
  mpx-70 diag: trials=19980000 micro=3182 pop_spec=6.26 spec_max=22 q_mean=0.614 q_max=1.000 q_above_half=801 marked=0.364 mark_density=0.915 exp_mean=11551.2 addr_spec=3.844 addr_random=0.536 addr_full=0.1697 correct=192
  mpx-70 cover: trials=19980000 overall=0.7500 a0_nochange=1.0000 a0_change=1.0000 a1_nochange=0.0000 a1_change=1.0000 matched_but_wrong=0
  mpx-70 acc: trials=19980000 accuracy=1.0000
  mpx-70 traj: trials=20040000 wall=5502s knowledge=0.7500 reliable=200 spec=7.00 pop=1209
  mpx-70 diag: trials=20040000 micro=3129 pop_spec=6.35 spec_max=22 q_mean=0.605 q_max=1.000 q_above_half=730 marked=0.326 mark_density=0.912 exp_mean=12259.4 addr_spec=3.839 addr_random=0.544 addr_full=0.1745 correct=192
  mpx-70 cover: trials=20040000 overall=0.7500 a0_nochange=1.0000 a0_change=1.0000 a1_nochange=0.0000 a1_change=1.0000 matched_but_wrong=0
  mpx-70 acc: trials=20040000 accuracy=1.0000
  mpx-70 traj: trials=20100000 wall=5514s knowledge=0.7500 reliable=206 spec=7.00 pop=1357
  mpx-70 diag: trials=20100000 micro=3234 pop_spec=6.29 spec_max=22 q_mean=0.603 q_max=1.000 q_above_half=876 marked=0.364 mark_density=0.916 exp_mean=10958.2 addr_spec=3.525 addr_random=0.539 addr_full=0.1614 correct=192
  mpx-70 cover: trials=20100000 overall=0.7500 a0_nochange=1.0000 a0_change=1.0000 a1_nochange=0.0000 a1_change=1.0000 matched_but_wrong=0
  mpx-70 acc: trials=20100000 accuracy=1.0000
  mpx-70 traj: trials=20160000 wall=5526s knowledge=0.7500 reliable=197 spec=7.00 pop=1329
  mpx-70 diag: trials=20160000 micro=3210 pop_spec=6.32 spec_max=22 q_mean=0.602 q_max=1.000 q_above_half=801 marked=0.360 mark_density=0.913 exp_mean=11224.6 addr_spec=3.807 addr_random=0.542 addr_full=0.1640 correct=192
  mpx-70 cover: trials=20160000 overall=0.7500 a0_nochange=1.0000 a0_change=1.0000 a1_nochange=0.0000 a1_change=1.0000 matched_but_wrong=0
  mpx-70 acc: trials=20160000 accuracy=1.0000
  mpx-70 traj: trials=20220000 wall=5538s knowledge=0.7500 reliable=201 spec=7.00 pop=1343
  mpx-70 diag: trials=20220000 micro=3194 pop_spec=6.32 spec_max=22 q_mean=0.598 q_max=1.000 q_above_half=803 marked=0.368 mark_density=0.914 exp_mean=11143.3 addr_spec=3.705 addr_random=0.542 addr_full=0.1571 correct=192
  mpx-70 cover: trials=20220000 overall=0.7500 a0_nochange=1.0000 a0_change=1.0000 a1_nochange=0.0000 a1_change=1.0000 matched_but_wrong=0
  mpx-70 acc: trials=20220000 accuracy=1.0000
  mpx-70 traj: trials=20280000 wall=5550s knowledge=0.7500 reliable=203 spec=7.00 pop=1292
  mpx-70 diag: trials=20280000 micro=3119 pop_spec=6.40 spec_max=22 q_mean=0.607 q_max=1.000 q_above_half=790 marked=0.352 mark_density=0.913 exp_mean=11620.6 addr_spec=3.748 addr_random=0.548 addr_full=0.1602 correct=192
  mpx-70 cover: trials=20280000 overall=0.7500 a0_nochange=1.0000 a0_change=1.0000 a1_nochange=0.0000 a1_change=1.0000 matched_but_wrong=0
  mpx-70 acc: trials=20280000 accuracy=1.0000
  mpx-70 traj: trials=20340000 wall=5561s knowledge=0.7500 reliable=197 spec=7.00 pop=1258
  mpx-70 diag: trials=20340000 micro=3166 pop_spec=6.33 spec_max=22 q_mean=0.602 q_max=1.000 q_above_half=768 marked=0.384 mark_density=0.914 exp_mean=11972.2 addr_spec=3.728 addr_random=0.542 addr_full=0.1638 correct=192
  mpx-70 cover: trials=20340000 overall=0.7500 a0_nochange=1.0000 a0_change=1.0000 a1_nochange=0.0000 a1_change=1.0000 matched_but_wrong=0
  mpx-70 acc: trials=20340000 accuracy=1.0000
  mpx-70 traj: trials=20400000 wall=5573s knowledge=0.7500 reliable=202 spec=7.00 pop=1286
  mpx-70 diag: trials=20400000 micro=3193 pop_spec=6.35 spec_max=22 q_mean=0.612 q_max=1.000 q_above_half=815 marked=0.337 mark_density=0.914 exp_mean=11748.7 addr_spec=3.919 addr_random=0.544 addr_full=0.1757 correct=192
  mpx-70 cover: trials=20400000 overall=0.7500 a0_nochange=1.0000 a0_change=1.0000 a1_nochange=0.0000 a1_change=1.0000 matched_but_wrong=84
  mpx-70 acc: trials=20400000 accuracy=1.0000
  mpx-70 traj: trials=20460000 wall=5584s knowledge=0.7500 reliable=211 spec=7.00 pop=1278
  mpx-70 diag: trials=20460000 micro=3183 pop_spec=6.33 spec_max=22 q_mean=0.607 q_max=1.000 q_above_half=770 marked=0.340 mark_density=0.914 exp_mean=11860.5 addr_spec=3.735 addr_random=0.543 addr_full=0.1674 correct=192
  mpx-70 cover: trials=20460000 overall=0.7500 a0_nochange=1.0000 a0_change=1.0000 a1_nochange=0.0000 a1_change=1.0000 matched_but_wrong=259
  mpx-70 acc: trials=20460000 accuracy=1.0000
  mpx-70 traj: trials=20520000 wall=5596s knowledge=0.7500 reliable=202 spec=7.00 pop=1308
  mpx-70 diag: trials=20520000 micro=3178 pop_spec=6.34 spec_max=22 q_mean=0.606 q_max=1.000 q_above_half=810 marked=0.346 mark_density=0.912 exp_mean=11625.2 addr_spec=3.512 addr_random=0.543 addr_full=0.1628 correct=192
  mpx-70 cover: trials=20520000 overall=0.7500 a0_nochange=1.0000 a0_change=1.0000 a1_nochange=0.0000 a1_change=1.0000 matched_but_wrong=0
  mpx-70 acc: trials=20520000 accuracy=1.0000
  mpx-70 traj: trials=20580000 wall=5607s knowledge=0.7500 reliable=205 spec=7.00 pop=1312
  mpx-70 diag: trials=20580000 micro=3184 pop_spec=6.37 spec_max=22 q_mean=0.618 q_max=1.000 q_above_half=882 marked=0.352 mark_density=0.913 exp_mean=11626.4 addr_spec=3.774 addr_random=0.546 addr_full=0.1631 correct=192
  mpx-70 cover: trials=20580000 overall=0.7500 a0_nochange=1.0000 a0_change=1.0000 a1_nochange=0.0000 a1_change=1.0000 matched_but_wrong=0
  mpx-70 acc: trials=20580000 accuracy=1.0000
  mpx-70 traj: trials=20640000 wall=5619s knowledge=0.7500 reliable=204 spec=7.00 pop=1318
  mpx-70 diag: trials=20640000 micro=3175 pop_spec=6.35 spec_max=22 q_mean=0.609 q_max=1.000 q_above_half=859 marked=0.366 mark_density=0.913 exp_mean=11610.2 addr_spec=3.710 addr_random=0.544 addr_full=0.1601 correct=192
  mpx-70 cover: trials=20640000 overall=0.7500 a0_nochange=1.0000 a0_change=1.0000 a1_nochange=0.0000 a1_change=1.0000 matched_but_wrong=0
  mpx-70 acc: trials=20640000 accuracy=1.0000
  mpx-70 traj: trials=20700000 wall=5631s knowledge=0.7500 reliable=201 spec=7.00 pop=1242
  mpx-70 diag: trials=20700000 micro=3147 pop_spec=6.35 spec_max=22 q_mean=0.607 q_max=1.000 q_above_half=745 marked=0.321 mark_density=0.915 exp_mean=12358.0 addr_spec=3.764 addr_random=0.545 addr_full=0.1707 correct=192
  mpx-70 cover: trials=20700000 overall=0.7500 a0_nochange=1.0000 a0_change=1.0000 a1_nochange=0.0000 a1_change=1.0000 matched_but_wrong=0
  mpx-70 acc: trials=20700000 accuracy=1.0000
  mpx-70 traj: trials=20760000 wall=5643s knowledge=0.7500 reliable=201 spec=7.00 pop=1345
  mpx-70 diag: trials=20760000 micro=3222 pop_spec=6.27 spec_max=22 q_mean=0.599 q_max=1.000 q_above_half=815 marked=0.375 mark_density=0.915 exp_mean=11448.0 addr_spec=3.741 addr_random=0.537 addr_full=0.1673 correct=192
  mpx-70 cover: trials=20760000 overall=0.7500 a0_nochange=1.0000 a0_change=1.0000 a1_nochange=0.0000 a1_change=1.0000 matched_but_wrong=0
  mpx-70 acc: trials=20760000 accuracy=1.0000
  mpx-70 traj: trials=20820000 wall=5654s knowledge=0.7500 reliable=203 spec=7.00 pop=1309
  mpx-70 diag: trials=20820000 micro=3211 pop_spec=6.29 spec_max=22 q_mean=0.609 q_max=1.000 q_above_half=815 marked=0.323 mark_density=0.914 exp_mean=11799.5 addr_spec=3.636 addr_random=0.539 addr_full=0.1612 correct=192
  mpx-70 cover: trials=20820000 overall=0.7500 a0_nochange=1.0000 a0_change=1.0000 a1_nochange=0.0000 a1_change=1.0000 matched_but_wrong=0
  mpx-70 acc: trials=20820000 accuracy=1.0000
  mpx-70 traj: trials=20880000 wall=5666s knowledge=0.7500 reliable=204 spec=7.00 pop=1311
  mpx-70 diag: trials=20880000 micro=3238 pop_spec=6.32 spec_max=22 q_mean=0.604 q_max=1.000 q_above_half=790 marked=0.369 mark_density=0.915 exp_mean=11818.0 addr_spec=3.760 addr_random=0.541 addr_full=0.1663 correct=192
  mpx-70 cover: trials=20880000 overall=0.7500 a0_nochange=1.0000 a0_change=1.0000 a1_nochange=0.0000 a1_change=1.0000 matched_but_wrong=0
  mpx-70 acc: trials=20880000 accuracy=1.0000
  mpx-70 traj: trials=20940000 wall=5677s knowledge=0.7500 reliable=201 spec=7.00 pop=1361
  mpx-70 diag: trials=20940000 micro=3214 pop_spec=6.34 spec_max=22 q_mean=0.604 q_max=1.000 q_above_half=874 marked=0.308 mark_density=0.913 exp_mean=11418.7 addr_spec=3.763 addr_random=0.544 addr_full=0.1587 correct=192
  mpx-70 cover: trials=20940000 overall=0.7500 a0_nochange=1.0000 a0_change=1.0000 a1_nochange=0.0000 a1_change=1.0000 matched_but_wrong=0
  mpx-70 acc: trials=20940000 accuracy=1.0000
  mpx-70 traj: trials=21000000 wall=5690s knowledge=0.7500 reliable=207 spec=7.00 pop=1361
  mpx-70 diag: trials=21000000 micro=3234 pop_spec=6.34 spec_max=22 q_mean=0.607 q_max=1.000 q_above_half=865 marked=0.376 mark_density=0.913 exp_mean=11455.2 addr_spec=3.735 addr_random=0.544 addr_full=0.1639 correct=192
  mpx-70 cover: trials=21000000 overall=0.7500 a0_nochange=1.0000 a0_change=1.0000 a1_nochange=0.0000 a1_change=1.0000 matched_but_wrong=0
  mpx-70 acc: trials=21000000 accuracy=1.0000
  mpx-70 traj: trials=21060000 wall=5702s knowledge=0.7500 reliable=209 spec=7.00 pop=1383
  mpx-70 diag: trials=21060000 micro=3244 pop_spec=6.33 spec_max=22 q_mean=0.601 q_max=1.000 q_above_half=843 marked=0.358 mark_density=0.915 exp_mean=11307.6 addr_spec=3.659 addr_random=0.542 addr_full=0.1555 correct=192
  mpx-70 cover: trials=21060000 overall=0.7500 a0_nochange=1.0000 a0_change=1.0000 a1_nochange=0.0000 a1_change=1.0000 matched_but_wrong=0
  mpx-70 acc: trials=21060000 accuracy=1.0000
  mpx-70 traj: trials=21120000 wall=5715s knowledge=0.7500 reliable=205 spec=7.00 pop=1386
  mpx-70 diag: trials=21120000 micro=3228 pop_spec=6.39 spec_max=22 q_mean=0.605 q_max=1.000 q_above_half=893 marked=0.337 mark_density=0.912 exp_mean=11317.1 addr_spec=3.654 addr_random=0.548 addr_full=0.1616 correct=192
  mpx-70 cover: trials=21120000 overall=0.7500 a0_nochange=1.0000 a0_change=1.0000 a1_nochange=0.0000 a1_change=1.0000 matched_but_wrong=0
  mpx-70 acc: trials=21120000 accuracy=1.0000
  mpx-70 traj: trials=21180000 wall=5728s knowledge=0.7500 reliable=202 spec=7.00 pop=1266
  mpx-70 diag: trials=21180000 micro=3149 pop_spec=6.34 spec_max=22 q_mean=0.614 q_max=1.000 q_above_half=810 marked=0.325 mark_density=0.912 exp_mean=12427.2 addr_spec=3.791 addr_random=0.544 addr_full=0.1698 correct=192
  mpx-70 cover: trials=21180000 overall=0.7500 a0_nochange=1.0000 a0_change=1.0000 a1_nochange=0.0000 a1_change=1.0000 matched_but_wrong=0
  mpx-70 acc: trials=21180000 accuracy=1.0000
  mpx-70 traj: trials=21240000 wall=5740s knowledge=0.7500 reliable=199 spec=7.00 pop=1346
  mpx-70 diag: trials=21240000 micro=3212 pop_spec=6.33 spec_max=22 q_mean=0.603 q_max=1.000 q_above_half=852 marked=0.357 mark_density=0.913 exp_mean=11724.3 addr_spec=3.727 addr_random=0.543 addr_full=0.1634 correct=192
  mpx-70 cover: trials=21240000 overall=0.7500 a0_nochange=1.0000 a0_change=1.0000 a1_nochange=0.0000 a1_change=1.0000 matched_but_wrong=0
  mpx-70 acc: trials=21240000 accuracy=1.0000
  mpx-70 traj: trials=21300000 wall=5753s knowledge=0.7500 reliable=201 spec=7.00 pop=1294
  mpx-70 diag: trials=21300000 micro=3160 pop_spec=6.34 spec_max=22 q_mean=0.604 q_max=1.000 q_above_half=800 marked=0.379 mark_density=0.913 exp_mean=12232.7 addr_spec=3.663 addr_random=0.543 addr_full=0.1662 correct=192
  mpx-70 cover: trials=21300000 overall=0.7500 a0_nochange=1.0000 a0_change=1.0000 a1_nochange=0.0000 a1_change=1.0000 matched_but_wrong=0
  mpx-70 acc: trials=21300000 accuracy=1.0000
  mpx-70 traj: trials=21360000 wall=5766s knowledge=0.7500 reliable=207 spec=7.00 pop=1297
  mpx-70 diag: trials=21360000 micro=3148 pop_spec=6.33 spec_max=22 q_mean=0.606 q_max=1.000 q_above_half=825 marked=0.343 mark_density=0.914 exp_mean=12242.0 addr_spec=3.548 addr_random=0.542 addr_full=0.1658 correct=192
  mpx-70 cover: trials=21360000 overall=0.7500 a0_nochange=1.0000 a0_change=1.0000 a1_nochange=0.0000 a1_change=1.0000 matched_but_wrong=0
  mpx-70 acc: trials=21360000 accuracy=1.0000
  mpx-70 traj: trials=21420000 wall=5778s knowledge=0.7500 reliable=207 spec=7.00 pop=1235
  mpx-70 diag: trials=21420000 micro=3135 pop_spec=6.35 spec_max=22 q_mean=0.611 q_max=1.000 q_above_half=773 marked=0.337 mark_density=0.913 exp_mean=12894.6 addr_spec=3.769 addr_random=0.544 addr_full=0.1700 correct=192
  mpx-70 cover: trials=21420000 overall=0.7500 a0_nochange=1.0000 a0_change=1.0000 a1_nochange=0.0000 a1_change=1.0000 matched_but_wrong=161
  mpx-70 acc: trials=21420000 accuracy=1.0000
  mpx-70 traj: trials=21480000 wall=5791s knowledge=0.7500 reliable=210 spec=7.00 pop=1300
  mpx-70 diag: trials=21480000 micro=3163 pop_spec=6.39 spec_max=22 q_mean=0.617 q_max=1.000 q_above_half=846 marked=0.305 mark_density=0.911 exp_mean=12287.2 addr_spec=3.802 addr_random=0.548 addr_full=0.1754 correct=192
  mpx-70 cover: trials=21480000 overall=0.7500 a0_nochange=1.0000 a0_change=1.0000 a1_nochange=0.0000 a1_change=1.0000 matched_but_wrong=0
  mpx-70 acc: trials=21480000 accuracy=1.0000
  mpx-70 traj: trials=21540000 wall=5803s knowledge=0.7500 reliable=200 spec=7.00 pop=1335
  mpx-70 diag: trials=21540000 micro=3212 pop_spec=6.28 spec_max=22 q_mean=0.611 q_max=1.000 q_above_half=870 marked=0.384 mark_density=0.915 exp_mean=12000.8 addr_spec=3.684 addr_random=0.538 addr_full=0.1543 correct=192
  mpx-70 cover: trials=21540000 overall=0.7500 a0_nochange=1.0000 a0_change=1.0000 a1_nochange=0.0000 a1_change=1.0000 matched_but_wrong=0
  mpx-70 acc: trials=21540000 accuracy=1.0000
  mpx-70 traj: trials=21600000 wall=5816s knowledge=0.7500 reliable=204 spec=7.00 pop=1344
  mpx-70 diag: trials=21600000 micro=3254 pop_spec=6.36 spec_max=22 q_mean=0.601 q_max=1.000 q_above_half=812 marked=0.382 mark_density=0.913 exp_mean=11956.6 addr_spec=3.827 addr_random=0.545 addr_full=0.1637 correct=192
  mpx-70 cover: trials=21600000 overall=0.7500 a0_nochange=1.0000 a0_change=1.0000 a1_nochange=0.0000 a1_change=1.0000 matched_but_wrong=0
  mpx-70 acc: trials=21600000 accuracy=1.0000
  mpx-70 traj: trials=21660000 wall=5828s knowledge=0.7500 reliable=207 spec=7.00 pop=1287
  mpx-70 diag: trials=21660000 micro=3184 pop_spec=6.31 spec_max=22 q_mean=0.614 q_max=1.000 q_above_half=819 marked=0.395 mark_density=0.915 exp_mean=12523.8 addr_spec=3.806 addr_random=0.541 addr_full=0.1632 correct=192
  mpx-70 cover: trials=21660000 overall=0.7500 a0_nochange=1.0000 a0_change=1.0000 a1_nochange=0.0000 a1_change=1.0000 matched_but_wrong=0
  mpx-70 acc: trials=21660000 accuracy=1.0000
  mpx-70 traj: trials=21720000 wall=5841s knowledge=0.7500 reliable=204 spec=7.00 pop=1367
  mpx-70 diag: trials=21720000 micro=3218 pop_spec=6.26 spec_max=22 q_mean=0.604 q_max=1.000 q_above_half=849 marked=0.378 mark_density=0.915 exp_mean=11825.4 addr_spec=3.787 addr_random=0.537 addr_full=0.1639 correct=192
  mpx-70 cover: trials=21720000 overall=0.7500 a0_nochange=1.0000 a0_change=1.0000 a1_nochange=0.0000 a1_change=1.0000 matched_but_wrong=0
  mpx-70 acc: trials=21720000 accuracy=1.0000
  mpx-70 traj: trials=21780000 wall=5853s knowledge=0.7500 reliable=204 spec=7.00 pop=1202
  mpx-70 diag: trials=21780000 micro=3129 pop_spec=6.37 spec_max=22 q_mean=0.613 q_max=1.000 q_above_half=765 marked=0.319 mark_density=0.913 exp_mean=13488.3 addr_spec=3.773 addr_random=0.546 addr_full=0.1814 correct=192
  mpx-70 cover: trials=21780000 overall=0.7500 a0_nochange=1.0000 a0_change=1.0000 a1_nochange=0.0000 a1_change=1.0000 matched_but_wrong=0
  mpx-70 acc: trials=21780000 accuracy=1.0000
  mpx-70 traj: trials=21840000 wall=5864s knowledge=0.7500 reliable=202 spec=7.00 pop=1297
  mpx-70 diag: trials=21840000 micro=3197 pop_spec=6.33 spec_max=22 q_mean=0.605 q_max=1.000 q_above_half=794 marked=0.397 mark_density=0.913 exp_mean=12537.6 addr_spec=3.812 addr_random=0.543 addr_full=0.1696 correct=192
  mpx-70 cover: trials=21840000 overall=0.7500 a0_nochange=1.0000 a0_change=1.0000 a1_nochange=0.0000 a1_change=1.0000 matched_but_wrong=0
  mpx-70 acc: trials=21840000 accuracy=1.0000
  mpx-70 traj: trials=21900000 wall=5876s knowledge=0.7500 reliable=201 spec=7.00 pop=1291
  mpx-70 diag: trials=21900000 micro=3166 pop_spec=6.30 spec_max=22 q_mean=0.614 q_max=1.000 q_above_half=863 marked=0.350 mark_density=0.915 exp_mean=12632.6 addr_spec=3.793 addr_random=0.540 addr_full=0.1603 correct=192
  mpx-70 cover: trials=21900000 overall=0.7500 a0_nochange=1.0000 a0_change=1.0000 a1_nochange=0.0000 a1_change=1.0000 matched_but_wrong=90
  mpx-70 acc: trials=21900000 accuracy=1.0000
  mpx-70 traj: trials=21960000 wall=5887s knowledge=0.7500 reliable=201 spec=7.00 pop=1365
  mpx-70 diag: trials=21960000 micro=3243 pop_spec=6.27 spec_max=22 q_mean=0.606 q_max=1.000 q_above_half=867 marked=0.343 mark_density=0.915 exp_mean=11983.3 addr_spec=3.536 addr_random=0.538 addr_full=0.1641 correct=192
  mpx-70 cover: trials=21960000 overall=0.7500 a0_nochange=1.0000 a0_change=1.0000 a1_nochange=0.0000 a1_change=1.0000 matched_but_wrong=0
  mpx-70 acc: trials=21960000 accuracy=1.0000
  mpx-70 traj: trials=22020000 wall=5899s knowledge=0.7500 reliable=202 spec=7.00 pop=1381
  mpx-70 diag: trials=22020000 micro=3224 pop_spec=6.27 spec_max=22 q_mean=0.599 q_max=1.000 q_above_half=837 marked=0.353 mark_density=0.914 exp_mean=11879.6 addr_spec=3.639 addr_random=0.537 addr_full=0.1564 correct=192
  mpx-70 cover: trials=22020000 overall=0.7500 a0_nochange=1.0000 a0_change=1.0000 a1_nochange=0.0000 a1_change=1.0000 matched_but_wrong=0
  mpx-70 acc: trials=22020000 accuracy=1.0000
  mpx-70 traj: trials=22080000 wall=5911s knowledge=0.7500 reliable=207 spec=7.00 pop=1327
  mpx-70 diag: trials=22080000 micro=3215 pop_spec=6.37 spec_max=22 q_mean=0.615 q_max=1.000 q_above_half=896 marked=0.316 mark_density=0.913 exp_mean=12399.2 addr_spec=3.763 addr_random=0.546 addr_full=0.1620 correct=192
  mpx-70 cover: trials=22080000 overall=0.7500 a0_nochange=1.0000 a0_change=1.0000 a1_nochange=0.0000 a1_change=1.0000 matched_but_wrong=0
  mpx-70 acc: trials=22080000 accuracy=1.0000
  mpx-70 traj: trials=22140000 wall=5923s knowledge=0.7500 reliable=201 spec=7.00 pop=1357
  mpx-70 diag: trials=22140000 micro=3205 pop_spec=6.34 spec_max=22 q_mean=0.606 q_max=1.000 q_above_half=884 marked=0.335 mark_density=0.914 exp_mean=12159.6 addr_spec=3.733 addr_random=0.543 addr_full=0.1562 correct=192
  mpx-70 cover: trials=22140000 overall=0.7500 a0_nochange=1.0000 a0_change=1.0000 a1_nochange=0.0000 a1_change=1.0000 matched_but_wrong=0
  mpx-70 acc: trials=22140000 accuracy=1.0000
  mpx-70 traj: trials=22200000 wall=5935s knowledge=0.7500 reliable=200 spec=7.00 pop=1296
  mpx-70 diag: trials=22200000 micro=3211 pop_spec=6.35 spec_max=22 q_mean=0.611 q_max=1.000 q_above_half=827 marked=0.331 mark_density=0.914 exp_mean=12768.8 addr_spec=3.789 addr_random=0.545 addr_full=0.1636 correct=192
  mpx-70 cover: trials=22200000 overall=0.7500 a0_nochange=1.0000 a0_change=1.0000 a1_nochange=0.0000 a1_change=1.0000 matched_but_wrong=0
  mpx-70 acc: trials=22200000 accuracy=1.0000
  mpx-70 traj: trials=22260000 wall=5947s knowledge=0.7500 reliable=206 spec=7.00 pop=1320
  mpx-70 diag: trials=22260000 micro=3188 pop_spec=6.34 spec_max=22 q_mean=0.611 q_max=1.000 q_above_half=842 marked=0.380 mark_density=0.913 exp_mean=12573.6 addr_spec=3.820 addr_random=0.543 addr_full=0.1720 correct=192
  mpx-70 cover: trials=22260000 overall=0.7500 a0_nochange=1.0000 a0_change=1.0000 a1_nochange=0.0000 a1_change=1.0000 matched_but_wrong=0
  mpx-70 acc: trials=22260000 accuracy=1.0000
  mpx-70 traj: trials=22320000 wall=5958s knowledge=0.7500 reliable=201 spec=7.00 pop=1240
  mpx-70 diag: trials=22320000 micro=3151 pop_spec=6.35 spec_max=22 q_mean=0.613 q_max=1.000 q_above_half=763 marked=0.344 mark_density=0.913 exp_mean=13422.4 addr_spec=3.761 addr_random=0.544 addr_full=0.1855 correct=192
  mpx-70 cover: trials=22320000 overall=0.7500 a0_nochange=1.0000 a0_change=1.0000 a1_nochange=0.0000 a1_change=1.0000 matched_but_wrong=0
  mpx-70 acc: trials=22320000 accuracy=1.0000
  mpx-70 traj: trials=22380000 wall=5970s knowledge=0.7500 reliable=206 spec=7.00 pop=1300
  mpx-70 diag: trials=22380000 micro=3145 pop_spec=6.35 spec_max=22 q_mean=0.614 q_max=1.000 q_above_half=842 marked=0.354 mark_density=0.912 exp_mean=12840.5 addr_spec=3.712 addr_random=0.545 addr_full=0.1654 correct=192
  mpx-70 cover: trials=22380000 overall=0.7500 a0_nochange=1.0000 a0_change=1.0000 a1_nochange=0.0000 a1_change=1.0000 matched_but_wrong=0
  mpx-70 acc: trials=22380000 accuracy=1.0000
  mpx-70 traj: trials=22440000 wall=5981s knowledge=0.7500 reliable=203 spec=7.00 pop=1318
  mpx-70 diag: trials=22440000 micro=3203 pop_spec=6.31 spec_max=22 q_mean=0.611 q_max=1.000 q_above_half=834 marked=0.338 mark_density=0.913 exp_mean=12701.4 addr_spec=3.806 addr_random=0.541 addr_full=0.1639 correct=192
  mpx-70 cover: trials=22440000 overall=0.7500 a0_nochange=1.0000 a0_change=1.0000 a1_nochange=0.0000 a1_change=1.0000 matched_but_wrong=0
  mpx-70 acc: trials=22440000 accuracy=1.0000
  mpx-70 traj: trials=22500000 wall=5993s knowledge=0.7500 reliable=203 spec=7.00 pop=1193
  mpx-70 diag: trials=22500000 micro=3102 pop_spec=6.37 spec_max=22 q_mean=0.617 q_max=1.000 q_above_half=751 marked=0.339 mark_density=0.913 exp_mean=14072.0 addr_spec=3.713 addr_random=0.546 addr_full=0.1861 correct=192
  mpx-70 cover: trials=22500000 overall=0.7500 a0_nochange=1.0000 a0_change=1.0000 a1_nochange=0.0000 a1_change=1.0000 matched_but_wrong=0
  mpx-70 acc: trials=22500000 accuracy=1.0000
  mpx-70 traj: trials=22560000 wall=6004s knowledge=0.7500 reliable=199 spec=7.00 pop=1302
  mpx-70 diag: trials=22560000 micro=3169 pop_spec=6.38 spec_max=22 q_mean=0.610 q_max=1.000 q_above_half=851 marked=0.361 mark_density=0.913 exp_mean=12931.3 addr_spec=3.895 addr_random=0.547 addr_full=0.1636 correct=192
  mpx-70 cover: trials=22560000 overall=0.7500 a0_nochange=1.0000 a0_change=1.0000 a1_nochange=0.0000 a1_change=1.0000 matched_but_wrong=0
  mpx-70 acc: trials=22560000 accuracy=1.0000
  mpx-70 traj: trials=22620000 wall=6016s knowledge=0.7500 reliable=214 spec=7.00 pop=1315
  mpx-70 diag: trials=22620000 micro=3208 pop_spec=6.30 spec_max=22 q_mean=0.610 q_max=1.000 q_above_half=831 marked=0.363 mark_density=0.914 exp_mean=12841.4 addr_spec=3.646 addr_random=0.540 addr_full=0.1749 correct=192
  mpx-70 cover: trials=22620000 overall=0.7500 a0_nochange=1.0000 a0_change=1.0000 a1_nochange=0.0000 a1_change=1.0000 matched_but_wrong=0
  mpx-70 acc: trials=22620000 accuracy=1.0000
  mpx-70 traj: trials=22680000 wall=6028s knowledge=0.7500 reliable=198 spec=7.00 pop=1398
  mpx-70 diag: trials=22680000 micro=3259 pop_spec=6.37 spec_max=22 q_mean=0.602 q_max=1.000 q_above_half=812 marked=0.374 mark_density=0.913 exp_mean=12111.9 addr_spec=3.793 addr_random=0.546 addr_full=0.1552 correct=192
  mpx-70 cover: trials=22680000 overall=0.7500 a0_nochange=1.0000 a0_change=1.0000 a1_nochange=0.0000 a1_change=1.0000 matched_but_wrong=0
  mpx-70 acc: trials=22680000 accuracy=1.0000
  mpx-70 traj: trials=22740000 wall=6041s knowledge=0.7500 reliable=202 spec=7.00 pop=1325
  mpx-70 diag: trials=22740000 micro=3199 pop_spec=6.34 spec_max=22 q_mean=0.604 q_max=1.000 q_above_half=828 marked=0.360 mark_density=0.913 exp_mean=12815.4 addr_spec=3.638 addr_random=0.543 addr_full=0.1608 correct=192
  mpx-70 cover: trials=22740000 overall=0.7500 a0_nochange=1.0000 a0_change=1.0000 a1_nochange=0.0000 a1_change=1.0000 matched_but_wrong=0
  mpx-70 acc: trials=22740000 accuracy=1.0000
  mpx-70 traj: trials=22800000 wall=6054s knowledge=0.7500 reliable=196 spec=7.00 pop=1278
  mpx-70 diag: trials=22800000 micro=3209 pop_spec=6.38 spec_max=22 q_mean=0.602 q_max=1.000 q_above_half=777 marked=0.361 mark_density=0.913 exp_mean=13323.5 addr_spec=3.849 addr_random=0.547 addr_full=0.1682 correct=192
  mpx-70 cover: trials=22800000 overall=0.7500 a0_nochange=1.0000 a0_change=1.0000 a1_nochange=0.0000 a1_change=1.0000 matched_but_wrong=0
  mpx-70 acc: trials=22800000 accuracy=1.0000
  mpx-70 traj: trials=22860000 wall=6066s knowledge=0.7500 reliable=204 spec=7.00 pop=1260
  mpx-70 diag: trials=22860000 micro=3139 pop_spec=6.38 spec_max=22 q_mean=0.617 q_max=1.000 q_above_half=861 marked=0.337 mark_density=0.913 exp_mean=13552.6 addr_spec=3.833 addr_random=0.547 addr_full=0.1675 correct=192
  mpx-70 cover: trials=22860000 overall=0.7500 a0_nochange=1.0000 a0_change=1.0000 a1_nochange=0.0000 a1_change=1.0000 matched_but_wrong=0
  mpx-70 acc: trials=22860000 accuracy=1.0000
  mpx-70 traj: trials=22920000 wall=6078s knowledge=0.7500 reliable=203 spec=7.00 pop=1278
  mpx-70 diag: trials=22920000 micro=3169 pop_spec=6.29 spec_max=22 q_mean=0.607 q_max=1.000 q_above_half=797 marked=0.347 mark_density=0.915 exp_mean=13399.6 addr_spec=3.761 addr_random=0.540 addr_full=0.1651 correct=192
  mpx-70 cover: trials=22920000 overall=0.7500 a0_nochange=1.0000 a0_change=1.0000 a1_nochange=0.0000 a1_change=1.0000 matched_but_wrong=0
  mpx-70 acc: trials=22920000 accuracy=1.0000
  mpx-70 traj: trials=22980000 wall=6090s knowledge=0.7500 reliable=198 spec=7.00 pop=1350
  mpx-70 diag: trials=22980000 micro=3243 pop_spec=6.32 spec_max=22 q_mean=0.613 q_max=1.000 q_above_half=939 marked=0.321 mark_density=0.913 exp_mean=12719.9 addr_spec=3.876 addr_random=0.541 addr_full=0.1630 correct=192
  mpx-70 cover: trials=22980000 overall=0.7500 a0_nochange=1.0000 a0_change=1.0000 a1_nochange=0.0000 a1_change=1.0000 matched_but_wrong=0
  mpx-70 acc: trials=22980000 accuracy=1.0000
  mpx-70 traj: trials=23040000 wall=6103s knowledge=0.7500 reliable=200 spec=7.00 pop=1279
  mpx-70 diag: trials=23040000 micro=3143 pop_spec=6.36 spec_max=22 q_mean=0.606 q_max=1.000 q_above_half=792 marked=0.366 mark_density=0.913 exp_mean=13464.2 addr_spec=3.744 addr_random=0.545 addr_full=0.1697 correct=192
  mpx-70 cover: trials=23040000 overall=0.7500 a0_nochange=1.0000 a0_change=1.0000 a1_nochange=0.0000 a1_change=1.0000 matched_but_wrong=0
  mpx-70 acc: trials=23040000 accuracy=1.0000
  mpx-70 traj: trials=23100000 wall=6115s knowledge=0.7500 reliable=202 spec=7.00 pop=1289
  mpx-70 diag: trials=23100000 micro=3175 pop_spec=6.28 spec_max=22 q_mean=0.613 q_max=1.000 q_above_half=830 marked=0.367 mark_density=0.916 exp_mean=13396.6 addr_spec=3.843 addr_random=0.538 addr_full=0.1590 correct=192
  mpx-70 cover: trials=23100000 overall=0.7500 a0_nochange=1.0000 a0_change=1.0000 a1_nochange=0.0000 a1_change=1.0000 matched_but_wrong=0
  mpx-70 acc: trials=23100000 accuracy=1.0000
  mpx-70 traj: trials=23160000 wall=6128s knowledge=0.7500 reliable=202 spec=7.00 pop=1247
  mpx-70 diag: trials=23160000 micro=3136 pop_spec=6.30 spec_max=22 q_mean=0.613 q_max=1.000 q_above_half=813 marked=0.322 mark_density=0.915 exp_mean=13885.8 addr_spec=3.692 addr_random=0.540 addr_full=0.1740 correct=192
  mpx-70 cover: trials=23160000 overall=0.7500 a0_nochange=1.0000 a0_change=1.0000 a1_nochange=0.0000 a1_change=1.0000 matched_but_wrong=0
  mpx-70 acc: trials=23160000 accuracy=1.0000
  mpx-70 traj: trials=23220000 wall=6140s knowledge=0.7500 reliable=204 spec=7.00 pop=1282
  mpx-70 diag: trials=23220000 micro=3151 pop_spec=6.35 spec_max=22 q_mean=0.607 q_max=1.000 q_above_half=774 marked=0.346 mark_density=0.913 exp_mean=13544.6 addr_spec=3.741 addr_random=0.544 addr_full=0.1732 correct=192
  mpx-70 cover: trials=23220000 overall=0.7500 a0_nochange=1.0000 a0_change=1.0000 a1_nochange=0.0000 a1_change=1.0000 matched_but_wrong=0
  mpx-70 acc: trials=23220000 accuracy=1.0000
  mpx-70 traj: trials=23280000 wall=6152s knowledge=0.7500 reliable=204 spec=7.00 pop=1251
  mpx-70 diag: trials=23280000 micro=3113 pop_spec=6.35 spec_max=22 q_mean=0.610 q_max=1.000 q_above_half=792 marked=0.341 mark_density=0.914 exp_mean=13918.4 addr_spec=3.826 addr_random=0.544 addr_full=0.1783 correct=192
  mpx-70 cover: trials=23280000 overall=0.7500 a0_nochange=1.0000 a0_change=1.0000 a1_nochange=0.0000 a1_change=1.0000 matched_but_wrong=0
  mpx-70 acc: trials=23280000 accuracy=1.0000
  mpx-70 traj: trials=23340000 wall=6164s knowledge=0.7500 reliable=199 spec=7.00 pop=1296
  mpx-70 diag: trials=23340000 micro=3193 pop_spec=6.26 spec_max=22 q_mean=0.602 q_max=1.000 q_above_half=781 marked=0.391 mark_density=0.915 exp_mean=13472.4 addr_spec=3.762 addr_random=0.537 addr_full=0.1659 correct=192
  mpx-70 cover: trials=23340000 overall=0.7500 a0_nochange=1.0000 a0_change=1.0000 a1_nochange=0.0000 a1_change=1.0000 matched_but_wrong=0
  mpx-70 acc: trials=23340000 accuracy=1.0000
  mpx-70 traj: trials=23400000 wall=6177s knowledge=0.7500 reliable=203 spec=7.00 pop=1342
  mpx-70 diag: trials=23400000 micro=3233 pop_spec=6.35 spec_max=22 q_mean=0.601 q_max=1.000 q_above_half=838 marked=0.362 mark_density=0.914 exp_mean=13046.2 addr_spec=3.768 addr_random=0.544 addr_full=0.1572 correct=192
  mpx-70 cover: trials=23400000 overall=0.7500 a0_nochange=1.0000 a0_change=1.0000 a1_nochange=0.0000 a1_change=1.0000 matched_but_wrong=0
  mpx-70 acc: trials=23400000 accuracy=1.0000
  mpx-70 traj: trials=23460000 wall=6189s knowledge=0.7500 reliable=199 spec=7.00 pop=1258
  mpx-70 diag: trials=23460000 micro=3144 pop_spec=6.36 spec_max=22 q_mean=0.601 q_max=1.000 q_above_half=737 marked=0.361 mark_density=0.914 exp_mean=13954.8 addr_spec=3.815 addr_random=0.546 addr_full=0.1693 correct=192
  mpx-70 cover: trials=23460000 overall=0.7500 a0_nochange=1.0000 a0_change=1.0000 a1_nochange=0.0000 a1_change=1.0000 matched_but_wrong=0
  mpx-70 acc: trials=23460000 accuracy=1.0000
  mpx-70 traj: trials=23520000 wall=6201s knowledge=0.7500 reliable=200 spec=7.00 pop=1348
  mpx-70 diag: trials=23520000 micro=3212 pop_spec=6.35 spec_max=22 q_mean=0.612 q_max=1.000 q_above_half=898 marked=0.372 mark_density=0.912 exp_mean=13059.5 addr_spec=3.634 addr_random=0.544 addr_full=0.1543 correct=192
  mpx-70 cover: trials=23520000 overall=0.7500 a0_nochange=1.0000 a0_change=1.0000 a1_nochange=0.0000 a1_change=1.0000 matched_but_wrong=0
  mpx-70 acc: trials=23520000 accuracy=1.0000
  mpx-70 traj: trials=23580000 wall=6213s knowledge=0.7500 reliable=205 spec=7.00 pop=1315
  mpx-70 diag: trials=23580000 micro=3184 pop_spec=6.36 spec_max=22 q_mean=0.601 q_max=1.000 q_above_half=771 marked=0.378 mark_density=0.913 exp_mean=13424.0 addr_spec=3.630 addr_random=0.545 addr_full=0.1658 correct=192
  mpx-70 cover: trials=23580000 overall=0.7500 a0_nochange=1.0000 a0_change=1.0000 a1_nochange=0.0000 a1_change=1.0000 matched_but_wrong=0
  mpx-70 acc: trials=23580000 accuracy=1.0000
  mpx-70 traj: trials=23640000 wall=6225s knowledge=0.7500 reliable=206 spec=7.00 pop=1315
  mpx-70 diag: trials=23640000 micro=3197 pop_spec=6.38 spec_max=22 q_mean=0.609 q_max=1.000 q_above_half=868 marked=0.361 mark_density=0.913 exp_mean=13460.7 addr_spec=3.671 addr_random=0.547 addr_full=0.1665 correct=192
  mpx-70 cover: trials=23640000 overall=0.7500 a0_nochange=1.0000 a0_change=1.0000 a1_nochange=0.0000 a1_change=1.0000 matched_but_wrong=0
  mpx-70 acc: trials=23640000 accuracy=1.0000
  mpx-70 traj: trials=23700000 wall=6237s knowledge=0.7500 reliable=204 spec=7.00 pop=1305
  mpx-70 diag: trials=23700000 micro=3156 pop_spec=6.28 spec_max=22 q_mean=0.605 q_max=1.000 q_above_half=791 marked=0.360 mark_density=0.913 exp_mean=13600.6 addr_spec=3.749 addr_random=0.538 addr_full=0.1617 correct=192
  mpx-70 cover: trials=23700000 overall=0.7500 a0_nochange=1.0000 a0_change=1.0000 a1_nochange=0.0000 a1_change=1.0000 matched_but_wrong=0
  mpx-70 acc: trials=23700000 accuracy=1.0000
  mpx-70 traj: trials=23760000 wall=6248s knowledge=0.7500 reliable=200 spec=7.00 pop=1330
  mpx-70 diag: trials=23760000 micro=3194 pop_spec=6.34 spec_max=22 q_mean=0.609 q_max=1.000 q_above_half=841 marked=0.332 mark_density=0.914 exp_mean=13380.1 addr_spec=3.856 addr_random=0.544 addr_full=0.1744 correct=192
  mpx-70 cover: trials=23760000 overall=0.7500 a0_nochange=1.0000 a0_change=1.0000 a1_nochange=0.0000 a1_change=1.0000 matched_but_wrong=90
  mpx-70 acc: trials=23760000 accuracy=1.0000
  mpx-70 traj: trials=23820000 wall=6260s knowledge=0.7500 reliable=200 spec=7.00 pop=1314
  mpx-70 diag: trials=23820000 micro=3214 pop_spec=6.28 spec_max=22 q_mean=0.609 q_max=1.000 q_above_half=814 marked=0.341 mark_density=0.915 exp_mean=13579.8 addr_spec=3.658 addr_random=0.538 addr_full=0.1621 correct=192
  mpx-70 cover: trials=23820000 overall=0.7500 a0_nochange=1.0000 a0_change=1.0000 a1_nochange=0.0000 a1_change=1.0000 matched_but_wrong=0
  mpx-70 acc: trials=23820000 accuracy=1.0000
  mpx-70 traj: trials=23880000 wall=6272s knowledge=0.7500 reliable=206 spec=7.00 pop=1294
  mpx-70 diag: trials=23880000 micro=3164 pop_spec=6.33 spec_max=22 q_mean=0.607 q_max=1.000 q_above_half=802 marked=0.376 mark_density=0.915 exp_mean=13827.6 addr_spec=3.613 addr_random=0.542 addr_full=0.1623 correct=192
  mpx-70 cover: trials=23880000 overall=0.7500 a0_nochange=1.0000 a0_change=1.0000 a1_nochange=0.0000 a1_change=1.0000 matched_but_wrong=0
  mpx-70 acc: trials=23880000 accuracy=1.0000
  mpx-70 traj: trials=23940000 wall=6284s knowledge=0.7500 reliable=198 spec=7.00 pop=1312
  mpx-70 diag: trials=23940000 micro=3175 pop_spec=6.33 spec_max=22 q_mean=0.608 q_max=1.000 q_above_half=796 marked=0.367 mark_density=0.913 exp_mean=13673.9 addr_spec=3.789 addr_random=0.543 addr_full=0.1623 correct=192
  mpx-70 cover: trials=23940000 overall=0.7500 a0_nochange=1.0000 a0_change=1.0000 a1_nochange=0.0000 a1_change=1.0000 matched_but_wrong=0
  mpx-70 acc: trials=23940000 accuracy=1.0000
  mpx-70 traj: trials=24000000 wall=6295s knowledge=0.7500 reliable=208 spec=7.00 pop=1375
  mpx-70 diag: trials=24000000 micro=3250 pop_spec=6.29 spec_max=22 q_mean=0.600 q_max=1.000 q_above_half=830 marked=0.372 mark_density=0.915 exp_mean=13083.4 addr_spec=3.775 addr_random=0.539 addr_full=0.1556 correct=192
  mpx-70 cover: trials=24000000 overall=0.7500 a0_nochange=1.0000 a0_change=1.0000 a1_nochange=0.0000 a1_change=1.0000 matched_but_wrong=0
  mpx-70 acc: trials=24000000 accuracy=1.0000
  mpx-70 traj: trials=24060000 wall=6307s knowledge=0.7500 reliable=209 spec=7.00 pop=1307
  mpx-70 diag: trials=24060000 micro=3211 pop_spec=6.38 spec_max=22 q_mean=0.611 q_max=1.000 q_above_half=831 marked=0.340 mark_density=0.913 exp_mean=13800.8 addr_spec=3.850 addr_random=0.547 addr_full=0.1637 correct=192
  mpx-70 cover: trials=24060000 overall=0.7500 a0_nochange=1.0000 a0_change=1.0000 a1_nochange=0.0000 a1_change=1.0000 matched_but_wrong=0
  mpx-70 acc: trials=24060000 accuracy=1.0000
  mpx-70 traj: trials=24120000 wall=6319s knowledge=0.7500 reliable=204 spec=7.00 pop=1383
  mpx-70 diag: trials=24120000 micro=3257 pop_spec=6.37 spec_max=22 q_mean=0.605 q_max=1.000 q_above_half=827 marked=0.362 mark_density=0.913 exp_mean=13076.5 addr_spec=3.826 addr_random=0.546 addr_full=0.1482 correct=192
  mpx-70 cover: trials=24120000 overall=0.7500 a0_nochange=1.0000 a0_change=1.0000 a1_nochange=0.0000 a1_change=1.0000 matched_but_wrong=0
  mpx-70 acc: trials=24120000 accuracy=1.0000
  mpx-70 traj: trials=24180000 wall=6330s knowledge=0.7500 reliable=201 spec=7.00 pop=1259
  mpx-70 diag: trials=24180000 micro=3135 pop_spec=6.32 spec_max=22 q_mean=0.606 q_max=1.000 q_above_half=766 marked=0.401 mark_density=0.916 exp_mean=14402.4 addr_spec=3.913 addr_random=0.542 addr_full=0.1644 correct=192
  mpx-70 cover: trials=24180000 overall=0.7500 a0_nochange=1.0000 a0_change=1.0000 a1_nochange=0.0000 a1_change=1.0000 matched_but_wrong=0
  mpx-70 acc: trials=24180000 accuracy=1.0000
  mpx-70 traj: trials=24240000 wall=6342s knowledge=0.7500 reliable=196 spec=7.00 pop=1311
  mpx-70 diag: trials=24240000 micro=3191 pop_spec=6.33 spec_max=22 q_mean=0.606 q_max=1.000 q_above_half=803 marked=0.367 mark_density=0.914 exp_mean=13867.0 addr_spec=3.679 addr_random=0.543 addr_full=0.1701 correct=192
  mpx-70 cover: trials=24240000 overall=0.7500 a0_nochange=1.0000 a0_change=1.0000 a1_nochange=0.0000 a1_change=1.0000 matched_but_wrong=0
  mpx-70 acc: trials=24240000 accuracy=1.0000
  mpx-70 traj: trials=24300000 wall=6354s knowledge=0.7500 reliable=207 spec=7.00 pop=1394
  mpx-70 diag: trials=24300000 micro=3250 pop_spec=6.38 spec_max=22 q_mean=0.599 q_max=1.000 q_above_half=808 marked=0.377 mark_density=0.914 exp_mean=13076.5 addr_spec=3.717 addr_random=0.547 addr_full=0.1535 correct=192
  mpx-70 cover: trials=24300000 overall=0.7500 a0_nochange=1.0000 a0_change=1.0000 a1_nochange=0.0000 a1_change=1.0000 matched_but_wrong=0
  mpx-70 acc: trials=24300000 accuracy=1.0000
  mpx-70 traj: trials=24360000 wall=6366s knowledge=0.7500 reliable=203 spec=7.00 pop=1397
  mpx-70 diag: trials=24360000 micro=3241 pop_spec=6.37 spec_max=22 q_mean=0.607 q_max=1.000 q_above_half=900 marked=0.331 mark_density=0.913 exp_mean=13082.6 addr_spec=3.562 addr_random=0.546 addr_full=0.1496 correct=192
  mpx-70 cover: trials=24360000 overall=0.7500 a0_nochange=1.0000 a0_change=1.0000 a1_nochange=0.0000 a1_change=1.0000 matched_but_wrong=0
  mpx-70 acc: trials=24360000 accuracy=1.0000
  mpx-70 traj: trials=24420000 wall=6379s knowledge=0.7500 reliable=198 spec=7.00 pop=1354
  mpx-70 diag: trials=24420000 micro=3207 pop_spec=6.36 spec_max=22 q_mean=0.609 q_max=1.000 q_above_half=867 marked=0.383 mark_density=0.914 exp_mean=13533.3 addr_spec=3.753 addr_random=0.545 addr_full=0.1654 correct=192
  mpx-70 cover: trials=24420000 overall=0.7500 a0_nochange=1.0000 a0_change=1.0000 a1_nochange=0.0000 a1_change=1.0000 matched_but_wrong=0
  mpx-70 acc: trials=24420000 accuracy=1.0000
  mpx-70 traj: trials=24480000 wall=6391s knowledge=0.7500 reliable=207 spec=7.00 pop=1400
  mpx-70 diag: trials=24480000 micro=3275 pop_spec=6.28 spec_max=22 q_mean=0.606 q_max=1.000 q_above_half=908 marked=0.357 mark_density=0.915 exp_mean=13123.5 addr_spec=3.570 addr_random=0.538 addr_full=0.1507 correct=192
  mpx-70 cover: trials=24480000 overall=0.7500 a0_nochange=1.0000 a0_change=1.0000 a1_nochange=0.0000 a1_change=1.0000 matched_but_wrong=152
  mpx-70 acc: trials=24480000 accuracy=1.0000
  mpx-70 traj: trials=24540000 wall=6404s knowledge=0.7500 reliable=201 spec=7.00 pop=1203
  mpx-70 diag: trials=24540000 micro=3124 pop_spec=6.32 spec_max=22 q_mean=0.618 q_max=1.000 q_above_half=800 marked=0.337 mark_density=0.915 exp_mean=15311.7 addr_spec=3.855 addr_random=0.541 addr_full=0.1812 correct=192
  mpx-70 cover: trials=24540000 overall=0.7500 a0_nochange=1.0000 a0_change=1.0000 a1_nochange=0.0000 a1_change=1.0000 matched_but_wrong=0
  mpx-70 acc: trials=24540000 accuracy=1.0000
  mpx-70 traj: trials=24600000 wall=6416s knowledge=0.7500 reliable=205 spec=7.00 pop=1293
  mpx-70 diag: trials=24600000 micro=3137 pop_spec=6.41 spec_max=22 q_mean=0.616 q_max=1.000 q_above_half=829 marked=0.362 mark_density=0.912 exp_mean=14283.4 addr_spec=3.803 addr_random=0.550 addr_full=0.1655 correct=192
  mpx-70 cover: trials=24600000 overall=0.7500 a0_nochange=1.0000 a0_change=1.0000 a1_nochange=0.0000 a1_change=1.0000 matched_but_wrong=0
  mpx-70 acc: trials=24600000 accuracy=1.0000
  mpx-70 traj: trials=24660000 wall=6428s knowledge=0.7500 reliable=204 spec=7.00 pop=1298
  mpx-70 diag: trials=24660000 micro=3214 pop_spec=6.35 spec_max=22 q_mean=0.608 q_max=1.000 q_above_half=808 marked=0.334 mark_density=0.913 exp_mean=14265.0 addr_spec=3.773 addr_random=0.545 addr_full=0.1656 correct=192
  mpx-70 cover: trials=24660000 overall=0.7500 a0_nochange=1.0000 a0_change=1.0000 a1_nochange=0.0000 a1_change=1.0000 matched_but_wrong=0
  mpx-70 acc: trials=24660000 accuracy=1.0000
  mpx-70 traj: trials=24720000 wall=6441s knowledge=0.7500 reliable=208 spec=7.00 pop=1272
  mpx-70 diag: trials=24720000 micro=3136 pop_spec=6.31 spec_max=22 q_mean=0.609 q_max=1.000 q_above_half=804 marked=0.334 mark_density=0.915 exp_mean=14594.5 addr_spec=3.898 addr_random=0.541 addr_full=0.1675 correct=192
  mpx-70 cover: trials=24720000 overall=0.7500 a0_nochange=1.0000 a0_change=1.0000 a1_nochange=0.0000 a1_change=1.0000 matched_but_wrong=96
  mpx-70 acc: trials=24720000 accuracy=1.0000
  mpx-70 traj: trials=24780000 wall=6453s knowledge=0.7500 reliable=202 spec=7.00 pop=1246
  mpx-70 diag: trials=24780000 micro=3135 pop_spec=6.26 spec_max=22 q_mean=0.611 q_max=1.000 q_above_half=766 marked=0.356 mark_density=0.914 exp_mean=14937.6 addr_spec=3.730 addr_random=0.536 addr_full=0.1685 correct=192
  mpx-70 cover: trials=24780000 overall=0.7500 a0_nochange=1.0000 a0_change=1.0000 a1_nochange=0.0000 a1_change=1.0000 matched_but_wrong=0
  mpx-70 acc: trials=24780000 accuracy=1.0000
  mpx-70 traj: trials=24840000 wall=6465s knowledge=0.7500 reliable=206 spec=7.00 pop=1464
  mpx-70 diag: trials=24840000 micro=3320 pop_spec=6.32 spec_max=22 q_mean=0.601 q_max=1.000 q_above_half=890 marked=0.355 mark_density=0.914 exp_mean=12746.6 addr_spec=3.607 addr_random=0.541 addr_full=0.1598 correct=192
  mpx-70 cover: trials=24840000 overall=0.7500 a0_nochange=1.0000 a0_change=1.0000 a1_nochange=0.0000 a1_change=1.0000 matched_but_wrong=0
  mpx-70 acc: trials=24840000 accuracy=1.0000
  mpx-70 traj: trials=24900000 wall=6478s knowledge=0.7500 reliable=200 spec=7.00 pop=1323
  mpx-70 diag: trials=24900000 micro=3208 pop_spec=6.33 spec_max=22 q_mean=0.605 q_max=1.000 q_above_half=841 marked=0.374 mark_density=0.914 exp_mean=14140.8 addr_spec=3.683 addr_random=0.543 addr_full=0.1610 correct=192
  mpx-70 cover: trials=24900000 overall=0.7500 a0_nochange=1.0000 a0_change=1.0000 a1_nochange=0.0000 a1_change=1.0000 matched_but_wrong=0
  mpx-70 acc: trials=24900000 accuracy=1.0000
  mpx-70 traj: trials=24960000 wall=6490s knowledge=0.7500 reliable=207 spec=7.00 pop=1194
  mpx-70 diag: trials=24960000 micro=3059 pop_spec=6.32 spec_max=22 q_mean=0.613 q_max=1.000 q_above_half=755 marked=0.317 mark_density=0.913 exp_mean=15708.7 addr_spec=3.777 addr_random=0.541 addr_full=0.1826 correct=192
  mpx-70 cover: trials=24960000 overall=0.7500 a0_nochange=1.0000 a0_change=1.0000 a1_nochange=0.0000 a1_change=1.0000 matched_but_wrong=0
  mpx-70 acc: trials=24960000 accuracy=1.0000
  mpx-70 traj: trials=25020000 wall=6503s knowledge=0.7500 reliable=200 spec=7.00 pop=1230
  mpx-70 diag: trials=25020000 micro=3120 pop_spec=6.31 spec_max=22 q_mean=0.614 q_max=1.000 q_above_half=787 marked=0.338 mark_density=0.913 exp_mean=15287.8 addr_spec=3.737 addr_random=0.541 addr_full=0.1748 correct=192
  mpx-70 cover: trials=25020000 overall=0.7500 a0_nochange=1.0000 a0_change=1.0000 a1_nochange=0.0000 a1_change=1.0000 matched_but_wrong=0
  mpx-70 acc: trials=25020000 accuracy=1.0000
  mpx-70 traj: trials=25080000 wall=6515s knowledge=0.7500 reliable=202 spec=7.00 pop=1350
  mpx-70 diag: trials=25080000 micro=3184 pop_spec=6.29 spec_max=22 q_mean=0.604 q_max=1.000 q_above_half=839 marked=0.358 mark_density=0.914 exp_mean=13964.7 addr_spec=3.571 addr_random=0.539 addr_full=0.1637 correct=192
  mpx-70 cover: trials=25080000 overall=0.7500 a0_nochange=1.0000 a0_change=1.0000 a1_nochange=0.0000 a1_change=1.0000 matched_but_wrong=0
  mpx-70 acc: trials=25080000 accuracy=1.0000
  mpx-70 traj: trials=25140000 wall=6528s knowledge=0.7500 reliable=208 spec=7.00 pop=1328
  mpx-70 diag: trials=25140000 micro=3151 pop_spec=6.36 spec_max=22 q_mean=0.608 q_max=1.000 q_above_half=807 marked=0.376 mark_density=0.913 exp_mean=14232.9 addr_spec=3.821 addr_random=0.545 addr_full=0.1596 correct=192
  mpx-70 cover: trials=25140000 overall=0.7500 a0_nochange=1.0000 a0_change=1.0000 a1_nochange=0.0000 a1_change=1.0000 matched_but_wrong=0
  mpx-70 acc: trials=25140000 accuracy=1.0000
  mpx-70 traj: trials=25200000 wall=6540s knowledge=0.7500 reliable=202 spec=7.00 pop=1274
  mpx-70 diag: trials=25200000 micro=3137 pop_spec=6.29 spec_max=22 q_mean=0.602 q_max=1.000 q_above_half=779 marked=0.338 mark_density=0.913 exp_mean=14873.3 addr_spec=3.880 addr_random=0.539 addr_full=0.1680 correct=192
  mpx-70 cover: trials=25200000 overall=0.7500 a0_nochange=1.0000 a0_change=1.0000 a1_nochange=0.0000 a1_change=1.0000 matched_but_wrong=0
  mpx-70 acc: trials=25200000 accuracy=1.0000
  mpx-70 traj: trials=25260000 wall=6553s knowledge=0.7500 reliable=204 spec=7.00 pop=1270
  mpx-70 diag: trials=25260000 micro=3146 pop_spec=6.37 spec_max=22 q_mean=0.611 q_max=1.000 q_above_half=812 marked=0.335 mark_density=0.913 exp_mean=14957.9 addr_spec=3.880 addr_random=0.546 addr_full=0.1661 correct=192
  mpx-70 cover: trials=25260000 overall=0.7500 a0_nochange=1.0000 a0_change=1.0000 a1_nochange=0.0000 a1_change=1.0000 matched_but_wrong=0
  mpx-70 acc: trials=25260000 accuracy=1.0000
  mpx-70 traj: trials=25320000 wall=6564s knowledge=0.7500 reliable=202 spec=7.00 pop=1232
  mpx-70 diag: trials=25320000 micro=3111 pop_spec=6.31 spec_max=22 q_mean=0.616 q_max=1.000 q_above_half=811 marked=0.325 mark_density=0.913 exp_mean=15457.6 addr_spec=3.808 addr_random=0.541 addr_full=0.1778 correct=192
  mpx-70 cover: trials=25320000 overall=0.7500 a0_nochange=1.0000 a0_change=1.0000 a1_nochange=0.0000 a1_change=1.0000 matched_but_wrong=0
  mpx-70 acc: trials=25320000 accuracy=1.0000
  mpx-70 traj: trials=25380000 wall=6576s knowledge=0.7500 reliable=201 spec=7.00 pop=1249
  mpx-70 diag: trials=25380000 micro=3146 pop_spec=6.33 spec_max=22 q_mean=0.607 q_max=1.000 q_above_half=786 marked=0.355 mark_density=0.913 exp_mean=15285.7 addr_spec=3.641 addr_random=0.543 addr_full=0.1809 correct=192
  mpx-70 cover: trials=25380000 overall=0.7500 a0_nochange=1.0000 a0_change=1.0000 a1_nochange=0.0000 a1_change=1.0000 matched_but_wrong=0
  mpx-70 acc: trials=25380000 accuracy=1.0000
  mpx-70 traj: trials=25440000 wall=6587s knowledge=0.7500 reliable=207 spec=7.00 pop=1211
  mpx-70 diag: trials=25440000 micro=3130 pop_spec=6.28 spec_max=22 q_mean=0.608 q_max=1.000 q_above_half=727 marked=0.392 mark_density=0.915 exp_mean=15806.2 addr_spec=3.746 addr_random=0.539 addr_full=0.1841 correct=192
  mpx-70 cover: trials=25440000 overall=0.7500 a0_nochange=1.0000 a0_change=1.0000 a1_nochange=0.0000 a1_change=1.0000 matched_but_wrong=0
  mpx-70 acc: trials=25440000 accuracy=1.0000
  mpx-70 traj: trials=25500000 wall=6598s knowledge=0.7500 reliable=207 spec=7.00 pop=1252
  mpx-70 diag: trials=25500000 micro=3156 pop_spec=6.32 spec_max=22 q_mean=0.615 q_max=1.000 q_above_half=807 marked=0.352 mark_density=0.915 exp_mean=15327.2 addr_spec=3.696 addr_random=0.542 addr_full=0.1677 correct=192
  mpx-70 cover: trials=25500000 overall=0.7500 a0_nochange=1.0000 a0_change=1.0000 a1_nochange=0.0000 a1_change=1.0000 matched_but_wrong=0
  mpx-70 acc: trials=25500000 accuracy=1.0000
  mpx-70 traj: trials=25560000 wall=6610s knowledge=0.7500 reliable=204 spec=7.00 pop=1267
  mpx-70 diag: trials=25560000 micro=3134 pop_spec=6.32 spec_max=22 q_mean=0.612 q_max=1.000 q_above_half=792 marked=0.362 mark_density=0.913 exp_mean=15182.7 addr_spec=3.816 addr_random=0.542 addr_full=0.1744 correct=192
  mpx-70 cover: trials=25560000 overall=0.7500 a0_nochange=1.0000 a0_change=1.0000 a1_nochange=0.0000 a1_change=1.0000 matched_but_wrong=0
  mpx-70 acc: trials=25560000 accuracy=1.0000
  mpx-70 traj: trials=25620000 wall=6621s knowledge=0.7500 reliable=204 spec=7.00 pop=1265
  mpx-70 diag: trials=25620000 micro=3136 pop_spec=6.31 spec_max=22 q_mean=0.606 q_max=1.000 q_above_half=780 marked=0.361 mark_density=0.913 exp_mean=15244.4 addr_spec=3.804 addr_random=0.541 addr_full=0.1676 correct=192
  mpx-70 cover: trials=25620000 overall=0.7500 a0_nochange=1.0000 a0_change=1.0000 a1_nochange=0.0000 a1_change=1.0000 matched_but_wrong=0
  mpx-70 acc: trials=25620000 accuracy=1.0000
  mpx-70 traj: trials=25680000 wall=6633s knowledge=0.7500 reliable=210 spec=7.00 pop=1225
  mpx-70 diag: trials=25680000 micro=3084 pop_spec=6.33 spec_max=22 q_mean=0.616 q_max=1.000 q_above_half=778 marked=0.329 mark_density=0.913 exp_mean=15782.1 addr_spec=3.808 addr_random=0.543 addr_full=0.1682 correct=192
  mpx-70 cover: trials=25680000 overall=0.7500 a0_nochange=1.0000 a0_change=1.0000 a1_nochange=0.0000 a1_change=1.0000 matched_but_wrong=0
  mpx-70 acc: trials=25680000 accuracy=1.0000
  mpx-70 traj: trials=25740000 wall=6644s knowledge=0.7500 reliable=203 spec=7.00 pop=1320
  mpx-70 diag: trials=25740000 micro=3195 pop_spec=6.31 spec_max=22 q_mean=0.611 q_max=1.000 q_above_half=841 marked=0.358 mark_density=0.913 exp_mean=14682.7 addr_spec=3.782 addr_random=0.541 addr_full=0.1606 correct=192
  mpx-70 cover: trials=25740000 overall=0.7500 a0_nochange=1.0000 a0_change=1.0000 a1_nochange=0.0000 a1_change=1.0000 matched_but_wrong=0
  mpx-70 acc: trials=25740000 accuracy=1.0000
  mpx-70 traj: trials=25800000 wall=6656s knowledge=0.7500 reliable=204 spec=7.00 pop=1219
  mpx-70 diag: trials=25800000 micro=3087 pop_spec=6.32 spec_max=22 q_mean=0.623 q_max=1.000 q_above_half=794 marked=0.370 mark_density=0.914 exp_mean=15938.4 addr_spec=3.857 addr_random=0.541 addr_full=0.1780 correct=192
  mpx-70 cover: trials=25800000 overall=0.7500 a0_nochange=1.0000 a0_change=1.0000 a1_nochange=0.0000 a1_change=1.0000 matched_but_wrong=0
  mpx-70 acc: trials=25800000 accuracy=1.0000
  mpx-70 traj: trials=25860000 wall=6668s knowledge=0.7500 reliable=202 spec=7.00 pop=1219
  mpx-70 diag: trials=25860000 micro=3108 pop_spec=6.36 spec_max=22 q_mean=0.610 q_max=1.000 q_above_half=743 marked=0.372 mark_density=0.914 exp_mean=15977.5 addr_spec=3.893 addr_random=0.545 addr_full=0.1780 correct=192
  mpx-70 cover: trials=25860000 overall=0.7500 a0_nochange=1.0000 a0_change=1.0000 a1_nochange=0.0000 a1_change=1.0000 matched_but_wrong=0
  mpx-70 acc: trials=25860000 accuracy=1.0000
  mpx-70 traj: trials=25920000 wall=6679s knowledge=0.7500 reliable=204 spec=7.00 pop=1258
  mpx-70 diag: trials=25920000 micro=3134 pop_spec=6.30 spec_max=22 q_mean=0.614 q_max=1.000 q_above_half=796 marked=0.370 mark_density=0.915 exp_mean=15520.6 addr_spec=3.760 addr_random=0.540 addr_full=0.1661 correct=192
  mpx-70 cover: trials=25920000 overall=0.7500 a0_nochange=1.0000 a0_change=1.0000 a1_nochange=0.0000 a1_change=1.0000 matched_but_wrong=0
  mpx-70 acc: trials=25920000 accuracy=1.0000
  mpx-70 traj: trials=25980000 wall=6691s knowledge=0.7500 reliable=203 spec=7.00 pop=1256
  mpx-70 diag: trials=25980000 micro=3169 pop_spec=6.36 spec_max=22 q_mean=0.605 q_max=1.000 q_above_half=766 marked=0.364 mark_density=0.912 exp_mean=15583.8 addr_spec=3.754 addr_random=0.545 addr_full=0.1720 correct=192
  mpx-70 cover: trials=25980000 overall=0.7500 a0_nochange=1.0000 a0_change=1.0000 a1_nochange=0.0000 a1_change=1.0000 matched_but_wrong=0
  mpx-70 acc: trials=25980000 accuracy=1.0000
  mpx-70 traj: trials=26040000 wall=6702s knowledge=0.7500 reliable=210 spec=7.00 pop=1309
  mpx-70 diag: trials=26040000 micro=3132 pop_spec=6.30 spec_max=22 q_mean=0.609 q_max=1.000 q_above_half=816 marked=0.355 mark_density=0.914 exp_mean=14989.6 addr_spec=3.590 addr_random=0.540 addr_full=0.1551 correct=192
  mpx-70 cover: trials=26040000 overall=0.7500 a0_nochange=1.0000 a0_change=1.0000 a1_nochange=0.0000 a1_change=1.0000 matched_but_wrong=0
  mpx-70 acc: trials=26040000 accuracy=1.0000
  mpx-70 traj: trials=26100000 wall=6714s knowledge=0.7500 reliable=204 spec=7.00 pop=1306
  mpx-70 diag: trials=26100000 micro=3175 pop_spec=6.37 spec_max=22 q_mean=0.608 q_max=1.000 q_above_half=832 marked=0.350 mark_density=0.913 exp_mean=15061.1 addr_spec=3.858 addr_random=0.546 addr_full=0.1708 correct=192
  mpx-70 cover: trials=26100000 overall=0.7500 a0_nochange=1.0000 a0_change=1.0000 a1_nochange=0.0000 a1_change=1.0000 matched_but_wrong=0
  mpx-70 acc: trials=26100000 accuracy=1.0000
  mpx-70 traj: trials=26160000 wall=6726s knowledge=0.7500 reliable=205 spec=7.00 pop=1329
  mpx-70 diag: trials=26160000 micro=3257 pop_spec=6.26 spec_max=22 q_mean=0.601 q_max=1.000 q_above_half=826 marked=0.350 mark_density=0.915 exp_mean=14836.1 addr_spec=3.716 addr_random=0.537 addr_full=0.1595 correct=192
  mpx-70 cover: trials=26160000 overall=0.7500 a0_nochange=1.0000 a0_change=1.0000 a1_nochange=0.0000 a1_change=1.0000 matched_but_wrong=0
  mpx-70 acc: trials=26160000 accuracy=1.0000
  mpx-70 traj: trials=26220000 wall=6738s knowledge=0.7500 reliable=208 spec=7.00 pop=1277
  mpx-70 diag: trials=26220000 micro=3160 pop_spec=6.28 spec_max=22 q_mean=0.612 q_max=1.000 q_above_half=824 marked=0.338 mark_density=0.914 exp_mean=15477.6 addr_spec=3.832 addr_random=0.539 addr_full=0.1691 correct=192
  mpx-70 cover: trials=26220000 overall=0.7500 a0_nochange=1.0000 a0_change=1.0000 a1_nochange=0.0000 a1_change=1.0000 matched_but_wrong=0
  mpx-70 acc: trials=26220000 accuracy=1.0000
  mpx-70 traj: trials=26280000 wall=6751s knowledge=0.7500 reliable=202 spec=7.00 pop=1330
  mpx-70 diag: trials=26280000 micro=3218 pop_spec=6.31 spec_max=22 q_mean=0.602 q_max=1.000 q_above_half=793 marked=0.371 mark_density=0.915 exp_mean=14896.6 addr_spec=3.868 addr_random=0.541 addr_full=0.1624 correct=192
  mpx-70 cover: trials=26280000 overall=0.7500 a0_nochange=1.0000 a0_change=1.0000 a1_nochange=0.0000 a1_change=1.0000 matched_but_wrong=0
  mpx-70 acc: trials=26280000 accuracy=1.0000
  mpx-70 traj: trials=26340000 wall=6763s knowledge=0.7500 reliable=204 spec=7.00 pop=1297
  mpx-70 diag: trials=26340000 micro=3144 pop_spec=6.39 spec_max=22 q_mean=0.606 q_max=1.000 q_above_half=801 marked=0.351 mark_density=0.913 exp_mean=15312.9 addr_spec=3.869 addr_random=0.547 addr_full=0.1696 correct=192
  mpx-70 cover: trials=26340000 overall=0.7500 a0_nochange=1.0000 a0_change=1.0000 a1_nochange=0.0000 a1_change=1.0000 matched_but_wrong=0
  mpx-70 acc: trials=26340000 accuracy=1.0000
  mpx-70 traj: trials=26400000 wall=6775s knowledge=0.7500 reliable=209 spec=7.00 pop=1341
  mpx-70 diag: trials=26400000 micro=3194 pop_spec=6.30 spec_max=22 q_mean=0.613 q_max=1.000 q_above_half=867 marked=0.348 mark_density=0.914 exp_mean=14846.9 addr_spec=3.714 addr_random=0.540 addr_full=0.1596 correct=192
  mpx-70 cover: trials=26400000 overall=0.7500 a0_nochange=1.0000 a0_change=1.0000 a1_nochange=0.0000 a1_change=1.0000 matched_but_wrong=86
  mpx-70 acc: trials=26400000 accuracy=1.0000
  mpx-70 traj: trials=26460000 wall=6788s knowledge=0.7500 reliable=211 spec=7.00 pop=1263
  mpx-70 diag: trials=26460000 micro=3142 pop_spec=6.37 spec_max=22 q_mean=0.612 q_max=1.000 q_above_half=792 marked=0.377 mark_density=0.914 exp_mean=15802.1 addr_spec=3.805 addr_random=0.546 addr_full=0.1623 correct=192
  mpx-70 cover: trials=26460000 overall=0.7500 a0_nochange=1.0000 a0_change=1.0000 a1_nochange=0.0000 a1_change=1.0000 matched_but_wrong=0
  mpx-70 acc: trials=26460000 accuracy=1.0000
  mpx-70 traj: trials=26520000 wall=6800s knowledge=0.7500 reliable=203 spec=7.00 pop=1346
  mpx-70 diag: trials=26520000 micro=3240 pop_spec=6.31 spec_max=22 q_mean=0.606 q_max=1.000 q_above_half=865 marked=0.366 mark_density=0.915 exp_mean=14862.9 addr_spec=3.718 addr_random=0.541 addr_full=0.1612 correct=192
  mpx-70 cover: trials=26520000 overall=0.7500 a0_nochange=1.0000 a0_change=1.0000 a1_nochange=0.0000 a1_change=1.0000 matched_but_wrong=0
  mpx-70 acc: trials=26520000 accuracy=1.0000
  mpx-70 traj: trials=26580000 wall=6813s knowledge=0.7500 reliable=203 spec=7.00 pop=1286
  mpx-70 diag: trials=26580000 micro=3130 pop_spec=6.30 spec_max=22 q_mean=0.614 q_max=1.000 q_above_half=814 marked=0.364 mark_density=0.914 exp_mean=15593.4 addr_spec=3.640 addr_random=0.540 addr_full=0.1625 correct=192
  mpx-70 cover: trials=26580000 overall=0.7500 a0_nochange=1.0000 a0_change=1.0000 a1_nochange=0.0000 a1_change=1.0000 matched_but_wrong=0
  mpx-70 acc: trials=26580000 accuracy=1.0000
  mpx-70 traj: trials=26640000 wall=6825s knowledge=0.7500 reliable=204 spec=7.00 pop=1276
  mpx-70 diag: trials=26640000 micro=3184 pop_spec=6.33 spec_max=22 q_mean=0.610 q_max=1.000 q_above_half=834 marked=0.351 mark_density=0.913 exp_mean=15752.6 addr_spec=3.864 addr_random=0.543 addr_full=0.1701 correct=192
  mpx-70 cover: trials=26640000 overall=0.7500 a0_nochange=1.0000 a0_change=1.0000 a1_nochange=0.0000 a1_change=1.0000 matched_but_wrong=0
  mpx-70 acc: trials=26640000 accuracy=1.0000
  mpx-70 traj: trials=26700000 wall=6837s knowledge=0.7500 reliable=207 spec=7.00 pop=1310
  mpx-70 diag: trials=26700000 micro=3173 pop_spec=6.35 spec_max=22 q_mean=0.603 q_max=1.000 q_above_half=785 marked=0.365 mark_density=0.914 exp_mean=15381.4 addr_spec=3.630 addr_random=0.544 addr_full=0.1710 correct=192
  mpx-70 cover: trials=26700000 overall=0.7500 a0_nochange=1.0000 a0_change=1.0000 a1_nochange=0.0000 a1_change=1.0000 matched_but_wrong=0
  mpx-70 acc: trials=26700000 accuracy=1.0000
  mpx-70 traj: trials=26760000 wall=6849s knowledge=0.7500 reliable=200 spec=7.00 pop=1324
  mpx-70 diag: trials=26760000 micro=3179 pop_spec=6.27 spec_max=22 q_mean=0.606 q_max=1.000 q_above_half=809 marked=0.382 mark_density=0.917 exp_mean=15254.2 addr_spec=3.716 addr_random=0.537 addr_full=0.1662 correct=192
  mpx-70 cover: trials=26760000 overall=0.7500 a0_nochange=1.0000 a0_change=1.0000 a1_nochange=0.0000 a1_change=1.0000 matched_but_wrong=0
  mpx-70 acc: trials=26760000 accuracy=1.0000
  mpx-70 traj: trials=26820000 wall=6862s knowledge=0.7500 reliable=203 spec=7.00 pop=1251
  mpx-70 diag: trials=26820000 micro=3084 pop_spec=6.31 spec_max=22 q_mean=0.615 q_max=1.000 q_above_half=834 marked=0.335 mark_density=0.914 exp_mean=16183.0 addr_spec=3.726 addr_random=0.541 addr_full=0.1711 correct=192
  mpx-70 cover: trials=26820000 overall=0.7500 a0_nochange=1.0000 a0_change=1.0000 a1_nochange=0.0000 a1_change=1.0000 matched_but_wrong=0
  mpx-70 acc: trials=26820000 accuracy=1.0000
  mpx-70 traj: trials=26880000 wall=6874s knowledge=0.7500 reliable=206 spec=7.00 pop=1253
  mpx-70 diag: trials=26880000 micro=3127 pop_spec=6.33 spec_max=22 q_mean=0.615 q_max=1.000 q_above_half=807 marked=0.354 mark_density=0.914 exp_mean=16194.9 addr_spec=3.697 addr_random=0.542 addr_full=0.1716 correct=192
  mpx-70 cover: trials=26880000 overall=0.7500 a0_nochange=1.0000 a0_change=1.0000 a1_nochange=0.0000 a1_change=1.0000 matched_but_wrong=0
  mpx-70 acc: trials=26880000 accuracy=1.0000
  mpx-70 traj: trials=26940000 wall=6887s knowledge=0.7500 reliable=207 spec=7.00 pop=1344
  mpx-70 diag: trials=26940000 micro=3240 pop_spec=6.27 spec_max=22 q_mean=0.604 q_max=1.000 q_above_half=772 marked=0.350 mark_density=0.914 exp_mean=15134.6 addr_spec=3.782 addr_random=0.537 addr_full=0.1652 correct=192
  mpx-70 cover: trials=26940000 overall=0.7500 a0_nochange=1.0000 a0_change=1.0000 a1_nochange=0.0000 a1_change=1.0000 matched_but_wrong=80
  mpx-70 acc: trials=26940000 accuracy=1.0000
  mpx-70 traj: trials=27000000 wall=6899s knowledge=0.7500 reliable=204 spec=7.00 pop=1291
  mpx-70 diag: trials=27000000 micro=3193 pop_spec=6.33 spec_max=22 q_mean=0.603 q_max=1.000 q_above_half=768 marked=0.356 mark_density=0.914 exp_mean=15792.4 addr_spec=3.710 addr_random=0.542 addr_full=0.1665 correct=192
  mpx-70 cover: trials=27000000 overall=0.7500 a0_nochange=1.0000 a0_change=1.0000 a1_nochange=0.0000 a1_change=1.0000 matched_but_wrong=0
  mpx-70 acc: trials=27000000 accuracy=1.0000
  mpx-70 traj: trials=27060000 wall=6912s knowledge=0.7500 reliable=207 spec=7.00 pop=1339
  mpx-70 diag: trials=27060000 micro=3190 pop_spec=6.33 spec_max=22 q_mean=0.609 q_max=1.000 q_above_half=835 marked=0.373 mark_density=0.914 exp_mean=15263.3 addr_spec=3.704 addr_random=0.543 addr_full=0.1665 correct=192
  mpx-70 cover: trials=27060000 overall=0.7500 a0_nochange=1.0000 a0_change=1.0000 a1_nochange=0.0000 a1_change=1.0000 matched_but_wrong=0
  mpx-70 acc: trials=27060000 accuracy=1.0000
  mpx-70 traj: trials=27120000 wall=6924s knowledge=0.7500 reliable=206 spec=7.00 pop=1344
  mpx-70 diag: trials=27120000 micro=3224 pop_spec=6.31 spec_max=22 q_mean=0.599 q_max=1.000 q_above_half=817 marked=0.389 mark_density=0.915 exp_mean=15241.7 addr_spec=3.724 addr_random=0.540 addr_full=0.1592 correct=192
  mpx-70 cover: trials=27120000 overall=0.7500 a0_nochange=1.0000 a0_change=1.0000 a1_nochange=0.0000 a1_change=1.0000 matched_but_wrong=0
  mpx-70 acc: trials=27120000 accuracy=1.0000
  mpx-70 traj: trials=27180000 wall=6937s knowledge=0.7500 reliable=202 spec=7.00 pop=1171
  mpx-70 diag: trials=27180000 micro=3125 pop_spec=6.33 spec_max=22 q_mean=0.616 q_max=1.000 q_above_half=752 marked=0.313 mark_density=0.914 exp_mean=17533.7 addr_spec=3.757 addr_random=0.542 addr_full=0.1845 correct=192
  mpx-70 cover: trials=27180000 overall=0.7500 a0_nochange=1.0000 a0_change=1.0000 a1_nochange=0.0000 a1_change=1.0000 matched_but_wrong=0
  mpx-70 acc: trials=27180000 accuracy=1.0000
  mpx-70 traj: trials=27240000 wall=6949s knowledge=0.7500 reliable=204 spec=7.00 pop=1288
  mpx-70 diag: trials=27240000 micro=3166 pop_spec=6.36 spec_max=22 q_mean=0.608 q_max=1.000 q_above_half=835 marked=0.344 mark_density=0.913 exp_mean=15978.2 addr_spec=3.838 addr_random=0.545 addr_full=0.1724 correct=192
  mpx-70 cover: trials=27240000 overall=0.7500 a0_nochange=1.0000 a0_change=1.0000 a1_nochange=0.0000 a1_change=1.0000 matched_but_wrong=0
  mpx-70 acc: trials=27240000 accuracy=1.0000
  mpx-70 traj: trials=27300000 wall=6961s knowledge=0.7500 reliable=202 spec=7.00 pop=1224
  mpx-70 diag: trials=27300000 micro=3129 pop_spec=6.30 spec_max=22 q_mean=0.608 q_max=1.000 q_above_half=757 marked=0.352 mark_density=0.914 exp_mean=16852.5 addr_spec=3.805 addr_random=0.540 addr_full=0.1773 correct=192
  mpx-70 cover: trials=27300000 overall=0.7500 a0_nochange=1.0000 a0_change=1.0000 a1_nochange=0.0000 a1_change=1.0000 matched_but_wrong=0
  mpx-70 acc: trials=27300000 accuracy=1.0000
  mpx-70 traj: trials=27360000 wall=6974s knowledge=0.7500 reliable=204 spec=7.00 pop=1271
  mpx-70 diag: trials=27360000 micro=3157 pop_spec=6.28 spec_max=22 q_mean=0.610 q_max=1.000 q_above_half=804 marked=0.327 mark_density=0.915 exp_mean=16266.8 addr_spec=3.716 addr_random=0.538 addr_full=0.1660 correct=192
  mpx-70 cover: trials=27360000 overall=0.7500 a0_nochange=1.0000 a0_change=1.0000 a1_nochange=0.0000 a1_change=1.0000 matched_but_wrong=189
  mpx-70 acc: trials=27360000 accuracy=1.0000
  mpx-70 traj: trials=27420000 wall=6986s knowledge=0.7500 reliable=205 spec=7.00 pop=1302
  mpx-70 diag: trials=27420000 micro=3184 pop_spec=6.27 spec_max=22 q_mean=0.610 q_max=1.000 q_above_half=807 marked=0.357 mark_density=0.916 exp_mean=15917.0 addr_spec=3.791 addr_random=0.537 addr_full=0.1697 correct=192
  mpx-70 cover: trials=27420000 overall=0.7500 a0_nochange=1.0000 a0_change=1.0000 a1_nochange=0.0000 a1_change=1.0000 matched_but_wrong=0
  mpx-70 acc: trials=27420000 accuracy=1.0000
  mpx-70 traj: trials=27480000 wall=6998s knowledge=0.7500 reliable=199 spec=7.00 pop=1343
  mpx-70 diag: trials=27480000 micro=3192 pop_spec=6.31 spec_max=22 q_mean=0.597 q_max=1.000 q_above_half=789 marked=0.401 mark_density=0.915 exp_mean=15466.5 addr_spec=3.777 addr_random=0.541 addr_full=0.1593 correct=192
  mpx-70 cover: trials=27480000 overall=0.7500 a0_nochange=1.0000 a0_change=1.0000 a1_nochange=0.0000 a1_change=1.0000 matched_but_wrong=109
  mpx-70 acc: trials=27480000 accuracy=1.0000
  mpx-70 traj: trials=27540000 wall=7011s knowledge=0.7500 reliable=206 spec=7.00 pop=1368
  mpx-70 diag: trials=27540000 micro=3251 pop_spec=6.30 spec_max=22 q_mean=0.603 q_max=1.000 q_above_half=852 marked=0.378 mark_density=0.915 exp_mean=15219.6 addr_spec=3.712 addr_random=0.540 addr_full=0.1557 correct=192
  mpx-70 cover: trials=27540000 overall=0.7500 a0_nochange=1.0000 a0_change=1.0000 a1_nochange=0.0000 a1_change=1.0000 matched_but_wrong=0
  mpx-70 acc: trials=27540000 accuracy=1.0000
  mpx-70 traj: trials=27600000 wall=7024s knowledge=0.7500 reliable=208 spec=7.00 pop=1353
  mpx-70 diag: trials=27600000 micro=3230 pop_spec=6.33 spec_max=22 q_mean=0.607 q_max=1.000 q_above_half=835 marked=0.372 mark_density=0.914 exp_mean=15424.2 addr_spec=3.696 addr_random=0.542 addr_full=0.1619 correct=192
  mpx-70 cover: trials=27600000 overall=0.7500 a0_nochange=1.0000 a0_change=1.0000 a1_nochange=0.0000 a1_change=1.0000 matched_but_wrong=0
  mpx-70 acc: trials=27600000 accuracy=1.0000
  mpx-70 traj: trials=27660000 wall=7036s knowledge=0.7500 reliable=198 spec=7.00 pop=1291
  mpx-70 diag: trials=27660000 micro=3204 pop_spec=6.32 spec_max=22 q_mean=0.604 q_max=1.000 q_above_half=782 marked=0.351 mark_density=0.915 exp_mean=16201.0 addr_spec=3.704 addr_random=0.542 addr_full=0.1696 correct=192
  mpx-70 cover: trials=27660000 overall=0.7500 a0_nochange=1.0000 a0_change=1.0000 a1_nochange=0.0000 a1_change=1.0000 matched_but_wrong=0
  mpx-70 acc: trials=27660000 accuracy=1.0000
  mpx-70 traj: trials=27720000 wall=7049s knowledge=0.7500 reliable=201 spec=7.00 pop=1315
  mpx-70 diag: trials=27720000 micro=3191 pop_spec=6.23 spec_max=22 q_mean=0.603 q_max=1.000 q_above_half=782 marked=0.370 mark_density=0.915 exp_mean=15941.8 addr_spec=3.686 addr_random=0.534 addr_full=0.1597 correct=192
  mpx-70 cover: trials=27720000 overall=0.7500 a0_nochange=1.0000 a0_change=1.0000 a1_nochange=0.0000 a1_change=1.0000 matched_but_wrong=0
  mpx-70 acc: trials=27720000 accuracy=1.0000
  mpx-70 traj: trials=27780000 wall=7061s knowledge=0.7500 reliable=207 spec=7.00 pop=1294
  mpx-70 diag: trials=27780000 micro=3189 pop_spec=6.34 spec_max=22 q_mean=0.609 q_max=1.000 q_above_half=817 marked=0.333 mark_density=0.914 exp_mean=16238.0 addr_spec=3.767 addr_random=0.543 addr_full=0.1631 correct=192
  mpx-70 cover: trials=27780000 overall=0.7500 a0_nochange=1.0000 a0_change=1.0000 a1_nochange=0.0000 a1_change=1.0000 matched_but_wrong=0
  mpx-70 acc: trials=27780000 accuracy=1.0000
  mpx-70 traj: trials=27840000 wall=7074s knowledge=0.7500 reliable=207 spec=7.00 pop=1269
  mpx-70 diag: trials=27840000 micro=3186 pop_spec=6.35 spec_max=22 q_mean=0.609 q_max=1.000 q_above_half=779 marked=0.367 mark_density=0.915 exp_mean=16595.8 addr_spec=3.689 addr_random=0.544 addr_full=0.1702 correct=192
  mpx-70 cover: trials=27840000 overall=0.7500 a0_nochange=1.0000 a0_change=1.0000 a1_nochange=0.0000 a1_change=1.0000 matched_but_wrong=0
  mpx-70 acc: trials=27840000 accuracy=1.0000
  mpx-70 traj: trials=27900000 wall=7086s knowledge=0.7500 reliable=201 spec=7.00 pop=1387
  mpx-70 diag: trials=27900000 micro=3255 pop_spec=6.36 spec_max=22 q_mean=0.597 q_max=1.000 q_above_half=809 marked=0.376 mark_density=0.914 exp_mean=15218.6 addr_spec=3.691 addr_random=0.545 addr_full=0.1528 correct=192
  mpx-70 cover: trials=27900000 overall=0.7500 a0_nochange=1.0000 a0_change=1.0000 a1_nochange=0.0000 a1_change=1.0000 matched_but_wrong=0
  mpx-70 acc: trials=27900000 accuracy=1.0000
  mpx-70 traj: trials=27960000 wall=7098s knowledge=0.7500 reliable=204 spec=7.00 pop=1408
  mpx-70 diag: trials=27960000 micro=3243 pop_spec=6.30 spec_max=22 q_mean=0.601 q_max=1.000 q_above_half=871 marked=0.353 mark_density=0.915 exp_mean=15026.1 addr_spec=3.746 addr_random=0.540 addr_full=0.1527 correct=192
  mpx-70 cover: trials=27960000 overall=0.7500 a0_nochange=1.0000 a0_change=1.0000 a1_nochange=0.0000 a1_change=1.0000 matched_but_wrong=0
  mpx-70 acc: trials=27960000 accuracy=1.0000
  mpx-70 traj: trials=28020000 wall=7110s knowledge=0.7500 reliable=208 spec=7.00 pop=1202
  mpx-70 diag: trials=28020000 micro=3086 pop_spec=6.32 spec_max=22 q_mean=0.617 q_max=1.000 q_above_half=762 marked=0.353 mark_density=0.915 exp_mean=17640.7 addr_spec=3.800 addr_random=0.542 addr_full=0.1739 correct=192
  mpx-70 cover: trials=28020000 overall=0.7500 a0_nochange=1.0000 a0_change=1.0000 a1_nochange=0.0000 a1_change=1.0000 matched_but_wrong=0
  mpx-70 acc: trials=28020000 accuracy=1.0000
  mpx-70 traj: trials=28080000 wall=7121s knowledge=0.7500 reliable=203 spec=7.00 pop=1359
  mpx-70 diag: trials=28080000 micro=3222 pop_spec=6.30 spec_max=22 q_mean=0.597 q_max=1.000 q_above_half=801 marked=0.358 mark_density=0.914 exp_mean=15637.9 addr_spec=3.672 addr_random=0.540 addr_full=0.1611 correct=192
  mpx-70 cover: trials=28080000 overall=0.7500 a0_nochange=1.0000 a0_change=1.0000 a1_nochange=0.0000 a1_change=1.0000 matched_but_wrong=0
  mpx-70 acc: trials=28080000 accuracy=1.0000
  mpx-70 traj: trials=28140000 wall=7133s knowledge=0.7500 reliable=208 spec=7.00 pop=1283
  mpx-70 diag: trials=28140000 micro=3166 pop_spec=6.30 spec_max=22 q_mean=0.613 q_max=1.000 q_above_half=815 marked=0.369 mark_density=0.915 exp_mean=16602.1 addr_spec=3.814 addr_random=0.540 addr_full=0.1637 correct=192
  mpx-70 cover: trials=28140000 overall=0.7500 a0_nochange=1.0000 a0_change=1.0000 a1_nochange=0.0000 a1_change=1.0000 matched_but_wrong=0
  mpx-70 acc: trials=28140000 accuracy=1.0000
  mpx-70 traj: trials=28200000 wall=7145s knowledge=0.7500 reliable=201 spec=7.00 pop=1320
  mpx-70 diag: trials=28200000 micro=3214 pop_spec=6.26 spec_max=22 q_mean=0.602 q_max=1.000 q_above_half=818 marked=0.370 mark_density=0.914 exp_mean=16172.2 addr_spec=3.578 addr_random=0.537 addr_full=0.1576 correct=192
  mpx-70 cover: trials=28200000 overall=0.7500 a0_nochange=1.0000 a0_change=1.0000 a1_nochange=0.0000 a1_change=1.0000 matched_but_wrong=0
  mpx-70 acc: trials=28200000 accuracy=1.0000
  mpx-70 traj: trials=28260000 wall=7156s knowledge=0.7500 reliable=201 spec=7.00 pop=1242
  mpx-70 diag: trials=28260000 micro=3157 pop_spec=6.35 spec_max=22 q_mean=0.609 q_max=1.000 q_above_half=757 marked=0.389 mark_density=0.914 exp_mean=17227.1 addr_spec=3.884 addr_random=0.544 addr_full=0.1659 correct=192
  mpx-70 cover: trials=28260000 overall=0.7500 a0_nochange=1.0000 a0_change=1.0000 a1_nochange=0.0000 a1_change=1.0000 matched_but_wrong=0
  mpx-70 acc: trials=28260000 accuracy=1.0000
  mpx-70 traj: trials=28320000 wall=7168s knowledge=0.7500 reliable=197 spec=7.00 pop=1333
  mpx-70 diag: trials=28320000 micro=3218 pop_spec=6.31 spec_max=22 q_mean=0.600 q_max=1.000 q_above_half=800 marked=0.346 mark_density=0.914 exp_mean=16086.5 addr_spec=3.719 addr_random=0.541 addr_full=0.1620 correct=192
  mpx-70 cover: trials=28320000 overall=0.7500 a0_nochange=1.0000 a0_change=1.0000 a1_nochange=0.0000 a1_change=1.0000 matched_but_wrong=0
  mpx-70 acc: trials=28320000 accuracy=1.0000
  mpx-70 traj: trials=28380000 wall=7179s knowledge=0.7500 reliable=202 spec=7.00 pop=1329
  mpx-70 diag: trials=28380000 micro=3190 pop_spec=6.28 spec_max=22 q_mean=0.608 q_max=1.000 q_above_half=874 marked=0.360 mark_density=0.915 exp_mean=16171.2 addr_spec=3.811 addr_random=0.538 addr_full=0.1655 correct=192
  mpx-70 cover: trials=28380000 overall=0.7500 a0_nochange=1.0000 a0_change=1.0000 a1_nochange=0.0000 a1_change=1.0000 matched_but_wrong=0
  mpx-70 acc: trials=28380000 accuracy=1.0000
  mpx-70 traj: trials=28440000 wall=7191s knowledge=0.7500 reliable=205 spec=7.00 pop=1240
  mpx-70 diag: trials=28440000 micro=3108 pop_spec=6.29 spec_max=22 q_mean=0.616 q_max=1.000 q_above_half=796 marked=0.363 mark_density=0.915 exp_mean=17370.5 addr_spec=3.929 addr_random=0.539 addr_full=0.1677 correct=192
  mpx-70 cover: trials=28440000 overall=0.7500 a0_nochange=1.0000 a0_change=1.0000 a1_nochange=0.0000 a1_change=1.0000 matched_but_wrong=0
  mpx-70 acc: trials=28440000 accuracy=1.0000
  mpx-70 traj: trials=28500000 wall=7203s knowledge=0.7500 reliable=197 spec=7.00 pop=1366
  mpx-70 diag: trials=28500000 micro=3262 pop_spec=6.29 spec_max=22 q_mean=0.605 q_max=1.000 q_above_half=868 marked=0.380 mark_density=0.915 exp_mean=15803.5 addr_spec=3.767 addr_random=0.539 addr_full=0.1574 correct=192
  mpx-70 cover: trials=28500000 overall=0.7500 a0_nochange=1.0000 a0_change=1.0000 a1_nochange=0.0000 a1_change=1.0000 matched_but_wrong=0
  mpx-70 acc: trials=28500000 accuracy=1.0000
  mpx-70 traj: trials=28560000 wall=7215s knowledge=0.7500 reliable=201 spec=7.00 pop=1358
  mpx-70 diag: trials=28560000 micro=3257 pop_spec=6.35 spec_max=22 q_mean=0.601 q_max=1.000 q_above_half=831 marked=0.348 mark_density=0.914 exp_mean=15931.6 addr_spec=3.777 addr_random=0.545 addr_full=0.1576 correct=192
  mpx-70 cover: trials=28560000 overall=0.7500 a0_nochange=1.0000 a0_change=1.0000 a1_nochange=0.0000 a1_change=1.0000 matched_but_wrong=0
  mpx-70 acc: trials=28560000 accuracy=1.0000
  mpx-70 traj: trials=28620000 wall=7227s knowledge=0.7500 reliable=207 spec=7.00 pop=1288
  mpx-70 diag: trials=28620000 micro=3128 pop_spec=6.34 spec_max=22 q_mean=0.607 q_max=1.000 q_above_half=793 marked=0.376 mark_density=0.913 exp_mean=16835.5 addr_spec=3.941 addr_random=0.544 addr_full=0.1724 correct=192
  mpx-70 cover: trials=28620000 overall=0.7500 a0_nochange=1.0000 a0_change=1.0000 a1_nochange=0.0000 a1_change=1.0000 matched_but_wrong=0
  mpx-70 acc: trials=28620000 accuracy=1.0000
  mpx-70 traj: trials=28680000 wall=7238s knowledge=0.7500 reliable=213 spec=7.00 pop=1333
  mpx-70 diag: trials=28680000 micro=3166 pop_spec=6.26 spec_max=22 q_mean=0.606 q_max=1.000 q_above_half=815 marked=0.365 mark_density=0.914 exp_mean=16303.2 addr_spec=3.629 addr_random=0.537 addr_full=0.1575 correct=192
  mpx-70 cover: trials=28680000 overall=0.7500 a0_nochange=1.0000 a0_change=1.0000 a1_nochange=0.0000 a1_change=1.0000 matched_but_wrong=0
  mpx-70 acc: trials=28680000 accuracy=1.0000
  mpx-70 traj: trials=28740000 wall=7251s knowledge=0.7500 reliable=202 spec=7.00 pop=1330
  mpx-70 diag: trials=28740000 micro=3197 pop_spec=6.25 spec_max=22 q_mean=0.601 q_max=1.000 q_above_half=772 marked=0.372 mark_density=0.915 exp_mean=16375.5 addr_spec=3.657 addr_random=0.536 addr_full=0.1571 correct=192
  mpx-70 cover: trials=28740000 overall=0.7500 a0_nochange=1.0000 a0_change=1.0000 a1_nochange=0.0000 a1_change=1.0000 matched_but_wrong=0
  mpx-70 acc: trials=28740000 accuracy=1.0000
  mpx-70 traj: trials=28800000 wall=7263s knowledge=0.7500 reliable=204 spec=7.00 pop=1277
  mpx-70 diag: trials=28800000 micro=3147 pop_spec=6.32 spec_max=22 q_mean=0.604 q_max=1.000 q_above_half=754 marked=0.410 mark_density=0.916 exp_mean=17093.3 addr_spec=3.857 addr_random=0.541 addr_full=0.1731 correct=192
  mpx-70 cover: trials=28800000 overall=0.7500 a0_nochange=1.0000 a0_change=1.0000 a1_nochange=0.0000 a1_change=1.0000 matched_but_wrong=0
  mpx-70 acc: trials=28800000 accuracy=1.0000
  mpx-70 traj: trials=28860000 wall=7275s knowledge=0.7500 reliable=208 spec=7.00 pop=1328
  mpx-70 diag: trials=28860000 micro=3209 pop_spec=6.31 spec_max=22 q_mean=0.607 q_max=1.000 q_above_half=814 marked=0.376 mark_density=0.914 exp_mean=16472.6 addr_spec=3.617 addr_random=0.541 addr_full=0.1559 correct=192
  mpx-70 cover: trials=28860000 overall=0.7500 a0_nochange=1.0000 a0_change=1.0000 a1_nochange=0.0000 a1_change=1.0000 matched_but_wrong=99
  mpx-70 acc: trials=28860000 accuracy=1.0000
  mpx-70 traj: trials=28920000 wall=7288s knowledge=0.7500 reliable=205 spec=7.00 pop=1316
  mpx-70 diag: trials=28920000 micro=3164 pop_spec=6.31 spec_max=22 q_mean=0.610 q_max=1.000 q_above_half=830 marked=0.376 mark_density=0.914 exp_mean=16660.4 addr_spec=3.666 addr_random=0.541 addr_full=0.1626 correct=192
  mpx-70 cover: trials=28920000 overall=0.7500 a0_nochange=1.0000 a0_change=1.0000 a1_nochange=0.0000 a1_change=1.0000 matched_but_wrong=0
  mpx-70 acc: trials=28920000 accuracy=1.0000
  mpx-70 traj: trials=28980000 wall=7300s knowledge=0.7462 reliable=211 spec=7.00 pop=1306
  mpx-70 diag: trials=28980000 micro=3153 pop_spec=6.34 spec_max=22 q_mean=0.612 q_max=1.000 q_above_half=829 marked=0.346 mark_density=0.914 exp_mean=16620.9 addr_spec=3.661 addr_random=0.543 addr_full=0.1623 correct=190
  mpx-70 cover: trials=28980000 overall=0.7462 a0_nochange=1.0000 a0_change=0.9848 a1_nochange=0.0000 a1_change=1.0000 matched_but_wrong=0
  mpx-70 acc: trials=28980000 accuracy=0.9987
  mpx-70 traj: trials=29040000 wall=7313s knowledge=0.7473 reliable=202 spec=7.00 pop=1372
  mpx-70 diag: trials=29040000 micro=3225 pop_spec=6.35 spec_max=22 q_mean=0.606 q_max=1.000 q_above_half=859 marked=0.374 mark_density=0.912 exp_mean=15856.0 addr_spec=3.746 addr_random=0.544 addr_full=0.1531 correct=190
  mpx-70 cover: trials=29040000 overall=0.7473 a0_nochange=1.0000 a0_change=0.9891 a1_nochange=0.0000 a1_change=1.0000 matched_but_wrong=0
  mpx-70 acc: trials=29040000 accuracy=0.9999
  mpx-70 traj: trials=29100000 wall=7325s knowledge=0.7473 reliable=205 spec=7.00 pop=1336
  mpx-70 diag: trials=29100000 micro=3155 pop_spec=6.29 spec_max=22 q_mean=0.600 q_max=1.000 q_above_half=808 marked=0.376 mark_density=0.914 exp_mean=16319.1 addr_spec=3.671 addr_random=0.539 addr_full=0.1587 correct=190
  mpx-70 cover: trials=29100000 overall=0.7473 a0_nochange=1.0000 a0_change=0.9891 a1_nochange=0.0000 a1_change=1.0000 matched_but_wrong=0
  mpx-70 acc: trials=29100000 accuracy=0.9974
  mpx-70 traj: trials=29160000 wall=7338s knowledge=0.7473 reliable=202 spec=7.00 pop=1345
  mpx-70 diag: trials=29160000 micro=3214 pop_spec=6.38 spec_max=22 q_mean=0.602 q_max=1.000 q_above_half=821 marked=0.352 mark_density=0.913 exp_mean=16245.2 addr_spec=3.543 addr_random=0.547 addr_full=0.1628 correct=190
  mpx-70 cover: trials=29160000 overall=0.7473 a0_nochange=1.0000 a0_change=0.9891 a1_nochange=0.0000 a1_change=1.0000 matched_but_wrong=0
  mpx-70 acc: trials=29160000 accuracy=0.9982
  mpx-70 traj: trials=29220000 wall=7351s knowledge=0.7462 reliable=202 spec=7.00 pop=1359
  mpx-70 diag: trials=29220000 micro=3210 pop_spec=6.30 spec_max=22 q_mean=0.600 q_max=1.000 q_above_half=840 marked=0.377 mark_density=0.914 exp_mean=16112.5 addr_spec=3.826 addr_random=0.540 addr_full=0.1611 correct=190
  mpx-70 cover: trials=29220000 overall=0.7462 a0_nochange=1.0000 a0_change=0.9848 a1_nochange=0.0000 a1_change=1.0000 matched_but_wrong=0
  mpx-70 acc: trials=29220000 accuracy=0.9990
  mpx-70 traj: trials=29280000 wall=7363s knowledge=0.7462 reliable=209 spec=7.00 pop=1356
  mpx-70 diag: trials=29280000 micro=3199 pop_spec=6.27 spec_max=22 q_mean=0.604 q_max=1.000 q_above_half=820 marked=0.348 mark_density=0.915 exp_mean=16183.7 addr_spec=3.630 addr_random=0.538 addr_full=0.1541 correct=191
  mpx-70 cover: trials=29280000 overall=0.7462 a0_nochange=1.0000 a0_change=0.9848 a1_nochange=0.0000 a1_change=1.0000 matched_but_wrong=0
  mpx-70 acc: trials=29280000 accuracy=0.9986
  mpx-70 traj: trials=29340000 wall=7376s knowledge=0.7482 reliable=203 spec=7.00 pop=1242
  mpx-70 diag: trials=29340000 micro=3146 pop_spec=6.25 spec_max=22 q_mean=0.610 q_max=1.000 q_above_half=779 marked=0.354 mark_density=0.916 exp_mean=17707.1 addr_spec=3.675 addr_random=0.536 addr_full=0.1723 correct=191
  mpx-70 cover: trials=29340000 overall=0.7482 a0_nochange=1.0000 a0_change=0.9927 a1_nochange=0.0000 a1_change=1.0000 matched_but_wrong=0
  mpx-70 acc: trials=29340000 accuracy=0.9987
  mpx-70 traj: trials=29400000 wall=7388s knowledge=0.7500 reliable=205 spec=7.00 pop=1353
  mpx-70 diag: trials=29400000 micro=3250 pop_spec=6.35 spec_max=22 q_mean=0.602 q_max=1.000 q_above_half=816 marked=0.325 mark_density=0.913 exp_mean=16290.0 addr_spec=3.762 addr_random=0.544 addr_full=0.1619 correct=192
  mpx-70 cover: trials=29400000 overall=0.7500 a0_nochange=1.0000 a0_change=1.0000 a1_nochange=0.0000 a1_change=1.0000 matched_but_wrong=0
  mpx-70 acc: trials=29400000 accuracy=1.0000
  mpx-70 traj: trials=29460000 wall=7401s knowledge=0.7500 reliable=205 spec=7.00 pop=1349
  mpx-70 diag: trials=29460000 micro=3229 pop_spec=6.34 spec_max=22 q_mean=0.599 q_max=1.000 q_above_half=783 marked=0.382 mark_density=0.914 exp_mean=16372.3 addr_spec=3.715 addr_random=0.544 addr_full=0.1616 correct=192
  mpx-70 cover: trials=29460000 overall=0.7500 a0_nochange=1.0000 a0_change=1.0000 a1_nochange=0.0000 a1_change=1.0000 matched_but_wrong=0
  mpx-70 acc: trials=29460000 accuracy=1.0000
  mpx-70 traj: trials=29520000 wall=7414s knowledge=0.7500 reliable=210 spec=7.00 pop=1195
  mpx-70 diag: trials=29520000 micro=3066 pop_spec=6.34 spec_max=22 q_mean=0.619 q_max=1.000 q_above_half=793 marked=0.341 mark_density=0.913 exp_mean=18522.6 addr_spec=3.814 addr_random=0.544 addr_full=0.1774 correct=192
  mpx-70 cover: trials=29520000 overall=0.7500 a0_nochange=1.0000 a0_change=1.0000 a1_nochange=0.0000 a1_change=1.0000 matched_but_wrong=0
  mpx-70 acc: trials=29520000 accuracy=1.0000
  mpx-70 traj: trials=29580000 wall=7426s knowledge=0.7500 reliable=207 spec=7.00 pop=1267
  mpx-70 diag: trials=29580000 micro=3127 pop_spec=6.35 spec_max=22 q_mean=0.607 q_max=1.000 q_above_half=774 marked=0.403 mark_density=0.914 exp_mean=17507.9 addr_spec=3.815 addr_random=0.544 addr_full=0.1744 correct=192
  mpx-70 cover: trials=29580000 overall=0.7500 a0_nochange=1.0000 a0_change=1.0000 a1_nochange=0.0000 a1_change=1.0000 matched_but_wrong=0
  mpx-70 acc: trials=29580000 accuracy=1.0000
  mpx-70 traj: trials=29640000 wall=7437s knowledge=0.7500 reliable=201 spec=7.00 pop=1300
  mpx-70 diag: trials=29640000 micro=3149 pop_spec=6.31 spec_max=22 q_mean=0.596 q_max=1.000 q_above_half=756 marked=0.381 mark_density=0.915 exp_mean=17099.9 addr_spec=3.582 addr_random=0.541 addr_full=0.1577 correct=192
  mpx-70 cover: trials=29640000 overall=0.7500 a0_nochange=1.0000 a0_change=1.0000 a1_nochange=0.0000 a1_change=1.0000 matched_but_wrong=0
  mpx-70 acc: trials=29640000 accuracy=1.0000
  mpx-70 traj: trials=29700000 wall=7450s knowledge=0.7500 reliable=198 spec=7.00 pop=1423
  mpx-70 diag: trials=29700000 micro=3294 pop_spec=6.36 spec_max=22 q_mean=0.597 q_max=1.000 q_above_half=850 marked=0.363 mark_density=0.914 exp_mean=15655.3 addr_spec=3.629 addr_random=0.545 addr_full=0.1511 correct=192
  mpx-70 cover: trials=29700000 overall=0.7500 a0_nochange=1.0000 a0_change=1.0000 a1_nochange=0.0000 a1_change=1.0000 matched_but_wrong=0
  mpx-70 acc: trials=29700000 accuracy=1.0000
  mpx-70 traj: trials=29760000 wall=7462s knowledge=0.7500 reliable=204 spec=7.00 pop=1257
  mpx-70 diag: trials=29760000 micro=3150 pop_spec=6.27 spec_max=22 q_mean=0.609 q_max=1.000 q_above_half=802 marked=0.365 mark_density=0.914 exp_mean=17761.4 addr_spec=3.716 addr_random=0.537 addr_full=0.1790 correct=192
  mpx-70 cover: trials=29760000 overall=0.7500 a0_nochange=1.0000 a0_change=1.0000 a1_nochange=0.0000 a1_change=1.0000 matched_but_wrong=0
  mpx-70 acc: trials=29760000 accuracy=1.0000
  mpx-70 traj: trials=29820000 wall=7474s knowledge=0.7500 reliable=205 spec=7.00 pop=1367
  mpx-70 diag: trials=29820000 micro=3245 pop_spec=6.32 spec_max=22 q_mean=0.604 q_max=1.000 q_above_half=867 marked=0.369 mark_density=0.914 exp_mean=16367.2 addr_spec=3.800 addr_random=0.541 addr_full=0.1587 correct=192
  mpx-70 cover: trials=29820000 overall=0.7500 a0_nochange=1.0000 a0_change=1.0000 a1_nochange=0.0000 a1_change=1.0000 matched_but_wrong=154
  mpx-70 acc: trials=29820000 accuracy=1.0000
  mpx-70 traj: trials=29880000 wall=7487s knowledge=0.7500 reliable=204 spec=7.00 pop=1339
  mpx-70 diag: trials=29880000 micro=3197 pop_spec=6.39 spec_max=22 q_mean=0.602 q_max=1.000 q_above_half=826 marked=0.351 mark_density=0.913 exp_mean=16745.0 addr_spec=3.795 addr_random=0.548 addr_full=0.1606 correct=192
  mpx-70 cover: trials=29880000 overall=0.7500 a0_nochange=1.0000 a0_change=1.0000 a1_nochange=0.0000 a1_change=1.0000 matched_but_wrong=0
  mpx-70 acc: trials=29880000 accuracy=1.0000
  mpx-70 traj: trials=29940000 wall=7499s knowledge=0.7479 reliable=205 spec=7.00 pop=1361
  mpx-70 diag: trials=29940000 micro=3223 pop_spec=6.35 spec_max=22 q_mean=0.607 q_max=1.000 q_above_half=850 marked=0.346 mark_density=0.914 exp_mean=16408.3 addr_spec=3.837 addr_random=0.544 addr_full=0.1572 correct=191
  mpx-70 cover: trials=29940000 overall=0.7479 a0_nochange=1.0000 a0_change=1.0000 a1_nochange=0.0000 a1_change=0.9916 matched_but_wrong=0
  mpx-70 acc: trials=29940000 accuracy=0.9983
  mpx-70 traj: trials=30000000 wall=7512s knowledge=0.7486 reliable=204 spec=7.00 pop=1331
  mpx-70 diag: trials=30000000 micro=3214 pop_spec=6.31 spec_max=22 q_mean=0.605 q_max=1.000 q_above_half=815 marked=0.376 mark_density=0.915 exp_mean=16814.5 addr_spec=3.716 addr_random=0.541 addr_full=0.1615 correct=191
  mpx-70 cover: trials=30000000 overall=0.7486 a0_nochange=1.0000 a0_change=1.0000 a1_nochange=0.0000 a1_change=0.9941 matched_but_wrong=0
  mpx-70 acc: trials=30000000 accuracy=0.9965
  mpx-70 traj: trials=30060000 wall=7525s knowledge=0.7479 reliable=201 spec=7.00 pop=1342
  mpx-70 diag: trials=30060000 micro=3217 pop_spec=6.28 spec_max=22 q_mean=0.607 q_max=1.000 q_above_half=851 marked=0.352 mark_density=0.914 exp_mean=16711.5 addr_spec=3.645 addr_random=0.539 addr_full=0.1610 correct=191
  mpx-70 cover: trials=30060000 overall=0.7479 a0_nochange=1.0000 a0_change=1.0000 a1_nochange=0.0000 a1_change=0.9916 matched_but_wrong=0
  mpx-70 acc: trials=30060000 accuracy=0.9963
  mpx-70 traj: trials=30120000 wall=7537s knowledge=0.7479 reliable=206 spec=7.00 pop=1286
  mpx-70 diag: trials=30120000 micro=3161 pop_spec=6.37 spec_max=22 q_mean=0.614 q_max=1.000 q_above_half=842 marked=0.318 mark_density=0.913 exp_mean=17476.8 addr_spec=3.915 addr_random=0.546 addr_full=0.1610 correct=192
  mpx-70 cover: trials=30120000 overall=0.7479 a0_nochange=1.0000 a0_change=1.0000 a1_nochange=0.0000 a1_change=0.9916 matched_but_wrong=0
  mpx-70 acc: trials=30120000 accuracy=1.0000
  mpx-70 traj: trials=30180000 wall=7550s knowledge=0.7500 reliable=205 spec=7.00 pop=1388
  mpx-70 diag: trials=30180000 micro=3270 pop_spec=6.38 spec_max=22 q_mean=0.604 q_max=1.000 q_above_half=869 marked=0.341 mark_density=0.913 exp_mean=16226.3 addr_spec=3.754 addr_random=0.547 addr_full=0.1585 correct=192
  mpx-70 cover: trials=30180000 overall=0.7500 a0_nochange=1.0000 a0_change=1.0000 a1_nochange=0.0000 a1_change=1.0000 matched_but_wrong=0
  mpx-70 acc: trials=30180000 accuracy=1.0000
  mpx-70 traj: trials=30240000 wall=7562s knowledge=0.7500 reliable=208 spec=7.00 pop=1247
  mpx-70 diag: trials=30240000 micro=3099 pop_spec=6.38 spec_max=22 q_mean=0.612 q_max=1.000 q_above_half=780 marked=0.353 mark_density=0.913 exp_mean=18099.6 addr_spec=3.816 addr_random=0.547 addr_full=0.1764 correct=192
  mpx-70 cover: trials=30240000 overall=0.7500 a0_nochange=1.0000 a0_change=1.0000 a1_nochange=0.0000 a1_change=1.0000 matched_but_wrong=44
  mpx-70 acc: trials=30240000 accuracy=1.0000
  mpx-70 traj: trials=30300000 wall=7575s knowledge=0.7500 reliable=204 spec=7.00 pop=1241
  mpx-70 diag: trials=30300000 micro=3101 pop_spec=6.34 spec_max=22 q_mean=0.611 q_max=1.000 q_above_half=794 marked=0.338 mark_density=0.913 exp_mean=18226.1 addr_spec=3.755 addr_random=0.543 addr_full=0.1741 correct=192
  mpx-70 cover: trials=30300000 overall=0.7500 a0_nochange=1.0000 a0_change=1.0000 a1_nochange=0.0000 a1_change=1.0000 matched_but_wrong=0
  mpx-70 acc: trials=30300000 accuracy=1.0000
  mpx-70 traj: trials=30360000 wall=7587s knowledge=0.7500 reliable=201 spec=7.00 pop=1346
  mpx-70 diag: trials=30360000 micro=3207 pop_spec=6.35 spec_max=22 q_mean=0.604 q_max=1.000 q_above_half=857 marked=0.359 mark_density=0.913 exp_mean=16839.5 addr_spec=3.739 addr_random=0.544 addr_full=0.1560 correct=192
  mpx-70 cover: trials=30360000 overall=0.7500 a0_nochange=1.0000 a0_change=1.0000 a1_nochange=0.0000 a1_change=1.0000 matched_but_wrong=0
  mpx-70 acc: trials=30360000 accuracy=1.0000
  mpx-70 traj: trials=30420000 wall=7599s knowledge=0.7500 reliable=200 spec=7.00 pop=1311
  mpx-70 diag: trials=30420000 micro=3202 pop_spec=6.34 spec_max=22 q_mean=0.607 q_max=1.000 q_above_half=822 marked=0.344 mark_density=0.914 exp_mean=17325.6 addr_spec=3.731 addr_random=0.544 addr_full=0.1617 correct=192
  mpx-70 cover: trials=30420000 overall=0.7500 a0_nochange=1.0000 a0_change=1.0000 a1_nochange=0.0000 a1_change=1.0000 matched_but_wrong=0
  mpx-70 acc: trials=30420000 accuracy=1.0000
  mpx-70 traj: trials=30480000 wall=7612s knowledge=0.7500 reliable=205 spec=7.00 pop=1271
  mpx-70 diag: trials=30480000 micro=3162 pop_spec=6.32 spec_max=22 q_mean=0.605 q_max=1.000 q_above_half=743 marked=0.345 mark_density=0.914 exp_mean=17908.7 addr_spec=3.710 addr_random=0.542 addr_full=0.1723 correct=192
  mpx-70 cover: trials=30480000 overall=0.7500 a0_nochange=1.0000 a0_change=1.0000 a1_nochange=0.0000 a1_change=1.0000 matched_but_wrong=0
  mpx-70 acc: trials=30480000 accuracy=1.0000
  mpx-70 traj: trials=30540000 wall=7624s knowledge=0.7500 reliable=198 spec=6.99 pop=1263
  mpx-70 diag: trials=30540000 micro=3169 pop_spec=6.34 spec_max=22 q_mean=0.607 q_max=1.000 q_above_half=774 marked=0.396 mark_density=0.914 exp_mean=18059.3 addr_spec=3.862 addr_random=0.544 addr_full=0.1726 correct=192
  mpx-70 cover: trials=30540000 overall=0.7500 a0_nochange=1.0000 a0_change=1.0000 a1_nochange=0.0000 a1_change=1.0000 matched_but_wrong=198
  mpx-70 acc: trials=30540000 accuracy=1.0000
  mpx-70 traj: trials=30600000 wall=7635s knowledge=0.7500 reliable=201 spec=7.00 pop=1270
  mpx-70 diag: trials=30600000 micro=3188 pop_spec=6.27 spec_max=22 q_mean=0.604 q_max=1.000 q_above_half=768 marked=0.309 mark_density=0.915 exp_mean=17997.6 addr_spec=3.650 addr_random=0.538 addr_full=0.1638 correct=192
  mpx-70 cover: trials=30600000 overall=0.7500 a0_nochange=1.0000 a0_change=1.0000 a1_nochange=0.0000 a1_change=1.0000 matched_but_wrong=0
  mpx-70 acc: trials=30600000 accuracy=1.0000
  mpx-70 traj: trials=30660000 wall=7647s knowledge=0.7500 reliable=205 spec=7.00 pop=1320
  mpx-70 diag: trials=30660000 micro=3191 pop_spec=6.29 spec_max=22 q_mean=0.607 q_max=1.000 q_above_half=802 marked=0.395 mark_density=0.916 exp_mean=17352.5 addr_spec=3.643 addr_random=0.539 addr_full=0.1758 correct=192
  mpx-70 cover: trials=30660000 overall=0.7500 a0_nochange=1.0000 a0_change=1.0000 a1_nochange=0.0000 a1_change=1.0000 matched_but_wrong=178
  mpx-70 acc: trials=30660000 accuracy=1.0000
  mpx-70 traj: trials=30720000 wall=7659s knowledge=0.7500 reliable=203 spec=7.00 pop=1318
  mpx-70 diag: trials=30720000 micro=3210 pop_spec=6.26 spec_max=22 q_mean=0.609 q_max=1.000 q_above_half=871 marked=0.341 mark_density=0.915 exp_mean=17415.3 addr_spec=3.602 addr_random=0.537 addr_full=0.1639 correct=192
  mpx-70 cover: trials=30720000 overall=0.7500 a0_nochange=1.0000 a0_change=1.0000 a1_nochange=0.0000 a1_change=1.0000 matched_but_wrong=0
  mpx-70 acc: trials=30720000 accuracy=1.0000
  mpx-70 traj: trials=30780000 wall=7670s knowledge=0.7500 reliable=207 spec=7.00 pop=1358
  mpx-70 diag: trials=30780000 micro=3268 pop_spec=6.22 spec_max=22 q_mean=0.595 q_max=1.000 q_above_half=761 marked=0.409 mark_density=0.917 exp_mean=16938.3 addr_spec=3.596 addr_random=0.533 addr_full=0.1539 correct=192
  mpx-70 cover: trials=30780000 overall=0.7500 a0_nochange=1.0000 a0_change=1.0000 a1_nochange=0.0000 a1_change=1.0000 matched_but_wrong=0
  mpx-70 acc: trials=30780000 accuracy=1.0000
  mpx-70 traj: trials=30840000 wall=7682s knowledge=0.7500 reliable=203 spec=7.00 pop=1263
  mpx-70 diag: trials=30840000 micro=3113 pop_spec=6.35 spec_max=22 q_mean=0.621 q_max=1.000 q_above_half=830 marked=0.346 mark_density=0.912 exp_mean=18249.6 addr_spec=3.822 addr_random=0.544 addr_full=0.1694 correct=192
  mpx-70 cover: trials=30840000 overall=0.7500 a0_nochange=1.0000 a0_change=1.0000 a1_nochange=0.0000 a1_change=1.0000 matched_but_wrong=0
  mpx-70 acc: trials=30840000 accuracy=1.0000
  mpx-70 traj: trials=30900000 wall=7693s knowledge=0.7500 reliable=209 spec=7.00 pop=1266
  mpx-70 diag: trials=30900000 micro=3136 pop_spec=6.27 spec_max=22 q_mean=0.608 q_max=1.000 q_above_half=803 marked=0.366 mark_density=0.915 exp_mean=18245.4 addr_spec=3.735 addr_random=0.538 addr_full=0.1706 correct=192
  mpx-70 cover: trials=30900000 overall=0.7500 a0_nochange=1.0000 a0_change=1.0000 a1_nochange=0.0000 a1_change=1.0000 matched_but_wrong=95
  mpx-70 acc: trials=30900000 accuracy=1.0000
  mpx-70 traj: trials=30960000 wall=7705s knowledge=0.7500 reliable=204 spec=7.00 pop=1264
  mpx-70 diag: trials=30960000 micro=3156 pop_spec=6.32 spec_max=22 q_mean=0.609 q_max=1.000 q_above_half=777 marked=0.324 mark_density=0.913 exp_mean=18312.3 addr_spec=3.768 addr_random=0.542 addr_full=0.1630 correct=192
  mpx-70 cover: trials=30960000 overall=0.7500 a0_nochange=1.0000 a0_change=1.0000 a1_nochange=0.0000 a1_change=1.0000 matched_but_wrong=0
  mpx-70 acc: trials=30960000 accuracy=1.0000
  mpx-70 traj: trials=31020000 wall=7717s knowledge=0.7500 reliable=209 spec=7.00 pop=1263
  mpx-70 diag: trials=31020000 micro=3140 pop_spec=6.35 spec_max=22 q_mean=0.613 q_max=1.000 q_above_half=810 marked=0.351 mark_density=0.914 exp_mean=18364.4 addr_spec=3.926 addr_random=0.544 addr_full=0.1734 correct=192
  mpx-70 cover: trials=31020000 overall=0.7500 a0_nochange=1.0000 a0_change=1.0000 a1_nochange=0.0000 a1_change=1.0000 matched_but_wrong=0
  mpx-70 acc: trials=31020000 accuracy=1.0000
  mpx-70 traj: trials=31080000 wall=7728s knowledge=0.7480 reliable=199 spec=7.00 pop=1307
  mpx-70 diag: trials=31080000 micro=3182 pop_spec=6.27 spec_max=22 q_mean=0.608 q_max=1.000 q_above_half=812 marked=0.374 mark_density=0.915 exp_mean=17675.0 addr_spec=3.721 addr_random=0.537 addr_full=0.1683 correct=191
  mpx-70 cover: trials=31080000 overall=0.7480 a0_nochange=1.0000 a0_change=1.0000 a1_nochange=0.0000 a1_change=0.9919 matched_but_wrong=0
  mpx-70 acc: trials=31080000 accuracy=0.9974
  mpx-70 traj: trials=31140000 wall=7740s knowledge=0.7481 reliable=210 spec=7.00 pop=1368
  mpx-70 diag: trials=31140000 micro=3213 pop_spec=6.35 spec_max=22 q_mean=0.603 q_max=1.000 q_above_half=817 marked=0.361 mark_density=0.913 exp_mean=16922.4 addr_spec=3.529 addr_random=0.544 addr_full=0.1572 correct=191
  mpx-70 cover: trials=31140000 overall=0.7481 a0_nochange=1.0000 a0_change=1.0000 a1_nochange=0.0000 a1_change=0.9923 matched_but_wrong=0
  mpx-70 acc: trials=31140000 accuracy=0.9999
  mpx-70 traj: trials=31200000 wall=7752s knowledge=0.7500 reliable=207 spec=7.01 pop=1313
  mpx-70 diag: trials=31200000 micro=3212 pop_spec=6.29 spec_max=22 q_mean=0.608 q_max=1.000 q_above_half=846 marked=0.321 mark_density=0.915 exp_mean=17667.4 addr_spec=3.822 addr_random=0.539 addr_full=0.1630 correct=192
  mpx-70 cover: trials=31200000 overall=0.7500 a0_nochange=1.0000 a0_change=1.0000 a1_nochange=0.0000 a1_change=1.0000 matched_but_wrong=0
  mpx-70 acc: trials=31200000 accuracy=1.0000
  mpx-70 traj: trials=31260000 wall=7764s knowledge=0.7500 reliable=204 spec=7.00 pop=1308
  mpx-70 diag: trials=31260000 micro=3150 pop_spec=6.36 spec_max=22 q_mean=0.606 q_max=1.000 q_above_half=821 marked=0.368 mark_density=0.913 exp_mean=17771.2 addr_spec=3.747 addr_random=0.545 addr_full=0.1728 correct=192
  mpx-70 cover: trials=31260000 overall=0.7500 a0_nochange=1.0000 a0_change=1.0000 a1_nochange=0.0000 a1_change=1.0000 matched_but_wrong=0
  mpx-70 acc: trials=31260000 accuracy=1.0000
  mpx-70 traj: trials=31320000 wall=7776s knowledge=0.7500 reliable=214 spec=7.00 pop=1339
  mpx-70 diag: trials=31320000 micro=3215 pop_spec=6.32 spec_max=22 q_mean=0.610 q_max=1.000 q_above_half=869 marked=0.349 mark_density=0.914 exp_mean=17396.9 addr_spec=3.774 addr_random=0.541 addr_full=0.1650 correct=192
  mpx-70 cover: trials=31320000 overall=0.7500 a0_nochange=1.0000 a0_change=1.0000 a1_nochange=0.0000 a1_change=1.0000 matched_but_wrong=96
  mpx-70 acc: trials=31320000 accuracy=1.0000
  mpx-70 traj: trials=31380000 wall=7788s knowledge=0.7500 reliable=205 spec=7.00 pop=1394
  mpx-70 diag: trials=31380000 micro=3251 pop_spec=6.30 spec_max=22 q_mean=0.606 q_max=1.000 q_above_half=861 marked=0.385 mark_density=0.914 exp_mean=16744.1 addr_spec=3.669 addr_random=0.540 addr_full=0.1521 correct=192
  mpx-70 cover: trials=31380000 overall=0.7500 a0_nochange=1.0000 a0_change=1.0000 a1_nochange=0.0000 a1_change=1.0000 matched_but_wrong=0
  mpx-70 acc: trials=31380000 accuracy=1.0000
  mpx-70 traj: trials=31440000 wall=7800s knowledge=0.7500 reliable=210 spec=7.00 pop=1251
  mpx-70 diag: trials=31440000 micro=3137 pop_spec=6.36 spec_max=22 q_mean=0.616 q_max=1.000 q_above_half=832 marked=0.337 mark_density=0.913 exp_mean=18696.8 addr_spec=3.566 addr_random=0.545 addr_full=0.1679 correct=192
  mpx-70 cover: trials=31440000 overall=0.7500 a0_nochange=1.0000 a0_change=1.0000 a1_nochange=0.0000 a1_change=1.0000 matched_but_wrong=0
  mpx-70 acc: trials=31440000 accuracy=1.0000
  mpx-70 traj: trials=31500000 wall=7812s knowledge=0.7500 reliable=199 spec=7.00 pop=1296
  mpx-70 diag: trials=31500000 micro=3146 pop_spec=6.31 spec_max=22 q_mean=0.610 q_max=1.000 q_above_half=836 marked=0.367 mark_density=0.915 exp_mean=18083.9 addr_spec=3.789 addr_random=0.541 addr_full=0.1674 correct=192
  mpx-70 cover: trials=31500000 overall=0.7500 a0_nochange=1.0000 a0_change=1.0000 a1_nochange=0.0000 a1_change=1.0000 matched_but_wrong=0
  mpx-70 acc: trials=31500000 accuracy=1.0000
  mpx-70 traj: trials=31560000 wall=7825s knowledge=0.7500 reliable=210 spec=7.00 pop=1354
  mpx-70 diag: trials=31560000 micro=3232 pop_spec=6.30 spec_max=22 q_mean=0.605 q_max=1.000 q_above_half=818 marked=0.374 mark_density=0.914 exp_mean=17345.8 addr_spec=3.621 addr_random=0.540 addr_full=0.1558 correct=192
  mpx-70 cover: trials=31560000 overall=0.7500 a0_nochange=1.0000 a0_change=1.0000 a1_nochange=0.0000 a1_change=1.0000 matched_but_wrong=0
  mpx-70 acc: trials=31560000 accuracy=1.0000
  mpx-70 traj: trials=31620000 wall=7837s knowledge=0.7500 reliable=202 spec=7.00 pop=1315
  mpx-70 diag: trials=31620000 micro=3190 pop_spec=6.37 spec_max=22 q_mean=0.603 q_max=1.000 q_above_half=776 marked=0.403 mark_density=0.914 exp_mean=17895.5 addr_spec=3.700 addr_random=0.546 addr_full=0.1620 correct=192
  mpx-70 cover: trials=31620000 overall=0.7500 a0_nochange=1.0000 a0_change=1.0000 a1_nochange=0.0000 a1_change=1.0000 matched_but_wrong=0
  mpx-70 acc: trials=31620000 accuracy=1.0000
  mpx-70 traj: trials=31680000 wall=7850s knowledge=0.7500 reliable=199 spec=7.00 pop=1289
  mpx-70 diag: trials=31680000 micro=3167 pop_spec=6.34 spec_max=22 q_mean=0.603 q_max=1.000 q_above_half=799 marked=0.362 mark_density=0.913 exp_mean=18293.2 addr_spec=3.693 addr_random=0.543 addr_full=0.1699 correct=192
  mpx-70 cover: trials=31680000 overall=0.7500 a0_nochange=1.0000 a0_change=1.0000 a1_nochange=0.0000 a1_change=1.0000 matched_but_wrong=0
  mpx-70 acc: trials=31680000 accuracy=1.0000
  mpx-70 traj: trials=31740000 wall=7862s knowledge=0.7500 reliable=202 spec=7.00 pop=1263
  mpx-70 diag: trials=31740000 micro=3139 pop_spec=6.36 spec_max=21 q_mean=0.616 q_max=1.000 q_above_half=833 marked=0.337 mark_density=0.913 exp_mean=18707.8 addr_spec=3.886 addr_random=0.545 addr_full=0.1774 correct=192
  mpx-70 cover: trials=31740000 overall=0.7500 a0_nochange=1.0000 a0_change=1.0000 a1_nochange=0.0000 a1_change=1.0000 matched_but_wrong=0
  mpx-70 acc: trials=31740000 accuracy=1.0000
  mpx-70 traj: trials=31800000 wall=7875s knowledge=0.7500 reliable=205 spec=7.00 pop=1282
  mpx-70 diag: trials=31800000 micro=3174 pop_spec=6.36 spec_max=21 q_mean=0.607 q_max=1.000 q_above_half=795 marked=0.366 mark_density=0.913 exp_mean=18468.1 addr_spec=3.770 addr_random=0.546 addr_full=0.1661 correct=192
  mpx-70 cover: trials=31800000 overall=0.7500 a0_nochange=1.0000 a0_change=1.0000 a1_nochange=0.0000 a1_change=1.0000 matched_but_wrong=0
  mpx-70 acc: trials=31800000 accuracy=1.0000
  mpx-70 traj: trials=31860000 wall=7887s knowledge=0.7500 reliable=202 spec=7.00 pop=1290
  mpx-70 diag: trials=31860000 micro=3172 pop_spec=6.29 spec_max=21 q_mean=0.610 q_max=1.000 q_above_half=844 marked=0.338 mark_density=0.913 exp_mean=18391.3 addr_spec=3.903 addr_random=0.539 addr_full=0.1698 correct=192
  mpx-70 cover: trials=31860000 overall=0.7500 a0_nochange=1.0000 a0_change=1.0000 a1_nochange=0.0000 a1_change=1.0000 matched_but_wrong=0
  mpx-70 acc: trials=31860000 accuracy=1.0000
  mpx-70 traj: trials=31920000 wall=7899s knowledge=0.7500 reliable=203 spec=7.00 pop=1314
  mpx-70 diag: trials=31920000 micro=3188 pop_spec=6.25 spec_max=21 q_mean=0.602 q_max=1.000 q_above_half=798 marked=0.365 mark_density=0.915 exp_mean=18091.4 addr_spec=3.705 addr_random=0.536 addr_full=0.1689 correct=192
  mpx-70 cover: trials=31920000 overall=0.7500 a0_nochange=1.0000 a0_change=1.0000 a1_nochange=0.0000 a1_change=1.0000 matched_but_wrong=0
  mpx-70 acc: trials=31920000 accuracy=1.0000
  mpx-70 traj: trials=31980000 wall=7912s knowledge=0.7500 reliable=211 spec=7.00 pop=1296
  mpx-70 diag: trials=31980000 micro=3183 pop_spec=6.28 spec_max=21 q_mean=0.614 q_max=1.000 q_above_half=841 marked=0.386 mark_density=0.915 exp_mean=18381.1 addr_spec=3.760 addr_random=0.538 addr_full=0.1613 correct=192
  mpx-70 cover: trials=31980000 overall=0.7500 a0_nochange=1.0000 a0_change=1.0000 a1_nochange=0.0000 a1_change=1.0000 matched_but_wrong=153
  mpx-70 acc: trials=31980000 accuracy=1.0000
  mpx-70 traj: trials=32040000 wall=7924s knowledge=0.7500 reliable=205 spec=7.00 pop=1370
  mpx-70 diag: trials=32040000 micro=3290 pop_spec=6.29 spec_max=21 q_mean=0.603 q_max=1.000 q_above_half=829 marked=0.379 mark_density=0.915 exp_mean=17423.0 addr_spec=3.759 addr_random=0.539 addr_full=0.1606 correct=192
  mpx-70 cover: trials=32040000 overall=0.7500 a0_nochange=1.0000 a0_change=1.0000 a1_nochange=0.0000 a1_change=1.0000 matched_but_wrong=0
  mpx-70 acc: trials=32040000 accuracy=1.0000
  mpx-70 traj: trials=32100000 wall=7936s knowledge=0.7500 reliable=205 spec=7.00 pop=1328
  mpx-70 diag: trials=32100000 micro=3249 pop_spec=6.32 spec_max=21 q_mean=0.616 q_max=1.000 q_above_half=892 marked=0.331 mark_density=0.912 exp_mean=18009.2 addr_spec=3.701 addr_random=0.542 addr_full=0.1634 correct=192
  mpx-70 cover: trials=32100000 overall=0.7500 a0_nochange=1.0000 a0_change=1.0000 a1_nochange=0.0000 a1_change=1.0000 matched_but_wrong=0
  mpx-70 acc: trials=32100000 accuracy=1.0000
  mpx-70 traj: trials=32160000 wall=7949s knowledge=0.7500 reliable=200 spec=7.00 pop=1186
  mpx-70 diag: trials=32160000 micro=3090 pop_spec=6.28 spec_max=21 q_mean=0.611 q_max=1.000 q_above_half=738 marked=0.337 mark_density=0.915 exp_mean=20205.0 addr_spec=3.735 addr_random=0.538 addr_full=0.1863 correct=192
  mpx-70 cover: trials=32160000 overall=0.7500 a0_nochange=1.0000 a0_change=1.0000 a1_nochange=0.0000 a1_change=1.0000 matched_but_wrong=0
  mpx-70 acc: trials=32160000 accuracy=1.0000
  mpx-70 traj: trials=32220000 wall=7960s knowledge=0.7500 reliable=200 spec=7.00 pop=1346
  mpx-70 diag: trials=32220000 micro=3241 pop_spec=6.36 spec_max=21 q_mean=0.606 q_max=1.000 q_above_half=848 marked=0.363 mark_density=0.913 exp_mean=17839.4 addr_spec=3.840 addr_random=0.545 addr_full=0.1590 correct=192
  mpx-70 cover: trials=32220000 overall=0.7500 a0_nochange=1.0000 a0_change=1.0000 a1_nochange=0.0000 a1_change=1.0000 matched_but_wrong=0
  mpx-70 acc: trials=32220000 accuracy=1.0000
  mpx-70 traj: trials=32280000 wall=7972s knowledge=0.7500 reliable=206 spec=7.00 pop=1284
  mpx-70 diag: trials=32280000 micro=3151 pop_spec=6.32 spec_max=21 q_mean=0.613 q_max=1.000 q_above_half=812 marked=0.339 mark_density=0.914 exp_mean=18738.5 addr_spec=3.913 addr_random=0.542 addr_full=0.1706 correct=192
  mpx-70 cover: trials=32280000 overall=0.7500 a0_nochange=1.0000 a0_change=1.0000 a1_nochange=0.0000 a1_change=1.0000 matched_but_wrong=0
  mpx-70 acc: trials=32280000 accuracy=1.0000
  mpx-70 traj: trials=32340000 wall=7983s knowledge=0.7500 reliable=197 spec=7.00 pop=1332
  mpx-70 diag: trials=32340000 micro=3249 pop_spec=6.29 spec_max=21 q_mean=0.602 q_max=1.000 q_above_half=829 marked=0.362 mark_density=0.914 exp_mean=18098.3 addr_spec=3.790 addr_random=0.539 addr_full=0.1614 correct=192
  mpx-70 cover: trials=32340000 overall=0.7500 a0_nochange=1.0000 a0_change=1.0000 a1_nochange=0.0000 a1_change=1.0000 matched_but_wrong=0
  mpx-70 acc: trials=32340000 accuracy=1.0000
  mpx-70 traj: trials=32400000 wall=7995s knowledge=0.7500 reliable=205 spec=7.00 pop=1321
  mpx-70 diag: trials=32400000 micro=3207 pop_spec=6.25 spec_max=21 q_mean=0.601 q_max=1.000 q_above_half=799 marked=0.384 mark_density=0.915 exp_mean=18286.4 addr_spec=3.774 addr_random=0.536 addr_full=0.1665 correct=192
  mpx-70 cover: trials=32400000 overall=0.7500 a0_nochange=1.0000 a0_change=1.0000 a1_nochange=0.0000 a1_change=1.0000 matched_but_wrong=0
  mpx-70 acc: trials=32400000 accuracy=1.0000
  mpx-70 traj: trials=32460000 wall=8007s knowledge=0.7500 reliable=209 spec=7.00 pop=1253
  mpx-70 diag: trials=32460000 micro=3133 pop_spec=6.28 spec_max=21 q_mean=0.608 q_max=1.000 q_above_half=793 marked=0.338 mark_density=0.915 exp_mean=19316.7 addr_spec=3.806 addr_random=0.538 addr_full=0.1716 correct=192
  mpx-70 cover: trials=32460000 overall=0.7500 a0_nochange=1.0000 a0_change=1.0000 a1_nochange=0.0000 a1_change=1.0000 matched_but_wrong=0
  mpx-70 acc: trials=32460000 accuracy=1.0000
  mpx-70 traj: trials=32520000 wall=8018s knowledge=0.7500 reliable=204 spec=7.00 pop=1299
  mpx-70 diag: trials=32520000 micro=3180 pop_spec=6.38 spec_max=21 q_mean=0.617 q_max=1.000 q_above_half=858 marked=0.336 mark_density=0.912 exp_mean=18669.7 addr_spec=3.803 addr_random=0.547 addr_full=0.1717 correct=192
  mpx-70 cover: trials=32520000 overall=0.7500 a0_nochange=1.0000 a0_change=1.0000 a1_nochange=0.0000 a1_change=1.0000 matched_but_wrong=0
  mpx-70 acc: trials=32520000 accuracy=1.0000
  mpx-70 traj: trials=32580000 wall=8030s knowledge=0.7500 reliable=202 spec=7.00 pop=1360
  mpx-70 diag: trials=32580000 micro=3198 pop_spec=6.27 spec_max=21 q_mean=0.604 q_max=1.000 q_above_half=846 marked=0.388 mark_density=0.915 exp_mean=17867.6 addr_spec=3.650 addr_random=0.538 addr_full=0.1574 correct=192
  mpx-70 cover: trials=32580000 overall=0.7500 a0_nochange=1.0000 a0_change=1.0000 a1_nochange=0.0000 a1_change=1.0000 matched_but_wrong=0
  mpx-70 acc: trials=32580000 accuracy=1.0000
  mpx-70 traj: trials=32640000 wall=8041s knowledge=0.7500 reliable=202 spec=7.00 pop=1264
  mpx-70 diag: trials=32640000 micro=3183 pop_spec=6.31 spec_max=21 q_mean=0.606 q_max=1.000 q_above_half=784 marked=0.352 mark_density=0.914 exp_mean=19262.1 addr_spec=3.729 addr_random=0.541 addr_full=0.1653 correct=192
  mpx-70 cover: trials=32640000 overall=0.7500 a0_nochange=1.0000 a0_change=1.0000 a1_nochange=0.0000 a1_change=1.0000 matched_but_wrong=0
  mpx-70 acc: trials=32640000 accuracy=1.0000
  mpx-70 traj: trials=32700000 wall=8053s knowledge=0.7500 reliable=198 spec=7.00 pop=1260
  mpx-70 diag: trials=32700000 micro=3148 pop_spec=6.34 spec_max=21 q_mean=0.606 q_max=1.000 q_above_half=798 marked=0.359 mark_density=0.913 exp_mean=19360.8 addr_spec=3.790 addr_random=0.544 addr_full=0.1698 correct=192
  mpx-70 cover: trials=32700000 overall=0.7500 a0_nochange=1.0000 a0_change=1.0000 a1_nochange=0.0000 a1_change=1.0000 matched_but_wrong=0
  mpx-70 acc: trials=32700000 accuracy=1.0000
  mpx-70 traj: trials=32760000 wall=8064s knowledge=0.7500 reliable=201 spec=7.00 pop=1364
  mpx-70 diag: trials=32760000 micro=3265 pop_spec=6.23 spec_max=21 q_mean=0.597 q_max=1.000 q_above_half=792 marked=0.378 mark_density=0.916 exp_mean=17920.7 addr_spec=3.575 addr_random=0.534 addr_full=0.1628 correct=192
  mpx-70 cover: trials=32760000 overall=0.7500 a0_nochange=1.0000 a0_change=1.0000 a1_nochange=0.0000 a1_change=1.0000 matched_but_wrong=0
  mpx-70 acc: trials=32760000 accuracy=1.0000
  mpx-70 traj: trials=32820000 wall=8076s knowledge=0.7500 reliable=211 spec=7.00 pop=1396
  mpx-70 diag: trials=32820000 micro=3258 pop_spec=6.17 spec_max=21 q_mean=0.602 q_max=1.000 q_above_half=857 marked=0.355 mark_density=0.916 exp_mean=17545.1 addr_spec=3.626 addr_random=0.529 addr_full=0.1519 correct=192
  mpx-70 cover: trials=32820000 overall=0.7500 a0_nochange=1.0000 a0_change=1.0000 a1_nochange=0.0000 a1_change=1.0000 matched_but_wrong=0
  mpx-70 acc: trials=32820000 accuracy=1.0000
  mpx-70 traj: trials=32880000 wall=8088s knowledge=0.7500 reliable=199 spec=7.00 pop=1275
  mpx-70 diag: trials=32880000 micro=3137 pop_spec=6.27 spec_max=21 q_mean=0.606 q_max=1.000 q_above_half=807 marked=0.372 mark_density=0.914 exp_mean=19247.0 addr_spec=3.664 addr_random=0.538 addr_full=0.1647 correct=192
  mpx-70 cover: trials=32880000 overall=0.7500 a0_nochange=1.0000 a0_change=1.0000 a1_nochange=0.0000 a1_change=1.0000 matched_but_wrong=0
  mpx-70 acc: trials=32880000 accuracy=1.0000
  mpx-70 traj: trials=32940000 wall=8100s knowledge=0.7500 reliable=201 spec=7.00 pop=1301
  mpx-70 diag: trials=32940000 micro=3173 pop_spec=6.31 spec_max=21 q_mean=0.606 q_max=1.000 q_above_half=807 marked=0.334 mark_density=0.913 exp_mean=18899.3 addr_spec=3.844 addr_random=0.541 addr_full=0.1653 correct=192
  mpx-70 cover: trials=32940000 overall=0.7500 a0_nochange=1.0000 a0_change=1.0000 a1_nochange=0.0000 a1_change=1.0000 matched_but_wrong=0
  mpx-70 acc: trials=32940000 accuracy=1.0000
  mpx-70 traj: trials=33000000 wall=8111s knowledge=0.7500 reliable=203 spec=7.00 pop=1406
  mpx-70 diag: trials=33000000 micro=3267 pop_spec=6.31 spec_max=21 q_mean=0.601 q_max=1.000 q_above_half=868 marked=0.319 mark_density=0.914 exp_mean=17522.1 addr_spec=3.746 addr_random=0.541 addr_full=0.1550 correct=192
  mpx-70 cover: trials=33000000 overall=0.7500 a0_nochange=1.0000 a0_change=1.0000 a1_nochange=0.0000 a1_change=1.0000 matched_but_wrong=0
  mpx-70 acc: trials=33000000 accuracy=1.0000
  mpx-70 traj: trials=33060000 wall=8123s knowledge=0.7500 reliable=202 spec=7.00 pop=1318
  mpx-70 diag: trials=33060000 micro=3203 pop_spec=6.33 spec_max=21 q_mean=0.603 q_max=1.000 q_above_half=823 marked=0.345 mark_density=0.913 exp_mean=18728.2 addr_spec=3.929 addr_random=0.542 addr_full=0.1737 correct=192
  mpx-70 cover: trials=33060000 overall=0.7500 a0_nochange=1.0000 a0_change=1.0000 a1_nochange=0.0000 a1_change=1.0000 matched_but_wrong=0
  mpx-70 acc: trials=33060000 accuracy=1.0000
  mpx-70 traj: trials=33120000 wall=8135s knowledge=0.7500 reliable=204 spec=7.00 pop=1331
  mpx-70 diag: trials=33120000 micro=3207 pop_spec=6.31 spec_max=21 q_mean=0.598 q_max=1.000 q_above_half=829 marked=0.368 mark_density=0.914 exp_mean=18581.4 addr_spec=3.632 addr_random=0.541 addr_full=0.1623 correct=192
  mpx-70 cover: trials=33120000 overall=0.7500 a0_nochange=1.0000 a0_change=1.0000 a1_nochange=0.0000 a1_change=1.0000 matched_but_wrong=47
  mpx-70 acc: trials=33120000 accuracy=1.0000
  mpx-70 traj: trials=33180000 wall=8148s knowledge=0.7500 reliable=206 spec=7.00 pop=1279
  mpx-70 diag: trials=33180000 micro=3185 pop_spec=6.30 spec_max=21 q_mean=0.616 q_max=1.000 q_above_half=872 marked=0.339 mark_density=0.914 exp_mean=19374.8 addr_spec=3.827 addr_random=0.540 addr_full=0.1634 correct=192
  mpx-70 cover: trials=33180000 overall=0.7500 a0_nochange=1.0000 a0_change=1.0000 a1_nochange=0.0000 a1_change=1.0000 matched_but_wrong=0
  mpx-70 acc: trials=33180000 accuracy=1.0000
  mpx-70 traj: trials=33240000 wall=8160s knowledge=0.7500 reliable=199 spec=7.00 pop=1286
  mpx-70 diag: trials=33240000 micro=3156 pop_spec=6.26 spec_max=21 q_mean=0.605 q_max=1.000 q_above_half=783 marked=0.376 mark_density=0.916 exp_mean=19306.2 addr_spec=3.708 addr_random=0.536 addr_full=0.1617 correct=192
  mpx-70 cover: trials=33240000 overall=0.7500 a0_nochange=1.0000 a0_change=1.0000 a1_nochange=0.0000 a1_change=1.0000 matched_but_wrong=0
  mpx-70 acc: trials=33240000 accuracy=1.0000
  mpx-70 traj: trials=33300000 wall=8172s knowledge=0.7500 reliable=199 spec=7.00 pop=1279
  mpx-70 diag: trials=33300000 micro=3151 pop_spec=6.31 spec_max=21 q_mean=0.604 q_max=1.000 q_above_half=769 marked=0.350 mark_density=0.913 exp_mean=19449.1 addr_spec=3.748 addr_random=0.541 addr_full=0.1681 correct=192
  mpx-70 cover: trials=33300000 overall=0.7500 a0_nochange=1.0000 a0_change=1.0000 a1_nochange=0.0000 a1_change=1.0000 matched_but_wrong=0
  mpx-70 acc: trials=33300000 accuracy=1.0000
  mpx-70 traj: trials=33360000 wall=8185s knowledge=0.7500 reliable=201 spec=7.00 pop=1308
  mpx-70 diag: trials=33360000 micro=3130 pop_spec=6.32 spec_max=21 q_mean=0.612 q_max=1.000 q_above_half=851 marked=0.352 mark_density=0.913 exp_mean=19055.2 addr_spec=3.768 addr_random=0.541 addr_full=0.1621 correct=192
  mpx-70 cover: trials=33360000 overall=0.7500 a0_nochange=1.0000 a0_change=1.0000 a1_nochange=0.0000 a1_change=1.0000 matched_but_wrong=0
  mpx-70 acc: trials=33360000 accuracy=1.0000
  mpx-70 traj: trials=33420000 wall=8198s knowledge=0.7500 reliable=206 spec=7.00 pop=1325
  mpx-70 diag: trials=33420000 micro=3213 pop_spec=6.30 spec_max=21 q_mean=0.605 q_max=1.000 q_above_half=790 marked=0.373 mark_density=0.915 exp_mean=18847.1 addr_spec=3.724 addr_random=0.540 addr_full=0.1736 correct=192
  mpx-70 cover: trials=33420000 overall=0.7500 a0_nochange=1.0000 a0_change=1.0000 a1_nochange=0.0000 a1_change=1.0000 matched_but_wrong=0
  mpx-70 acc: trials=33420000 accuracy=1.0000
  mpx-70 traj: trials=33480000 wall=8210s knowledge=0.7500 reliable=202 spec=7.00 pop=1291
  mpx-70 diag: trials=33480000 micro=3138 pop_spec=6.29 spec_max=21 q_mean=0.608 q_max=1.000 q_above_half=801 marked=0.336 mark_density=0.914 exp_mean=19380.0 addr_spec=3.743 addr_random=0.539 addr_full=0.1650 correct=192
  mpx-70 cover: trials=33480000 overall=0.7500 a0_nochange=1.0000 a0_change=1.0000 a1_nochange=0.0000 a1_change=1.0000 matched_but_wrong=0
  mpx-70 acc: trials=33480000 accuracy=1.0000
  mpx-70 traj: trials=33540000 wall=8222s knowledge=0.7500 reliable=200 spec=7.00 pop=1264
  mpx-70 diag: trials=33540000 micro=3172 pop_spec=6.33 spec_max=21 q_mean=0.610 q_max=1.000 q_above_half=818 marked=0.353 mark_density=0.913 exp_mean=19831.9 addr_spec=3.777 addr_random=0.543 addr_full=0.1756 correct=192
  mpx-70 cover: trials=33540000 overall=0.7500 a0_nochange=1.0000 a0_change=1.0000 a1_nochange=0.0000 a1_change=1.0000 matched_but_wrong=0
  mpx-70 acc: trials=33540000 accuracy=1.0000
  mpx-70 traj: trials=33600000 wall=8235s knowledge=0.7500 reliable=205 spec=7.00 pop=1355
  mpx-70 diag: trials=33600000 micro=3236 pop_spec=6.34 spec_max=21 q_mean=0.609 q_max=1.000 q_above_half=864 marked=0.331 mark_density=0.913 exp_mean=18536.1 addr_spec=3.837 addr_random=0.543 addr_full=0.1638 correct=192
  mpx-70 cover: trials=33600000 overall=0.7500 a0_nochange=1.0000 a0_change=1.0000 a1_nochange=0.0000 a1_change=1.0000 matched_but_wrong=0
  mpx-70 acc: trials=33600000 accuracy=1.0000
  mpx-70 traj: trials=33660000 wall=8247s knowledge=0.7500 reliable=202 spec=7.00 pop=1278
  mpx-70 diag: trials=33660000 micro=3149 pop_spec=6.37 spec_max=21 q_mean=0.614 q_max=1.000 q_above_half=829 marked=0.348 mark_density=0.913 exp_mean=19690.0 addr_spec=3.779 addr_random=0.546 addr_full=0.1682 correct=192
  mpx-70 cover: trials=33660000 overall=0.7500 a0_nochange=1.0000 a0_change=1.0000 a1_nochange=0.0000 a1_change=1.0000 matched_but_wrong=0
  mpx-70 acc: trials=33660000 accuracy=1.0000
  mpx-70 traj: trials=33720000 wall=8259s knowledge=0.7500 reliable=204 spec=7.00 pop=1268
  mpx-70 diag: trials=33720000 micro=3143 pop_spec=6.25 spec_max=21 q_mean=0.607 q_max=1.000 q_above_half=791 marked=0.373 mark_density=0.915 exp_mean=19883.2 addr_spec=3.776 addr_random=0.536 addr_full=0.1727 correct=192
  mpx-70 cover: trials=33720000 overall=0.7500 a0_nochange=1.0000 a0_change=1.0000 a1_nochange=0.0000 a1_change=1.0000 matched_but_wrong=0
  mpx-70 acc: trials=33720000 accuracy=1.0000
  mpx-70 traj: trials=33780000 wall=8272s knowledge=0.7500 reliable=206 spec=7.00 pop=1231
  mpx-70 diag: trials=33780000 micro=3099 pop_spec=6.32 spec_max=21 q_mean=0.614 q_max=1.000 q_above_half=780 marked=0.358 mark_density=0.914 exp_mean=20520.2 addr_spec=3.857 addr_random=0.541 addr_full=0.1722 correct=192
  mpx-70 cover: trials=33780000 overall=0.7500 a0_nochange=1.0000 a0_change=1.0000 a1_nochange=0.0000 a1_change=1.0000 matched_but_wrong=0
  mpx-70 acc: trials=33780000 accuracy=1.0000
  mpx-70 traj: trials=33840000 wall=8284s knowledge=0.7500 reliable=207 spec=7.00 pop=1307
  mpx-70 diag: trials=33840000 micro=3197 pop_spec=6.27 spec_max=21 q_mean=0.609 q_max=1.000 q_above_half=818 marked=0.389 mark_density=0.915 exp_mean=19363.9 addr_spec=3.721 addr_random=0.538 addr_full=0.1668 correct=192
  mpx-70 cover: trials=33840000 overall=0.7500 a0_nochange=1.0000 a0_change=1.0000 a1_nochange=0.0000 a1_change=1.0000 matched_but_wrong=0
  mpx-70 acc: trials=33840000 accuracy=1.0000
  mpx-70 traj: trials=33900000 wall=8296s knowledge=0.7500 reliable=205 spec=7.00 pop=1341
  mpx-70 diag: trials=33900000 micro=3171 pop_spec=6.27 spec_max=21 q_mean=0.605 q_max=1.000 q_above_half=832 marked=0.339 mark_density=0.916 exp_mean=18908.6 addr_spec=3.722 addr_random=0.538 addr_full=0.1588 correct=192
  mpx-70 cover: trials=33900000 overall=0.7500 a0_nochange=1.0000 a0_change=1.0000 a1_nochange=0.0000 a1_change=1.0000 matched_but_wrong=0
  mpx-70 acc: trials=33900000 accuracy=1.0000
  mpx-70 traj: trials=33960000 wall=8309s knowledge=0.7500 reliable=205 spec=7.00 pop=1229
  mpx-70 diag: trials=33960000 micro=3088 pop_spec=6.28 spec_max=21 q_mean=0.616 q_max=1.000 q_above_half=784 marked=0.331 mark_density=0.914 exp_mean=20670.6 addr_spec=3.712 addr_random=0.539 addr_full=0.1749 correct=192
  mpx-70 cover: trials=33960000 overall=0.7500 a0_nochange=1.0000 a0_change=1.0000 a1_nochange=0.0000 a1_change=1.0000 matched_but_wrong=0
  mpx-70 acc: trials=33960000 accuracy=1.0000
  mpx-70 traj: trials=34020000 wall=8321s knowledge=0.7500 reliable=204 spec=7.00 pop=1305
  mpx-70 diag: trials=34020000 micro=3178 pop_spec=6.38 spec_max=21 q_mean=0.616 q_max=1.000 q_above_half=864 marked=0.323 mark_density=0.913 exp_mean=19503.3 addr_spec=3.798 addr_random=0.547 addr_full=0.1640 correct=192
  mpx-70 cover: trials=34020000 overall=0.7500 a0_nochange=1.0000 a0_change=1.0000 a1_nochange=0.0000 a1_change=1.0000 matched_but_wrong=0
  mpx-70 acc: trials=34020000 accuracy=1.0000
  mpx-70 traj: trials=34080000 wall=8333s knowledge=0.7500 reliable=209 spec=7.00 pop=1301
  mpx-70 diag: trials=34080000 micro=3152 pop_spec=6.33 spec_max=21 q_mean=0.610 q_max=1.000 q_above_half=801 marked=0.348 mark_density=0.914 exp_mean=19600.6 addr_spec=3.814 addr_random=0.543 addr_full=0.1637 correct=192
  mpx-70 cover: trials=34080000 overall=0.7500 a0_nochange=1.0000 a0_change=1.0000 a1_nochange=0.0000 a1_change=1.0000 matched_but_wrong=0
  mpx-70 acc: trials=34080000 accuracy=1.0000
  mpx-70 traj: trials=34140000 wall=8345s knowledge=0.7500 reliable=204 spec=7.00 pop=1275
  mpx-70 diag: trials=34140000 micro=3175 pop_spec=6.35 spec_max=21 q_mean=0.612 q_max=1.000 q_above_half=835 marked=0.336 mark_density=0.912 exp_mean=20038.1 addr_spec=3.791 addr_random=0.545 addr_full=0.1671 correct=192
  mpx-70 cover: trials=34140000 overall=0.7500 a0_nochange=1.0000 a0_change=1.0000 a1_nochange=0.0000 a1_change=1.0000 matched_but_wrong=0
  mpx-70 acc: trials=34140000 accuracy=1.0000
  mpx-70 traj: trials=34200000 wall=8356s knowledge=0.7500 reliable=201 spec=7.00 pop=1319
  mpx-70 diag: trials=34200000 micro=3172 pop_spec=6.32 spec_max=21 q_mean=0.608 q_max=1.000 q_above_half=818 marked=0.347 mark_density=0.913 exp_mean=19405.4 addr_spec=3.748 addr_random=0.541 addr_full=0.1577 correct=192
  mpx-70 cover: trials=34200000 overall=0.7500 a0_nochange=1.0000 a0_change=1.0000 a1_nochange=0.0000 a1_change=1.0000 matched_but_wrong=0
  mpx-70 acc: trials=34200000 accuracy=1.0000
  mpx-70 traj: trials=34260000 wall=8368s knowledge=0.7500 reliable=205 spec=7.00 pop=1279
  mpx-70 diag: trials=34260000 micro=3157 pop_spec=6.36 spec_max=21 q_mean=0.609 q_max=1.000 q_above_half=797 marked=0.340 mark_density=0.913 exp_mean=20049.7 addr_spec=3.885 addr_random=0.546 addr_full=0.1650 correct=192
  mpx-70 cover: trials=34260000 overall=0.7500 a0_nochange=1.0000 a0_change=1.0000 a1_nochange=0.0000 a1_change=1.0000 matched_but_wrong=0
  mpx-70 acc: trials=34260000 accuracy=1.0000
  mpx-70 traj: trials=34320000 wall=8380s knowledge=0.7500 reliable=202 spec=7.00 pop=1311
  mpx-70 diag: trials=34320000 micro=3164 pop_spec=6.31 spec_max=21 q_mean=0.606 q_max=1.000 q_above_half=806 marked=0.365 mark_density=0.914 exp_mean=19597.4 addr_spec=3.847 addr_random=0.541 addr_full=0.1693 correct=192
  mpx-70 cover: trials=34320000 overall=0.7500 a0_nochange=1.0000 a0_change=1.0000 a1_nochange=0.0000 a1_change=1.0000 matched_but_wrong=0
  mpx-70 acc: trials=34320000 accuracy=1.0000
  mpx-70 traj: trials=34380000 wall=8392s knowledge=0.7500 reliable=202 spec=7.00 pop=1336
  mpx-70 diag: trials=34380000 micro=3194 pop_spec=6.37 spec_max=21 q_mean=0.609 q_max=1.000 q_above_half=856 marked=0.362 mark_density=0.912 exp_mean=19266.3 addr_spec=3.713 addr_random=0.546 addr_full=0.1579 correct=192
  mpx-70 cover: trials=34380000 overall=0.7500 a0_nochange=1.0000 a0_change=1.0000 a1_nochange=0.0000 a1_change=1.0000 matched_but_wrong=0
  mpx-70 acc: trials=34380000 accuracy=1.0000
  mpx-70 traj: trials=34440000 wall=8403s knowledge=0.7500 reliable=205 spec=7.00 pop=1229
  mpx-70 diag: trials=34440000 micro=3139 pop_spec=6.33 spec_max=21 q_mean=0.602 q_max=1.000 q_above_half=724 marked=0.388 mark_density=0.914 exp_mean=20982.3 addr_spec=3.763 addr_random=0.543 addr_full=0.1741 correct=192
  mpx-70 cover: trials=34440000 overall=0.7500 a0_nochange=1.0000 a0_change=1.0000 a1_nochange=0.0000 a1_change=1.0000 matched_but_wrong=0
  mpx-70 acc: trials=34440000 accuracy=1.0000
  mpx-70 traj: trials=34500000 wall=8415s knowledge=0.7500 reliable=204 spec=7.00 pop=1389
  mpx-70 diag: trials=34500000 micro=3226 pop_spec=6.35 spec_max=21 q_mean=0.607 q_max=1.000 q_above_half=905 marked=0.322 mark_density=0.913 exp_mean=18600.5 addr_spec=3.569 addr_random=0.544 addr_full=0.1497 correct=192
  mpx-70 cover: trials=34500000 overall=0.7500 a0_nochange=1.0000 a0_change=1.0000 a1_nochange=0.0000 a1_change=1.0000 matched_but_wrong=0
  mpx-70 acc: trials=34500000 accuracy=1.0000
  mpx-70 traj: trials=34560000 wall=8427s knowledge=0.7500 reliable=207 spec=7.00 pop=1207
  mpx-70 diag: trials=34560000 micro=3117 pop_spec=6.27 spec_max=21 q_mean=0.618 q_max=1.000 q_above_half=773 marked=0.332 mark_density=0.915 exp_mean=21444.6 addr_spec=3.776 addr_random=0.538 addr_full=0.1773 correct=192
  mpx-70 cover: trials=34560000 overall=0.7500 a0_nochange=1.0000 a0_change=1.0000 a1_nochange=0.0000 a1_change=1.0000 matched_but_wrong=0
  mpx-70 acc: trials=34560000 accuracy=1.0000
  mpx-70 traj: trials=34620000 wall=8438s knowledge=0.7500 reliable=206 spec=7.00 pop=1311
  mpx-70 diag: trials=34620000 micro=3169 pop_spec=6.37 spec_max=21 q_mean=0.611 q_max=1.000 q_above_half=817 marked=0.349 mark_density=0.913 exp_mean=19780.5 addr_spec=3.807 addr_random=0.546 addr_full=0.1587 correct=192
  mpx-70 cover: trials=34620000 overall=0.7500 a0_nochange=1.0000 a0_change=1.0000 a1_nochange=0.0000 a1_change=1.0000 matched_but_wrong=0
  mpx-70 acc: trials=34620000 accuracy=1.0000
  mpx-70 traj: trials=34680000 wall=8450s knowledge=0.7500 reliable=199 spec=7.00 pop=1244
  mpx-70 diag: trials=34680000 micro=3125 pop_spec=6.24 spec_max=21 q_mean=0.610 q_max=1.000 q_above_half=807 marked=0.362 mark_density=0.915 exp_mean=20884.0 addr_spec=3.622 addr_random=0.535 addr_full=0.1688 correct=192
  mpx-70 cover: trials=34680000 overall=0.7500 a0_nochange=1.0000 a0_change=1.0000 a1_nochange=0.0000 a1_change=1.0000 matched_but_wrong=0
  mpx-70 acc: trials=34680000 accuracy=1.0000
  mpx-70 traj: trials=34740000 wall=8461s knowledge=0.7500 reliable=198 spec=7.00 pop=1320
  mpx-70 diag: trials=34740000 micro=3215 pop_spec=6.25 spec_max=21 q_mean=0.598 q_max=1.000 q_above_half=785 marked=0.361 mark_density=0.915 exp_mean=19717.5 addr_spec=3.559 addr_random=0.535 addr_full=0.1659 correct=192
  mpx-70 cover: trials=34740000 overall=0.7500 a0_nochange=1.0000 a0_change=1.0000 a1_nochange=0.0000 a1_change=1.0000 matched_but_wrong=0
  mpx-70 acc: trials=34740000 accuracy=1.0000
  mpx-70 traj: trials=34800000 wall=8473s knowledge=0.7500 reliable=202 spec=7.00 pop=1327
  mpx-70 diag: trials=34800000 micro=3183 pop_spec=6.27 spec_max=21 q_mean=0.602 q_max=1.000 q_above_half=779 marked=0.366 mark_density=0.915 exp_mean=19650.4 addr_spec=3.664 addr_random=0.537 addr_full=0.1545 correct=192
  mpx-70 cover: trials=34800000 overall=0.7500 a0_nochange=1.0000 a0_change=1.0000 a1_nochange=0.0000 a1_change=1.0000 matched_but_wrong=0
  mpx-70 acc: trials=34800000 accuracy=1.0000
  mpx-70 traj: trials=34860000 wall=8485s knowledge=0.7500 reliable=208 spec=7.00 pop=1332
  mpx-70 diag: trials=34860000 micro=3188 pop_spec=6.29 spec_max=21 q_mean=0.610 q_max=1.000 q_above_half=862 marked=0.376 mark_density=0.914 exp_mean=19613.3 addr_spec=3.661 addr_random=0.539 addr_full=0.1599 correct=192
  mpx-70 cover: trials=34860000 overall=0.7500 a0_nochange=1.0000 a0_change=1.0000 a1_nochange=0.0000 a1_change=1.0000 matched_but_wrong=0
  mpx-70 acc: trials=34860000 accuracy=1.0000
  mpx-70 traj: trials=34920000 wall=8497s knowledge=0.7500 reliable=199 spec=7.00 pop=1279
  mpx-70 diag: trials=34920000 micro=3164 pop_spec=6.28 spec_max=21 q_mean=0.608 q_max=1.000 q_above_half=811 marked=0.378 mark_density=0.915 exp_mean=20462.5 addr_spec=3.809 addr_random=0.538 addr_full=0.1704 correct=192
  mpx-70 cover: trials=34920000 overall=0.7500 a0_nochange=1.0000 a0_change=1.0000 a1_nochange=0.0000 a1_change=1.0000 matched_but_wrong=0
  mpx-70 acc: trials=34920000 accuracy=1.0000
  mpx-70 traj: trials=34980000 wall=8509s knowledge=0.7500 reliable=206 spec=7.00 pop=1326
  mpx-70 diag: trials=34980000 micro=3182 pop_spec=6.25 spec_max=21 q_mean=0.598 q_max=1.000 q_above_half=790 marked=0.389 mark_density=0.916 exp_mean=19774.1 addr_spec=3.564 addr_random=0.536 addr_full=0.1591 correct=192
  mpx-70 cover: trials=34980000 overall=0.7500 a0_nochange=1.0000 a0_change=1.0000 a1_nochange=0.0000 a1_change=1.0000 matched_but_wrong=0
  mpx-70 acc: trials=34980000 accuracy=1.0000
  mpx-70 traj: trials=35040000 wall=8521s knowledge=0.7500 reliable=207 spec=7.00 pop=1266
  mpx-70 diag: trials=35040000 micro=3168 pop_spec=6.33 spec_max=21 q_mean=0.614 q_max=1.000 q_above_half=825 marked=0.353 mark_density=0.913 exp_mean=20749.3 addr_spec=3.821 addr_random=0.543 addr_full=0.1690 correct=192
  mpx-70 cover: trials=35040000 overall=0.7500 a0_nochange=1.0000 a0_change=1.0000 a1_nochange=0.0000 a1_change=1.0000 matched_but_wrong=0
  mpx-70 acc: trials=35040000 accuracy=1.0000
  mpx-70 traj: trials=35100000 wall=8533s knowledge=0.7500 reliable=208 spec=7.00 pop=1416
  mpx-70 diag: trials=35100000 micro=3276 pop_spec=6.29 spec_max=21 q_mean=0.598 q_max=1.000 q_above_half=828 marked=0.397 mark_density=0.914 exp_mean=18585.5 addr_spec=3.585 addr_random=0.539 addr_full=0.1455 correct=192
  mpx-70 cover: trials=35100000 overall=0.7500 a0_nochange=1.0000 a0_change=1.0000 a1_nochange=0.0000 a1_change=1.0000 matched_but_wrong=0
  mpx-70 acc: trials=35100000 accuracy=1.0000
  mpx-70 traj: trials=35160000 wall=8546s knowledge=0.7500 reliable=203 spec=7.00 pop=1310
  mpx-70 diag: trials=35160000 micro=3170 pop_spec=6.28 spec_max=21 q_mean=0.602 q_max=1.000 q_above_half=807 marked=0.335 mark_density=0.914 exp_mean=20125.2 addr_spec=3.752 addr_random=0.538 addr_full=0.1641 correct=192
  mpx-70 cover: trials=35160000 overall=0.7500 a0_nochange=1.0000 a0_change=1.0000 a1_nochange=0.0000 a1_change=1.0000 matched_but_wrong=0
  mpx-70 acc: trials=35160000 accuracy=1.0000
  mpx-70 traj: trials=35220000 wall=8558s knowledge=0.7500 reliable=204 spec=7.00 pop=1309
  mpx-70 diag: trials=35220000 micro=3204 pop_spec=6.29 spec_max=21 q_mean=0.607 q_max=1.000 q_above_half=822 marked=0.362 mark_density=0.914 exp_mean=20177.5 addr_spec=3.773 addr_random=0.539 addr_full=0.1627 correct=192
  mpx-70 cover: trials=35220000 overall=0.7500 a0_nochange=1.0000 a0_change=1.0000 a1_nochange=0.0000 a1_change=1.0000 matched_but_wrong=0
  mpx-70 acc: trials=35220000 accuracy=1.0000
  mpx-70 traj: trials=35280000 wall=8571s knowledge=0.7500 reliable=206 spec=7.00 pop=1345
  mpx-70 diag: trials=35280000 micro=3238 pop_spec=6.27 spec_max=21 q_mean=0.602 q_max=1.000 q_above_half=828 marked=0.363 mark_density=0.915 exp_mean=19672.9 addr_spec=3.538 addr_random=0.538 addr_full=0.1621 correct=192
  mpx-70 cover: trials=35280000 overall=0.7500 a0_nochange=1.0000 a0_change=1.0000 a1_nochange=0.0000 a1_change=1.0000 matched_but_wrong=0
  mpx-70 acc: trials=35280000 accuracy=1.0000
  mpx-70 traj: trials=35340000 wall=8584s knowledge=0.7500 reliable=204 spec=7.00 pop=1299
  mpx-70 diag: trials=35340000 micro=3174 pop_spec=6.31 spec_max=21 q_mean=0.606 q_max=1.000 q_above_half=812 marked=0.375 mark_density=0.914 exp_mean=20407.1 addr_spec=3.717 addr_random=0.541 addr_full=0.1655 correct=192
  mpx-70 cover: trials=35340000 overall=0.7500 a0_nochange=1.0000 a0_change=1.0000 a1_nochange=0.0000 a1_change=1.0000 matched_but_wrong=0
  mpx-70 acc: trials=35340000 accuracy=1.0000
  mpx-70 traj: trials=35400000 wall=8596s knowledge=0.7500 reliable=200 spec=7.00 pop=1259
  mpx-70 diag: trials=35400000 micro=3126 pop_spec=6.28 spec_max=21 q_mean=0.602 q_max=1.000 q_above_half=747 marked=0.355 mark_density=0.915 exp_mean=21092.5 addr_spec=3.611 addr_random=0.538 addr_full=0.1692 correct=192
  mpx-70 cover: trials=35400000 overall=0.7500 a0_nochange=1.0000 a0_change=1.0000 a1_nochange=0.0000 a1_change=1.0000 matched_but_wrong=0
  mpx-70 acc: trials=35400000 accuracy=1.0000
  mpx-70 traj: trials=35460000 wall=8608s knowledge=0.7500 reliable=206 spec=7.00 pop=1345
  mpx-70 diag: trials=35460000 micro=3207 pop_spec=6.37 spec_max=21 q_mean=0.606 q_max=1.000 q_above_half=812 marked=0.352 mark_density=0.913 exp_mean=19779.9 addr_spec=3.923 addr_random=0.546 addr_full=0.1710 correct=192
  mpx-70 cover: trials=35460000 overall=0.7500 a0_nochange=1.0000 a0_change=1.0000 a1_nochange=0.0000 a1_change=1.0000 matched_but_wrong=0
  mpx-70 acc: trials=35460000 accuracy=1.0000
  mpx-70 traj: trials=35520000 wall=8621s knowledge=0.7500 reliable=199 spec=7.00 pop=1308
  mpx-70 diag: trials=35520000 micro=3188 pop_spec=6.28 spec_max=21 q_mean=0.598 q_max=1.000 q_above_half=790 marked=0.362 mark_density=0.915 exp_mean=20375.7 addr_spec=3.687 addr_random=0.538 addr_full=0.1651 correct=192
  mpx-70 cover: trials=35520000 overall=0.7500 a0_nochange=1.0000 a0_change=1.0000 a1_nochange=0.0000 a1_change=1.0000 matched_but_wrong=0
  mpx-70 acc: trials=35520000 accuracy=1.0000
  mpx-70 traj: trials=35580000 wall=8633s knowledge=0.7500 reliable=207 spec=7.00 pop=1202
  mpx-70 diag: trials=35580000 micro=3082 pop_spec=6.27 spec_max=21 q_mean=0.611 q_max=1.000 q_above_half=746 marked=0.344 mark_density=0.914 exp_mean=22212.9 addr_spec=4.002 addr_random=0.537 addr_full=0.1730 correct=192
  mpx-70 cover: trials=35580000 overall=0.7500 a0_nochange=1.0000 a0_change=1.0000 a1_nochange=0.0000 a1_change=1.0000 matched_but_wrong=137
  mpx-70 acc: trials=35580000 accuracy=1.0000
  mpx-70 traj: trials=35640000 wall=8645s knowledge=0.7500 reliable=200 spec=7.00 pop=1168
  mpx-70 diag: trials=35640000 micro=3054 pop_spec=6.29 spec_max=21 q_mean=0.617 q_max=1.000 q_above_half=740 marked=0.341 mark_density=0.914 exp_mean=22899.6 addr_spec=3.876 addr_random=0.539 addr_full=0.1875 correct=192
  mpx-70 cover: trials=35640000 overall=0.7500 a0_nochange=1.0000 a0_change=1.0000 a1_nochange=0.0000 a1_change=1.0000 matched_but_wrong=0
  mpx-70 acc: trials=35640000 accuracy=1.0000
  mpx-70 traj: trials=35700000 wall=8657s knowledge=0.7500 reliable=201 spec=7.00 pop=1314
  mpx-70 diag: trials=35700000 micro=3190 pop_spec=6.25 spec_max=21 q_mean=0.602 q_max=1.000 q_above_half=800 marked=0.372 mark_density=0.916 exp_mean=20392.2 addr_spec=3.685 addr_random=0.535 addr_full=0.1591 correct=192
  mpx-70 cover: trials=35700000 overall=0.7500 a0_nochange=1.0000 a0_change=1.0000 a1_nochange=0.0000 a1_change=1.0000 matched_but_wrong=0
  mpx-70 acc: trials=35700000 accuracy=1.0000
  mpx-70 traj: trials=35760000 wall=8670s knowledge=0.7500 reliable=204 spec=7.00 pop=1244
  mpx-70 diag: trials=35760000 micro=3108 pop_spec=6.28 spec_max=21 q_mean=0.617 q_max=1.000 q_above_half=820 marked=0.366 mark_density=0.914 exp_mean=21578.8 addr_spec=3.760 addr_random=0.538 addr_full=0.1712 correct=192
  mpx-70 cover: trials=35760000 overall=0.7500 a0_nochange=1.0000 a0_change=1.0000 a1_nochange=0.0000 a1_change=1.0000 matched_but_wrong=0
  mpx-70 acc: trials=35760000 accuracy=1.0000
  mpx-70 traj: trials=35820000 wall=8682s knowledge=0.7500 reliable=206 spec=7.00 pop=1227
  mpx-70 diag: trials=35820000 micro=3103 pop_spec=6.30 spec_max=21 q_mean=0.615 q_max=1.000 q_above_half=813 marked=0.310 mark_density=0.915 exp_mean=21916.6 addr_spec=3.771 addr_random=0.540 addr_full=0.1752 correct=192
  mpx-70 cover: trials=35820000 overall=0.7500 a0_nochange=1.0000 a0_change=1.0000 a1_nochange=0.0000 a1_change=1.0000 matched_but_wrong=0
  mpx-70 acc: trials=35820000 accuracy=1.0000
  mpx-70 traj: trials=35880000 wall=8694s knowledge=0.7500 reliable=209 spec=7.00 pop=1286
  mpx-70 diag: trials=35880000 micro=3157 pop_spec=6.25 spec_max=21 q_mean=0.610 q_max=1.000 q_above_half=830 marked=0.369 mark_density=0.916 exp_mean=20948.8 addr_spec=3.664 addr_random=0.536 addr_full=0.1633 correct=192
  mpx-70 cover: trials=35880000 overall=0.7500 a0_nochange=1.0000 a0_change=1.0000 a1_nochange=0.0000 a1_change=1.0000 matched_but_wrong=0
  mpx-70 acc: trials=35880000 accuracy=1.0000
  mpx-70 traj: trials=35940000 wall=8705s knowledge=0.7500 reliable=199 spec=7.00 pop=1240
  mpx-70 diag: trials=35940000 micro=3178 pop_spec=6.37 spec_max=21 q_mean=0.610 q_max=1.000 q_above_half=788 marked=0.327 mark_density=0.914 exp_mean=21763.6 addr_spec=3.799 addr_random=0.546 addr_full=0.1718 correct=192
  mpx-70 cover: trials=35940000 overall=0.7500 a0_nochange=1.0000 a0_change=1.0000 a1_nochange=0.0000 a1_change=1.0000 matched_but_wrong=0
  mpx-70 acc: trials=35940000 accuracy=1.0000
  mpx-70 traj: trials=36000000 wall=8717s knowledge=0.7500 reliable=207 spec=7.00 pop=1294
  mpx-70 diag: trials=36000000 micro=3142 pop_spec=6.36 spec_max=21 q_mean=0.614 q_max=1.000 q_above_half=871 marked=0.346 mark_density=0.913 exp_mean=20893.4 addr_spec=3.736 addr_random=0.545 addr_full=0.1692 correct=192
  mpx-70 cover: trials=36000000 overall=0.7500 a0_nochange=1.0000 a0_change=1.0000 a1_nochange=0.0000 a1_change=1.0000 matched_but_wrong=0
  mpx-70 acc: trials=36000000 accuracy=1.0000
  mpx-70 traj: trials=36060000 wall=8729s knowledge=0.7500 reliable=206 spec=7.00 pop=1403
  mpx-70 diag: trials=36060000 micro=3299 pop_spec=6.32 spec_max=21 q_mean=0.600 q_max=1.000 q_above_half=841 marked=0.354 mark_density=0.914 exp_mean=19304.2 addr_spec=3.633 addr_random=0.542 addr_full=0.1575 correct=192
  mpx-70 cover: trials=36060000 overall=0.7500 a0_nochange=1.0000 a0_change=1.0000 a1_nochange=0.0000 a1_change=1.0000 matched_but_wrong=0
  mpx-70 acc: trials=36060000 accuracy=1.0000
  mpx-70 traj: trials=36120000 wall=8741s knowledge=0.7500 reliable=204 spec=7.00 pop=1272
  mpx-70 diag: trials=36120000 micro=3150 pop_spec=6.29 spec_max=21 q_mean=0.618 q_max=1.000 q_above_half=840 marked=0.355 mark_density=0.914 exp_mean=21330.1 addr_spec=3.921 addr_random=0.539 addr_full=0.1651 correct=192
  mpx-70 cover: trials=36120000 overall=0.7500 a0_nochange=1.0000 a0_change=1.0000 a1_nochange=0.0000 a1_change=1.0000 matched_but_wrong=0
  mpx-70 acc: trials=36120000 accuracy=1.0000
  mpx-70 traj: trials=36180000 wall=8752s knowledge=0.7500 reliable=205 spec=7.00 pop=1344
  mpx-70 diag: trials=36180000 micro=3189 pop_spec=6.35 spec_max=21 q_mean=0.606 q_max=1.000 q_above_half=839 marked=0.392 mark_density=0.912 exp_mean=20223.2 addr_spec=3.940 addr_random=0.545 addr_full=0.1659 correct=192
  mpx-70 cover: trials=36180000 overall=0.7500 a0_nochange=1.0000 a0_change=1.0000 a1_nochange=0.0000 a1_change=1.0000 matched_but_wrong=94
  mpx-70 acc: trials=36180000 accuracy=1.0000
  mpx-70 traj: trials=36240000 wall=8764s knowledge=0.7500 reliable=204 spec=7.00 pop=1360
  mpx-70 diag: trials=36240000 micro=3187 pop_spec=6.26 spec_max=21 q_mean=0.601 q_max=1.000 q_above_half=851 marked=0.327 mark_density=0.915 exp_mean=20020.2 addr_spec=3.659 addr_random=0.537 addr_full=0.1640 correct=192
  mpx-70 cover: trials=36240000 overall=0.7500 a0_nochange=1.0000 a0_change=1.0000 a1_nochange=0.0000 a1_change=1.0000 matched_but_wrong=0
  mpx-70 acc: trials=36240000 accuracy=1.0000
  mpx-70 traj: trials=36300000 wall=8776s knowledge=0.7500 reliable=210 spec=7.00 pop=1292
  mpx-70 diag: trials=36300000 micro=3198 pop_spec=6.29 spec_max=21 q_mean=0.615 q_max=1.000 q_above_half=842 marked=0.358 mark_density=0.915 exp_mean=21110.9 addr_spec=3.750 addr_random=0.539 addr_full=0.1641 correct=192
  mpx-70 cover: trials=36300000 overall=0.7500 a0_nochange=1.0000 a0_change=1.0000 a1_nochange=0.0000 a1_change=1.0000 matched_but_wrong=0
  mpx-70 acc: trials=36300000 accuracy=1.0000
  mpx-70 traj: trials=36360000 wall=8788s knowledge=0.7500 reliable=209 spec=7.00 pop=1421
  mpx-70 diag: trials=36360000 micro=3251 pop_spec=6.29 spec_max=21 q_mean=0.604 q_max=1.000 q_above_half=917 marked=0.347 mark_density=0.915 exp_mean=19229.1 addr_spec=3.657 addr_random=0.539 addr_full=0.1527 correct=192
  mpx-70 cover: trials=36360000 overall=0.7500 a0_nochange=1.0000 a0_change=1.0000 a1_nochange=0.0000 a1_change=1.0000 matched_but_wrong=0
  mpx-70 acc: trials=36360000 accuracy=1.0000
  mpx-70 traj: trials=36420000 wall=8800s knowledge=0.7500 reliable=207 spec=7.00 pop=1261
  mpx-70 diag: trials=36420000 micro=3110 pop_spec=6.21 spec_max=21 q_mean=0.614 q_max=1.000 q_above_half=795 marked=0.345 mark_density=0.915 exp_mean=21706.2 addr_spec=3.643 addr_random=0.533 addr_full=0.1681 correct=192
  mpx-70 cover: trials=36420000 overall=0.7500 a0_nochange=1.0000 a0_change=1.0000 a1_nochange=0.0000 a1_change=1.0000 matched_but_wrong=0
  mpx-70 acc: trials=36420000 accuracy=1.0000
  mpx-70 traj: trials=36480000 wall=8811s knowledge=0.7500 reliable=201 spec=7.00 pop=1267
  mpx-70 diag: trials=36480000 micro=3159 pop_spec=6.31 spec_max=21 q_mean=0.610 q_max=1.000 q_above_half=822 marked=0.346 mark_density=0.914 exp_mean=21640.9 addr_spec=3.811 addr_random=0.541 addr_full=0.1665 correct=192
  mpx-70 cover: trials=36480000 overall=0.7500 a0_nochange=1.0000 a0_change=1.0000 a1_nochange=0.0000 a1_change=1.0000 matched_but_wrong=0
  mpx-70 acc: trials=36480000 accuracy=1.0000
  mpx-70 traj: trials=36540000 wall=8822s knowledge=0.7500 reliable=199 spec=7.00 pop=1293
  mpx-70 diag: trials=36540000 micro=3147 pop_spec=6.30 spec_max=21 q_mean=0.611 q_max=1.000 q_above_half=828 marked=0.351 mark_density=0.915 exp_mean=21242.8 addr_spec=3.585 addr_random=0.540 addr_full=0.1686 correct=192
  mpx-70 cover: trials=36540000 overall=0.7500 a0_nochange=1.0000 a0_change=1.0000 a1_nochange=0.0000 a1_change=1.0000 matched_but_wrong=0
  mpx-70 acc: trials=36540000 accuracy=1.0000
  mpx-70 traj: trials=36600000 wall=8834s knowledge=0.7500 reliable=199 spec=7.00 pop=1232
  mpx-70 diag: trials=36600000 micro=3125 pop_spec=6.25 spec_max=21 q_mean=0.614 q_max=1.000 q_above_half=785 marked=0.340 mark_density=0.916 exp_mean=22333.1 addr_spec=3.877 addr_random=0.536 addr_full=0.1721 correct=192
  mpx-70 cover: trials=36600000 overall=0.7500 a0_nochange=1.0000 a0_change=1.0000 a1_nochange=0.0000 a1_change=1.0000 matched_but_wrong=0
  mpx-70 acc: trials=36600000 accuracy=1.0000
  mpx-70 traj: trials=36660000 wall=8846s knowledge=0.7500 reliable=201 spec=7.00 pop=1296
  mpx-70 diag: trials=36660000 micro=3211 pop_spec=6.31 spec_max=21 q_mean=0.603 q_max=1.000 q_above_half=769 marked=0.323 mark_density=0.914 exp_mean=21267.5 addr_spec=3.742 addr_random=0.541 addr_full=0.1721 correct=192
  mpx-70 cover: trials=36660000 overall=0.7500 a0_nochange=1.0000 a0_change=1.0000 a1_nochange=0.0000 a1_change=1.0000 matched_but_wrong=68
  mpx-70 acc: trials=36660000 accuracy=1.0000
  mpx-70 traj: trials=36720000 wall=8857s knowledge=0.7500 reliable=200 spec=7.00 pop=1271
  mpx-70 diag: trials=36720000 micro=3161 pop_spec=6.36 spec_max=21 q_mean=0.609 q_max=1.000 q_above_half=799 marked=0.340 mark_density=0.913 exp_mean=21723.4 addr_spec=3.738 addr_random=0.545 addr_full=0.1731 correct=192
  mpx-70 cover: trials=36720000 overall=0.7500 a0_nochange=1.0000 a0_change=1.0000 a1_nochange=0.0000 a1_change=1.0000 matched_but_wrong=0
  mpx-70 acc: trials=36720000 accuracy=1.0000
  mpx-70 traj: trials=36780000 wall=8870s knowledge=0.7500 reliable=204 spec=7.00 pop=1278
  mpx-70 diag: trials=36780000 micro=3157 pop_spec=6.33 spec_max=21 q_mean=0.610 q_max=1.000 q_above_half=782 marked=0.338 mark_density=0.913 exp_mean=21642.8 addr_spec=3.860 addr_random=0.542 addr_full=0.1698 correct=192
  mpx-70 cover: trials=36780000 overall=0.7500 a0_nochange=1.0000 a0_change=1.0000 a1_nochange=0.0000 a1_change=1.0000 matched_but_wrong=0
  mpx-70 acc: trials=36780000 accuracy=1.0000
  mpx-70 traj: trials=36840000 wall=8881s knowledge=0.7500 reliable=209 spec=7.00 pop=1266
  mpx-70 diag: trials=36840000 micro=3187 pop_spec=6.30 spec_max=21 q_mean=0.615 q_max=1.000 q_above_half=816 marked=0.329 mark_density=0.915 exp_mean=21885.9 addr_spec=3.848 addr_random=0.540 addr_full=0.1777 correct=192
  mpx-70 cover: trials=36840000 overall=0.7500 a0_nochange=1.0000 a0_change=1.0000 a1_nochange=0.0000 a1_change=1.0000 matched_but_wrong=0
  mpx-70 acc: trials=36840000 accuracy=1.0000
  mpx-70 traj: trials=36900000 wall=8894s knowledge=0.7500 reliable=205 spec=7.00 pop=1255
  mpx-70 diag: trials=36900000 micro=3131 pop_spec=6.32 spec_max=21 q_mean=0.610 q_max=1.000 q_above_half=804 marked=0.337 mark_density=0.913 exp_mean=22115.7 addr_spec=3.851 addr_random=0.542 addr_full=0.1737 correct=192
  mpx-70 cover: trials=36900000 overall=0.7500 a0_nochange=1.0000 a0_change=1.0000 a1_nochange=0.0000 a1_change=1.0000 matched_but_wrong=0
  mpx-70 acc: trials=36900000 accuracy=1.0000
  mpx-70 traj: trials=36960000 wall=8906s knowledge=0.7500 reliable=205 spec=7.00 pop=1306
  mpx-70 diag: trials=36960000 micro=3169 pop_spec=6.34 spec_max=21 q_mean=0.605 q_max=1.000 q_above_half=836 marked=0.356 mark_density=0.913 exp_mean=21289.0 addr_spec=3.652 addr_random=0.543 addr_full=0.1608 correct=192
  mpx-70 cover: trials=36960000 overall=0.7500 a0_nochange=1.0000 a0_change=1.0000 a1_nochange=0.0000 a1_change=1.0000 matched_but_wrong=0
  mpx-70 acc: trials=36960000 accuracy=1.0000
  mpx-70 traj: trials=37020000 wall=8919s knowledge=0.7500 reliable=201 spec=7.00 pop=1397
  mpx-70 diag: trials=37020000 micro=3288 pop_spec=6.24 spec_max=21 q_mean=0.598 q_max=1.000 q_above_half=849 marked=0.383 mark_density=0.914 exp_mean=19936.9 addr_spec=3.772 addr_random=0.535 addr_full=0.1546 correct=192
  mpx-70 cover: trials=37020000 overall=0.7500 a0_nochange=1.0000 a0_change=1.0000 a1_nochange=0.0000 a1_change=1.0000 matched_but_wrong=0
  mpx-70 acc: trials=37020000 accuracy=1.0000
  mpx-70 traj: trials=37080000 wall=8931s knowledge=0.7500 reliable=205 spec=7.00 pop=1365
  mpx-70 diag: trials=37080000 micro=3194 pop_spec=6.28 spec_max=21 q_mean=0.601 q_max=1.000 q_above_half=839 marked=0.356 mark_density=0.914 exp_mean=20438.9 addr_spec=3.749 addr_random=0.539 addr_full=0.1553 correct=192
  mpx-70 cover: trials=37080000 overall=0.7500 a0_nochange=1.0000 a0_change=1.0000 a1_nochange=0.0000 a1_change=1.0000 matched_but_wrong=106
  mpx-70 acc: trials=37080000 accuracy=1.0000
  mpx-70 traj: trials=37140000 wall=8944s knowledge=0.7500 reliable=210 spec=7.00 pop=1287
  mpx-70 diag: trials=37140000 micro=3203 pop_spec=6.32 spec_max=21 q_mean=0.609 q_max=1.000 q_above_half=789 marked=0.362 mark_density=0.914 exp_mean=21715.5 addr_spec=3.726 addr_random=0.542 addr_full=0.1655 correct=192
  mpx-70 cover: trials=37140000 overall=0.7500 a0_nochange=1.0000 a0_change=1.0000 a1_nochange=0.0000 a1_change=1.0000 matched_but_wrong=0
  mpx-70 acc: trials=37140000 accuracy=1.0000
  mpx-70 traj: trials=37200000 wall=8956s knowledge=0.7500 reliable=205 spec=7.00 pop=1311
  mpx-70 diag: trials=37200000 micro=3150 pop_spec=6.33 spec_max=21 q_mean=0.617 q_max=1.000 q_above_half=887 marked=0.335 mark_density=0.913 exp_mean=21353.9 addr_spec=3.854 addr_random=0.543 addr_full=0.1594 correct=192
  mpx-70 cover: trials=37200000 overall=0.7500 a0_nochange=1.0000 a0_change=1.0000 a1_nochange=0.0000 a1_change=1.0000 matched_but_wrong=0
  mpx-70 acc: trials=37200000 accuracy=1.0000
  mpx-70 traj: trials=37260000 wall=8968s knowledge=0.7500 reliable=203 spec=7.00 pop=1226
  mpx-70 diag: trials=37260000 micro=3130 pop_spec=6.28 spec_max=21 q_mean=0.615 q_max=1.000 q_above_half=797 marked=0.345 mark_density=0.915 exp_mean=22872.8 addr_spec=3.818 addr_random=0.538 addr_full=0.1770 correct=192
  mpx-70 cover: trials=37260000 overall=0.7500 a0_nochange=1.0000 a0_change=1.0000 a1_nochange=0.0000 a1_change=1.0000 matched_but_wrong=0
  mpx-70 acc: trials=37260000 accuracy=1.0000
  mpx-70 traj: trials=37320000 wall=8980s knowledge=0.7500 reliable=200 spec=7.00 pop=1265
  mpx-70 diag: trials=37320000 micro=3137 pop_spec=6.35 spec_max=21 q_mean=0.613 q_max=1.000 q_above_half=810 marked=0.347 mark_density=0.913 exp_mean=22206.1 addr_spec=3.829 addr_random=0.545 addr_full=0.1660 correct=192
  mpx-70 cover: trials=37320000 overall=0.7500 a0_nochange=1.0000 a0_change=1.0000 a1_nochange=0.0000 a1_change=1.0000 matched_but_wrong=0
  mpx-70 acc: trials=37320000 accuracy=1.0000
  mpx-70 traj: trials=37380000 wall=8993s knowledge=0.7500 reliable=207 spec=7.00 pop=1245
  mpx-70 diag: trials=37380000 micro=3114 pop_spec=6.31 spec_max=21 q_mean=0.615 q_max=1.000 q_above_half=803 marked=0.310 mark_density=0.913 exp_mean=22601.7 addr_spec=3.847 addr_random=0.541 addr_full=0.1679 correct=192
  mpx-70 cover: trials=37380000 overall=0.7500 a0_nochange=1.0000 a0_change=1.0000 a1_nochange=0.0000 a1_change=1.0000 matched_but_wrong=0
  mpx-70 acc: trials=37380000 accuracy=1.0000
  mpx-70 traj: trials=37440000 wall=9005s knowledge=0.7500 reliable=203 spec=7.00 pop=1271
  mpx-70 diag: trials=37440000 micro=3121 pop_spec=6.32 spec_max=21 q_mean=0.604 q_max=1.000 q_above_half=771 marked=0.330 mark_density=0.913 exp_mean=22177.2 addr_spec=3.865 addr_random=0.541 addr_full=0.1747 correct=192
  mpx-70 cover: trials=37440000 overall=0.7500 a0_nochange=1.0000 a0_change=1.0000 a1_nochange=0.0000 a1_change=1.0000 matched_but_wrong=0
  mpx-70 acc: trials=37440000 accuracy=1.0000
  mpx-70 traj: trials=37500000 wall=9017s knowledge=0.7500 reliable=204 spec=7.00 pop=1274
  mpx-70 diag: trials=37500000 micro=3122 pop_spec=6.30 spec_max=21 q_mean=0.610 q_max=1.000 q_above_half=827 marked=0.366 mark_density=0.914 exp_mean=22162.1 addr_spec=3.776 addr_random=0.540 addr_full=0.1688 correct=192
  mpx-70 cover: trials=37500000 overall=0.7500 a0_nochange=1.0000 a0_change=1.0000 a1_nochange=0.0000 a1_change=1.0000 matched_but_wrong=0
  mpx-70 acc: trials=37500000 accuracy=1.0000
  mpx-70 traj: trials=37560000 wall=9029s knowledge=0.7500 reliable=202 spec=7.00 pop=1330
  mpx-70 diag: trials=37560000 micro=3196 pop_spec=6.27 spec_max=21 q_mean=0.603 q_max=1.000 q_above_half=831 marked=0.350 mark_density=0.916 exp_mean=21265.0 addr_spec=3.706 addr_random=0.537 addr_full=0.1579 correct=192
  mpx-70 cover: trials=37560000 overall=0.7500 a0_nochange=1.0000 a0_change=1.0000 a1_nochange=0.0000 a1_change=1.0000 matched_but_wrong=0
  mpx-70 acc: trials=37560000 accuracy=1.0000
  mpx-70 traj: trials=37620000 wall=9041s knowledge=0.7500 reliable=211 spec=7.00 pop=1207
  mpx-70 diag: trials=37620000 micro=3091 pop_spec=6.31 spec_max=21 q_mean=0.621 q_max=1.000 q_above_half=804 marked=0.312 mark_density=0.913 exp_mean=23471.7 addr_spec=3.860 addr_random=0.541 addr_full=0.1723 correct=192
  mpx-70 cover: trials=37620000 overall=0.7500 a0_nochange=1.0000 a0_change=1.0000 a1_nochange=0.0000 a1_change=1.0000 matched_but_wrong=0
  mpx-70 acc: trials=37620000 accuracy=1.0000
  mpx-70 traj: trials=37680000 wall=9053s knowledge=0.7500 reliable=203 spec=7.00 pop=1290
  mpx-70 diag: trials=37680000 micro=3199 pop_spec=6.27 spec_max=21 q_mean=0.606 q_max=1.000 q_above_half=797 marked=0.340 mark_density=0.915 exp_mean=21999.2 addr_spec=3.893 addr_random=0.537 addr_full=0.1659 correct=192
  mpx-70 cover: trials=37680000 overall=0.7500 a0_nochange=1.0000 a0_change=1.0000 a1_nochange=0.0000 a1_change=1.0000 matched_but_wrong=0
  mpx-70 acc: trials=37680000 accuracy=1.0000
  mpx-70 traj: trials=37740000 wall=9064s knowledge=0.7500 reliable=202 spec=7.00 pop=1259
  mpx-70 diag: trials=37740000 micro=3139 pop_spec=6.33 spec_max=21 q_mean=0.608 q_max=1.000 q_above_half=788 marked=0.374 mark_density=0.913 exp_mean=22578.5 addr_spec=3.728 addr_random=0.542 addr_full=0.1692 correct=192
  mpx-70 cover: trials=37740000 overall=0.7500 a0_nochange=1.0000 a0_change=1.0000 a1_nochange=0.0000 a1_change=1.0000 matched_but_wrong=0
  mpx-70 acc: trials=37740000 accuracy=1.0000
  mpx-70 traj: trials=37800000 wall=9075s knowledge=0.7500 reliable=201 spec=7.00 pop=1257
  mpx-70 diag: trials=37800000 micro=3133 pop_spec=6.28 spec_max=21 q_mean=0.606 q_max=1.000 q_above_half=771 marked=0.356 mark_density=0.916 exp_mean=22652.9 addr_spec=3.795 addr_random=0.538 addr_full=0.1695 correct=192
  mpx-70 cover: trials=37800000 overall=0.7500 a0_nochange=1.0000 a0_change=1.0000 a1_nochange=0.0000 a1_change=1.0000 matched_but_wrong=0
  mpx-70 acc: trials=37800000 accuracy=1.0000
  mpx-70 traj: trials=37860000 wall=9087s knowledge=0.7500 reliable=206 spec=7.00 pop=1275
  mpx-70 diag: trials=37860000 micro=3130 pop_spec=6.25 spec_max=21 q_mean=0.613 q_max=1.000 q_above_half=820 marked=0.333 mark_density=0.915 exp_mean=22371.4 addr_spec=3.863 addr_random=0.536 addr_full=0.1616 correct=192
  mpx-70 cover: trials=37860000 overall=0.7500 a0_nochange=1.0000 a0_change=1.0000 a1_nochange=0.0000 a1_change=1.0000 matched_but_wrong=0
  mpx-70 acc: trials=37860000 accuracy=1.0000
  mpx-70 traj: trials=37920000 wall=9098s knowledge=0.7500 reliable=201 spec=7.00 pop=1374
  mpx-70 diag: trials=37920000 micro=3256 pop_spec=6.30 spec_max=21 q_mean=0.598 q_max=1.000 q_above_half=787 marked=0.418 mark_density=0.914 exp_mean=20794.3 addr_spec=3.587 addr_random=0.540 addr_full=0.1579 correct=192
  mpx-70 cover: trials=37920000 overall=0.7500 a0_nochange=1.0000 a0_change=1.0000 a1_nochange=0.0000 a1_change=1.0000 matched_but_wrong=0
  mpx-70 acc: trials=37920000 accuracy=1.0000
  mpx-70 traj: trials=37980000 wall=9110s knowledge=0.7500 reliable=202 spec=7.00 pop=1304
  mpx-70 diag: trials=37980000 micro=3194 pop_spec=6.30 spec_max=21 q_mean=0.608 q_max=1.000 q_above_half=846 marked=0.348 mark_density=0.914 exp_mean=21946.6 addr_spec=3.724 addr_random=0.540 addr_full=0.1649 correct=192
  mpx-70 cover: trials=37980000 overall=0.7500 a0_nochange=1.0000 a0_change=1.0000 a1_nochange=0.0000 a1_change=1.0000 matched_but_wrong=0
  mpx-70 acc: trials=37980000 accuracy=1.0000
  mpx-70 traj: trials=38040000 wall=9121s knowledge=0.7500 reliable=203 spec=7.00 pop=1275
  mpx-70 diag: trials=38040000 micro=3172 pop_spec=6.29 spec_max=21 q_mean=0.608 q_max=1.000 q_above_half=819 marked=0.355 mark_density=0.914 exp_mean=22483.8 addr_spec=3.788 addr_random=0.539 addr_full=0.1765 correct=192
  mpx-70 cover: trials=38040000 overall=0.7500 a0_nochange=1.0000 a0_change=1.0000 a1_nochange=0.0000 a1_change=1.0000 matched_but_wrong=0
  mpx-70 acc: trials=38040000 accuracy=1.0000
  mpx-70 traj: trials=38100000 wall=9133s knowledge=0.7500 reliable=198 spec=7.00 pop=1297
  mpx-70 diag: trials=38100000 micro=3162 pop_spec=6.22 spec_max=21 q_mean=0.605 q_max=1.000 q_above_half=801 marked=0.389 mark_density=0.916 exp_mean=22138.7 addr_spec=3.606 addr_random=0.533 addr_full=0.1696 correct=192
  mpx-70 cover: trials=38100000 overall=0.7500 a0_nochange=1.0000 a0_change=1.0000 a1_nochange=0.0000 a1_change=1.0000 matched_but_wrong=0
  mpx-70 acc: trials=38100000 accuracy=1.0000
  mpx-70 traj: trials=38160000 wall=9144s knowledge=0.7500 reliable=199 spec=7.00 pop=1310
  mpx-70 diag: trials=38160000 micro=3195 pop_spec=6.27 spec_max=21 q_mean=0.610 q_max=1.000 q_above_half=852 marked=0.344 mark_density=0.913 exp_mean=21955.8 addr_spec=3.646 addr_random=0.538 addr_full=0.1603 correct=192
  mpx-70 cover: trials=38160000 overall=0.7500 a0_nochange=1.0000 a0_change=1.0000 a1_nochange=0.0000 a1_change=1.0000 matched_but_wrong=0
  mpx-70 acc: trials=38160000 accuracy=1.0000
  mpx-70 traj: trials=38220000 wall=9156s knowledge=0.7500 reliable=201 spec=7.00 pop=1278
  mpx-70 diag: trials=38220000 micro=3171 pop_spec=6.30 spec_max=21 q_mean=0.610 q_max=1.000 q_above_half=798 marked=0.343 mark_density=0.914 exp_mean=22543.7 addr_spec=3.721 addr_random=0.540 addr_full=0.1768 correct=192
  mpx-70 cover: trials=38220000 overall=0.7500 a0_nochange=1.0000 a0_change=1.0000 a1_nochange=0.0000 a1_change=1.0000 matched_but_wrong=0
  mpx-70 acc: trials=38220000 accuracy=1.0000
  mpx-70 traj: trials=38280000 wall=9168s knowledge=0.7500 reliable=202 spec=7.00 pop=1321
  mpx-70 diag: trials=38280000 micro=3255 pop_spec=6.33 spec_max=21 q_mean=0.603 q_max=1.000 q_above_half=837 marked=0.369 mark_density=0.913 exp_mean=21845.9 addr_spec=3.617 addr_random=0.542 addr_full=0.1590 correct=192
  mpx-70 cover: trials=38280000 overall=0.7500 a0_nochange=1.0000 a0_change=1.0000 a1_nochange=0.0000 a1_change=1.0000 matched_but_wrong=0
  mpx-70 acc: trials=38280000 accuracy=1.0000
  mpx-70 traj: trials=38340000 wall=9179s knowledge=0.7500 reliable=199 spec=7.00 pop=1235
  mpx-70 diag: trials=38340000 micro=3146 pop_spec=6.29 spec_max=21 q_mean=0.611 q_max=1.000 q_above_half=819 marked=0.314 mark_density=0.914 exp_mean=23406.2 addr_spec=3.727 addr_random=0.539 addr_full=0.1660 correct=192
  mpx-70 cover: trials=38340000 overall=0.7500 a0_nochange=1.0000 a0_change=1.0000 a1_nochange=0.0000 a1_change=1.0000 matched_but_wrong=0
  mpx-70 acc: trials=38340000 accuracy=1.0000
  mpx-70 traj: trials=38400000 wall=9190s knowledge=0.7500 reliable=203 spec=7.00 pop=1328
  mpx-70 diag: trials=38400000 micro=3178 pop_spec=6.26 spec_max=21 q_mean=0.601 q_max=1.000 q_above_half=798 marked=0.371 mark_density=0.915 exp_mean=21803.2 addr_spec=3.669 addr_random=0.536 addr_full=0.1611 correct=192
  mpx-70 cover: trials=38400000 overall=0.7500 a0_nochange=1.0000 a0_change=1.0000 a1_nochange=0.0000 a1_change=1.0000 matched_but_wrong=0
  mpx-70 acc: trials=38400000 accuracy=1.0000
  mpx-70 traj: trials=38460000 wall=9202s knowledge=0.7500 reliable=205 spec=7.00 pop=1380
  mpx-70 diag: trials=38460000 micro=3212 pop_spec=6.27 spec_max=21 q_mean=0.606 q_max=1.000 q_above_half=854 marked=0.341 mark_density=0.915 exp_mean=21017.3 addr_spec=3.705 addr_random=0.537 addr_full=0.1543 correct=192
  mpx-70 cover: trials=38460000 overall=0.7500 a0_nochange=1.0000 a0_change=1.0000 a1_nochange=0.0000 a1_change=1.0000 matched_but_wrong=0
  mpx-70 acc: trials=38460000 accuracy=1.0000
  mpx-70 traj: trials=38520000 wall=9214s knowledge=0.7500 reliable=212 spec=7.00 pop=1218
  mpx-70 diag: trials=38520000 micro=3149 pop_spec=6.30 spec_max=21 q_mean=0.617 q_max=1.000 q_above_half=787 marked=0.337 mark_density=0.914 exp_mean=23852.7 addr_spec=3.916 addr_random=0.540 addr_full=0.1741 correct=192
  mpx-70 cover: trials=38520000 overall=0.7500 a0_nochange=1.0000 a0_change=1.0000 a1_nochange=0.0000 a1_change=1.0000 matched_but_wrong=0
  mpx-70 acc: trials=38520000 accuracy=1.0000
  mpx-70 traj: trials=38580000 wall=9225s knowledge=0.7500 reliable=208 spec=7.00 pop=1260
  mpx-70 diag: trials=38580000 micro=3122 pop_spec=6.29 spec_max=21 q_mean=0.610 q_max=1.000 q_above_half=758 marked=0.382 mark_density=0.914 exp_mean=23094.8 addr_spec=3.738 addr_random=0.539 addr_full=0.1730 correct=192
  mpx-70 cover: trials=38580000 overall=0.7500 a0_nochange=1.0000 a0_change=1.0000 a1_nochange=0.0000 a1_change=1.0000 matched_but_wrong=0
  mpx-70 acc: trials=38580000 accuracy=1.0000
  mpx-70 traj: trials=38640000 wall=9237s knowledge=0.7500 reliable=209 spec=7.00 pop=1263
  mpx-70 diag: trials=38640000 micro=3152 pop_spec=6.26 spec_max=21 q_mean=0.608 q_max=1.000 q_above_half=791 marked=0.368 mark_density=0.915 exp_mean=23078.4 addr_spec=3.740 addr_random=0.536 addr_full=0.1710 correct=192
  mpx-70 cover: trials=38640000 overall=0.7500 a0_nochange=1.0000 a0_change=1.0000 a1_nochange=0.0000 a1_change=1.0000 matched_but_wrong=168
  mpx-70 acc: trials=38640000 accuracy=1.0000
  mpx-70 traj: trials=38700000 wall=9249s knowledge=0.7500 reliable=199 spec=7.00 pop=1247
  mpx-70 diag: trials=38700000 micro=3097 pop_spec=6.30 spec_max=21 q_mean=0.614 q_max=1.000 q_above_half=781 marked=0.347 mark_density=0.915 exp_mean=23411.7 addr_spec=3.733 addr_random=0.540 addr_full=0.1764 correct=192
  mpx-70 cover: trials=38700000 overall=0.7500 a0_nochange=1.0000 a0_change=1.0000 a1_nochange=0.0000 a1_change=1.0000 matched_but_wrong=0
  mpx-70 acc: trials=38700000 accuracy=1.0000
  mpx-70 traj: trials=38760000 wall=9261s knowledge=0.7500 reliable=200 spec=7.00 pop=1256
  mpx-70 diag: trials=38760000 micro=3163 pop_spec=6.31 spec_max=21 q_mean=0.615 q_max=1.000 q_above_half=832 marked=0.335 mark_density=0.913 exp_mean=23282.4 addr_spec=3.806 addr_random=0.541 addr_full=0.1720 correct=192
  mpx-70 cover: trials=38760000 overall=0.7500 a0_nochange=1.0000 a0_change=1.0000 a1_nochange=0.0000 a1_change=1.0000 matched_but_wrong=0
  mpx-70 acc: trials=38760000 accuracy=1.0000
  mpx-70 traj: trials=38820000 wall=9273s knowledge=0.7500 reliable=202 spec=7.00 pop=1380
  mpx-70 diag: trials=38820000 micro=3243 pop_spec=6.31 spec_max=21 q_mean=0.604 q_max=1.000 q_above_half=891 marked=0.341 mark_density=0.914 exp_mean=21225.3 addr_spec=3.682 addr_random=0.541 addr_full=0.1630 correct=192
  mpx-70 cover: trials=38820000 overall=0.7500 a0_nochange=1.0000 a0_change=1.0000 a1_nochange=0.0000 a1_change=1.0000 matched_but_wrong=0
  mpx-70 acc: trials=38820000 accuracy=1.0000
  mpx-70 traj: trials=38880000 wall=9285s knowledge=0.7500 reliable=201 spec=7.00 pop=1220
  mpx-70 diag: trials=38880000 micro=3138 pop_spec=6.28 spec_max=21 q_mean=0.607 q_max=1.000 q_above_half=748 marked=0.383 mark_density=0.915 exp_mean=24048.0 addr_spec=3.720 addr_random=0.539 addr_full=0.1811 correct=192
  mpx-70 cover: trials=38880000 overall=0.7500 a0_nochange=1.0000 a0_change=1.0000 a1_nochange=0.0000 a1_change=1.0000 matched_but_wrong=0
  mpx-70 acc: trials=38880000 accuracy=1.0000
  mpx-70 traj: trials=38940000 wall=9297s knowledge=0.7500 reliable=201 spec=7.00 pop=1365
  mpx-70 diag: trials=38940000 micro=3210 pop_spec=6.32 spec_max=21 q_mean=0.602 q_max=1.000 q_above_half=821 marked=0.387 mark_density=0.914 exp_mean=21529.1 addr_spec=3.683 addr_random=0.542 addr_full=0.1553 correct=192
  mpx-70 cover: trials=38940000 overall=0.7500 a0_nochange=1.0000 a0_change=1.0000 a1_nochange=0.0000 a1_change=1.0000 matched_but_wrong=0
  mpx-70 acc: trials=38940000 accuracy=1.0000
  mpx-70 traj: trials=39000000 wall=9309s knowledge=0.7500 reliable=207 spec=7.00 pop=1312
  mpx-70 diag: trials=39000000 micro=3178 pop_spec=6.33 spec_max=21 q_mean=0.610 q_max=1.000 q_above_half=844 marked=0.385 mark_density=0.914 exp_mean=22436.0 addr_spec=3.813 addr_random=0.543 addr_full=0.1631 correct=192
  mpx-70 cover: trials=39000000 overall=0.7500 a0_nochange=1.0000 a0_change=1.0000 a1_nochange=0.0000 a1_change=1.0000 matched_but_wrong=0
  mpx-70 acc: trials=39000000 accuracy=1.0000
  mpx-70 traj: trials=39060000 wall=9321s knowledge=0.7500 reliable=209 spec=7.00 pop=1332
  mpx-70 diag: trials=39060000 micro=3180 pop_spec=6.30 spec_max=21 q_mean=0.612 q_max=1.000 q_above_half=819 marked=0.363 mark_density=0.915 exp_mean=22134.9 addr_spec=3.782 addr_random=0.540 addr_full=0.1562 correct=192
  mpx-70 cover: trials=39060000 overall=0.7500 a0_nochange=1.0000 a0_change=1.0000 a1_nochange=0.0000 a1_change=1.0000 matched_but_wrong=0
  mpx-70 acc: trials=39060000 accuracy=1.0000
  mpx-70 traj: trials=39120000 wall=9333s knowledge=0.7500 reliable=200 spec=7.00 pop=1233
  mpx-70 diag: trials=39120000 micro=3099 pop_spec=6.29 spec_max=21 q_mean=0.613 q_max=1.000 q_above_half=797 marked=0.332 mark_density=0.915 exp_mean=23949.5 addr_spec=3.826 addr_random=0.539 addr_full=0.1776 correct=192
  mpx-70 cover: trials=39120000 overall=0.7500 a0_nochange=1.0000 a0_change=1.0000 a1_nochange=0.0000 a1_change=1.0000 matched_but_wrong=168
  mpx-70 acc: trials=39120000 accuracy=1.0000
  mpx-70 traj: trials=39180000 wall=9345s knowledge=0.7500 reliable=208 spec=7.00 pop=1313
  mpx-70 diag: trials=39180000 micro=3144 pop_spec=6.38 spec_max=21 q_mean=0.602 q_max=1.000 q_above_half=781 marked=0.356 mark_density=0.913 exp_mean=22528.0 addr_spec=3.792 addr_random=0.547 addr_full=0.1599 correct=192
  mpx-70 cover: trials=39180000 overall=0.7500 a0_nochange=1.0000 a0_change=1.0000 a1_nochange=0.0000 a1_change=1.0000 matched_but_wrong=0
  mpx-70 acc: trials=39180000 accuracy=1.0000
  mpx-70 traj: trials=39240000 wall=9357s knowledge=0.7500 reliable=204 spec=7.00 pop=1314
  mpx-70 diag: trials=39240000 micro=3202 pop_spec=6.31 spec_max=21 q_mean=0.606 q_max=1.000 q_above_half=811 marked=0.358 mark_density=0.915 exp_mean=22546.8 addr_spec=3.763 addr_random=0.541 addr_full=0.1621 correct=192
  mpx-70 cover: trials=39240000 overall=0.7500 a0_nochange=1.0000 a0_change=1.0000 a1_nochange=0.0000 a1_change=1.0000 matched_but_wrong=0
  mpx-70 acc: trials=39240000 accuracy=1.0000
  mpx-70 traj: trials=39300000 wall=9369s knowledge=0.7500 reliable=206 spec=7.00 pop=1325
  mpx-70 diag: trials=39300000 micro=3247 pop_spec=6.19 spec_max=21 q_mean=0.601 q_max=1.000 q_above_half=810 marked=0.380 mark_density=0.916 exp_mean=22396.3 addr_spec=3.630 addr_random=0.531 addr_full=0.1668 correct=192
  mpx-70 cover: trials=39300000 overall=0.7500 a0_nochange=1.0000 a0_change=1.0000 a1_nochange=0.0000 a1_change=1.0000 matched_but_wrong=0
  mpx-70 acc: trials=39300000 accuracy=1.0000
  mpx-70 traj: trials=39360000 wall=9381s knowledge=0.7500 reliable=204 spec=7.00 pop=1312
  mpx-70 diag: trials=39360000 micro=3174 pop_spec=6.35 spec_max=21 q_mean=0.607 q_max=1.000 q_above_half=809 marked=0.345 mark_density=0.913 exp_mean=22655.2 addr_spec=3.819 addr_random=0.544 addr_full=0.1654 correct=192
  mpx-70 cover: trials=39360000 overall=0.7500 a0_nochange=1.0000 a0_change=1.0000 a1_nochange=0.0000 a1_change=1.0000 matched_but_wrong=0
  mpx-70 acc: trials=39360000 accuracy=1.0000
  mpx-70 traj: trials=39420000 wall=9392s knowledge=0.7500 reliable=203 spec=7.00 pop=1238
  mpx-70 diag: trials=39420000 micro=3109 pop_spec=6.35 spec_max=21 q_mean=0.619 q_max=1.000 q_above_half=847 marked=0.338 mark_density=0.913 exp_mean=24048.1 addr_spec=3.713 addr_random=0.544 addr_full=0.1696 correct=192
  mpx-70 cover: trials=39420000 overall=0.7500 a0_nochange=1.0000 a0_change=1.0000 a1_nochange=0.0000 a1_change=1.0000 matched_but_wrong=0
  mpx-70 acc: trials=39420000 accuracy=1.0000
  mpx-70 traj: trials=39480000 wall=9404s knowledge=0.7500 reliable=206 spec=7.00 pop=1317
  mpx-70 diag: trials=39480000 micro=3173 pop_spec=6.31 spec_max=21 q_mean=0.600 q_max=1.000 q_above_half=765 marked=0.357 mark_density=0.914 exp_mean=22642.2 addr_spec=3.778 addr_random=0.541 addr_full=0.1617 correct=192
  mpx-70 cover: trials=39480000 overall=0.7500 a0_nochange=1.0000 a0_change=1.0000 a1_nochange=0.0000 a1_change=1.0000 matched_but_wrong=0
  mpx-70 acc: trials=39480000 accuracy=1.0000
  mpx-70 traj: trials=39540000 wall=9415s knowledge=0.7500 reliable=204 spec=7.00 pop=1347
  mpx-70 diag: trials=39540000 micro=3217 pop_spec=6.30 spec_max=21 q_mean=0.603 q_max=1.000 q_above_half=822 marked=0.343 mark_density=0.914 exp_mean=22173.2 addr_spec=3.654 addr_random=0.540 addr_full=0.1626 correct=192
  mpx-70 cover: trials=39540000 overall=0.7500 a0_nochange=1.0000 a0_change=1.0000 a1_nochange=0.0000 a1_change=1.0000 matched_but_wrong=0
  mpx-70 acc: trials=39540000 accuracy=1.0000
  mpx-70 traj: trials=39600000 wall=9427s knowledge=0.7500 reliable=201 spec=7.00 pop=1259
  mpx-70 diag: trials=39600000 micro=3144 pop_spec=6.33 spec_max=21 q_mean=0.608 q_max=1.000 q_above_half=767 marked=0.350 mark_density=0.913 exp_mean=23760.9 addr_spec=3.813 addr_random=0.542 addr_full=0.1700 correct=192
  mpx-70 cover: trials=39600000 overall=0.7500 a0_nochange=1.0000 a0_change=1.0000 a1_nochange=0.0000 a1_change=1.0000 matched_but_wrong=0
  mpx-70 acc: trials=39600000 accuracy=1.0000
  mpx-70 traj: trials=39660000 wall=9439s knowledge=0.7500 reliable=201 spec=7.00 pop=1299
  mpx-70 diag: trials=39660000 micro=3220 pop_spec=6.31 spec_max=21 q_mean=0.603 q_max=1.000 q_above_half=802 marked=0.364 mark_density=0.913 exp_mean=23065.8 addr_spec=3.815 addr_random=0.541 addr_full=0.1632 correct=192
  mpx-70 cover: trials=39660000 overall=0.7500 a0_nochange=1.0000 a0_change=1.0000 a1_nochange=0.0000 a1_change=1.0000 matched_but_wrong=0
  mpx-70 acc: trials=39660000 accuracy=1.0000
  mpx-70 traj: trials=39720000 wall=9450s knowledge=0.7500 reliable=209 spec=7.00 pop=1332
  mpx-70 diag: trials=39720000 micro=3174 pop_spec=6.35 spec_max=21 q_mean=0.608 q_max=1.000 q_above_half=856 marked=0.313 mark_density=0.913 exp_mean=22531.3 addr_spec=3.899 addr_random=0.544 addr_full=0.1562 correct=192
  mpx-70 cover: trials=39720000 overall=0.7500 a0_nochange=1.0000 a0_change=1.0000 a1_nochange=0.0000 a1_change=1.0000 matched_but_wrong=0
  mpx-70 acc: trials=39720000 accuracy=1.0000
  mpx-70 traj: trials=39780000 wall=9461s knowledge=0.7500 reliable=204 spec=7.00 pop=1314
  mpx-70 diag: trials=39780000 micro=3232 pop_spec=6.31 spec_max=21 q_mean=0.610 q_max=1.000 q_above_half=806 marked=0.375 mark_density=0.914 exp_mean=22876.3 addr_spec=3.760 addr_random=0.541 addr_full=0.1606 correct=192
  mpx-70 cover: trials=39780000 overall=0.7500 a0_nochange=1.0000 a0_change=1.0000 a1_nochange=0.0000 a1_change=1.0000 matched_but_wrong=0
  mpx-70 acc: trials=39780000 accuracy=1.0000
  mpx-70 traj: trials=39840000 wall=9472s knowledge=0.7500 reliable=205 spec=7.00 pop=1280
  mpx-70 diag: trials=39840000 micro=3155 pop_spec=6.33 spec_max=21 q_mean=0.610 q_max=1.000 q_above_half=787 marked=0.353 mark_density=0.914 exp_mean=23520.9 addr_spec=3.770 addr_random=0.543 addr_full=0.1727 correct=192
  mpx-70 cover: trials=39840000 overall=0.7500 a0_nochange=1.0000 a0_change=1.0000 a1_nochange=0.0000 a1_change=1.0000 matched_but_wrong=0
  mpx-70 acc: trials=39840000 accuracy=1.0000
  mpx-70 traj: trials=39900000 wall=9484s knowledge=0.7500 reliable=203 spec=7.00 pop=1328
  mpx-70 diag: trials=39900000 micro=3191 pop_spec=6.21 spec_max=21 q_mean=0.612 q_max=1.000 q_above_half=833 marked=0.359 mark_density=0.916 exp_mean=22707.1 addr_spec=3.642 addr_random=0.533 addr_full=0.1551 correct=192
  mpx-70 cover: trials=39900000 overall=0.7500 a0_nochange=1.0000 a0_change=1.0000 a1_nochange=0.0000 a1_change=1.0000 matched_but_wrong=0
  mpx-70 acc: trials=39900000 accuracy=1.0000
  mpx-70 traj: trials=39960000 wall=9495s knowledge=0.7500 reliable=200 spec=7.00 pop=1245
  mpx-70 diag: trials=39960000 micro=3138 pop_spec=6.20 spec_max=21 q_mean=0.606 q_max=1.000 q_above_half=763 marked=0.384 mark_density=0.917 exp_mean=24259.2 addr_spec=3.630 addr_random=0.532 addr_full=0.1743 correct=192
  mpx-70 cover: trials=39960000 overall=0.7500 a0_nochange=1.0000 a0_change=1.0000 a1_nochange=0.0000 a1_change=1.0000 matched_but_wrong=0
  mpx-70 acc: trials=39960000 accuracy=1.0000
  mpx-70 traj: trials=40020000 wall=9507s knowledge=0.7500 reliable=203 spec=7.00 pop=1357
  mpx-70 diag: trials=40020000 micro=3244 pop_spec=6.30 spec_max=21 q_mean=0.599 q_max=1.000 q_above_half=819 marked=0.337 mark_density=0.913 exp_mean=22292.5 addr_spec=3.818 addr_random=0.540 addr_full=0.1621 correct=192
  mpx-70 cover: trials=40020000 overall=0.7500 a0_nochange=1.0000 a0_change=1.0000 a1_nochange=0.0000 a1_change=1.0000 matched_but_wrong=0
  mpx-70 acc: trials=40020000 accuracy=1.0000
  mpx-70 traj: trials=40080000 wall=9518s knowledge=0.7500 reliable=202 spec=7.00 pop=1258
  mpx-70 diag: trials=40080000 micro=3119 pop_spec=6.34 spec_max=21 q_mean=0.613 q_max=1.000 q_above_half=793 marked=0.347 mark_density=0.912 exp_mean=24084.9 addr_spec=3.973 addr_random=0.544 addr_full=0.1709 correct=192
  mpx-70 cover: trials=40080000 overall=0.7500 a0_nochange=1.0000 a0_change=1.0000 a1_nochange=0.0000 a1_change=1.0000 matched_but_wrong=0
  mpx-70 acc: trials=40080000 accuracy=1.0000
  mpx-70 traj: trials=40140000 wall=9530s knowledge=0.7500 reliable=211 spec=7.00 pop=1290
  mpx-70 diag: trials=40140000 micro=3173 pop_spec=6.30 spec_max=21 q_mean=0.608 q_max=1.000 q_above_half=792 marked=0.391 mark_density=0.914 exp_mean=23525.3 addr_spec=3.579 addr_random=0.540 addr_full=0.1628 correct=192
  mpx-70 cover: trials=40140000 overall=0.7500 a0_nochange=1.0000 a0_change=1.0000 a1_nochange=0.0000 a1_change=1.0000 matched_but_wrong=80
  mpx-70 acc: trials=40140000 accuracy=1.0000
  mpx-70 traj: trials=40200000 wall=9541s knowledge=0.7500 reliable=206 spec=7.00 pop=1200
  mpx-70 diag: trials=40200000 micro=3096 pop_spec=6.33 spec_max=21 q_mean=0.622 q_max=1.000 q_above_half=812 marked=0.334 mark_density=0.914 exp_mean=25328.8 addr_spec=3.857 addr_random=0.543 addr_full=0.1808 correct=192
  mpx-70 cover: trials=40200000 overall=0.7500 a0_nochange=1.0000 a0_change=1.0000 a1_nochange=0.0000 a1_change=1.0000 matched_but_wrong=0
  mpx-70 acc: trials=40200000 accuracy=1.0000
  mpx-70 traj: trials=40260000 wall=9552s knowledge=0.7500 reliable=200 spec=7.00 pop=1285
  mpx-70 diag: trials=40260000 micro=3149 pop_spec=6.26 spec_max=21 q_mean=0.610 q_max=1.000 q_above_half=784 marked=0.387 mark_density=0.915 exp_mean=23690.6 addr_spec=3.630 addr_random=0.537 addr_full=0.1588 correct=192
  mpx-70 cover: trials=40260000 overall=0.7500 a0_nochange=1.0000 a0_change=1.0000 a1_nochange=0.0000 a1_change=1.0000 matched_but_wrong=0
  mpx-70 acc: trials=40260000 accuracy=1.0000
  mpx-70 traj: trials=40320000 wall=9564s knowledge=0.7500 reliable=203 spec=7.00 pop=1328
  mpx-70 diag: trials=40320000 micro=3184 pop_spec=6.33 spec_max=21 q_mean=0.614 q_max=1.000 q_above_half=844 marked=0.352 mark_density=0.914 exp_mean=22960.3 addr_spec=3.766 addr_random=0.542 addr_full=0.1566 correct=192
  mpx-70 cover: trials=40320000 overall=0.7500 a0_nochange=1.0000 a0_change=1.0000 a1_nochange=0.0000 a1_change=1.0000 matched_but_wrong=0
  mpx-70 acc: trials=40320000 accuracy=1.0000
  mpx-70 traj: trials=40380000 wall=9576s knowledge=0.7500 reliable=202 spec=7.00 pop=1305
  mpx-70 diag: trials=40380000 micro=3193 pop_spec=6.38 spec_max=21 q_mean=0.613 q_max=1.000 q_above_half=881 marked=0.339 mark_density=0.912 exp_mean=23400.8 addr_spec=3.855 addr_random=0.547 addr_full=0.1609 correct=192
  mpx-70 cover: trials=40380000 overall=0.7500 a0_nochange=1.0000 a0_change=1.0000 a1_nochange=0.0000 a1_change=1.0000 matched_but_wrong=0
  mpx-70 acc: trials=40380000 accuracy=1.0000
  mpx-70 traj: trials=40440000 wall=9588s knowledge=0.7500 reliable=203 spec=7.00 pop=1351
  mpx-70 diag: trials=40440000 micro=3237 pop_spec=6.25 spec_max=21 q_mean=0.607 q_max=1.000 q_above_half=847 marked=0.353 mark_density=0.916 exp_mean=22640.0 addr_spec=3.710 addr_random=0.536 addr_full=0.1614 correct=192
  mpx-70 cover: trials=40440000 overall=0.7500 a0_nochange=1.0000 a0_change=1.0000 a1_nochange=0.0000 a1_change=1.0000 matched_but_wrong=0
  mpx-70 acc: trials=40440000 accuracy=1.0000
  mpx-70 traj: trials=40500000 wall=9601s knowledge=0.7500 reliable=206 spec=7.00 pop=1259
  mpx-70 diag: trials=40500000 micro=3094 pop_spec=6.30 spec_max=21 q_mean=0.618 q_max=1.000 q_above_half=830 marked=0.326 mark_density=0.915 exp_mean=24333.1 addr_spec=3.798 addr_random=0.540 addr_full=0.1676 correct=192
  mpx-70 cover: trials=40500000 overall=0.7500 a0_nochange=1.0000 a0_change=1.0000 a1_nochange=0.0000 a1_change=1.0000 matched_but_wrong=0
  mpx-70 acc: trials=40500000 accuracy=1.0000
  mpx-70 traj: trials=40560000 wall=9612s knowledge=0.7500 reliable=205 spec=7.00 pop=1336
  mpx-70 diag: trials=40560000 micro=3239 pop_spec=6.31 spec_max=21 q_mean=0.605 q_max=1.000 q_above_half=836 marked=0.370 mark_density=0.914 exp_mean=22967.4 addr_spec=3.840 addr_random=0.541 addr_full=0.1572 correct=192
  mpx-70 cover: trials=40560000 overall=0.7500 a0_nochange=1.0000 a0_change=1.0000 a1_nochange=0.0000 a1_change=1.0000 matched_but_wrong=0
  mpx-70 acc: trials=40560000 accuracy=1.0000
  mpx-70 traj: trials=40620000 wall=9624s knowledge=0.7500 reliable=202 spec=7.00 pop=1285
  mpx-70 diag: trials=40620000 micro=3133 pop_spec=6.26 spec_max=21 q_mean=0.607 q_max=1.000 q_above_half=790 marked=0.351 mark_density=0.915 exp_mean=23914.9 addr_spec=3.779 addr_random=0.537 addr_full=0.1696 correct=192
  mpx-70 cover: trials=40620000 overall=0.7500 a0_nochange=1.0000 a0_change=1.0000 a1_nochange=0.0000 a1_change=1.0000 matched_but_wrong=0
  mpx-70 acc: trials=40620000 accuracy=1.0000
  mpx-70 traj: trials=40680000 wall=9636s knowledge=0.7500 reliable=200 spec=7.00 pop=1298
  mpx-70 diag: trials=40680000 micro=3151 pop_spec=6.31 spec_max=21 q_mean=0.614 q_max=1.000 q_above_half=875 marked=0.327 mark_density=0.913 exp_mean=23712.5 addr_spec=3.710 addr_random=0.541 addr_full=0.1641 correct=192
  mpx-70 cover: trials=40680000 overall=0.7500 a0_nochange=1.0000 a0_change=1.0000 a1_nochange=0.0000 a1_change=1.0000 matched_but_wrong=0
  mpx-70 acc: trials=40680000 accuracy=1.0000
  mpx-70 traj: trials=40740000 wall=9648s knowledge=0.7500 reliable=206 spec=7.00 pop=1290
  mpx-70 diag: trials=40740000 micro=3197 pop_spec=6.36 spec_max=21 q_mean=0.609 q_max=1.000 q_above_half=827 marked=0.336 mark_density=0.914 exp_mean=23896.5 addr_spec=3.822 addr_random=0.545 addr_full=0.1628 correct=192
  mpx-70 cover: trials=40740000 overall=0.7500 a0_nochange=1.0000 a0_change=1.0000 a1_nochange=0.0000 a1_change=1.0000 matched_but_wrong=104
  mpx-70 acc: trials=40740000 accuracy=1.0000
  mpx-70 traj: trials=40800000 wall=9661s knowledge=0.7500 reliable=205 spec=7.00 pop=1272
  mpx-70 diag: trials=40800000 micro=3158 pop_spec=6.30 spec_max=21 q_mean=0.620 q_max=1.000 q_above_half=886 marked=0.333 mark_density=0.914 exp_mean=24273.1 addr_spec=3.858 addr_random=0.540 addr_full=0.1675 correct=192
  mpx-70 cover: trials=40800000 overall=0.7500 a0_nochange=1.0000 a0_change=1.0000 a1_nochange=0.0000 a1_change=1.0000 matched_but_wrong=0
  mpx-70 acc: trials=40800000 accuracy=1.0000
  mpx-70 traj: trials=40860000 wall=9673s knowledge=0.7500 reliable=209 spec=7.00 pop=1323
  mpx-70 diag: trials=40860000 micro=3152 pop_spec=6.41 spec_max=21 q_mean=0.608 q_max=1.000 q_above_half=817 marked=0.369 mark_density=0.912 exp_mean=23374.4 addr_spec=3.823 addr_random=0.549 addr_full=0.1625 correct=192
  mpx-70 cover: trials=40860000 overall=0.7500 a0_nochange=1.0000 a0_change=1.0000 a1_nochange=0.0000 a1_change=1.0000 matched_but_wrong=0
  mpx-70 acc: trials=40860000 accuracy=1.0000
  mpx-70 traj: trials=40920000 wall=9685s knowledge=0.7500 reliable=207 spec=7.00 pop=1265
  mpx-70 diag: trials=40920000 micro=3132 pop_spec=6.32 spec_max=21 q_mean=0.609 q_max=1.000 q_above_half=770 marked=0.354 mark_density=0.913 exp_mean=24483.6 addr_spec=3.798 addr_random=0.541 addr_full=0.1605 correct=192
  mpx-70 cover: trials=40920000 overall=0.7500 a0_nochange=1.0000 a0_change=1.0000 a1_nochange=0.0000 a1_change=1.0000 matched_but_wrong=0
  mpx-70 acc: trials=40920000 accuracy=1.0000
  mpx-70 traj: trials=40980000 wall=9697s knowledge=0.7500 reliable=208 spec=7.00 pop=1287
  mpx-70 diag: trials=40980000 micro=3187 pop_spec=6.26 spec_max=21 q_mean=0.612 q_max=1.000 q_above_half=803 marked=0.363 mark_density=0.915 exp_mean=24102.8 addr_spec=3.718 addr_random=0.537 addr_full=0.1647 correct=192
  mpx-70 cover: trials=40980000 overall=0.7500 a0_nochange=1.0000 a0_change=1.0000 a1_nochange=0.0000 a1_change=1.0000 matched_but_wrong=0
  mpx-70 acc: trials=40980000 accuracy=1.0000
  mpx-70 traj: trials=41040000 wall=9710s knowledge=0.7500 reliable=203 spec=7.00 pop=1262
  mpx-70 diag: trials=41040000 micro=3189 pop_spec=6.26 spec_max=21 q_mean=0.607 q_max=1.000 q_above_half=791 marked=0.343 mark_density=0.914 exp_mean=24617.2 addr_spec=3.653 addr_random=0.536 addr_full=0.1656 correct=192
  mpx-70 cover: trials=41040000 overall=0.7500 a0_nochange=1.0000 a0_change=1.0000 a1_nochange=0.0000 a1_change=1.0000 matched_but_wrong=0
  mpx-70 acc: trials=41040000 accuracy=1.0000
  mpx-70 traj: trials=41100000 wall=9722s knowledge=0.7500 reliable=206 spec=7.00 pop=1397
  mpx-70 diag: trials=41100000 micro=3254 pop_spec=6.27 spec_max=21 q_mean=0.598 q_max=1.000 q_above_half=827 marked=0.381 mark_density=0.914 exp_mean=22273.2 addr_spec=3.582 addr_random=0.537 addr_full=0.1553 correct=192
  mpx-70 cover: trials=41100000 overall=0.7500 a0_nochange=1.0000 a0_change=1.0000 a1_nochange=0.0000 a1_change=1.0000 matched_but_wrong=0
  mpx-70 acc: trials=41100000 accuracy=1.0000
  mpx-70 traj: trials=41160000 wall=9734s knowledge=0.7500 reliable=204 spec=7.00 pop=1287
  mpx-70 diag: trials=41160000 micro=3157 pop_spec=6.36 spec_max=21 q_mean=0.612 q_max=1.000 q_above_half=827 marked=0.353 mark_density=0.914 exp_mean=24214.7 addr_spec=3.757 addr_random=0.545 addr_full=0.1616 correct=192
  mpx-70 cover: trials=41160000 overall=0.7500 a0_nochange=1.0000 a0_change=1.0000 a1_nochange=0.0000 a1_change=1.0000 matched_but_wrong=0
  mpx-70 acc: trials=41160000 accuracy=1.0000
  mpx-70 traj: trials=41220000 wall=9746s knowledge=0.7500 reliable=208 spec=7.00 pop=1315
  mpx-70 diag: trials=41220000 micro=3171 pop_spec=6.35 spec_max=21 q_mean=0.611 q_max=1.000 q_above_half=847 marked=0.336 mark_density=0.914 exp_mean=23735.4 addr_spec=3.815 addr_random=0.544 addr_full=0.1627 correct=192
  mpx-70 cover: trials=41220000 overall=0.7500 a0_nochange=1.0000 a0_change=1.0000 a1_nochange=0.0000 a1_change=1.0000 matched_but_wrong=0
  mpx-70 acc: trials=41220000 accuracy=1.0000
  mpx-70 traj: trials=41280000 wall=9758s knowledge=0.7500 reliable=203 spec=7.00 pop=1348
  mpx-70 diag: trials=41280000 micro=3232 pop_spec=6.28 spec_max=21 q_mean=0.599 q_max=1.000 q_above_half=839 marked=0.364 mark_density=0.915 exp_mean=23189.8 addr_spec=3.794 addr_random=0.539 addr_full=0.1558 correct=192
  mpx-70 cover: trials=41280000 overall=0.7500 a0_nochange=1.0000 a0_change=1.0000 a1_nochange=0.0000 a1_change=1.0000 matched_but_wrong=0
  mpx-70 acc: trials=41280000 accuracy=1.0000
  mpx-70 traj: trials=41340000 wall=9769s knowledge=0.7500 reliable=208 spec=7.00 pop=1338
  mpx-70 diag: trials=41340000 micro=3179 pop_spec=6.30 spec_max=21 q_mean=0.607 q_max=1.000 q_above_half=848 marked=0.382 mark_density=0.914 exp_mean=23399.1 addr_spec=3.763 addr_random=0.540 addr_full=0.1525 correct=192
  mpx-70 cover: trials=41340000 overall=0.7500 a0_nochange=1.0000 a0_change=1.0000 a1_nochange=0.0000 a1_change=1.0000 matched_but_wrong=0
  mpx-70 acc: trials=41340000 accuracy=1.0000
  mpx-70 traj: trials=41400000 wall=9781s knowledge=0.7500 reliable=213 spec=7.00 pop=1325
  mpx-70 diag: trials=41400000 micro=3169 pop_spec=6.33 spec_max=21 q_mean=0.607 q_max=1.000 q_above_half=796 marked=0.361 mark_density=0.914 exp_mean=23665.5 addr_spec=3.656 addr_random=0.543 addr_full=0.1570 correct=192
  mpx-70 cover: trials=41400000 overall=0.7500 a0_nochange=1.0000 a0_change=1.0000 a1_nochange=0.0000 a1_change=1.0000 matched_but_wrong=0
  mpx-70 acc: trials=41400000 accuracy=1.0000
  mpx-70 traj: trials=41460000 wall=9793s knowledge=0.7500 reliable=203 spec=7.00 pop=1293
  mpx-70 diag: trials=41460000 micro=3154 pop_spec=6.25 spec_max=21 q_mean=0.609 q_max=1.000 q_above_half=828 marked=0.358 mark_density=0.916 exp_mean=24287.4 addr_spec=3.726 addr_random=0.536 addr_full=0.1609 correct=192
  mpx-70 cover: trials=41460000 overall=0.7500 a0_nochange=1.0000 a0_change=1.0000 a1_nochange=0.0000 a1_change=1.0000 matched_but_wrong=0
  mpx-70 acc: trials=41460000 accuracy=1.0000
  mpx-70 traj: trials=41520000 wall=9804s knowledge=0.7500 reliable=205 spec=7.00 pop=1379
  mpx-70 diag: trials=41520000 micro=3253 pop_spec=6.31 spec_max=21 q_mean=0.602 q_max=1.000 q_above_half=862 marked=0.334 mark_density=0.914 exp_mean=22807.6 addr_spec=3.677 addr_random=0.541 addr_full=0.1523 correct=192
  mpx-70 cover: trials=41520000 overall=0.7500 a0_nochange=1.0000 a0_change=1.0000 a1_nochange=0.0000 a1_change=1.0000 matched_but_wrong=0
  mpx-70 acc: trials=41520000 accuracy=1.0000
  mpx-70 traj: trials=41580000 wall=9816s knowledge=0.7500 reliable=204 spec=7.00 pop=1254
  mpx-70 diag: trials=41580000 micro=3143 pop_spec=6.31 spec_max=21 q_mean=0.617 q_max=1.000 q_above_half=817 marked=0.344 mark_density=0.914 exp_mean=25119.3 addr_spec=3.859 addr_random=0.541 addr_full=0.1675 correct=192
  mpx-70 cover: trials=41580000 overall=0.7500 a0_nochange=1.0000 a0_change=1.0000 a1_nochange=0.0000 a1_change=1.0000 matched_but_wrong=0
  mpx-70 acc: trials=41580000 accuracy=1.0000
  mpx-70 traj: trials=41640000 wall=9827s knowledge=0.7500 reliable=200 spec=7.00 pop=1314
  mpx-70 diag: trials=41640000 micro=3248 pop_spec=6.27 spec_max=21 q_mean=0.606 q_max=1.000 q_above_half=808 marked=0.383 mark_density=0.915 exp_mean=24009.1 addr_spec=3.814 addr_random=0.538 addr_full=0.1697 correct=192
  mpx-70 cover: trials=41640000 overall=0.7500 a0_nochange=1.0000 a0_change=1.0000 a1_nochange=0.0000 a1_change=1.0000 matched_but_wrong=0
  mpx-70 acc: trials=41640000 accuracy=1.0000
  mpx-70 traj: trials=41700000 wall=9838s knowledge=0.7500 reliable=202 spec=7.00 pop=1352
  mpx-70 diag: trials=41700000 micro=3227 pop_spec=6.28 spec_max=21 q_mean=0.604 q_max=1.000 q_above_half=826 marked=0.396 mark_density=0.915 exp_mean=23369.7 addr_spec=3.701 addr_random=0.538 addr_full=0.1642 correct=192
  mpx-70 cover: trials=41700000 overall=0.7500 a0_nochange=1.0000 a0_change=1.0000 a1_nochange=0.0000 a1_change=1.0000 matched_but_wrong=0
  mpx-70 acc: trials=41700000 accuracy=1.0000
  mpx-70 traj: trials=41760000 wall=9850s knowledge=0.7500 reliable=200 spec=7.00 pop=1211
  mpx-70 diag: trials=41760000 micro=3085 pop_spec=6.30 spec_max=21 q_mean=0.611 q_max=1.000 q_above_half=758 marked=0.339 mark_density=0.914 exp_mean=26129.0 addr_spec=3.657 addr_random=0.540 addr_full=0.1660 correct=192
  mpx-70 cover: trials=41760000 overall=0.7500 a0_nochange=1.0000 a0_change=1.0000 a1_nochange=0.0000 a1_change=1.0000 matched_but_wrong=0
  mpx-70 acc: trials=41760000 accuracy=1.0000
  mpx-70 traj: trials=41820000 wall=9862s knowledge=0.7500 reliable=200 spec=7.00 pop=1375
  mpx-70 diag: trials=41820000 micro=3249 pop_spec=6.36 spec_max=21 q_mean=0.601 q_max=1.000 q_above_half=818 marked=0.367 mark_density=0.913 exp_mean=23048.1 addr_spec=3.655 addr_random=0.545 addr_full=0.1644 correct=192
  mpx-70 cover: trials=41820000 overall=0.7500 a0_nochange=1.0000 a0_change=1.0000 a1_nochange=0.0000 a1_change=1.0000 matched_but_wrong=0
  mpx-70 acc: trials=41820000 accuracy=1.0000
  mpx-70 traj: trials=41880000 wall=9873s knowledge=0.7500 reliable=204 spec=7.00 pop=1364
  mpx-70 diag: trials=41880000 micro=3266 pop_spec=6.27 spec_max=21 q_mean=0.596 q_max=1.000 q_above_half=803 marked=0.368 mark_density=0.913 exp_mean=23269.1 addr_spec=3.596 addr_random=0.537 addr_full=0.1562 correct=192
  mpx-70 cover: trials=41880000 overall=0.7500 a0_nochange=1.0000 a0_change=1.0000 a1_nochange=0.0000 a1_change=1.0000 matched_but_wrong=0
  mpx-70 acc: trials=41880000 accuracy=1.0000
  mpx-70 traj: trials=41940000 wall=9884s knowledge=0.7500 reliable=206 spec=7.00 pop=1378
  mpx-70 diag: trials=41940000 micro=3259 pop_spec=6.25 spec_max=21 q_mean=0.596 q_max=1.000 q_above_half=795 marked=0.388 mark_density=0.916 exp_mean=23068.0 addr_spec=3.737 addr_random=0.535 addr_full=0.1553 correct=192
  mpx-70 cover: trials=41940000 overall=0.7500 a0_nochange=1.0000 a0_change=1.0000 a1_nochange=0.0000 a1_change=1.0000 matched_but_wrong=0
  mpx-70 acc: trials=41940000 accuracy=1.0000
  mpx-70 traj: trials=42000000 wall=9896s knowledge=0.7500 reliable=202 spec=7.00 pop=1237
  mpx-70 diag: trials=42000000 micro=3113 pop_spec=6.21 spec_max=21 q_mean=0.610 q_max=1.000 q_above_half=753 marked=0.370 mark_density=0.915 exp_mean=25735.8 addr_spec=3.702 addr_random=0.533 addr_full=0.1706 correct=192
  mpx-70 cover: trials=42000000 overall=0.7500 a0_nochange=1.0000 a0_change=1.0000 a1_nochange=0.0000 a1_change=1.0000 matched_but_wrong=0
  mpx-70 acc: trials=42000000 accuracy=1.0000
  mpx-70 traj: trials=42060000 wall=9908s knowledge=0.7500 reliable=204 spec=7.00 pop=1376
  mpx-70 diag: trials=42060000 micro=3232 pop_spec=6.30 spec_max=21 q_mean=0.602 q_max=1.000 q_above_half=818 marked=0.348 mark_density=0.916 exp_mean=23171.7 addr_spec=3.680 addr_random=0.540 addr_full=0.1519 correct=192
  mpx-70 cover: trials=42060000 overall=0.7500 a0_nochange=1.0000 a0_change=1.0000 a1_nochange=0.0000 a1_change=1.0000 matched_but_wrong=0
  mpx-70 acc: trials=42060000 accuracy=1.0000
  mpx-70 traj: trials=42120000 wall=9920s knowledge=0.7500 reliable=203 spec=7.00 pop=1221
  mpx-70 diag: trials=42120000 micro=3096 pop_spec=6.30 spec_max=21 q_mean=0.611 q_max=1.000 q_above_half=788 marked=0.340 mark_density=0.913 exp_mean=26152.0 addr_spec=3.736 addr_random=0.540 addr_full=0.1802 correct=192
  mpx-70 cover: trials=42120000 overall=0.7500 a0_nochange=1.0000 a0_change=1.0000 a1_nochange=0.0000 a1_change=1.0000 matched_but_wrong=0
  mpx-70 acc: trials=42120000 accuracy=1.0000
  mpx-70 traj: trials=42180000 wall=9932s knowledge=0.7500 reliable=201 spec=7.00 pop=1243
  mpx-70 diag: trials=42180000 micro=3143 pop_spec=6.26 spec_max=21 q_mean=0.612 q_max=1.000 q_above_half=762 marked=0.353 mark_density=0.916 exp_mean=25727.3 addr_spec=3.739 addr_random=0.537 addr_full=0.1754 correct=192
  mpx-70 cover: trials=42180000 overall=0.7500 a0_nochange=1.0000 a0_change=1.0000 a1_nochange=0.0000 a1_change=1.0000 matched_but_wrong=0
  mpx-70 acc: trials=42180000 accuracy=1.0000
  mpx-70 traj: trials=42240000 wall=9944s knowledge=0.7500 reliable=204 spec=7.00 pop=1292
  mpx-70 diag: trials=42240000 micro=3182 pop_spec=6.31 spec_max=21 q_mean=0.609 q_max=1.000 q_above_half=813 marked=0.349 mark_density=0.914 exp_mean=24789.0 addr_spec=3.796 addr_random=0.541 addr_full=0.1625 correct=192
  mpx-70 cover: trials=42240000 overall=0.7500 a0_nochange=1.0000 a0_change=1.0000 a1_nochange=0.0000 a1_change=1.0000 matched_but_wrong=0
  mpx-70 acc: trials=42240000 accuracy=1.0000
  mpx-70 traj: trials=42300000 wall=9956s knowledge=0.7500 reliable=200 spec=7.00 pop=1264
  mpx-70 diag: trials=42300000 micro=3187 pop_spec=6.31 spec_max=21 q_mean=0.607 q_max=1.000 q_above_half=775 marked=0.369 mark_density=0.915 exp_mean=25376.4 addr_spec=3.767 addr_random=0.541 addr_full=0.1717 correct=192
  mpx-70 cover: trials=42300000 overall=0.7500 a0_nochange=1.0000 a0_change=1.0000 a1_nochange=0.0000 a1_change=1.0000 matched_but_wrong=0
  mpx-70 acc: trials=42300000 accuracy=1.0000
  mpx-70 traj: trials=42360000 wall=9968s knowledge=0.7500 reliable=209 spec=7.00 pop=1288
  mpx-70 diag: trials=42360000 micro=3189 pop_spec=6.30 spec_max=21 q_mean=0.607 q_max=1.000 q_above_half=780 marked=0.336 mark_density=0.914 exp_mean=24941.5 addr_spec=3.724 addr_random=0.540 addr_full=0.1716 correct=192
  mpx-70 cover: trials=42360000 overall=0.7500 a0_nochange=1.0000 a0_change=1.0000 a1_nochange=0.0000 a1_change=1.0000 matched_but_wrong=0
  mpx-70 acc: trials=42360000 accuracy=1.0000
  mpx-70 traj: trials=42420000 wall=9980s knowledge=0.7500 reliable=204 spec=7.00 pop=1291
  mpx-70 diag: trials=42420000 micro=3169 pop_spec=6.31 spec_max=21 q_mean=0.602 q_max=1.000 q_above_half=776 marked=0.362 mark_density=0.915 exp_mean=24920.2 addr_spec=3.852 addr_random=0.541 addr_full=0.1665 correct=192
  mpx-70 cover: trials=42420000 overall=0.7500 a0_nochange=1.0000 a0_change=1.0000 a1_nochange=0.0000 a1_change=1.0000 matched_but_wrong=0
  mpx-70 acc: trials=42420000 accuracy=1.0000
  mpx-70 traj: trials=42480000 wall=9992s knowledge=0.7500 reliable=206 spec=7.00 pop=1567
  mpx-70 diag: trials=42480000 micro=3444 pop_spec=6.13 spec_max=21 q_mean=0.590 q_max=1.000 q_above_half=911 marked=0.410 mark_density=0.919 exp_mean=20562.2 addr_spec=3.463 addr_random=0.526 addr_full=0.1417 correct=192
  mpx-70 cover: trials=42480000 overall=0.7500 a0_nochange=1.0000 a0_change=1.0000 a1_nochange=0.0000 a1_change=1.0000 matched_but_wrong=0
  mpx-70 acc: trials=42480000 accuracy=1.0000
  mpx-70 traj: trials=42540000 wall=10005s knowledge=0.7500 reliable=204 spec=7.00 pop=1312
  mpx-70 diag: trials=42540000 micro=3200 pop_spec=6.25 spec_max=21 q_mean=0.602 q_max=1.000 q_above_half=792 marked=0.377 mark_density=0.915 exp_mean=24594.3 addr_spec=3.662 addr_random=0.535 addr_full=0.1593 correct=192
  mpx-70 cover: trials=42540000 overall=0.7500 a0_nochange=1.0000 a0_change=1.0000 a1_nochange=0.0000 a1_change=1.0000 matched_but_wrong=0
  mpx-70 acc: trials=42540000 accuracy=1.0000
  mpx-70 traj: trials=42600000 wall=10017s knowledge=0.7500 reliable=201 spec=7.00 pop=1386
  mpx-70 diag: trials=42600000 micro=3271 pop_spec=6.17 spec_max=21 q_mean=0.601 q_max=1.000 q_above_half=840 marked=0.387 mark_density=0.917 exp_mean=23316.1 addr_spec=3.650 addr_random=0.529 addr_full=0.1616 correct=192
  mpx-70 cover: trials=42600000 overall=0.7500 a0_nochange=1.0000 a0_change=1.0000 a1_nochange=0.0000 a1_change=1.0000 matched_but_wrong=0
  mpx-70 acc: trials=42600000 accuracy=1.0000
  mpx-70 traj: trials=42660000 wall=10029s knowledge=0.7500 reliable=204 spec=7.00 pop=1277
  mpx-70 diag: trials=42660000 micro=3175 pop_spec=6.28 spec_max=21 q_mean=0.608 q_max=1.000 q_above_half=783 marked=0.405 mark_density=0.915 exp_mean=25343.7 addr_spec=3.883 addr_random=0.539 addr_full=0.1668 correct=192
  mpx-70 cover: trials=42660000 overall=0.7500 a0_nochange=1.0000 a0_change=1.0000 a1_nochange=0.0000 a1_change=1.0000 matched_but_wrong=0
  mpx-70 acc: trials=42660000 accuracy=1.0000
  mpx-70 traj: trials=42720000 wall=10042s knowledge=0.7500 reliable=202 spec=7.00 pop=1233
  mpx-70 diag: trials=42720000 micro=3121 pop_spec=6.31 spec_max=21 q_mean=0.610 q_max=1.000 q_above_half=758 marked=0.378 mark_density=0.914 exp_mean=26287.1 addr_spec=3.848 addr_random=0.541 addr_full=0.1792 correct=192
  mpx-70 cover: trials=42720000 overall=0.7500 a0_nochange=1.0000 a0_change=1.0000 a1_nochange=0.0000 a1_change=1.0000 matched_but_wrong=0
  mpx-70 acc: trials=42720000 accuracy=1.0000
  mpx-70 traj: trials=42780000 wall=10054s knowledge=0.7500 reliable=202 spec=7.00 pop=1316
  mpx-70 diag: trials=42780000 micro=3190 pop_spec=6.31 spec_max=21 q_mean=0.604 q_max=1.000 q_above_half=799 marked=0.330 mark_density=0.912 exp_mean=24665.6 addr_spec=3.834 addr_random=0.541 addr_full=0.1603 correct=192
  mpx-70 cover: trials=42780000 overall=0.7500 a0_nochange=1.0000 a0_change=1.0000 a1_nochange=0.0000 a1_change=1.0000 matched_but_wrong=0
  mpx-70 acc: trials=42780000 accuracy=1.0000
  mpx-70 traj: trials=42840000 wall=10066s knowledge=0.7500 reliable=199 spec=7.00 pop=1331
  mpx-70 diag: trials=42840000 micro=3222 pop_spec=6.22 spec_max=21 q_mean=0.601 q_max=1.000 q_above_half=806 marked=0.393 mark_density=0.916 exp_mean=24423.2 addr_spec=3.725 addr_random=0.533 addr_full=0.1623 correct=192
  mpx-70 cover: trials=42840000 overall=0.7500 a0_nochange=1.0000 a0_change=1.0000 a1_nochange=0.0000 a1_change=1.0000 matched_but_wrong=0
  mpx-70 acc: trials=42840000 accuracy=1.0000
  mpx-70 traj: trials=42900000 wall=10078s knowledge=0.7500 reliable=205 spec=7.00 pop=1249
  mpx-70 diag: trials=42900000 micro=3147 pop_spec=6.24 spec_max=21 q_mean=0.621 q_max=1.000 q_above_half=815 marked=0.335 mark_density=0.916 exp_mean=26066.1 addr_spec=3.733 addr_random=0.535 addr_full=0.1649 correct=192
  mpx-70 cover: trials=42900000 overall=0.7500 a0_nochange=1.0000 a0_change=1.0000 a1_nochange=0.0000 a1_change=1.0000 matched_but_wrong=0
  mpx-70 acc: trials=42900000 accuracy=1.0000
  mpx-70 traj: trials=42960000 wall=10090s knowledge=0.7500 reliable=203 spec=7.00 pop=1365
  mpx-70 diag: trials=42960000 micro=3241 pop_spec=6.25 spec_max=21 q_mean=0.606 q_max=1.000 q_above_half=873 marked=0.387 mark_density=0.915 exp_mean=23886.0 addr_spec=3.560 addr_random=0.535 addr_full=0.1560 correct=192
  mpx-70 cover: trials=42960000 overall=0.7500 a0_nochange=1.0000 a0_change=1.0000 a1_nochange=0.0000 a1_change=1.0000 matched_but_wrong=102
  mpx-70 acc: trials=42960000 accuracy=1.0000
  mpx-70 traj: trials=43020000 wall=10103s knowledge=0.7500 reliable=206 spec=7.00 pop=1367
  mpx-70 diag: trials=43020000 micro=3239 pop_spec=6.26 spec_max=21 q_mean=0.612 q_max=1.000 q_above_half=903 marked=0.344 mark_density=0.916 exp_mean=23886.3 addr_spec=3.685 addr_random=0.537 addr_full=0.1565 correct=192
  mpx-70 cover: trials=43020000 overall=0.7500 a0_nochange=1.0000 a0_change=1.0000 a1_nochange=0.0000 a1_change=1.0000 matched_but_wrong=0
  mpx-70 acc: trials=43020000 accuracy=1.0000
  mpx-70 traj: trials=43080000 wall=10115s knowledge=0.7500 reliable=201 spec=7.00 pop=1280
  mpx-70 diag: trials=43080000 micro=3134 pop_spec=6.35 spec_max=21 q_mean=0.610 q_max=1.000 q_above_half=822 marked=0.356 mark_density=0.912 exp_mean=25546.8 addr_spec=3.764 addr_random=0.545 addr_full=0.1680 correct=192
  mpx-70 cover: trials=43080000 overall=0.7500 a0_nochange=1.0000 a0_change=1.0000 a1_nochange=0.0000 a1_change=1.0000 matched_but_wrong=0
  mpx-70 acc: trials=43080000 accuracy=1.0000
  mpx-70 traj: trials=43140000 wall=10126s knowledge=0.7500 reliable=205 spec=7.00 pop=1260
  mpx-70 diag: trials=43140000 micro=3135 pop_spec=6.26 spec_max=21 q_mean=0.609 q_max=1.000 q_above_half=793 marked=0.360 mark_density=0.914 exp_mean=25990.1 addr_spec=3.649 addr_random=0.536 addr_full=0.1675 correct=192
  mpx-70 cover: trials=43140000 overall=0.7500 a0_nochange=1.0000 a0_change=1.0000 a1_nochange=0.0000 a1_change=1.0000 matched_but_wrong=0
  mpx-70 acc: trials=43140000 accuracy=1.0000
  mpx-70 traj: trials=43200000 wall=10138s knowledge=0.7500 reliable=202 spec=7.00 pop=1328
  mpx-70 diag: trials=43200000 micro=3218 pop_spec=6.31 spec_max=21 q_mean=0.608 q_max=1.000 q_above_half=834 marked=0.366 mark_density=0.916 exp_mean=24696.1 addr_spec=3.782 addr_random=0.540 addr_full=0.1566 correct=192
  mpx-70 cover: trials=43200000 overall=0.7500 a0_nochange=1.0000 a0_change=1.0000 a1_nochange=0.0000 a1_change=1.0000 matched_but_wrong=0
  mpx-70 acc: trials=43200000 accuracy=1.0000
  mpx-70 traj: trials=43260000 wall=10150s knowledge=0.7500 reliable=204 spec=7.00 pop=1202
  mpx-70 diag: trials=43260000 micro=3103 pop_spec=6.35 spec_max=21 q_mean=0.625 q_max=1.000 q_above_half=787 marked=0.339 mark_density=0.913 exp_mean=27324.0 addr_spec=3.906 addr_random=0.544 addr_full=0.1814 correct=192
  mpx-70 cover: trials=43260000 overall=0.7500 a0_nochange=1.0000 a0_change=1.0000 a1_nochange=0.0000 a1_change=1.0000 matched_but_wrong=0
  mpx-70 acc: trials=43260000 accuracy=1.0000
  mpx-70 traj: trials=43320000 wall=10163s knowledge=0.7500 reliable=211 spec=7.00 pop=1262
  mpx-70 diag: trials=43320000 micro=3108 pop_spec=6.32 spec_max=21 q_mean=0.614 q_max=1.000 q_above_half=824 marked=0.357 mark_density=0.914 exp_mean=26064.1 addr_spec=3.860 addr_random=0.541 addr_full=0.1680 correct=192
  mpx-70 cover: trials=43320000 overall=0.7500 a0_nochange=1.0000 a0_change=1.0000 a1_nochange=0.0000 a1_change=1.0000 matched_but_wrong=0
  mpx-70 acc: trials=43320000 accuracy=1.0000
  mpx-70 traj: trials=43380000 wall=10175s knowledge=0.7500 reliable=201 spec=7.00 pop=1256
  mpx-70 diag: trials=43380000 micro=3157 pop_spec=6.38 spec_max=21 q_mean=0.615 q_max=1.000 q_above_half=807 marked=0.342 mark_density=0.914 exp_mean=26225.8 addr_spec=3.747 addr_random=0.547 addr_full=0.1632 correct=192
  mpx-70 cover: trials=43380000 overall=0.7500 a0_nochange=1.0000 a0_change=1.0000 a1_nochange=0.0000 a1_change=1.0000 matched_but_wrong=0
  mpx-70 acc: trials=43380000 accuracy=1.0000
  mpx-70 traj: trials=43440000 wall=10187s knowledge=0.7500 reliable=202 spec=7.00 pop=1208
  mpx-70 diag: trials=43440000 micro=3125 pop_spec=6.33 spec_max=21 q_mean=0.615 q_max=1.000 q_above_half=784 marked=0.348 mark_density=0.913 exp_mean=27307.9 addr_spec=3.808 addr_random=0.543 addr_full=0.1772 correct=192
  mpx-70 cover: trials=43440000 overall=0.7500 a0_nochange=1.0000 a0_change=1.0000 a1_nochange=0.0000 a1_change=1.0000 matched_but_wrong=0
  mpx-70 acc: trials=43440000 accuracy=1.0000
  mpx-70 traj: trials=43500000 wall=10198s knowledge=0.7500 reliable=207 spec=7.00 pop=1229
  mpx-70 diag: trials=43500000 micro=3137 pop_spec=6.34 spec_max=21 q_mean=0.612 q_max=1.000 q_above_half=788 marked=0.303 mark_density=0.913 exp_mean=26879.8 addr_spec=3.784 addr_random=0.544 addr_full=0.1880 correct=192
  mpx-70 cover: trials=43500000 overall=0.7500 a0_nochange=1.0000 a0_change=1.0000 a1_nochange=0.0000 a1_change=1.0000 matched_but_wrong=0
  mpx-70 acc: trials=43500000 accuracy=1.0000
  mpx-70 traj: trials=43560000 wall=10211s knowledge=0.7500 reliable=200 spec=7.00 pop=1342
  mpx-70 diag: trials=43560000 micro=3211 pop_spec=6.34 spec_max=21 q_mean=0.604 q_max=1.000 q_above_half=803 marked=0.372 mark_density=0.914 exp_mean=24652.6 addr_spec=3.801 addr_random=0.543 addr_full=0.1632 correct=192
  mpx-70 cover: trials=43560000 overall=0.7500 a0_nochange=1.0000 a0_change=1.0000 a1_nochange=0.0000 a1_change=1.0000 matched_but_wrong=0
  mpx-70 acc: trials=43560000 accuracy=1.0000
  mpx-70 traj: trials=43620000 wall=10223s knowledge=0.7500 reliable=200 spec=7.00 pop=1336
  mpx-70 diag: trials=43620000 micro=3195 pop_spec=6.31 spec_max=21 q_mean=0.598 q_max=1.000 q_above_half=807 marked=0.390 mark_density=0.915 exp_mean=24799.4 addr_spec=3.840 addr_random=0.541 addr_full=0.1602 correct=192
  mpx-70 cover: trials=43620000 overall=0.7500 a0_nochange=1.0000 a0_change=1.0000 a1_nochange=0.0000 a1_change=1.0000 matched_but_wrong=0
  mpx-70 acc: trials=43620000 accuracy=1.0000
  mpx-70 traj: trials=43680000 wall=10235s knowledge=0.7500 reliable=206 spec=7.00 pop=1268
  mpx-70 diag: trials=43680000 micro=3160 pop_spec=6.38 spec_max=21 q_mean=0.610 q_max=1.000 q_above_half=791 marked=0.328 mark_density=0.912 exp_mean=26167.3 addr_spec=3.989 addr_random=0.547 addr_full=0.1672 correct=192
  mpx-70 cover: trials=43680000 overall=0.7500 a0_nochange=1.0000 a0_change=1.0000 a1_nochange=0.0000 a1_change=1.0000 matched_but_wrong=172
  mpx-70 acc: trials=43680000 accuracy=1.0000
  mpx-70 traj: trials=43740000 wall=10247s knowledge=0.7500 reliable=203 spec=7.00 pop=1305
  mpx-70 diag: trials=43740000 micro=3159 pop_spec=6.30 spec_max=21 q_mean=0.602 q_max=1.000 q_above_half=802 marked=0.388 mark_density=0.913 exp_mean=25462.3 addr_spec=3.795 addr_random=0.540 addr_full=0.1640 correct=192
  mpx-70 cover: trials=43740000 overall=0.7500 a0_nochange=1.0000 a0_change=1.0000 a1_nochange=0.0000 a1_change=1.0000 matched_but_wrong=0
  mpx-70 acc: trials=43740000 accuracy=1.0000
  mpx-70 traj: trials=43800000 wall=10259s knowledge=0.7500 reliable=209 spec=7.00 pop=1259
  mpx-70 diag: trials=43800000 micro=3092 pop_spec=6.31 spec_max=21 q_mean=0.616 q_max=1.000 q_above_half=805 marked=0.365 mark_density=0.913 exp_mean=26269.9 addr_spec=3.699 addr_random=0.541 addr_full=0.1676 correct=192
  mpx-70 cover: trials=43800000 overall=0.7500 a0_nochange=1.0000 a0_change=1.0000 a1_nochange=0.0000 a1_change=1.0000 matched_but_wrong=0
  mpx-70 acc: trials=43800000 accuracy=1.0000
  mpx-70 traj: trials=43860000 wall=10272s knowledge=0.7500 reliable=209 spec=7.07 pop=1349
  mpx-70 diag: trials=43860000 micro=3202 pop_spec=6.29 spec_max=21 q_mean=0.607 q_max=1.000 q_above_half=830 marked=0.383 mark_density=0.915 exp_mean=24552.4 addr_spec=3.666 addr_random=0.539 addr_full=0.1586 correct=192
  mpx-70 cover: trials=43860000 overall=0.7500 a0_nochange=1.0000 a0_change=1.0000 a1_nochange=0.0000 a1_change=1.0000 matched_but_wrong=0
  mpx-70 acc: trials=43860000 accuracy=1.0000
  mpx-70 traj: trials=43920000 wall=10284s knowledge=0.7500 reliable=200 spec=7.07 pop=1280
  mpx-70 diag: trials=43920000 micro=3173 pop_spec=6.27 spec_max=21 q_mean=0.614 q_max=1.000 q_above_half=823 marked=0.341 mark_density=0.915 exp_mean=25912.2 addr_spec=3.781 addr_random=0.538 addr_full=0.1641 correct=192
  mpx-70 cover: trials=43920000 overall=0.7500 a0_nochange=1.0000 a0_change=1.0000 a1_nochange=0.0000 a1_change=1.0000 matched_but_wrong=0
  mpx-70 acc: trials=43920000 accuracy=1.0000
  mpx-70 traj: trials=43980000 wall=10296s knowledge=0.7500 reliable=209 spec=7.07 pop=1229
  mpx-70 diag: trials=43980000 micro=3088 pop_spec=6.34 spec_max=21 q_mean=0.609 q_max=1.000 q_above_half=735 marked=0.355 mark_density=0.914 exp_mean=27027.1 addr_spec=3.790 addr_random=0.543 addr_full=0.1766 correct=192
  mpx-70 cover: trials=43980000 overall=0.7500 a0_nochange=1.0000 a0_change=1.0000 a1_nochange=0.0000 a1_change=1.0000 matched_but_wrong=0
  mpx-70 acc: trials=43980000 accuracy=1.0000
  mpx-70 traj: trials=44040000 wall=10308s knowledge=0.7500 reliable=205 spec=7.07 pop=1364
  mpx-70 diag: trials=44040000 micro=3267 pop_spec=6.29 spec_max=21 q_mean=0.595 q_max=1.000 q_above_half=772 marked=0.404 mark_density=0.914 exp_mean=24387.8 addr_spec=3.851 addr_random=0.539 addr_full=0.1620 correct=192
  mpx-70 cover: trials=44040000 overall=0.7500 a0_nochange=1.0000 a0_change=1.0000 a1_nochange=0.0000 a1_change=1.0000 matched_but_wrong=0
  mpx-70 acc: trials=44040000 accuracy=1.0000
  mpx-70 traj: trials=44100000 wall=10320s knowledge=0.7500 reliable=205 spec=7.07 pop=1293
  mpx-70 diag: trials=44100000 micro=3159 pop_spec=6.32 spec_max=21 q_mean=0.607 q_max=1.000 q_above_half=807 marked=0.355 mark_density=0.914 exp_mean=25763.6 addr_spec=3.850 addr_random=0.542 addr_full=0.1694 correct=192
  mpx-70 cover: trials=44100000 overall=0.7500 a0_nochange=1.0000 a0_change=1.0000 a1_nochange=0.0000 a1_change=1.0000 matched_but_wrong=0
  mpx-70 acc: trials=44100000 accuracy=1.0000
  mpx-70 traj: trials=44160000 wall=10332s knowledge=0.7500 reliable=204 spec=7.07 pop=1212
  mpx-70 diag: trials=44160000 micro=3094 pop_spec=6.29 spec_max=21 q_mean=0.607 q_max=1.000 q_above_half=733 marked=0.370 mark_density=0.914 exp_mean=27525.2 addr_spec=3.849 addr_random=0.539 addr_full=0.1749 correct=192
  mpx-70 cover: trials=44160000 overall=0.7500 a0_nochange=1.0000 a0_change=1.0000 a1_nochange=0.0000 a1_change=1.0000 matched_but_wrong=0
  mpx-70 acc: trials=44160000 accuracy=1.0000
  mpx-70 traj: trials=44220000 wall=10343s knowledge=0.7500 reliable=204 spec=7.07 pop=1226
  mpx-70 diag: trials=44220000 micro=3121 pop_spec=6.31 spec_max=21 q_mean=0.611 q_max=1.000 q_above_half=764 marked=0.315 mark_density=0.914 exp_mean=27250.3 addr_spec=3.732 addr_random=0.541 addr_full=0.1697 correct=192
  mpx-70 cover: trials=44220000 overall=0.7500 a0_nochange=1.0000 a0_change=1.0000 a1_nochange=0.0000 a1_change=1.0000 matched_but_wrong=0
  mpx-70 acc: trials=44220000 accuracy=1.0000
  mpx-70 traj: trials=44280000 wall=10354s knowledge=0.7500 reliable=206 spec=7.07 pop=1292
  mpx-70 diag: trials=44280000 micro=3174 pop_spec=6.31 spec_max=21 q_mean=0.614 q_max=1.000 q_above_half=825 marked=0.351 mark_density=0.914 exp_mean=25895.2 addr_spec=3.789 addr_random=0.541 addr_full=0.1649 correct=192
  mpx-70 cover: trials=44280000 overall=0.7500 a0_nochange=1.0000 a0_change=1.0000 a1_nochange=0.0000 a1_change=1.0000 matched_but_wrong=103
  mpx-70 acc: trials=44280000 accuracy=1.0000
  mpx-70 traj: trials=44340000 wall=10366s knowledge=0.7500 reliable=210 spec=7.07 pop=1367
  mpx-70 diag: trials=44340000 micro=3264 pop_spec=6.26 spec_max=21 q_mean=0.602 q_max=1.000 q_above_half=834 marked=0.388 mark_density=0.915 exp_mean=24510.6 addr_spec=3.653 addr_random=0.537 addr_full=0.1631 correct=192
  mpx-70 cover: trials=44340000 overall=0.7500 a0_nochange=1.0000 a0_change=1.0000 a1_nochange=0.0000 a1_change=1.0000 matched_but_wrong=0
  mpx-70 acc: trials=44340000 accuracy=1.0000
  mpx-70 traj: trials=44400000 wall=10377s knowledge=0.7500 reliable=205 spec=7.07 pop=1260
  mpx-70 diag: trials=44400000 micro=3155 pop_spec=6.31 spec_max=21 q_mean=0.615 q_max=1.000 q_above_half=822 marked=0.333 mark_density=0.914 exp_mean=26629.7 addr_spec=3.802 addr_random=0.540 addr_full=0.1690 correct=192
  mpx-70 cover: trials=44400000 overall=0.7500 a0_nochange=1.0000 a0_change=1.0000 a1_nochange=0.0000 a1_change=1.0000 matched_but_wrong=0
  mpx-70 acc: trials=44400000 accuracy=1.0000
  mpx-70 traj: trials=44460000 wall=10389s knowledge=0.7500 reliable=209 spec=7.06 pop=1330
  mpx-70 diag: trials=44460000 micro=3223 pop_spec=6.33 spec_max=21 q_mean=0.605 q_max=1.000 q_above_half=815 marked=0.370 mark_density=0.914 exp_mean=25264.1 addr_spec=3.771 addr_random=0.542 addr_full=0.1647 correct=192
  mpx-70 cover: trials=44460000 overall=0.7500 a0_nochange=1.0000 a0_change=1.0000 a1_nochange=0.0000 a1_change=1.0000 matched_but_wrong=212
  mpx-70 acc: trials=44460000 accuracy=1.0000
  mpx-70 traj: trials=44520000 wall=10400s knowledge=0.7500 reliable=209 spec=7.07 pop=1307
  mpx-70 diag: trials=44520000 micro=3174 pop_spec=6.30 spec_max=21 q_mean=0.601 q_max=1.000 q_above_half=773 marked=0.383 mark_density=0.914 exp_mean=25745.8 addr_spec=3.682 addr_random=0.540 addr_full=0.1622 correct=192
  mpx-70 cover: trials=44520000 overall=0.7500 a0_nochange=1.0000 a0_change=1.0000 a1_nochange=0.0000 a1_change=1.0000 matched_but_wrong=0
  mpx-70 acc: trials=44520000 accuracy=1.0000
  mpx-70 traj: trials=44580000 wall=10412s knowledge=0.7500 reliable=207 spec=7.07 pop=1220
  mpx-70 diag: trials=44580000 micro=3150 pop_spec=6.32 spec_max=21 q_mean=0.617 q_max=1.000 q_above_half=773 marked=0.302 mark_density=0.914 exp_mean=27619.7 addr_spec=3.719 addr_random=0.541 addr_full=0.1803 correct=192
  mpx-70 cover: trials=44580000 overall=0.7500 a0_nochange=1.0000 a0_change=1.0000 a1_nochange=0.0000 a1_change=1.0000 matched_but_wrong=0
  mpx-70 acc: trials=44580000 accuracy=1.0000
  mpx-70 traj: trials=44640000 wall=10423s knowledge=0.7500 reliable=206 spec=7.07 pop=1336
  mpx-70 diag: trials=44640000 micro=3183 pop_spec=6.28 spec_max=21 q_mean=0.600 q_max=1.000 q_above_half=836 marked=0.345 mark_density=0.915 exp_mean=25258.2 addr_spec=3.676 addr_random=0.539 addr_full=0.1594 correct=192
  mpx-70 cover: trials=44640000 overall=0.7500 a0_nochange=1.0000 a0_change=1.0000 a1_nochange=0.0000 a1_change=1.0000 matched_but_wrong=0
  mpx-70 acc: trials=44640000 accuracy=1.0000
  mpx-70 traj: trials=44700000 wall=10435s knowledge=0.7500 reliable=202 spec=7.07 pop=1217
  mpx-70 diag: trials=44700000 micro=3142 pop_spec=6.35 spec_max=21 q_mean=0.615 q_max=1.000 q_above_half=802 marked=0.339 mark_density=0.914 exp_mean=27767.0 addr_spec=3.762 addr_random=0.544 addr_full=0.1758 correct=192
  mpx-70 cover: trials=44700000 overall=0.7500 a0_nochange=1.0000 a0_change=1.0000 a1_nochange=0.0000 a1_change=1.0000 matched_but_wrong=0
  mpx-70 acc: trials=44700000 accuracy=1.0000
  mpx-70 traj: trials=44760000 wall=10446s knowledge=0.7500 reliable=207 spec=7.07 pop=1290
  mpx-70 diag: trials=44760000 micro=3202 pop_spec=6.29 spec_max=21 q_mean=0.605 q_max=1.000 q_above_half=778 marked=0.342 mark_density=0.914 exp_mean=26232.8 addr_spec=3.717 addr_random=0.539 addr_full=0.1744 correct=192
  mpx-70 cover: trials=44760000 overall=0.7500 a0_nochange=1.0000 a0_change=1.0000 a1_nochange=0.0000 a1_change=1.0000 matched_but_wrong=0
  mpx-70 acc: trials=44760000 accuracy=1.0000
  mpx-70 traj: trials=44820000 wall=10457s knowledge=0.7500 reliable=203 spec=7.07 pop=1268
  mpx-70 diag: trials=44820000 micro=3171 pop_spec=6.28 spec_max=21 q_mean=0.603 q_max=1.000 q_above_half=783 marked=0.338 mark_density=0.914 exp_mean=26725.7 addr_spec=3.722 addr_random=0.538 addr_full=0.1664 correct=192
  mpx-70 cover: trials=44820000 overall=0.7500 a0_nochange=1.0000 a0_change=1.0000 a1_nochange=0.0000 a1_change=1.0000 matched_but_wrong=0
  mpx-70 acc: trials=44820000 accuracy=1.0000
  mpx-70 traj: trials=44880000 wall=10469s knowledge=0.7500 reliable=204 spec=7.07 pop=1256
  mpx-70 diag: trials=44880000 micro=3163 pop_spec=6.33 spec_max=21 q_mean=0.615 q_max=1.000 q_above_half=818 marked=0.327 mark_density=0.914 exp_mean=27019.6 addr_spec=3.831 addr_random=0.542 addr_full=0.1815 correct=192
  mpx-70 cover: trials=44880000 overall=0.7500 a0_nochange=1.0000 a0_change=1.0000 a1_nochange=0.0000 a1_change=1.0000 matched_but_wrong=0
  mpx-70 acc: trials=44880000 accuracy=1.0000
  mpx-70 traj: trials=44940000 wall=10480s knowledge=0.7500 reliable=204 spec=7.07 pop=1348
  mpx-70 diag: trials=44940000 micro=3201 pop_spec=6.25 spec_max=21 q_mean=0.599 q_max=1.000 q_above_half=828 marked=0.374 mark_density=0.915 exp_mean=25210.9 addr_spec=3.588 addr_random=0.536 addr_full=0.1536 correct=192
  mpx-70 cover: trials=44940000 overall=0.7500 a0_nochange=1.0000 a0_change=1.0000 a1_nochange=0.0000 a1_change=1.0000 matched_but_wrong=0
  mpx-70 acc: trials=44940000 accuracy=1.0000
  mpx-70 traj: trials=45000000 wall=10492s knowledge=0.7500 reliable=203 spec=7.07 pop=1282
  mpx-70 diag: trials=45000000 micro=3168 pop_spec=6.29 spec_max=21 q_mean=0.613 q_max=1.000 q_above_half=819 marked=0.334 mark_density=0.916 exp_mean=26546.2 addr_spec=3.832 addr_random=0.539 addr_full=0.1607 correct=192
  mpx-70 cover: trials=45000000 overall=0.7500 a0_nochange=1.0000 a0_change=1.0000 a1_nochange=0.0000 a1_change=1.0000 matched_but_wrong=0
  mpx-70 acc: trials=45000000 accuracy=1.0000
  mpx-70 traj: trials=45060000 wall=10504s knowledge=0.7500 reliable=201 spec=7.07 pop=1257
  mpx-70 diag: trials=45060000 micro=3147 pop_spec=6.29 spec_max=21 q_mean=0.606 q_max=1.000 q_above_half=762 marked=0.356 mark_density=0.915 exp_mean=27111.7 addr_spec=3.765 addr_random=0.539 addr_full=0.1615 correct=192
  mpx-70 cover: trials=45060000 overall=0.7500 a0_nochange=1.0000 a0_change=1.0000 a1_nochange=0.0000 a1_change=1.0000 matched_but_wrong=0
  mpx-70 acc: trials=45060000 accuracy=1.0000
  mpx-70 traj: trials=45120000 wall=10516s knowledge=0.7500 reliable=207 spec=7.07 pop=1313
  mpx-70 diag: trials=45120000 micro=3170 pop_spec=6.30 spec_max=21 q_mean=0.604 q_max=1.000 q_above_half=815 marked=0.355 mark_density=0.915 exp_mean=25992.9 addr_spec=3.789 addr_random=0.540 addr_full=0.1668 correct=192
  mpx-70 cover: trials=45120000 overall=0.7500 a0_nochange=1.0000 a0_change=1.0000 a1_nochange=0.0000 a1_change=1.0000 matched_but_wrong=0
  mpx-70 acc: trials=45120000 accuracy=1.0000
  mpx-70 traj: trials=45180000 wall=10528s knowledge=0.7500 reliable=206 spec=7.07 pop=1243
  mpx-70 diag: trials=45180000 micro=3135 pop_spec=6.28 spec_max=21 q_mean=0.612 q_max=1.000 q_above_half=810 marked=0.336 mark_density=0.915 exp_mean=27494.8 addr_spec=3.829 addr_random=0.538 addr_full=0.1722 correct=192
  mpx-70 cover: trials=45180000 overall=0.7500 a0_nochange=1.0000 a0_change=1.0000 a1_nochange=0.0000 a1_change=1.0000 matched_but_wrong=0
  mpx-70 acc: trials=45180000 accuracy=1.0000
  mpx-70 traj: trials=45240000 wall=10540s knowledge=0.7500 reliable=210 spec=7.07 pop=1360
  mpx-70 diag: trials=45240000 micro=3190 pop_spec=6.26 spec_max=21 q_mean=0.611 q_max=1.000 q_above_half=849 marked=0.342 mark_density=0.917 exp_mean=25166.0 addr_spec=3.777 addr_random=0.537 addr_full=0.1596 correct=192
  mpx-70 cover: trials=45240000 overall=0.7500 a0_nochange=1.0000 a0_change=1.0000 a1_nochange=0.0000 a1_change=1.0000 matched_but_wrong=0
  mpx-70 acc: trials=45240000 accuracy=1.0000
  mpx-70 traj: trials=45300000 wall=10553s knowledge=0.7500 reliable=203 spec=7.07 pop=1283
  mpx-70 diag: trials=45300000 micro=3127 pop_spec=6.19 spec_max=21 q_mean=0.610 q_max=1.000 q_above_half=809 marked=0.380 mark_density=0.916 exp_mean=26713.3 addr_spec=3.752 addr_random=0.531 addr_full=0.1691 correct=192
  mpx-70 cover: trials=45300000 overall=0.7500 a0_nochange=1.0000 a0_change=1.0000 a1_nochange=0.0000 a1_change=1.0000 matched_but_wrong=0
  mpx-70 acc: trials=45300000 accuracy=1.0000
  mpx-70 traj: trials=45360000 wall=10565s knowledge=0.7500 reliable=203 spec=7.07 pop=1254
  mpx-70 diag: trials=45360000 micro=3116 pop_spec=6.34 spec_max=21 q_mean=0.612 q_max=1.000 q_above_half=819 marked=0.350 mark_density=0.912 exp_mean=27369.0 addr_spec=3.866 addr_random=0.543 addr_full=0.1730 correct=192
  mpx-70 cover: trials=45360000 overall=0.7500 a0_nochange=1.0000 a0_change=1.0000 a1_nochange=0.0000 a1_change=1.0000 matched_but_wrong=0
  mpx-70 acc: trials=45360000 accuracy=1.0000
  mpx-70 traj: trials=45420000 wall=10577s knowledge=0.7500 reliable=211 spec=7.07 pop=1251
  mpx-70 diag: trials=45420000 micro=3133 pop_spec=6.26 spec_max=21 q_mean=0.611 q_max=1.000 q_above_half=781 marked=0.373 mark_density=0.916 exp_mean=27473.6 addr_spec=3.757 addr_random=0.537 addr_full=0.1719 correct=192
  mpx-70 cover: trials=45420000 overall=0.7500 a0_nochange=1.0000 a0_change=1.0000 a1_nochange=0.0000 a1_change=1.0000 matched_but_wrong=0
  mpx-70 acc: trials=45420000 accuracy=1.0000
  mpx-70 traj: trials=45480000 wall=10589s knowledge=0.7500 reliable=202 spec=7.07 pop=1248
  mpx-70 diag: trials=45480000 micro=3114 pop_spec=6.28 spec_max=21 q_mean=0.614 q_max=1.000 q_above_half=809 marked=0.342 mark_density=0.913 exp_mean=27577.1 addr_spec=3.688 addr_random=0.538 addr_full=0.1723 correct=192
  mpx-70 cover: trials=45480000 overall=0.7500 a0_nochange=1.0000 a0_change=1.0000 a1_nochange=0.0000 a1_change=1.0000 matched_but_wrong=97
  mpx-70 acc: trials=45480000 accuracy=1.0000
  mpx-70 traj: trials=45540000 wall=10602s knowledge=0.7500 reliable=204 spec=7.07 pop=1262
  mpx-70 diag: trials=45540000 micro=3146 pop_spec=6.32 spec_max=21 q_mean=0.611 q_max=1.000 q_above_half=798 marked=0.363 mark_density=0.915 exp_mean=27308.8 addr_spec=3.841 addr_random=0.542 addr_full=0.1696 correct=192
  mpx-70 cover: trials=45540000 overall=0.7500 a0_nochange=1.0000 a0_change=1.0000 a1_nochange=0.0000 a1_change=1.0000 matched_but_wrong=169
  mpx-70 acc: trials=45540000 accuracy=1.0000
  mpx-70 traj: trials=45600000 wall=10614s knowledge=0.7500 reliable=203 spec=7.07 pop=1339
  mpx-70 diag: trials=45600000 micro=3233 pop_spec=6.36 spec_max=21 q_mean=0.611 q_max=1.000 q_above_half=857 marked=0.325 mark_density=0.913 exp_mean=25774.2 addr_spec=3.819 addr_random=0.545 addr_full=0.1613 correct=192
  mpx-70 cover: trials=45600000 overall=0.7500 a0_nochange=1.0000 a0_change=1.0000 a1_nochange=0.0000 a1_change=1.0000 matched_but_wrong=0
  mpx-70 acc: trials=45600000 accuracy=1.0000
  mpx-70 traj: trials=45660000 wall=10626s knowledge=0.7500 reliable=210 spec=7.07 pop=1318
  mpx-70 diag: trials=45660000 micro=3157 pop_spec=6.31 spec_max=21 q_mean=0.609 q_max=1.000 q_above_half=832 marked=0.315 mark_density=0.914 exp_mean=26221.8 addr_spec=3.761 addr_random=0.541 addr_full=0.1662 correct=192
  mpx-70 cover: trials=45660000 overall=0.7500 a0_nochange=1.0000 a0_change=1.0000 a1_nochange=0.0000 a1_change=1.0000 matched_but_wrong=214
  mpx-70 acc: trials=45660000 accuracy=1.0000
  mpx-70 traj: trials=45720000 wall=10638s knowledge=0.7500 reliable=206 spec=7.07 pop=1336
  mpx-70 diag: trials=45720000 micro=3177 pop_spec=6.24 spec_max=21 q_mean=0.607 q_max=1.000 q_above_half=823 marked=0.362 mark_density=0.915 exp_mean=25904.7 addr_spec=3.743 addr_random=0.535 addr_full=0.1609 correct=192
  mpx-70 cover: trials=45720000 overall=0.7500 a0_nochange=1.0000 a0_change=1.0000 a1_nochange=0.0000 a1_change=1.0000 matched_but_wrong=0
  mpx-70 acc: trials=45720000 accuracy=1.0000
  mpx-70 traj: trials=45780000 wall=10650s knowledge=0.7500 reliable=205 spec=7.07 pop=1279
  mpx-70 diag: trials=45780000 micro=3176 pop_spec=6.34 spec_max=21 q_mean=0.613 q_max=1.000 q_above_half=809 marked=0.367 mark_density=0.913 exp_mean=27096.7 addr_spec=3.877 addr_random=0.544 addr_full=0.1634 correct=192
  mpx-70 cover: trials=45780000 overall=0.7500 a0_nochange=1.0000 a0_change=1.0000 a1_nochange=0.0000 a1_change=1.0000 matched_but_wrong=0
  mpx-70 acc: trials=45780000 accuracy=1.0000
  mpx-70 traj: trials=45840000 wall=10662s knowledge=0.7500 reliable=200 spec=7.07 pop=1238
  mpx-70 diag: trials=45840000 micro=3124 pop_spec=6.33 spec_max=21 q_mean=0.607 q_max=1.000 q_above_half=790 marked=0.346 mark_density=0.913 exp_mean=28031.9 addr_spec=3.595 addr_random=0.542 addr_full=0.1721 correct=192
  mpx-70 cover: trials=45840000 overall=0.7500 a0_nochange=1.0000 a0_change=1.0000 a1_nochange=0.0000 a1_change=1.0000 matched_but_wrong=0
  mpx-70 acc: trials=45840000 accuracy=1.0000
  mpx-70 traj: trials=45900000 wall=10674s knowledge=0.7500 reliable=205 spec=7.07 pop=1306
  mpx-70 diag: trials=45900000 micro=3142 pop_spec=6.33 spec_max=21 q_mean=0.604 q_max=1.000 q_above_half=805 marked=0.386 mark_density=0.914 exp_mean=26609.5 addr_spec=3.800 addr_random=0.542 addr_full=0.1616 correct=192
  mpx-70 cover: trials=45900000 overall=0.7500 a0_nochange=1.0000 a0_change=1.0000 a1_nochange=0.0000 a1_change=1.0000 matched_but_wrong=0
  mpx-70 acc: trials=45900000 accuracy=1.0000
  mpx-70 traj: trials=45960000 wall=10685s knowledge=0.7500 reliable=206 spec=7.07 pop=1273
  mpx-70 diag: trials=45960000 micro=3198 pop_spec=6.31 spec_max=21 q_mean=0.610 q_max=1.000 q_above_half=792 marked=0.346 mark_density=0.915 exp_mean=27337.5 addr_spec=3.789 addr_random=0.541 addr_full=0.1689 correct=192
  mpx-70 cover: trials=45960000 overall=0.7500 a0_nochange=1.0000 a0_change=1.0000 a1_nochange=0.0000 a1_change=1.0000 matched_but_wrong=0
  mpx-70 acc: trials=45960000 accuracy=1.0000
  mpx-70 traj: trials=46020000 wall=10697s knowledge=0.7500 reliable=204 spec=7.07 pop=1368
  mpx-70 diag: trials=46020000 micro=3242 pop_spec=6.28 spec_max=21 q_mean=0.607 q_max=1.000 q_above_half=869 marked=0.371 mark_density=0.915 exp_mean=25474.1 addr_spec=3.681 addr_random=0.538 addr_full=0.1557 correct=192
  mpx-70 cover: trials=46020000 overall=0.7500 a0_nochange=1.0000 a0_change=1.0000 a1_nochange=0.0000 a1_change=1.0000 matched_but_wrong=0
  mpx-70 acc: trials=46020000 accuracy=1.0000
  mpx-70 traj: trials=46080000 wall=10708s knowledge=0.7500 reliable=203 spec=7.07 pop=1219
  mpx-70 diag: trials=46080000 micro=3132 pop_spec=6.31 spec_max=21 q_mean=0.620 q_max=1.000 q_above_half=806 marked=0.338 mark_density=0.915 exp_mean=28626.8 addr_spec=3.844 addr_random=0.541 addr_full=0.1772 correct=192
  mpx-70 cover: trials=46080000 overall=0.7500 a0_nochange=1.0000 a0_change=1.0000 a1_nochange=0.0000 a1_change=1.0000 matched_but_wrong=0
  mpx-70 acc: trials=46080000 accuracy=1.0000
  mpx-70 traj: trials=46140000 wall=10719s knowledge=0.7500 reliable=196 spec=7.07 pop=1258
  mpx-70 diag: trials=46140000 micro=3172 pop_spec=6.32 spec_max=21 q_mean=0.608 q_max=1.000 q_above_half=788 marked=0.373 mark_density=0.914 exp_mean=27776.5 addr_spec=3.903 addr_random=0.541 addr_full=0.1797 correct=192
  mpx-70 cover: trials=46140000 overall=0.7500 a0_nochange=1.0000 a0_change=1.0000 a1_nochange=0.0000 a1_change=1.0000 matched_but_wrong=0
  mpx-70 acc: trials=46140000 accuracy=1.0000
  mpx-70 traj: trials=46200000 wall=10731s knowledge=0.7500 reliable=201 spec=7.07 pop=1255
  mpx-70 diag: trials=46200000 micro=3081 pop_spec=6.34 spec_max=21 q_mean=0.616 q_max=1.000 q_above_half=806 marked=0.351 mark_density=0.913 exp_mean=27881.7 addr_spec=3.815 addr_random=0.543 addr_full=0.1721 correct=192
  mpx-70 cover: trials=46200000 overall=0.7500 a0_nochange=1.0000 a0_change=1.0000 a1_nochange=0.0000 a1_change=1.0000 matched_but_wrong=0
  mpx-70 acc: trials=46200000 accuracy=1.0000
  mpx-70 traj: trials=46260000 wall=10742s knowledge=0.7500 reliable=203 spec=7.07 pop=1293
  mpx-70 diag: trials=46260000 micro=3148 pop_spec=6.31 spec_max=21 q_mean=0.608 q_max=1.000 q_above_half=810 marked=0.370 mark_density=0.914 exp_mean=27099.8 addr_spec=3.862 addr_random=0.541 addr_full=0.1694 correct=192
  mpx-70 cover: trials=46260000 overall=0.7500 a0_nochange=1.0000 a0_change=1.0000 a1_nochange=0.0000 a1_change=1.0000 matched_but_wrong=0
  mpx-70 acc: trials=46260000 accuracy=1.0000
  mpx-70 traj: trials=46320000 wall=10754s knowledge=0.7500 reliable=201 spec=7.06 pop=1313
  mpx-70 diag: trials=46320000 micro=3157 pop_spec=6.28 spec_max=21 q_mean=0.603 q_max=1.000 q_above_half=799 marked=0.338 mark_density=0.913 exp_mean=26723.2 addr_spec=3.771 addr_random=0.538 addr_full=0.1660 correct=192
  mpx-70 cover: trials=46320000 overall=0.7500 a0_nochange=1.0000 a0_change=1.0000 a1_nochange=0.0000 a1_change=1.0000 matched_but_wrong=0
  mpx-70 acc: trials=46320000 accuracy=1.0000
  mpx-70 traj: trials=46380000 wall=10765s knowledge=0.7500 reliable=204 spec=7.07 pop=1246
  mpx-70 diag: trials=46380000 micro=3125 pop_spec=6.35 spec_max=21 q_mean=0.619 q_max=1.000 q_above_half=835 marked=0.344 mark_density=0.913 exp_mean=28198.9 addr_spec=3.925 addr_random=0.544 addr_full=0.1734 correct=192
  mpx-70 cover: trials=46380000 overall=0.7500 a0_nochange=1.0000 a0_change=1.0000 a1_nochange=0.0000 a1_change=1.0000 matched_but_wrong=0
  mpx-70 acc: trials=46380000 accuracy=1.0000
  mpx-70 traj: trials=46440000 wall=10777s knowledge=0.7500 reliable=202 spec=7.07 pop=1273
  mpx-70 diag: trials=46440000 micro=3153 pop_spec=6.27 spec_max=21 q_mean=0.609 q_max=1.000 q_above_half=782 marked=0.347 mark_density=0.915 exp_mean=27638.4 addr_spec=3.778 addr_random=0.538 addr_full=0.1760 correct=192
  mpx-70 cover: trials=46440000 overall=0.7500 a0_nochange=1.0000 a0_change=1.0000 a1_nochange=0.0000 a1_change=1.0000 matched_but_wrong=0
  mpx-70 acc: trials=46440000 accuracy=1.0000
  mpx-70 traj: trials=46500000 wall=10788s knowledge=0.7500 reliable=201 spec=7.07 pop=1301
  mpx-70 diag: trials=46500000 micro=3215 pop_spec=6.18 spec_max=21 q_mean=0.604 q_max=1.000 q_above_half=817 marked=0.360 mark_density=0.917 exp_mean=27080.4 addr_spec=3.660 addr_random=0.530 addr_full=0.1630 correct=192
  mpx-70 cover: trials=46500000 overall=0.7500 a0_nochange=1.0000 a0_change=1.0000 a1_nochange=0.0000 a1_change=1.0000 matched_but_wrong=0
  mpx-70 acc: trials=46500000 accuracy=1.0000
  mpx-70 traj: trials=46560000 wall=10800s knowledge=0.7500 reliable=204 spec=7.07 pop=1403
  mpx-70 diag: trials=46560000 micro=3253 pop_spec=6.29 spec_max=21 q_mean=0.597 q_max=1.000 q_above_half=860 marked=0.377 mark_density=0.914 exp_mean=25146.8 addr_spec=3.728 addr_random=0.539 addr_full=0.1639 correct=192
  mpx-70 cover: trials=46560000 overall=0.7500 a0_nochange=1.0000 a0_change=1.0000 a1_nochange=0.0000 a1_change=1.0000 matched_but_wrong=0
  mpx-70 acc: trials=46560000 accuracy=1.0000
  mpx-70 traj: trials=46620000 wall=10811s knowledge=0.7500 reliable=205 spec=7.07 pop=1304
  mpx-70 diag: trials=46620000 micro=3181 pop_spec=6.34 spec_max=21 q_mean=0.616 q_max=1.000 q_above_half=861 marked=0.325 mark_density=0.915 exp_mean=27092.9 addr_spec=3.887 addr_random=0.543 addr_full=0.1580 correct=192
  mpx-70 cover: trials=46620000 overall=0.7500 a0_nochange=1.0000 a0_change=1.0000 a1_nochange=0.0000 a1_change=1.0000 matched_but_wrong=0
  mpx-70 acc: trials=46620000 accuracy=1.0000
  mpx-70 traj: trials=46680000 wall=10822s knowledge=0.7500 reliable=209 spec=7.07 pop=1321
  mpx-70 diag: trials=46680000 micro=3195 pop_spec=6.29 spec_max=21 q_mean=0.611 q_max=1.000 q_above_half=867 marked=0.316 mark_density=0.913 exp_mean=26781.2 addr_spec=3.699 addr_random=0.539 addr_full=0.1620 correct=192
  mpx-70 cover: trials=46680000 overall=0.7500 a0_nochange=1.0000 a0_change=1.0000 a1_nochange=0.0000 a1_change=1.0000 matched_but_wrong=0
  mpx-70 acc: trials=46680000 accuracy=1.0000
  mpx-70 traj: trials=46740000 wall=10834s knowledge=0.7500 reliable=203 spec=7.07 pop=1309
  mpx-70 diag: trials=46740000 micro=3188 pop_spec=6.34 spec_max=21 q_mean=0.616 q_max=1.000 q_above_half=850 marked=0.339 mark_density=0.913 exp_mean=27062.5 addr_spec=3.779 addr_random=0.543 addr_full=0.1543 correct=192
  mpx-70 cover: trials=46740000 overall=0.7500 a0_nochange=1.0000 a0_change=1.0000 a1_nochange=0.0000 a1_change=1.0000 matched_but_wrong=0
  mpx-70 acc: trials=46740000 accuracy=1.0000
  mpx-70 traj: trials=46800000 wall=10846s knowledge=0.7500 reliable=202 spec=7.07 pop=1265
  mpx-70 diag: trials=46800000 micro=3153 pop_spec=6.33 spec_max=21 q_mean=0.607 q_max=1.000 q_above_half=777 marked=0.344 mark_density=0.914 exp_mean=28041.0 addr_spec=3.733 addr_random=0.542 addr_full=0.1676 correct=192
  mpx-70 cover: trials=46800000 overall=0.7500 a0_nochange=1.0000 a0_change=1.0000 a1_nochange=0.0000 a1_change=1.0000 matched_but_wrong=110
  mpx-70 acc: trials=46800000 accuracy=1.0000
  mpx-70 traj: trials=46860000 wall=10858s knowledge=0.7500 reliable=204 spec=7.07 pop=1258
  mpx-70 diag: trials=46860000 micro=3144 pop_spec=6.28 spec_max=21 q_mean=0.602 q_max=1.000 q_above_half=741 marked=0.373 mark_density=0.914 exp_mean=28235.4 addr_spec=3.746 addr_random=0.538 addr_full=0.1717 correct=192
  mpx-70 cover: trials=46860000 overall=0.7500 a0_nochange=1.0000 a0_change=1.0000 a1_nochange=0.0000 a1_change=1.0000 matched_but_wrong=0
  mpx-70 acc: trials=46860000 accuracy=1.0000
  mpx-70 traj: trials=46920000 wall=10870s knowledge=0.7500 reliable=199 spec=7.07 pop=1332
  mpx-70 diag: trials=46920000 micro=3199 pop_spec=6.33 spec_max=21 q_mean=0.604 q_max=1.000 q_above_half=805 marked=0.335 mark_density=0.914 exp_mean=26702.6 addr_spec=3.672 addr_random=0.542 addr_full=0.1614 correct=192
  mpx-70 cover: trials=46920000 overall=0.7500 a0_nochange=1.0000 a0_change=1.0000 a1_nochange=0.0000 a1_change=1.0000 matched_but_wrong=0
  mpx-70 acc: trials=46920000 accuracy=1.0000
  mpx-70 traj: trials=46980000 wall=10883s knowledge=0.7500 reliable=201 spec=7.07 pop=1305
  mpx-70 diag: trials=46980000 micro=3208 pop_spec=6.35 spec_max=21 q_mean=0.606 q_max=1.000 q_above_half=823 marked=0.362 mark_density=0.913 exp_mean=27292.2 addr_spec=3.684 addr_random=0.545 addr_full=0.1609 correct=192
  mpx-70 cover: trials=46980000 overall=0.7500 a0_nochange=1.0000 a0_change=1.0000 a1_nochange=0.0000 a1_change=1.0000 matched_but_wrong=0
  mpx-70 acc: trials=46980000 accuracy=1.0000
  mpx-70 traj: trials=47040000 wall=10895s knowledge=0.7500 reliable=203 spec=7.07 pop=1334
  mpx-70 diag: trials=47040000 micro=3248 pop_spec=6.33 spec_max=21 q_mean=0.604 q_max=1.000 q_above_half=859 marked=0.313 mark_density=0.914 exp_mean=26734.6 addr_spec=3.675 addr_random=0.543 addr_full=0.1597 correct=192
  mpx-70 cover: trials=47040000 overall=0.7500 a0_nochange=1.0000 a0_change=1.0000 a1_nochange=0.0000 a1_change=1.0000 matched_but_wrong=0
  mpx-70 acc: trials=47040000 accuracy=1.0000
  mpx-70 traj: trials=47100000 wall=10907s knowledge=0.7500 reliable=212 spec=7.07 pop=1376
  mpx-70 diag: trials=47100000 micro=3242 pop_spec=6.31 spec_max=21 q_mean=0.609 q_max=1.000 q_above_half=851 marked=0.368 mark_density=0.914 exp_mean=25954.5 addr_spec=3.726 addr_random=0.541 addr_full=0.1533 correct=192
  mpx-70 cover: trials=47100000 overall=0.7500 a0_nochange=1.0000 a0_change=1.0000 a1_nochange=0.0000 a1_change=1.0000 matched_but_wrong=0
  mpx-70 acc: trials=47100000 accuracy=1.0000
  mpx-70 traj: trials=47160000 wall=10920s knowledge=0.7500 reliable=203 spec=7.07 pop=1306
  mpx-70 diag: trials=47160000 micro=3172 pop_spec=6.36 spec_max=21 q_mean=0.616 q_max=1.000 q_above_half=905 marked=0.335 mark_density=0.912 exp_mean=27381.6 addr_spec=3.951 addr_random=0.545 addr_full=0.1685 correct=192
  mpx-70 cover: trials=47160000 overall=0.7500 a0_nochange=1.0000 a0_change=1.0000 a1_nochange=0.0000 a1_change=1.0000 matched_but_wrong=0
  mpx-70 acc: trials=47160000 accuracy=1.0000
  mpx-70 traj: trials=47220000 wall=10932s knowledge=0.7500 reliable=205 spec=7.07 pop=1355
  mpx-70 diag: trials=47220000 micro=3196 pop_spec=6.25 spec_max=21 q_mean=0.601 q_max=1.000 q_above_half=858 marked=0.348 mark_density=0.916 exp_mean=26427.8 addr_spec=3.612 addr_random=0.536 addr_full=0.1483 correct=192
  mpx-70 cover: trials=47220000 overall=0.7500 a0_nochange=1.0000 a0_change=1.0000 a1_nochange=0.0000 a1_change=1.0000 matched_but_wrong=0
  mpx-70 acc: trials=47220000 accuracy=1.0000
  mpx-70 traj: trials=47280000 wall=10944s knowledge=0.7500 reliable=198 spec=7.07 pop=1236
  mpx-70 diag: trials=47280000 micro=3118 pop_spec=6.28 spec_max=21 q_mean=0.621 q_max=1.000 q_above_half=835 marked=0.329 mark_density=0.915 exp_mean=29009.6 addr_spec=3.856 addr_random=0.538 addr_full=0.1699 correct=192
  mpx-70 cover: trials=47280000 overall=0.7500 a0_nochange=1.0000 a0_change=1.0000 a1_nochange=0.0000 a1_change=1.0000 matched_but_wrong=0
  mpx-70 acc: trials=47280000 accuracy=1.0000
  mpx-70 traj: trials=47340000 wall=10956s knowledge=0.7500 reliable=201 spec=7.07 pop=1258
  mpx-70 diag: trials=47340000 micro=3143 pop_spec=6.31 spec_max=21 q_mean=0.616 q_max=1.000 q_above_half=834 marked=0.353 mark_density=0.914 exp_mean=28540.9 addr_spec=3.836 addr_random=0.541 addr_full=0.1725 correct=192
  mpx-70 cover: trials=47340000 overall=0.7500 a0_nochange=1.0000 a0_change=1.0000 a1_nochange=0.0000 a1_change=1.0000 matched_but_wrong=0
  mpx-70 acc: trials=47340000 accuracy=1.0000
  mpx-70 traj: trials=47400000 wall=10969s knowledge=0.7500 reliable=201 spec=7.07 pop=1358
  mpx-70 diag: trials=47400000 micro=3214 pop_spec=6.29 spec_max=21 q_mean=0.604 q_max=1.000 q_above_half=863 marked=0.364 mark_density=0.914 exp_mean=26474.8 addr_spec=3.825 addr_random=0.539 addr_full=0.1524 correct=192
  mpx-70 cover: trials=47400000 overall=0.7500 a0_nochange=1.0000 a0_change=1.0000 a1_nochange=0.0000 a1_change=1.0000 matched_but_wrong=0
  mpx-70 acc: trials=47400000 accuracy=1.0000
  mpx-70 traj: trials=47460000 wall=10981s knowledge=0.7500 reliable=203 spec=7.07 pop=1310
  mpx-70 diag: trials=47460000 micro=3194 pop_spec=6.32 spec_max=21 q_mean=0.604 q_max=1.000 q_above_half=818 marked=0.378 mark_density=0.914 exp_mean=27481.3 addr_spec=3.605 addr_random=0.542 addr_full=0.1649 correct=192
  mpx-70 cover: trials=47460000 overall=0.7500 a0_nochange=1.0000 a0_change=1.0000 a1_nochange=0.0000 a1_change=1.0000 matched_but_wrong=97
  mpx-70 acc: trials=47460000 accuracy=1.0000
  mpx-70 traj: trials=47520000 wall=10993s knowledge=0.7500 reliable=204 spec=7.07 pop=1252
  mpx-70 diag: trials=47520000 micro=3125 pop_spec=6.33 spec_max=21 q_mean=0.613 q_max=1.000 q_above_half=813 marked=0.354 mark_density=0.914 exp_mean=28792.7 addr_spec=3.806 addr_random=0.542 addr_full=0.1677 correct=192
  mpx-70 cover: trials=47520000 overall=0.7500 a0_nochange=1.0000 a0_change=1.0000 a1_nochange=0.0000 a1_change=1.0000 matched_but_wrong=0
  mpx-70 acc: trials=47520000 accuracy=1.0000
  mpx-70 traj: trials=47580000 wall=11005s knowledge=0.7500 reliable=200 spec=7.07 pop=1302
  mpx-70 diag: trials=47580000 micro=3159 pop_spec=6.32 spec_max=21 q_mean=0.606 q_max=1.000 q_above_half=794 marked=0.348 mark_density=0.914 exp_mean=27723.3 addr_spec=3.935 addr_random=0.542 addr_full=0.1774 correct=192
  mpx-70 cover: trials=47580000 overall=0.7500 a0_nochange=1.0000 a0_change=1.0000 a1_nochange=0.0000 a1_change=1.0000 matched_but_wrong=0
  mpx-70 acc: trials=47580000 accuracy=1.0000
  mpx-70 traj: trials=47640000 wall=11017s knowledge=0.7500 reliable=212 spec=7.07 pop=1206
  mpx-70 diag: trials=47640000 micro=3095 pop_spec=6.31 spec_max=21 q_mean=0.613 q_max=1.000 q_above_half=716 marked=0.352 mark_density=0.914 exp_mean=29971.2 addr_spec=3.998 addr_random=0.541 addr_full=0.1758 correct=192
  mpx-70 cover: trials=47640000 overall=0.7500 a0_nochange=1.0000 a0_change=1.0000 a1_nochange=0.0000 a1_change=1.0000 matched_but_wrong=0
  mpx-70 acc: trials=47640000 accuracy=1.0000
  mpx-70 traj: trials=47700000 wall=11028s knowledge=0.7500 reliable=200 spec=7.07 pop=1286
  mpx-70 diag: trials=47700000 micro=3209 pop_spec=6.30 spec_max=21 q_mean=0.603 q_max=1.000 q_above_half=765 marked=0.373 mark_density=0.915 exp_mean=28142.9 addr_spec=3.753 addr_random=0.540 addr_full=0.1734 correct=192
  mpx-70 cover: trials=47700000 overall=0.7500 a0_nochange=1.0000 a0_change=1.0000 a1_nochange=0.0000 a1_change=1.0000 matched_but_wrong=0
  mpx-70 acc: trials=47700000 accuracy=1.0000
  mpx-70 traj: trials=47760000 wall=11039s knowledge=0.7500 reliable=206 spec=7.07 pop=1264
  mpx-70 diag: trials=47760000 micro=3100 pop_spec=6.28 spec_max=21 q_mean=0.613 q_max=1.000 q_above_half=822 marked=0.332 mark_density=0.914 exp_mean=28671.2 addr_spec=3.761 addr_random=0.539 addr_full=0.1796 correct=192
  mpx-70 cover: trials=47760000 overall=0.7500 a0_nochange=1.0000 a0_change=1.0000 a1_nochange=0.0000 a1_change=1.0000 matched_but_wrong=0
  mpx-70 acc: trials=47760000 accuracy=1.0000
  mpx-70 traj: trials=47820000 wall=11051s knowledge=0.7500 reliable=204 spec=7.07 pop=1211
  mpx-70 diag: trials=47820000 micro=3127 pop_spec=6.34 spec_max=21 q_mean=0.612 q_max=1.000 q_above_half=732 marked=0.368 mark_density=0.913 exp_mean=29965.6 addr_spec=3.718 addr_random=0.543 addr_full=0.1742 correct=192
  mpx-70 cover: trials=47820000 overall=0.7500 a0_nochange=1.0000 a0_change=1.0000 a1_nochange=0.0000 a1_change=1.0000 matched_but_wrong=0
  mpx-70 acc: trials=47820000 accuracy=1.0000
  mpx-70 traj: trials=47880000 wall=11062s knowledge=0.7500 reliable=205 spec=7.07 pop=1270
  mpx-70 diag: trials=47880000 micro=3156 pop_spec=6.31 spec_max=21 q_mean=0.608 q_max=1.000 q_above_half=796 marked=0.358 mark_density=0.915 exp_mean=28611.2 addr_spec=3.807 addr_random=0.541 addr_full=0.1724 correct=192
  mpx-70 cover: trials=47880000 overall=0.7500 a0_nochange=1.0000 a0_change=1.0000 a1_nochange=0.0000 a1_change=1.0000 matched_but_wrong=0
  mpx-70 acc: trials=47880000 accuracy=1.0000
  mpx-70 traj: trials=47940000 wall=11073s knowledge=0.7500 reliable=203 spec=7.07 pop=1333
  mpx-70 diag: trials=47940000 micro=3160 pop_spec=6.27 spec_max=21 q_mean=0.606 q_max=1.000 q_above_half=841 marked=0.356 mark_density=0.915 exp_mean=27295.3 addr_spec=3.671 addr_random=0.537 addr_full=0.1560 correct=192
  mpx-70 cover: trials=47940000 overall=0.7500 a0_nochange=1.0000 a0_change=1.0000 a1_nochange=0.0000 a1_change=1.0000 matched_but_wrong=0
  mpx-70 acc: trials=47940000 accuracy=1.0000
  mpx-70 traj: trials=48000000 wall=11085s knowledge=0.7500 reliable=201 spec=7.07 pop=1312
  mpx-70 diag: trials=48000000 micro=3241 pop_spec=6.27 spec_max=21 q_mean=0.598 q_max=1.000 q_above_half=802 marked=0.366 mark_density=0.915 exp_mean=27768.6 addr_spec=3.728 addr_random=0.537 addr_full=0.1608 correct=192
  mpx-70 cover: trials=48000000 overall=0.7500 a0_nochange=1.0000 a0_change=1.0000 a1_nochange=0.0000 a1_change=1.0000 matched_but_wrong=0
  mpx-70 acc: trials=48000000 accuracy=1.0000
  mpx-70 traj: trials=48060000 wall=11096s knowledge=0.7500 reliable=202 spec=7.07 pop=1278
  mpx-70 diag: trials=48060000 micro=3188 pop_spec=6.24 spec_max=21 q_mean=0.601 q_max=1.000 q_above_half=737 marked=0.377 mark_density=0.917 exp_mean=28544.4 addr_spec=3.754 addr_random=0.535 addr_full=0.1651 correct=192
  mpx-70 cover: trials=48060000 overall=0.7500 a0_nochange=1.0000 a0_change=1.0000 a1_nochange=0.0000 a1_change=1.0000 matched_but_wrong=0
  mpx-70 acc: trials=48060000 accuracy=1.0000
  mpx-70 traj: trials=48120000 wall=11107s knowledge=0.7500 reliable=204 spec=7.07 pop=1166
  mpx-70 diag: trials=48120000 micro=3056 pop_spec=6.26 spec_max=21 q_mean=0.621 q_max=1.000 q_above_half=770 marked=0.309 mark_density=0.915 exp_mean=31327.7 addr_spec=3.894 addr_random=0.537 addr_full=0.1861 correct=192
  mpx-70 cover: trials=48120000 overall=0.7500 a0_nochange=1.0000 a0_change=1.0000 a1_nochange=0.0000 a1_change=1.0000 matched_but_wrong=0
  mpx-70 acc: trials=48120000 accuracy=1.0000
  mpx-70 traj: trials=48180000 wall=11118s knowledge=0.7500 reliable=205 spec=7.07 pop=1384
  mpx-70 diag: trials=48180000 micro=3271 pop_spec=6.24 spec_max=21 q_mean=0.609 q_max=1.000 q_above_half=903 marked=0.324 mark_density=0.915 exp_mean=26428.2 addr_spec=3.630 addr_random=0.535 addr_full=0.1546 correct=192
  mpx-70 cover: trials=48180000 overall=0.7500 a0_nochange=1.0000 a0_change=1.0000 a1_nochange=0.0000 a1_change=1.0000 matched_but_wrong=0
  mpx-70 acc: trials=48180000 accuracy=1.0000
  mpx-70 traj: trials=48240000 wall=11130s knowledge=0.7500 reliable=205 spec=7.07 pop=1235
  mpx-70 diag: trials=48240000 micro=3117 pop_spec=6.33 spec_max=21 q_mean=0.616 q_max=1.000 q_above_half=834 marked=0.309 mark_density=0.913 exp_mean=29654.9 addr_spec=3.811 addr_random=0.543 addr_full=0.1773 correct=192
  mpx-70 cover: trials=48240000 overall=0.7500 a0_nochange=1.0000 a0_change=1.0000 a1_nochange=0.0000 a1_change=1.0000 matched_but_wrong=0
  mpx-70 acc: trials=48240000 accuracy=1.0000
  mpx-70 traj: trials=48300000 wall=11141s knowledge=0.7500 reliable=207 spec=7.07 pop=1359
  mpx-70 diag: trials=48300000 micro=3205 pop_spec=6.31 spec_max=21 q_mean=0.605 q_max=1.000 q_above_half=831 marked=0.379 mark_density=0.914 exp_mean=26985.2 addr_spec=3.807 addr_random=0.541 addr_full=0.1567 correct=192
  mpx-70 cover: trials=48300000 overall=0.7500 a0_nochange=1.0000 a0_change=1.0000 a1_nochange=0.0000 a1_change=1.0000 matched_but_wrong=0
  mpx-70 acc: trials=48300000 accuracy=1.0000
  mpx-70 traj: trials=48360000 wall=11153s knowledge=0.7500 reliable=210 spec=7.07 pop=1286
  mpx-70 diag: trials=48360000 micro=3207 pop_spec=6.32 spec_max=21 q_mean=0.614 q_max=1.000 q_above_half=788 marked=0.348 mark_density=0.913 exp_mean=28554.5 addr_spec=3.907 addr_random=0.542 addr_full=0.1687 correct=192
  mpx-70 cover: trials=48360000 overall=0.7500 a0_nochange=1.0000 a0_change=1.0000 a1_nochange=0.0000 a1_change=1.0000 matched_but_wrong=0
  mpx-70 acc: trials=48360000 accuracy=1.0000
  mpx-70 traj: trials=48420000 wall=11164s knowledge=0.7500 reliable=204 spec=7.07 pop=1303
  mpx-70 diag: trials=48420000 micro=3224 pop_spec=6.25 spec_max=21 q_mean=0.608 q_max=1.000 q_above_half=822 marked=0.356 mark_density=0.915 exp_mean=28218.3 addr_spec=3.787 addr_random=0.536 addr_full=0.1619 correct=192
  mpx-70 cover: trials=48420000 overall=0.7500 a0_nochange=1.0000 a0_change=1.0000 a1_nochange=0.0000 a1_change=1.0000 matched_but_wrong=0
  mpx-70 acc: trials=48420000 accuracy=1.0000
  mpx-70 traj: trials=48480000 wall=11176s knowledge=0.7500 reliable=209 spec=7.07 pop=1240
  mpx-70 diag: trials=48480000 micro=3141 pop_spec=6.30 spec_max=21 q_mean=0.617 q_max=1.000 q_above_half=780 marked=0.353 mark_density=0.913 exp_mean=29690.9 addr_spec=3.936 addr_random=0.540 addr_full=0.1750 correct=192
  mpx-70 cover: trials=48480000 overall=0.7500 a0_nochange=1.0000 a0_change=1.0000 a1_nochange=0.0000 a1_change=1.0000 matched_but_wrong=0
  mpx-70 acc: trials=48480000 accuracy=1.0000
  mpx-70 traj: trials=48540000 wall=11188s knowledge=0.7500 reliable=209 spec=7.07 pop=1301
  mpx-70 diag: trials=48540000 micro=3168 pop_spec=6.32 spec_max=21 q_mean=0.605 q_max=1.000 q_above_half=809 marked=0.364 mark_density=0.914 exp_mean=28336.8 addr_spec=3.788 addr_random=0.541 addr_full=0.1599 correct=192
  mpx-70 cover: trials=48540000 overall=0.7500 a0_nochange=1.0000 a0_change=1.0000 a1_nochange=0.0000 a1_change=1.0000 matched_but_wrong=0
  mpx-70 acc: trials=48540000 accuracy=1.0000
  mpx-70 traj: trials=48600000 wall=11200s knowledge=0.7500 reliable=201 spec=7.07 pop=1321
  mpx-70 diag: trials=48600000 micro=3199 pop_spec=6.26 spec_max=21 q_mean=0.609 q_max=1.000 q_above_half=818 marked=0.351 mark_density=0.916 exp_mean=27942.9 addr_spec=3.689 addr_random=0.536 addr_full=0.1620 correct=192
  mpx-70 cover: trials=48600000 overall=0.7500 a0_nochange=1.0000 a0_change=1.0000 a1_nochange=0.0000 a1_change=1.0000 matched_but_wrong=0
  mpx-70 acc: trials=48600000 accuracy=1.0000
  mpx-70 traj: trials=48660000 wall=11212s knowledge=0.7500 reliable=205 spec=7.07 pop=1322
  mpx-70 diag: trials=48660000 micro=3176 pop_spec=6.29 spec_max=21 q_mean=0.611 q_max=1.000 q_above_half=862 marked=0.368 mark_density=0.915 exp_mean=27958.8 addr_spec=3.675 addr_random=0.539 addr_full=0.1679 correct=192
  mpx-70 cover: trials=48660000 overall=0.7500 a0_nochange=1.0000 a0_change=1.0000 a1_nochange=0.0000 a1_change=1.0000 matched_but_wrong=0
  mpx-70 acc: trials=48660000 accuracy=1.0000
  mpx-70 traj: trials=48720000 wall=11225s knowledge=0.7500 reliable=209 spec=7.07 pop=1287
  mpx-70 diag: trials=48720000 micro=3131 pop_spec=6.29 spec_max=21 q_mean=0.612 q_max=1.000 q_above_half=805 marked=0.333 mark_density=0.913 exp_mean=28757.3 addr_spec=3.754 addr_random=0.539 addr_full=0.1709 correct=192
  mpx-70 cover: trials=48720000 overall=0.7500 a0_nochange=1.0000 a0_change=1.0000 a1_nochange=0.0000 a1_change=1.0000 matched_but_wrong=0
  mpx-70 acc: trials=48720000 accuracy=1.0000
  mpx-70 traj: trials=48780000 wall=11237s knowledge=0.7500 reliable=207 spec=7.07 pop=1306
  mpx-70 diag: trials=48780000 micro=3145 pop_spec=6.27 spec_max=21 q_mean=0.604 q_max=1.000 q_above_half=792 marked=0.406 mark_density=0.914 exp_mean=28374.8 addr_spec=3.731 addr_random=0.537 addr_full=0.1677 correct=192
  mpx-70 cover: trials=48780000 overall=0.7500 a0_nochange=1.0000 a0_change=1.0000 a1_nochange=0.0000 a1_change=1.0000 matched_but_wrong=0
  mpx-70 acc: trials=48780000 accuracy=1.0000
  mpx-70 traj: trials=48840000 wall=11250s knowledge=0.7500 reliable=203 spec=7.07 pop=1232
  mpx-70 diag: trials=48840000 micro=3150 pop_spec=6.31 spec_max=21 q_mean=0.615 q_max=1.000 q_above_half=795 marked=0.332 mark_density=0.913 exp_mean=30117.0 addr_spec=3.785 addr_random=0.541 addr_full=0.1721 correct=192
  mpx-70 cover: trials=48840000 overall=0.7500 a0_nochange=1.0000 a0_change=1.0000 a1_nochange=0.0000 a1_change=1.0000 matched_but_wrong=0
  mpx-70 acc: trials=48840000 accuracy=1.0000
  mpx-70 traj: trials=48900000 wall=11262s knowledge=0.7500 reliable=208 spec=7.07 pop=1335
  mpx-70 diag: trials=48900000 micro=3219 pop_spec=6.21 spec_max=21 q_mean=0.607 q_max=1.000 q_above_half=810 marked=0.398 mark_density=0.917 exp_mean=27830.3 addr_spec=3.666 addr_random=0.532 addr_full=0.1543 correct=192
  mpx-70 cover: trials=48900000 overall=0.7500 a0_nochange=1.0000 a0_change=1.0000 a1_nochange=0.0000 a1_change=1.0000 matched_but_wrong=0
  mpx-70 acc: trials=48900000 accuracy=1.0000
  mpx-70 traj: trials=48960000 wall=11274s knowledge=0.7500 reliable=206 spec=7.07 pop=1348
  mpx-70 diag: trials=48960000 micro=3242 pop_spec=6.37 spec_max=21 q_mean=0.603 q_max=1.000 q_above_half=840 marked=0.367 mark_density=0.914 exp_mean=27596.8 addr_spec=3.674 addr_random=0.546 addr_full=0.1595 correct=192
  mpx-70 cover: trials=48960000 overall=0.7500 a0_nochange=1.0000 a0_change=1.0000 a1_nochange=0.0000 a1_change=1.0000 matched_but_wrong=45
  mpx-70 acc: trials=48960000 accuracy=1.0000
  mpx-70 traj: trials=49020000 wall=11286s knowledge=0.7500 reliable=203 spec=7.07 pop=1279
  mpx-70 diag: trials=49020000 micro=3194 pop_spec=6.31 spec_max=21 q_mean=0.605 q_max=1.000 q_above_half=761 marked=0.354 mark_density=0.914 exp_mean=29123.1 addr_spec=3.668 addr_random=0.541 addr_full=0.1603 correct=192
  mpx-70 cover: trials=49020000 overall=0.7500 a0_nochange=1.0000 a0_change=1.0000 a1_nochange=0.0000 a1_change=1.0000 matched_but_wrong=0
  mpx-70 acc: trials=49020000 accuracy=1.0000
  mpx-70 traj: trials=49080000 wall=11299s knowledge=0.7500 reliable=212 spec=7.07 pop=1312
  mpx-70 diag: trials=49080000 micro=3211 pop_spec=6.30 spec_max=21 q_mean=0.617 q_max=1.000 q_above_half=847 marked=0.314 mark_density=0.913 exp_mean=28428.2 addr_spec=3.963 addr_random=0.540 addr_full=0.1623 correct=192
  mpx-70 cover: trials=49080000 overall=0.7500 a0_nochange=1.0000 a0_change=1.0000 a1_nochange=0.0000 a1_change=1.0000 matched_but_wrong=0
  mpx-70 acc: trials=49080000 accuracy=1.0000
  mpx-70 traj: trials=49140000 wall=11311s knowledge=0.7500 reliable=205 spec=7.07 pop=1262
  mpx-70 diag: trials=49140000 micro=3185 pop_spec=6.30 spec_max=21 q_mean=0.615 q_max=1.000 q_above_half=817 marked=0.379 mark_density=0.914 exp_mean=29592.1 addr_spec=3.732 addr_random=0.540 addr_full=0.1680 correct=192
  mpx-70 cover: trials=49140000 overall=0.7500 a0_nochange=1.0000 a0_change=1.0000 a1_nochange=0.0000 a1_change=1.0000 matched_but_wrong=0
  mpx-70 acc: trials=49140000 accuracy=1.0000
  mpx-70 traj: trials=49200000 wall=11323s knowledge=0.7500 reliable=202 spec=7.07 pop=1250
  mpx-70 diag: trials=49200000 micro=3192 pop_spec=6.26 spec_max=21 q_mean=0.606 q_max=1.000 q_above_half=774 marked=0.379 mark_density=0.915 exp_mean=29913.8 addr_spec=3.856 addr_random=0.537 addr_full=0.1728 correct=192
  mpx-70 cover: trials=49200000 overall=0.7500 a0_nochange=1.0000 a0_change=1.0000 a1_nochange=0.0000 a1_change=1.0000 matched_but_wrong=0
  mpx-70 acc: trials=49200000 accuracy=1.0000
  mpx-70 traj: trials=49260000 wall=11335s knowledge=0.7500 reliable=209 spec=7.07 pop=1287
  mpx-70 diag: trials=49260000 micro=3168 pop_spec=6.25 spec_max=21 q_mean=0.614 q_max=1.000 q_above_half=821 marked=0.351 mark_density=0.915 exp_mean=29091.8 addr_spec=3.911 addr_random=0.536 addr_full=0.1632 correct=192
  mpx-70 cover: trials=49260000 overall=0.7500 a0_nochange=1.0000 a0_change=1.0000 a1_nochange=0.0000 a1_change=1.0000 matched_but_wrong=0
  mpx-70 acc: trials=49260000 accuracy=1.0000
  mpx-70 traj: trials=49320000 wall=11347s knowledge=0.7500 reliable=202 spec=7.07 pop=1326
  mpx-70 diag: trials=49320000 micro=3176 pop_spec=6.32 spec_max=21 q_mean=0.612 q_max=1.000 q_above_half=872 marked=0.311 mark_density=0.913 exp_mean=28272.2 addr_spec=3.894 addr_random=0.542 addr_full=0.1637 correct=192
  mpx-70 cover: trials=49320000 overall=0.7500 a0_nochange=1.0000 a0_change=1.0000 a1_nochange=0.0000 a1_change=1.0000 matched_but_wrong=0
  mpx-70 acc: trials=49320000 accuracy=1.0000
  mpx-70 traj: trials=49380000 wall=11359s knowledge=0.7500 reliable=205 spec=7.07 pop=1302
  mpx-70 diag: trials=49380000 micro=3145 pop_spec=6.32 spec_max=21 q_mean=0.606 q_max=1.000 q_above_half=801 marked=0.335 mark_density=0.913 exp_mean=28831.1 addr_spec=3.780 addr_random=0.542 addr_full=0.1636 correct=192
  mpx-70 cover: trials=49380000 overall=0.7500 a0_nochange=1.0000 a0_change=1.0000 a1_nochange=0.0000 a1_change=1.0000 matched_but_wrong=0
  mpx-70 acc: trials=49380000 accuracy=1.0000
  mpx-70 traj: trials=49440000 wall=11371s knowledge=0.7500 reliable=204 spec=7.07 pop=1353
  mpx-70 diag: trials=49440000 micro=3208 pop_spec=6.29 spec_max=21 q_mean=0.598 q_max=1.000 q_above_half=815 marked=0.407 mark_density=0.915 exp_mean=27779.2 addr_spec=3.721 addr_random=0.539 addr_full=0.1559 correct=192
  mpx-70 cover: trials=49440000 overall=0.7500 a0_nochange=1.0000 a0_change=1.0000 a1_nochange=0.0000 a1_change=1.0000 matched_but_wrong=0
  mpx-70 acc: trials=49440000 accuracy=1.0000
  mpx-70 traj: trials=49500000 wall=11382s knowledge=0.7500 reliable=212 spec=7.07 pop=1345
  mpx-70 diag: trials=49500000 micro=3223 pop_spec=6.28 spec_max=21 q_mean=0.613 q_max=1.000 q_above_half=889 marked=0.340 mark_density=0.914 exp_mean=27980.5 addr_spec=3.800 addr_random=0.538 addr_full=0.1643 correct=192
  mpx-70 cover: trials=49500000 overall=0.7500 a0_nochange=1.0000 a0_change=1.0000 a1_nochange=0.0000 a1_change=1.0000 matched_but_wrong=0
  mpx-70 acc: trials=49500000 accuracy=1.0000
  mpx-70 traj: trials=49560000 wall=11394s knowledge=0.7500 reliable=210 spec=7.07 pop=1231
  mpx-70 diag: trials=49560000 micro=3114 pop_spec=6.32 spec_max=21 q_mean=0.615 q_max=1.000 q_above_half=771 marked=0.366 mark_density=0.914 exp_mean=30610.4 addr_spec=3.728 addr_random=0.541 addr_full=0.1763 correct=192
  mpx-70 cover: trials=49560000 overall=0.7500 a0_nochange=1.0000 a0_change=1.0000 a1_nochange=0.0000 a1_change=1.0000 matched_but_wrong=0
  mpx-70 acc: trials=49560000 accuracy=1.0000
  mpx-70 traj: trials=49620000 wall=11405s knowledge=0.7500 reliable=208 spec=7.07 pop=1342
  mpx-70 diag: trials=49620000 micro=3189 pop_spec=6.29 spec_max=21 q_mean=0.600 q_max=1.000 q_above_half=788 marked=0.408 mark_density=0.914 exp_mean=28114.2 addr_spec=3.788 addr_random=0.539 addr_full=0.1580 correct=192
  mpx-70 cover: trials=49620000 overall=0.7500 a0_nochange=1.0000 a0_change=1.0000 a1_nochange=0.0000 a1_change=1.0000 matched_but_wrong=0
  mpx-70 acc: trials=49620000 accuracy=1.0000
  mpx-70 traj: trials=49680000 wall=11417s knowledge=0.7500 reliable=201 spec=7.07 pop=1320
  mpx-70 diag: trials=49680000 micro=3213 pop_spec=6.30 spec_max=21 q_mean=0.607 q_max=1.000 q_above_half=823 marked=0.370 mark_density=0.914 exp_mean=28619.1 addr_spec=3.673 addr_random=0.540 addr_full=0.1583 correct=192
  mpx-70 cover: trials=49680000 overall=0.7500 a0_nochange=1.0000 a0_change=1.0000 a1_nochange=0.0000 a1_change=1.0000 matched_but_wrong=0
  mpx-70 acc: trials=49680000 accuracy=1.0000
  mpx-70 traj: trials=49740000 wall=11428s knowledge=0.7500 reliable=209 spec=7.07 pop=1219
  mpx-70 diag: trials=49740000 micro=3087 pop_spec=6.28 spec_max=21 q_mean=0.613 q_max=1.000 q_above_half=741 marked=0.381 mark_density=0.914 exp_mean=31030.3 addr_spec=3.681 addr_random=0.539 addr_full=0.1813 correct=192
  mpx-70 cover: trials=49740000 overall=0.7500 a0_nochange=1.0000 a0_change=1.0000 a1_nochange=0.0000 a1_change=1.0000 matched_but_wrong=0
  mpx-70 acc: trials=49740000 accuracy=1.0000
  mpx-70 traj: trials=49800000 wall=11439s knowledge=0.7500 reliable=207 spec=7.07 pop=1363
  mpx-70 diag: trials=49800000 micro=3252 pop_spec=6.30 spec_max=21 q_mean=0.596 q_max=1.000 q_above_half=819 marked=0.365 mark_density=0.915 exp_mean=27787.2 addr_spec=3.674 addr_random=0.540 addr_full=0.1577 correct=192
  mpx-70 cover: trials=49800000 overall=0.7500 a0_nochange=1.0000 a0_change=1.0000 a1_nochange=0.0000 a1_change=1.0000 matched_but_wrong=0
  mpx-70 acc: trials=49800000 accuracy=1.0000
  mpx-70 traj: trials=49860000 wall=11451s knowledge=0.7500 reliable=201 spec=7.07 pop=1231
  mpx-70 diag: trials=49860000 micro=3118 pop_spec=6.31 spec_max=21 q_mean=0.614 q_max=1.000 q_above_half=811 marked=0.296 mark_density=0.913 exp_mean=30805.0 addr_spec=3.671 addr_random=0.541 addr_full=0.1730 correct=192
  mpx-70 cover: trials=49860000 overall=0.7500 a0_nochange=1.0000 a0_change=1.0000 a1_nochange=0.0000 a1_change=1.0000 matched_but_wrong=0
  mpx-70 acc: trials=49860000 accuracy=1.0000
  mpx-70 traj: trials=49920000 wall=11462s knowledge=0.7500 reliable=204 spec=7.07 pop=1254
  mpx-70 diag: trials=49920000 micro=3129 pop_spec=6.28 spec_max=21 q_mean=0.613 q_max=1.000 q_above_half=801 marked=0.336 mark_density=0.915 exp_mean=30278.9 addr_spec=3.743 addr_random=0.538 addr_full=0.1794 correct=192
  mpx-70 cover: trials=49920000 overall=0.7500 a0_nochange=1.0000 a0_change=1.0000 a1_nochange=0.0000 a1_change=1.0000 matched_but_wrong=0
  mpx-70 acc: trials=49920000 accuracy=1.0000
  mpx-70 traj: trials=49980000 wall=11474s knowledge=0.7500 reliable=206 spec=7.07 pop=1325
  mpx-70 diag: trials=49980000 micro=3226 pop_spec=6.30 spec_max=21 q_mean=0.604 q_max=1.000 q_above_half=809 marked=0.336 mark_density=0.914 exp_mean=28692.2 addr_spec=3.755 addr_random=0.540 addr_full=0.1653 correct=192
  mpx-70 cover: trials=49980000 overall=0.7500 a0_nochange=1.0000 a0_change=1.0000 a1_nochange=0.0000 a1_change=1.0000 matched_but_wrong=0
  mpx-70 acc: trials=49980000 accuracy=1.0000
  mpx-70 traj: trials=50040000 wall=11485s knowledge=0.7500 reliable=202 spec=7.07 pop=1243
  mpx-70 diag: trials=50040000 micro=3168 pop_spec=6.32 spec_max=21 q_mean=0.613 q_max=1.000 q_above_half=799 marked=0.335 mark_density=0.913 exp_mean=30623.2 addr_spec=3.716 addr_random=0.542 addr_full=0.1722 correct=192
  mpx-70 cover: trials=50040000 overall=0.7500 a0_nochange=1.0000 a0_change=1.0000 a1_nochange=0.0000 a1_change=1.0000 matched_but_wrong=0
  mpx-70 acc: trials=50040000 accuracy=1.0000
  mpx-70 traj: trials=50100000 wall=11497s knowledge=0.7500 reliable=211 spec=7.07 pop=1274
  mpx-70 diag: trials=50100000 micro=3180 pop_spec=6.29 spec_max=21 q_mean=0.611 q_max=1.000 q_above_half=813 marked=0.329 mark_density=0.914 exp_mean=29916.9 addr_spec=3.874 addr_random=0.539 addr_full=0.1625 correct=192
  mpx-70 cover: trials=50100000 overall=0.7500 a0_nochange=1.0000 a0_change=1.0000 a1_nochange=0.0000 a1_change=1.0000 matched_but_wrong=0
  mpx-70 acc: trials=50100000 accuracy=1.0000
  mpx-70 traj: trials=50160000 wall=11508s knowledge=0.7500 reliable=210 spec=7.06 pop=1217
  mpx-70 diag: trials=50160000 micro=3080 pop_spec=6.34 spec_max=21 q_mean=0.618 q_max=1.000 q_above_half=785 marked=0.367 mark_density=0.914 exp_mean=31357.1 addr_spec=3.908 addr_random=0.543 addr_full=0.1726 correct=192
  mpx-70 cover: trials=50160000 overall=0.7500 a0_nochange=1.0000 a0_change=1.0000 a1_nochange=0.0000 a1_change=1.0000 matched_but_wrong=207
  mpx-70 acc: trials=50160000 accuracy=1.0000
  mpx-70 traj: trials=50220000 wall=11520s knowledge=0.7500 reliable=203 spec=7.07 pop=1281
  mpx-70 diag: trials=50220000 micro=3115 pop_spec=6.30 spec_max=21 q_mean=0.606 q_max=1.000 q_above_half=792 marked=0.372 mark_density=0.914 exp_mean=29827.2 addr_spec=3.724 addr_random=0.540 addr_full=0.1678 correct=192
  mpx-70 cover: trials=50220000 overall=0.7500 a0_nochange=1.0000 a0_change=1.0000 a1_nochange=0.0000 a1_change=1.0000 matched_but_wrong=0
  mpx-70 acc: trials=50220000 accuracy=1.0000
  mpx-70 traj: trials=50280000 wall=11532s knowledge=0.7500 reliable=205 spec=7.07 pop=1280
  mpx-70 diag: trials=50280000 micro=3131 pop_spec=6.29 spec_max=21 q_mean=0.604 q_max=1.000 q_above_half=783 marked=0.362 mark_density=0.914 exp_mean=29888.5 addr_spec=3.726 addr_random=0.539 addr_full=0.1672 correct=192
  mpx-70 cover: trials=50280000 overall=0.7500 a0_nochange=1.0000 a0_change=1.0000 a1_nochange=0.0000 a1_change=1.0000 matched_but_wrong=0
  mpx-70 acc: trials=50280000 accuracy=1.0000
  mpx-70 traj: trials=50340000 wall=11544s knowledge=0.7500 reliable=202 spec=7.07 pop=1210
  mpx-70 diag: trials=50340000 micro=3143 pop_spec=6.31 spec_max=21 q_mean=0.612 q_max=1.000 q_above_half=777 marked=0.378 mark_density=0.914 exp_mean=31656.7 addr_spec=3.760 addr_random=0.541 addr_full=0.1777 correct=192
  mpx-70 cover: trials=50340000 overall=0.7500 a0_nochange=1.0000 a0_change=1.0000 a1_nochange=0.0000 a1_change=1.0000 matched_but_wrong=0
  mpx-70 acc: trials=50340000 accuracy=1.0000
  mpx-70 traj: trials=50400000 wall=11557s knowledge=0.7500 reliable=200 spec=7.07 pop=1282
  mpx-70 diag: trials=50400000 micro=3197 pop_spec=6.28 spec_max=21 q_mean=0.603 q_max=1.000 q_above_half=785 marked=0.372 mark_density=0.914 exp_mean=29916.0 addr_spec=3.630 addr_random=0.538 addr_full=0.1622 correct=192
  mpx-70 cover: trials=50400000 overall=0.7500 a0_nochange=1.0000 a0_change=1.0000 a1_nochange=0.0000 a1_change=1.0000 matched_but_wrong=0
  mpx-70 acc: trials=50400000 accuracy=1.0000
  mpx-70 traj: trials=50460000 wall=11569s knowledge=0.7500 reliable=204 spec=7.07 pop=1335
  mpx-70 diag: trials=50460000 micro=3201 pop_spec=6.29 spec_max=21 q_mean=0.607 q_max=1.000 q_above_half=837 marked=0.370 mark_density=0.914 exp_mean=28765.3 addr_spec=3.811 addr_random=0.539 addr_full=0.1633 correct=192
  mpx-70 cover: trials=50460000 overall=0.7500 a0_nochange=1.0000 a0_change=1.0000 a1_nochange=0.0000 a1_change=1.0000 matched_but_wrong=0
  mpx-70 acc: trials=50460000 accuracy=1.0000
  mpx-70 traj: trials=50520000 wall=11581s knowledge=0.7500 reliable=204 spec=7.07 pop=1266
  mpx-70 diag: trials=50520000 micro=3146 pop_spec=6.23 spec_max=21 q_mean=0.608 q_max=1.000 q_above_half=778 marked=0.361 mark_density=0.916 exp_mean=30370.5 addr_spec=3.819 addr_random=0.534 addr_full=0.1722 correct=192
  mpx-70 cover: trials=50520000 overall=0.7500 a0_nochange=1.0000 a0_change=1.0000 a1_nochange=0.0000 a1_change=1.0000 matched_but_wrong=0
  mpx-70 acc: trials=50520000 accuracy=1.0000
  mpx-70 traj: trials=50580000 wall=11593s knowledge=0.7500 reliable=204 spec=7.07 pop=1339
  mpx-70 diag: trials=50580000 micro=3207 pop_spec=6.27 spec_max=21 q_mean=0.603 q_max=1.000 q_above_half=811 marked=0.366 mark_density=0.914 exp_mean=28751.4 addr_spec=3.704 addr_random=0.537 addr_full=0.1591 correct=192
  mpx-70 cover: trials=50580000 overall=0.7500 a0_nochange=1.0000 a0_change=1.0000 a1_nochange=0.0000 a1_change=1.0000 matched_but_wrong=0
  mpx-70 acc: trials=50580000 accuracy=1.0000
  mpx-70 traj: trials=50640000 wall=11605s knowledge=0.7500 reliable=202 spec=7.06 pop=1272
  mpx-70 diag: trials=50640000 micro=3166 pop_spec=6.30 spec_max=21 q_mean=0.609 q_max=1.000 q_above_half=793 marked=0.357 mark_density=0.915 exp_mean=30303.3 addr_spec=3.630 addr_random=0.540 addr_full=0.1643 correct=192
  mpx-70 cover: trials=50640000 overall=0.7500 a0_nochange=1.0000 a0_change=1.0000 a1_nochange=0.0000 a1_change=1.0000 matched_but_wrong=89
  mpx-70 acc: trials=50640000 accuracy=1.0000
  mpx-70 traj: trials=50700000 wall=11618s knowledge=0.7500 reliable=199 spec=7.07 pop=1299
  mpx-70 diag: trials=50700000 micro=3186 pop_spec=6.35 spec_max=21 q_mean=0.608 q_max=1.000 q_above_half=848 marked=0.387 mark_density=0.913 exp_mean=29710.4 addr_spec=3.699 addr_random=0.545 addr_full=0.1586 correct=192
  mpx-70 cover: trials=50700000 overall=0.7500 a0_nochange=1.0000 a0_change=1.0000 a1_nochange=0.0000 a1_change=1.0000 matched_but_wrong=0
  mpx-70 acc: trials=50700000 accuracy=1.0000
  mpx-70 traj: trials=50760000 wall=11630s knowledge=0.7500 reliable=205 spec=7.07 pop=1246
  mpx-70 diag: trials=50760000 micro=3133 pop_spec=6.32 spec_max=21 q_mean=0.620 q_max=1.000 q_above_half=821 marked=0.307 mark_density=0.914 exp_mean=31012.6 addr_spec=3.876 addr_random=0.542 addr_full=0.1726 correct=192
  mpx-70 cover: trials=50760000 overall=0.7500 a0_nochange=1.0000 a0_change=1.0000 a1_nochange=0.0000 a1_change=1.0000 matched_but_wrong=83
  mpx-70 acc: trials=50760000 accuracy=1.0000
  mpx-70 traj: trials=50820000 wall=11642s knowledge=0.7500 reliable=211 spec=7.07 pop=1409
  mpx-70 diag: trials=50820000 micro=3226 pop_spec=6.31 spec_max=21 q_mean=0.608 q_max=1.000 q_above_half=886 marked=0.370 mark_density=0.915 exp_mean=27459.7 addr_spec=3.698 addr_random=0.541 addr_full=0.1505 correct=192
  mpx-70 cover: trials=50820000 overall=0.7500 a0_nochange=1.0000 a0_change=1.0000 a1_nochange=0.0000 a1_change=1.0000 matched_but_wrong=0
  mpx-70 acc: trials=50820000 accuracy=1.0000
  mpx-70 traj: trials=50880000 wall=11654s knowledge=0.7500 reliable=203 spec=7.07 pop=1299
  mpx-70 diag: trials=50880000 micro=3183 pop_spec=6.30 spec_max=21 q_mean=0.609 q_max=1.000 q_above_half=811 marked=0.358 mark_density=0.914 exp_mean=29820.9 addr_spec=3.700 addr_random=0.540 addr_full=0.1563 correct=192
  mpx-70 cover: trials=50880000 overall=0.7500 a0_nochange=1.0000 a0_change=1.0000 a1_nochange=0.0000 a1_change=1.0000 matched_but_wrong=0
  mpx-70 acc: trials=50880000 accuracy=1.0000
  mpx-70 traj: trials=50940000 wall=11666s knowledge=0.7500 reliable=198 spec=7.07 pop=1282
  mpx-70 diag: trials=50940000 micro=3163 pop_spec=6.31 spec_max=21 q_mean=0.602 q_max=1.000 q_above_half=755 marked=0.363 mark_density=0.915 exp_mean=30253.7 addr_spec=3.784 addr_random=0.541 addr_full=0.1732 correct=192
  mpx-70 cover: trials=50940000 overall=0.7500 a0_nochange=1.0000 a0_change=1.0000 a1_nochange=0.0000 a1_change=1.0000 matched_but_wrong=0
  mpx-70 acc: trials=50940000 accuracy=1.0000
  mpx-70 traj: trials=51000000 wall=11679s knowledge=0.7500 reliable=205 spec=7.07 pop=1258
  mpx-70 diag: trials=51000000 micro=3178 pop_spec=6.28 spec_max=21 q_mean=0.612 q_max=1.000 q_above_half=790 marked=0.376 mark_density=0.915 exp_mean=30870.0 addr_spec=3.908 addr_random=0.538 addr_full=0.1709 correct=192
  mpx-70 cover: trials=51000000 overall=0.7500 a0_nochange=1.0000 a0_change=1.0000 a1_nochange=0.0000 a1_change=1.0000 matched_but_wrong=0
  mpx-70 acc: trials=51000000 accuracy=1.0000
  mpx-70 traj: trials=51060000 wall=11691s knowledge=0.7500 reliable=204 spec=7.07 pop=1315
  mpx-70 diag: trials=51060000 micro=3213 pop_spec=6.37 spec_max=21 q_mean=0.604 q_max=1.000 q_above_half=804 marked=0.373 mark_density=0.914 exp_mean=29568.2 addr_spec=3.828 addr_random=0.546 addr_full=0.1688 correct=192
  mpx-70 cover: trials=51060000 overall=0.7500 a0_nochange=1.0000 a0_change=1.0000 a1_nochange=0.0000 a1_change=1.0000 matched_but_wrong=0
  mpx-70 acc: trials=51060000 accuracy=1.0000
  mpx-70 traj: trials=51120000 wall=11703s knowledge=0.7500 reliable=204 spec=7.07 pop=1268
  mpx-70 diag: trials=51120000 micro=3148 pop_spec=6.30 spec_max=21 q_mean=0.605 q_max=1.000 q_above_half=746 marked=0.352 mark_density=0.915 exp_mean=30701.8 addr_spec=3.704 addr_random=0.540 addr_full=0.1656 correct=192
  mpx-70 cover: trials=51120000 overall=0.7500 a0_nochange=1.0000 a0_change=1.0000 a1_nochange=0.0000 a1_change=1.0000 matched_but_wrong=0
  mpx-70 acc: trials=51120000 accuracy=1.0000
  mpx-70 traj: trials=51180000 wall=11715s knowledge=0.7500 reliable=209 spec=7.07 pop=1286
  mpx-70 diag: trials=51180000 micro=3202 pop_spec=6.26 spec_max=21 q_mean=0.614 q_max=1.000 q_above_half=805 marked=0.351 mark_density=0.914 exp_mean=30309.0 addr_spec=3.674 addr_random=0.536 addr_full=0.1649 correct=192
  mpx-70 cover: trials=51180000 overall=0.7500 a0_nochange=1.0000 a0_change=1.0000 a1_nochange=0.0000 a1_change=1.0000 matched_but_wrong=0
  mpx-70 acc: trials=51180000 accuracy=1.0000
  mpx-70 traj: trials=51240000 wall=11726s knowledge=0.7500 reliable=211 spec=7.07 pop=1365
  mpx-70 diag: trials=51240000 micro=3244 pop_spec=6.32 spec_max=21 q_mean=0.609 q_max=1.000 q_above_half=863 marked=0.362 mark_density=0.915 exp_mean=28591.0 addr_spec=3.661 addr_random=0.542 addr_full=0.1575 correct=192
  mpx-70 cover: trials=51240000 overall=0.7500 a0_nochange=1.0000 a0_change=1.0000 a1_nochange=0.0000 a1_change=1.0000 matched_but_wrong=0
  mpx-70 acc: trials=51240000 accuracy=1.0000
  mpx-70 traj: trials=51300000 wall=11737s knowledge=0.7500 reliable=209 spec=7.07 pop=1331
  mpx-70 diag: trials=51300000 micro=3230 pop_spec=6.29 spec_max=21 q_mean=0.613 q_max=1.000 q_above_half=858 marked=0.370 mark_density=0.915 exp_mean=29357.2 addr_spec=3.832 addr_random=0.539 addr_full=0.1668 correct=192
  mpx-70 cover: trials=51300000 overall=0.7500 a0_nochange=1.0000 a0_change=1.0000 a1_nochange=0.0000 a1_change=1.0000 matched_but_wrong=0
  mpx-70 acc: trials=51300000 accuracy=1.0000
  mpx-70 traj: trials=51360000 wall=11749s knowledge=0.7500 reliable=200 spec=7.07 pop=1313
  mpx-70 diag: trials=51360000 micro=3210 pop_spec=6.26 spec_max=21 q_mean=0.599 q_max=1.000 q_above_half=786 marked=0.363 mark_density=0.915 exp_mean=29795.4 addr_spec=3.707 addr_random=0.537 addr_full=0.1721 correct=192
  mpx-70 cover: trials=51360000 overall=0.7500 a0_nochange=1.0000 a0_change=1.0000 a1_nochange=0.0000 a1_change=1.0000 matched_but_wrong=0
  mpx-70 acc: trials=51360000 accuracy=1.0000
  mpx-70 traj: trials=51420000 wall=11760s knowledge=0.7500 reliable=201 spec=7.07 pop=1299
  mpx-70 diag: trials=51420000 micro=3157 pop_spec=6.38 spec_max=21 q_mean=0.610 q_max=1.000 q_above_half=820 marked=0.346 mark_density=0.912 exp_mean=30153.9 addr_spec=3.880 addr_random=0.547 addr_full=0.1686 correct=192
  mpx-70 cover: trials=51420000 overall=0.7500 a0_nochange=1.0000 a0_change=1.0000 a1_nochange=0.0000 a1_change=1.0000 matched_but_wrong=0
  mpx-70 acc: trials=51420000 accuracy=1.0000
  mpx-70 traj: trials=51480000 wall=11772s knowledge=0.7500 reliable=202 spec=7.07 pop=1283
  mpx-70 diag: trials=51480000 micro=3183 pop_spec=6.39 spec_max=21 q_mean=0.607 q_max=1.000 q_above_half=782 marked=0.372 mark_density=0.913 exp_mean=30567.5 addr_spec=3.841 addr_random=0.548 addr_full=0.1715 correct=192
  mpx-70 cover: trials=51480000 overall=0.7500 a0_nochange=1.0000 a0_change=1.0000 a1_nochange=0.0000 a1_change=1.0000 matched_but_wrong=0
  mpx-70 acc: trials=51480000 accuracy=1.0000
  mpx-70 traj: trials=51540000 wall=11783s knowledge=0.7500 reliable=215 spec=7.07 pop=1306
  mpx-70 diag: trials=51540000 micro=3180 pop_spec=6.31 spec_max=21 q_mean=0.606 q_max=1.000 q_above_half=788 marked=0.365 mark_density=0.914 exp_mean=30066.0 addr_spec=3.815 addr_random=0.541 addr_full=0.1784 correct=192
  mpx-70 cover: trials=51540000 overall=0.7500 a0_nochange=1.0000 a0_change=1.0000 a1_nochange=0.0000 a1_change=1.0000 matched_but_wrong=168
  mpx-70 acc: trials=51540000 accuracy=1.0000
  mpx-70 traj: trials=51600000 wall=11794s knowledge=0.7500 reliable=207 spec=7.07 pop=1240
  mpx-70 diag: trials=51600000 micro=3131 pop_spec=6.35 spec_max=21 q_mean=0.613 q_max=1.000 q_above_half=794 marked=0.348 mark_density=0.913 exp_mean=31705.2 addr_spec=3.696 addr_random=0.544 addr_full=0.1766 correct=192
  mpx-70 cover: trials=51600000 overall=0.7500 a0_nochange=1.0000 a0_change=1.0000 a1_nochange=0.0000 a1_change=1.0000 matched_but_wrong=101
  mpx-70 acc: trials=51600000 accuracy=1.0000
  mpx-70 traj: trials=51660000 wall=11806s knowledge=0.7500 reliable=203 spec=7.07 pop=1267
  mpx-70 diag: trials=51660000 micro=3155 pop_spec=6.27 spec_max=21 q_mean=0.609 q_max=1.000 q_above_half=794 marked=0.383 mark_density=0.916 exp_mean=31067.6 addr_spec=3.686 addr_random=0.537 addr_full=0.1610 correct=192
  mpx-70 cover: trials=51660000 overall=0.7500 a0_nochange=1.0000 a0_change=1.0000 a1_nochange=0.0000 a1_change=1.0000 matched_but_wrong=105
  mpx-70 acc: trials=51660000 accuracy=1.0000
  mpx-70 traj: trials=51720000 wall=11817s knowledge=0.7500 reliable=200 spec=7.07 pop=1247
  mpx-70 diag: trials=51720000 micro=3120 pop_spec=6.31 spec_max=21 q_mean=0.608 q_max=1.000 q_above_half=787 marked=0.363 mark_density=0.914 exp_mean=31603.7 addr_spec=3.654 addr_random=0.541 addr_full=0.1764 correct=192
  mpx-70 cover: trials=51720000 overall=0.7500 a0_nochange=1.0000 a0_change=1.0000 a1_nochange=0.0000 a1_change=1.0000 matched_but_wrong=0
  mpx-70 acc: trials=51720000 accuracy=1.0000
  mpx-70 traj: trials=51780000 wall=11829s knowledge=0.7500 reliable=204 spec=7.07 pop=1356
  mpx-70 diag: trials=51780000 micro=3231 pop_spec=6.36 spec_max=21 q_mean=0.605 q_max=1.000 q_above_half=833 marked=0.361 mark_density=0.913 exp_mean=29099.0 addr_spec=3.514 addr_random=0.545 addr_full=0.1586 correct=192
  mpx-70 cover: trials=51780000 overall=0.7500 a0_nochange=1.0000 a0_change=1.0000 a1_nochange=0.0000 a1_change=1.0000 matched_but_wrong=0
  mpx-70 acc: trials=51780000 accuracy=1.0000
  mpx-70 traj: trials=51840000 wall=11840s knowledge=0.7500 reliable=210 spec=7.07 pop=1346
  mpx-70 diag: trials=51840000 micro=3226 pop_spec=6.33 spec_max=21 q_mean=0.604 q_max=1.000 q_above_half=823 marked=0.365 mark_density=0.914 exp_mean=29351.3 addr_spec=3.697 addr_random=0.542 addr_full=0.1642 correct=192
  mpx-70 cover: trials=51840000 overall=0.7500 a0_nochange=1.0000 a0_change=1.0000 a1_nochange=0.0000 a1_change=1.0000 matched_but_wrong=0
  mpx-70 acc: trials=51840000 accuracy=1.0000
  mpx-70 traj: trials=51900000 wall=11852s knowledge=0.7500 reliable=206 spec=7.07 pop=1207
  mpx-70 diag: trials=51900000 micro=3078 pop_spec=6.31 spec_max=21 q_mean=0.615 q_max=1.000 q_above_half=788 marked=0.302 mark_density=0.914 exp_mean=32770.2 addr_spec=3.765 addr_random=0.541 addr_full=0.1748 correct=192
  mpx-70 cover: trials=51900000 overall=0.7500 a0_nochange=1.0000 a0_change=1.0000 a1_nochange=0.0000 a1_change=1.0000 matched_but_wrong=0
  mpx-70 acc: trials=51900000 accuracy=1.0000
  mpx-70 traj: trials=51960000 wall=11864s knowledge=0.7500 reliable=206 spec=7.07 pop=1328
  mpx-70 diag: trials=51960000 micro=3198 pop_spec=6.34 spec_max=21 q_mean=0.602 q_max=1.000 q_above_half=809 marked=0.375 mark_density=0.913 exp_mean=29820.8 addr_spec=3.691 addr_random=0.543 addr_full=0.1551 correct=192
  mpx-70 cover: trials=51960000 overall=0.7500 a0_nochange=1.0000 a0_change=1.0000 a1_nochange=0.0000 a1_change=1.0000 matched_but_wrong=0
  mpx-70 acc: trials=51960000 accuracy=1.0000
  mpx-70 traj: trials=52020000 wall=11876s knowledge=0.7500 reliable=203 spec=7.07 pop=1368
  mpx-70 diag: trials=52020000 micro=3236 pop_spec=6.28 spec_max=21 q_mean=0.604 q_max=1.000 q_above_half=854 marked=0.356 mark_density=0.914 exp_mean=28984.4 addr_spec=3.814 addr_random=0.538 addr_full=0.1506 correct=192
  mpx-70 cover: trials=52020000 overall=0.7500 a0_nochange=1.0000 a0_change=1.0000 a1_nochange=0.0000 a1_change=1.0000 matched_but_wrong=0
  mpx-70 acc: trials=52020000 accuracy=1.0000
  mpx-70 traj: trials=52080000 wall=11888s knowledge=0.7500 reliable=208 spec=7.07 pop=1210
  mpx-70 diag: trials=52080000 micro=3081 pop_spec=6.36 spec_max=21 q_mean=0.619 q_max=1.000 q_above_half=767 marked=0.340 mark_density=0.912 exp_mean=32808.6 addr_spec=3.926 addr_random=0.545 addr_full=0.1719 correct=192
  mpx-70 cover: trials=52080000 overall=0.7500 a0_nochange=1.0000 a0_change=1.0000 a1_nochange=0.0000 a1_change=1.0000 matched_but_wrong=0
  mpx-70 acc: trials=52080000 accuracy=1.0000
  mpx-70 traj: trials=52140000 wall=11900s knowledge=0.7500 reliable=203 spec=7.07 pop=1246
  mpx-70 diag: trials=52140000 micro=3106 pop_spec=6.32 spec_max=21 q_mean=0.612 q_max=1.000 q_above_half=787 marked=0.347 mark_density=0.914 exp_mean=31898.9 addr_spec=3.885 addr_random=0.541 addr_full=0.1742 correct=192
  mpx-70 cover: trials=52140000 overall=0.7500 a0_nochange=1.0000 a0_change=1.0000 a1_nochange=0.0000 a1_change=1.0000 matched_but_wrong=0
  mpx-70 acc: trials=52140000 accuracy=1.0000
  mpx-70 traj: trials=52200000 wall=11912s knowledge=0.7500 reliable=204 spec=7.07 pop=1301
  mpx-70 diag: trials=52200000 micro=3168 pop_spec=6.38 spec_max=21 q_mean=0.616 q_max=1.000 q_above_half=855 marked=0.351 mark_density=0.912 exp_mean=30588.0 addr_spec=3.769 addr_random=0.547 addr_full=0.1645 correct=192
  mpx-70 cover: trials=52200000 overall=0.7500 a0_nochange=1.0000 a0_change=1.0000 a1_nochange=0.0000 a1_change=1.0000 matched_but_wrong=0
  mpx-70 acc: trials=52200000 accuracy=1.0000
  mpx-70 traj: trials=52260000 wall=11924s knowledge=0.7500 reliable=203 spec=7.07 pop=1229
  mpx-70 diag: trials=52260000 micro=3143 pop_spec=6.35 spec_max=21 q_mean=0.609 q_max=1.000 q_above_half=758 marked=0.350 mark_density=0.913 exp_mean=32418.2 addr_spec=4.090 addr_random=0.544 addr_full=0.1814 correct=192
  mpx-70 cover: trials=52260000 overall=0.7500 a0_nochange=1.0000 a0_change=1.0000 a1_nochange=0.0000 a1_change=1.0000 matched_but_wrong=0
  mpx-70 acc: trials=52260000 accuracy=1.0000
  mpx-70 traj: trials=52320000 wall=11936s knowledge=0.7500 reliable=208 spec=7.07 pop=1309
  mpx-70 diag: trials=52320000 micro=3142 pop_spec=6.29 spec_max=21 q_mean=0.619 q_max=1.000 q_above_half=875 marked=0.332 mark_density=0.915 exp_mean=30474.1 addr_spec=3.812 addr_random=0.539 addr_full=0.1642 correct=192
  mpx-70 cover: trials=52320000 overall=0.7500 a0_nochange=1.0000 a0_change=1.0000 a1_nochange=0.0000 a1_change=1.0000 matched_but_wrong=0
  mpx-70 acc: trials=52320000 accuracy=1.0000
  mpx-70 traj: trials=52380000 wall=11948s knowledge=0.7500 reliable=210 spec=7.07 pop=1302
  mpx-70 diag: trials=52380000 micro=3165 pop_spec=6.32 spec_max=21 q_mean=0.616 q_max=1.000 q_above_half=851 marked=0.321 mark_density=0.913 exp_mean=30674.8 addr_spec=3.776 addr_random=0.541 addr_full=0.1674 correct=192
  mpx-70 cover: trials=52380000 overall=0.7500 a0_nochange=1.0000 a0_change=1.0000 a1_nochange=0.0000 a1_change=1.0000 matched_but_wrong=0
  mpx-70 acc: trials=52380000 accuracy=1.0000
  mpx-70 traj: trials=52440000 wall=11961s knowledge=0.7500 reliable=208 spec=7.07 pop=1285
  mpx-70 diag: trials=52440000 micro=3144 pop_spec=6.31 spec_max=21 q_mean=0.606 q_max=1.000 q_above_half=803 marked=0.355 mark_density=0.915 exp_mean=31118.3 addr_spec=3.771 addr_random=0.541 addr_full=0.1696 correct=192
  mpx-70 cover: trials=52440000 overall=0.7500 a0_nochange=1.0000 a0_change=1.0000 a1_nochange=0.0000 a1_change=1.0000 matched_but_wrong=0
  mpx-70 acc: trials=52440000 accuracy=1.0000
  mpx-70 traj: trials=52500000 wall=11973s knowledge=0.7500 reliable=208 spec=7.07 pop=1369
  mpx-70 diag: trials=52500000 micro=3248 pop_spec=6.26 spec_max=21 q_mean=0.607 q_max=1.000 q_above_half=868 marked=0.350 mark_density=0.915 exp_mean=29244.1 addr_spec=3.589 addr_random=0.537 addr_full=0.1556 correct=192
  mpx-70 cover: trials=52500000 overall=0.7500 a0_nochange=1.0000 a0_change=1.0000 a1_nochange=0.0000 a1_change=1.0000 matched_but_wrong=0
  mpx-70 acc: trials=52500000 accuracy=1.0000
  mpx-70 traj: trials=52560000 wall=11986s knowledge=0.7500 reliable=210 spec=7.07 pop=1315
  mpx-70 diag: trials=52560000 micro=3155 pop_spec=6.27 spec_max=21 q_mean=0.605 q_max=1.000 q_above_half=800 marked=0.372 mark_density=0.915 exp_mean=30481.2 addr_spec=3.652 addr_random=0.537 addr_full=0.1749 correct=192
  mpx-70 cover: trials=52560000 overall=0.7500 a0_nochange=1.0000 a0_change=1.0000 a1_nochange=0.0000 a1_change=1.0000 matched_but_wrong=0
  mpx-70 acc: trials=52560000 accuracy=1.0000
  mpx-70 traj: trials=52620000 wall=11998s knowledge=0.7500 reliable=199 spec=7.07 pop=1270
  mpx-70 diag: trials=52620000 micro=3205 pop_spec=6.27 spec_max=21 q_mean=0.606 q_max=1.000 q_above_half=743 marked=0.372 mark_density=0.914 exp_mean=31597.7 addr_spec=3.700 addr_random=0.537 addr_full=0.1677 correct=192
  mpx-70 cover: trials=52620000 overall=0.7500 a0_nochange=1.0000 a0_change=1.0000 a1_nochange=0.0000 a1_change=1.0000 matched_but_wrong=0
  mpx-70 acc: trials=52620000 accuracy=1.0000
  mpx-70 traj: trials=52680000 wall=12010s knowledge=0.7500 reliable=211 spec=7.07 pop=1362
  mpx-70 diag: trials=52680000 micro=3250 pop_spec=6.30 spec_max=21 q_mean=0.610 q_max=1.000 q_above_half=875 marked=0.313 mark_density=0.913 exp_mean=29499.7 addr_spec=3.889 addr_random=0.540 addr_full=0.1571 correct=192
  mpx-70 cover: trials=52680000 overall=0.7500 a0_nochange=1.0000 a0_change=1.0000 a1_nochange=0.0000 a1_change=1.0000 matched_but_wrong=0
  mpx-70 acc: trials=52680000 accuracy=1.0000
  mpx-70 traj: trials=52740000 wall=12022s knowledge=0.7500 reliable=203 spec=7.07 pop=1357
  mpx-70 diag: trials=52740000 micro=3210 pop_spec=6.37 spec_max=21 q_mean=0.600 q_max=1.000 q_above_half=776 marked=0.374 mark_density=0.913 exp_mean=29643.3 addr_spec=3.600 addr_random=0.546 addr_full=0.1562 correct=192
  mpx-70 cover: trials=52740000 overall=0.7500 a0_nochange=1.0000 a0_change=1.0000 a1_nochange=0.0000 a1_change=1.0000 matched_but_wrong=0
  mpx-70 acc: trials=52740000 accuracy=1.0000
  mpx-70 traj: trials=52800000 wall=12035s knowledge=0.7500 reliable=209 spec=7.07 pop=1423
  mpx-70 diag: trials=52800000 micro=3255 pop_spec=6.24 spec_max=21 q_mean=0.594 q_max=1.000 q_above_half=844 marked=0.391 mark_density=0.916 exp_mean=28302.5 addr_spec=3.752 addr_random=0.535 addr_full=0.1567 correct=192
  mpx-70 cover: trials=52800000 overall=0.7500 a0_nochange=1.0000 a0_change=1.0000 a1_nochange=0.0000 a1_change=1.0000 matched_but_wrong=0
  mpx-70 acc: trials=52800000 accuracy=1.0000
  mpx-70 traj: trials=52860000 wall=12047s knowledge=0.7500 reliable=209 spec=7.07 pop=1291
  mpx-70 diag: trials=52860000 micro=3143 pop_spec=6.26 spec_max=21 q_mean=0.609 q_max=1.000 q_above_half=819 marked=0.346 mark_density=0.915 exp_mean=31233.5 addr_spec=3.847 addr_random=0.537 addr_full=0.1603 correct=192
  mpx-70 cover: trials=52860000 overall=0.7500 a0_nochange=1.0000 a0_change=1.0000 a1_nochange=0.0000 a1_change=1.0000 matched_but_wrong=0
  mpx-70 acc: trials=52860000 accuracy=1.0000
  mpx-70 traj: trials=52920000 wall=12059s knowledge=0.7500 reliable=206 spec=7.07 pop=1285
  mpx-70 diag: trials=52920000 micro=3188 pop_spec=6.21 spec_max=21 q_mean=0.610 q_max=1.000 q_above_half=809 marked=0.363 mark_density=0.917 exp_mean=31416.0 addr_spec=3.628 addr_random=0.532 addr_full=0.1665 correct=192
  mpx-70 cover: trials=52920000 overall=0.7500 a0_nochange=1.0000 a0_change=1.0000 a1_nochange=0.0000 a1_change=1.0000 matched_but_wrong=0
  mpx-70 acc: trials=52920000 accuracy=1.0000
  mpx-70 traj: trials=52980000 wall=12070s knowledge=0.7500 reliable=201 spec=7.07 pop=1318
  mpx-70 diag: trials=52980000 micro=3160 pop_spec=6.26 spec_max=21 q_mean=0.603 q_max=1.000 q_above_half=797 marked=0.373 mark_density=0.915 exp_mean=30665.9 addr_spec=3.704 addr_random=0.537 addr_full=0.1616 correct=192
  mpx-70 cover: trials=52980000 overall=0.7500 a0_nochange=1.0000 a0_change=1.0000 a1_nochange=0.0000 a1_change=1.0000 matched_but_wrong=0
  mpx-70 acc: trials=52980000 accuracy=1.0000
  mpx-70 traj: trials=53040000 wall=12082s knowledge=0.7500 reliable=205 spec=7.07 pop=1269
  mpx-70 diag: trials=53040000 micro=3130 pop_spec=6.33 spec_max=21 q_mean=0.613 q_max=1.000 q_above_half=826 marked=0.349 mark_density=0.913 exp_mean=31887.4 addr_spec=3.922 addr_random=0.542 addr_full=0.1647 correct=192
  mpx-70 cover: trials=53040000 overall=0.7500 a0_nochange=1.0000 a0_change=1.0000 a1_nochange=0.0000 a1_change=1.0000 matched_but_wrong=0
  mpx-70 acc: trials=53040000 accuracy=1.0000
  mpx-70 traj: trials=53100000 wall=12093s knowledge=0.7500 reliable=210 spec=7.07 pop=1322
  mpx-70 diag: trials=53100000 micro=3185 pop_spec=6.41 spec_max=21 q_mean=0.616 q_max=1.000 q_above_half=835 marked=0.351 mark_density=0.911 exp_mean=30646.7 addr_spec=3.919 addr_random=0.550 addr_full=0.1649 correct=192
  mpx-70 cover: trials=53100000 overall=0.7500 a0_nochange=1.0000 a0_change=1.0000 a1_nochange=0.0000 a1_change=1.0000 matched_but_wrong=0
  mpx-70 acc: trials=53100000 accuracy=1.0000
  mpx-70 traj: trials=53160000 wall=12105s knowledge=0.7500 reliable=206 spec=7.06 pop=1272
  mpx-70 diag: trials=53160000 micro=3143 pop_spec=6.26 spec_max=21 q_mean=0.609 q_max=1.000 q_above_half=765 marked=0.352 mark_density=0.915 exp_mean=31889.0 addr_spec=3.756 addr_random=0.537 addr_full=0.1675 correct=192
  mpx-70 cover: trials=53160000 overall=0.7500 a0_nochange=1.0000 a0_change=1.0000 a1_nochange=0.0000 a1_change=1.0000 matched_but_wrong=228
  mpx-70 acc: trials=53160000 accuracy=1.0000
  mpx-70 traj: trials=53220000 wall=12116s knowledge=0.7500 reliable=207 spec=7.07 pop=1372
  mpx-70 diag: trials=53220000 micro=3258 pop_spec=6.21 spec_max=21 q_mean=0.598 q_max=1.000 q_above_half=788 marked=0.388 mark_density=0.916 exp_mean=29599.4 addr_spec=3.721 addr_random=0.532 addr_full=0.1618 correct=192
  mpx-70 cover: trials=53220000 overall=0.7500 a0_nochange=1.0000 a0_change=1.0000 a1_nochange=0.0000 a1_change=1.0000 matched_but_wrong=0
  mpx-70 acc: trials=53220000 accuracy=1.0000
  mpx-70 traj: trials=53280000 wall=12128s knowledge=0.7500 reliable=204 spec=7.07 pop=1436
  mpx-70 diag: trials=53280000 micro=3317 pop_spec=6.23 spec_max=21 q_mean=0.592 q_max=1.000 q_above_half=848 marked=0.397 mark_density=0.916 exp_mean=28313.7 addr_spec=3.521 addr_random=0.534 addr_full=0.1428 correct=192
  mpx-70 cover: trials=53280000 overall=0.7500 a0_nochange=1.0000 a0_change=1.0000 a1_nochange=0.0000 a1_change=1.0000 matched_but_wrong=0
  mpx-70 acc: trials=53280000 accuracy=1.0000
  mpx-70 traj: trials=53340000 wall=12139s knowledge=0.7500 reliable=202 spec=7.06 pop=1329
  mpx-70 diag: trials=53340000 micro=3225 pop_spec=6.36 spec_max=21 q_mean=0.605 q_max=1.000 q_above_half=853 marked=0.342 mark_density=0.914 exp_mean=30628.4 addr_spec=3.683 addr_random=0.545 addr_full=0.1505 correct=192
  mpx-70 cover: trials=53340000 overall=0.7500 a0_nochange=1.0000 a0_change=1.0000 a1_nochange=0.0000 a1_change=1.0000 matched_but_wrong=0
  mpx-70 acc: trials=53340000 accuracy=1.0000
  mpx-70 traj: trials=53400000 wall=12151s knowledge=0.7500 reliable=207 spec=7.07 pop=1227
  mpx-70 diag: trials=53400000 micro=3078 pop_spec=6.28 spec_max=21 q_mean=0.612 q_max=1.000 q_above_half=776 marked=0.347 mark_density=0.916 exp_mean=33214.2 addr_spec=3.720 addr_random=0.539 addr_full=0.1777 correct=192
  mpx-70 cover: trials=53400000 overall=0.7500 a0_nochange=1.0000 a0_change=1.0000 a1_nochange=0.0000 a1_change=1.0000 matched_but_wrong=0
  mpx-70 acc: trials=53400000 accuracy=1.0000
  mpx-70 traj: trials=53460000 wall=12162s knowledge=0.7500 reliable=199 spec=7.07 pop=1277
  mpx-70 diag: trials=53460000 micro=3152 pop_spec=6.38 spec_max=21 q_mean=0.611 q_max=1.000 q_above_half=805 marked=0.321 mark_density=0.913 exp_mean=31950.3 addr_spec=3.725 addr_random=0.547 addr_full=0.1621 correct=192
  mpx-70 cover: trials=53460000 overall=0.7500 a0_nochange=1.0000 a0_change=1.0000 a1_nochange=0.0000 a1_change=1.0000 matched_but_wrong=0
  mpx-70 acc: trials=53460000 accuracy=1.0000
  mpx-70 traj: trials=53520000 wall=12174s knowledge=0.7500 reliable=210 spec=7.07 pop=1362
  mpx-70 diag: trials=53520000 micro=3188 pop_spec=6.31 spec_max=21 q_mean=0.605 q_max=1.000 q_above_half=846 marked=0.319 mark_density=0.913 exp_mean=29992.1 addr_spec=3.652 addr_random=0.540 addr_full=0.1623 correct=192
  mpx-70 cover: trials=53520000 overall=0.7500 a0_nochange=1.0000 a0_change=1.0000 a1_nochange=0.0000 a1_change=1.0000 matched_but_wrong=0
  mpx-70 acc: trials=53520000 accuracy=1.0000
  mpx-70 traj: trials=53580000 wall=12185s knowledge=0.7500 reliable=204 spec=7.07 pop=1376
  mpx-70 diag: trials=53580000 micro=3262 pop_spec=6.32 spec_max=21 q_mean=0.601 q_max=1.000 q_above_half=854 marked=0.366 mark_density=0.914 exp_mean=29722.0 addr_spec=3.524 addr_random=0.542 addr_full=0.1570 correct=192
  mpx-70 cover: trials=53580000 overall=0.7500 a0_nochange=1.0000 a0_change=1.0000 a1_nochange=0.0000 a1_change=1.0000 matched_but_wrong=0
  mpx-70 acc: trials=53580000 accuracy=1.0000
  mpx-70 traj: trials=53640000 wall=12197s knowledge=0.7500 reliable=205 spec=7.07 pop=1370
  mpx-70 diag: trials=53640000 micro=3219 pop_spec=6.32 spec_max=21 q_mean=0.606 q_max=1.000 q_above_half=860 marked=0.361 mark_density=0.914 exp_mean=29887.8 addr_spec=3.672 addr_random=0.542 addr_full=0.1569 correct=192
  mpx-70 cover: trials=53640000 overall=0.7500 a0_nochange=1.0000 a0_change=1.0000 a1_nochange=0.0000 a1_change=1.0000 matched_but_wrong=0
  mpx-70 acc: trials=53640000 accuracy=1.0000
  mpx-70 traj: trials=53700000 wall=12209s knowledge=0.7500 reliable=203 spec=7.07 pop=1268
  mpx-70 diag: trials=53700000 micro=3157 pop_spec=6.35 spec_max=21 q_mean=0.608 q_max=1.000 q_above_half=766 marked=0.353 mark_density=0.913 exp_mean=32328.7 addr_spec=3.756 addr_random=0.544 addr_full=0.1672 correct=192
  mpx-70 cover: trials=53700000 overall=0.7500 a0_nochange=1.0000 a0_change=1.0000 a1_nochange=0.0000 a1_change=1.0000 matched_but_wrong=0
  mpx-70 acc: trials=53700000 accuracy=1.0000
  mpx-70 traj: trials=53760000 wall=12221s knowledge=0.7500 reliable=205 spec=7.07 pop=1277
  mpx-70 diag: trials=53760000 micro=3171 pop_spec=6.30 spec_max=21 q_mean=0.612 q_max=1.000 q_above_half=793 marked=0.356 mark_density=0.913 exp_mean=32139.2 addr_spec=3.922 addr_random=0.540 addr_full=0.1762 correct=192
  mpx-70 cover: trials=53760000 overall=0.7500 a0_nochange=1.0000 a0_change=1.0000 a1_nochange=0.0000 a1_change=1.0000 matched_but_wrong=0
  mpx-70 acc: trials=53760000 accuracy=1.0000
  mpx-70 traj: trials=53820000 wall=12233s knowledge=0.7500 reliable=205 spec=7.07 pop=1335
  mpx-70 diag: trials=53820000 micro=3201 pop_spec=6.20 spec_max=21 q_mean=0.604 q_max=1.000 q_above_half=805 marked=0.390 mark_density=0.917 exp_mean=30779.0 addr_spec=3.675 addr_random=0.531 addr_full=0.1663 correct=192
  mpx-70 cover: trials=53820000 overall=0.7500 a0_nochange=1.0000 a0_change=1.0000 a1_nochange=0.0000 a1_change=1.0000 matched_but_wrong=0
  mpx-70 acc: trials=53820000 accuracy=1.0000
  mpx-70 traj: trials=53880000 wall=12245s knowledge=0.7500 reliable=201 spec=7.07 pop=1276
  mpx-70 diag: trials=53880000 micro=3177 pop_spec=6.28 spec_max=21 q_mean=0.611 q_max=1.000 q_above_half=823 marked=0.342 mark_density=0.914 exp_mean=32239.1 addr_spec=3.688 addr_random=0.538 addr_full=0.1669 correct=192
  mpx-70 cover: trials=53880000 overall=0.7500 a0_nochange=1.0000 a0_change=1.0000 a1_nochange=0.0000 a1_change=1.0000 matched_but_wrong=0
  mpx-70 acc: trials=53880000 accuracy=1.0000
  mpx-70 traj: trials=53940000 wall=12258s knowledge=0.7500 reliable=203 spec=7.07 pop=1312
  mpx-70 diag: trials=53940000 micro=3189 pop_spec=6.32 spec_max=21 q_mean=0.605 q_max=1.000 q_above_half=814 marked=0.348 mark_density=0.913 exp_mean=31391.4 addr_spec=3.674 addr_random=0.542 addr_full=0.1669 correct=192
  mpx-70 cover: trials=53940000 overall=0.7500 a0_nochange=1.0000 a0_change=1.0000 a1_nochange=0.0000 a1_change=1.0000 matched_but_wrong=106
  mpx-70 acc: trials=53940000 accuracy=1.0000
  mpx-70 traj: trials=54000000 wall=12270s knowledge=0.7500 reliable=206 spec=7.07 pop=1371
  mpx-70 diag: trials=54000000 micro=3230 pop_spec=6.28 spec_max=21 q_mean=0.607 q_max=1.000 q_above_half=895 marked=0.344 mark_density=0.913 exp_mean=30075.3 addr_spec=3.647 addr_random=0.538 addr_full=0.1648 correct=192
  mpx-70 cover: trials=54000000 overall=0.7500 a0_nochange=1.0000 a0_change=1.0000 a1_nochange=0.0000 a1_change=1.0000 matched_but_wrong=0
  mpx-70 acc: trials=54000000 accuracy=1.0000
  mpx-70 traj: trials=54060000 wall=12283s knowledge=0.7500 reliable=204 spec=7.07 pop=1270
  mpx-70 diag: trials=54060000 micro=3112 pop_spec=6.28 spec_max=21 q_mean=0.613 q_max=1.000 q_above_half=810 marked=0.332 mark_density=0.914 exp_mean=32504.7 addr_spec=3.876 addr_random=0.538 addr_full=0.1740 correct=192
  mpx-70 cover: trials=54060000 overall=0.7500 a0_nochange=1.0000 a0_change=1.0000 a1_nochange=0.0000 a1_change=1.0000 matched_but_wrong=105
  mpx-70 acc: trials=54060000 accuracy=1.0000
  mpx-70 traj: trials=54120000 wall=12295s knowledge=0.7500 reliable=207 spec=7.07 pop=1343
  mpx-70 diag: trials=54120000 micro=3265 pop_spec=6.27 spec_max=21 q_mean=0.606 q_max=1.000 q_above_half=797 marked=0.350 mark_density=0.914 exp_mean=30774.1 addr_spec=3.710 addr_random=0.537 addr_full=0.1571 correct=192
  mpx-70 cover: trials=54120000 overall=0.7500 a0_nochange=1.0000 a0_change=1.0000 a1_nochange=0.0000 a1_change=1.0000 matched_but_wrong=0
  mpx-70 acc: trials=54120000 accuracy=1.0000
  mpx-70 traj: trials=54180000 wall=12307s knowledge=0.7500 reliable=201 spec=7.07 pop=1290
  mpx-70 diag: trials=54180000 micro=3164 pop_spec=6.31 spec_max=21 q_mean=0.602 q_max=1.000 q_above_half=799 marked=0.372 mark_density=0.914 exp_mean=32075.1 addr_spec=3.585 addr_random=0.540 addr_full=0.1597 correct=192
  mpx-70 cover: trials=54180000 overall=0.7500 a0_nochange=1.0000 a0_change=1.0000 a1_nochange=0.0000 a1_change=1.0000 matched_but_wrong=0
  mpx-70 acc: trials=54180000 accuracy=1.0000
  mpx-70 traj: trials=54240000 wall=12319s knowledge=0.7500 reliable=202 spec=7.07 pop=1331
  mpx-70 diag: trials=54240000 micro=3185 pop_spec=6.35 spec_max=21 q_mean=0.603 q_max=1.000 q_above_half=830 marked=0.396 mark_density=0.914 exp_mean=31123.2 addr_spec=3.757 addr_random=0.544 addr_full=0.1608 correct=192
  mpx-70 cover: trials=54240000 overall=0.7500 a0_nochange=1.0000 a0_change=1.0000 a1_nochange=0.0000 a1_change=1.0000 matched_but_wrong=0
  mpx-70 acc: trials=54240000 accuracy=1.0000
  mpx-70 traj: trials=54300000 wall=12331s knowledge=0.7500 reliable=199 spec=7.07 pop=1302
  mpx-70 diag: trials=54300000 micro=3174 pop_spec=6.35 spec_max=21 q_mean=0.604 q_max=1.000 q_above_half=783 marked=0.349 mark_density=0.912 exp_mean=31853.0 addr_spec=3.876 addr_random=0.544 addr_full=0.1759 correct=192
  mpx-70 cover: trials=54300000 overall=0.7500 a0_nochange=1.0000 a0_change=1.0000 a1_nochange=0.0000 a1_change=1.0000 matched_but_wrong=0
  mpx-70 acc: trials=54300000 accuracy=1.0000
  mpx-70 traj: trials=54360000 wall=12343s knowledge=0.7500 reliable=203 spec=7.07 pop=1289
  mpx-70 diag: trials=54360000 micro=3166 pop_spec=6.33 spec_max=21 q_mean=0.613 q_max=1.000 q_above_half=843 marked=0.341 mark_density=0.913 exp_mean=32211.9 addr_spec=3.905 addr_random=0.543 addr_full=0.1660 correct=192
  mpx-70 cover: trials=54360000 overall=0.7500 a0_nochange=1.0000 a0_change=1.0000 a1_nochange=0.0000 a1_change=1.0000 matched_but_wrong=0
  mpx-70 acc: trials=54360000 accuracy=1.0000
  mpx-70 traj: trials=54420000 wall=12355s knowledge=0.7500 reliable=203 spec=7.07 pop=1344
  mpx-70 diag: trials=54420000 micro=3209 pop_spec=6.35 spec_max=21 q_mean=0.608 q_max=1.000 q_above_half=832 marked=0.344 mark_density=0.914 exp_mean=30929.1 addr_spec=3.609 addr_random=0.544 addr_full=0.1644 correct=192
  mpx-70 cover: trials=54420000 overall=0.7500 a0_nochange=1.0000 a0_change=1.0000 a1_nochange=0.0000 a1_change=1.0000 matched_but_wrong=0
  mpx-70 acc: trials=54420000 accuracy=1.0000
  mpx-70 traj: trials=54480000 wall=12368s knowledge=0.7500 reliable=207 spec=7.07 pop=1301
  mpx-70 diag: trials=54480000 micro=3175 pop_spec=6.28 spec_max=21 q_mean=0.617 q_max=1.000 q_above_half=812 marked=0.358 mark_density=0.914 exp_mean=31989.0 addr_spec=3.852 addr_random=0.539 addr_full=0.1676 correct=192
  mpx-70 cover: trials=54480000 overall=0.7500 a0_nochange=1.0000 a0_change=1.0000 a1_nochange=0.0000 a1_change=1.0000 matched_but_wrong=0
  mpx-70 acc: trials=54480000 accuracy=1.0000
  mpx-70 traj: trials=54540000 wall=12380s knowledge=0.7500 reliable=202 spec=7.07 pop=1305
  mpx-70 diag: trials=54540000 micro=3184 pop_spec=6.28 spec_max=21 q_mean=0.600 q_max=1.000 q_above_half=787 marked=0.372 mark_density=0.915 exp_mean=31927.3 addr_spec=3.731 addr_random=0.538 addr_full=0.1701 correct=192
  mpx-70 cover: trials=54540000 overall=0.7500 a0_nochange=1.0000 a0_change=1.0000 a1_nochange=0.0000 a1_change=1.0000 matched_but_wrong=0
  mpx-70 acc: trials=54540000 accuracy=1.0000
  mpx-70 traj: trials=54600000 wall=12392s knowledge=0.7500 reliable=207 spec=7.07 pop=1265
  mpx-70 diag: trials=54600000 micro=3174 pop_spec=6.29 spec_max=21 q_mean=0.612 q_max=1.000 q_above_half=792 marked=0.343 mark_density=0.916 exp_mean=32974.8 addr_spec=3.806 addr_random=0.539 addr_full=0.1692 correct=192
  mpx-70 cover: trials=54600000 overall=0.7500 a0_nochange=1.0000 a0_change=1.0000 a1_nochange=0.0000 a1_change=1.0000 matched_but_wrong=0
  mpx-70 acc: trials=54600000 accuracy=1.0000
  mpx-70 traj: trials=54660000 wall=12403s knowledge=0.7500 reliable=208 spec=7.07 pop=1328
  mpx-70 diag: trials=54660000 micro=3202 pop_spec=6.32 spec_max=21 q_mean=0.609 q_max=1.000 q_above_half=850 marked=0.372 mark_density=0.914 exp_mean=31447.2 addr_spec=3.664 addr_random=0.542 addr_full=0.1514 correct=192
  mpx-70 cover: trials=54660000 overall=0.7500 a0_nochange=1.0000 a0_change=1.0000 a1_nochange=0.0000 a1_change=1.0000 matched_but_wrong=0
  mpx-70 acc: trials=54660000 accuracy=1.0000
  mpx-70 traj: trials=54720000 wall=12415s knowledge=0.7500 reliable=200 spec=7.07 pop=1235
  mpx-70 diag: trials=54720000 micro=3153 pop_spec=6.20 spec_max=21 q_mean=0.606 q_max=1.000 q_above_half=767 marked=0.364 mark_density=0.916 exp_mean=33853.5 addr_spec=3.794 addr_random=0.532 addr_full=0.1668 correct=192
  mpx-70 cover: trials=54720000 overall=0.7500 a0_nochange=1.0000 a0_change=1.0000 a1_nochange=0.0000 a1_change=1.0000 matched_but_wrong=0
  mpx-70 acc: trials=54720000 accuracy=1.0000
  mpx-70 traj: trials=54780000 wall=12426s knowledge=0.7500 reliable=200 spec=7.07 pop=1245
  mpx-70 diag: trials=54780000 micro=3113 pop_spec=6.31 spec_max=21 q_mean=0.608 q_max=1.000 q_above_half=765 marked=0.373 mark_density=0.915 exp_mean=33619.4 addr_spec=3.892 addr_random=0.541 addr_full=0.1759 correct=192
  mpx-70 cover: trials=54780000 overall=0.7500 a0_nochange=1.0000 a0_change=1.0000 a1_nochange=0.0000 a1_change=1.0000 matched_but_wrong=0
  mpx-70 acc: trials=54780000 accuracy=1.0000
  mpx-70 traj: trials=54840000 wall=12437s knowledge=0.7500 reliable=209 spec=7.07 pop=1356
  mpx-70 diag: trials=54840000 micro=3243 pop_spec=6.29 spec_max=21 q_mean=0.601 q_max=1.000 q_above_half=799 marked=0.375 mark_density=0.915 exp_mean=30903.3 addr_spec=3.746 addr_random=0.539 addr_full=0.1608 correct=192
  mpx-70 cover: trials=54840000 overall=0.7500 a0_nochange=1.0000 a0_change=1.0000 a1_nochange=0.0000 a1_change=1.0000 matched_but_wrong=0
  mpx-70 acc: trials=54840000 accuracy=1.0000
  mpx-70 traj: trials=54900000 wall=12449s knowledge=0.7500 reliable=204 spec=7.07 pop=1272
  mpx-70 diag: trials=54900000 micro=3161 pop_spec=6.25 spec_max=21 q_mean=0.608 q_max=1.000 q_above_half=792 marked=0.342 mark_density=0.916 exp_mean=32981.3 addr_spec=3.813 addr_random=0.536 addr_full=0.1722 correct=192
  mpx-70 cover: trials=54900000 overall=0.7500 a0_nochange=1.0000 a0_change=1.0000 a1_nochange=0.0000 a1_change=1.0000 matched_but_wrong=90
  mpx-70 acc: trials=54900000 accuracy=1.0000
  mpx-70 traj: trials=54960000 wall=12460s knowledge=0.7500 reliable=208 spec=7.07 pop=1235
  mpx-70 diag: trials=54960000 micro=3105 pop_spec=6.27 spec_max=21 q_mean=0.611 q_max=1.000 q_above_half=795 marked=0.370 mark_density=0.914 exp_mean=34009.0 addr_spec=3.833 addr_random=0.537 addr_full=0.1700 correct=192
  mpx-70 cover: trials=54960000 overall=0.7500 a0_nochange=1.0000 a0_change=1.0000 a1_nochange=0.0000 a1_change=1.0000 matched_but_wrong=0
  mpx-70 acc: trials=54960000 accuracy=1.0000
  mpx-70 traj: trials=55020000 wall=12472s knowledge=0.7500 reliable=201 spec=7.07 pop=1370
  mpx-70 diag: trials=55020000 micro=3236 pop_spec=6.32 spec_max=21 q_mean=0.607 q_max=1.000 q_above_half=908 marked=0.343 mark_density=0.914 exp_mean=30692.3 addr_spec=3.672 addr_random=0.542 addr_full=0.1526 correct=192
  mpx-70 cover: trials=55020000 overall=0.7500 a0_nochange=1.0000 a0_change=1.0000 a1_nochange=0.0000 a1_change=1.0000 matched_but_wrong=0
  mpx-70 acc: trials=55020000 accuracy=1.0000
  mpx-70 traj: trials=55080000 wall=12483s knowledge=0.7500 reliable=204 spec=7.07 pop=1274
  mpx-70 diag: trials=55080000 micro=3163 pop_spec=6.27 spec_max=21 q_mean=0.607 q_max=1.000 q_above_half=782 marked=0.351 mark_density=0.915 exp_mean=33042.7 addr_spec=3.667 addr_random=0.538 addr_full=0.1633 correct=192
  mpx-70 cover: trials=55080000 overall=0.7500 a0_nochange=1.0000 a0_change=1.0000 a1_nochange=0.0000 a1_change=1.0000 matched_but_wrong=0
  mpx-70 acc: trials=55080000 accuracy=1.0000
  mpx-70 traj: trials=55140000 wall=12495s knowledge=0.7500 reliable=200 spec=7.07 pop=1375
  mpx-70 diag: trials=55140000 micro=3267 pop_spec=6.30 spec_max=21 q_mean=0.594 q_max=1.000 q_above_half=827 marked=0.366 mark_density=0.914 exp_mean=30650.4 addr_spec=3.863 addr_random=0.540 addr_full=0.1622 correct=192
  mpx-70 cover: trials=55140000 overall=0.7500 a0_nochange=1.0000 a0_change=1.0000 a1_nochange=0.0000 a1_change=1.0000 matched_but_wrong=0
  mpx-70 acc: trials=55140000 accuracy=1.0000
  mpx-70 traj: trials=55200000 wall=12506s knowledge=0.7500 reliable=209 spec=7.07 pop=1331
  mpx-70 diag: trials=55200000 micro=3211 pop_spec=6.26 spec_max=21 q_mean=0.604 q_max=1.000 q_above_half=803 marked=0.377 mark_density=0.915 exp_mean=31700.0 addr_spec=3.770 addr_random=0.537 addr_full=0.1630 correct=192
  mpx-70 cover: trials=55200000 overall=0.7500 a0_nochange=1.0000 a0_change=1.0000 a1_nochange=0.0000 a1_change=1.0000 matched_but_wrong=0
  mpx-70 acc: trials=55200000 accuracy=1.0000
  mpx-70 traj: trials=55260000 wall=12517s knowledge=0.7500 reliable=204 spec=7.07 pop=1213
  mpx-70 diag: trials=55260000 micro=3125 pop_spec=6.16 spec_max=21 q_mean=0.604 q_max=1.000 q_above_half=727 marked=0.363 mark_density=0.918 exp_mean=34822.7 addr_spec=3.687 addr_random=0.528 addr_full=0.1715 correct=192
  mpx-70 cover: trials=55260000 overall=0.7500 a0_nochange=1.0000 a0_change=1.0000 a1_nochange=0.0000 a1_change=1.0000 matched_but_wrong=0
  mpx-70 acc: trials=55260000 accuracy=1.0000
  mpx-70 traj: trials=55320000 wall=12529s knowledge=0.7500 reliable=201 spec=7.07 pop=1328
  mpx-70 diag: trials=55320000 micro=3205 pop_spec=6.33 spec_max=21 q_mean=0.605 q_max=1.000 q_above_half=841 marked=0.370 mark_density=0.913 exp_mean=31843.9 addr_spec=3.665 addr_random=0.543 addr_full=0.1634 correct=192
  mpx-70 cover: trials=55320000 overall=0.7500 a0_nochange=1.0000 a0_change=1.0000 a1_nochange=0.0000 a1_change=1.0000 matched_but_wrong=0
  mpx-70 acc: trials=55320000 accuracy=1.0000
  mpx-70 traj: trials=55380000 wall=12541s knowledge=0.7500 reliable=204 spec=7.07 pop=1321
  mpx-70 diag: trials=55380000 micro=3194 pop_spec=6.34 spec_max=21 q_mean=0.608 q_max=1.000 q_above_half=834 marked=0.361 mark_density=0.913 exp_mean=32049.1 addr_spec=3.781 addr_random=0.544 addr_full=0.1582 correct=192
  mpx-70 cover: trials=55380000 overall=0.7500 a0_nochange=1.0000 a0_change=1.0000 a1_nochange=0.0000 a1_change=1.0000 matched_but_wrong=0
  mpx-70 acc: trials=55380000 accuracy=1.0000
  mpx-70 traj: trials=55440000 wall=12552s knowledge=0.7500 reliable=204 spec=7.07 pop=1233
  mpx-70 diag: trials=55440000 micro=3108 pop_spec=6.27 spec_max=21 q_mean=0.616 q_max=1.000 q_above_half=807 marked=0.342 mark_density=0.915 exp_mean=34374.8 addr_spec=3.783 addr_random=0.537 addr_full=0.1703 correct=192
  mpx-70 cover: trials=55440000 overall=0.7500 a0_nochange=1.0000 a0_change=1.0000 a1_nochange=0.0000 a1_change=1.0000 matched_but_wrong=0
  mpx-70 acc: trials=55440000 accuracy=1.0000
  mpx-70 traj: trials=55500000 wall=12564s knowledge=0.7500 reliable=206 spec=7.07 pop=1332
  mpx-70 diag: trials=55500000 micro=3203 pop_spec=6.32 spec_max=21 q_mean=0.607 q_max=1.000 q_above_half=812 marked=0.366 mark_density=0.913 exp_mean=31856.7 addr_spec=3.824 addr_random=0.541 addr_full=0.1607 correct=192
  mpx-70 cover: trials=55500000 overall=0.7500 a0_nochange=1.0000 a0_change=1.0000 a1_nochange=0.0000 a1_change=1.0000 matched_but_wrong=0
  mpx-70 acc: trials=55500000 accuracy=1.0000
  mpx-70 traj: trials=55560000 wall=12576s knowledge=0.7500 reliable=204 spec=7.07 pop=1271
  mpx-70 diag: trials=55560000 micro=3170 pop_spec=6.37 spec_max=21 q_mean=0.606 q_max=1.000 q_above_half=795 marked=0.339 mark_density=0.912 exp_mean=33422.7 addr_spec=3.688 addr_random=0.546 addr_full=0.1684 correct=192
  mpx-70 cover: trials=55560000 overall=0.7500 a0_nochange=1.0000 a0_change=1.0000 a1_nochange=0.0000 a1_change=1.0000 matched_but_wrong=0
  mpx-70 acc: trials=55560000 accuracy=1.0000
  mpx-70 traj: trials=55620000 wall=12588s knowledge=0.7500 reliable=205 spec=7.07 pop=1272
  mpx-70 diag: trials=55620000 micro=3148 pop_spec=6.33 spec_max=21 q_mean=0.612 q_max=1.000 q_above_half=813 marked=0.354 mark_density=0.914 exp_mean=33435.2 addr_spec=3.704 addr_random=0.543 addr_full=0.1619 correct=192
  mpx-70 cover: trials=55620000 overall=0.7500 a0_nochange=1.0000 a0_change=1.0000 a1_nochange=0.0000 a1_change=1.0000 matched_but_wrong=0
  mpx-70 acc: trials=55620000 accuracy=1.0000
  mpx-70 traj: trials=55680000 wall=12600s knowledge=0.7500 reliable=205 spec=7.07 pop=1327
  mpx-70 diag: trials=55680000 micro=3198 pop_spec=6.38 spec_max=21 q_mean=0.609 q_max=1.000 q_above_half=851 marked=0.353 mark_density=0.912 exp_mean=32085.0 addr_spec=3.837 addr_random=0.547 addr_full=0.1613 correct=192
  mpx-70 cover: trials=55680000 overall=0.7500 a0_nochange=1.0000 a0_change=1.0000 a1_nochange=0.0000 a1_change=1.0000 matched_but_wrong=0
  mpx-70 acc: trials=55680000 accuracy=1.0000
  mpx-70 traj: trials=55740000 wall=12612s knowledge=0.7500 reliable=205 spec=7.07 pop=1345
  mpx-70 diag: trials=55740000 micro=3204 pop_spec=6.23 spec_max=21 q_mean=0.601 q_max=1.000 q_above_half=786 marked=0.368 mark_density=0.916 exp_mean=31691.7 addr_spec=3.652 addr_random=0.534 addr_full=0.1576 correct=192
  mpx-70 cover: trials=55740000 overall=0.7500 a0_nochange=1.0000 a0_change=1.0000 a1_nochange=0.0000 a1_change=1.0000 matched_but_wrong=0
  mpx-70 acc: trials=55740000 accuracy=1.0000
  mpx-70 traj: trials=55800000 wall=12624s knowledge=0.7500 reliable=206 spec=7.07 pop=1372
  mpx-70 diag: trials=55800000 micro=3217 pop_spec=6.34 spec_max=21 q_mean=0.600 q_max=1.000 q_above_half=837 marked=0.391 mark_density=0.913 exp_mean=31103.5 addr_spec=3.826 addr_random=0.544 addr_full=0.1596 correct=192
  mpx-70 cover: trials=55800000 overall=0.7500 a0_nochange=1.0000 a0_change=1.0000 a1_nochange=0.0000 a1_change=1.0000 matched_but_wrong=0
  mpx-70 acc: trials=55800000 accuracy=1.0000
  mpx-70 traj: trials=55860000 wall=12637s knowledge=0.7500 reliable=205 spec=7.07 pop=1269
  mpx-70 diag: trials=55860000 micro=3159 pop_spec=6.33 spec_max=21 q_mean=0.614 q_max=1.000 q_above_half=822 marked=0.340 mark_density=0.915 exp_mean=33665.3 addr_spec=3.840 addr_random=0.542 addr_full=0.1678 correct=192
  mpx-70 cover: trials=55860000 overall=0.7500 a0_nochange=1.0000 a0_change=1.0000 a1_nochange=0.0000 a1_change=1.0000 matched_but_wrong=0
  mpx-70 acc: trials=55860000 accuracy=1.0000
  mpx-70 traj: trials=55920000 wall=12649s knowledge=0.7500 reliable=199 spec=7.07 pop=1279
  mpx-70 diag: trials=55920000 micro=3172 pop_spec=6.25 spec_max=21 q_mean=0.609 q_max=1.000 q_above_half=822 marked=0.363 mark_density=0.915 exp_mean=33438.8 addr_spec=3.567 addr_random=0.535 addr_full=0.1720 correct=192
  mpx-70 cover: trials=55920000 overall=0.7500 a0_nochange=1.0000 a0_change=1.0000 a1_nochange=0.0000 a1_change=1.0000 matched_but_wrong=0
  mpx-70 acc: trials=55920000 accuracy=1.0000
  mpx-70 traj: trials=55980000 wall=12662s knowledge=0.7500 reliable=203 spec=7.07 pop=1336
  mpx-70 diag: trials=55980000 micro=3197 pop_spec=6.27 spec_max=21 q_mean=0.607 q_max=1.000 q_above_half=839 marked=0.351 mark_density=0.915 exp_mean=32048.5 addr_spec=3.806 addr_random=0.538 addr_full=0.1684 correct=192
  mpx-70 cover: trials=55980000 overall=0.7500 a0_nochange=1.0000 a0_change=1.0000 a1_nochange=0.0000 a1_change=1.0000 matched_but_wrong=0
  mpx-70 acc: trials=55980000 accuracy=1.0000
  mpx-70 traj: trials=56040000 wall=12674s knowledge=0.7500 reliable=199 spec=7.07 pop=1312
  mpx-70 diag: trials=56040000 micro=3164 pop_spec=6.32 spec_max=21 q_mean=0.610 q_max=1.000 q_above_half=849 marked=0.364 mark_density=0.914 exp_mean=32671.1 addr_spec=3.662 addr_random=0.542 addr_full=0.1601 correct=192
  mpx-70 cover: trials=56040000 overall=0.7500 a0_nochange=1.0000 a0_change=1.0000 a1_nochange=0.0000 a1_change=1.0000 matched_but_wrong=0
  mpx-70 acc: trials=56040000 accuracy=1.0000
  mpx-70 traj: trials=56100000 wall=12686s knowledge=0.7500 reliable=207 spec=7.07 pop=1287
  mpx-70 diag: trials=56100000 micro=3181 pop_spec=6.28 spec_max=21 q_mean=0.609 q_max=1.000 q_above_half=806 marked=0.344 mark_density=0.914 exp_mean=33343.7 addr_spec=3.886 addr_random=0.538 addr_full=0.1678 correct=192
  mpx-70 cover: trials=56100000 overall=0.7500 a0_nochange=1.0000 a0_change=1.0000 a1_nochange=0.0000 a1_change=1.0000 matched_but_wrong=0
  mpx-70 acc: trials=56100000 accuracy=1.0000
  mpx-70 traj: trials=56160000 wall=12698s knowledge=0.7500 reliable=204 spec=7.07 pop=1206
  mpx-70 diag: trials=56160000 micro=3074 pop_spec=6.29 spec_max=21 q_mean=0.619 q_max=1.000 q_above_half=818 marked=0.343 mark_density=0.914 exp_mean=35622.8 addr_spec=3.909 addr_random=0.539 addr_full=0.1816 correct=192
  mpx-70 cover: trials=56160000 overall=0.7500 a0_nochange=1.0000 a0_change=1.0000 a1_nochange=0.0000 a1_change=1.0000 matched_but_wrong=0
  mpx-70 acc: trials=56160000 accuracy=1.0000
  mpx-70 traj: trials=56220000 wall=12711s knowledge=0.7501 reliable=203 spec=7.10 pop=1352
  mpx-70 diag: trials=56220000 micro=3204 pop_spec=6.29 spec_max=21 q_mean=0.606 q_max=1.000 q_above_half=882 marked=0.375 mark_density=0.916 exp_mean=31811.9 addr_spec=3.615 addr_random=0.539 addr_full=0.1561 correct=192
  mpx-70 cover: trials=56220000 overall=0.7501 a0_nochange=1.0000 a0_change=1.0000 a1_nochange=0.0004 a1_change=1.0000 matched_but_wrong=0
  mpx-70 acc: trials=56220000 accuracy=1.0000
  mpx-70 traj: trials=56280000 wall=12723s knowledge=0.7501 reliable=211 spec=7.09 pop=1240
  mpx-70 diag: trials=56280000 micro=3094 pop_spec=6.36 spec_max=21 q_mean=0.612 q_max=1.000 q_above_half=740 marked=0.380 mark_density=0.913 exp_mean=34724.2 addr_spec=3.736 addr_random=0.545 addr_full=0.1637 correct=192
  mpx-70 cover: trials=56280000 overall=0.7501 a0_nochange=1.0000 a0_change=1.0000 a1_nochange=0.0004 a1_change=1.0000 matched_but_wrong=0
  mpx-70 acc: trials=56280000 accuracy=1.0000
  mpx-70 traj: trials=56340000 wall=12734s knowledge=0.7501 reliable=202 spec=7.10 pop=1274
  mpx-70 diag: trials=56340000 micro=3178 pop_spec=6.34 spec_max=21 q_mean=0.611 q_max=1.000 q_above_half=802 marked=0.374 mark_density=0.914 exp_mean=33834.1 addr_spec=3.758 addr_random=0.543 addr_full=0.1664 correct=192
  mpx-70 cover: trials=56340000 overall=0.7501 a0_nochange=1.0000 a0_change=1.0000 a1_nochange=0.0004 a1_change=1.0000 matched_but_wrong=0
  mpx-70 acc: trials=56340000 accuracy=1.0000
  mpx-70 traj: trials=56400000 wall=12745s knowledge=0.7501 reliable=199 spec=7.10 pop=1313
  mpx-70 diag: trials=56400000 micro=3170 pop_spec=6.29 spec_max=21 q_mean=0.605 q_max=1.000 q_above_half=852 marked=0.333 mark_density=0.914 exp_mean=32865.9 addr_spec=3.649 addr_random=0.539 addr_full=0.1615 correct=192
  mpx-70 cover: trials=56400000 overall=0.7501 a0_nochange=1.0000 a0_change=1.0000 a1_nochange=0.0004 a1_change=1.0000 matched_but_wrong=0
  mpx-70 acc: trials=56400000 accuracy=1.0000
  mpx-70 traj: trials=56460000 wall=12757s knowledge=0.7501 reliable=199 spec=7.10 pop=1372
  mpx-70 diag: trials=56460000 micro=3236 pop_spec=6.31 spec_max=21 q_mean=0.600 q_max=1.000 q_above_half=821 marked=0.358 mark_density=0.914 exp_mean=31487.5 addr_spec=3.692 addr_random=0.541 addr_full=0.1574 correct=192
  mpx-70 cover: trials=56460000 overall=0.7501 a0_nochange=1.0000 a0_change=1.0000 a1_nochange=0.0004 a1_change=1.0000 matched_but_wrong=0
  mpx-70 acc: trials=56460000 accuracy=1.0000
  mpx-70 traj: trials=56520000 wall=12768s knowledge=0.7501 reliable=206 spec=7.10 pop=1364
  mpx-70 diag: trials=56520000 micro=3209 pop_spec=6.32 spec_max=21 q_mean=0.606 q_max=1.000 q_above_half=857 marked=0.370 mark_density=0.914 exp_mean=31708.2 addr_spec=3.751 addr_random=0.542 addr_full=0.1613 correct=192
  mpx-70 cover: trials=56520000 overall=0.7501 a0_nochange=1.0000 a0_change=1.0000 a1_nochange=0.0004 a1_change=1.0000 matched_but_wrong=0
  mpx-70 acc: trials=56520000 accuracy=1.0000
  mpx-70 traj: trials=56580000 wall=12780s knowledge=0.7501 reliable=205 spec=7.10 pop=1267
  mpx-70 diag: trials=56580000 micro=3153 pop_spec=6.31 spec_max=21 q_mean=0.609 q_max=1.000 q_above_half=803 marked=0.338 mark_density=0.915 exp_mean=34173.1 addr_spec=3.872 addr_random=0.541 addr_full=0.1752 correct=192
  mpx-70 cover: trials=56580000 overall=0.7501 a0_nochange=1.0000 a0_change=1.0000 a1_nochange=0.0004 a1_change=1.0000 matched_but_wrong=0
  mpx-70 acc: trials=56580000 accuracy=1.0000
  mpx-70 traj: trials=56640000 wall=12791s knowledge=0.7521 reliable=207 spec=7.12 pop=1378
  mpx-70 diag: trials=56640000 micro=3282 pop_spec=6.28 spec_max=21 q_mean=0.608 q_max=1.000 q_above_half=884 marked=0.361 mark_density=0.915 exp_mean=31455.8 addr_spec=3.701 addr_random=0.539 addr_full=0.1597 correct=192
  mpx-70 cover: trials=56640000 overall=0.7521 a0_nochange=1.0000 a0_change=1.0000 a1_nochange=0.0082 a1_change=1.0000 matched_but_wrong=0
  mpx-70 acc: trials=56640000 accuracy=1.0000
  mpx-70 traj: trials=56700000 wall=12803s knowledge=0.7540 reliable=205 spec=7.11 pop=1237
  mpx-70 diag: trials=56700000 micro=3161 pop_spec=6.36 spec_max=21 q_mean=0.626 q_max=1.000 q_above_half=839 marked=0.312 mark_density=0.912 exp_mean=35080.0 addr_spec=3.883 addr_random=0.545 addr_full=0.1754 correct=192
  mpx-70 cover: trials=56700000 overall=0.7540 a0_nochange=1.0000 a0_change=1.0000 a1_nochange=0.0161 a1_change=1.0000 matched_but_wrong=0
  mpx-70 acc: trials=56700000 accuracy=1.0000
  mpx-70 traj: trials=56760000 wall=12814s knowledge=0.7540 reliable=202 spec=7.10 pop=1375
  mpx-70 diag: trials=56760000 micro=3306 pop_spec=6.29 spec_max=21 q_mean=0.592 q_max=1.000 q_above_half=768 marked=0.370 mark_density=0.915 exp_mean=31594.4 addr_spec=3.572 addr_random=0.539 addr_full=0.1629 correct=192
  mpx-70 cover: trials=56760000 overall=0.7540 a0_nochange=1.0000 a0_change=1.0000 a1_nochange=0.0161 a1_change=1.0000 matched_but_wrong=0
  mpx-70 acc: trials=56760000 accuracy=1.0000
  mpx-70 traj: trials=56820000 wall=12826s knowledge=0.7561 reliable=203 spec=7.11 pop=1329
  mpx-70 diag: trials=56820000 micro=3191 pop_spec=6.33 spec_max=21 q_mean=0.614 q_max=1.000 q_above_half=872 marked=0.342 mark_density=0.914 exp_mean=32723.9 addr_spec=3.831 addr_random=0.543 addr_full=0.1603 correct=192
  mpx-70 cover: trials=56820000 overall=0.7561 a0_nochange=1.0000 a0_change=1.0000 a1_nochange=0.0242 a1_change=1.0000 matched_but_wrong=0
  mpx-70 acc: trials=56820000 accuracy=1.0000
  mpx-70 traj: trials=56880000 wall=12837s knowledge=0.7591 reliable=209 spec=7.11 pop=1267
  mpx-70 diag: trials=56880000 micro=3154 pop_spec=6.36 spec_max=21 q_mean=0.607 q_max=1.000 q_above_half=786 marked=0.364 mark_density=0.914 exp_mean=34363.5 addr_spec=3.864 addr_random=0.546 addr_full=0.1744 correct=192
  mpx-70 cover: trials=56880000 overall=0.7591 a0_nochange=1.0000 a0_change=1.0000 a1_nochange=0.0364 a1_change=1.0000 matched_but_wrong=0
  mpx-70 acc: trials=56880000 accuracy=1.0000
  mpx-70 traj: trials=56940000 wall=12848s knowledge=0.7581 reliable=211 spec=7.07 pop=1273
  mpx-70 diag: trials=56940000 micro=3173 pop_spec=6.26 spec_max=21 q_mean=0.611 q_max=1.000 q_above_half=810 marked=0.375 mark_density=0.915 exp_mean=34239.7 addr_spec=3.668 addr_random=0.536 addr_full=0.1705 correct=192
  mpx-70 cover: trials=56940000 overall=0.7581 a0_nochange=1.0000 a0_change=1.0000 a1_nochange=0.0325 a1_change=1.0000 matched_but_wrong=0
  mpx-70 acc: trials=56940000 accuracy=1.0000
  mpx-70 traj: trials=57000000 wall=12860s knowledge=0.7581 reliable=206 spec=7.07 pop=1279
  mpx-70 diag: trials=57000000 micro=3194 pop_spec=6.35 spec_max=21 q_mean=0.617 q_max=1.000 q_above_half=827 marked=0.346 mark_density=0.913 exp_mean=34116.7 addr_spec=3.866 addr_random=0.544 addr_full=0.1626 correct=192
  mpx-70 cover: trials=57000000 overall=0.7581 a0_nochange=1.0000 a0_change=1.0000 a1_nochange=0.0325 a1_change=1.0000 matched_but_wrong=0
  mpx-70 acc: trials=57000000 accuracy=1.0000
  mpx-70 traj: trials=57060000 wall=12871s knowledge=0.7581 reliable=210 spec=7.07 pop=1289
  mpx-70 diag: trials=57060000 micro=3148 pop_spec=6.37 spec_max=21 q_mean=0.616 q_max=1.000 q_above_half=837 marked=0.332 mark_density=0.912 exp_mean=33889.5 addr_spec=3.921 addr_random=0.546 addr_full=0.1683 correct=192
  mpx-70 cover: trials=57060000 overall=0.7581 a0_nochange=1.0000 a0_change=1.0000 a1_nochange=0.0325 a1_change=1.0000 matched_but_wrong=0
  mpx-70 acc: trials=57060000 accuracy=1.0000
  mpx-70 traj: trials=57120000 wall=12883s knowledge=0.7581 reliable=218 spec=7.06 pop=1296
  mpx-70 diag: trials=57120000 micro=3187 pop_spec=6.34 spec_max=21 q_mean=0.618 q_max=1.000 q_above_half=804 marked=0.359 mark_density=0.914 exp_mean=33745.8 addr_spec=3.823 addr_random=0.544 addr_full=0.1644 correct=192
  mpx-70 cover: trials=57120000 overall=0.7581 a0_nochange=1.0000 a0_change=1.0000 a1_nochange=0.0325 a1_change=1.0000 matched_but_wrong=0
  mpx-70 acc: trials=57120000 accuracy=1.0000
  mpx-70 traj: trials=57180000 wall=12895s knowledge=0.7581 reliable=207 spec=7.07 pop=1279
  mpx-70 diag: trials=57180000 micro=3230 pop_spec=6.31 spec_max=21 q_mean=0.614 q_max=1.000 q_above_half=823 marked=0.341 mark_density=0.915 exp_mean=34230.3 addr_spec=3.640 addr_random=0.541 addr_full=0.1603 correct=192
  mpx-70 cover: trials=57180000 overall=0.7581 a0_nochange=1.0000 a0_change=1.0000 a1_nochange=0.0325 a1_change=1.0000 matched_but_wrong=0
  mpx-70 acc: trials=57180000 accuracy=1.0000
  mpx-70 traj: trials=57240000 wall=12907s knowledge=0.7601 reliable=215 spec=7.11 pop=1254
  mpx-70 diag: trials=57240000 micro=3170 pop_spec=6.29 spec_max=21 q_mean=0.606 q_max=1.000 q_above_half=781 marked=0.383 mark_density=0.915 exp_mean=34951.1 addr_spec=3.750 addr_random=0.539 addr_full=0.1691 correct=193
  mpx-70 cover: trials=57240000 overall=0.7601 a0_nochange=1.0000 a0_change=1.0000 a1_nochange=0.0403 a1_change=1.0000 matched_but_wrong=0
  mpx-70 acc: trials=57240000 accuracy=1.0000
  mpx-70 traj: trials=57300000 wall=12919s knowledge=0.7630 reliable=217 spec=7.11 pop=1343
  mpx-70 diag: trials=57300000 micro=3245 pop_spec=6.34 spec_max=21 q_mean=0.616 q_max=1.000 q_above_half=869 marked=0.345 mark_density=0.914 exp_mean=32671.9 addr_spec=3.885 addr_random=0.543 addr_full=0.1616 correct=194
  mpx-70 cover: trials=57300000 overall=0.7630 a0_nochange=1.0000 a0_change=1.0000 a1_nochange=0.0519 a1_change=1.0000 matched_but_wrong=0
  mpx-70 acc: trials=57300000 accuracy=1.0000
  mpx-70 traj: trials=57360000 wall=12931s knowledge=0.7639 reliable=207 spec=7.11 pop=1339
  mpx-70 diag: trials=57360000 micro=3211 pop_spec=6.32 spec_max=21 q_mean=0.611 q_max=1.000 q_above_half=843 marked=0.379 mark_density=0.915 exp_mean=32805.0 addr_spec=3.837 addr_random=0.542 addr_full=0.1643 correct=192
  mpx-70 cover: trials=57360000 overall=0.7639 a0_nochange=1.0000 a0_change=1.0000 a1_nochange=0.0554 a1_change=1.0000 matched_but_wrong=0
  mpx-70 acc: trials=57360000 accuracy=1.0000
  mpx-70 traj: trials=57420000 wall=12943s knowledge=0.7639 reliable=214 spec=7.11 pop=1257
  mpx-70 diag: trials=57420000 micro=3204 pop_spec=6.32 spec_max=21 q_mean=0.609 q_max=1.000 q_above_half=774 marked=0.334 mark_density=0.913 exp_mean=34984.2 addr_spec=3.769 addr_random=0.542 addr_full=0.1710 correct=192
  mpx-70 cover: trials=57420000 overall=0.7639 a0_nochange=1.0000 a0_change=1.0000 a1_nochange=0.0554 a1_change=1.0000 matched_but_wrong=0
  mpx-70 acc: trials=57420000 accuracy=1.0000
  mpx-70 traj: trials=57480000 wall=12955s knowledge=0.7639 reliable=206 spec=7.11 pop=1325
  mpx-70 diag: trials=57480000 micro=3209 pop_spec=6.35 spec_max=21 q_mean=0.610 q_max=1.000 q_above_half=857 marked=0.367 mark_density=0.913 exp_mean=33225.0 addr_spec=3.847 addr_random=0.544 addr_full=0.1592 correct=192
  mpx-70 cover: trials=57480000 overall=0.7639 a0_nochange=1.0000 a0_change=1.0000 a1_nochange=0.0554 a1_change=1.0000 matched_but_wrong=0
  mpx-70 acc: trials=57480000 accuracy=1.0000
  mpx-70 traj: trials=57540000 wall=12967s knowledge=0.7671 reliable=213 spec=7.11 pop=1227
  mpx-70 diag: trials=57540000 micro=3190 pop_spec=6.32 spec_max=21 q_mean=0.615 q_max=1.000 q_above_half=789 marked=0.350 mark_density=0.915 exp_mean=35918.0 addr_spec=3.847 addr_random=0.542 addr_full=0.1744 correct=193
  mpx-70 cover: trials=57540000 overall=0.7671 a0_nochange=1.0000 a0_change=1.0000 a1_nochange=0.0683 a1_change=1.0000 matched_but_wrong=0
  mpx-70 acc: trials=57540000 accuracy=1.0000
  mpx-70 traj: trials=57600000 wall=12979s knowledge=0.7690 reliable=214 spec=7.12 pop=1241
  mpx-70 diag: trials=57600000 micro=3146 pop_spec=6.30 spec_max=21 q_mean=0.614 q_max=1.000 q_above_half=786 marked=0.379 mark_density=0.914 exp_mean=35552.4 addr_spec=3.850 addr_random=0.540 addr_full=0.1732 correct=193
  mpx-70 cover: trials=57600000 overall=0.7690 a0_nochange=1.0000 a0_change=1.0000 a1_nochange=0.0759 a1_change=1.0000 matched_but_wrong=423
  mpx-70 acc: trials=57600000 accuracy=1.0000
  mpx-70 traj: trials=57660000 wall=12991s knowledge=0.7719 reliable=211 spec=7.11 pop=1265
  mpx-70 diag: trials=57660000 micro=3191 pop_spec=6.34 spec_max=21 q_mean=0.610 q_max=1.000 q_above_half=792 marked=0.359 mark_density=0.914 exp_mean=34916.5 addr_spec=3.842 addr_random=0.543 addr_full=0.1684 correct=193
  mpx-70 cover: trials=57660000 overall=0.7719 a0_nochange=1.0000 a0_change=1.0000 a1_nochange=0.0874 a1_change=1.0000 matched_but_wrong=0
  mpx-70 acc: trials=57660000 accuracy=1.0000
  mpx-70 traj: trials=57720000 wall=13003s knowledge=0.7756 reliable=214 spec=7.11 pop=1308
  mpx-70 diag: trials=57720000 micro=3238 pop_spec=6.35 spec_max=21 q_mean=0.615 q_max=1.000 q_above_half=809 marked=0.359 mark_density=0.914 exp_mean=33807.0 addr_spec=3.862 addr_random=0.544 addr_full=0.1705 correct=196
  mpx-70 cover: trials=57720000 overall=0.7756 a0_nochange=1.0000 a0_change=1.0000 a1_nochange=0.1022 a1_change=1.0000 matched_but_wrong=0
  mpx-70 acc: trials=57720000 accuracy=1.0000
  mpx-70 traj: trials=57780000 wall=13015s knowledge=0.7809 reliable=218 spec=7.12 pop=1347
  mpx-70 diag: trials=57780000 micro=3290 pop_spec=6.36 spec_max=21 q_mean=0.616 q_max=1.000 q_above_half=882 marked=0.334 mark_density=0.913 exp_mean=32864.8 addr_spec=3.950 addr_random=0.545 addr_full=0.1700 correct=196
  mpx-70 cover: trials=57780000 overall=0.7809 a0_nochange=1.0000 a0_change=1.0000 a1_nochange=0.1234 a1_change=1.0000 matched_but_wrong=0
  mpx-70 acc: trials=57780000 accuracy=1.0000
  mpx-70 traj: trials=57840000 wall=13026s knowledge=0.7838 reliable=212 spec=7.13 pop=1314
  mpx-70 diag: trials=57840000 micro=3261 pop_spec=6.29 spec_max=21 q_mean=0.610 q_max=1.000 q_above_half=814 marked=0.350 mark_density=0.915 exp_mean=33724.7 addr_spec=3.831 addr_random=0.539 addr_full=0.1697 correct=196
  mpx-70 cover: trials=57840000 overall=0.7838 a0_nochange=1.0000 a0_change=1.0000 a1_nochange=0.1351 a1_change=1.0000 matched_but_wrong=0
  mpx-70 acc: trials=57840000 accuracy=1.0000
  mpx-70 traj: trials=57900000 wall=13038s knowledge=0.7813 reliable=215 spec=7.13 pop=1362
  mpx-70 diag: trials=57900000 micro=3265 pop_spec=6.36 spec_max=21 q_mean=0.614 q_max=1.000 q_above_half=906 marked=0.338 mark_density=0.912 exp_mean=32569.7 addr_spec=3.863 addr_random=0.545 addr_full=0.1637 correct=196
  mpx-70 cover: trials=57900000 overall=0.7813 a0_nochange=1.0000 a0_change=1.0000 a1_nochange=0.1253 a1_change=1.0000 matched_but_wrong=0
  mpx-70 acc: trials=57900000 accuracy=1.0000
  mpx-70 traj: trials=57960000 wall=13050s knowledge=0.7888 reliable=226 spec=7.12 pop=1356
  mpx-70 diag: trials=57960000 micro=3331 pop_spec=6.32 spec_max=21 q_mean=0.612 q_max=1.000 q_above_half=826 marked=0.347 mark_density=0.916 exp_mean=32751.4 addr_spec=3.877 addr_random=0.542 addr_full=0.1704 correct=197
  mpx-70 cover: trials=57960000 overall=0.7888 a0_nochange=1.0000 a0_change=1.0000 a1_nochange=0.1552 a1_change=1.0000 matched_but_wrong=0
  mpx-70 acc: trials=57960000 accuracy=1.0000
  mpx-70 traj: trials=58020000 wall=13061s knowledge=0.7970 reliable=228 spec=7.14 pop=1361
  mpx-70 diag: trials=58020000 micro=3398 pop_spec=6.41 spec_max=21 q_mean=0.617 q_max=1.000 q_above_half=896 marked=0.347 mark_density=0.913 exp_mean=32667.6 addr_spec=3.768 addr_random=0.549 addr_full=0.1624 correct=197
  mpx-70 cover: trials=58020000 overall=0.7970 a0_nochange=1.0000 a0_change=1.0000 a1_nochange=0.1878 a1_change=1.0000 matched_but_wrong=0
  mpx-70 acc: trials=58020000 accuracy=1.0000
  mpx-70 traj: trials=58080000 wall=13072s knowledge=0.8042 reliable=223 spec=7.10 pop=1303
  mpx-70 diag: trials=58080000 micro=3277 pop_spec=6.36 spec_max=21 q_mean=0.620 q_max=1.000 q_above_half=847 marked=0.345 mark_density=0.913 exp_mean=34158.5 addr_spec=3.912 addr_random=0.545 addr_full=0.1665 correct=198
  mpx-70 cover: trials=58080000 overall=0.8042 a0_nochange=1.0000 a0_change=1.0000 a1_nochange=0.2167 a1_change=1.0000 matched_but_wrong=0
  mpx-70 acc: trials=58080000 accuracy=1.0000
  mpx-70 traj: trials=58140000 wall=13082s knowledge=0.8040 reliable=224 spec=7.11 pop=1262
  mpx-70 diag: trials=58140000 micro=3250 pop_spec=6.39 spec_max=21 q_mean=0.622 q_max=1.000 q_above_half=832 marked=0.345 mark_density=0.913 exp_mean=35308.3 addr_spec=3.937 addr_random=0.548 addr_full=0.1751 correct=198
  mpx-70 cover: trials=58140000 overall=0.8040 a0_nochange=1.0000 a0_change=1.0000 a1_nochange=0.2159 a1_change=1.0000 matched_but_wrong=0
  mpx-70 acc: trials=58140000 accuracy=1.0000
  mpx-70 traj: trials=58200000 wall=13093s knowledge=0.8113 reliable=224 spec=7.12 pop=1281
  mpx-70 diag: trials=58200000 micro=3300 pop_spec=6.33 spec_max=21 q_mean=0.617 q_max=1.000 q_above_half=819 marked=0.338 mark_density=0.914 exp_mean=34823.5 addr_spec=4.080 addr_random=0.543 addr_full=0.1710 correct=201
  mpx-70 cover: trials=58200000 overall=0.8113 a0_nochange=1.0000 a0_change=1.0000 a1_nochange=0.2451 a1_change=1.0000 matched_but_wrong=0
  mpx-70 acc: trials=58200000 accuracy=1.0000
  mpx-70 traj: trials=58260000 wall=13104s knowledge=0.8179 reliable=229 spec=7.11 pop=1321
  mpx-70 diag: trials=58260000 micro=3349 pop_spec=6.33 spec_max=21 q_mean=0.621 q_max=1.000 q_above_half=841 marked=0.353 mark_density=0.914 exp_mean=33806.9 addr_spec=4.118 addr_random=0.543 addr_full=0.1794 correct=202
  mpx-70 cover: trials=58260000 overall=0.8179 a0_nochange=1.0000 a0_change=1.0000 a1_nochange=0.2717 a1_change=1.0000 matched_but_wrong=0
  mpx-70 acc: trials=58260000 accuracy=1.0000
  mpx-70 traj: trials=58320000 wall=13114s knowledge=0.8210 reliable=226 spec=7.11 pop=1284
  mpx-70 diag: trials=58320000 micro=3357 pop_spec=6.33 spec_max=21 q_mean=0.614 q_max=1.000 q_above_half=812 marked=0.370 mark_density=0.916 exp_mean=34818.7 addr_spec=4.114 addr_random=0.542 addr_full=0.1900 correct=206
  mpx-70 cover: trials=58320000 overall=0.8210 a0_nochange=1.0000 a0_change=1.0000 a1_nochange=0.2839 a1_change=1.0000 matched_but_wrong=0
  mpx-70 acc: trials=58320000 accuracy=1.0000
  mpx-70 traj: trials=58380000 wall=13124s knowledge=0.8421 reliable=238 spec=7.12 pop=1300
  mpx-70 diag: trials=58380000 micro=3391 pop_spec=6.40 spec_max=21 q_mean=0.630 q_max=1.000 q_above_half=869 marked=0.342 mark_density=0.913 exp_mean=34430.8 addr_spec=4.099 addr_random=0.549 addr_full=0.1823 correct=205
  mpx-70 cover: trials=58380000 overall=0.8421 a0_nochange=1.0000 a0_change=1.0000 a1_nochange=0.3685 a1_change=1.0000 matched_but_wrong=0
  mpx-70 acc: trials=58380000 accuracy=1.0000
  mpx-70 traj: trials=58440000 wall=13135s knowledge=0.8380 reliable=242 spec=7.12 pop=1264
  mpx-70 diag: trials=58440000 micro=3341 pop_spec=6.35 spec_max=21 q_mean=0.634 q_max=1.000 q_above_half=900 marked=0.299 mark_density=0.914 exp_mean=35452.1 addr_spec=4.072 addr_random=0.544 addr_full=0.1875 correct=203
  mpx-70 cover: trials=58440000 overall=0.8380 a0_nochange=1.0000 a0_change=1.0000 a1_nochange=0.3520 a1_change=1.0000 matched_but_wrong=0
  mpx-70 acc: trials=58440000 accuracy=1.0000
  mpx-70 traj: trials=58500000 wall=13145s knowledge=0.8455 reliable=242 spec=7.10 pop=1338
  mpx-70 diag: trials=58500000 micro=3402 pop_spec=6.37 spec_max=21 q_mean=0.627 q_max=1.000 q_above_half=893 marked=0.336 mark_density=0.913 exp_mean=33530.0 addr_spec=4.062 addr_random=0.546 addr_full=0.1712 correct=204
  mpx-70 cover: trials=58500000 overall=0.8455 a0_nochange=1.0000 a0_change=1.0000 a1_nochange=0.3818 a1_change=1.0000 matched_but_wrong=0
  mpx-70 acc: trials=58500000 accuracy=1.0000
  mpx-70 traj: trials=58560000 wall=13155s knowledge=0.8487 reliable=242 spec=7.08 pop=1305
  mpx-70 diag: trials=58560000 micro=3395 pop_spec=6.42 spec_max=21 q_mean=0.621 q_max=1.000 q_above_half=837 marked=0.320 mark_density=0.911 exp_mean=34417.2 addr_spec=4.078 addr_random=0.550 addr_full=0.1762 correct=206
  mpx-70 cover: trials=58560000 overall=0.8487 a0_nochange=1.0000 a0_change=1.0000 a1_nochange=0.3946 a1_change=1.0000 matched_but_wrong=0
  mpx-70 acc: trials=58560000 accuracy=1.0000
  mpx-70 traj: trials=58620000 wall=13166s knowledge=0.8484 reliable=232 spec=7.09 pop=1303
  mpx-70 diag: trials=58620000 micro=3427 pop_spec=6.37 spec_max=21 q_mean=0.628 q_max=1.000 q_above_half=896 marked=0.311 mark_density=0.914 exp_mean=34508.7 addr_spec=4.150 addr_random=0.546 addr_full=0.1819 correct=207
  mpx-70 cover: trials=58620000 overall=0.8484 a0_nochange=1.0000 a0_change=1.0000 a1_nochange=0.3936 a1_change=1.0000 matched_but_wrong=0
  mpx-70 acc: trials=58620000 accuracy=1.0000
  mpx-70 traj: trials=58680000 wall=13176s knowledge=0.8481 reliable=246 spec=7.08 pop=1317
  mpx-70 diag: trials=58680000 micro=3442 pop_spec=6.37 spec_max=21 q_mean=0.625 q_max=1.000 q_above_half=836 marked=0.326 mark_density=0.914 exp_mean=34180.1 addr_spec=4.088 addr_random=0.546 addr_full=0.1678 correct=204
  mpx-70 cover: trials=58680000 overall=0.8481 a0_nochange=1.0000 a0_change=1.0000 a1_nochange=0.3923 a1_change=1.0000 matched_but_wrong=0
  mpx-70 acc: trials=58680000 accuracy=1.0000
  mpx-70 traj: trials=58740000 wall=13186s knowledge=0.8574 reliable=243 spec=7.07 pop=1351
  mpx-70 diag: trials=58740000 micro=3439 pop_spec=6.40 spec_max=21 q_mean=0.633 q_max=1.000 q_above_half=927 marked=0.328 mark_density=0.913 exp_mean=33360.7 addr_spec=4.180 addr_random=0.549 addr_full=0.1702 correct=208
  mpx-70 cover: trials=58740000 overall=0.8574 a0_nochange=1.0000 a0_change=1.0000 a1_nochange=0.4295 a1_change=1.0000 matched_but_wrong=0
  mpx-70 acc: trials=58740000 accuracy=1.0000
  mpx-70 traj: trials=58800000 wall=13196s knowledge=0.8648 reliable=252 spec=7.07 pop=1260
  mpx-70 diag: trials=58800000 micro=3389 pop_spec=6.40 spec_max=21 q_mean=0.634 q_max=1.000 q_above_half=887 marked=0.340 mark_density=0.914 exp_mean=35812.9 addr_spec=4.212 addr_random=0.549 addr_full=0.1952 correct=208
  mpx-70 cover: trials=58800000 overall=0.8648 a0_nochange=1.0000 a0_change=1.0000 a1_nochange=0.4593 a1_change=1.0000 matched_but_wrong=0
  mpx-70 acc: trials=58800000 accuracy=1.0000
  mpx-70 traj: trials=58860000 wall=13207s knowledge=0.8641 reliable=253 spec=7.08 pop=1336
  mpx-70 diag: trials=58860000 micro=3456 pop_spec=6.35 spec_max=21 q_mean=0.631 q_max=1.000 q_above_half=865 marked=0.324 mark_density=0.914 exp_mean=33813.3 addr_spec=4.106 addr_random=0.544 addr_full=0.1826 correct=209
  mpx-70 cover: trials=58860000 overall=0.8641 a0_nochange=1.0000 a0_change=1.0000 a1_nochange=0.4564 a1_change=1.0000 matched_but_wrong=0
  mpx-70 acc: trials=58860000 accuracy=1.0000
  mpx-70 traj: trials=58920000 wall=13217s knowledge=0.8646 reliable=240 spec=7.09 pop=1272
  mpx-70 diag: trials=58920000 micro=3457 pop_spec=6.35 spec_max=21 q_mean=0.627 q_max=1.000 q_above_half=832 marked=0.313 mark_density=0.914 exp_mean=35550.5 addr_spec=4.132 addr_random=0.545 addr_full=0.1832 correct=211
  mpx-70 cover: trials=58920000 overall=0.8646 a0_nochange=1.0000 a0_change=1.0000 a1_nochange=0.4585 a1_change=1.0000 matched_but_wrong=0
  mpx-70 acc: trials=58920000 accuracy=1.0000
  mpx-70 traj: trials=58980000 wall=13228s knowledge=0.8667 reliable=248 spec=7.08 pop=1293
  mpx-70 diag: trials=58980000 micro=3438 pop_spec=6.40 spec_max=21 q_mean=0.633 q_max=1.000 q_above_half=861 marked=0.300 mark_density=0.913 exp_mean=35012.3 addr_spec=4.223 addr_random=0.548 addr_full=0.1810 correct=212
  mpx-70 cover: trials=58980000 overall=0.8667 a0_nochange=1.0000 a0_change=1.0000 a1_nochange=0.4669 a1_change=1.0000 matched_but_wrong=0
  mpx-70 acc: trials=58980000 accuracy=1.0000
  mpx-70 traj: trials=59040000 wall=13238s knowledge=0.8718 reliable=244 spec=7.08 pop=1300
  mpx-70 diag: trials=59040000 micro=3462 pop_spec=6.43 spec_max=21 q_mean=0.627 q_max=1.000 q_above_half=866 marked=0.321 mark_density=0.913 exp_mean=34864.9 addr_spec=4.172 addr_random=0.551 addr_full=0.1923 correct=214
  mpx-70 cover: trials=59040000 overall=0.8718 a0_nochange=1.0000 a0_change=1.0000 a1_nochange=0.4870 a1_change=1.0000 matched_but_wrong=0
  mpx-70 acc: trials=59040000 accuracy=1.0000
  mpx-70 traj: trials=59100000 wall=13249s knowledge=0.8790 reliable=250 spec=7.09 pop=1287
  mpx-70 diag: trials=59100000 micro=3484 pop_spec=6.39 spec_max=21 q_mean=0.638 q_max=1.000 q_above_half=898 marked=0.317 mark_density=0.913 exp_mean=35256.6 addr_spec=4.271 addr_random=0.547 addr_full=0.1888 correct=216
  mpx-70 cover: trials=59100000 overall=0.8790 a0_nochange=1.0000 a0_change=1.0000 a1_nochange=0.5159 a1_change=1.0000 matched_but_wrong=0
  mpx-70 acc: trials=59100000 accuracy=1.0000
  mpx-70 traj: trials=59160000 wall=13259s knowledge=0.8902 reliable=250 spec=7.06 pop=1284
  mpx-70 diag: trials=59160000 micro=3493 pop_spec=6.39 spec_max=21 q_mean=0.640 q_max=1.000 q_above_half=897 marked=0.282 mark_density=0.913 exp_mean=35380.5 addr_spec=4.245 addr_random=0.548 addr_full=0.1885 correct=218
  mpx-70 cover: trials=59160000 overall=0.8902 a0_nochange=1.0000 a0_change=1.0000 a1_nochange=0.5608 a1_change=1.0000 matched_but_wrong=0
  mpx-70 acc: trials=59160000 accuracy=1.0000
  mpx-70 traj: trials=59220000 wall=13270s knowledge=0.8938 reliable=245 spec=7.07 pop=1342
  mpx-70 diag: trials=59220000 micro=3555 pop_spec=6.37 spec_max=21 q_mean=0.632 q_max=1.000 q_above_half=934 marked=0.307 mark_density=0.914 exp_mean=33887.0 addr_spec=4.202 addr_random=0.546 addr_full=0.1796 correct=218
  mpx-70 cover: trials=59220000 overall=0.8938 a0_nochange=1.0000 a0_change=1.0000 a1_nochange=0.5751 a1_change=1.0000 matched_but_wrong=0
  mpx-70 acc: trials=59220000 accuracy=1.0000
  mpx-70 traj: trials=59280000 wall=13280s knowledge=0.9048 reliable=259 spec=7.06 pop=1272
  mpx-70 diag: trials=59280000 micro=3580 pop_spec=6.34 spec_max=21 q_mean=0.634 q_max=1.000 q_above_half=851 marked=0.290 mark_density=0.914 exp_mean=35792.6 addr_spec=4.294 addr_random=0.544 addr_full=0.1965 correct=220
  mpx-70 cover: trials=59280000 overall=0.9048 a0_nochange=1.0000 a0_change=1.0000 a1_nochange=0.6193 a1_change=1.0000 matched_but_wrong=0
  mpx-70 acc: trials=59280000 accuracy=1.0000
  mpx-70 traj: trials=59340000 wall=13290s knowledge=0.9059 reliable=263 spec=7.07 pop=1307
  mpx-70 diag: trials=59340000 micro=3553 pop_spec=6.38 spec_max=21 q_mean=0.640 q_max=1.000 q_above_half=903 marked=0.308 mark_density=0.913 exp_mean=34878.0 addr_spec=4.359 addr_random=0.547 addr_full=0.1905 correct=223
  mpx-70 cover: trials=59340000 overall=0.9059 a0_nochange=1.0000 a0_change=1.0000 a1_nochange=0.6237 a1_change=1.0000 matched_but_wrong=0
  mpx-70 acc: trials=59340000 accuracy=1.0000
  mpx-70 traj: trials=59400000 wall=13301s knowledge=0.9113 reliable=255 spec=7.07 pop=1312
  mpx-70 diag: trials=59400000 micro=3598 pop_spec=6.35 spec_max=21 q_mean=0.636 q_max=1.000 q_above_half=891 marked=0.300 mark_density=0.915 exp_mean=34782.3 addr_spec=4.272 addr_random=0.545 addr_full=0.1921 correct=224
  mpx-70 cover: trials=59400000 overall=0.9113 a0_nochange=1.0000 a0_change=1.0000 a1_nochange=0.6452 a1_change=1.0000 matched_but_wrong=19
  mpx-70 acc: trials=59400000 accuracy=1.0000
  mpx-70 traj: trials=59460000 wall=13310s knowledge=0.9204 reliable=260 spec=7.07 pop=1352
  mpx-70 diag: trials=59460000 micro=3660 pop_spec=6.42 spec_max=21 q_mean=0.636 q_max=1.000 q_above_half=972 marked=0.311 mark_density=0.912 exp_mean=33794.2 addr_spec=4.257 addr_random=0.551 addr_full=0.1975 correct=223
  mpx-70 cover: trials=59460000 overall=0.9204 a0_nochange=1.0000 a0_change=1.0000 a1_nochange=0.6816 a1_change=1.0000 matched_but_wrong=0
  mpx-70 acc: trials=59460000 accuracy=1.0000
  mpx-70 traj: trials=59520000 wall=13321s knowledge=0.9266 reliable=255 spec=7.08 pop=1256
  mpx-70 diag: trials=59520000 micro=3606 pop_spec=6.35 spec_max=21 q_mean=0.637 q_max=1.000 q_above_half=862 marked=0.283 mark_density=0.914 exp_mean=36418.2 addr_spec=4.317 addr_random=0.544 addr_full=0.1982 correct=226
  mpx-70 cover: trials=59520000 overall=0.9266 a0_nochange=1.0000 a0_change=1.0000 a1_nochange=0.7064 a1_change=1.0000 matched_but_wrong=0
  mpx-70 acc: trials=59520000 accuracy=1.0000
  mpx-70 traj: trials=59580000 wall=13331s knowledge=0.9398 reliable=273 spec=7.07 pop=1233
  mpx-70 diag: trials=59580000 micro=3608 pop_spec=6.33 spec_max=21 q_mean=0.642 q_max=1.000 q_above_half=823 marked=0.299 mark_density=0.915 exp_mean=37145.1 addr_spec=4.290 addr_random=0.543 addr_full=0.2036 correct=231
  mpx-70 cover: trials=59580000 overall=0.9398 a0_nochange=1.0000 a0_change=1.0000 a1_nochange=0.7590 a1_change=1.0000 matched_but_wrong=0
  mpx-70 acc: trials=59580000 accuracy=1.0000
  mpx-70 traj: trials=59640000 wall=13340s knowledge=0.9413 reliable=264 spec=7.05 pop=1301
  mpx-70 diag: trials=59640000 micro=3684 pop_spec=6.39 spec_max=21 q_mean=0.638 q_max=1.000 q_above_half=882 marked=0.285 mark_density=0.914 exp_mean=35242.8 addr_spec=4.413 addr_random=0.548 addr_full=0.2114 correct=231
  mpx-70 cover: trials=59640000 overall=0.9413 a0_nochange=1.0000 a0_change=1.0000 a1_nochange=0.7653 a1_change=1.0000 matched_but_wrong=0
  mpx-70 acc: trials=59640000 accuracy=1.0000
  mpx-70 traj: trials=59700000 wall=13350s knowledge=0.9424 reliable=261 spec=7.05 pop=1263
  mpx-70 diag: trials=59700000 micro=3649 pop_spec=6.36 spec_max=21 q_mean=0.641 q_max=1.000 q_above_half=855 marked=0.308 mark_density=0.914 exp_mean=36343.4 addr_spec=4.334 addr_random=0.545 addr_full=0.2074 correct=232
  mpx-70 cover: trials=59700000 overall=0.9424 a0_nochange=1.0000 a0_change=1.0000 a1_nochange=0.7696 a1_change=1.0000 matched_but_wrong=0
  mpx-70 acc: trials=59700000 accuracy=1.0000
  mpx-70 traj: trials=59760000 wall=13360s knowledge=0.9356 reliable=260 spec=7.05 pop=1301
  mpx-70 diag: trials=59760000 micro=3666 pop_spec=6.40 spec_max=21 q_mean=0.636 q_max=1.000 q_above_half=859 marked=0.313 mark_density=0.914 exp_mean=35324.8 addr_spec=4.373 addr_random=0.548 addr_full=0.2006 correct=232
  mpx-70 cover: trials=59760000 overall=0.9356 a0_nochange=1.0000 a0_change=1.0000 a1_nochange=0.7425 a1_change=1.0000 matched_but_wrong=0
  mpx-70 acc: trials=59760000 accuracy=1.0000
  mpx-70 traj: trials=59820000 wall=13370s knowledge=0.9366 reliable=253 spec=7.06 pop=1237
  mpx-70 diag: trials=59820000 micro=3654 pop_spec=6.38 spec_max=21 q_mean=0.634 q_max=1.000 q_above_half=826 marked=0.281 mark_density=0.913 exp_mean=37196.5 addr_spec=4.449 addr_random=0.547 addr_full=0.2061 correct=231
  mpx-70 cover: trials=59820000 overall=0.9366 a0_nochange=1.0000 a0_change=1.0000 a1_nochange=0.7465 a1_change=1.0000 matched_but_wrong=0
  mpx-70 acc: trials=59820000 accuracy=1.0000
  mpx-70 traj: trials=59880000 wall=13380s knowledge=0.9452 reliable=269 spec=7.06 pop=1272
  mpx-70 diag: trials=59880000 micro=3635 pop_spec=6.33 spec_max=21 q_mean=0.642 q_max=1.000 q_above_half=885 marked=0.284 mark_density=0.914 exp_mean=36214.2 addr_spec=4.344 addr_random=0.543 addr_full=0.2028 correct=235
  mpx-70 cover: trials=59880000 overall=0.9452 a0_nochange=1.0000 a0_change=1.0000 a1_nochange=0.7807 a1_change=1.0000 matched_but_wrong=0
  mpx-70 acc: trials=59880000 accuracy=1.0000
  mpx-70 traj: trials=59940000 wall=13390s knowledge=0.9492 reliable=265 spec=7.06 pop=1343
  mpx-70 diag: trials=59940000 micro=3695 pop_spec=6.41 spec_max=21 q_mean=0.635 q_max=1.000 q_above_half=936 marked=0.305 mark_density=0.913 exp_mean=34343.5 addr_spec=4.293 addr_random=0.550 addr_full=0.2010 correct=234
  mpx-70 cover: trials=59940000 overall=0.9492 a0_nochange=1.0000 a0_change=1.0000 a1_nochange=0.7969 a1_change=1.0000 matched_but_wrong=0
  mpx-70 acc: trials=59940000 accuracy=1.0000
  mpx-70 traj: trials=60000000 wall=13399s knowledge=0.9525 reliable=256 spec=7.07 pop=1276
  mpx-70 diag: trials=60000000 micro=3703 pop_spec=6.33 spec_max=21 q_mean=0.639 q_max=1.000 q_above_half=880 marked=0.304 mark_density=0.914 exp_mean=36184.6 addr_spec=4.312 addr_random=0.542 addr_full=0.2069 correct=234
  mpx-70 cover: trials=60000000 overall=0.9525 a0_nochange=1.0000 a0_change=1.0000 a1_nochange=0.8099 a1_change=1.0000 matched_but_wrong=0
  mpx-70 acc: trials=60000000 accuracy=1.0000
  mpx-70 traj: trials=60060000 wall=13408s knowledge=0.9611 reliable=270 spec=7.07 pop=1238
  mpx-70 diag: trials=60060000 micro=3628 pop_spec=6.39 spec_max=21 q_mean=0.652 q_max=1.000 q_above_half=887 marked=0.303 mark_density=0.913 exp_mean=37339.6 addr_spec=4.397 addr_random=0.548 addr_full=0.2141 correct=236
  mpx-70 cover: trials=60060000 overall=0.9611 a0_nochange=1.0000 a0_change=1.0000 a1_nochange=0.8445 a1_change=1.0000 matched_but_wrong=0
  mpx-70 acc: trials=60060000 accuracy=1.0000
  mpx-70 traj: trials=60120000 wall=13417s knowledge=0.9689 reliable=272 spec=7.07 pop=1216
  mpx-70 diag: trials=60120000 micro=3705 pop_spec=6.45 spec_max=21 q_mean=0.658 q_max=1.000 q_above_half=885 marked=0.307 mark_density=0.912 exp_mean=38064.0 addr_spec=4.540 addr_random=0.553 addr_full=0.2270 correct=239
  mpx-70 cover: trials=60120000 overall=0.9689 a0_nochange=1.0000 a0_change=1.0000 a1_nochange=0.8755 a1_change=1.0000 matched_but_wrong=0
  mpx-70 acc: trials=60120000 accuracy=1.0000
  mpx-70 traj: trials=60180000 wall=13427s knowledge=0.9677 reliable=282 spec=7.07 pop=1275
  mpx-70 diag: trials=60180000 micro=3686 pop_spec=6.37 spec_max=21 q_mean=0.648 q_max=1.000 q_above_half=905 marked=0.273 mark_density=0.914 exp_mean=36347.4 addr_spec=4.378 addr_random=0.546 addr_full=0.2078 correct=238
  mpx-70 cover: trials=60180000 overall=0.9677 a0_nochange=1.0000 a0_change=1.0000 a1_nochange=0.8709 a1_change=1.0000 matched_but_wrong=0
  mpx-70 acc: trials=60180000 accuracy=1.0000
  mpx-70 traj: trials=60240000 wall=13436s knowledge=0.9692 reliable=271 spec=7.06 pop=1210
  mpx-70 diag: trials=60240000 micro=3668 pop_spec=6.38 spec_max=21 q_mean=0.655 q_max=1.000 q_above_half=867 marked=0.297 mark_density=0.914 exp_mean=38348.0 addr_spec=4.440 addr_random=0.547 addr_full=0.2174 correct=240
  mpx-70 cover: trials=60240000 overall=0.9692 a0_nochange=1.0000 a0_change=1.0000 a1_nochange=0.8769 a1_change=1.0000 matched_but_wrong=0
  mpx-70 acc: trials=60240000 accuracy=1.0000
  mpx-70 traj: trials=60300000 wall=13445s knowledge=0.9706 reliable=270 spec=7.06 pop=1285
  mpx-70 diag: trials=60300000 micro=3753 pop_spec=6.32 spec_max=21 q_mean=0.646 q_max=1.000 q_above_half=903 marked=0.273 mark_density=0.915 exp_mean=36151.8 addr_spec=4.374 addr_random=0.542 addr_full=0.2070 correct=241
  mpx-70 cover: trials=60300000 overall=0.9706 a0_nochange=1.0000 a0_change=1.0000 a1_nochange=0.8823 a1_change=1.0000 matched_but_wrong=0
  mpx-70 acc: trials=60300000 accuracy=1.0000
  mpx-70 traj: trials=60360000 wall=13454s knowledge=0.9727 reliable=280 spec=7.06 pop=1290
  mpx-70 diag: trials=60360000 micro=3738 pop_spec=6.33 spec_max=21 q_mean=0.648 q_max=1.000 q_above_half=891 marked=0.312 mark_density=0.914 exp_mean=36054.1 addr_spec=4.404 addr_random=0.543 addr_full=0.2147 correct=242
  mpx-70 cover: trials=60360000 overall=0.9727 a0_nochange=1.0000 a0_change=1.0000 a1_nochange=0.8909 a1_change=1.0000 matched_but_wrong=0
  mpx-70 acc: trials=60360000 accuracy=1.0000
  mpx-70 traj: trials=60420000 wall=13462s knowledge=0.9688 reliable=272 spec=7.05 pop=1253
  mpx-70 diag: trials=60420000 micro=3701 pop_spec=6.36 spec_max=21 q_mean=0.645 q_max=1.000 q_above_half=872 marked=0.289 mark_density=0.915 exp_mean=37160.6 addr_spec=4.341 addr_random=0.545 addr_full=0.2123 correct=242
  mpx-70 cover: trials=60420000 overall=0.9688 a0_nochange=1.0000 a0_change=1.0000 a1_nochange=0.8754 a1_change=1.0000 matched_but_wrong=0
  mpx-70 acc: trials=60420000 accuracy=1.0000
  mpx-70 traj: trials=60480000 wall=13472s knowledge=0.9741 reliable=272 spec=7.06 pop=1201
  mpx-70 diag: trials=60480000 micro=3719 pop_spec=6.32 spec_max=21 q_mean=0.651 q_max=1.000 q_above_half=847 marked=0.286 mark_density=0.915 exp_mean=38814.6 addr_spec=4.505 addr_random=0.542 addr_full=0.2198 correct=242
  mpx-70 cover: trials=60480000 overall=0.9741 a0_nochange=1.0000 a0_change=1.0000 a1_nochange=0.8964 a1_change=1.0000 matched_but_wrong=0
  mpx-70 acc: trials=60480000 accuracy=1.0000
  mpx-70 traj: trials=60540000 wall=13480s knowledge=0.9806 reliable=271 spec=7.06 pop=1248
  mpx-70 diag: trials=60540000 micro=3744 pop_spec=6.37 spec_max=21 q_mean=0.643 q_max=1.000 q_above_half=862 marked=0.271 mark_density=0.913 exp_mean=37392.5 addr_spec=4.498 addr_random=0.546 addr_full=0.2228 correct=242
  mpx-70 cover: trials=60540000 overall=0.9806 a0_nochange=1.0000 a0_change=1.0000 a1_nochange=0.9224 a1_change=1.0000 matched_but_wrong=0
  mpx-70 acc: trials=60540000 accuracy=1.0000
  mpx-70 traj: trials=60600000 wall=13489s knowledge=0.9830 reliable=278 spec=7.06 pop=1276
  mpx-70 diag: trials=60600000 micro=3789 pop_spec=6.35 spec_max=21 q_mean=0.644 q_max=1.000 q_above_half=904 marked=0.293 mark_density=0.915 exp_mean=36616.7 addr_spec=4.475 addr_random=0.544 addr_full=0.2210 correct=244
  mpx-70 cover: trials=60600000 overall=0.9830 a0_nochange=1.0000 a0_change=1.0000 a1_nochange=0.9319 a1_change=1.0000 matched_but_wrong=0
  mpx-70 acc: trials=60600000 accuracy=1.0000
  mpx-70 traj: trials=60660000 wall=13498s knowledge=0.9845 reliable=278 spec=7.06 pop=1289
  mpx-70 diag: trials=60660000 micro=3775 pop_spec=6.35 spec_max=21 q_mean=0.643 q_max=1.000 q_above_half=904 marked=0.296 mark_density=0.914 exp_mean=36293.2 addr_spec=4.365 addr_random=0.544 addr_full=0.2110 correct=245
  mpx-70 cover: trials=60660000 overall=0.9845 a0_nochange=1.0000 a0_change=1.0000 a1_nochange=0.9378 a1_change=1.0000 matched_but_wrong=0
  mpx-70 acc: trials=60660000 accuracy=1.0000
  mpx-70 traj: trials=60720000 wall=13507s knowledge=0.9825 reliable=273 spec=7.07 pop=1235
  mpx-70 diag: trials=60720000 micro=3779 pop_spec=6.27 spec_max=21 q_mean=0.649 q_max=1.000 q_above_half=861 marked=0.287 mark_density=0.917 exp_mean=37921.2 addr_spec=4.383 addr_random=0.537 addr_full=0.2194 correct=245
  mpx-70 cover: trials=60720000 overall=0.9825 a0_nochange=1.0000 a0_change=1.0000 a1_nochange=0.9298 a1_change=1.0000 matched_but_wrong=0
  mpx-70 acc: trials=60720000 accuracy=1.0000
  mpx-70 traj: trials=60780000 wall=13516s knowledge=0.9811 reliable=266 spec=7.05 pop=1355
  mpx-70 diag: trials=60780000 micro=3898 pop_spec=6.36 spec_max=21 q_mean=0.634 q_max=1.000 q_above_half=915 marked=0.269 mark_density=0.914 exp_mean=34599.7 addr_spec=4.429 addr_random=0.545 addr_full=0.2096 correct=246
  mpx-70 cover: trials=60780000 overall=0.9811 a0_nochange=1.0000 a0_change=1.0000 a1_nochange=0.9244 a1_change=1.0000 matched_but_wrong=0
  mpx-70 acc: trials=60780000 accuracy=1.0000
  mpx-70 traj: trials=60840000 wall=13525s knowledge=0.9849 reliable=265 spec=7.06 pop=1148
  mpx-70 diag: trials=60840000 micro=3742 pop_spec=6.28 spec_max=21 q_mean=0.650 q_max=1.000 q_above_half=784 marked=0.253 mark_density=0.917 exp_mean=40889.0 addr_spec=4.428 addr_random=0.538 addr_full=0.2378 correct=249
  mpx-70 cover: trials=60840000 overall=0.9849 a0_nochange=1.0000 a0_change=1.0000 a1_nochange=0.9398 a1_change=1.0000 matched_but_wrong=0
  mpx-70 acc: trials=60840000 accuracy=1.0000
  mpx-70 traj: trials=60900000 wall=13533s knowledge=0.9858 reliable=272 spec=7.05 pop=1170
  mpx-70 diag: trials=60900000 micro=3712 pop_spec=6.29 spec_max=21 q_mean=0.657 q_max=1.000 q_above_half=854 marked=0.258 mark_density=0.916 exp_mean=40170.8 addr_spec=4.426 addr_random=0.539 addr_full=0.2308 correct=249
  mpx-70 cover: trials=60900000 overall=0.9858 a0_nochange=1.0000 a0_change=1.0000 a1_nochange=0.9432 a1_change=1.0000 matched_but_wrong=0
  mpx-70 acc: trials=60900000 accuracy=1.0000
  mpx-70 traj: trials=60960000 wall=13542s knowledge=0.9893 reliable=270 spec=7.05 pop=1276
  mpx-70 diag: trials=60960000 micro=3827 pop_spec=6.34 spec_max=21 q_mean=0.645 q_max=1.000 q_above_half=880 marked=0.268 mark_density=0.914 exp_mean=36880.6 addr_spec=4.449 addr_random=0.544 addr_full=0.2218 correct=250
  mpx-70 cover: trials=60960000 overall=0.9893 a0_nochange=1.0000 a0_change=1.0000 a1_nochange=0.9570 a1_change=1.0000 matched_but_wrong=0
  mpx-70 acc: trials=60960000 accuracy=1.0000
  mpx-70 traj: trials=61020000 wall=13552s knowledge=0.9877 reliable=274 spec=7.05 pop=1312
  mpx-70 diag: trials=61020000 micro=3828 pop_spec=6.34 spec_max=21 q_mean=0.643 q_max=1.000 q_above_half=930 marked=0.296 mark_density=0.914 exp_mean=35914.6 addr_spec=4.460 addr_random=0.543 addr_full=0.2111 correct=249
  mpx-70 cover: trials=61020000 overall=0.9877 a0_nochange=1.0000 a0_change=1.0000 a1_nochange=0.9508 a1_change=1.0000 matched_but_wrong=59
  mpx-70 acc: trials=61020000 accuracy=1.0000
  mpx-70 traj: trials=61080000 wall=13561s knowledge=0.9859 reliable=273 spec=7.05 pop=1214
  mpx-70 diag: trials=61080000 micro=3829 pop_spec=6.34 spec_max=21 q_mean=0.648 q_max=1.000 q_above_half=861 marked=0.287 mark_density=0.915 exp_mean=38860.0 addr_spec=4.465 addr_random=0.544 addr_full=0.2290 correct=249
  mpx-70 cover: trials=61080000 overall=0.9859 a0_nochange=1.0000 a0_change=1.0000 a1_nochange=0.9437 a1_change=1.0000 matched_but_wrong=0
  mpx-70 acc: trials=61080000 accuracy=1.0000
  mpx-70 traj: trials=61140000 wall=13570s knowledge=0.9878 reliable=273 spec=7.05 pop=1228
  mpx-70 diag: trials=61140000 micro=3778 pop_spec=6.33 spec_max=21 q_mean=0.648 q_max=1.000 q_above_half=856 marked=0.296 mark_density=0.915 exp_mean=38465.1 addr_spec=4.467 addr_random=0.543 addr_full=0.2223 correct=249
  mpx-70 cover: trials=61140000 overall=0.9878 a0_nochange=1.0000 a0_change=1.0000 a1_nochange=0.9513 a1_change=1.0000 matched_but_wrong=0
  mpx-70 acc: trials=61140000 accuracy=1.0000
  mpx-70 traj: trials=61200000 wall=13579s knowledge=0.9882 reliable=272 spec=7.06 pop=1299
  mpx-70 diag: trials=61200000 micro=3856 pop_spec=6.36 spec_max=21 q_mean=0.641 q_max=1.000 q_above_half=871 marked=0.298 mark_density=0.913 exp_mean=36409.3 addr_spec=4.491 addr_random=0.545 addr_full=0.2156 correct=249
  mpx-70 cover: trials=61200000 overall=0.9882 a0_nochange=1.0000 a0_change=1.0000 a1_nochange=0.9530 a1_change=1.0000 matched_but_wrong=0
  mpx-70 acc: trials=61200000 accuracy=1.0000
  mpx-70 traj: trials=61260000 wall=13588s knowledge=0.9890 reliable=269 spec=7.05 pop=1322
  mpx-70 diag: trials=61260000 micro=3865 pop_spec=6.29 spec_max=21 q_mean=0.641 q_max=1.000 q_above_half=905 marked=0.315 mark_density=0.915 exp_mean=35820.2 addr_spec=4.363 addr_random=0.539 addr_full=0.2095 correct=251
  mpx-70 cover: trials=61260000 overall=0.9890 a0_nochange=1.0000 a0_change=1.0000 a1_nochange=0.9558 a1_change=1.0000 matched_but_wrong=0
  mpx-70 acc: trials=61260000 accuracy=1.0000
  mpx-70 traj: trials=61320000 wall=13598s knowledge=0.9879 reliable=272 spec=7.05 pop=1234
  mpx-70 diag: trials=61320000 micro=3798 pop_spec=6.33 spec_max=21 q_mean=0.647 q_max=1.000 q_above_half=836 marked=0.288 mark_density=0.915 exp_mean=38422.4 addr_spec=4.392 addr_random=0.542 addr_full=0.2301 correct=250
  mpx-70 cover: trials=61320000 overall=0.9879 a0_nochange=1.0000 a0_change=1.0000 a1_nochange=0.9516 a1_change=1.0000 matched_but_wrong=0
  mpx-70 acc: trials=61320000 accuracy=1.0000
  mpx-70 traj: trials=61380000 wall=13607s knowledge=0.9859 reliable=268 spec=7.05 pop=1305
  mpx-70 diag: trials=61380000 micro=3853 pop_spec=6.32 spec_max=21 q_mean=0.640 q_max=1.000 q_above_half=926 marked=0.297 mark_density=0.915 exp_mean=36377.4 addr_spec=4.397 addr_random=0.542 addr_full=0.2061 correct=249
  mpx-70 cover: trials=61380000 overall=0.9859 a0_nochange=1.0000 a0_change=1.0000 a1_nochange=0.9436 a1_change=1.0000 matched_but_wrong=0
  mpx-70 acc: trials=61380000 accuracy=1.0000
  mpx-70 traj: trials=61440000 wall=13617s knowledge=0.9873 reliable=274 spec=7.05 pop=1311
  mpx-70 diag: trials=61440000 micro=3855 pop_spec=6.36 spec_max=21 q_mean=0.644 q_max=1.000 q_above_half=890 marked=0.283 mark_density=0.913 exp_mean=36256.9 addr_spec=4.518 addr_random=0.545 addr_full=0.2136 correct=249
  mpx-70 cover: trials=61440000 overall=0.9873 a0_nochange=1.0000 a0_change=1.0000 a1_nochange=0.9494 a1_change=1.0000 matched_but_wrong=0
  mpx-70 acc: trials=61440000 accuracy=1.0000
  mpx-70 traj: trials=61500000 wall=13626s knowledge=0.9898 reliable=270 spec=7.05 pop=1237
  mpx-70 diag: trials=61500000 micro=3811 pop_spec=6.34 spec_max=21 q_mean=0.644 q_max=1.000 q_above_half=835 marked=0.279 mark_density=0.915 exp_mean=38473.9 addr_spec=4.461 addr_random=0.543 addr_full=0.2134 correct=250
  mpx-70 cover: trials=61500000 overall=0.9898 a0_nochange=1.0000 a0_change=1.0000 a1_nochange=0.9594 a1_change=1.0000 matched_but_wrong=0
  mpx-70 acc: trials=61500000 accuracy=1.0000
  mpx-70 traj: trials=61560000 wall=13636s knowledge=0.9912 reliable=276 spec=7.05 pop=1215
  mpx-70 diag: trials=61560000 micro=3742 pop_spec=6.36 spec_max=21 q_mean=0.654 q_max=1.000 q_above_half=851 marked=0.300 mark_density=0.915 exp_mean=39219.6 addr_spec=4.473 addr_random=0.545 addr_full=0.2354 correct=251
  mpx-70 cover: trials=61560000 overall=0.9912 a0_nochange=1.0000 a0_change=1.0000 a1_nochange=0.9646 a1_change=1.0000 matched_but_wrong=0
  mpx-70 acc: trials=61560000 accuracy=1.0000
  mpx-70 traj: trials=61620000 wall=13645s knowledge=0.9912 reliable=279 spec=7.05 pop=1298
  mpx-70 diag: trials=61620000 micro=3859 pop_spec=6.36 spec_max=21 q_mean=0.646 q_max=1.000 q_above_half=912 marked=0.290 mark_density=0.914 exp_mean=36757.9 addr_spec=4.452 addr_random=0.545 addr_full=0.2188 correct=252
  mpx-70 cover: trials=61620000 overall=0.9912 a0_nochange=1.0000 a0_change=1.0000 a1_nochange=0.9648 a1_change=1.0000 matched_but_wrong=0
  mpx-70 acc: trials=61620000 accuracy=1.0000
  mpx-70 traj: trials=61680000 wall=13654s knowledge=0.9917 reliable=273 spec=7.05 pop=1292
  mpx-70 diag: trials=61680000 micro=3828 pop_spec=6.30 spec_max=21 q_mean=0.643 q_max=1.000 q_above_half=908 marked=0.282 mark_density=0.915 exp_mean=36973.3 addr_spec=4.287 addr_random=0.540 addr_full=0.2206 correct=251
  mpx-70 cover: trials=61680000 overall=0.9917 a0_nochange=1.0000 a0_change=1.0000 a1_nochange=0.9666 a1_change=1.0000 matched_but_wrong=0
  mpx-70 acc: trials=61680000 accuracy=1.0000
  mpx-70 traj: trials=61740000 wall=13664s knowledge=0.9938 reliable=283 spec=7.05 pop=1316
  mpx-70 diag: trials=61740000 micro=3888 pop_spec=6.35 spec_max=21 q_mean=0.640 q_max=1.000 q_above_half=913 marked=0.281 mark_density=0.914 exp_mean=36345.2 addr_spec=4.409 addr_random=0.544 addr_full=0.2135 correct=252
  mpx-70 cover: trials=61740000 overall=0.9938 a0_nochange=1.0000 a0_change=1.0000 a1_nochange=0.9754 a1_change=1.0000 matched_but_wrong=0
  mpx-70 acc: trials=61740000 accuracy=1.0000
  mpx-70 traj: trials=61800000 wall=13673s knowledge=0.9939 reliable=273 spec=7.05 pop=1260
  mpx-70 diag: trials=61800000 micro=3850 pop_spec=6.37 spec_max=21 q_mean=0.649 q_max=1.000 q_above_half=905 marked=0.286 mark_density=0.913 exp_mean=38007.4 addr_spec=4.431 addr_random=0.546 addr_full=0.2175 correct=252
  mpx-70 cover: trials=61800000 overall=0.9939 a0_nochange=1.0000 a0_change=1.0000 a1_nochange=0.9757 a1_change=1.0000 matched_but_wrong=0
  mpx-70 acc: trials=61800000 accuracy=1.0000
  mpx-70 traj: trials=61860000 wall=13683s knowledge=0.9950 reliable=273 spec=7.05 pop=1212
  mpx-70 diag: trials=61860000 micro=3780 pop_spec=6.33 spec_max=21 q_mean=0.650 q_max=1.000 q_above_half=859 marked=0.264 mark_density=0.915 exp_mean=39561.0 addr_spec=4.486 addr_random=0.542 addr_full=0.2368 correct=253
  mpx-70 cover: trials=61860000 overall=0.9950 a0_nochange=1.0000 a0_change=1.0000 a1_nochange=0.9798 a1_change=1.0000 matched_but_wrong=0
  mpx-70 acc: trials=61860000 accuracy=1.0000
  mpx-70 traj: trials=61920000 wall=13692s knowledge=0.9927 reliable=270 spec=7.05 pop=1186
  mpx-70 diag: trials=61920000 micro=3800 pop_spec=6.30 spec_max=21 q_mean=0.647 q_max=1.000 q_above_half=821 marked=0.261 mark_density=0.914 exp_mean=40474.7 addr_spec=4.496 addr_random=0.540 addr_full=0.2352 correct=252
  mpx-70 cover: trials=61920000 overall=0.9927 a0_nochange=1.0000 a0_change=1.0000 a1_nochange=0.9708 a1_change=1.0000 matched_but_wrong=0
  mpx-70 acc: trials=61920000 accuracy=1.0000
  mpx-70 traj: trials=61980000 wall=13701s knowledge=0.9917 reliable=267 spec=7.05 pop=1222
  mpx-70 diag: trials=61980000 micro=3821 pop_spec=6.27 spec_max=21 q_mean=0.644 q_max=1.000 q_above_half=834 marked=0.279 mark_density=0.916 exp_mean=39330.9 addr_spec=4.383 addr_random=0.537 addr_full=0.2234 correct=252
  mpx-70 cover: trials=61980000 overall=0.9917 a0_nochange=1.0000 a0_change=1.0000 a1_nochange=0.9667 a1_change=1.0000 matched_but_wrong=0
  mpx-70 acc: trials=61980000 accuracy=1.0000
  mpx-70 traj: trials=62040000 wall=13710s knowledge=0.9939 reliable=275 spec=7.05 pop=1262
  mpx-70 diag: trials=62040000 micro=3832 pop_spec=6.35 spec_max=21 q_mean=0.644 q_max=1.000 q_above_half=879 marked=0.294 mark_density=0.914 exp_mean=38132.0 addr_spec=4.422 addr_random=0.544 addr_full=0.2250 correct=253
  mpx-70 cover: trials=62040000 overall=0.9939 a0_nochange=1.0000 a0_change=1.0000 a1_nochange=0.9757 a1_change=1.0000 matched_but_wrong=0
  mpx-70 acc: trials=62040000 accuracy=1.0000
  mpx-70 traj: trials=62100000 wall=13719s knowledge=0.9939 reliable=279 spec=7.05 pop=1319
  mpx-70 diag: trials=62100000 micro=3859 pop_spec=6.37 spec_max=21 q_mean=0.643 q_max=1.000 q_above_half=896 marked=0.292 mark_density=0.913 exp_mean=36530.3 addr_spec=4.491 addr_random=0.546 addr_full=0.2123 correct=253
  mpx-70 cover: trials=62100000 overall=0.9939 a0_nochange=1.0000 a0_change=1.0000 a1_nochange=0.9757 a1_change=1.0000 matched_but_wrong=0
  mpx-70 acc: trials=62100000 accuracy=1.0000
  mpx-70 traj: trials=62160000 wall=13729s knowledge=0.9950 reliable=275 spec=7.05 pop=1228
  mpx-70 diag: trials=62160000 micro=3807 pop_spec=6.31 spec_max=21 q_mean=0.647 q_max=1.000 q_above_half=852 marked=0.288 mark_density=0.915 exp_mean=39285.6 addr_spec=4.423 addr_random=0.541 addr_full=0.2280 correct=253
  mpx-70 cover: trials=62160000 overall=0.9950 a0_nochange=1.0000 a0_change=1.0000 a1_nochange=0.9799 a1_change=1.0000 matched_but_wrong=0
  mpx-70 acc: trials=62160000 accuracy=1.0000
  mpx-70 traj: trials=62220000 wall=13738s knowledge=0.9980 reliable=282 spec=7.05 pop=1258
  mpx-70 diag: trials=62220000 micro=3825 pop_spec=6.34 spec_max=21 q_mean=0.648 q_max=1.000 q_above_half=905 marked=0.296 mark_density=0.914 exp_mean=38396.7 addr_spec=4.483 addr_random=0.543 addr_full=0.2186 correct=254
  mpx-70 cover: trials=62220000 overall=0.9980 a0_nochange=1.0000 a0_change=1.0000 a1_nochange=0.9921 a1_change=1.0000 matched_but_wrong=0
  mpx-70 acc: trials=62220000 accuracy=1.0000
  mpx-70 traj: trials=62280000 wall=13747s knowledge=0.9995 reliable=278 spec=7.05 pop=1285
  mpx-70 diag: trials=62280000 micro=3879 pop_spec=6.36 spec_max=21 q_mean=0.644 q_max=1.000 q_above_half=888 marked=0.312 mark_density=0.913 exp_mean=37636.3 addr_spec=4.556 addr_random=0.545 addr_full=0.2163 correct=255
  mpx-70 cover: trials=62280000 overall=0.9995 a0_nochange=1.0000 a0_change=1.0000 a1_nochange=0.9980 a1_change=1.0000 matched_but_wrong=0
  mpx-70 acc: trials=62280000 accuracy=1.0000
  mpx-70 traj: trials=62340000 wall=13755s knowledge=1.0000 reliable=280 spec=7.05 pop=1223
  mpx-70 diag: trials=62340000 micro=3824 pop_spec=6.35 spec_max=21 q_mean=0.648 q_max=1.000 q_above_half=857 marked=0.286 mark_density=0.914 exp_mean=39593.8 addr_spec=4.517 addr_random=0.545 addr_full=0.2355 correct=256
  mpx-70 cover: trials=62340000 overall=1.0000 a0_nochange=1.0000 a0_change=1.0000 a1_nochange=1.0000 a1_change=1.0000 matched_but_wrong=0
  mpx-70 acc: trials=62340000 accuracy=1.0000
  mpx-70 repeat 0: SUCCESS trials=62340000 knowledge=1.0000 reliable=280 spec=7.05/71 peak_macro=12490 peak_rss=0.00GB wall=13757.0s
  mpx-70 verdict agreement across 1 repeats: ALL AGREE
