acs2-bench mpx-reach: agent=acs2 sizes=[70] n_exp=1 seed=42 rss_cap=5.6GB time_cap=600000s do_ga=true alp_gen_variant=pyalcs
  mem mpx-70 (N=71): condition=142B effect=142B mark=1704B (stack) classifier=2072B  mark/classifier=82.2%  rss-cap pop-threshold=2702702
  mpx-70 trials_cap=18446744073709551615 (= 20000*2^(k-6)*10, clamped to u64::MAX) u_max=8
  mpx-70 traj: trials=60000 wall=92s knowledge=0.0009 reliable=1 spec=10.00 pop=3725
  mpx-70 diag: trials=60000 micro=3737 pop_spec=8.71 spec_max=18 q_mean=0.579 q_max=0.997 q_above_half=3004 marked=0.403 mark_density=0.882 exp_mean=2.9 addr_spec=0.837 addr_random=0.746 addr_full=0.0000 correct=0
  mpx-70 cover: trials=60000 overall=0.0009 a0_nochange=0.0000 a0_change=0.0000 a1_nochange=0.0000 a1_change=0.0038 matched_but_wrong=0
  mpx-70 qdetail: trials=60000 a0nc_any=1.0000 a0nc_q=0.715 a0c_any=1.0000 a0c_q=0.790 a1nc_any=1.0000 a1nc_q=0.682 a1c_any=1.0000 a1c_q=0.997
  mpx-70 traj: trials=120000 wall=162s knowledge=0.0015 reliable=2 spec=10.50 pop=3885
  mpx-70 diag: trials=120000 micro=3895 pop_spec=8.92 spec_max=19 q_mean=0.582 q_max=1.000 q_above_half=3126 marked=0.396 mark_density=0.879 exp_mean=2.9 addr_spec=0.962 addr_random=0.764 addr_full=0.0000 correct=0
  mpx-70 cover: trials=120000 overall=0.0015 a0_nochange=0.0000 a0_change=0.0000 a1_nochange=0.0000 a1_change=0.0061 matched_but_wrong=0
  mpx-70 qdetail: trials=120000 a0nc_any=1.0000 a0nc_q=0.768 a0c_any=1.0000 a0c_q=0.812 a1nc_any=0.8556 a1nc_q=0.714 a1c_any=1.0000 a1c_q=1.000
  mpx-70 traj: trials=180000 wall=261s knowledge=0.0077 reliable=6 spec=9.50 pop=4347
  mpx-70 diag: trials=180000 micro=4363 pop_spec=9.61 spec_max=19 q_mean=0.593 q_max=1.000 q_above_half=3679 marked=0.397 mark_density=0.869 exp_mean=3.0 addr_spec=1.172 addr_random=0.824 addr_full=0.0000 correct=0
  mpx-70 cover: trials=180000 overall=0.0077 a0_nochange=0.0000 a0_change=0.0182 a1_nochange=0.0000 a1_change=0.0128 matched_but_wrong=0
  mpx-70 qdetail: trials=180000 a0nc_any=0.9003 a0nc_q=0.778 a0c_any=1.0000 a0c_q=1.000 a1nc_any=0.2091 a1nc_q=0.698 a1c_any=1.0000 a1c_q=1.000
  mpx-70 traj: trials=240000 wall=332s knowledge=0.0107 reliable=10 spec=9.90 pop=4131
  mpx-70 diag: trials=240000 micro=4160 pop_spec=9.37 spec_max=19 q_mean=0.587 q_max=1.000 q_above_half=3413 marked=0.385 mark_density=0.872 exp_mean=3.1 addr_spec=0.987 addr_random=0.803 addr_full=0.0000 correct=0
  mpx-70 cover: trials=240000 overall=0.0107 a0_nochange=0.0000 a0_change=0.0182 a1_nochange=0.0000 a1_change=0.0246 matched_but_wrong=0
  mpx-70 qdetail: trials=240000 a0nc_any=0.7569 a0nc_q=0.792 a0c_any=1.0000 a0c_q=1.000 a1nc_any=0.8613 a1nc_q=0.671 a1c_any=1.0000 a1c_q=1.000
  mpx-70 traj: trials=300000 wall=398s knowledge=0.0171 reliable=16 spec=9.94 pop=4304
  mpx-70 diag: trials=300000 micro=4340 pop_spec=9.71 spec_max=20 q_mean=0.598 q_max=1.000 q_above_half=3664 marked=0.401 mark_density=0.868 exp_mean=3.4 addr_spec=1.209 addr_random=0.832 addr_full=0.0000 correct=0
  mpx-70 cover: trials=300000 overall=0.0171 a0_nochange=0.0000 a0_change=0.0151 a1_nochange=0.0000 a1_change=0.0534 matched_but_wrong=3
  mpx-70 qdetail: trials=300000 a0nc_any=1.0000 a0nc_q=0.799 a0c_any=1.0000 a0c_q=1.000 a1nc_any=0.9479 a1nc_q=0.727 a1c_any=1.0000 a1c_q=1.000
  mpx-70 traj: trials=360000 wall=468s knowledge=0.0253 reliable=20 spec=9.75 pop=4880
  mpx-70 diag: trials=360000 micro=4932 pop_spec=9.86 spec_max=20 q_mean=0.595 q_max=1.000 q_above_half=4078 marked=0.397 mark_density=0.866 exp_mean=3.7 addr_spec=1.215 addr_random=0.845 addr_full=0.0002 correct=0
  mpx-70 cover: trials=360000 overall=0.0253 a0_nochange=0.0000 a0_change=0.0151 a1_nochange=0.0000 a1_change=0.0859 matched_but_wrong=81
  mpx-70 qdetail: trials=360000 a0nc_any=0.7671 a0nc_q=0.746 a0c_any=1.0000 a0c_q=1.000 a1nc_any=0.5759 a1nc_q=0.703 a1c_any=1.0000 a1c_q=1.000
  mpx-70 traj: trials=420000 wall=541s knowledge=0.0316 reliable=28 spec=9.75 pop=4560
  mpx-70 diag: trials=420000 micro=4624 pop_spec=10.10 spec_max=20 q_mean=0.599 q_max=1.000 q_above_half=3912 marked=0.381 mark_density=0.864 exp_mean=4.2 addr_spec=1.277 addr_random=0.866 addr_full=0.0009 correct=0
  mpx-70 cover: trials=420000 overall=0.0316 a0_nochange=0.0000 a0_change=0.0151 a1_nochange=0.0000 a1_change=0.1111 matched_but_wrong=25
  mpx-70 qdetail: trials=420000 a0nc_any=0.4649 a0nc_q=0.801 a0c_any=1.0000 a0c_q=1.000 a1nc_any=1.0000 a1nc_q=0.663 a1c_any=1.0000 a1c_q=1.000
  mpx-70 traj: trials=480000 wall=612s knowledge=0.0323 reliable=28 spec=9.86 pop=4422
  mpx-70 diag: trials=480000 micro=4493 pop_spec=10.02 spec_max=20 q_mean=0.597 q_max=1.000 q_above_half=3739 marked=0.416 mark_density=0.864 exp_mean=4.7 addr_spec=1.198 addr_random=0.859 addr_full=0.0014 correct=0
  mpx-70 cover: trials=480000 overall=0.0323 a0_nochange=0.0038 a0_change=0.0151 a1_nochange=0.0000 a1_change=0.1102 matched_but_wrong=1
  mpx-70 qdetail: trials=480000 a0nc_any=1.0000 a0nc_q=0.990 a0c_any=1.0000 a0c_q=1.000 a1nc_any=0.2700 a1nc_q=0.659 a1c_any=1.0000 a1c_q=1.000
  mpx-70 traj: trials=540000 wall=678s knowledge=0.0347 reliable=27 spec=9.59 pop=4341
  mpx-70 diag: trials=540000 micro=4416 pop_spec=9.84 spec_max=20 q_mean=0.588 q_max=1.000 q_above_half=3500 marked=0.386 mark_density=0.868 exp_mean=5.1 addr_spec=1.150 addr_random=0.844 addr_full=0.0012 correct=0
  mpx-70 cover: trials=540000 overall=0.0347 a0_nochange=0.0038 a0_change=0.0246 a1_nochange=0.0000 a1_change=0.1103 matched_but_wrong=19
  mpx-70 qdetail: trials=540000 a0nc_any=1.0000 a0nc_q=1.000 a0c_any=1.0000 a0c_q=1.000 a1nc_any=0.4408 a1nc_q=0.681 a1c_any=1.0000 a1c_q=1.000
  mpx-70 traj: trials=600000 wall=747s knowledge=0.0385 reliable=29 spec=9.76 pop=5226
  mpx-70 diag: trials=600000 micro=5313 pop_spec=10.00 spec_max=20 q_mean=0.598 q_max=1.000 q_above_half=4393 marked=0.402 mark_density=0.865 exp_mean=4.9 addr_spec=1.269 addr_random=0.857 addr_full=0.0008 correct=0
  mpx-70 cover: trials=600000 overall=0.0385 a0_nochange=0.0081 a0_change=0.0263 a1_nochange=0.0000 a1_change=0.1198 matched_but_wrong=75
  mpx-70 qdetail: trials=600000 a0nc_any=0.6729 a0nc_q=1.000 a0c_any=1.0000 a0c_q=1.000 a1nc_any=0.9394 a1nc_q=0.708 a1c_any=1.0000 a1c_q=1.000
  mpx-70 traj: trials=660000 wall=821s knowledge=0.0438 reliable=30 spec=9.30 pop=5185
  mpx-70 diag: trials=660000 micro=5299 pop_spec=10.32 spec_max=20 q_mean=0.597 q_max=1.000 q_above_half=4339 marked=0.405 mark_density=0.860 exp_mean=5.5 addr_spec=1.425 addr_random=0.885 addr_full=0.0008 correct=1
  mpx-70 cover: trials=660000 overall=0.0438 a0_nochange=0.0120 a0_change=0.0438 a1_nochange=0.0000 a1_change=0.1193 matched_but_wrong=2
  mpx-70 qdetail: trials=660000 a0nc_any=1.0000 a0nc_q=1.000 a0c_any=1.0000 a0c_q=1.000 a1nc_any=1.0000 a1nc_q=0.688 a1c_any=1.0000 a1c_q=1.000
  mpx-70 traj: trials=720000 wall=893s knowledge=0.0544 reliable=34 spec=9.15 pop=5068
  mpx-70 diag: trials=720000 micro=5182 pop_spec=10.32 spec_max=21 q_mean=0.598 q_max=1.000 q_above_half=4217 marked=0.415 mark_density=0.861 exp_mean=5.6 addr_spec=1.472 addr_random=0.884 addr_full=0.0014 correct=1
  mpx-70 cover: trials=720000 overall=0.0544 a0_nochange=0.0232 a0_change=0.0750 a1_nochange=0.0000 a1_change=0.1191 matched_but_wrong=0
  mpx-70 qdetail: trials=720000 a0nc_any=1.0000 a0nc_q=1.000 a0c_any=1.0000 a0c_q=1.000 a1nc_any=1.0000 a1nc_q=0.766 a1c_any=1.0000 a1c_q=1.000
  mpx-70 traj: trials=780000 wall=961s knowledge=0.0714 reliable=52 spec=9.65 pop=4938
  mpx-70 diag: trials=780000 micro=5088 pop_spec=10.26 spec_max=21 q_mean=0.598 q_max=1.000 q_above_half=4086 marked=0.384 mark_density=0.861 exp_mean=6.4 addr_spec=1.532 addr_random=0.879 addr_full=0.0020 correct=2
  mpx-70 cover: trials=780000 overall=0.0714 a0_nochange=0.0398 a0_change=0.1114 a1_nochange=0.0000 a1_change=0.1343 matched_but_wrong=3
  mpx-70 qdetail: trials=780000 a0nc_any=0.5872 a0nc_q=1.000 a0c_any=1.0000 a0c_q=1.000 a1nc_any=0.5243 a1nc_q=0.648 a1c_any=1.0000 a1c_q=1.000
  mpx-70 traj: trials=840000 wall=1029s knowledge=0.0864 reliable=60 spec=9.23 pop=4860
  mpx-70 diag: trials=840000 micro=5042 pop_spec=10.26 spec_max=21 q_mean=0.599 q_max=1.000 q_above_half=4015 marked=0.393 mark_density=0.864 exp_mean=7.7 addr_spec=1.519 addr_random=0.879 addr_full=0.0027 correct=2
  mpx-70 cover: trials=840000 overall=0.0864 a0_nochange=0.0473 a0_change=0.1426 a1_nochange=0.0000 a1_change=0.1558 matched_but_wrong=11
  mpx-70 qdetail: trials=840000 a0nc_any=1.0000 a0nc_q=1.000 a0c_any=1.0000 a0c_q=1.000 a1nc_any=0.8052 a1nc_q=0.794 a1c_any=1.0000 a1c_q=1.000
  mpx-70 traj: trials=900000 wall=1094s knowledge=0.1019 reliable=69 spec=9.28 pop=4708
  mpx-70 diag: trials=900000 micro=4942 pop_spec=10.21 spec_max=22 q_mean=0.601 q_max=1.000 q_above_half=3886 marked=0.379 mark_density=0.862 exp_mean=8.3 addr_spec=1.595 addr_random=0.875 addr_full=0.0042 correct=2
  mpx-70 cover: trials=900000 overall=0.1019 a0_nochange=0.0565 a0_change=0.1724 a1_nochange=0.0000 a1_change=0.1789 matched_but_wrong=9
  mpx-70 qdetail: trials=900000 a0nc_any=0.2273 a0nc_q=1.000 a0c_any=1.0000 a0c_q=1.000 a1nc_any=1.0000 a1nc_q=0.744 a1c_any=1.0000 a1c_q=1.000
  mpx-70 traj: trials=960000 wall=1155s knowledge=0.1022 reliable=62 spec=9.39 pop=4698
  mpx-70 diag: trials=960000 micro=4945 pop_spec=10.21 spec_max=22 q_mean=0.600 q_max=1.000 q_above_half=3924 marked=0.397 mark_density=0.864 exp_mean=9.1 addr_spec=1.508 addr_random=0.876 addr_full=0.0030 correct=2
  mpx-70 cover: trials=960000 overall=0.1022 a0_nochange=0.0666 a0_change=0.1661 a1_nochange=0.0000 a1_change=0.1763 matched_but_wrong=16
  mpx-70 qdetail: trials=960000 a0nc_any=1.0000 a0nc_q=1.000 a0c_any=1.0000 a0c_q=1.000 a1nc_any=1.0000 a1nc_q=0.708 a1c_any=1.0000 a1c_q=1.000
  mpx-70 traj: trials=1020000 wall=1215s knowledge=0.1140 reliable=64 spec=9.05 pop=4085
  mpx-70 diag: trials=1020000 micro=4339 pop_spec=10.02 spec_max=22 q_mean=0.592 q_max=1.000 q_above_half=3308 marked=0.402 mark_density=0.868 exp_mean=11.7 addr_spec=1.494 addr_random=0.858 addr_full=0.0029 correct=4
  mpx-70 cover: trials=1020000 overall=0.1140 a0_nochange=0.0686 a0_change=0.1909 a1_nochange=0.0000 a1_change=0.1964 matched_but_wrong=6
  mpx-70 qdetail: trials=1020000 a0nc_any=0.7821 a0nc_q=1.000 a0c_any=1.0000 a0c_q=1.000 a1nc_any=0.5156 a1nc_q=0.698 a1c_any=1.0000 a1c_q=1.000
  mpx-70 traj: trials=1080000 wall=1275s knowledge=0.1229 reliable=62 spec=8.87 pop=3981
  mpx-70 diag: trials=1080000 micro=4257 pop_spec=9.92 spec_max=22 q_mean=0.591 q_max=1.000 q_above_half=3162 marked=0.370 mark_density=0.866 exp_mean=13.1 addr_spec=1.393 addr_random=0.850 addr_full=0.0038 correct=5
  mpx-70 cover: trials=1080000 overall=0.1229 a0_nochange=0.0960 a0_change=0.2026 a1_nochange=0.0000 a1_change=0.1931 matched_but_wrong=0
  mpx-70 qdetail: trials=1080000 a0nc_any=0.6662 a0nc_q=1.000 a0c_any=1.0000 a0c_q=1.000 a1nc_any=0.9425 a1nc_q=0.675 a1c_any=1.0000 a1c_q=1.000
  mpx-70 traj: trials=1140000 wall=1337s knowledge=0.1294 reliable=70 spec=8.81 pop=3902
  mpx-70 diag: trials=1140000 micro=4186 pop_spec=9.68 spec_max=22 q_mean=0.601 q_max=1.000 q_above_half=3168 marked=0.379 mark_density=0.870 exp_mean=15.6 addr_spec=1.489 addr_random=0.830 addr_full=0.0046 correct=6
  mpx-70 cover: trials=1140000 overall=0.1294 a0_nochange=0.1080 a0_change=0.2032 a1_nochange=0.0000 a1_change=0.2064 matched_but_wrong=105
  mpx-70 qdetail: trials=1140000 a0nc_any=1.0000 a0nc_q=1.000 a0c_any=1.0000 a0c_q=1.000 a1nc_any=0.6212 a1nc_q=0.673 a1c_any=1.0000 a1c_q=1.000
  mpx-70 traj: trials=1200000 wall=1395s knowledge=0.1482 reliable=78 spec=8.88 pop=4056
  mpx-70 diag: trials=1200000 micro=4357 pop_spec=9.84 spec_max=22 q_mean=0.615 q_max=1.000 q_above_half=3404 marked=0.383 mark_density=0.867 exp_mean=16.8 addr_spec=1.770 addr_random=0.844 addr_full=0.0052 correct=7
  mpx-70 cover: trials=1200000 overall=0.1482 a0_nochange=0.1189 a0_change=0.2409 a1_nochange=0.0000 a1_change=0.2329 matched_but_wrong=6
  mpx-70 qdetail: trials=1200000 a0nc_any=0.3054 a0nc_q=1.000 a0c_any=1.0000 a0c_q=1.000 a1nc_any=0.6226 a1nc_q=0.704 a1c_any=1.0000 a1c_q=1.000
  mpx-70 traj: trials=1260000 wall=1446s knowledge=0.1677 reliable=92 spec=8.98 pop=4310
  mpx-70 diag: trials=1260000 micro=4678 pop_spec=9.84 spec_max=22 q_mean=0.607 q_max=1.000 q_above_half=3543 marked=0.388 mark_density=0.868 exp_mean=18.3 addr_spec=1.756 addr_random=0.844 addr_full=0.0058 correct=7
  mpx-70 cover: trials=1260000 overall=0.1677 a0_nochange=0.1421 a0_change=0.2853 a1_nochange=0.0000 a1_change=0.2434 matched_but_wrong=6
  mpx-70 qdetail: trials=1260000 a0nc_any=1.0000 a0nc_q=1.000 a0c_any=1.0000 a0c_q=1.000 a1nc_any=1.0000 a1nc_q=0.728 a1c_any=1.0000 a1c_q=1.000
  mpx-70 traj: trials=1320000 wall=1500s knowledge=0.1840 reliable=94 spec=8.83 pop=3864
  mpx-70 diag: trials=1320000 micro=4279 pop_spec=9.91 spec_max=22 q_mean=0.609 q_max=1.000 q_above_half=3160 marked=0.375 mark_density=0.867 exp_mean=21.8 addr_spec=1.829 addr_random=0.849 addr_full=0.0078 correct=8
  mpx-70 cover: trials=1320000 overall=0.1840 a0_nochange=0.1609 a0_change=0.3129 a1_nochange=0.0000 a1_change=0.2621 matched_but_wrong=42
  mpx-70 qdetail: trials=1320000 a0nc_any=0.8465 a0nc_q=1.000 a0c_any=1.0000 a0c_q=1.000 a1nc_any=1.0000 a1nc_q=0.717 a1c_any=1.0000 a1c_q=1.000
  mpx-70 traj: trials=1380000 wall=1552s knowledge=0.1979 reliable=97 spec=8.70 pop=3890
  mpx-70 diag: trials=1380000 micro=4328 pop_spec=9.43 spec_max=22 q_mean=0.602 q_max=1.000 q_above_half=3067 marked=0.377 mark_density=0.874 exp_mean=25.2 addr_spec=1.698 addr_random=0.808 addr_full=0.0080 correct=11
  mpx-70 cover: trials=1380000 overall=0.1979 a0_nochange=0.1849 a0_change=0.3325 a1_nochange=0.0000 a1_change=0.2744 matched_but_wrong=0
  mpx-70 qdetail: trials=1380000 a0nc_any=1.0000 a0nc_q=1.000 a0c_any=1.0000 a0c_q=1.000 a1nc_any=0.9514 a1nc_q=0.651 a1c_any=1.0000 a1c_q=1.000
  mpx-70 traj: trials=1440000 wall=1617s knowledge=0.2101 reliable=101 spec=8.68 pop=3929
  mpx-70 diag: trials=1440000 micro=4358 pop_spec=9.25 spec_max=21 q_mean=0.587 q_max=1.000 q_above_half=2905 marked=0.374 mark_density=0.877 exp_mean=26.9 addr_spec=1.611 addr_random=0.793 addr_full=0.0102 correct=13
  mpx-70 cover: trials=1440000 overall=0.2101 a0_nochange=0.2101 a0_change=0.3547 a1_nochange=0.0000 a1_change=0.2755 matched_but_wrong=3
  mpx-70 qdetail: trials=1440000 a0nc_any=0.6896 a0nc_q=1.000 a0c_any=1.0000 a0c_q=1.000 a1nc_any=1.0000 a1nc_q=0.637 a1c_any=1.0000 a1c_q=1.000
  mpx-70 traj: trials=1500000 wall=1672s knowledge=0.2237 reliable=105 spec=8.56 pop=3350
  mpx-70 diag: trials=1500000 micro=3808 pop_spec=9.52 spec_max=21 q_mean=0.607 q_max=1.000 q_above_half=2685 marked=0.387 mark_density=0.874 exp_mean=32.9 addr_spec=1.768 addr_random=0.816 addr_full=0.0113 correct=12
  mpx-70 cover: trials=1500000 overall=0.2237 a0_nochange=0.2163 a0_change=0.3718 a1_nochange=0.0000 a1_change=0.3067 matched_but_wrong=22
  mpx-70 qdetail: trials=1500000 a0nc_any=1.0000 a0nc_q=1.000 a0c_any=0.9998 a0c_q=1.000 a1nc_any=0.9734 a1nc_q=0.623 a1c_any=1.0000 a1c_q=1.000
  mpx-70 traj: trials=1560000 wall=1721s knowledge=0.2313 reliable=106 spec=8.65 pop=3165
  mpx-70 diag: trials=1560000 micro=3620 pop_spec=9.36 spec_max=21 q_mean=0.602 q_max=1.000 q_above_half=2459 marked=0.374 mark_density=0.876 exp_mean=38.1 addr_spec=1.776 addr_random=0.803 addr_full=0.0120 correct=14
  mpx-70 cover: trials=1560000 overall=0.2313 a0_nochange=0.2212 a0_change=0.3959 a1_nochange=0.0000 a1_change=0.3082 matched_but_wrong=25
  mpx-70 qdetail: trials=1560000 a0nc_any=0.8103 a0nc_q=1.000 a0c_any=0.9997 a0c_q=1.000 a1nc_any=0.5252 a1nc_q=0.571 a1c_any=1.0000 a1c_q=1.000
  mpx-70 traj: trials=1620000 wall=1767s knowledge=0.2406 reliable=112 spec=8.62 pop=3220
  mpx-70 diag: trials=1620000 micro=3689 pop_spec=9.12 spec_max=21 q_mean=0.593 q_max=1.000 q_above_half=2420 marked=0.388 mark_density=0.881 exp_mean=39.2 addr_spec=1.780 addr_random=0.782 addr_full=0.0140 correct=18
  mpx-70 cover: trials=1620000 overall=0.2406 a0_nochange=0.2279 a0_change=0.4324 a1_nochange=0.0000 a1_change=0.3020 matched_but_wrong=32
  mpx-70 qdetail: trials=1620000 a0nc_any=0.9722 a0nc_q=1.000 a0c_any=1.0000 a0c_q=1.000 a1nc_any=1.0000 a1nc_q=0.670 a1c_any=1.0000 a1c_q=1.000
  mpx-70 traj: trials=1680000 wall=1816s knowledge=0.2496 reliable=114 spec=8.55 pop=3013
  mpx-70 diag: trials=1680000 micro=3511 pop_spec=9.40 spec_max=21 q_mean=0.605 q_max=1.000 q_above_half=2399 marked=0.370 mark_density=0.874 exp_mean=45.1 addr_spec=1.847 addr_random=0.805 addr_full=0.0159 correct=19
  mpx-70 cover: trials=1680000 overall=0.2496 a0_nochange=0.2448 a0_change=0.4301 a1_nochange=0.0000 a1_change=0.3237 matched_but_wrong=5
  mpx-70 qdetail: trials=1680000 a0nc_any=0.7687 a0nc_q=1.000 a0c_any=1.0000 a0c_q=1.000 a1nc_any=1.0000 a1nc_q=0.700 a1c_any=1.0000 a1c_q=1.000
  mpx-70 traj: trials=1740000 wall=1868s knowledge=0.2715 reliable=124 spec=8.60 pop=3099
  mpx-70 diag: trials=1740000 micro=3647 pop_spec=9.27 spec_max=21 q_mean=0.601 q_max=1.000 q_above_half=2350 marked=0.398 mark_density=0.876 exp_mean=48.6 addr_spec=1.925 addr_random=0.795 addr_full=0.0161 correct=23
  mpx-70 cover: trials=1740000 overall=0.2715 a0_nochange=0.2769 a0_change=0.4820 a1_nochange=0.0000 a1_change=0.3271 matched_but_wrong=28
  mpx-70 qdetail: trials=1740000 a0nc_any=1.0000 a0nc_q=1.000 a0c_any=0.9995 a0c_q=1.000 a1nc_any=1.0000 a1nc_q=0.670 a1c_any=1.0000 a1c_q=1.000
  mpx-70 traj: trials=1800000 wall=1915s knowledge=0.2939 reliable=131 spec=8.40 pop=2985
  mpx-70 diag: trials=1800000 micro=3550 pop_spec=9.16 spec_max=21 q_mean=0.610 q_max=1.000 q_above_half=2310 marked=0.375 mark_density=0.876 exp_mean=54.2 addr_spec=1.882 addr_random=0.785 addr_full=0.0208 correct=28
  mpx-70 cover: trials=1800000 overall=0.2939 a0_nochange=0.3358 a0_change=0.5021 a1_nochange=0.0000 a1_change=0.3376 matched_but_wrong=5
  mpx-70 qdetail: trials=1800000 a0nc_any=1.0000 a0nc_q=1.000 a0c_any=1.0000 a0c_q=1.000 a1nc_any=1.0000 a1nc_q=0.700 a1c_any=1.0000 a1c_q=1.000
  mpx-70 traj: trials=1860000 wall=1956s knowledge=0.3179 reliable=141 spec=8.36 pop=2838
  mpx-70 diag: trials=1860000 micro=3471 pop_spec=9.09 spec_max=21 q_mean=0.618 q_max=1.000 q_above_half=2294 marked=0.340 mark_density=0.877 exp_mean=63.4 addr_spec=2.035 addr_random=0.779 addr_full=0.0254 correct=33
  mpx-70 cover: trials=1860000 overall=0.3179 a0_nochange=0.3796 a0_change=0.5332 a1_nochange=0.0000 a1_change=0.3586 matched_but_wrong=24
  mpx-70 qdetail: trials=1860000 a0nc_any=0.7123 a0nc_q=1.000 a0c_any=1.0000 a0c_q=1.000 a1nc_any=0.1213 a1nc_q=0.603 a1c_any=1.0000 a1c_q=1.000
  mpx-70 traj: trials=1920000 wall=1994s knowledge=0.3357 reliable=151 spec=8.32 pop=2595
  mpx-70 diag: trials=1920000 micro=3287 pop_spec=8.85 spec_max=21 q_mean=0.609 q_max=1.000 q_above_half=2030 marked=0.376 mark_density=0.880 exp_mean=73.4 addr_spec=1.776 addr_random=0.759 addr_full=0.0254 correct=38
  mpx-70 cover: trials=1920000 overall=0.3357 a0_nochange=0.3915 a0_change=0.5752 a1_nochange=0.0000 a1_change=0.3763 matched_but_wrong=6
  mpx-70 qdetail: trials=1920000 a0nc_any=0.7641 a0nc_q=1.000 a0c_any=0.9999 a0c_q=1.000 a1nc_any=0.4875 a1nc_q=0.610 a1c_any=1.0000 a1c_q=1.000
  mpx-70 traj: trials=1980000 wall=2038s knowledge=0.3449 reliable=140 spec=8.26 pop=2586
  mpx-70 diag: trials=1980000 micro=3324 pop_spec=8.80 spec_max=21 q_mean=0.612 q_max=1.000 q_above_half=2013 marked=0.376 mark_density=0.882 exp_mean=77.2 addr_spec=1.991 addr_random=0.754 addr_full=0.0271 correct=39
  mpx-70 cover: trials=1980000 overall=0.3449 a0_nochange=0.4046 a0_change=0.5930 a1_nochange=0.0000 a1_change=0.3821 matched_but_wrong=79
  mpx-70 qdetail: trials=1980000 a0nc_any=0.8460 a0nc_q=1.000 a0c_any=0.9999 a0c_q=1.000 a1nc_any=0.4553 a1nc_q=0.636 a1c_any=1.0000 a1c_q=1.000
  mpx-70 traj: trials=2040000 wall=2074s knowledge=0.3684 reliable=155 spec=8.15 pop=2928
  mpx-70 diag: trials=2040000 micro=3712 pop_spec=8.44 spec_max=21 q_mean=0.605 q_max=1.000 q_above_half=2156 marked=0.403 mark_density=0.887 exp_mean=76.1 addr_spec=1.987 addr_random=0.723 addr_full=0.0290 correct=46
  mpx-70 cover: trials=2040000 overall=0.3684 a0_nochange=0.4405 a0_change=0.6248 a1_nochange=0.0000 a1_change=0.4083 matched_but_wrong=105
  mpx-70 qdetail: trials=2040000 a0nc_any=1.0000 a0nc_q=1.000 a0c_any=1.0000 a0c_q=1.000 a1nc_any=0.9168 a1nc_q=0.640 a1c_any=1.0000 a1c_q=1.000
  mpx-70 traj: trials=2100000 wall=2115s knowledge=0.3880 reliable=156 spec=8.10 pop=2699
  mpx-70 diag: trials=2100000 micro=3555 pop_spec=8.80 spec_max=21 q_mean=0.615 q_max=1.000 q_above_half=2069 marked=0.406 mark_density=0.881 exp_mean=87.9 addr_spec=2.278 addr_random=0.754 addr_full=0.0300 correct=49
  mpx-70 cover: trials=2100000 overall=0.3880 a0_nochange=0.4383 a0_change=0.6686 a1_nochange=0.0000 a1_change=0.4450 matched_but_wrong=52
  mpx-70 qdetail: trials=2100000 a0nc_any=0.8597 a0nc_q=1.000 a0c_any=1.0000 a0c_q=1.000 a1nc_any=0.7080 a1nc_q=0.675 a1c_any=1.0000 a1c_q=1.000
  mpx-70 traj: trials=2160000 wall=2148s knowledge=0.3960 reliable=155 spec=8.23 pop=2489
  mpx-70 diag: trials=2160000 micro=3317 pop_spec=8.60 spec_max=21 q_mean=0.608 q_max=1.000 q_above_half=1910 marked=0.370 mark_density=0.886 exp_mean=104.2 addr_spec=2.045 addr_random=0.737 addr_full=0.0358 correct=50
  mpx-70 cover: trials=2160000 overall=0.3960 a0_nochange=0.4441 a0_change=0.6849 a1_nochange=0.0000 a1_change=0.4549 matched_but_wrong=4
  mpx-70 qdetail: trials=2160000 a0nc_any=0.9015 a0nc_q=1.000 a0c_any=1.0000 a0c_q=1.000 a1nc_any=1.0000 a1nc_q=0.632 a1c_any=1.0000 a1c_q=1.000
  mpx-70 traj: trials=2220000 wall=2187s knowledge=0.4094 reliable=160 spec=8.08 pop=2132
  mpx-70 diag: trials=2220000 micro=2961 pop_spec=8.40 spec_max=21 q_mean=0.602 q_max=1.000 q_above_half=1536 marked=0.380 mark_density=0.889 exp_mean=129.8 addr_spec=2.010 addr_random=0.720 addr_full=0.0413 correct=51
  mpx-70 cover: trials=2220000 overall=0.4094 a0_nochange=0.4500 a0_change=0.7275 a1_nochange=0.0000 a1_change=0.4602 matched_but_wrong=3
  mpx-70 qdetail: trials=2220000 a0nc_any=0.8782 a0nc_q=1.000 a0c_any=1.0000 a0c_q=1.000 a1nc_any=0.9808 a1nc_q=0.610 a1c_any=1.0000 a1c_q=1.000
  mpx-70 traj: trials=2280000 wall=2225s knowledge=0.4284 reliable=164 spec=7.92 pop=2053
  mpx-70 diag: trials=2280000 micro=2923 pop_spec=8.38 spec_max=21 q_mean=0.602 q_max=1.000 q_above_half=1504 marked=0.377 mark_density=0.891 exp_mean=149.0 addr_spec=1.906 addr_random=0.719 addr_full=0.0472 correct=55
  mpx-70 cover: trials=2280000 overall=0.4284 a0_nochange=0.5102 a0_change=0.7430 a1_nochange=0.0000 a1_change=0.4602 matched_but_wrong=0
  mpx-70 qdetail: trials=2280000 a0nc_any=1.0000 a0nc_q=1.000 a0c_any=1.0000 a0c_q=1.000 a1nc_any=1.0000 a1nc_q=0.634 a1c_any=1.0000 a1c_q=1.000
  mpx-70 traj: trials=2340000 wall=2275s knowledge=0.4325 reliable=158 spec=7.76 pop=2117
  mpx-70 diag: trials=2340000 micro=3048 pop_spec=8.43 spec_max=21 q_mean=0.610 q_max=1.000 q_above_half=1611 marked=0.356 mark_density=0.886 exp_mean=147.1 addr_spec=2.214 addr_random=0.722 addr_full=0.0435 correct=59
  mpx-70 cover: trials=2340000 overall=0.4325 a0_nochange=0.5270 a0_change=0.7272 a1_nochange=0.0000 a1_change=0.4758 matched_but_wrong=40
  mpx-70 qdetail: trials=2340000 a0nc_any=1.0000 a0nc_q=1.000 a0c_any=0.9998 a0c_q=1.000 a1nc_any=0.3313 a1nc_q=0.673 a1c_any=1.0000 a1c_q=1.000
  mpx-70 traj: trials=2400000 wall=2320s knowledge=0.4458 reliable=163 spec=7.77 pop=3051
  mpx-70 diag: trials=2400000 micro=3993 pop_spec=7.92 spec_max=21 q_mean=0.573 q_max=1.000 q_above_half=1820 marked=0.333 mark_density=0.894 exp_mean=108.6 addr_spec=1.685 addr_random=0.679 addr_full=0.0298 correct=63
  mpx-70 cover: trials=2400000 overall=0.4458 a0_nochange=0.5661 a0_change=0.7444 a1_nochange=0.0000 a1_change=0.4726 matched_but_wrong=8
  mpx-70 qdetail: trials=2400000 a0nc_any=0.9266 a0nc_q=1.000 a0c_any=0.9996 a0c_q=1.000 a1nc_any=0.9438 a1nc_q=0.686 a1c_any=1.0000 a1c_q=1.000
  mpx-70 traj: trials=2460000 wall=2367s knowledge=0.4589 reliable=167 spec=7.71 pop=2280
  mpx-70 diag: trials=2460000 micro=3231 pop_spec=8.34 spec_max=21 q_mean=0.625 q_max=1.000 q_above_half=1787 marked=0.367 mark_density=0.887 exp_mean=150.2 addr_spec=2.454 addr_random=0.715 addr_full=0.0461 correct=67
  mpx-70 cover: trials=2460000 overall=0.4589 a0_nochange=0.5892 a0_change=0.7659 a1_nochange=0.0000 a1_change=0.4804 matched_but_wrong=102
  mpx-70 qdetail: trials=2460000 a0nc_any=0.8928 a0nc_q=1.000 a0c_any=1.0000 a0c_q=1.000 a1nc_any=1.0000 a1nc_q=0.651 a1c_any=1.0000 a1c_q=1.000
  mpx-70 traj: trials=2520000 wall=2397s knowledge=0.4803 reliable=181 spec=7.77 pop=2492
  mpx-70 diag: trials=2520000 micro=3488 pop_spec=8.30 spec_max=21 q_mean=0.626 q_max=1.000 q_above_half=1918 marked=0.378 mark_density=0.887 exp_mean=149.7 addr_spec=2.644 addr_random=0.711 addr_full=0.0409 correct=72
  mpx-70 cover: trials=2520000 overall=0.4803 a0_nochange=0.6452 a0_change=0.7714 a1_nochange=0.0000 a1_change=0.5045 matched_but_wrong=0
  mpx-70 qdetail: trials=2520000 a0nc_any=0.8920 a0nc_q=1.000 a0c_any=1.0000 a0c_q=1.000 a1nc_any=1.0000 a1nc_q=0.635 a1c_any=1.0000 a1c_q=1.000
  mpx-70 traj: trials=2580000 wall=2426s knowledge=0.4980 reliable=179 spec=7.71 pop=2398
  mpx-70 diag: trials=2580000 micro=3432 pop_spec=8.33 spec_max=21 q_mean=0.611 q_max=1.000 q_above_half=1717 marked=0.307 mark_density=0.888 exp_mean=164.1 addr_spec=2.191 addr_random=0.714 addr_full=0.0421 correct=77
  mpx-70 cover: trials=2580000 overall=0.4980 a0_nochange=0.6714 a0_change=0.7897 a1_nochange=0.0000 a1_change=0.5307 matched_but_wrong=0
  mpx-70 qdetail: trials=2580000 a0nc_any=0.9094 a0nc_q=1.000 a0c_any=1.0000 a0c_q=1.000 a1nc_any=0.6439 a1nc_q=0.625 a1c_any=0.9996 a1c_q=1.000
  mpx-70 traj: trials=2640000 wall=2465s knowledge=0.5142 reliable=179 spec=7.72 pop=1848
  mpx-70 diag: trials=2640000 micro=2981 pop_spec=8.28 spec_max=21 q_mean=0.619 q_max=1.000 q_above_half=1382 marked=0.354 mark_density=0.886 exp_mean=225.2 addr_spec=2.378 addr_random=0.710 addr_full=0.0584 correct=80
  mpx-70 cover: trials=2640000 overall=0.5142 a0_nochange=0.7326 a0_change=0.7751 a1_nochange=0.0000 a1_change=0.5491 matched_but_wrong=17
  mpx-70 qdetail: trials=2640000 a0nc_any=0.9621 a0nc_q=1.000 a0c_any=0.9999 a0c_q=1.000 a1nc_any=1.0000 a1nc_q=0.698 a1c_any=1.0000 a1c_q=1.000
  mpx-70 traj: trials=2700000 wall=2495s knowledge=0.5224 reliable=173 spec=7.65 pop=1977
  mpx-70 diag: trials=2700000 micro=3125 pop_spec=7.94 spec_max=21 q_mean=0.609 q_max=1.000 q_above_half=1436 marked=0.359 mark_density=0.894 exp_mean=225.1 addr_spec=2.234 addr_random=0.681 addr_full=0.0556 correct=83
  mpx-70 cover: trials=2700000 overall=0.5224 a0_nochange=0.7496 a0_change=0.7881 a1_nochange=0.0000 a1_change=0.5519 matched_but_wrong=102
  mpx-70 qdetail: trials=2700000 a0nc_any=0.9295 a0nc_q=1.000 a0c_any=1.0000 a0c_q=1.000 a1nc_any=0.6027 a1nc_q=0.618 a1c_any=1.0000 a1c_q=1.000
  mpx-70 traj: trials=2760000 wall=2537s knowledge=0.5294 reliable=174 spec=7.64 pop=1885
  mpx-70 diag: trials=2760000 micro=3023 pop_spec=7.71 spec_max=21 q_mean=0.592 q_max=1.000 q_above_half=1274 marked=0.373 mark_density=0.899 exp_mean=251.8 addr_spec=2.249 addr_random=0.661 addr_full=0.0668 correct=89
  mpx-70 cover: trials=2760000 overall=0.5294 a0_nochange=0.7599 a0_change=0.7962 a1_nochange=0.0000 a1_change=0.5614 matched_but_wrong=0
  mpx-70 qdetail: trials=2760000 a0nc_any=0.9736 a0nc_q=1.000 a0c_any=1.0000 a0c_q=1.000 a1nc_any=0.7063 a1nc_q=0.651 a1c_any=1.0000 a1c_q=1.000
  mpx-70 traj: trials=2820000 wall=2581s knowledge=0.5332 reliable=175 spec=7.64 pop=1801
  mpx-70 diag: trials=2820000 micro=2994 pop_spec=7.74 spec_max=21 q_mean=0.605 q_max=1.000 q_above_half=1301 marked=0.360 mark_density=0.897 exp_mean=279.7 addr_spec=2.497 addr_random=0.663 addr_full=0.0666 correct=92
  mpx-70 cover: trials=2820000 overall=0.5332 a0_nochange=0.7551 a0_change=0.8119 a1_nochange=0.0000 a1_change=0.5657 matched_but_wrong=0
  mpx-70 qdetail: trials=2820000 a0nc_any=0.9288 a0nc_q=1.000 a0c_any=0.9993 a0c_q=1.000 a1nc_any=1.0000 a1nc_q=0.644 a1c_any=1.0000 a1c_q=1.000
  mpx-70 traj: trials=2880000 wall=2630s knowledge=0.5337 reliable=170 spec=7.50 pop=2039
  mpx-70 diag: trials=2880000 micro=3218 pop_spec=7.94 spec_max=21 q_mean=0.582 q_max=1.000 q_above_half=1335 marked=0.352 mark_density=0.891 exp_mean=256.9 addr_spec=2.313 addr_random=0.681 addr_full=0.0574 correct=92
  mpx-70 cover: trials=2880000 overall=0.5337 a0_nochange=0.7763 a0_change=0.7937 a1_nochange=0.0000 a1_change=0.5648 matched_but_wrong=0
  mpx-70 qdetail: trials=2880000 a0nc_any=0.9310 a0nc_q=1.000 a0c_any=1.0000 a0c_q=1.000 a1nc_any=0.6333 a1nc_q=0.702 a1c_any=1.0000 a1c_q=1.000
  mpx-70 traj: trials=2940000 wall=2680s knowledge=0.5394 reliable=174 spec=7.45 pop=1938
  mpx-70 diag: trials=2940000 micro=3141 pop_spec=7.63 spec_max=21 q_mean=0.593 q_max=1.000 q_above_half=1283 marked=0.349 mark_density=0.898 exp_mean=280.6 addr_spec=2.346 addr_random=0.654 addr_full=0.0645 correct=93
  mpx-70 cover: trials=2940000 overall=0.5394 a0_nochange=0.7981 a0_change=0.8064 a1_nochange=0.0000 a1_change=0.5529 matched_but_wrong=0
  mpx-70 qdetail: trials=2940000 a0nc_any=0.9738 a0nc_q=1.000 a0c_any=1.0000 a0c_q=1.000 a1nc_any=0.4974 a1nc_q=0.613 a1c_any=1.0000 a1c_q=1.000
  mpx-70 traj: trials=3000000 wall=2719s knowledge=0.5522 reliable=179 spec=7.46 pop=1692
  mpx-70 diag: trials=3000000 micro=2924 pop_spec=7.62 spec_max=21 q_mean=0.600 q_max=1.000 q_above_half=1170 marked=0.376 mark_density=0.898 exp_mean=331.7 addr_spec=2.415 addr_random=0.654 addr_full=0.0727 correct=95
  mpx-70 cover: trials=3000000 overall=0.5522 a0_nochange=0.8139 a0_change=0.8159 a1_nochange=0.0000 a1_change=0.5789 matched_but_wrong=0
  mpx-70 qdetail: trials=3000000 a0nc_any=0.9472 a0nc_q=1.000 a0c_any=0.9992 a0c_q=1.000 a1nc_any=1.0000 a1nc_q=0.644 a1c_any=1.0000 a1c_q=1.000
  mpx-70 traj: trials=3060000 wall=2764s knowledge=0.5533 reliable=173 spec=7.42 pop=1899
  mpx-70 diag: trials=3060000 micro=3136 pop_spec=7.43 spec_max=21 q_mean=0.587 q_max=1.000 q_above_half=1216 marked=0.344 mark_density=0.899 exp_mean=307.1 addr_spec=2.225 addr_random=0.637 addr_full=0.0685 correct=102
  mpx-70 cover: trials=3060000 overall=0.5533 a0_nochange=0.8075 a0_change=0.8440 a1_nochange=0.0000 a1_change=0.5615 matched_but_wrong=0
  mpx-70 qdetail: trials=3060000 a0nc_any=0.9580 a0nc_q=1.000 a0c_any=1.0000 a0c_q=1.000 a1nc_any=1.0000 a1nc_q=0.613 a1c_any=1.0000 a1c_q=1.000
  mpx-70 traj: trials=3120000 wall=2813s knowledge=0.5656 reliable=175 spec=7.42 pop=1670
  mpx-70 diag: trials=3120000 micro=2972 pop_spec=7.61 spec_max=21 q_mean=0.606 q_max=1.000 q_above_half=1174 marked=0.356 mark_density=0.897 exp_mean=356.9 addr_spec=2.526 addr_random=0.652 addr_full=0.0796 correct=104
  mpx-70 cover: trials=3120000 overall=0.5656 a0_nochange=0.8354 a0_change=0.8684 a1_nochange=0.0000 a1_change=0.5586 matched_but_wrong=0
  mpx-70 qdetail: trials=3120000 a0nc_any=0.9926 a0nc_q=1.000 a0c_any=1.0000 a0c_q=1.000 a1nc_any=0.5594 a1nc_q=0.630 a1c_any=1.0000 a1c_q=1.000
  mpx-70 traj: trials=3180000 wall=2855s knowledge=0.5643 reliable=172 spec=7.34 pop=1729
  mpx-70 diag: trials=3180000 micro=2975 pop_spec=7.64 spec_max=21 q_mean=0.616 q_max=1.000 q_above_half=1256 marked=0.349 mark_density=0.896 exp_mean=364.2 addr_spec=2.737 addr_random=0.655 addr_full=0.0740 correct=105
  mpx-70 cover: trials=3180000 overall=0.5643 a0_nochange=0.8443 a0_change=0.8543 a1_nochange=0.0000 a1_change=0.5586 matched_but_wrong=0
  mpx-70 qdetail: trials=3180000 a0nc_any=0.9388 a0nc_q=1.000 a0c_any=0.9999 a0c_q=1.000 a1nc_any=0.2986 a1nc_q=0.607 a1c_any=1.0000 a1c_q=1.000
  mpx-70 traj: trials=3240000 wall=2900s knowledge=0.5677 reliable=169 spec=7.35 pop=1555
  mpx-70 diag: trials=3240000 micro=2852 pop_spec=7.60 spec_max=21 q_mean=0.613 q_max=1.000 q_above_half=1129 marked=0.341 mark_density=0.896 exp_mean=421.8 addr_spec=2.477 addr_random=0.651 addr_full=0.0862 correct=109
  mpx-70 cover: trials=3240000 overall=0.5677 a0_nochange=0.8433 a0_change=0.8553 a1_nochange=0.0000 a1_change=0.5721 matched_but_wrong=0
  mpx-70 qdetail: trials=3240000 a0nc_any=0.9628 a0nc_q=1.000 a0c_any=1.0000 a0c_q=1.000 a1nc_any=0.1074 a1nc_q=0.590 a1c_any=1.0000 a1c_q=1.000
  mpx-70 traj: trials=3300000 wall=2939s knowledge=0.5806 reliable=177 spec=7.37 pop=1579
  mpx-70 diag: trials=3300000 micro=2942 pop_spec=7.41 spec_max=21 q_mean=0.597 q_max=1.000 q_above_half=1006 marked=0.379 mark_density=0.900 exp_mean=439.4 addr_spec=2.481 addr_random=0.636 addr_full=0.0899 correct=112
  mpx-70 cover: trials=3300000 overall=0.5806 a0_nochange=0.8855 a0_change=0.8585 a1_nochange=0.0000 a1_change=0.5785 matched_but_wrong=0
  mpx-70 qdetail: trials=3300000 a0nc_any=0.9724 a0nc_q=1.000 a0c_any=0.9995 a0c_q=1.000 a1nc_any=1.0000 a1nc_q=0.648 a1c_any=1.0000 a1c_q=1.000
  mpx-70 traj: trials=3360000 wall=3002s knowledge=0.5962 reliable=179 spec=7.30 pop=1867
  mpx-70 diag: trials=3360000 micro=3220 pop_spec=7.34 spec_max=21 q_mean=0.599 q_max=1.000 q_above_half=1322 marked=0.329 mark_density=0.902 exp_mean=389.1 addr_spec=2.262 addr_random=0.629 addr_full=0.0787 correct=118
  mpx-70 cover: trials=3360000 overall=0.5962 a0_nochange=0.9308 a0_change=0.8713 a1_nochange=0.0000 a1_change=0.5829 matched_but_wrong=0
  mpx-70 qdetail: trials=3360000 a0nc_any=0.9970 a0nc_q=1.000 a0c_any=0.9998 a0c_q=1.000 a1nc_any=1.0000 a1nc_q=0.865 a1c_any=1.0000 a1c_q=1.000
  mpx-70 traj: trials=3420000 wall=3057s knowledge=0.6022 reliable=181 spec=7.28 pop=1865
  mpx-70 diag: trials=3420000 micro=3236 pop_spec=7.48 spec_max=21 q_mean=0.601 q_max=1.000 q_above_half=1345 marked=0.350 mark_density=0.898 exp_mean=410.4 addr_spec=2.263 addr_random=0.641 addr_full=0.0831 correct=119
  mpx-70 cover: trials=3420000 overall=0.6022 a0_nochange=0.9434 a0_change=0.8945 a1_nochange=0.0018 a1_change=0.5691 matched_but_wrong=11
  mpx-70 qdetail: trials=3420000 a0nc_any=0.9914 a0nc_q=1.000 a0c_any=1.0000 a0c_q=1.000 a1nc_any=0.6558 a1nc_q=0.905 a1c_any=1.0000 a1c_q=1.000
  mpx-70 traj: trials=3480000 wall=3096s knowledge=0.6072 reliable=178 spec=7.22 pop=1962
  mpx-70 diag: trials=3480000 micro=3367 pop_spec=6.95 spec_max=21 q_mean=0.588 q_max=1.000 q_above_half=1316 marked=0.378 mark_density=0.909 exp_mean=406.7 addr_spec=2.204 addr_random=0.596 addr_full=0.0775 correct=124
  mpx-70 cover: trials=3480000 overall=0.6072 a0_nochange=0.9522 a0_change=0.9031 a1_nochange=0.0000 a1_change=0.5735 matched_but_wrong=0
  mpx-70 qdetail: trials=3480000 a0nc_any=0.9860 a0nc_q=1.000 a0c_any=1.0000 a0c_q=1.000 a1nc_any=0.9433 a1nc_q=0.860 a1c_any=1.0000 a1c_q=1.000
  mpx-70 traj: trials=3540000 wall=3146s knowledge=0.6098 reliable=180 spec=7.22 pop=1919
  mpx-70 diag: trials=3540000 micro=3353 pop_spec=7.22 spec_max=21 q_mean=0.600 q_max=1.000 q_above_half=1345 marked=0.359 mark_density=0.902 exp_mean=424.2 addr_spec=2.269 addr_random=0.619 addr_full=0.0823 correct=127
  mpx-70 cover: trials=3540000 overall=0.6098 a0_nochange=0.9583 a0_change=0.9078 a1_nochange=0.0000 a1_change=0.5729 matched_but_wrong=0
  mpx-70 qdetail: trials=3540000 a0nc_any=0.9792 a0nc_q=1.000 a0c_any=0.9997 a0c_q=1.000 a1nc_any=0.2601 a1nc_q=0.827 a1c_any=1.0000 a1c_q=1.000
  mpx-70 traj: trials=3600000 wall=3198s knowledge=0.6155 reliable=181 spec=7.25 pop=1502
  mpx-70 diag: trials=3600000 micro=2953 pop_spec=7.54 spec_max=21 q_mean=0.603 q_max=1.000 q_above_half=1020 marked=0.380 mark_density=0.897 exp_mean=563.1 addr_spec=2.546 addr_random=0.646 addr_full=0.0992 correct=128
  mpx-70 cover: trials=3600000 overall=0.6155 a0_nochange=0.9545 a0_change=0.9116 a1_nochange=0.0000 a1_change=0.5960 matched_but_wrong=0
  mpx-70 qdetail: trials=3600000 a0nc_any=1.0000 a0nc_q=1.000 a0c_any=0.9997 a0c_q=1.000 a1nc_any=1.0000 a1nc_q=0.827 a1c_any=1.0000 a1c_q=1.000
  mpx-70 traj: trials=3660000 wall=3250s knowledge=0.6165 reliable=175 spec=7.23 pop=1604
  mpx-70 diag: trials=3660000 micro=3016 pop_spec=7.34 spec_max=21 q_mean=0.606 q_max=1.000 q_above_half=1130 marked=0.353 mark_density=0.900 exp_mean=551.5 addr_spec=2.550 addr_random=0.630 addr_full=0.0998 correct=131
  mpx-70 cover: trials=3660000 overall=0.6165 a0_nochange=0.9503 a0_change=0.9081 a1_nochange=0.0000 a1_change=0.6073 matched_but_wrong=0
  mpx-70 qdetail: trials=3660000 a0nc_any=0.9962 a0nc_q=1.000 a0c_any=1.0000 a0c_q=1.000 a1nc_any=0.6500 a1nc_q=0.835 a1c_any=1.0000 a1c_q=1.000
  mpx-70 traj: trials=3720000 wall=3299s knowledge=0.6187 reliable=179 spec=7.20 pop=1645
  mpx-70 diag: trials=3720000 micro=3068 pop_spec=7.27 spec_max=21 q_mean=0.595 q_max=1.000 q_above_half=1100 marked=0.345 mark_density=0.900 exp_mean=562.5 addr_spec=2.385 addr_random=0.623 addr_full=0.0948 correct=128
  mpx-70 cover: trials=3720000 overall=0.6187 a0_nochange=0.9535 a0_change=0.9150 a1_nochange=0.0000 a1_change=0.6062 matched_but_wrong=0
  mpx-70 qdetail: trials=3720000 a0nc_any=1.0000 a0nc_q=1.000 a0c_any=0.9998 a0c_q=1.000 a1nc_any=0.7378 a1nc_q=0.859 a1c_any=0.9999 a1c_q=1.000
  mpx-70 traj: trials=3780000 wall=3358s knowledge=0.6167 reliable=179 spec=7.18 pop=1650
  mpx-70 diag: trials=3780000 micro=3087 pop_spec=7.35 spec_max=21 q_mean=0.588 q_max=1.000 q_above_half=1014 marked=0.366 mark_density=0.898 exp_mean=574.1 addr_spec=2.553 addr_random=0.630 addr_full=0.0939 correct=130
  mpx-70 cover: trials=3780000 overall=0.6167 a0_nochange=0.9574 a0_change=0.9049 a1_nochange=0.0000 a1_change=0.6045 matched_but_wrong=0
  mpx-70 qdetail: trials=3780000 a0nc_any=0.9966 a0nc_q=1.000 a0c_any=0.9999 a0c_q=1.000 a1nc_any=0.6045 a1nc_q=0.896 a1c_any=1.0000 a1c_q=1.000
  mpx-70 traj: trials=3840000 wall=3422s knowledge=0.6128 reliable=176 spec=7.21 pop=1618
  mpx-70 diag: trials=3840000 micro=3054 pop_spec=7.15 spec_max=21 q_mean=0.596 q_max=1.000 q_above_half=1038 marked=0.387 mark_density=0.904 exp_mean=606.7 addr_spec=2.423 addr_random=0.613 addr_full=0.0977 correct=130
  mpx-70 cover: trials=3840000 overall=0.6128 a0_nochange=0.9642 a0_change=0.9016 a1_nochange=0.0001 a1_change=0.5850 matched_but_wrong=2
  mpx-70 qdetail: trials=3840000 a0nc_any=0.9970 a0nc_q=1.000 a0c_any=0.9999 a0c_q=1.000 a1nc_any=1.0000 a1nc_q=0.920 a1c_any=1.0000 a1c_q=1.000
  mpx-70 traj: trials=3900000 wall=3479s knowledge=0.6123 reliable=175 spec=7.13 pop=1709
  mpx-70 diag: trials=3900000 micro=3139 pop_spec=6.92 spec_max=21 q_mean=0.587 q_max=1.000 q_above_half=1068 marked=0.366 mark_density=0.907 exp_mean=589.4 addr_spec=2.239 addr_random=0.593 addr_full=0.0901 correct=130
  mpx-70 cover: trials=3900000 overall=0.6123 a0_nochange=0.9645 a0_change=0.9079 a1_nochange=0.0000 a1_change=0.5768 matched_but_wrong=0
  mpx-70 qdetail: trials=3900000 a0nc_any=0.9972 a0nc_q=1.000 a0c_any=0.9999 a0c_q=1.000 a1nc_any=0.7091 a1nc_q=0.877 a1c_any=1.0000 a1c_q=1.000
  mpx-70 traj: trials=3960000 wall=3528s knowledge=0.6160 reliable=180 spec=7.26 pop=1629
  mpx-70 diag: trials=3960000 micro=3062 pop_spec=7.35 spec_max=21 q_mean=0.596 q_max=1.000 q_above_half=1055 marked=0.340 mark_density=0.899 exp_mean=643.0 addr_spec=2.541 addr_random=0.630 addr_full=0.0921 correct=130
  mpx-70 cover: trials=3960000 overall=0.6160 a0_nochange=0.9644 a0_change=0.8938 a1_nochange=0.0000 a1_change=0.6056 matched_but_wrong=1
  mpx-70 qdetail: trials=3960000 a0nc_any=0.9908 a0nc_q=1.000 a0c_any=1.0000 a0c_q=1.000 a1nc_any=0.5059 a1nc_q=0.877 a1c_any=0.9999 a1c_q=1.000
  mpx-70 traj: trials=4020000 wall=3590s knowledge=0.6172 reliable=180 spec=7.24 pop=1735
  mpx-70 diag: trials=4020000 micro=3145 pop_spec=7.29 spec_max=21 q_mean=0.592 q_max=1.000 q_above_half=1169 marked=0.341 mark_density=0.900 exp_mean=620.2 addr_spec=2.327 addr_random=0.625 addr_full=0.0934 correct=132
  mpx-70 cover: trials=4020000 overall=0.6172 a0_nochange=0.9608 a0_change=0.8908 a1_nochange=0.0000 a1_change=0.6172 matched_but_wrong=95
  mpx-70 qdetail: trials=4020000 a0nc_any=0.9785 a0nc_q=1.000 a0c_any=1.0000 a0c_q=1.000 a1nc_any=0.6383 a1nc_q=0.884 a1c_any=1.0000 a1c_q=1.000
  mpx-70 traj: trials=4080000 wall=3652s knowledge=0.6154 reliable=174 spec=7.26 pop=1865
  mpx-70 diag: trials=4080000 micro=3300 pop_spec=7.53 spec_max=21 q_mean=0.573 q_max=1.000 q_above_half=1115 marked=0.360 mark_density=0.896 exp_mean=591.1 addr_spec=2.288 addr_random=0.646 addr_full=0.0858 correct=131
  mpx-70 cover: trials=4080000 overall=0.6154 a0_nochange=0.9608 a0_change=0.9001 a1_nochange=0.0000 a1_change=0.6008 matched_but_wrong=1
  mpx-70 qdetail: trials=4080000 a0nc_any=0.9963 a0nc_q=1.000 a0c_any=0.9998 a0c_q=1.000 a1nc_any=0.7183 a1nc_q=0.895 a1c_any=1.0000 a1c_q=1.000
  mpx-70 traj: trials=4140000 wall=3700s knowledge=0.6176 reliable=177 spec=7.28 pop=1559
  mpx-70 diag: trials=4140000 micro=3033 pop_spec=7.31 spec_max=21 q_mean=0.606 q_max=1.000 q_above_half=1076 marked=0.348 mark_density=0.899 exp_mean=730.3 addr_spec=2.499 addr_random=0.626 addr_full=0.0956 correct=135
  mpx-70 cover: trials=4140000 overall=0.6176 a0_nochange=0.9604 a0_change=0.9069 a1_nochange=0.0000 a1_change=0.6029 matched_but_wrong=1
  mpx-70 qdetail: trials=4140000 a0nc_any=0.9937 a0nc_q=1.000 a0c_any=0.9994 a0c_q=1.000 a1nc_any=0.4213 a1nc_q=0.860 a1c_any=1.0000 a1c_q=1.000
  mpx-70 traj: trials=4200000 wall=3767s knowledge=0.6238 reliable=181 spec=7.28 pop=1793
  mpx-70 diag: trials=4200000 micro=3220 pop_spec=7.31 spec_max=21 q_mean=0.599 q_max=1.000 q_above_half=1204 marked=0.319 mark_density=0.901 exp_mean=645.7 addr_spec=2.306 addr_random=0.626 addr_full=0.0859 correct=137
  mpx-70 cover: trials=4200000 overall=0.6238 a0_nochange=0.9636 a0_change=0.9195 a1_nochange=0.0000 a1_change=0.6118 matched_but_wrong=1
  mpx-70 qdetail: trials=4200000 a0nc_any=0.9940 a0nc_q=1.000 a0c_any=0.9999 a0c_q=1.000 a1nc_any=0.6767 a1nc_q=0.867 a1c_any=1.0000 a1c_q=1.000
  mpx-70 traj: trials=4260000 wall=3825s knowledge=0.6282 reliable=181 spec=7.24 pop=2773
  mpx-70 diag: trials=4260000 micro=4257 pop_spec=6.26 spec_max=21 q_mean=0.565 q_max=1.000 q_above_half=1624 marked=0.406 mark_density=0.918 exp_mean=433.7 addr_spec=1.665 addr_random=0.537 addr_full=0.0573 correct=138
  mpx-70 cover: trials=4260000 overall=0.6282 a0_nochange=0.9702 a0_change=0.9246 a1_nochange=0.0000 a1_change=0.6182 matched_but_wrong=1
  mpx-70 qdetail: trials=4260000 a0nc_any=0.9981 a0nc_q=1.000 a0c_any=0.9999 a0c_q=1.000 a1nc_any=0.9922 a1nc_q=0.874 a1c_any=1.0000 a1c_q=1.000
  mpx-70 traj: trials=4320000 wall=3887s knowledge=0.6329 reliable=181 spec=7.22 pop=1579
  mpx-70 diag: trials=4320000 micro=3102 pop_spec=7.31 spec_max=21 q_mean=0.599 q_max=1.000 q_above_half=1043 marked=0.355 mark_density=0.899 exp_mean=785.2 addr_spec=2.624 addr_random=0.626 addr_full=0.1026 correct=140
  mpx-70 cover: trials=4320000 overall=0.6329 a0_nochange=0.9758 a0_change=0.9401 a1_nochange=0.0000 a1_change=0.6154 matched_but_wrong=54
  mpx-70 qdetail: trials=4320000 a0nc_any=0.9966 a0nc_q=1.000 a0c_any=1.0000 a0c_q=1.000 a1nc_any=0.6592 a1nc_q=0.886 a1c_any=1.0000 a1c_q=1.000
  mpx-70 traj: trials=4380000 wall=3928s knowledge=0.6244 reliable=169 spec=7.18 pop=1782
  mpx-70 diag: trials=4380000 micro=3266 pop_spec=7.32 spec_max=21 q_mean=0.576 q_max=1.000 q_above_half=1058 marked=0.354 mark_density=0.901 exp_mean=708.9 addr_spec=2.217 addr_random=0.627 addr_full=0.0864 correct=138
  mpx-70 cover: trials=4380000 overall=0.6244 a0_nochange=0.9688 a0_change=0.9266 a1_nochange=0.0000 a1_change=0.6022 matched_but_wrong=1
  mpx-70 qdetail: trials=4380000 a0nc_any=0.9984 a0nc_q=1.000 a0c_any=0.9996 a0c_q=1.000 a1nc_any=0.8966 a1nc_q=0.892 a1c_any=0.9999 a1c_q=1.000
  mpx-70 traj: trials=4440000 wall=3981s knowledge=0.6324 reliable=179 spec=7.19 pop=1542
  mpx-70 diag: trials=4440000 micro=3027 pop_spec=7.17 spec_max=21 q_mean=0.596 q_max=1.000 q_above_half=996 marked=0.342 mark_density=0.900 exp_mean=846.1 addr_spec=2.513 addr_random=0.614 addr_full=0.1083 correct=139
  mpx-70 cover: trials=4440000 overall=0.6324 a0_nochange=0.9722 a0_change=0.9391 a1_nochange=0.0000 a1_change=0.6183 matched_but_wrong=1
  mpx-70 qdetail: trials=4440000 a0nc_any=0.9947 a0nc_q=1.000 a0c_any=1.0000 a0c_q=1.000 a1nc_any=0.7522 a1nc_q=0.892 a1c_any=1.0000 a1c_q=1.000
  mpx-70 traj: trials=4500000 wall=4029s knowledge=0.6328 reliable=175 spec=7.19 pop=1353
  mpx-70 diag: trials=4500000 micro=2874 pop_spec=7.19 spec_max=21 q_mean=0.604 q_max=1.000 q_above_half=903 marked=0.332 mark_density=0.903 exp_mean=981.1 addr_spec=2.659 addr_random=0.616 addr_full=0.1227 correct=140
  mpx-70 cover: trials=4500000 overall=0.6328 a0_nochange=0.9688 a0_change=0.9401 a1_nochange=0.0000 a1_change=0.6223 matched_but_wrong=1
  mpx-70 qdetail: trials=4500000 a0nc_any=0.9924 a0nc_q=1.000 a0c_any=1.0000 a0c_q=1.000 a1nc_any=0.3299 a1nc_q=0.892 a1c_any=0.9998 a1c_q=1.000
  mpx-70 traj: trials=4560000 wall=4097s knowledge=0.6351 reliable=180 spec=7.27 pop=1509
  mpx-70 diag: trials=4560000 micro=3034 pop_spec=7.27 spec_max=21 q_mean=0.612 q_max=1.000 q_above_half=1048 marked=0.372 mark_density=0.900 exp_mean=907.8 addr_spec=2.641 addr_random=0.623 addr_full=0.1074 correct=140
  mpx-70 cover: trials=4560000 overall=0.6351 a0_nochange=0.9688 a0_change=0.9420 a1_nochange=0.0000 a1_change=0.6295 matched_but_wrong=78
  mpx-70 qdetail: trials=4560000 a0nc_any=0.9978 a0nc_q=1.000 a0c_any=0.9996 a0c_q=1.000 a1nc_any=0.6588 a1nc_q=0.902 a1c_any=1.0000 a1c_q=1.000
  mpx-70 traj: trials=4620000 wall=4127s knowledge=0.6419 reliable=195 spec=7.35 pop=1601
  mpx-70 diag: trials=4620000 micro=3141 pop_spec=7.40 spec_max=22 q_mean=0.612 q_max=1.000 q_above_half=1098 marked=0.340 mark_density=0.896 exp_mean=880.4 addr_spec=2.706 addr_random=0.634 addr_full=0.1112 correct=143
  mpx-70 cover: trials=4620000 overall=0.6419 a0_nochange=0.9834 a0_change=0.9550 a1_nochange=0.0000 a1_change=0.6291 matched_but_wrong=166
  mpx-70 qdetail: trials=4620000 a0nc_any=1.0000 a0nc_q=1.000 a0c_any=1.0000 a0c_q=1.000 a1nc_any=0.3539 a1nc_q=0.907 a1c_any=1.0000 a1c_q=1.000
  mpx-70 traj: trials=4680000 wall=4161s knowledge=0.6419 reliable=185 spec=7.32 pop=1652
  mpx-70 diag: trials=4680000 micro=3241 pop_spec=7.37 spec_max=22 q_mean=0.598 q_max=1.000 q_above_half=1132 marked=0.340 mark_density=0.898 exp_mean=877.7 addr_spec=2.587 addr_random=0.631 addr_full=0.1029 correct=142
  mpx-70 cover: trials=4680000 overall=0.6419 a0_nochange=0.9884 a0_change=0.9506 a1_nochange=0.0000 a1_change=0.6283 matched_but_wrong=9
  mpx-70 qdetail: trials=4680000 a0nc_any=1.0000 a0nc_q=1.000 a0c_any=1.0000 a0c_q=1.000 a1nc_any=0.7602 a1nc_q=0.912 a1c_any=1.0000 a1c_q=1.000
  mpx-70 traj: trials=4740000 wall=4208s knowledge=0.6468 reliable=192 spec=7.33 pop=1517
  mpx-70 diag: trials=4740000 micro=3073 pop_spec=7.37 spec_max=22 q_mean=0.593 q_max=1.000 q_above_half=956 marked=0.377 mark_density=0.898 exp_mean=980.3 addr_spec=2.477 addr_random=0.632 addr_full=0.1154 correct=144
  mpx-70 cover: trials=4740000 overall=0.6468 a0_nochange=0.9872 a0_change=0.9546 a1_nochange=0.0000 a1_change=0.6453 matched_but_wrong=0
  mpx-70 qdetail: trials=4740000 a0nc_any=0.9968 a0nc_q=1.000 a0c_any=0.9992 a0c_q=1.000 a1nc_any=1.0000 a1nc_q=0.912 a1c_any=1.0000 a1c_q=1.000
  mpx-70 traj: trials=4800000 wall=4271s knowledge=0.6483 reliable=197 spec=7.34 pop=1601
  mpx-70 diag: trials=4800000 micro=3134 pop_spec=6.90 spec_max=22 q_mean=0.599 q_max=1.000 q_above_half=1044 marked=0.379 mark_density=0.906 exp_mean=955.9 addr_spec=2.601 addr_random=0.591 addr_full=0.1062 correct=144
  mpx-70 cover: trials=4800000 overall=0.6483 a0_nochange=0.9834 a0_change=0.9657 a1_nochange=0.0000 a1_change=0.6441 matched_but_wrong=0
  mpx-70 qdetail: trials=4800000 a0nc_any=1.0000 a0nc_q=1.000 a0c_any=1.0000 a0c_q=1.000 a1nc_any=0.9411 a1nc_q=0.912 a1c_any=1.0000 a1c_q=1.000
  mpx-70 traj: trials=4860000 wall=4321s knowledge=0.6445 reliable=182 spec=7.31 pop=1405
  mpx-70 diag: trials=4860000 micro=2950 pop_spec=7.05 spec_max=22 q_mean=0.607 q_max=1.000 q_above_half=965 marked=0.346 mark_density=0.904 exp_mean=1107.2 addr_spec=2.806 addr_random=0.604 addr_full=0.1203 correct=144
  mpx-70 cover: trials=4860000 overall=0.6445 a0_nochange=0.9834 a0_change=0.9506 a1_nochange=0.0000 a1_change=0.6437 matched_but_wrong=0
  mpx-70 qdetail: trials=4860000 a0nc_any=0.9981 a0nc_q=1.000 a0c_any=1.0000 a0c_q=1.000 a1nc_any=1.0000 a1nc_q=0.912 a1c_any=1.0000 a1c_q=1.000
  mpx-70 traj: trials=4920000 wall=4369s knowledge=0.6522 reliable=181 spec=7.34 pop=1469
  mpx-70 diag: trials=4920000 micro=3026 pop_spec=6.95 spec_max=22 q_mean=0.592 q_max=1.000 q_above_half=917 marked=0.352 mark_density=0.906 exp_mean=1087.4 addr_spec=2.696 addr_random=0.596 addr_full=0.1130 correct=145
  mpx-70 cover: trials=4920000 overall=0.6522 a0_nochange=0.9834 a0_change=0.9657 a1_nochange=0.0000 a1_change=0.6596 matched_but_wrong=0
  mpx-70 qdetail: trials=4920000 a0nc_any=0.9992 a0nc_q=1.000 a0c_any=0.9997 a0c_q=1.000 a1nc_any=0.7024 a1nc_q=0.916 a1c_any=1.0000 a1c_q=1.000
  mpx-70 traj: trials=4980000 wall=4431s knowledge=0.6547 reliable=185 spec=7.28 pop=1463
  mpx-70 diag: trials=4980000 micro=3036 pop_spec=7.32 spec_max=22 q_mean=0.615 q_max=1.000 q_above_half=1035 marked=0.317 mark_density=0.897 exp_mean=1120.5 addr_spec=2.653 addr_random=0.628 addr_full=0.1121 correct=147
  mpx-70 cover: trials=4980000 overall=0.6547 a0_nochange=0.9834 a0_change=0.9735 a1_nochange=0.0000 a1_change=0.6617 matched_but_wrong=11
  mpx-70 qdetail: trials=4980000 a0nc_any=0.9967 a0nc_q=1.000 a0c_any=1.0000 a0c_q=1.000 a1nc_any=0.2018 a1nc_q=0.735 a1c_any=1.0000 a1c_q=1.000
  mpx-70 traj: trials=5040000 wall=4481s knowledge=0.6553 reliable=182 spec=7.20 pop=1431
  mpx-70 diag: trials=5040000 micro=3028 pop_spec=7.02 spec_max=22 q_mean=0.602 q_max=1.000 q_above_half=940 marked=0.369 mark_density=0.904 exp_mean=1174.4 addr_spec=2.530 addr_random=0.602 addr_full=0.1195 correct=148
  mpx-70 cover: trials=5040000 overall=0.6553 a0_nochange=0.9834 a0_change=0.9737 a1_nochange=0.0000 a1_change=0.6640 matched_but_wrong=0
  mpx-70 qdetail: trials=5040000 a0nc_any=0.9960 a0nc_q=1.000 a0c_any=1.0000 a0c_q=1.000 a1nc_any=0.6840 a1nc_q=0.710 a1c_any=1.0000 a1c_q=1.000
  mpx-70 traj: trials=5100000 wall=4543s knowledge=0.6562 reliable=184 spec=7.18 pop=1635
  mpx-70 diag: trials=5100000 micro=3201 pop_spec=6.98 spec_max=22 q_mean=0.591 q_max=1.000 q_above_half=1041 marked=0.355 mark_density=0.905 exp_mean=1046.4 addr_spec=2.406 addr_random=0.598 addr_full=0.1015 correct=149
  mpx-70 cover: trials=5100000 overall=0.6562 a0_nochange=0.9834 a0_change=0.9774 a1_nochange=0.0000 a1_change=0.6639 matched_but_wrong=0
  mpx-70 qdetail: trials=5100000 a0nc_any=0.9948 a0nc_q=1.000 a0c_any=1.0000 a0c_q=1.000 a1nc_any=0.8633 a1nc_q=0.710 a1c_any=1.0000 a1c_q=1.000
  mpx-70 traj: trials=5160000 wall=4584s knowledge=0.6618 reliable=195 spec=7.19 pop=1903
  mpx-70 diag: trials=5160000 micro=3444 pop_spec=6.38 spec_max=22 q_mean=0.581 q_max=1.000 q_above_half=1120 marked=0.408 mark_density=0.916 exp_mean=922.3 addr_spec=2.115 addr_random=0.547 addr_full=0.0867 correct=150
  mpx-70 cover: trials=5160000 overall=0.6618 a0_nochange=0.9834 a0_change=0.9758 a1_nochange=0.0000 a1_change=0.6879 matched_but_wrong=0
  mpx-70 qdetail: trials=5160000 a0nc_any=0.9993 a0nc_q=1.000 a0c_any=1.0000 a0c_q=1.000 a1nc_any=1.0000 a1nc_q=0.710 a1c_any=1.0000 a1c_q=1.000
  mpx-70 traj: trials=5220000 wall=4623s knowledge=0.6621 reliable=189 spec=7.20 pop=1711
  mpx-70 diag: trials=5220000 micro=3258 pop_spec=7.22 spec_max=22 q_mean=0.593 q_max=1.000 q_above_half=1068 marked=0.345 mark_density=0.901 exp_mean=1049.7 addr_spec=2.304 addr_random=0.619 addr_full=0.1029 correct=151
  mpx-70 cover: trials=5220000 overall=0.6621 a0_nochange=0.9834 a0_change=0.9851 a1_nochange=0.0000 a1_change=0.6797 matched_but_wrong=0
  mpx-70 qdetail: trials=5220000 a0nc_any=0.9966 a0nc_q=1.000 a0c_any=1.0000 a0c_q=1.000 a1nc_any=0.5972 a1nc_q=0.680 a1c_any=1.0000 a1c_q=1.000
  mpx-70 traj: trials=5280000 wall=4670s knowledge=0.6677 reliable=188 spec=7.20 pop=4793
  mpx-70 diag: trials=5280000 micro=6388 pop_spec=5.50 spec_max=22 q_mean=0.554 q_max=1.000 q_above_half=2946 marked=0.392 mark_density=0.930 exp_mean=386.5 addr_spec=1.103 addr_random=0.472 addr_full=0.0369 correct=154
  mpx-70 cover: trials=5280000 overall=0.6677 a0_nochange=0.9920 a0_change=0.9891 a1_nochange=0.0000 a1_change=0.6895 matched_but_wrong=0
  mpx-70 qdetail: trials=5280000 a0nc_any=1.0000 a0nc_q=1.000 a0c_any=1.0000 a0c_q=1.000 a1nc_any=1.0000 a1nc_q=0.680 a1c_any=1.0000 a1c_q=1.000
  mpx-70 traj: trials=5340000 wall=4738s knowledge=0.6661 reliable=192 spec=7.17 pop=1474
  mpx-70 diag: trials=5340000 micro=3084 pop_spec=6.83 spec_max=22 q_mean=0.595 q_max=1.000 q_above_half=917 marked=0.352 mark_density=0.906 exp_mean=1276.3 addr_spec=2.634 addr_random=0.585 addr_full=0.1180 correct=153
  mpx-70 cover: trials=5340000 overall=0.6661 a0_nochange=0.9834 a0_change=0.9851 a1_nochange=0.0000 a1_change=0.6959 matched_but_wrong=0
  mpx-70 qdetail: trials=5340000 a0nc_any=0.9965 a0nc_q=1.000 a0c_any=0.9999 a0c_q=1.000 a1nc_any=0.6404 a1nc_q=0.680 a1c_any=1.0000 a1c_q=1.000
  mpx-70 traj: trials=5400000 wall=4775s knowledge=0.6680 reliable=181 spec=7.14 pop=1454
  mpx-70 diag: trials=5400000 micro=3047 pop_spec=6.91 spec_max=22 q_mean=0.608 q_max=1.000 q_above_half=990 marked=0.367 mark_density=0.906 exp_mean=1321.4 addr_spec=2.715 addr_random=0.592 addr_full=0.1162 correct=153
  mpx-70 cover: trials=5400000 overall=0.6680 a0_nochange=0.9834 a0_change=0.9851 a1_nochange=0.0000 a1_change=0.7032 matched_but_wrong=0
  mpx-70 qdetail: trials=5400000 a0nc_any=0.9964 a0nc_q=1.000 a0c_any=1.0000 a0c_q=1.000 a1nc_any=1.0000 a1nc_q=0.696 a1c_any=1.0000 a1c_q=1.000
  mpx-70 traj: trials=5460000 wall=4816s knowledge=0.6655 reliable=182 spec=7.19 pop=1779
  mpx-70 diag: trials=5460000 micro=3444 pop_spec=6.56 spec_max=22 q_mean=0.574 q_max=1.000 q_above_half=1008 marked=0.367 mark_density=0.912 exp_mean=1094.9 addr_spec=2.059 addr_random=0.563 addr_full=0.0922 correct=152
  mpx-70 cover: trials=5460000 overall=0.6655 a0_nochange=0.9834 a0_change=0.9876 a1_nochange=0.0000 a1_change=0.6911 matched_but_wrong=2
  mpx-70 qdetail: trials=5460000 a0nc_any=0.9914 a0nc_q=1.000 a0c_any=1.0000 a0c_q=1.000 a1nc_any=0.9280 a1nc_q=0.696 a1c_any=1.0000 a1c_q=1.000
  mpx-70 traj: trials=5520000 wall=4871s knowledge=0.6660 reliable=185 spec=7.18 pop=1493
  mpx-70 diag: trials=5520000 micro=3075 pop_spec=7.29 spec_max=22 q_mean=0.600 q_max=1.000 q_above_half=961 marked=0.340 mark_density=0.898 exp_mean=1333.3 addr_spec=2.348 addr_random=0.625 addr_full=0.1125 correct=153
  mpx-70 cover: trials=5520000 overall=0.6660 a0_nochange=0.9834 a0_change=0.9851 a1_nochange=0.0000 a1_change=0.6953 matched_but_wrong=2
  mpx-70 qdetail: trials=5520000 a0nc_any=0.9983 a0nc_q=1.000 a0c_any=1.0000 a0c_q=1.000 a1nc_any=0.8857 a1nc_q=0.711 a1c_any=1.0000 a1c_q=1.000
  mpx-70 traj: trials=5580000 wall=4916s knowledge=0.6673 reliable=187 spec=7.18 pop=1399
  mpx-70 diag: trials=5580000 micro=3032 pop_spec=6.92 spec_max=22 q_mean=0.596 q_max=1.000 q_above_half=846 marked=0.353 mark_density=0.906 exp_mean=1453.8 addr_spec=2.713 addr_random=0.593 addr_full=0.1265 correct=152
  mpx-70 cover: trials=5580000 overall=0.6673 a0_nochange=0.9834 a0_change=0.9912 a1_nochange=0.0000 a1_change=0.6943 matched_but_wrong=2
  mpx-70 qdetail: trials=5580000 a0nc_any=0.9947 a0nc_q=1.000 a0c_any=1.0000 a0c_q=1.000 a1nc_any=1.0000 a1nc_q=0.711 a1c_any=1.0000 a1c_q=1.000
  mpx-70 traj: trials=5640000 wall=4954s knowledge=0.6696 reliable=187 spec=7.16 pop=1415
  mpx-70 diag: trials=5640000 micro=3027 pop_spec=6.79 spec_max=22 q_mean=0.606 q_max=1.000 q_above_half=971 marked=0.313 mark_density=0.904 exp_mean=1468.3 addr_spec=2.643 addr_random=0.582 addr_full=0.1201 correct=152
  mpx-70 cover: trials=5640000 overall=0.6696 a0_nochange=0.9917 a0_change=0.9891 a1_nochange=0.0000 a1_change=0.6976 matched_but_wrong=0
  mpx-70 qdetail: trials=5640000 a0nc_any=0.9978 a0nc_q=1.000 a0c_any=1.0000 a0c_q=1.000 a1nc_any=0.5039 a1nc_q=0.675 a1c_any=1.0000 a1c_q=1.000
  mpx-70 traj: trials=5700000 wall=5007s knowledge=0.6701 reliable=184 spec=7.15 pop=1874
  mpx-70 diag: trials=5700000 micro=3492 pop_spec=7.33 spec_max=22 q_mean=0.578 q_max=1.000 q_above_half=1033 marked=0.287 mark_density=0.900 exp_mean=1131.9 addr_spec=2.254 addr_random=0.628 addr_full=0.0928 correct=153
  mpx-70 cover: trials=5700000 overall=0.6701 a0_nochange=0.9834 a0_change=0.9891 a1_nochange=0.0000 a1_change=0.7079 matched_but_wrong=0
  mpx-70 qdetail: trials=5700000 a0nc_any=0.9987 a0nc_q=1.000 a0c_any=1.0000 a0c_q=1.000 a1nc_any=0.6513 a1nc_q=0.675 a1c_any=1.0000 a1c_q=1.000
  mpx-70 traj: trials=5760000 wall=5050s knowledge=0.6679 reliable=180 spec=7.14 pop=1417
  mpx-70 diag: trials=5760000 micro=3027 pop_spec=6.83 spec_max=22 q_mean=0.604 q_max=1.000 q_above_half=914 marked=0.368 mark_density=0.907 exp_mean=1527.2 addr_spec=2.745 addr_random=0.585 addr_full=0.1256 correct=153
  mpx-70 cover: trials=5760000 overall=0.6679 a0_nochange=0.9834 a0_change=0.9891 a1_nochange=0.0000 a1_change=0.6989 matched_but_wrong=0
  mpx-70 qdetail: trials=5760000 a0nc_any=0.9958 a0nc_q=1.000 a0c_any=1.0000 a0c_q=1.000 a1nc_any=1.0000 a1nc_q=0.642 a1c_any=1.0000 a1c_q=1.000
  mpx-70 traj: trials=5820000 wall=5096s knowledge=0.6707 reliable=187 spec=7.14 pop=1337
  mpx-70 diag: trials=5820000 micro=2980 pop_spec=6.82 spec_max=22 q_mean=0.602 q_max=1.000 q_above_half=842 marked=0.350 mark_density=0.905 exp_mean=1651.3 addr_spec=2.636 addr_random=0.584 addr_full=0.1316 correct=154
  mpx-70 cover: trials=5820000 overall=0.6707 a0_nochange=0.9834 a0_change=0.9961 a1_nochange=0.0000 a1_change=0.7030 matched_but_wrong=0
  mpx-70 qdetail: trials=5820000 a0nc_any=1.0000 a0nc_q=1.000 a0c_any=1.0000 a0c_q=1.000 a1nc_any=0.5336 a1nc_q=0.642 a1c_any=1.0000 a1c_q=1.000
  mpx-70 traj: trials=5880000 wall=5141s knowledge=0.6705 reliable=188 spec=7.04 pop=1475
  mpx-70 diag: trials=5880000 micro=3058 pop_spec=6.76 spec_max=22 q_mean=0.598 q_max=1.000 q_above_half=922 marked=0.378 mark_density=0.908 exp_mean=1527.0 addr_spec=2.412 addr_random=0.580 addr_full=0.1139 correct=154
  mpx-70 cover: trials=5880000 overall=0.6705 a0_nochange=0.9834 a0_change=0.9956 a1_nochange=0.0000 a1_change=0.7030 matched_but_wrong=0
  mpx-70 qdetail: trials=5880000 a0nc_any=1.0000 a0nc_q=1.000 a0c_any=1.0000 a0c_q=1.000 a1nc_any=1.0000 a1nc_q=0.651 a1c_any=1.0000 a1c_q=1.000
  mpx-70 traj: trials=5940000 wall=5189s knowledge=0.6692 reliable=188 spec=7.04 pop=1497
  mpx-70 diag: trials=5940000 micro=3112 pop_spec=6.88 spec_max=22 q_mean=0.598 q_max=1.000 q_above_half=957 marked=0.340 mark_density=0.905 exp_mean=1507.8 addr_spec=2.502 addr_random=0.589 addr_full=0.1075 correct=154
  mpx-70 cover: trials=5940000 overall=0.6692 a0_nochange=0.9834 a0_change=0.9828 a1_nochange=0.0000 a1_change=0.7105 matched_but_wrong=0
  mpx-70 qdetail: trials=5940000 a0nc_any=0.9978 a0nc_q=1.000 a0c_any=1.0000 a0c_q=1.000 a1nc_any=0.4204 a1nc_q=0.642 a1c_any=1.0000 a1c_q=1.000
  mpx-70 traj: trials=6000000 wall=5227s knowledge=0.6654 reliable=178 spec=7.04 pop=1429
  mpx-70 diag: trials=6000000 micro=3021 pop_spec=6.79 spec_max=22 q_mean=0.608 q_max=1.000 q_above_half=1015 marked=0.330 mark_density=0.906 exp_mean=1607.8 addr_spec=2.554 addr_random=0.582 addr_full=0.1134 correct=152
  mpx-70 cover: trials=6000000 overall=0.6654 a0_nochange=0.9834 a0_change=0.9828 a1_nochange=0.0000 a1_change=0.6952 matched_but_wrong=0
  mpx-70 qdetail: trials=6000000 a0nc_any=0.9898 a0nc_q=1.000 a0c_any=0.9998 a0c_q=1.000 a1nc_any=0.4934 a1nc_q=0.651 a1c_any=1.0000 a1c_q=1.000
  mpx-70 traj: trials=6060000 wall=5272s knowledge=0.6715 reliable=184 spec=7.05 pop=1420
  mpx-70 diag: trials=6060000 micro=3013 pop_spec=6.92 spec_max=22 q_mean=0.603 q_max=1.000 q_above_half=912 marked=0.356 mark_density=0.904 exp_mean=1648.6 addr_spec=2.661 addr_random=0.593 addr_full=0.1176 correct=154
  mpx-70 cover: trials=6060000 overall=0.6715 a0_nochange=0.9834 a0_change=0.9941 a1_nochange=0.0000 a1_change=0.7086 matched_but_wrong=0
  mpx-70 qdetail: trials=6060000 a0nc_any=0.9987 a0nc_q=1.000 a0c_any=1.0000 a0c_q=1.000 a1nc_any=0.5540 a1nc_q=0.724 a1c_any=1.0000 a1c_q=1.000
  mpx-70 traj: trials=6120000 wall=5326s knowledge=0.6728 reliable=184 spec=7.07 pop=1901
  mpx-70 diag: trials=6120000 micro=3513 pop_spec=6.65 spec_max=22 q_mean=0.579 q_max=1.000 q_above_half=1168 marked=0.351 mark_density=0.909 exp_mean=1255.0 addr_spec=2.223 addr_random=0.570 addr_full=0.0952 correct=154
  mpx-70 cover: trials=6120000 overall=0.6728 a0_nochange=0.9834 a0_change=0.9958 a1_nochange=0.0000 a1_change=0.7117 matched_but_wrong=0
  mpx-70 qdetail: trials=6120000 a0nc_any=1.0000 a0nc_q=1.000 a0c_any=1.0000 a0c_q=1.000 a1nc_any=0.8154 a1nc_q=0.632 a1c_any=1.0000 a1c_q=1.000
  mpx-70 traj: trials=6180000 wall=5358s knowledge=0.6712 reliable=184 spec=7.06 pop=1356
  mpx-70 diag: trials=6180000 micro=2978 pop_spec=6.85 spec_max=22 q_mean=0.605 q_max=1.000 q_above_half=866 marked=0.353 mark_density=0.904 exp_mean=1790.9 addr_spec=2.641 addr_random=0.587 addr_full=0.1313 correct=155
  mpx-70 cover: trials=6180000 overall=0.6712 a0_nochange=0.9834 a0_change=0.9916 a1_nochange=0.0000 a1_change=0.7095 matched_but_wrong=0
  mpx-70 qdetail: trials=6180000 a0nc_any=0.9998 a0nc_q=1.000 a0c_any=1.0000 a0c_q=1.000 a1nc_any=0.3233 a1nc_q=0.720 a1c_any=1.0000 a1c_q=1.000
  mpx-70 traj: trials=6240000 wall=5410s knowledge=0.6729 reliable=183 spec=7.04 pop=1461
  mpx-70 diag: trials=6240000 micro=3102 pop_spec=6.64 spec_max=22 q_mean=0.600 q_max=1.000 q_above_half=943 marked=0.373 mark_density=0.909 exp_mean=1692.4 addr_spec=2.468 addr_random=0.570 addr_full=0.1164 correct=156
  mpx-70 cover: trials=6240000 overall=0.6729 a0_nochange=1.0000 a0_change=0.9916 a1_nochange=0.0000 a1_change=0.6997 matched_but_wrong=0
  mpx-70 qdetail: trials=6240000 a0nc_any=1.0000 a0nc_q=1.000 a0c_any=1.0000 a0c_q=1.000 a1nc_any=0.6535 a1nc_q=0.747 a1c_any=0.9998 a1c_q=1.000
  mpx-70 traj: trials=6300000 wall=5473s knowledge=0.6758 reliable=181 spec=7.02 pop=1347
  mpx-70 diag: trials=6300000 micro=2988 pop_spec=6.75 spec_max=22 q_mean=0.603 q_max=1.000 q_above_half=882 marked=0.395 mark_density=0.909 exp_mean=1856.5 addr_spec=2.788 addr_random=0.578 addr_full=0.1344 correct=157
  mpx-70 cover: trials=6300000 overall=0.6758 a0_nochange=1.0000 a0_change=0.9828 a1_nochange=0.0000 a1_change=0.7203 matched_but_wrong=0
  mpx-70 qdetail: trials=6300000 a0nc_any=1.0000 a0nc_q=1.000 a0c_any=1.0000 a0c_q=1.000 a1nc_any=1.0000 a1nc_q=0.632 a1c_any=1.0000 a1c_q=1.000
  mpx-70 traj: trials=6360000 wall=5549s knowledge=0.6758 reliable=182 spec=7.02 pop=1377
  mpx-70 diag: trials=6360000 micro=3023 pop_spec=6.74 spec_max=22 q_mean=0.608 q_max=1.000 q_above_half=936 marked=0.369 mark_density=0.908 exp_mean=1848.0 addr_spec=2.598 addr_random=0.578 addr_full=0.1271 correct=157
  mpx-70 cover: trials=6360000 overall=0.6758 a0_nochange=1.0000 a0_change=0.9849 a1_nochange=0.0000 a1_change=0.7183 matched_but_wrong=0
  mpx-70 qdetail: trials=6360000 a0nc_any=1.0000 a0nc_q=1.000 a0c_any=0.9998 a0c_q=1.000 a1nc_any=0.7211 a1nc_q=0.635 a1c_any=1.0000 a1c_q=1.000
  mpx-70 traj: trials=6420000 wall=5607s knowledge=0.6735 reliable=188 spec=7.03 pop=1360
  mpx-70 diag: trials=6420000 micro=2981 pop_spec=6.82 spec_max=22 q_mean=0.602 q_max=1.000 q_above_half=864 marked=0.368 mark_density=0.905 exp_mean=1876.9 addr_spec=2.761 addr_random=0.585 addr_full=0.1360 correct=156
  mpx-70 cover: trials=6420000 overall=0.6735 a0_nochange=1.0000 a0_change=0.9957 a1_nochange=0.0000 a1_change=0.6981 matched_but_wrong=0
  mpx-70 qdetail: trials=6420000 a0nc_any=1.0000 a0nc_q=1.000 a0c_any=1.0000 a0c_q=1.000 a1nc_any=0.5153 a1nc_q=0.668 a1c_any=1.0000 a1c_q=1.000
  mpx-70 traj: trials=6480000 wall=5651s knowledge=0.6744 reliable=187 spec=7.08 pop=1814
  mpx-70 diag: trials=6480000 micro=3380 pop_spec=7.08 spec_max=22 q_mean=0.588 q_max=1.000 q_above_half=1100 marked=0.313 mark_density=0.905 exp_mean=1431.9 addr_spec=2.199 addr_random=0.607 addr_full=0.0937 correct=156
  mpx-70 cover: trials=6480000 overall=0.6744 a0_nochange=1.0000 a0_change=0.9954 a1_nochange=0.0000 a1_change=0.7019 matched_but_wrong=0
  mpx-70 qdetail: trials=6480000 a0nc_any=1.0000 a0nc_q=1.000 a0c_any=1.0000 a0c_q=1.000 a1nc_any=0.6311 a1nc_q=0.642 a1c_any=1.0000 a1c_q=1.000
  mpx-70 traj: trials=6540000 wall=5699s knowledge=0.6715 reliable=187 spec=7.13 pop=1378
  mpx-70 diag: trials=6540000 micro=2987 pop_spec=7.01 spec_max=22 q_mean=0.610 q_max=1.000 q_above_half=944 marked=0.364 mark_density=0.902 exp_mean=1915.6 addr_spec=2.580 addr_random=0.601 addr_full=0.1270 correct=155
  mpx-70 cover: trials=6540000 overall=0.6715 a0_nochange=1.0000 a0_change=0.9828 a1_nochange=0.0000 a1_change=0.7033 matched_but_wrong=0
  mpx-70 qdetail: trials=6540000 a0nc_any=1.0000 a0nc_q=1.000 a0c_any=1.0000 a0c_q=1.000 a1nc_any=0.3591 a1nc_q=0.595 a1c_any=1.0000 a1c_q=1.000
  mpx-70 traj: trials=6600000 wall=5788s knowledge=0.6728 reliable=188 spec=7.15 pop=1566
  mpx-70 diag: trials=6600000 micro=3194 pop_spec=6.62 spec_max=22 q_mean=0.609 q_max=1.000 q_above_half=1095 marked=0.340 mark_density=0.909 exp_mean=1713.8 addr_spec=2.503 addr_random=0.568 addr_full=0.1098 correct=155
  mpx-70 cover: trials=6600000 overall=0.6728 a0_nochange=1.0000 a0_change=0.9828 a1_nochange=0.0000 a1_change=0.7085 matched_but_wrong=11
  mpx-70 qdetail: trials=6600000 a0nc_any=1.0000 a0nc_q=1.000 a0c_any=1.0000 a0c_q=1.000 a1nc_any=0.8886 a1nc_q=0.632 a1c_any=1.0000 a1c_q=1.000
  mpx-70 traj: trials=6660000 wall=5841s knowledge=0.6707 reliable=184 spec=7.12 pop=1715
  mpx-70 diag: trials=6660000 micro=3340 pop_spec=6.48 spec_max=22 q_mean=0.585 q_max=1.000 q_above_half=1084 marked=0.368 mark_density=0.913 exp_mean=1588.7 addr_spec=2.171 addr_random=0.556 addr_full=0.0962 correct=155
  mpx-70 cover: trials=6660000 overall=0.6707 a0_nochange=1.0000 a0_change=0.9849 a1_nochange=0.0000 a1_change=0.6980 matched_but_wrong=0
  mpx-70 qdetail: trials=6660000 a0nc_any=1.0000 a0nc_q=1.000 a0c_any=1.0000 a0c_q=1.000 a1nc_any=0.6666 a1nc_q=0.691 a1c_any=1.0000 a1c_q=1.000
  mpx-70 traj: trials=6720000 wall=5887s knowledge=0.6762 reliable=191 spec=7.13 pop=1475
  mpx-70 diag: trials=6720000 micro=3127 pop_spec=6.62 spec_max=22 q_mean=0.602 q_max=1.000 q_above_half=944 marked=0.367 mark_density=0.911 exp_mean=1876.9 addr_spec=2.570 addr_random=0.568 addr_full=0.1146 correct=156
  mpx-70 cover: trials=6720000 overall=0.6762 a0_nochange=1.0000 a0_change=0.9871 a1_nochange=0.0000 a1_change=0.7174 matched_but_wrong=0
  mpx-70 qdetail: trials=6720000 a0nc_any=1.0000 a0nc_q=1.000 a0c_any=1.0000 a0c_q=1.000 a1nc_any=1.0000 a1nc_q=0.651 a1c_any=1.0000 a1c_q=1.000
  mpx-70 traj: trials=6780000 wall=5944s knowledge=0.6753 reliable=188 spec=7.12 pop=1416
  mpx-70 diag: trials=6780000 micro=3044 pop_spec=6.89 spec_max=22 q_mean=0.593 q_max=1.000 q_above_half=865 marked=0.358 mark_density=0.906 exp_mean=1985.2 addr_spec=2.702 addr_random=0.590 addr_full=0.1222 correct=156
  mpx-70 cover: trials=6780000 overall=0.6753 a0_nochange=1.0000 a0_change=0.9916 a1_nochange=0.0041 a1_change=0.7054 matched_but_wrong=0
  mpx-70 qdetail: trials=6780000 a0nc_any=1.0000 a0nc_q=1.000 a0c_any=1.0000 a0c_q=1.000 a1nc_any=1.0000 a1nc_q=0.952 a1c_any=1.0000 a1c_q=1.000
  mpx-70 traj: trials=6840000 wall=5994s knowledge=0.6744 reliable=184 spec=7.12 pop=1343
  mpx-70 diag: trials=6840000 micro=3001 pop_spec=6.71 spec_max=22 q_mean=0.606 q_max=1.000 q_above_half=892 marked=0.350 mark_density=0.906 exp_mean=2123.6 addr_spec=2.929 addr_random=0.575 addr_full=0.1325 correct=156
  mpx-70 cover: trials=6840000 overall=0.6744 a0_nochange=1.0000 a0_change=0.9828 a1_nochange=0.0166 a1_change=0.6983 matched_but_wrong=0
  mpx-70 qdetail: trials=6840000 a0nc_any=1.0000 a0nc_q=1.000 a0c_any=1.0000 a0c_q=1.000 a1nc_any=0.9038 a1nc_q=0.997 a1c_any=1.0000 a1c_q=1.000
  mpx-70 traj: trials=6900000 wall=6043s knowledge=0.6755 reliable=183 spec=7.11 pop=1389
  mpx-70 diag: trials=6900000 micro=2998 pop_spec=6.79 spec_max=22 q_mean=0.603 q_max=1.000 q_above_half=892 marked=0.362 mark_density=0.908 exp_mean=2084.7 addr_spec=2.752 addr_random=0.582 addr_full=0.1238 correct=156
  mpx-70 cover: trials=6900000 overall=0.6755 a0_nochange=1.0000 a0_change=0.9870 a1_nochange=0.0166 a1_change=0.6983 matched_but_wrong=0
  mpx-70 qdetail: trials=6900000 a0nc_any=1.0000 a0nc_q=1.000 a0c_any=1.0000 a0c_q=1.000 a1nc_any=1.0000 a1nc_q=1.000 a1c_any=1.0000 a1c_q=1.000
  mpx-70 traj: trials=6960000 wall=6089s knowledge=0.6758 reliable=188 spec=7.13 pop=1428
  mpx-70 diag: trials=6960000 micro=3084 pop_spec=6.77 spec_max=22 q_mean=0.607 q_max=1.000 q_above_half=940 marked=0.317 mark_density=0.907 exp_mean=2042.2 addr_spec=2.716 addr_random=0.580 addr_full=0.1261 correct=157
  mpx-70 cover: trials=6960000 overall=0.6758 a0_nochange=1.0000 a0_change=0.9852 a1_nochange=0.0166 a1_change=0.7013 matched_but_wrong=68
  mpx-70 qdetail: trials=6960000 a0nc_any=1.0000 a0nc_q=1.000 a0c_any=1.0000 a0c_q=1.000 a1nc_any=0.8260 a1nc_q=1.000 a1c_any=1.0000 a1c_q=1.000
  mpx-70 traj: trials=7020000 wall=6132s knowledge=0.6769 reliable=189 spec=7.15 pop=1793
  mpx-70 diag: trials=7020000 micro=3429 pop_spec=6.73 spec_max=22 q_mean=0.581 q_max=1.000 q_above_half=1052 marked=0.365 mark_density=0.910 exp_mean=1651.3 addr_spec=2.139 addr_random=0.576 addr_full=0.0970 correct=158
  mpx-70 cover: trials=7020000 overall=0.6769 a0_nochange=1.0000 a0_change=0.9864 a1_nochange=0.0166 a1_change=0.7043 matched_but_wrong=5
  mpx-70 qdetail: trials=7020000 a0nc_any=1.0000 a0nc_q=1.000 a0c_any=0.9994 a0c_q=1.000 a1nc_any=0.8400 a1nc_q=1.000 a1c_any=0.9999 a1c_q=1.000
  mpx-70 traj: trials=7080000 wall=6172s knowledge=0.6749 reliable=186 spec=7.13 pop=2369
  mpx-70 diag: trials=7080000 micro=4001 pop_spec=7.16 spec_max=22 q_mean=0.568 q_max=1.000 q_above_half=1268 marked=0.227 mark_density=0.905 exp_mean=1268.6 addr_spec=1.822 addr_random=0.614 addr_full=0.0739 correct=157
  mpx-70 cover: trials=7080000 overall=0.6749 a0_nochange=1.0000 a0_change=0.9828 a1_nochange=0.0166 a1_change=0.7000 matched_but_wrong=0
  mpx-70 qdetail: trials=7080000 a0nc_any=1.0000 a0nc_q=1.000 a0c_any=1.0000 a0c_q=1.000 a1nc_any=0.8402 a1nc_q=1.000 a1c_any=1.0000 a1c_q=1.000
  mpx-70 traj: trials=7140000 wall=6216s knowledge=0.6782 reliable=184 spec=7.14 pop=1392
  mpx-70 diag: trials=7140000 micro=3035 pop_spec=6.91 spec_max=22 q_mean=0.615 q_max=1.000 q_above_half=980 marked=0.331 mark_density=0.903 exp_mean=2189.1 addr_spec=2.644 addr_random=0.592 addr_full=0.1264 correct=158
  mpx-70 cover: trials=7140000 overall=0.6782 a0_nochange=1.0000 a0_change=0.9828 a1_nochange=0.0166 a1_change=0.7133 matched_but_wrong=0
  mpx-70 qdetail: trials=7140000 a0nc_any=1.0000 a0nc_q=1.000 a0c_any=1.0000 a0c_q=1.000 a1nc_any=0.5312 a1nc_q=1.000 a1c_any=1.0000 a1c_q=1.000
  mpx-70 traj: trials=7200000 wall=6300s knowledge=0.6772 reliable=189 spec=7.12 pop=1410
  mpx-70 diag: trials=7200000 micro=3044 pop_spec=6.75 spec_max=22 q_mean=0.604 q_max=1.000 q_above_half=929 marked=0.363 mark_density=0.907 exp_mean=2192.5 addr_spec=2.871 addr_random=0.579 addr_full=0.1262 correct=158
  mpx-70 cover: trials=7200000 overall=0.6772 a0_nochange=1.0000 a0_change=0.9898 a1_nochange=0.0166 a1_change=0.7023 matched_but_wrong=0
  mpx-70 qdetail: trials=7200000 a0nc_any=1.0000 a0nc_q=1.000 a0c_any=1.0000 a0c_q=1.000 a1nc_any=0.5741 a1nc_q=1.000 a1c_any=1.0000 a1c_q=1.000
  mpx-70 traj: trials=7260000 wall=6336s knowledge=0.6734 reliable=193 spec=7.10 pop=2465
  mpx-70 diag: trials=7260000 micro=4092 pop_spec=5.95 spec_max=22 q_mean=0.557 q_max=1.000 q_above_half=1299 marked=0.426 mark_density=0.924 exp_mean=1264.1 addr_spec=1.671 addr_random=0.510 addr_full=0.0686 correct=158
  mpx-70 cover: trials=7260000 overall=0.6734 a0_nochange=1.0000 a0_change=0.9828 a1_nochange=0.0166 a1_change=0.6941 matched_but_wrong=0
  mpx-70 qdetail: trials=7260000 a0nc_any=1.0000 a0nc_q=1.000 a0c_any=1.0000 a0c_q=1.000 a1nc_any=0.9551 a1nc_q=1.000 a1c_any=1.0000 a1c_q=1.000
  mpx-70 traj: trials=7320000 wall=6399s knowledge=0.6747 reliable=185 spec=7.15 pop=1423
  mpx-70 diag: trials=7320000 micro=3051 pop_spec=6.86 spec_max=22 q_mean=0.597 q_max=1.000 q_above_half=887 marked=0.377 mark_density=0.906 exp_mean=2197.5 addr_spec=2.674 addr_random=0.588 addr_full=0.1223 correct=158
  mpx-70 cover: trials=7320000 overall=0.6747 a0_nochange=1.0000 a0_change=0.9828 a1_nochange=0.0166 a1_change=0.6992 matched_but_wrong=2
  mpx-70 qdetail: trials=7320000 a0nc_any=1.0000 a0nc_q=1.000 a0c_any=1.0000 a0c_q=1.000 a1nc_any=1.0000 a1nc_q=1.000 a1c_any=1.0000 a1c_q=1.000
  mpx-70 traj: trials=7380000 wall=6454s knowledge=0.6816 reliable=184 spec=7.12 pop=1672
  mpx-70 diag: trials=7380000 micro=3299 pop_spec=7.01 spec_max=22 q_mean=0.590 q_max=1.000 q_above_half=1013 marked=0.335 mark_density=0.905 exp_mean=1896.5 addr_spec=2.458 addr_random=0.601 addr_full=0.1077 correct=161
  mpx-70 cover: trials=7380000 overall=0.6816 a0_nochange=1.0000 a0_change=0.9912 a1_nochange=0.0166 a1_change=0.7185 matched_but_wrong=0
  mpx-70 qdetail: trials=7380000 a0nc_any=1.0000 a0nc_q=1.000 a0c_any=1.0000 a0c_q=1.000 a1nc_any=0.9021 a1nc_q=1.000 a1c_any=1.0000 a1c_q=1.000
  mpx-70 traj: trials=7440000 wall=6527s knowledge=0.6828 reliable=186 spec=7.09 pop=1440
  mpx-70 diag: trials=7440000 micro=3092 pop_spec=6.72 spec_max=22 q_mean=0.609 q_max=1.000 q_above_half=975 marked=0.386 mark_density=0.910 exp_mean=2229.4 addr_spec=2.737 addr_random=0.576 addr_full=0.1257 correct=161
  mpx-70 cover: trials=7440000 overall=0.6828 a0_nochange=1.0000 a0_change=0.9912 a1_nochange=0.0166 a1_change=0.7234 matched_but_wrong=0
  mpx-70 qdetail: trials=7440000 a0nc_any=1.0000 a0nc_q=1.000 a0c_any=1.0000 a0c_q=1.000 a1nc_any=0.8219 a1nc_q=1.000 a1c_any=1.0000 a1c_q=1.000
  mpx-70 traj: trials=7500000 wall=6571s knowledge=0.6842 reliable=184 spec=7.09 pop=2139
  mpx-70 diag: trials=7500000 micro=3819 pop_spec=6.27 spec_max=22 q_mean=0.568 q_max=1.000 q_above_half=1181 marked=0.397 mark_density=0.916 exp_mean=1522.4 addr_spec=2.027 addr_random=0.537 addr_full=0.0851 correct=161
  mpx-70 cover: trials=7500000 overall=0.6842 a0_nochange=1.0000 a0_change=0.9912 a1_nochange=0.0166 a1_change=0.7289 matched_but_wrong=0
  mpx-70 qdetail: trials=7500000 a0nc_any=1.0000 a0nc_q=1.000 a0c_any=1.0000 a0c_q=1.000 a1nc_any=0.7592 a1nc_q=1.000 a1c_any=1.0000 a1c_q=1.000
  mpx-70 traj: trials=7560000 wall=6624s knowledge=0.6857 reliable=190 spec=7.10 pop=1424
  mpx-70 diag: trials=7560000 micro=3091 pop_spec=6.61 spec_max=22 q_mean=0.597 q_max=1.000 q_above_half=918 marked=0.327 mark_density=0.911 exp_mean=2311.8 addr_spec=2.651 addr_random=0.566 addr_full=0.1285 correct=161
  mpx-70 cover: trials=7560000 overall=0.6857 a0_nochange=1.0000 a0_change=0.9912 a1_nochange=0.0166 a1_change=0.7349 matched_but_wrong=0
  mpx-70 qdetail: trials=7560000 a0nc_any=1.0000 a0nc_q=1.000 a0c_any=1.0000 a0c_q=1.000 a1nc_any=0.6916 a1nc_q=1.000 a1c_any=1.0000 a1c_q=1.000
  mpx-70 traj: trials=7620000 wall=6668s knowledge=0.6928 reliable=192 spec=7.10 pop=3817
  mpx-70 diag: trials=7620000 micro=5433 pop_spec=5.78 spec_max=22 q_mean=0.537 q_max=1.000 q_above_half=1735 marked=0.439 mark_density=0.926 exp_mean=876.6 addr_spec=1.201 addr_random=0.495 addr_full=0.0490 correct=163
  mpx-70 cover: trials=7620000 overall=0.6928 a0_nochange=1.0000 a0_change=1.0000 a1_nochange=0.0166 a1_change=0.7547 matched_but_wrong=0
  mpx-70 qdetail: trials=7620000 a0nc_any=1.0000 a0nc_q=1.000 a0c_any=1.0000 a0c_q=1.000 a1nc_any=0.9508 a1nc_q=1.000 a1c_any=1.0000 a1c_q=1.000
  mpx-70 traj: trials=7680000 wall=6734s knowledge=0.6906 reliable=196 spec=7.10 pop=1556
  mpx-70 diag: trials=7680000 micro=3205 pop_spec=6.96 spec_max=22 q_mean=0.594 q_max=1.000 q_above_half=961 marked=0.387 mark_density=0.904 exp_mean=2174.4 addr_spec=2.543 addr_random=0.597 addr_full=0.1138 correct=162
  mpx-70 cover: trials=7680000 overall=0.6906 a0_nochange=1.0000 a0_change=0.9952 a1_nochange=0.0166 a1_change=0.7507 matched_but_wrong=0
  mpx-70 qdetail: trials=7680000 a0nc_any=1.0000 a0nc_q=1.000 a0c_any=1.0000 a0c_q=1.000 a1nc_any=1.0000 a1nc_q=1.000 a1c_any=1.0000 a1c_q=1.000
  mpx-70 traj: trials=7740000 wall=6785s knowledge=0.6885 reliable=188 spec=7.11 pop=1601
  mpx-70 diag: trials=7740000 micro=3270 pop_spec=6.61 spec_max=22 q_mean=0.594 q_max=1.000 q_above_half=1019 marked=0.382 mark_density=0.911 exp_mean=2140.3 addr_spec=2.552 addr_random=0.567 addr_full=0.1099 correct=162
  mpx-70 cover: trials=7740000 overall=0.6885 a0_nochange=1.0000 a0_change=0.9912 a1_nochange=0.0166 a1_change=0.7462 matched_but_wrong=0
  mpx-70 qdetail: trials=7740000 a0nc_any=1.0000 a0nc_q=1.000 a0c_any=1.0000 a0c_q=1.000 a1nc_any=0.5330 a1nc_q=1.000 a1c_any=1.0000 a1c_q=1.000
  mpx-70 traj: trials=7800000 wall=6834s knowledge=0.6894 reliable=194 spec=7.11 pop=1401
  mpx-70 diag: trials=7800000 micro=3067 pop_spec=6.71 spec_max=22 q_mean=0.606 q_max=1.000 q_above_half=942 marked=0.377 mark_density=0.909 exp_mean=2476.1 addr_spec=2.649 addr_random=0.575 addr_full=0.1263 correct=162
  mpx-70 cover: trials=7800000 overall=0.6894 a0_nochange=1.0000 a0_change=0.9912 a1_nochange=0.0166 a1_change=0.7495 matched_but_wrong=181
  mpx-70 qdetail: trials=7800000 a0nc_any=1.0000 a0nc_q=1.000 a0c_any=1.0000 a0c_q=1.000 a1nc_any=0.7743 a1nc_q=1.000 a1c_any=1.0000 a1c_q=1.000
  mpx-70 traj: trials=7860000 wall=6908s knowledge=0.6941 reliable=191 spec=7.10 pop=1537
  mpx-70 diag: trials=7860000 micro=3214 pop_spec=6.90 spec_max=22 q_mean=0.598 q_max=1.000 q_above_half=960 marked=0.345 mark_density=0.906 exp_mean=2285.1 addr_spec=2.426 addr_random=0.591 addr_full=0.1184 correct=164
  mpx-70 cover: trials=7860000 overall=0.6941 a0_nochange=1.0000 a0_change=0.9912 a1_nochange=0.0166 a1_change=0.7686 matched_but_wrong=0
  mpx-70 qdetail: trials=7860000 a0nc_any=1.0000 a0nc_q=1.000 a0c_any=1.0000 a0c_q=1.000 a1nc_any=0.6928 a1nc_q=1.000 a1c_any=1.0000 a1c_q=1.000
  mpx-70 traj: trials=7920000 wall=6975s knowledge=0.6962 reliable=190 spec=7.12 pop=3477
  mpx-70 diag: trials=7920000 micro=5193 pop_spec=6.58 spec_max=22 q_mean=0.565 q_max=1.000 q_above_half=2081 marked=0.243 mark_density=0.913 exp_mean=1023.9 addr_spec=1.461 addr_random=0.564 addr_full=0.0544 correct=164
  mpx-70 cover: trials=7920000 overall=0.6962 a0_nochange=1.0000 a0_change=0.9912 a1_nochange=0.0166 a1_change=0.7768 matched_but_wrong=0
  mpx-70 qdetail: trials=7920000 a0nc_any=1.0000 a0nc_q=1.000 a0c_any=1.0000 a0c_q=1.000 a1nc_any=0.8697 a1nc_q=1.000 a1c_any=1.0000 a1c_q=1.000
  mpx-70 traj: trials=7980000 wall=7044s knowledge=0.7009 reliable=201 spec=7.13 pop=1326
  mpx-70 diag: trials=7980000 micro=2993 pop_spec=6.75 spec_max=22 q_mean=0.615 q_max=1.000 q_above_half=847 marked=0.363 mark_density=0.909 exp_mean=2696.4 addr_spec=3.084 addr_random=0.579 addr_full=0.1425 correct=164
  mpx-70 cover: trials=7980000 overall=0.7009 a0_nochange=1.0000 a0_change=0.9962 a1_nochange=0.0320 a1_change=0.7752 matched_but_wrong=17
  mpx-70 qdetail: trials=7980000 a0nc_any=1.0000 a0nc_q=1.000 a0c_any=1.0000 a0c_q=1.000 a1nc_any=0.7475 a1nc_q=1.000 a1c_any=1.0000 a1c_q=1.000
  mpx-70 traj: trials=8040000 wall=7093s knowledge=0.7039 reliable=198 spec=7.10 pop=1352
  mpx-70 diag: trials=8040000 micro=3027 pop_spec=6.68 spec_max=22 q_mean=0.621 q_max=1.000 q_above_half=958 marked=0.382 mark_density=0.911 exp_mean=2678.5 addr_spec=2.771 addr_random=0.572 addr_full=0.1561 correct=166
  mpx-70 cover: trials=8040000 overall=0.7039 a0_nochange=1.0000 a0_change=0.9961 a1_nochange=0.0320 a1_change=0.7875 matched_but_wrong=0
  mpx-70 qdetail: trials=8040000 a0nc_any=1.0000 a0nc_q=1.000 a0c_any=1.0000 a0c_q=1.000 a1nc_any=1.0000 a1nc_q=1.000 a1c_any=1.0000 a1c_q=1.000
  mpx-70 traj: trials=8100000 wall=7143s knowledge=0.6992 reliable=194 spec=7.13 pop=1508
  mpx-70 diag: trials=8100000 micro=3184 pop_spec=6.70 spec_max=22 q_mean=0.610 q_max=1.000 q_above_half=1020 marked=0.354 mark_density=0.910 exp_mean=2420.0 addr_spec=2.651 addr_random=0.574 addr_full=0.1227 correct=165
  mpx-70 cover: trials=8100000 overall=0.6992 a0_nochange=1.0000 a0_change=0.9958 a1_nochange=0.0242 a1_change=0.7767 matched_but_wrong=0
  mpx-70 qdetail: trials=8100000 a0nc_any=1.0000 a0nc_q=1.000 a0c_any=1.0000 a0c_q=1.000 a1nc_any=0.9490 a1nc_q=1.000 a1c_any=1.0000 a1c_q=1.000
  mpx-70 traj: trials=8160000 wall=7218s knowledge=0.7001 reliable=196 spec=7.12 pop=1667
  mpx-70 diag: trials=8160000 micro=3319 pop_spec=6.24 spec_max=22 q_mean=0.596 q_max=1.000 q_above_half=1075 marked=0.346 mark_density=0.918 exp_mean=2216.9 addr_spec=2.317 addr_random=0.535 addr_full=0.1122 correct=166
  mpx-70 cover: trials=8160000 overall=0.7001 a0_nochange=1.0000 a0_change=1.0000 a1_nochange=0.0242 a1_change=0.7763 matched_but_wrong=0
  mpx-70 qdetail: trials=8160000 a0nc_any=1.0000 a0nc_q=1.000 a0c_any=1.0000 a0c_q=1.000 a1nc_any=1.0000 a1nc_q=1.000 a1c_any=1.0000 a1c_q=1.000
  mpx-70 traj: trials=8220000 wall=7262s knowledge=0.7037 reliable=196 spec=7.16 pop=1299
  mpx-70 diag: trials=8220000 micro=2953 pop_spec=6.85 spec_max=22 q_mean=0.616 q_max=1.000 q_above_half=910 marked=0.341 mark_density=0.907 exp_mean=2878.5 addr_spec=2.742 addr_random=0.587 addr_full=0.1416 correct=167
  mpx-70 cover: trials=8220000 overall=0.7037 a0_nochange=1.0000 a0_change=1.0000 a1_nochange=0.0242 a1_change=0.7905 matched_but_wrong=0
  mpx-70 qdetail: trials=8220000 a0nc_any=1.0000 a0nc_q=1.000 a0c_any=1.0000 a0c_q=1.000 a1nc_any=0.3548 a1nc_q=1.000 a1c_any=1.0000 a1c_q=1.000
  mpx-70 traj: trials=8280000 wall=7320s knowledge=0.7013 reliable=195 spec=7.17 pop=1436
  mpx-70 diag: trials=8280000 micro=3116 pop_spec=6.75 spec_max=22 q_mean=0.598 q_max=1.000 q_above_half=918 marked=0.353 mark_density=0.909 exp_mean=2635.7 addr_spec=2.434 addr_random=0.579 addr_full=0.1281 correct=167
  mpx-70 cover: trials=8280000 overall=0.7013 a0_nochange=1.0000 a0_change=1.0000 a1_nochange=0.0251 a1_change=0.7800 matched_but_wrong=45
  mpx-70 qdetail: trials=8280000 a0nc_any=1.0000 a0nc_q=1.000 a0c_any=1.0000 a0c_q=1.000 a1nc_any=1.0000 a1nc_q=1.000 a1c_any=1.0000 a1c_q=1.000
  mpx-70 traj: trials=8340000 wall=7379s knowledge=0.6974 reliable=193 spec=7.16 pop=3111
  mpx-70 diag: trials=8340000 micro=4841 pop_spec=6.37 spec_max=22 q_mean=0.565 q_max=1.000 q_above_half=1911 marked=0.323 mark_density=0.915 exp_mean=1218.9 addr_spec=1.589 addr_random=0.546 addr_full=0.0601 correct=166
  mpx-70 cover: trials=8340000 overall=0.6974 a0_nochange=1.0000 a0_change=1.0000 a1_nochange=0.0205 a1_change=0.7692 matched_but_wrong=0
  mpx-70 qdetail: trials=8340000 a0nc_any=1.0000 a0nc_q=1.000 a0c_any=1.0000 a0c_q=1.000 a1nc_any=0.8450 a1nc_q=1.000 a1c_any=1.0000 a1c_q=1.000
  mpx-70 traj: trials=8400000 wall=7435s knowledge=0.7005 reliable=189 spec=7.19 pop=2528
  mpx-70 diag: trials=8400000 micro=4218 pop_spec=6.91 spec_max=22 q_mean=0.568 q_max=1.000 q_above_half=1485 marked=0.312 mark_density=0.909 exp_mean=1505.2 addr_spec=1.731 addr_random=0.592 addr_full=0.0744 correct=167
  mpx-70 cover: trials=8400000 overall=0.7005 a0_nochange=1.0000 a0_change=1.0000 a1_nochange=0.0205 a1_change=0.7816 matched_but_wrong=2
  mpx-70 qdetail: trials=8400000 a0nc_any=1.0000 a0nc_q=1.000 a0c_any=1.0000 a0c_q=1.000 a1nc_any=0.8057 a1nc_q=1.000 a1c_any=1.0000 a1c_q=1.000
  mpx-70 traj: trials=8460000 wall=7493s knowledge=0.7028 reliable=194 spec=7.15 pop=1389
  mpx-70 diag: trials=8460000 micro=3071 pop_spec=6.67 spec_max=22 q_mean=0.602 q_max=1.000 q_above_half=912 marked=0.364 mark_density=0.909 exp_mean=2770.7 addr_spec=2.871 addr_random=0.572 addr_full=0.1425 correct=168
  mpx-70 cover: trials=8460000 overall=0.7028 a0_nochange=1.0000 a0_change=1.0000 a1_nochange=0.0239 a1_change=0.7873 matched_but_wrong=0
  mpx-70 qdetail: trials=8460000 a0nc_any=1.0000 a0nc_q=1.000 a0c_any=1.0000 a0c_q=1.000 a1nc_any=0.6064 a1nc_q=1.000 a1c_any=1.0000 a1c_q=1.000
  mpx-70 traj: trials=8520000 wall=7526s knowledge=0.7077 reliable=195 spec=7.16 pop=1406
  mpx-70 diag: trials=8520000 micro=3090 pop_spec=6.76 spec_max=22 q_mean=0.612 q_max=1.000 q_above_half=936 marked=0.346 mark_density=0.909 exp_mean=2769.9 addr_spec=2.606 addr_random=0.579 addr_full=0.1337 correct=169
  mpx-70 cover: trials=8520000 overall=0.7077 a0_nochange=1.0000 a0_change=1.0000 a1_nochange=0.0239 a1_change=0.8068 matched_but_wrong=0
  mpx-70 qdetail: trials=8520000 a0nc_any=1.0000 a0nc_q=1.000 a0c_any=1.0000 a0c_q=1.000 a1nc_any=0.6683 a1nc_q=1.000 a1c_any=1.0000 a1c_q=1.000
  mpx-70 traj: trials=8580000 wall=7586s knowledge=0.7078 reliable=200 spec=7.16 pop=1500
  mpx-70 diag: trials=8580000 micro=3194 pop_spec=6.56 spec_max=22 q_mean=0.591 q_max=1.000 q_above_half=874 marked=0.383 mark_density=0.914 exp_mean=2627.1 addr_spec=2.672 addr_random=0.562 addr_full=0.1307 correct=169
  mpx-70 cover: trials=8580000 overall=0.7078 a0_nochange=1.0000 a0_change=1.0000 a1_nochange=0.0396 a1_change=0.7917 matched_but_wrong=0
  mpx-70 qdetail: trials=8580000 a0nc_any=1.0000 a0nc_q=1.000 a0c_any=1.0000 a0c_q=1.000 a1nc_any=0.9856 a1nc_q=1.000 a1c_any=1.0000 a1c_q=1.000
  mpx-70 traj: trials=8640000 wall=7636s knowledge=0.7078 reliable=195 spec=7.20 pop=1255
  mpx-70 diag: trials=8640000 micro=2961 pop_spec=6.54 spec_max=22 q_mean=0.619 q_max=1.000 q_above_half=855 marked=0.327 mark_density=0.911 exp_mean=3175.7 addr_spec=2.863 addr_random=0.560 addr_full=0.1450 correct=169
  mpx-70 cover: trials=8640000 overall=0.7078 a0_nochange=1.0000 a0_change=1.0000 a1_nochange=0.0396 a1_change=0.7917 matched_but_wrong=41
  mpx-70 qdetail: trials=8640000 a0nc_any=1.0000 a0nc_q=1.000 a0c_any=1.0000 a0c_q=1.000 a1nc_any=1.0000 a1nc_q=1.000 a1c_any=1.0000 a1c_q=1.000
  mpx-70 traj: trials=8700000 wall=7687s knowledge=0.7060 reliable=196 spec=7.15 pop=5996
  mpx-70 diag: trials=8700000 micro=7680 pop_spec=6.16 spec_max=22 q_mean=0.549 q_max=1.000 q_above_half=3519 marked=0.323 mark_density=0.920 exp_mean=673.4 addr_spec=0.924 addr_random=0.528 addr_full=0.0317 correct=169
  mpx-70 cover: trials=8700000 overall=0.7060 a0_nochange=1.0000 a0_change=1.0000 a1_nochange=0.0309 a1_change=0.7929 matched_but_wrong=0
  mpx-70 qdetail: trials=8700000 a0nc_any=1.0000 a0nc_q=1.000 a0c_any=1.0000 a0c_q=1.000 a1nc_any=0.9035 a1nc_q=1.000 a1c_any=1.0000 a1c_q=1.000
  mpx-70 traj: trials=8760000 wall=7747s knowledge=0.7063 reliable=196 spec=7.15 pop=1454
  mpx-70 diag: trials=8760000 micro=3160 pop_spec=6.73 spec_max=22 q_mean=0.594 q_max=1.000 q_above_half=890 marked=0.356 mark_density=0.908 exp_mean=2798.8 addr_spec=2.525 addr_random=0.577 addr_full=0.1272 correct=168
  mpx-70 cover: trials=8760000 overall=0.7063 a0_nochange=1.0000 a0_change=1.0000 a1_nochange=0.0395 a1_change=0.7857 matched_but_wrong=0
  mpx-70 qdetail: trials=8760000 a0nc_any=1.0000 a0nc_q=1.000 a0c_any=1.0000 a0c_q=1.000 a1nc_any=1.0000 a1nc_q=1.000 a1c_any=1.0000 a1c_q=1.000
  mpx-70 traj: trials=8820000 wall=7794s knowledge=0.7099 reliable=196 spec=7.15 pop=1312
  mpx-70 diag: trials=8820000 micro=3004 pop_spec=6.67 spec_max=22 q_mean=0.607 q_max=1.000 q_above_half=834 marked=0.359 mark_density=0.910 exp_mean=3136.4 addr_spec=2.956 addr_random=0.572 addr_full=0.1441 correct=169
  mpx-70 cover: trials=8820000 overall=0.7099 a0_nochange=1.0000 a0_change=1.0000 a1_nochange=0.0480 a1_change=0.7917 matched_but_wrong=0
  mpx-70 qdetail: trials=8820000 a0nc_any=1.0000 a0nc_q=1.000 a0c_any=1.0000 a0c_q=1.000 a1nc_any=1.0000 a1nc_q=1.000 a1c_any=1.0000 a1c_q=1.000
  mpx-70 traj: trials=8880000 wall=7844s knowledge=0.7099 reliable=191 spec=7.16 pop=1277
  mpx-70 diag: trials=8880000 micro=2985 pop_spec=6.72 spec_max=22 q_mean=0.617 q_max=1.000 q_above_half=862 marked=0.345 mark_density=0.907 exp_mean=3232.4 addr_spec=2.999 addr_random=0.576 addr_full=0.1472 correct=170
  mpx-70 cover: trials=8880000 overall=0.7099 a0_nochange=1.0000 a0_change=1.0000 a1_nochange=0.0480 a1_change=0.7917 matched_but_wrong=0
  mpx-70 qdetail: trials=8880000 a0nc_any=1.0000 a0nc_q=1.000 a0c_any=1.0000 a0c_q=1.000 a1nc_any=0.3827 a1nc_q=1.000 a1c_any=1.0000 a1c_q=1.000
  mpx-70 traj: trials=8940000 wall=7893s knowledge=0.7157 reliable=199 spec=7.15 pop=1701
  mpx-70 diag: trials=8940000 micro=3442 pop_spec=6.79 spec_max=22 q_mean=0.599 q_max=1.000 q_above_half=1115 marked=0.332 mark_density=0.908 exp_mean=2453.6 addr_spec=2.155 addr_random=0.582 addr_full=0.1052 correct=170
  mpx-70 cover: trials=8940000 overall=0.7157 a0_nochange=1.0000 a0_change=1.0000 a1_nochange=0.0640 a1_change=0.7988 matched_but_wrong=8
  mpx-70 qdetail: trials=8940000 a0nc_any=1.0000 a0nc_q=1.000 a0c_any=1.0000 a0c_q=1.000 a1nc_any=0.8009 a1nc_q=1.000 a1c_any=1.0000 a1c_q=1.000
  mpx-70 traj: trials=9000000 wall=7938s knowledge=0.7177 reliable=194 spec=7.12 pop=1407
  mpx-70 diag: trials=9000000 micro=3122 pop_spec=6.45 spec_max=22 q_mean=0.607 q_max=1.000 q_above_half=961 marked=0.345 mark_density=0.914 exp_mean=2998.5 addr_spec=2.544 addr_random=0.553 addr_full=0.1322 correct=170
  mpx-70 cover: trials=9000000 overall=0.7177 a0_nochange=1.0000 a0_change=1.0000 a1_nochange=0.0640 a1_change=0.8066 matched_but_wrong=0
  mpx-70 qdetail: trials=9000000 a0nc_any=1.0000 a0nc_q=1.000 a0c_any=1.0000 a0c_q=1.000 a1nc_any=0.7931 a1nc_q=1.000 a1c_any=1.0000 a1c_q=1.000
  mpx-70 traj: trials=9060000 wall=7985s knowledge=0.7183 reliable=195 spec=7.13 pop=1357
  mpx-70 diag: trials=9060000 micro=3065 pop_spec=6.49 spec_max=22 q_mean=0.606 q_max=1.000 q_above_half=875 marked=0.312 mark_density=0.914 exp_mean=3142.3 addr_spec=2.554 addr_random=0.556 addr_full=0.1363 correct=170
  mpx-70 cover: trials=9060000 overall=0.7183 a0_nochange=1.0000 a0_change=1.0000 a1_nochange=0.0553 a1_change=0.8180 matched_but_wrong=0
  mpx-70 qdetail: trials=9060000 a0nc_any=1.0000 a0nc_q=1.000 a0c_any=1.0000 a0c_q=1.000 a1nc_any=1.0000 a1nc_q=1.000 a1c_any=1.0000 a1c_q=1.000
  mpx-70 traj: trials=9120000 wall=8043s knowledge=0.7190 reliable=195 spec=7.12 pop=1161
  mpx-70 diag: trials=9120000 micro=2889 pop_spec=6.52 spec_max=22 q_mean=0.613 q_max=1.000 q_above_half=764 marked=0.320 mark_density=0.912 exp_mean=3712.7 addr_spec=3.198 addr_random=0.559 addr_full=0.1628 correct=170
  mpx-70 cover: trials=9120000 overall=0.7190 a0_nochange=1.0000 a0_change=1.0000 a1_nochange=0.0622 a1_change=0.8138 matched_but_wrong=0
  mpx-70 qdetail: trials=9120000 a0nc_any=1.0000 a0nc_q=1.000 a0c_any=1.0000 a0c_q=1.000 a1nc_any=1.0000 a1nc_q=1.000 a1c_any=1.0000 a1c_q=1.000
  mpx-70 traj: trials=9180000 wall=8109s knowledge=0.7193 reliable=196 spec=7.13 pop=1373
  mpx-70 diag: trials=9180000 micro=3089 pop_spec=6.47 spec_max=22 q_mean=0.596 q_max=1.000 q_above_half=858 marked=0.387 mark_density=0.914 exp_mean=3173.5 addr_spec=2.738 addr_random=0.555 addr_full=0.1413 correct=171
  mpx-70 cover: trials=9180000 overall=0.7193 a0_nochange=1.0000 a0_change=1.0000 a1_nochange=0.0622 a1_change=0.8148 matched_but_wrong=15
  mpx-70 qdetail: trials=9180000 a0nc_any=1.0000 a0nc_q=1.000 a0c_any=1.0000 a0c_q=1.000 a1nc_any=1.0000 a1nc_q=1.000 a1c_any=1.0000 a1c_q=1.000
  mpx-70 traj: trials=9240000 wall=8161s knowledge=0.7223 reliable=196 spec=7.09 pop=1527
  mpx-70 diag: trials=9240000 micro=3241 pop_spec=6.57 spec_max=22 q_mean=0.599 q_max=1.000 q_above_half=998 marked=0.327 mark_density=0.911 exp_mean=2883.1 addr_spec=2.574 addr_random=0.563 addr_full=0.1218 correct=171
  mpx-70 cover: trials=9240000 overall=0.7223 a0_nochange=1.0000 a0_change=1.0000 a1_nochange=0.0753 a1_change=0.8138 matched_but_wrong=0
  mpx-70 qdetail: trials=9240000 a0nc_any=1.0000 a0nc_q=1.000 a0c_any=1.0000 a0c_q=1.000 a1nc_any=0.7146 a1nc_q=1.000 a1c_any=1.0000 a1c_q=1.000
  mpx-70 traj: trials=9300000 wall=8209s knowledge=0.7215 reliable=196 spec=7.09 pop=1438
  mpx-70 diag: trials=9300000 micro=3170 pop_spec=6.85 spec_max=22 q_mean=0.608 q_max=1.000 q_above_half=943 marked=0.360 mark_density=0.908 exp_mean=3068.0 addr_spec=2.549 addr_random=0.587 addr_full=0.1266 correct=170
  mpx-70 cover: trials=9300000 overall=0.7215 a0_nochange=1.0000 a0_change=1.0000 a1_nochange=0.0721 a1_change=0.8138 matched_but_wrong=0
  mpx-70 qdetail: trials=9300000 a0nc_any=1.0000 a0nc_q=1.000 a0c_any=1.0000 a0c_q=1.000 a1nc_any=1.0000 a1nc_q=1.000 a1c_any=1.0000 a1c_q=1.000
  mpx-70 traj: trials=9360000 wall=8241s knowledge=0.7229 reliable=200 spec=7.12 pop=1386
  mpx-70 diag: trials=9360000 micro=3144 pop_spec=6.58 spec_max=22 q_mean=0.610 q_max=1.000 q_above_half=908 marked=0.343 mark_density=0.909 exp_mean=3214.6 addr_spec=3.012 addr_random=0.564 addr_full=0.1436 correct=172
  mpx-70 cover: trials=9360000 overall=0.7229 a0_nochange=1.0000 a0_change=1.0000 a1_nochange=0.0728 a1_change=0.8186 matched_but_wrong=45
  mpx-70 qdetail: trials=9360000 a0nc_any=1.0000 a0nc_q=1.000 a0c_any=1.0000 a0c_q=1.000 a1nc_any=0.5175 a1nc_q=1.000 a1c_any=1.0000 a1c_q=1.000
  mpx-70 traj: trials=9420000 wall=8281s knowledge=0.7241 reliable=195 spec=7.14 pop=1354
  mpx-70 diag: trials=9420000 micro=3095 pop_spec=6.70 spec_max=22 q_mean=0.610 q_max=1.000 q_above_half=925 marked=0.314 mark_density=0.909 exp_mean=3322.2 addr_spec=2.848 addr_random=0.574 addr_full=0.1507 correct=173
  mpx-70 cover: trials=9420000 overall=0.7241 a0_nochange=1.0000 a0_change=1.0000 a1_nochange=0.0728 a1_change=0.8233 matched_but_wrong=0
  mpx-70 qdetail: trials=9420000 a0nc_any=1.0000 a0nc_q=1.000 a0c_any=1.0000 a0c_q=1.000 a1nc_any=0.5014 a1nc_q=1.000 a1c_any=1.0000 a1c_q=1.000
  mpx-70 traj: trials=9480000 wall=8324s knowledge=0.7281 reliable=196 spec=7.14 pop=1235
  mpx-70 diag: trials=9480000 micro=2949 pop_spec=6.66 spec_max=22 q_mean=0.620 q_max=1.000 q_above_half=853 marked=0.327 mark_density=0.909 exp_mean=3679.8 addr_spec=3.240 addr_random=0.571 addr_full=0.1547 correct=172
  mpx-70 cover: trials=9480000 overall=0.7281 a0_nochange=1.0000 a0_change=1.0000 a1_nochange=0.0888 a1_change=0.8237 matched_but_wrong=0
  mpx-70 qdetail: trials=9480000 a0nc_any=1.0000 a0nc_q=1.000 a0c_any=1.0000 a0c_q=1.000 a1nc_any=0.3350 a1nc_q=1.000 a1c_any=0.9999 a1c_q=1.000
  mpx-70 traj: trials=9540000 wall=8376s knowledge=0.7300 reliable=201 spec=7.14 pop=1672
  mpx-70 diag: trials=9540000 micro=3411 pop_spec=6.80 spec_max=22 q_mean=0.584 q_max=1.000 q_above_half=935 marked=0.331 mark_density=0.909 exp_mean=2746.8 addr_spec=2.397 addr_random=0.583 addr_full=0.1172 correct=172
  mpx-70 cover: trials=9540000 overall=0.7300 a0_nochange=1.0000 a0_change=1.0000 a1_nochange=0.0928 a1_change=0.8271 matched_but_wrong=0
  mpx-70 qdetail: trials=9540000 a0nc_any=1.0000 a0nc_q=1.000 a0c_any=1.0000 a0c_q=1.000 a1nc_any=1.0000 a1nc_q=1.000 a1c_any=1.0000 a1c_q=1.000
  mpx-70 traj: trials=9600000 wall=8445s knowledge=0.7359 reliable=201 spec=7.13 pop=1213
  mpx-70 diag: trials=9600000 micro=2990 pop_spec=6.63 spec_max=22 q_mean=0.616 q_max=1.000 q_above_half=800 marked=0.317 mark_density=0.909 exp_mean=3823.9 addr_spec=3.128 addr_random=0.569 addr_full=0.1657 correct=174
  mpx-70 cover: trials=9600000 overall=0.7359 a0_nochange=1.0000 a0_change=1.0000 a1_nochange=0.0968 a1_change=0.8468 matched_but_wrong=0
  mpx-70 qdetail: trials=9600000 a0nc_any=1.0000 a0nc_q=1.000 a0c_any=1.0000 a0c_q=1.000 a1nc_any=0.2745 a1nc_q=1.000 a1c_any=1.0000 a1c_q=1.000
  mpx-70 traj: trials=9660000 wall=8491s knowledge=0.7405 reliable=209 spec=7.16 pop=1346
  mpx-70 diag: trials=9660000 micro=3085 pop_spec=6.75 spec_max=22 q_mean=0.614 q_max=1.000 q_above_half=870 marked=0.336 mark_density=0.908 exp_mean=3482.5 addr_spec=2.990 addr_random=0.579 addr_full=0.1478 correct=175
  mpx-70 cover: trials=9660000 overall=0.7405 a0_nochange=1.0000 a0_change=1.0000 a1_nochange=0.1071 a1_change=0.8550 matched_but_wrong=0
  mpx-70 qdetail: trials=9660000 a0nc_any=1.0000 a0nc_q=1.000 a0c_any=1.0000 a0c_q=1.000 a1nc_any=1.0000 a1nc_q=1.000 a1c_any=1.0000 a1c_q=1.000
  mpx-70 traj: trials=9720000 wall=8550s knowledge=0.7407 reliable=209 spec=7.13 pop=1223
  mpx-70 diag: trials=9720000 micro=2998 pop_spec=6.72 spec_max=22 q_mean=0.617 q_max=1.000 q_above_half=804 marked=0.316 mark_density=0.906 exp_mean=3870.5 addr_spec=3.345 addr_random=0.576 addr_full=0.1652 correct=175
  mpx-70 cover: trials=9720000 overall=0.7407 a0_nochange=1.0000 a0_change=1.0000 a1_nochange=0.1085 a1_change=0.8542 matched_but_wrong=0
  mpx-70 qdetail: trials=9720000 a0nc_any=1.0000 a0nc_q=1.000 a0c_any=1.0000 a0c_q=1.000 a1nc_any=0.5492 a1nc_q=1.000 a1c_any=1.0000 a1c_q=1.000
  mpx-70 traj: trials=9780000 wall=8599s knowledge=0.7449 reliable=210 spec=7.11 pop=1230
  mpx-70 diag: trials=9780000 micro=2999 pop_spec=6.57 spec_max=22 q_mean=0.610 q_max=1.000 q_above_half=742 marked=0.346 mark_density=0.910 exp_mean=3885.0 addr_spec=2.981 addr_random=0.564 addr_full=0.1610 correct=175
  mpx-70 cover: trials=9780000 overall=0.7449 a0_nochange=1.0000 a0_change=1.0000 a1_nochange=0.1231 a1_change=0.8564 matched_but_wrong=0
  mpx-70 qdetail: trials=9780000 a0nc_any=1.0000 a0nc_q=1.000 a0c_any=1.0000 a0c_q=1.000 a1nc_any=0.6562 a1nc_q=1.000 a1c_any=1.0000 a1c_q=1.000
  mpx-70 traj: trials=9840000 wall=8644s knowledge=0.7396 reliable=200 spec=7.11 pop=1277
  mpx-70 diag: trials=9840000 micro=3080 pop_spec=6.47 spec_max=22 q_mean=0.609 q_max=1.000 q_above_half=849 marked=0.326 mark_density=0.914 exp_mean=3777.9 addr_spec=2.971 addr_random=0.555 addr_full=0.1519 correct=175
  mpx-70 cover: trials=9840000 overall=0.7396 a0_nochange=1.0000 a0_change=1.0000 a1_nochange=0.1196 a1_change=0.8385 matched_but_wrong=0
  mpx-70 qdetail: trials=9840000 a0nc_any=1.0000 a0nc_q=1.000 a0c_any=1.0000 a0c_q=1.000 a1nc_any=0.5123 a1nc_q=1.000 a1c_any=1.0000 a1c_q=1.000
  mpx-70 traj: trials=9900000 wall=8698s knowledge=0.7378 reliable=199 spec=7.11 pop=1330
  mpx-70 diag: trials=9900000 micro=3060 pop_spec=6.73 spec_max=22 q_mean=0.619 q_max=1.000 q_above_half=890 marked=0.320 mark_density=0.909 exp_mean=3662.0 addr_spec=2.868 addr_random=0.576 addr_full=0.1436 correct=174
  mpx-70 cover: trials=9900000 overall=0.7378 a0_nochange=1.0000 a0_change=1.0000 a1_nochange=0.1125 a1_change=0.8385 matched_but_wrong=0
  mpx-70 qdetail: trials=9900000 a0nc_any=1.0000 a0nc_q=1.000 a0c_any=1.0000 a0c_q=1.000 a1nc_any=1.0000 a1nc_q=1.000 a1c_any=1.0000 a1c_q=1.000
  mpx-70 traj: trials=9960000 wall=8737s knowledge=0.7459 reliable=203 spec=7.11 pop=1683
  mpx-70 diag: trials=9960000 micro=3448 pop_spec=6.41 spec_max=22 q_mean=0.588 q_max=1.000 q_above_half=995 marked=0.353 mark_density=0.913 exp_mean=2922.8 addr_spec=2.360 addr_random=0.550 addr_full=0.1147 correct=176
  mpx-70 cover: trials=9960000 overall=0.7459 a0_nochange=1.0000 a0_change=1.0000 a1_nochange=0.1449 a1_change=0.8385 matched_but_wrong=0
  mpx-70 qdetail: trials=9960000 a0nc_any=1.0000 a0nc_q=1.000 a0c_any=1.0000 a0c_q=1.000 a1nc_any=0.8904 a1nc_q=1.000 a1c_any=1.0000 a1c_q=1.000
  mpx-70 traj: trials=10020000 wall=8773s knowledge=0.7491 reliable=206 spec=7.13 pop=1546
  mpx-70 diag: trials=10020000 micro=3352 pop_spec=6.18 spec_max=22 q_mean=0.597 q_max=1.000 q_above_half=934 marked=0.393 mark_density=0.920 exp_mean=3213.0 addr_spec=2.817 addr_random=0.529 addr_full=0.1216 correct=176
  mpx-70 cover: trials=10020000 overall=0.7491 a0_nochange=1.0000 a0_change=1.0000 a1_nochange=0.1531 a1_change=0.8432 matched_but_wrong=29
  mpx-70 qdetail: trials=10020000 a0nc_any=1.0000 a0nc_q=1.000 a0c_any=1.0000 a0c_q=1.000 a1nc_any=0.9659 a1nc_q=1.000 a1c_any=1.0000 a1c_q=1.000
  mpx-70 traj: trials=10080000 wall=8811s knowledge=0.7524 reliable=209 spec=7.13 pop=1344
  mpx-70 diag: trials=10080000 micro=3114 pop_spec=6.74 spec_max=22 q_mean=0.615 q_max=1.000 q_above_half=864 marked=0.324 mark_density=0.905 exp_mean=3729.7 addr_spec=3.058 addr_random=0.578 addr_full=0.1548 correct=177
  mpx-70 cover: trials=10080000 overall=0.7524 a0_nochange=1.0000 a0_change=1.0000 a1_nochange=0.1637 a1_change=0.8460 matched_but_wrong=0
  mpx-70 qdetail: trials=10080000 a0nc_any=1.0000 a0nc_q=1.000 a0c_any=1.0000 a0c_q=1.000 a1nc_any=1.0000 a1nc_q=1.000 a1c_any=1.0000 a1c_q=1.000
  mpx-70 traj: trials=10140000 wall=8850s knowledge=0.7553 reliable=212 spec=7.12 pop=1158
  mpx-70 diag: trials=10140000 micro=2996 pop_spec=6.48 spec_max=22 q_mean=0.617 q_max=1.000 q_above_half=737 marked=0.330 mark_density=0.910 exp_mean=4369.5 addr_spec=3.045 addr_random=0.556 addr_full=0.1693 correct=178
  mpx-70 cover: trials=10140000 overall=0.7553 a0_nochange=1.0000 a0_change=1.0000 a1_nochange=0.1753 a1_change=0.8460 matched_but_wrong=0
  mpx-70 qdetail: trials=10140000 a0nc_any=1.0000 a0nc_q=1.000 a0c_any=1.0000 a0c_q=1.000 a1nc_any=0.5000 a1nc_q=1.000 a1c_any=1.0000 a1c_q=1.000
  mpx-70 traj: trials=10200000 wall=8877s knowledge=0.7565 reliable=212 spec=7.11 pop=1234
  mpx-70 diag: trials=10200000 micro=3034 pop_spec=6.60 spec_max=22 q_mean=0.626 q_max=1.000 q_above_half=856 marked=0.335 mark_density=0.910 exp_mean=4140.1 addr_spec=3.124 addr_random=0.566 addr_full=0.1564 correct=179
  mpx-70 cover: trials=10200000 overall=0.7565 a0_nochange=1.0000 a0_change=1.0000 a1_nochange=0.1751 a1_change=0.8509 matched_but_wrong=0
  mpx-70 qdetail: trials=10200000 a0nc_any=1.0000 a0nc_q=1.000 a0c_any=1.0000 a0c_q=1.000 a1nc_any=0.4875 a1nc_q=1.000 a1c_any=0.9999 a1c_q=1.000
  mpx-70 traj: trials=10260000 wall=8915s knowledge=0.7641 reliable=213 spec=7.12 pop=1241
  mpx-70 diag: trials=10260000 micro=3054 pop_spec=6.47 spec_max=22 q_mean=0.619 q_max=1.000 q_above_half=808 marked=0.344 mark_density=0.912 exp_mean=4154.6 addr_spec=3.388 addr_random=0.555 addr_full=0.1676 correct=180
  mpx-70 cover: trials=10260000 overall=0.7641 a0_nochange=1.0000 a0_change=1.0000 a1_nochange=0.2031 a1_change=0.8534 matched_but_wrong=0
  mpx-70 qdetail: trials=10260000 a0nc_any=1.0000 a0nc_q=1.000 a0c_any=1.0000 a0c_q=1.000 a1nc_any=1.0000 a1nc_q=1.000 a1c_any=0.9998 a1c_q=1.000
  mpx-70 traj: trials=10320000 wall=8951s knowledge=0.7714 reliable=217 spec=7.15 pop=1378
  mpx-70 diag: trials=10320000 micro=3188 pop_spec=6.81 spec_max=22 q_mean=0.615 q_max=1.000 q_above_half=914 marked=0.356 mark_density=0.906 exp_mean=3745.0 addr_spec=2.956 addr_random=0.584 addr_full=0.1502 correct=182
  mpx-70 cover: trials=10320000 overall=0.7714 a0_nochange=1.0000 a0_change=1.0000 a1_nochange=0.2246 a1_change=0.8611 matched_but_wrong=0
  mpx-70 qdetail: trials=10320000 a0nc_any=1.0000 a0nc_q=1.000 a0c_any=1.0000 a0c_q=1.000 a1nc_any=1.0000 a1nc_q=1.000 a1c_any=1.0000 a1c_q=1.000
  mpx-70 traj: trials=10380000 wall=8980s knowledge=0.7700 reliable=213 spec=7.11 pop=1362
  mpx-70 diag: trials=10380000 micro=3172 pop_spec=6.45 spec_max=22 q_mean=0.611 q_max=1.000 q_above_half=850 marked=0.345 mark_density=0.911 exp_mean=3824.2 addr_spec=3.264 addr_random=0.553 addr_full=0.1549 correct=181
  mpx-70 cover: trials=10380000 overall=0.7700 a0_nochange=1.0000 a0_change=1.0000 a1_nochange=0.2312 a1_change=0.8487 matched_but_wrong=0
  mpx-70 qdetail: trials=10380000 a0nc_any=1.0000 a0nc_q=1.000 a0c_any=1.0000 a0c_q=1.000 a1nc_any=0.6461 a1nc_q=1.000 a1c_any=1.0000 a1c_q=1.000
  mpx-70 traj: trials=10440000 wall=9015s knowledge=0.7738 reliable=214 spec=7.12 pop=1241
  mpx-70 diag: trials=10440000 micro=3059 pop_spec=6.48 spec_max=21 q_mean=0.610 q_max=1.000 q_above_half=772 marked=0.325 mark_density=0.912 exp_mean=4235.5 addr_spec=3.088 addr_random=0.555 addr_full=0.1604 correct=181
  mpx-70 cover: trials=10440000 overall=0.7738 a0_nochange=1.0000 a0_change=1.0000 a1_nochange=0.2311 a1_change=0.8639 matched_but_wrong=0
  mpx-70 qdetail: trials=10440000 a0nc_any=1.0000 a0nc_q=1.000 a0c_any=1.0000 a0c_q=1.000 a1nc_any=0.7754 a1nc_q=1.000 a1c_any=1.0000 a1c_q=1.000
  mpx-70 traj: trials=10500000 wall=9036s knowledge=0.7703 reliable=221 spec=7.11 pop=1154
  mpx-70 diag: trials=10500000 micro=2984 pop_spec=6.57 spec_max=21 q_mean=0.629 q_max=1.000 q_above_half=770 marked=0.315 mark_density=0.911 exp_mean=4598.1 addr_spec=3.465 addr_random=0.563 addr_full=0.1811 correct=182
  mpx-70 cover: trials=10500000 overall=0.7703 a0_nochange=1.0000 a0_change=1.0000 a1_nochange=0.2353 a1_change=0.8458 matched_but_wrong=0
  mpx-70 qdetail: trials=10500000 a0nc_any=1.0000 a0nc_q=1.000 a0c_any=1.0000 a0c_q=1.000 a1nc_any=1.0000 a1nc_q=1.000 a1c_any=1.0000 a1c_q=1.000
  mpx-70 traj: trials=10560000 wall=9064s knowledge=0.7716 reliable=213 spec=7.13 pop=1224
  mpx-70 diag: trials=10560000 micro=3051 pop_spec=6.58 spec_max=21 q_mean=0.624 q_max=1.000 q_above_half=827 marked=0.333 mark_density=0.911 exp_mean=4373.2 addr_spec=3.266 addr_random=0.564 addr_full=0.1634 correct=182
  mpx-70 cover: trials=10560000 overall=0.7716 a0_nochange=1.0000 a0_change=1.0000 a1_nochange=0.2411 a1_change=0.8452 matched_but_wrong=43
  mpx-70 qdetail: trials=10560000 a0nc_any=1.0000 a0nc_q=1.000 a0c_any=1.0000 a0c_q=1.000 a1nc_any=1.0000 a1nc_q=1.000 a1c_any=1.0000 a1c_q=1.000
  mpx-70 traj: trials=10620000 wall=9084s knowledge=0.7748 reliable=218 spec=7.13 pop=1174
  mpx-70 diag: trials=10620000 micro=3018 pop_spec=6.58 spec_max=21 q_mean=0.630 q_max=1.000 q_above_half=804 marked=0.342 mark_density=0.910 exp_mean=4597.5 addr_spec=3.316 addr_random=0.564 addr_full=0.1721 correct=183
  mpx-70 cover: trials=10620000 overall=0.7748 a0_nochange=1.0000 a0_change=1.0000 a1_nochange=0.2345 a1_change=0.8646 matched_but_wrong=0
  mpx-70 qdetail: trials=10620000 a0nc_any=1.0000 a0nc_q=1.000 a0c_any=1.0000 a0c_q=1.000 a1nc_any=1.0000 a1nc_q=1.000 a1c_any=0.9999 a1c_q=1.000
  mpx-70 traj: trials=10680000 wall=9115s knowledge=0.7786 reliable=226 spec=7.14 pop=1190
  mpx-70 diag: trials=10680000 micro=2967 pop_spec=6.57 spec_max=21 q_mean=0.637 q_max=1.000 q_above_half=841 marked=0.305 mark_density=0.908 exp_mean=4576.4 addr_spec=3.604 addr_random=0.563 addr_full=0.1655 correct=183
  mpx-70 cover: trials=10680000 overall=0.7786 a0_nochange=1.0000 a0_change=1.0000 a1_nochange=0.2410 a1_change=0.8733 matched_but_wrong=0
  mpx-70 qdetail: trials=10680000 a0nc_any=1.0000 a0nc_q=1.000 a0c_any=1.0000 a0c_q=1.000 a1nc_any=0.5169 a1nc_q=1.000 a1c_any=1.0000 a1c_q=1.000
  mpx-70 traj: trials=10740000 wall=9137s knowledge=0.7861 reliable=229 spec=7.13 pop=1230
  mpx-70 diag: trials=10740000 micro=3093 pop_spec=6.56 spec_max=21 q_mean=0.619 q_max=1.000 q_above_half=783 marked=0.308 mark_density=0.912 exp_mean=4467.9 addr_spec=3.148 addr_random=0.562 addr_full=0.1650 correct=186
  mpx-70 cover: trials=10740000 overall=0.7861 a0_nochange=1.0000 a0_change=1.0000 a1_nochange=0.2605 a1_change=0.8839 matched_but_wrong=0
  mpx-70 qdetail: trials=10740000 a0nc_any=1.0000 a0nc_q=1.000 a0c_any=1.0000 a0c_q=1.000 a1nc_any=0.7195 a1nc_q=1.000 a1c_any=1.0000 a1c_q=1.000
  mpx-70 traj: trials=10800000 wall=9155s knowledge=0.7939 reliable=226 spec=7.15 pop=1191
  mpx-70 diag: trials=10800000 micro=3073 pop_spec=6.55 spec_max=21 q_mean=0.623 q_max=1.000 q_above_half=797 marked=0.322 mark_density=0.910 exp_mean=4655.4 addr_spec=3.455 addr_random=0.562 addr_full=0.1746 correct=187
  mpx-70 cover: trials=10800000 overall=0.7939 a0_nochange=1.0000 a0_change=1.0000 a1_nochange=0.2945 a1_change=0.8810 matched_but_wrong=0
  mpx-70 qdetail: trials=10800000 a0nc_any=1.0000 a0nc_q=1.000 a0c_any=1.0000 a0c_q=1.000 a1nc_any=1.0000 a1nc_q=1.000 a1c_any=1.0000 a1c_q=1.000
  mpx-70 traj: trials=10860000 wall=9173s knowledge=0.8050 reliable=227 spec=7.13 pop=1218
  mpx-70 diag: trials=10860000 micro=3109 pop_spec=6.41 spec_max=21 q_mean=0.624 q_max=1.000 q_above_half=807 marked=0.331 mark_density=0.915 exp_mean=4561.0 addr_spec=3.301 addr_random=0.549 addr_full=0.1700 correct=188
  mpx-70 cover: trials=10860000 overall=0.8050 a0_nochange=1.0000 a0_change=1.0000 a1_nochange=0.3419 a1_change=0.8781 matched_but_wrong=0
  mpx-70 qdetail: trials=10860000 a0nc_any=1.0000 a0nc_q=1.000 a0c_any=1.0000 a0c_q=1.000 a1nc_any=1.0000 a1nc_q=1.000 a1c_any=1.0000 a1c_q=1.000
  mpx-70 traj: trials=10920000 wall=9192s knowledge=0.8092 reliable=228 spec=7.12 pop=1237
  mpx-70 diag: trials=10920000 micro=3095 pop_spec=6.35 spec_max=21 q_mean=0.627 q_max=1.000 q_above_half=871 marked=0.332 mark_density=0.915 exp_mean=4531.8 addr_spec=3.388 addr_random=0.545 addr_full=0.1722 correct=191
  mpx-70 cover: trials=10920000 overall=0.8092 a0_nochange=1.0000 a0_change=1.0000 a1_nochange=0.3419 a1_change=0.8949 matched_but_wrong=0
  mpx-70 qdetail: trials=10920000 a0nc_any=1.0000 a0nc_q=1.000 a0c_any=1.0000 a0c_q=1.000 a1nc_any=1.0000 a1nc_q=1.000 a1c_any=1.0000 a1c_q=1.000
  mpx-70 traj: trials=10980000 wall=9216s knowledge=0.8159 reliable=234 spec=7.12 pop=1156
  mpx-70 diag: trials=10980000 micro=3100 pop_spec=6.50 spec_max=21 q_mean=0.641 q_max=1.000 q_above_half=827 marked=0.282 mark_density=0.911 exp_mean=4894.6 addr_spec=3.563 addr_random=0.557 addr_full=0.1894 correct=194
  mpx-70 cover: trials=10980000 overall=0.8159 a0_nochange=1.0000 a0_change=1.0000 a1_nochange=0.3578 a1_change=0.9057 matched_but_wrong=0
  mpx-70 qdetail: trials=10980000 a0nc_any=1.0000 a0nc_q=1.000 a0c_any=1.0000 a0c_q=1.000 a1nc_any=1.0000 a1nc_q=1.000 a1c_any=1.0000 a1c_q=1.000
  mpx-70 traj: trials=11040000 wall=9231s knowledge=0.8249 reliable=229 spec=7.13 pop=1210
  mpx-70 diag: trials=11040000 micro=3146 pop_spec=6.46 spec_max=21 q_mean=0.627 q_max=1.000 q_above_half=807 marked=0.311 mark_density=0.911 exp_mean=4694.0 addr_spec=3.617 addr_random=0.554 addr_full=0.1752 correct=195
  mpx-70 cover: trials=11040000 overall=0.8249 a0_nochange=1.0000 a0_change=1.0000 a1_nochange=0.4092 a1_change=0.8904 matched_but_wrong=0
  mpx-70 qdetail: trials=11040000 a0nc_any=1.0000 a0nc_q=1.000 a0c_any=1.0000 a0c_q=1.000 a1nc_any=0.7716 a1nc_q=1.000 a1c_any=1.0000 a1c_q=1.000
  mpx-70 traj: trials=11100000 wall=9245s knowledge=0.8297 reliable=240 spec=7.13 pop=1126
  mpx-70 diag: trials=11100000 micro=3074 pop_spec=6.46 spec_max=21 q_mean=0.645 q_max=1.000 q_above_half=790 marked=0.292 mark_density=0.912 exp_mean=5091.4 addr_spec=3.631 addr_random=0.553 addr_full=0.2052 correct=196
  mpx-70 cover: trials=11100000 overall=0.8297 a0_nochange=1.0000 a0_change=1.0000 a1_nochange=0.4231 a1_change=0.8955 matched_but_wrong=0
  mpx-70 qdetail: trials=11100000 a0nc_any=1.0000 a0nc_q=1.000 a0c_any=1.0000 a0c_q=1.000 a1nc_any=0.6642 a1nc_q=1.000 a1c_any=0.9999 a1c_q=1.000
  mpx-70 traj: trials=11160000 wall=9259s knowledge=0.8284 reliable=230 spec=7.11 pop=1190
  mpx-70 diag: trials=11160000 micro=3166 pop_spec=6.44 spec_max=21 q_mean=0.628 q_max=1.000 q_above_half=782 marked=0.314 mark_density=0.914 exp_mean=4855.4 addr_spec=3.478 addr_random=0.552 addr_full=0.1815 correct=194
  mpx-70 cover: trials=11160000 overall=0.8284 a0_nochange=1.0000 a0_change=1.0000 a1_nochange=0.4232 a1_change=0.8903 matched_but_wrong=0
  mpx-70 qdetail: trials=11160000 a0nc_any=1.0000 a0nc_q=1.000 a0c_any=1.0000 a0c_q=1.000 a1nc_any=0.7805 a1nc_q=1.000 a1c_any=1.0000 a1c_q=1.000
  mpx-70 traj: trials=11220000 wall=9274s knowledge=0.8297 reliable=231 spec=7.13 pop=1116
  mpx-70 diag: trials=11220000 micro=3103 pop_spec=6.48 spec_max=21 q_mean=0.638 q_max=1.000 q_above_half=768 marked=0.302 mark_density=0.912 exp_mean=5222.5 addr_spec=3.802 addr_random=0.555 addr_full=0.2025 correct=197
  mpx-70 cover: trials=11220000 overall=0.8297 a0_nochange=1.0000 a0_change=1.0000 a1_nochange=0.4077 a1_change=0.9110 matched_but_wrong=0
  mpx-70 qdetail: trials=11220000 a0nc_any=1.0000 a0nc_q=1.000 a0c_any=1.0000 a0c_q=1.000 a1nc_any=0.6178 a1nc_q=1.000 a1c_any=0.9999 a1c_q=1.000
  mpx-70 traj: trials=11280000 wall=9287s knowledge=0.8286 reliable=231 spec=7.16 pop=1130
  mpx-70 diag: trials=11280000 micro=3093 pop_spec=6.54 spec_max=21 q_mean=0.643 q_max=1.000 q_above_half=781 marked=0.289 mark_density=0.911 exp_mean=5203.2 addr_spec=3.711 addr_random=0.561 addr_full=0.1912 correct=196
  mpx-70 cover: trials=11280000 overall=0.8286 a0_nochange=1.0000 a0_change=1.0000 a1_nochange=0.4116 a1_change=0.9029 matched_but_wrong=0
  mpx-70 qdetail: trials=11280000 a0nc_any=1.0000 a0nc_q=1.000 a0c_any=1.0000 a0c_q=1.000 a1nc_any=0.7855 a1nc_q=1.000 a1c_any=1.0000 a1c_q=1.000
  mpx-70 traj: trials=11340000 wall=9301s knowledge=0.8238 reliable=232 spec=7.17 pop=1142
  mpx-70 diag: trials=11340000 micro=3108 pop_spec=6.48 spec_max=21 q_mean=0.640 q_max=1.000 q_above_half=800 marked=0.306 mark_density=0.912 exp_mean=5189.4 addr_spec=3.768 addr_random=0.556 addr_full=0.2032 correct=197
  mpx-70 cover: trials=11340000 overall=0.8238 a0_nochange=1.0000 a0_change=1.0000 a1_nochange=0.3941 a1_change=0.9012 matched_but_wrong=0
  mpx-70 qdetail: trials=11340000 a0nc_any=1.0000 a0nc_q=1.000 a0c_any=1.0000 a0c_q=1.000 a1nc_any=0.5774 a1nc_q=1.000 a1c_any=1.0000 a1c_q=1.000
  mpx-70 traj: trials=11400000 wall=9320s knowledge=0.8354 reliable=232 spec=7.16 pop=1111
  mpx-70 diag: trials=11400000 micro=3097 pop_spec=6.44 spec_max=21 q_mean=0.633 q_max=1.000 q_above_half=723 marked=0.320 mark_density=0.914 exp_mean=5380.6 addr_spec=3.951 addr_random=0.552 addr_full=0.1971 correct=199
  mpx-70 cover: trials=11400000 overall=0.8354 a0_nochange=1.0000 a0_change=1.0000 a1_nochange=0.4458 a1_change=0.8959 matched_but_wrong=0
  mpx-70 qdetail: trials=11400000 a0nc_any=1.0000 a0nc_q=1.000 a0c_any=1.0000 a0c_q=1.000 a1nc_any=0.9534 a1nc_q=1.000 a1c_any=0.9999 a1c_q=1.000
  mpx-70 traj: trials=11460000 wall=9333s knowledge=0.8496 reliable=241 spec=7.16 pop=1219
  mpx-70 diag: trials=11460000 micro=3235 pop_spec=6.49 spec_max=21 q_mean=0.631 q_max=1.000 q_above_half=813 marked=0.288 mark_density=0.912 exp_mean=4912.5 addr_spec=3.709 addr_random=0.556 addr_full=0.1797 correct=199
  mpx-70 cover: trials=11460000 overall=0.8496 a0_nochange=1.0000 a0_change=1.0000 a1_nochange=0.4913 a1_change=0.9072 matched_but_wrong=0
  mpx-70 qdetail: trials=11460000 a0nc_any=1.0000 a0nc_q=1.000 a0c_any=1.0000 a0c_q=1.000 a1nc_any=0.7534 a1nc_q=1.000 a1c_any=0.9998 a1c_q=1.000
  mpx-70 traj: trials=11520000 wall=9346s knowledge=0.8461 reliable=235 spec=7.21 pop=1111
  mpx-70 diag: trials=11520000 micro=3166 pop_spec=6.45 spec_max=21 q_mean=0.636 q_max=1.000 q_above_half=735 marked=0.308 mark_density=0.913 exp_mean=5437.4 addr_spec=3.977 addr_random=0.553 addr_full=0.2007 correct=199
  mpx-70 cover: trials=11520000 overall=0.8461 a0_nochange=1.0000 a0_change=1.0000 a1_nochange=0.4772 a1_change=0.9072 matched_but_wrong=0
  mpx-70 qdetail: trials=11520000 a0nc_any=1.0000 a0nc_q=1.000 a0c_any=1.0000 a0c_q=1.000 a1nc_any=1.0000 a1nc_q=1.000 a1c_any=1.0000 a1c_q=1.000
  mpx-70 traj: trials=11580000 wall=9359s knowledge=0.8476 reliable=241 spec=7.20 pop=1160
  mpx-70 diag: trials=11580000 micro=3185 pop_spec=6.54 spec_max=21 q_mean=0.646 q_max=1.000 q_above_half=823 marked=0.273 mark_density=0.912 exp_mean=5246.7 addr_spec=3.889 addr_random=0.561 addr_full=0.1974 correct=200
  mpx-70 cover: trials=11580000 overall=0.8476 a0_nochange=1.0000 a0_change=1.0000 a1_nochange=0.4930 a1_change=0.8972 matched_but_wrong=0
  mpx-70 qdetail: trials=11580000 a0nc_any=1.0000 a0nc_q=1.000 a0c_any=1.0000 a0c_q=1.000 a1nc_any=0.8337 a1nc_q=1.000 a1c_any=0.9996 a1c_q=1.000
  mpx-70 traj: trials=11640000 wall=9372s knowledge=0.8536 reliable=245 spec=7.26 pop=1164
  mpx-70 diag: trials=11640000 micro=3175 pop_spec=6.54 spec_max=21 q_mean=0.647 q_max=1.000 q_above_half=819 marked=0.277 mark_density=0.911 exp_mean=5273.7 addr_spec=3.890 addr_random=0.560 addr_full=0.1993 correct=201
  mpx-70 cover: trials=11640000 overall=0.8536 a0_nochange=1.0000 a0_change=1.0000 a1_nochange=0.4952 a1_change=0.9192 matched_but_wrong=0
  mpx-70 qdetail: trials=11640000 a0nc_any=1.0000 a0nc_q=1.000 a0c_any=1.0000 a0c_q=1.000 a1nc_any=0.6596 a1nc_q=1.000 a1c_any=0.9999 a1c_q=1.000
  mpx-70 traj: trials=11700000 wall=9385s knowledge=0.8602 reliable=247 spec=7.23 pop=1174
  mpx-70 diag: trials=11700000 micro=3161 pop_spec=6.56 spec_max=21 q_mean=0.642 q_max=1.000 q_above_half=803 marked=0.313 mark_density=0.912 exp_mean=5270.3 addr_spec=3.865 addr_random=0.562 addr_full=0.2002 correct=202
  mpx-70 cover: trials=11700000 overall=0.8602 a0_nochange=1.0000 a0_change=1.0000 a1_nochange=0.5342 a1_change=0.9064 matched_but_wrong=0
  mpx-70 qdetail: trials=11700000 a0nc_any=1.0000 a0nc_q=1.000 a0c_any=1.0000 a0c_q=1.000 a1nc_any=1.0000 a1nc_q=1.000 a1c_any=1.0000 a1c_q=1.000
  mpx-70 traj: trials=11760000 wall=9398s knowledge=0.8646 reliable=250 spec=7.23 pop=1283
  mpx-70 diag: trials=11760000 micro=3341 pop_spec=6.52 spec_max=21 q_mean=0.634 q_max=1.000 q_above_half=853 marked=0.327 mark_density=0.912 exp_mean=4861.7 addr_spec=3.741 addr_random=0.559 addr_full=0.1816 correct=202
  mpx-70 cover: trials=11760000 overall=0.8646 a0_nochange=1.0000 a0_change=1.0000 a1_nochange=0.5520 a1_change=0.9064 matched_but_wrong=0
  mpx-70 qdetail: trials=11760000 a0nc_any=1.0000 a0nc_q=1.000 a0c_any=1.0000 a0c_q=1.000 a1nc_any=0.8834 a1nc_q=1.000 a1c_any=1.0000 a1c_q=1.000
  mpx-70 traj: trials=11820000 wall=9411s knowledge=0.8638 reliable=243 spec=7.19 pop=1152
  mpx-70 diag: trials=11820000 micro=3226 pop_spec=6.50 spec_max=21 q_mean=0.641 q_max=1.000 q_above_half=815 marked=0.307 mark_density=0.913 exp_mean=5455.8 addr_spec=3.893 addr_random=0.557 addr_full=0.1979 correct=202
  mpx-70 cover: trials=11820000 overall=0.8638 a0_nochange=1.0000 a0_change=1.0000 a1_nochange=0.5464 a1_change=0.9087 matched_but_wrong=0
  mpx-70 qdetail: trials=11820000 a0nc_any=1.0000 a0nc_q=1.000 a0c_any=1.0000 a0c_q=1.000 a1nc_any=0.9028 a1nc_q=1.000 a1c_any=0.9999 a1c_q=1.000
  mpx-70 traj: trials=11880000 wall=9423s knowledge=0.8793 reliable=253 spec=7.19 pop=1228
  mpx-70 diag: trials=11880000 micro=3307 pop_spec=6.51 spec_max=21 q_mean=0.644 q_max=1.000 q_above_half=850 marked=0.282 mark_density=0.912 exp_mean=5161.6 addr_spec=4.072 addr_random=0.558 addr_full=0.1979 correct=205
  mpx-70 cover: trials=11880000 overall=0.8793 a0_nochange=1.0000 a0_change=1.0000 a1_nochange=0.6008 a1_change=0.9163 matched_but_wrong=0
  mpx-70 qdetail: trials=11880000 a0nc_any=1.0000 a0nc_q=1.000 a0c_any=1.0000 a0c_q=1.000 a1nc_any=0.8755 a1nc_q=1.000 a1c_any=1.0000 a1c_q=1.000
  mpx-70 traj: trials=11940000 wall=9435s knowledge=0.8862 reliable=256 spec=7.20 pop=1180
  mpx-70 diag: trials=11940000 micro=3307 pop_spec=6.50 spec_max=20 q_mean=0.644 q_max=1.000 q_above_half=804 marked=0.316 mark_density=0.913 exp_mean=5413.2 addr_spec=3.931 addr_random=0.557 addr_full=0.1924 correct=206
  mpx-70 cover: trials=11940000 overall=0.8862 a0_nochange=1.0000 a0_change=1.0000 a1_nochange=0.6351 a1_change=0.9098 matched_but_wrong=0
  mpx-70 qdetail: trials=11940000 a0nc_any=1.0000 a0nc_q=1.000 a0c_any=1.0000 a0c_q=1.000 a1nc_any=1.0000 a1nc_q=1.000 a1c_any=1.0000 a1c_q=1.000
  mpx-70 traj: trials=12000000 wall=9447s knowledge=0.8918 reliable=256 spec=7.19 pop=1253
  mpx-70 diag: trials=12000000 micro=3357 pop_spec=6.55 spec_max=20 q_mean=0.635 q_max=1.000 q_above_half=861 marked=0.342 mark_density=0.912 exp_mean=5141.1 addr_spec=3.982 addr_random=0.561 addr_full=0.1844 correct=208
  mpx-70 cover: trials=12000000 overall=0.8918 a0_nochange=1.0000 a0_change=1.0000 a1_nochange=0.6484 a1_change=0.9186 matched_but_wrong=0
  mpx-70 qdetail: trials=12000000 a0nc_any=1.0000 a0nc_q=1.000 a0c_any=1.0000 a0c_q=1.000 a1nc_any=1.0000 a1nc_q=1.000 a1c_any=0.9999 a1c_q=1.000
  mpx-70 traj: trials=12060000 wall=9460s knowledge=0.9006 reliable=263 spec=7.18 pop=1211
  mpx-70 diag: trials=12060000 micro=3307 pop_spec=6.48 spec_max=20 q_mean=0.644 q_max=1.000 q_above_half=841 marked=0.283 mark_density=0.912 exp_mean=5365.0 addr_spec=4.057 addr_random=0.555 addr_full=0.1957 correct=209
  mpx-70 cover: trials=12060000 overall=0.9006 a0_nochange=1.0000 a0_change=1.0000 a1_nochange=0.6732 a1_change=0.9291 matched_but_wrong=0
  mpx-70 qdetail: trials=12060000 a0nc_any=1.0000 a0nc_q=1.000 a0c_any=1.0000 a0c_q=1.000 a1nc_any=0.9216 a1nc_q=1.000 a1c_any=1.0000 a1c_q=1.000
  mpx-70 traj: trials=12120000 wall=9472s knowledge=0.9056 reliable=262 spec=7.21 pop=1174
  mpx-70 diag: trials=12120000 micro=3320 pop_spec=6.49 spec_max=20 q_mean=0.652 q_max=1.000 q_above_half=817 marked=0.272 mark_density=0.914 exp_mean=5581.6 addr_spec=4.014 addr_random=0.556 addr_full=0.2078 correct=208
  mpx-70 cover: trials=12120000 overall=0.9056 a0_nochange=1.0000 a0_change=1.0000 a1_nochange=0.6911 a1_change=0.9314 matched_but_wrong=0
  mpx-70 qdetail: trials=12120000 a0nc_any=1.0000 a0nc_q=1.000 a0c_any=1.0000 a0c_q=1.000 a1nc_any=0.9234 a1nc_q=1.000 a1c_any=1.0000 a1c_q=1.000
  mpx-70 traj: trials=12180000 wall=9484s knowledge=0.9114 reliable=267 spec=7.18 pop=1365
  mpx-70 diag: trials=12180000 micro=3517 pop_spec=6.54 spec_max=20 q_mean=0.635 q_max=1.000 q_above_half=932 marked=0.313 mark_density=0.912 exp_mean=4839.3 addr_spec=4.138 addr_random=0.561 addr_full=0.1839 correct=210
  mpx-70 cover: trials=12180000 overall=0.9114 a0_nochange=1.0000 a0_change=1.0000 a1_nochange=0.7147 a1_change=0.9307 matched_but_wrong=0
  mpx-70 qdetail: trials=12180000 a0nc_any=1.0000 a0nc_q=1.000 a0c_any=1.0000 a0c_q=1.000 a1nc_any=0.9210 a1nc_q=1.000 a1c_any=1.0000 a1c_q=1.000
  mpx-70 traj: trials=12240000 wall=9497s knowledge=0.9152 reliable=265 spec=7.22 pop=1261
  mpx-70 diag: trials=12240000 micro=3453 pop_spec=6.55 spec_max=20 q_mean=0.646 q_max=1.000 q_above_half=910 marked=0.313 mark_density=0.911 exp_mean=5250.3 addr_spec=4.029 addr_random=0.562 addr_full=0.1911 correct=211
  mpx-70 cover: trials=12240000 overall=0.9152 a0_nochange=1.0000 a0_change=1.0000 a1_nochange=0.7322 a1_change=0.9288 matched_but_wrong=6
  mpx-70 qdetail: trials=12240000 a0nc_any=1.0000 a0nc_q=1.000 a0c_any=1.0000 a0c_q=1.000 a1nc_any=0.9120 a1nc_q=1.000 a1c_any=0.9999 a1c_q=1.000
  mpx-70 traj: trials=12300000 wall=9509s knowledge=0.9251 reliable=267 spec=7.21 pop=1244
  mpx-70 diag: trials=12300000 micro=3457 pop_spec=6.48 spec_max=20 q_mean=0.637 q_max=1.000 q_above_half=793 marked=0.287 mark_density=0.914 exp_mean=5363.0 addr_spec=4.106 addr_random=0.555 addr_full=0.1994 correct=218
  mpx-70 cover: trials=12300000 overall=0.9251 a0_nochange=1.0000 a0_change=1.0000 a1_nochange=0.7609 a1_change=0.9393 matched_but_wrong=0
  mpx-70 qdetail: trials=12300000 a0nc_any=1.0000 a0nc_q=1.000 a0c_any=1.0000 a0c_q=1.000 a1nc_any=0.9462 a1nc_q=1.000 a1c_any=0.9996 a1c_q=1.000
  mpx-70 traj: trials=12360000 wall=9521s knowledge=0.9280 reliable=275 spec=7.17 pop=1256
  mpx-70 diag: trials=12360000 micro=3434 pop_spec=6.52 spec_max=20 q_mean=0.650 q_max=1.000 q_above_half=896 marked=0.290 mark_density=0.912 exp_mean=5353.1 addr_spec=4.118 addr_random=0.559 addr_full=0.1935 correct=217
  mpx-70 cover: trials=12360000 overall=0.9280 a0_nochange=1.0000 a0_change=1.0000 a1_nochange=0.7821 a1_change=0.9299 matched_but_wrong=0
  mpx-70 qdetail: trials=12360000 a0nc_any=1.0000 a0nc_q=1.000 a0c_any=1.0000 a0c_q=1.000 a1nc_any=0.9072 a1nc_q=1.000 a1c_any=0.9999 a1c_q=1.000
  mpx-70 traj: trials=12420000 wall=9533s knowledge=0.9349 reliable=271 spec=7.14 pop=1244
  mpx-70 diag: trials=12420000 micro=3506 pop_spec=6.50 spec_max=20 q_mean=0.651 q_max=1.000 q_above_half=899 marked=0.273 mark_density=0.911 exp_mean=5432.8 addr_spec=4.167 addr_random=0.557 addr_full=0.1986 correct=218
  mpx-70 cover: trials=12420000 overall=0.9349 a0_nochange=1.0000 a0_change=1.0000 a1_nochange=0.8005 a1_change=0.9390 matched_but_wrong=0
  mpx-70 qdetail: trials=12420000 a0nc_any=1.0000 a0nc_q=1.000 a0c_any=1.0000 a0c_q=1.000 a1nc_any=0.9626 a1nc_q=1.000 a1c_any=0.9999 a1c_q=1.000
  mpx-70 traj: trials=12480000 wall=9545s knowledge=0.9254 reliable=260 spec=7.15 pop=1238
  mpx-70 diag: trials=12480000 micro=3485 pop_spec=6.50 spec_max=20 q_mean=0.646 q_max=1.000 q_above_half=902 marked=0.275 mark_density=0.912 exp_mean=5446.6 addr_spec=4.090 addr_random=0.557 addr_full=0.2027 correct=217
  mpx-70 cover: trials=12480000 overall=0.9254 a0_nochange=1.0000 a0_change=1.0000 a1_nochange=0.7612 a1_change=0.9404 matched_but_wrong=0
  mpx-70 qdetail: trials=12480000 a0nc_any=1.0000 a0nc_q=1.000 a0c_any=1.0000 a0c_q=1.000 a1nc_any=0.9261 a1nc_q=1.000 a1c_any=0.9999 a1c_q=1.000
  mpx-70 traj: trials=12540000 wall=9557s knowledge=0.9400 reliable=270 spec=7.16 pop=1318
  mpx-70 diag: trials=12540000 micro=3622 pop_spec=6.47 spec_max=20 q_mean=0.645 q_max=1.000 q_above_half=936 marked=0.316 mark_density=0.911 exp_mean=5160.0 addr_spec=4.184 addr_random=0.555 addr_full=0.1995 correct=221
  mpx-70 cover: trials=12540000 overall=0.9400 a0_nochange=1.0000 a0_change=1.0000 a1_nochange=0.8083 a1_change=0.9519 matched_but_wrong=0
  mpx-70 qdetail: trials=12540000 a0nc_any=1.0000 a0nc_q=1.000 a0c_any=1.0000 a0c_q=1.000 a1nc_any=0.9513 a1nc_q=1.000 a1c_any=1.0000 a1c_q=1.000
  mpx-70 traj: trials=12600000 wall=9569s knowledge=0.9469 reliable=275 spec=7.11 pop=1305
  mpx-70 diag: trials=12600000 micro=3596 pop_spec=6.48 spec_max=20 q_mean=0.643 q_max=1.000 q_above_half=910 marked=0.276 mark_density=0.911 exp_mean=5245.7 addr_spec=4.258 addr_random=0.555 addr_full=0.1885 correct=222
  mpx-70 cover: trials=12600000 overall=0.9469 a0_nochange=1.0000 a0_change=1.0000 a1_nochange=0.8149 a1_change=0.9726 matched_but_wrong=0
  mpx-70 qdetail: trials=12600000 a0nc_any=1.0000 a0nc_q=1.000 a0c_any=1.0000 a0c_q=1.000 a1nc_any=0.9443 a1nc_q=1.000 a1c_any=1.0000 a1c_q=1.000
  mpx-70 traj: trials=12660000 wall=9581s knowledge=0.9438 reliable=263 spec=7.08 pop=1181
  mpx-70 diag: trials=12660000 micro=3430 pop_spec=6.45 spec_max=20 q_mean=0.651 q_max=1.000 q_above_half=818 marked=0.315 mark_density=0.912 exp_mean=5824.9 addr_spec=4.130 addr_random=0.553 addr_full=0.2202 correct=224
  mpx-70 cover: trials=12660000 overall=0.9438 a0_nochange=1.0000 a0_change=1.0000 a1_nochange=0.8246 a1_change=0.9506 matched_but_wrong=0
  mpx-70 qdetail: trials=12660000 a0nc_any=1.0000 a0nc_q=1.000 a0c_any=1.0000 a0c_q=1.000 a1nc_any=1.0000 a1nc_q=1.000 a1c_any=1.0000 a1c_q=1.000
  mpx-70 traj: trials=12720000 wall=9592s knowledge=0.9487 reliable=266 spec=7.11 pop=1250
  mpx-70 diag: trials=12720000 micro=3554 pop_spec=6.44 spec_max=20 q_mean=0.640 q_max=1.000 q_above_half=872 marked=0.302 mark_density=0.912 exp_mean=5549.6 addr_spec=4.238 addr_random=0.552 addr_full=0.2144 correct=226
  mpx-70 cover: trials=12720000 overall=0.9487 a0_nochange=1.0000 a0_change=1.0000 a1_nochange=0.8294 a1_change=0.9654 matched_but_wrong=0
  mpx-70 qdetail: trials=12720000 a0nc_any=1.0000 a0nc_q=1.000 a0c_any=1.0000 a0c_q=1.000 a1nc_any=0.9925 a1nc_q=1.000 a1c_any=1.0000 a1c_q=1.000
  mpx-70 traj: trials=12780000 wall=9604s knowledge=0.9512 reliable=274 spec=7.11 pop=1231
  mpx-70 diag: trials=12780000 micro=3536 pop_spec=6.38 spec_max=20 q_mean=0.640 q_max=1.000 q_above_half=827 marked=0.322 mark_density=0.914 exp_mean=5682.4 addr_spec=4.139 addr_random=0.547 addr_full=0.2136 correct=228
  mpx-70 cover: trials=12780000 overall=0.9512 a0_nochange=1.0000 a0_change=1.0000 a1_nochange=0.8313 a1_change=0.9733 matched_but_wrong=0
  mpx-70 qdetail: trials=12780000 a0nc_any=1.0000 a0nc_q=1.000 a0c_any=1.0000 a0c_q=1.000 a1nc_any=1.0000 a1nc_q=1.000 a1c_any=1.0000 a1c_q=1.000
  mpx-70 traj: trials=12840000 wall=9616s knowledge=0.9521 reliable=275 spec=7.10 pop=1229
  mpx-70 diag: trials=12840000 micro=3490 pop_spec=6.46 spec_max=20 q_mean=0.648 q_max=1.000 q_above_half=857 marked=0.269 mark_density=0.913 exp_mean=5691.8 addr_spec=4.248 addr_random=0.554 addr_full=0.2205 correct=229
  mpx-70 cover: trials=12840000 overall=0.9521 a0_nochange=1.0000 a0_change=1.0000 a1_nochange=0.8429 a1_change=0.9653 matched_but_wrong=0
  mpx-70 qdetail: trials=12840000 a0nc_any=1.0000 a0nc_q=1.000 a0c_any=1.0000 a0c_q=1.000 a1nc_any=1.0000 a1nc_q=1.000 a1c_any=1.0000 a1c_q=1.000
  mpx-70 traj: trials=12900000 wall=9627s knowledge=0.9527 reliable=268 spec=7.10 pop=1152
  mpx-70 diag: trials=12900000 micro=3468 pop_spec=6.42 spec_max=20 q_mean=0.655 q_max=1.000 q_above_half=837 marked=0.260 mark_density=0.912 exp_mean=6116.1 addr_spec=4.313 addr_random=0.550 addr_full=0.2231 correct=229
  mpx-70 cover: trials=12900000 overall=0.9527 a0_nochange=1.0000 a0_change=1.0000 a1_nochange=0.8415 a1_change=0.9691 matched_but_wrong=0
  mpx-70 qdetail: trials=12900000 a0nc_any=1.0000 a0nc_q=1.000 a0c_any=1.0000 a0c_q=1.000 a1nc_any=0.9778 a1nc_q=1.000 a1c_any=1.0000 a1c_q=1.000
  mpx-70 traj: trials=12960000 wall=9639s knowledge=0.9521 reliable=263 spec=7.10 pop=1140
  mpx-70 diag: trials=12960000 micro=3479 pop_spec=6.36 spec_max=20 q_mean=0.655 q_max=1.000 q_above_half=806 marked=0.282 mark_density=0.914 exp_mean=6195.2 addr_spec=4.138 addr_random=0.545 addr_full=0.2246 correct=228
  mpx-70 cover: trials=12960000 overall=0.9521 a0_nochange=1.0000 a0_change=1.0000 a1_nochange=0.8293 a1_change=0.9790 matched_but_wrong=0
  mpx-70 qdetail: trials=12960000 a0nc_any=1.0000 a0nc_q=1.000 a0c_any=1.0000 a0c_q=1.000 a1nc_any=0.9638 a1nc_q=1.000 a1c_any=0.9998 a1c_q=1.000
  mpx-70 traj: trials=13020000 wall=9650s knowledge=0.9513 reliable=263 spec=7.07 pop=1150
  mpx-70 diag: trials=13020000 micro=3486 pop_spec=6.39 spec_max=20 q_mean=0.651 q_max=1.000 q_above_half=819 marked=0.268 mark_density=0.912 exp_mean=6189.6 addr_spec=4.194 addr_random=0.547 addr_full=0.2200 correct=229
  mpx-70 cover: trials=13020000 overall=0.9513 a0_nochange=1.0000 a0_change=1.0000 a1_nochange=0.8365 a1_change=0.9686 matched_but_wrong=0
  mpx-70 qdetail: trials=13020000 a0nc_any=1.0000 a0nc_q=1.000 a0c_any=1.0000 a0c_q=1.000 a1nc_any=0.9546 a1nc_q=1.000 a1c_any=1.0000 a1c_q=1.000
  mpx-70 traj: trials=13080000 wall=9661s knowledge=0.9570 reliable=274 spec=7.08 pop=1193
  mpx-70 diag: trials=13080000 micro=3557 pop_spec=6.43 spec_max=20 q_mean=0.644 q_max=1.000 q_above_half=821 marked=0.282 mark_density=0.913 exp_mean=6016.3 addr_spec=4.300 addr_random=0.551 addr_full=0.2146 correct=231
  mpx-70 cover: trials=13080000 overall=0.9570 a0_nochange=1.0000 a0_change=1.0000 a1_nochange=0.8391 a1_change=0.9887 matched_but_wrong=0
  mpx-70 qdetail: trials=13080000 a0nc_any=1.0000 a0nc_q=1.000 a0c_any=1.0000 a0c_q=1.000 a1nc_any=0.9493 a1nc_q=1.000 a1c_any=1.0000 a1c_q=1.000
  mpx-70 traj: trials=13140000 wall=9672s knowledge=0.9511 reliable=259 spec=7.07 pop=1216
  mpx-70 diag: trials=13140000 micro=3553 pop_spec=6.44 spec_max=20 q_mean=0.648 q_max=1.000 q_above_half=876 marked=0.280 mark_density=0.913 exp_mean=5945.1 addr_spec=4.280 addr_random=0.552 addr_full=0.2146 correct=231
  mpx-70 cover: trials=13140000 overall=0.9511 a0_nochange=1.0000 a0_change=1.0000 a1_nochange=0.8268 a1_change=0.9776 matched_but_wrong=0
  mpx-70 qdetail: trials=13140000 a0nc_any=1.0000 a0nc_q=1.000 a0c_any=1.0000 a0c_q=1.000 a1nc_any=0.9507 a1nc_q=1.000 a1c_any=1.0000 a1c_q=1.000
  mpx-70 traj: trials=13200000 wall=9683s knowledge=0.9600 reliable=271 spec=7.07 pop=1203
  mpx-70 diag: trials=13200000 micro=3606 pop_spec=6.47 spec_max=20 q_mean=0.644 q_max=1.000 q_above_half=815 marked=0.278 mark_density=0.912 exp_mean=6058.1 addr_spec=4.248 addr_random=0.555 addr_full=0.2103 correct=232
  mpx-70 cover: trials=13200000 overall=0.9600 a0_nochange=1.0000 a0_change=1.0000 a1_nochange=0.8553 a1_change=0.9846 matched_but_wrong=0
  mpx-70 qdetail: trials=13200000 a0nc_any=1.0000 a0nc_q=1.000 a0c_any=1.0000 a0c_q=1.000 a1nc_any=0.9736 a1nc_q=1.000 a1c_any=1.0000 a1c_q=1.000
  mpx-70 traj: trials=13260000 wall=9695s knowledge=0.9602 reliable=265 spec=7.08 pop=1183
  mpx-70 diag: trials=13260000 micro=3554 pop_spec=6.44 spec_max=20 q_mean=0.648 q_max=1.000 q_above_half=834 marked=0.283 mark_density=0.912 exp_mean=6209.7 addr_spec=4.304 addr_random=0.552 addr_full=0.2164 correct=232
  mpx-70 cover: trials=13260000 overall=0.9602 a0_nochange=1.0000 a0_change=1.0000 a1_nochange=0.8577 a1_change=0.9830 matched_but_wrong=0
  mpx-70 qdetail: trials=13260000 a0nc_any=1.0000 a0nc_q=1.000 a0c_any=1.0000 a0c_q=1.000 a1nc_any=0.9533 a1nc_q=1.000 a1c_any=1.0000 a1c_q=1.000
  mpx-70 traj: trials=13320000 wall=9706s knowledge=0.9574 reliable=266 spec=7.07 pop=1214
  mpx-70 diag: trials=13320000 micro=3546 pop_spec=6.37 spec_max=20 q_mean=0.652 q_max=1.000 q_above_half=855 marked=0.298 mark_density=0.914 exp_mean=6096.9 addr_spec=4.216 addr_random=0.546 addr_full=0.2109 correct=233
  mpx-70 cover: trials=13320000 overall=0.9574 a0_nochange=1.0000 a0_change=1.0000 a1_nochange=0.8408 a1_change=0.9886 matched_but_wrong=0
  mpx-70 qdetail: trials=13320000 a0nc_any=1.0000 a0nc_q=1.000 a0c_any=1.0000 a0c_q=1.000 a1nc_any=0.9595 a1nc_q=1.000 a1c_any=1.0000 a1c_q=1.000
  mpx-70 traj: trials=13380000 wall=9717s knowledge=0.9536 reliable=265 spec=7.07 pop=1191
  mpx-70 diag: trials=13380000 micro=3546 pop_spec=6.42 spec_max=20 q_mean=0.642 q_max=1.000 q_above_half=804 marked=0.284 mark_density=0.913 exp_mean=6262.0 addr_spec=4.243 addr_random=0.551 addr_full=0.2124 correct=232
  mpx-70 cover: trials=13380000 overall=0.9536 a0_nochange=1.0000 a0_change=1.0000 a1_nochange=0.8294 a1_change=0.9850 matched_but_wrong=0
  mpx-70 qdetail: trials=13380000 a0nc_any=1.0000 a0nc_q=1.000 a0c_any=1.0000 a0c_q=1.000 a1nc_any=0.9719 a1nc_q=1.000 a1c_any=1.0000 a1c_q=1.000
  mpx-70 traj: trials=13440000 wall=9729s knowledge=0.9576 reliable=278 spec=7.09 pop=1189
  mpx-70 diag: trials=13440000 micro=3536 pop_spec=6.45 spec_max=20 q_mean=0.649 q_max=1.000 q_above_half=828 marked=0.287 mark_density=0.911 exp_mean=6317.8 addr_spec=4.373 addr_random=0.553 addr_full=0.2279 correct=236
  mpx-70 cover: trials=13440000 overall=0.9576 a0_nochange=1.0000 a0_change=1.0000 a1_nochange=0.8382 a1_change=0.9920 matched_but_wrong=0
  mpx-70 qdetail: trials=13440000 a0nc_any=1.0000 a0nc_q=1.000 a0c_any=1.0000 a0c_q=1.000 a1nc_any=0.9732 a1nc_q=1.000 a1c_any=0.9999 a1c_q=1.000
  mpx-70 traj: trials=13500000 wall=9740s knowledge=0.9573 reliable=261 spec=7.08 pop=1150
  mpx-70 diag: trials=13500000 micro=3544 pop_spec=6.39 spec_max=20 q_mean=0.647 q_max=1.000 q_above_half=769 marked=0.304 mark_density=0.912 exp_mean=6581.2 addr_spec=4.305 addr_random=0.548 addr_full=0.2252 correct=235
  mpx-70 cover: trials=13500000 overall=0.9573 a0_nochange=1.0000 a0_change=1.0000 a1_nochange=0.8372 a1_change=0.9920 matched_but_wrong=87
  mpx-70 qdetail: trials=13500000 a0nc_any=1.0000 a0nc_q=1.000 a0c_any=1.0000 a0c_q=1.000 a1nc_any=0.9762 a1nc_q=1.000 a1c_any=1.0000 a1c_q=1.000
  mpx-70 traj: trials=13560000 wall=9751s knowledge=0.9646 reliable=266 spec=7.08 pop=1141
  mpx-70 diag: trials=13560000 micro=3492 pop_spec=6.50 spec_max=20 q_mean=0.656 q_max=1.000 q_above_half=823 marked=0.283 mark_density=0.911 exp_mean=6585.9 addr_spec=4.336 addr_random=0.557 addr_full=0.2279 correct=239
  mpx-70 cover: trials=13560000 overall=0.9646 a0_nochange=1.0000 a0_change=1.0000 a1_nochange=0.8649 a1_change=0.9935 matched_but_wrong=0
  mpx-70 qdetail: trials=13560000 a0nc_any=1.0000 a0nc_q=1.000 a0c_any=1.0000 a0c_q=1.000 a1nc_any=0.9688 a1nc_q=1.000 a1c_any=1.0000 a1c_q=1.000
  mpx-70 traj: trials=13620000 wall=9762s knowledge=0.9731 reliable=273 spec=7.07 pop=1174
  mpx-70 diag: trials=13620000 micro=3554 pop_spec=6.43 spec_max=20 q_mean=0.656 q_max=1.000 q_above_half=841 marked=0.271 mark_density=0.912 exp_mean=6449.7 addr_spec=4.348 addr_random=0.551 addr_full=0.2249 correct=242
  mpx-70 cover: trials=13620000 overall=0.9731 a0_nochange=1.0000 a0_change=1.0000 a1_nochange=0.8926 a1_change=1.0000 matched_but_wrong=0
  mpx-70 qdetail: trials=13620000 a0nc_any=1.0000 a0nc_q=1.000 a0c_any=1.0000 a0c_q=1.000 a1nc_any=0.9580 a1nc_q=1.000 a1c_any=1.0000 a1c_q=1.000
  mpx-70 traj: trials=13680000 wall=9773s knowledge=0.9706 reliable=266 spec=7.07 pop=1184
  mpx-70 diag: trials=13680000 micro=3576 pop_spec=6.38 spec_max=20 q_mean=0.650 q_max=1.000 q_above_half=831 marked=0.276 mark_density=0.913 exp_mean=6441.7 addr_spec=4.329 addr_random=0.547 addr_full=0.2255 correct=240
  mpx-70 cover: trials=13680000 overall=0.9706 a0_nochange=1.0000 a0_change=1.0000 a1_nochange=0.8822 a1_change=1.0000 matched_but_wrong=0
  mpx-70 qdetail: trials=13680000 a0nc_any=1.0000 a0nc_q=1.000 a0c_any=1.0000 a0c_q=1.000 a1nc_any=0.9561 a1nc_q=1.000 a1c_any=1.0000 a1c_q=1.000
  mpx-70 traj: trials=13740000 wall=9784s knowledge=0.9685 reliable=271 spec=7.07 pop=1159
  mpx-70 diag: trials=13740000 micro=3588 pop_spec=6.37 spec_max=20 q_mean=0.650 q_max=1.000 q_above_half=833 marked=0.279 mark_density=0.913 exp_mean=6631.3 addr_spec=4.376 addr_random=0.546 addr_full=0.2261 correct=240
  mpx-70 cover: trials=13740000 overall=0.9685 a0_nochange=1.0000 a0_change=1.0000 a1_nochange=0.8741 a1_change=1.0000 matched_but_wrong=0
  mpx-70 qdetail: trials=13740000 a0nc_any=1.0000 a0nc_q=1.000 a0c_any=1.0000 a0c_q=1.000 a1nc_any=0.9520 a1nc_q=1.000 a1c_any=1.0000 a1c_q=1.000
  mpx-70 traj: trials=13800000 wall=9795s knowledge=0.9696 reliable=259 spec=7.07 pop=1145
  mpx-70 diag: trials=13800000 micro=3506 pop_spec=6.34 spec_max=20 q_mean=0.642 q_max=1.000 q_above_half=759 marked=0.280 mark_density=0.914 exp_mean=6753.2 addr_spec=4.256 addr_random=0.544 addr_full=0.2393 correct=241
  mpx-70 cover: trials=13800000 overall=0.9696 a0_nochange=1.0000 a0_change=1.0000 a1_nochange=0.8784 a1_change=1.0000 matched_but_wrong=0
  mpx-70 qdetail: trials=13800000 a0nc_any=1.0000 a0nc_q=1.000 a0c_any=1.0000 a0c_q=1.000 a1nc_any=0.9421 a1nc_q=1.000 a1c_any=1.0000 a1c_q=1.000
  mpx-70 traj: trials=13860000 wall=9806s knowledge=0.9782 reliable=266 spec=7.06 pop=1237
  mpx-70 diag: trials=13860000 micro=3661 pop_spec=6.38 spec_max=20 q_mean=0.645 q_max=1.000 q_above_half=844 marked=0.271 mark_density=0.913 exp_mean=6299.0 addr_spec=4.226 addr_random=0.547 addr_full=0.2118 correct=243
  mpx-70 cover: trials=13860000 overall=0.9782 a0_nochange=1.0000 a0_change=1.0000 a1_nochange=0.9130 a1_change=1.0000 matched_but_wrong=0
  mpx-70 qdetail: trials=13860000 a0nc_any=1.0000 a0nc_q=1.000 a0c_any=1.0000 a0c_q=1.000 a1nc_any=0.9722 a1nc_q=1.000 a1c_any=1.0000 a1c_q=1.000
  mpx-70 traj: trials=13920000 wall=9818s knowledge=0.9771 reliable=268 spec=7.07 pop=1172
  mpx-70 diag: trials=13920000 micro=3643 pop_spec=6.40 spec_max=20 q_mean=0.648 q_max=1.000 q_above_half=845 marked=0.268 mark_density=0.914 exp_mean=6699.1 addr_spec=4.327 addr_random=0.548 addr_full=0.2244 correct=245
  mpx-70 cover: trials=13920000 overall=0.9771 a0_nochange=1.0000 a0_change=1.0000 a1_nochange=0.9084 a1_change=1.0000 matched_but_wrong=0
  mpx-70 qdetail: trials=13920000 a0nc_any=1.0000 a0nc_q=1.000 a0c_any=1.0000 a0c_q=1.000 a1nc_any=0.9593 a1nc_q=1.000 a1c_any=1.0000 a1c_q=1.000
  mpx-70 traj: trials=13980000 wall=9829s knowledge=0.9747 reliable=268 spec=7.07 pop=1160
  mpx-70 diag: trials=13980000 micro=3568 pop_spec=6.32 spec_max=20 q_mean=0.649 q_max=1.000 q_above_half=812 marked=0.261 mark_density=0.915 exp_mean=6805.3 addr_spec=4.204 addr_random=0.542 addr_full=0.2302 correct=246
  mpx-70 cover: trials=13980000 overall=0.9747 a0_nochange=1.0000 a0_change=1.0000 a1_nochange=0.8989 a1_change=1.0000 matched_but_wrong=0
  mpx-70 qdetail: trials=13980000 a0nc_any=1.0000 a0nc_q=1.000 a0c_any=1.0000 a0c_q=1.000 a1nc_any=0.9800 a1nc_q=1.000 a1c_any=1.0000 a1c_q=1.000
  mpx-70 traj: trials=14040000 wall=9839s knowledge=0.9763 reliable=273 spec=7.07 pop=1208
  mpx-70 diag: trials=14040000 micro=3621 pop_spec=6.40 spec_max=20 q_mean=0.651 q_max=1.000 q_above_half=862 marked=0.273 mark_density=0.913 exp_mean=6584.1 addr_spec=4.436 addr_random=0.549 addr_full=0.2210 correct=245
  mpx-70 cover: trials=14040000 overall=0.9763 a0_nochange=1.0000 a0_change=1.0000 a1_nochange=0.9051 a1_change=1.0000 matched_but_wrong=0
  mpx-70 qdetail: trials=14040000 a0nc_any=1.0000 a0nc_q=1.000 a0c_any=1.0000 a0c_q=1.000 a1nc_any=0.9746 a1nc_q=1.000 a1c_any=1.0000 a1c_q=1.000
  mpx-70 traj: trials=14100000 wall=9850s knowledge=0.9750 reliable=266 spec=7.06 pop=1127
  mpx-70 diag: trials=14100000 micro=3588 pop_spec=6.34 spec_max=20 q_mean=0.657 q_max=1.000 q_above_half=801 marked=0.264 mark_density=0.912 exp_mean=7108.7 addr_spec=4.341 addr_random=0.543 addr_full=0.2298 correct=246
  mpx-70 cover: trials=14100000 overall=0.9750 a0_nochange=1.0000 a0_change=1.0000 a1_nochange=0.9002 a1_change=1.0000 matched_but_wrong=0
  mpx-70 qdetail: trials=14100000 a0nc_any=1.0000 a0nc_q=1.000 a0c_any=1.0000 a0c_q=1.000 a1nc_any=0.9929 a1nc_q=1.000 a1c_any=1.0000 a1c_q=1.000
  mpx-70 traj: trials=14160000 wall=9861s knowledge=0.9784 reliable=265 spec=7.06 pop=1185
  mpx-70 diag: trials=14160000 micro=3588 pop_spec=6.41 spec_max=20 q_mean=0.653 q_max=1.000 q_above_half=856 marked=0.280 mark_density=0.913 exp_mean=6805.2 addr_spec=4.287 addr_random=0.549 addr_full=0.2262 correct=246
  mpx-70 cover: trials=14160000 overall=0.9784 a0_nochange=1.0000 a0_change=1.0000 a1_nochange=0.9137 a1_change=1.0000 matched_but_wrong=0
  mpx-70 qdetail: trials=14160000 a0nc_any=1.0000 a0nc_q=1.000 a0c_any=1.0000 a0c_q=1.000 a1nc_any=0.9834 a1nc_q=1.000 a1c_any=1.0000 a1c_q=1.000
  mpx-70 traj: trials=14220000 wall=9871s knowledge=0.9784 reliable=268 spec=7.06 pop=1125
  mpx-70 diag: trials=14220000 micro=3564 pop_spec=6.33 spec_max=20 q_mean=0.650 q_max=1.000 q_above_half=782 marked=0.264 mark_density=0.915 exp_mean=7210.8 addr_spec=4.378 addr_random=0.543 addr_full=0.2364 correct=246
  mpx-70 cover: trials=14220000 overall=0.9784 a0_nochange=1.0000 a0_change=1.0000 a1_nochange=0.9136 a1_change=1.0000 matched_but_wrong=0
  mpx-70 qdetail: trials=14220000 a0nc_any=1.0000 a0nc_q=1.000 a0c_any=1.0000 a0c_q=1.000 a1nc_any=0.9791 a1nc_q=1.000 a1c_any=1.0000 a1c_q=1.000
  mpx-70 traj: trials=14280000 wall=9882s knowledge=0.9784 reliable=266 spec=7.06 pop=1178
  mpx-70 diag: trials=14280000 micro=3635 pop_spec=6.41 spec_max=20 q_mean=0.658 q_max=1.000 q_above_half=864 marked=0.264 mark_density=0.913 exp_mean=6937.1 addr_spec=4.368 addr_random=0.549 addr_full=0.2351 correct=246
  mpx-70 cover: trials=14280000 overall=0.9784 a0_nochange=1.0000 a0_change=1.0000 a1_nochange=0.9136 a1_change=1.0000 matched_but_wrong=0
  mpx-70 qdetail: trials=14280000 a0nc_any=1.0000 a0nc_q=1.000 a0c_any=1.0000 a0c_q=1.000 a1nc_any=0.9862 a1nc_q=1.000 a1c_any=1.0000 a1c_q=1.000
  mpx-70 traj: trials=14340000 wall=9893s knowledge=0.9717 reliable=265 spec=7.06 pop=1217
  mpx-70 diag: trials=14340000 micro=3637 pop_spec=6.42 spec_max=20 q_mean=0.650 q_max=1.000 q_above_half=869 marked=0.268 mark_density=0.913 exp_mean=6668.6 addr_spec=4.214 addr_random=0.550 addr_full=0.2268 correct=243
  mpx-70 cover: trials=14340000 overall=0.9717 a0_nochange=1.0000 a0_change=0.9850 a1_nochange=0.9016 a1_change=1.0000 matched_but_wrong=0
  mpx-70 qdetail: trials=14340000 a0nc_any=1.0000 a0nc_q=1.000 a0c_any=1.0000 a0c_q=1.000 a1nc_any=0.9609 a1nc_q=1.000 a1c_any=1.0000 a1c_q=1.000
  mpx-70 traj: trials=14400000 wall=9904s knowledge=0.9766 reliable=267 spec=7.06 pop=1268
  mpx-70 diag: trials=14400000 micro=3645 pop_spec=6.38 spec_max=20 q_mean=0.644 q_max=1.000 q_above_half=910 marked=0.261 mark_density=0.914 exp_mean=6447.0 addr_spec=4.262 addr_random=0.547 addr_full=0.2098 correct=243
  mpx-70 cover: trials=14400000 overall=0.9766 a0_nochange=1.0000 a0_change=0.9891 a1_nochange=0.9174 a1_change=1.0000 matched_but_wrong=0
  mpx-70 qdetail: trials=14400000 a0nc_any=1.0000 a0nc_q=1.000 a0c_any=1.0000 a0c_q=1.000 a1nc_any=0.9616 a1nc_q=1.000 a1c_any=1.0000 a1c_q=1.000
  mpx-70 traj: trials=14460000 wall=9915s knowledge=0.9813 reliable=266 spec=7.07 pop=1169
  mpx-70 diag: trials=14460000 micro=3615 pop_spec=6.40 spec_max=20 q_mean=0.654 q_max=1.000 q_above_half=833 marked=0.286 mark_density=0.912 exp_mean=7043.6 addr_spec=4.289 addr_random=0.549 addr_full=0.2275 correct=244
  mpx-70 cover: trials=14460000 overall=0.9813 a0_nochange=1.0000 a0_change=1.0000 a1_nochange=0.9252 a1_change=1.0000 matched_but_wrong=0
  mpx-70 qdetail: trials=14460000 a0nc_any=1.0000 a0nc_q=1.000 a0c_any=1.0000 a0c_q=1.000 a1nc_any=0.9754 a1nc_q=1.000 a1c_any=1.0000 a1c_q=1.000
  mpx-70 traj: trials=14520000 wall=9926s knowledge=0.9765 reliable=269 spec=7.04 pop=1229
  mpx-70 diag: trials=14520000 micro=3603 pop_spec=6.35 spec_max=20 q_mean=0.640 q_max=1.000 q_above_half=839 marked=0.276 mark_density=0.914 exp_mean=6747.3 addr_spec=4.385 addr_random=0.544 addr_full=0.2221 correct=246
  mpx-70 cover: trials=14520000 overall=0.9765 a0_nochange=1.0000 a0_change=0.9966 a1_nochange=0.9096 a1_change=1.0000 matched_but_wrong=0
  mpx-70 qdetail: trials=14520000 a0nc_any=1.0000 a0nc_q=1.000 a0c_any=1.0000 a0c_q=1.000 a1nc_any=0.9878 a1nc_q=1.000 a1c_any=1.0000 a1c_q=1.000
  mpx-70 traj: trials=14580000 wall=9937s knowledge=0.9753 reliable=263 spec=7.04 pop=1147
  mpx-70 diag: trials=14580000 micro=3583 pop_spec=6.41 spec_max=20 q_mean=0.656 q_max=1.000 q_above_half=835 marked=0.247 mark_density=0.912 exp_mean=7265.7 addr_spec=4.403 addr_random=0.549 addr_full=0.2398 correct=246
  mpx-70 cover: trials=14580000 overall=0.9753 a0_nochange=1.0000 a0_change=0.9925 a1_nochange=0.9086 a1_change=1.0000 matched_but_wrong=0
  mpx-70 qdetail: trials=14580000 a0nc_any=1.0000 a0nc_q=1.000 a0c_any=1.0000 a0c_q=1.000 a1nc_any=0.9700 a1nc_q=1.000 a1c_any=1.0000 a1c_q=1.000
  mpx-70 traj: trials=14640000 wall=9948s knowledge=0.9749 reliable=268 spec=7.04 pop=1158
  mpx-70 diag: trials=14640000 micro=3584 pop_spec=6.37 spec_max=20 q_mean=0.648 q_max=1.000 q_above_half=805 marked=0.263 mark_density=0.914 exp_mean=7242.5 addr_spec=4.383 addr_random=0.546 addr_full=0.2358 correct=246
  mpx-70 cover: trials=14640000 overall=0.9749 a0_nochange=1.0000 a0_change=0.9956 a1_nochange=0.9040 a1_change=1.0000 matched_but_wrong=0
  mpx-70 qdetail: trials=14640000 a0nc_any=1.0000 a0nc_q=1.000 a0c_any=1.0000 a0c_q=1.000 a1nc_any=0.9950 a1nc_q=1.000 a1c_any=1.0000 a1c_q=1.000
  mpx-70 traj: trials=14700000 wall=9959s knowledge=0.9812 reliable=266 spec=7.05 pop=1221
  mpx-70 diag: trials=14700000 micro=3643 pop_spec=6.37 spec_max=20 q_mean=0.640 q_max=1.000 q_above_half=839 marked=0.283 mark_density=0.913 exp_mean=6916.3 addr_spec=4.349 addr_random=0.546 addr_full=0.2301 correct=247
  mpx-70 cover: trials=14700000 overall=0.9812 a0_nochange=1.0000 a0_change=0.9925 a1_nochange=0.9325 a1_change=1.0000 matched_but_wrong=0
  mpx-70 qdetail: trials=14700000 a0nc_any=1.0000 a0nc_q=1.000 a0c_any=1.0000 a0c_q=1.000 a1nc_any=0.9858 a1nc_q=1.000 a1c_any=1.0000 a1c_q=1.000
  mpx-70 traj: trials=14760000 wall=9971s knowledge=0.9832 reliable=264 spec=7.04 pop=1173
  mpx-70 diag: trials=14760000 micro=3609 pop_spec=6.33 spec_max=19 q_mean=0.648 q_max=1.000 q_above_half=820 marked=0.281 mark_density=0.915 exp_mean=7247.8 addr_spec=4.261 addr_random=0.542 addr_full=0.2285 correct=247
  mpx-70 cover: trials=14760000 overall=0.9832 a0_nochange=1.0000 a0_change=0.9850 a1_nochange=0.9479 a1_change=1.0000 matched_but_wrong=0
  mpx-70 qdetail: trials=14760000 a0nc_any=1.0000 a0nc_q=1.000 a0c_any=0.9999 a0c_q=1.000 a1nc_any=0.9919 a1nc_q=1.000 a1c_any=1.0000 a1c_q=1.000
  mpx-70 traj: trials=14820000 wall=9982s knowledge=0.9819 reliable=262 spec=7.04 pop=1159
  mpx-70 diag: trials=14820000 micro=3607 pop_spec=6.35 spec_max=19 q_mean=0.646 q_max=1.000 q_above_half=781 marked=0.274 mark_density=0.915 exp_mean=7385.5 addr_spec=4.387 addr_random=0.545 addr_full=0.2364 correct=247
  mpx-70 cover: trials=14820000 overall=0.9819 a0_nochange=1.0000 a0_change=0.9850 a1_nochange=0.9426 a1_change=1.0000 matched_but_wrong=0
  mpx-70 qdetail: trials=14820000 a0nc_any=1.0000 a0nc_q=1.000 a0c_any=1.0000 a0c_q=1.000 a1nc_any=0.9867 a1nc_q=1.000 a1c_any=1.0000 a1c_q=1.000
  mpx-70 traj: trials=14880000 wall=9992s knowledge=0.9823 reliable=270 spec=7.04 pop=1217
  mpx-70 diag: trials=14880000 micro=3636 pop_spec=6.35 spec_max=19 q_mean=0.644 q_max=1.000 q_above_half=823 marked=0.273 mark_density=0.914 exp_mean=7083.0 addr_spec=4.303 addr_random=0.544 addr_full=0.2210 correct=248
  mpx-70 cover: trials=14880000 overall=0.9823 a0_nochange=1.0000 a0_change=0.9891 a1_nochange=0.9399 a1_change=1.0000 matched_but_wrong=0
  mpx-70 qdetail: trials=14880000 a0nc_any=1.0000 a0nc_q=1.000 a0c_any=1.0000 a0c_q=1.000 a1nc_any=0.9876 a1nc_q=1.000 a1c_any=1.0000 a1c_q=1.000
  mpx-70 traj: trials=14940000 wall=10004s knowledge=0.9837 reliable=271 spec=7.06 pop=1192
  mpx-70 diag: trials=14940000 micro=3656 pop_spec=6.39 spec_max=19 q_mean=0.650 q_max=1.000 q_above_half=835 marked=0.257 mark_density=0.914 exp_mean=7281.2 addr_spec=4.284 addr_random=0.547 addr_full=0.2257 correct=247
  mpx-70 cover: trials=14940000 overall=0.9837 a0_nochange=1.0000 a0_change=0.9912 a1_nochange=0.9438 a1_change=1.0000 matched_but_wrong=0
  mpx-70 qdetail: trials=14940000 a0nc_any=1.0000 a0nc_q=1.000 a0c_any=1.0000 a0c_q=1.000 a1nc_any=0.9977 a1nc_q=1.000 a1c_any=1.0000 a1c_q=1.000
  mpx-70 traj: trials=15000000 wall=10015s knowledge=0.9855 reliable=279 spec=7.06 pop=1245
  mpx-70 diag: trials=15000000 micro=3657 pop_spec=6.35 spec_max=19 q_mean=0.648 q_max=1.000 q_above_half=880 marked=0.268 mark_density=0.913 exp_mean=7019.1 addr_spec=4.308 addr_random=0.545 addr_full=0.2233 correct=248
  mpx-70 cover: trials=15000000 overall=0.9855 a0_nochange=1.0000 a0_change=0.9912 a1_nochange=0.9509 a1_change=1.0000 matched_but_wrong=0
  mpx-70 qdetail: trials=15000000 a0nc_any=1.0000 a0nc_q=1.000 a0c_any=1.0000 a0c_q=1.000 a1nc_any=0.9964 a1nc_q=1.000 a1c_any=1.0000 a1c_q=1.000
  mpx-70 traj: trials=15060000 wall=10026s knowledge=0.9906 reliable=272 spec=7.07 pop=1187
  mpx-70 diag: trials=15060000 micro=3676 pop_spec=6.38 spec_max=19 q_mean=0.651 q_max=1.000 q_above_half=823 marked=0.255 mark_density=0.913 exp_mean=7411.8 addr_spec=4.336 addr_random=0.547 addr_full=0.2342 correct=248
  mpx-70 cover: trials=15060000 overall=0.9906 a0_nochange=1.0000 a0_change=0.9951 a1_nochange=0.9675 a1_change=1.0000 matched_but_wrong=0
  mpx-70 qdetail: trials=15060000 a0nc_any=1.0000 a0nc_q=1.000 a0c_any=1.0000 a0c_q=1.000 a1nc_any=0.9921 a1nc_q=1.000 a1c_any=1.0000 a1c_q=1.000
  mpx-70 traj: trials=15120000 wall=10037s knowledge=0.9920 reliable=268 spec=7.06 pop=1175
  mpx-70 diag: trials=15120000 micro=3637 pop_spec=6.34 spec_max=19 q_mean=0.650 q_max=1.000 q_above_half=840 marked=0.259 mark_density=0.914 exp_mean=7536.8 addr_spec=4.374 addr_random=0.543 addr_full=0.2357 correct=250
  mpx-70 cover: trials=15120000 overall=0.9920 a0_nochange=1.0000 a0_change=0.9931 a1_nochange=0.9750 a1_change=1.0000 matched_but_wrong=0
  mpx-70 qdetail: trials=15120000 a0nc_any=1.0000 a0nc_q=1.000 a0c_any=1.0000 a0c_q=1.000 a1nc_any=0.9958 a1nc_q=1.000 a1c_any=1.0000 a1c_q=1.000
  mpx-70 traj: trials=15180000 wall=10048s knowledge=0.9910 reliable=276 spec=7.07 pop=1161
  mpx-70 diag: trials=15180000 micro=3620 pop_spec=6.38 spec_max=19 q_mean=0.658 q_max=1.000 q_above_half=844 marked=0.251 mark_density=0.913 exp_mean=7677.9 addr_spec=4.467 addr_random=0.547 addr_full=0.2446 correct=251
  mpx-70 cover: trials=15180000 overall=0.9910 a0_nochange=1.0000 a0_change=0.9894 a1_nochange=0.9748 a1_change=1.0000 matched_but_wrong=0
  mpx-70 qdetail: trials=15180000 a0nc_any=1.0000 a0nc_q=1.000 a0c_any=1.0000 a0c_q=1.000 a1nc_any=0.9982 a1nc_q=1.000 a1c_any=1.0000 a1c_q=1.000
  mpx-70 traj: trials=15240000 wall=10059s knowledge=0.9948 reliable=276 spec=7.07 pop=1236
  mpx-70 diag: trials=15240000 micro=3721 pop_spec=6.45 spec_max=19 q_mean=0.655 q_max=1.000 q_above_half=908 marked=0.254 mark_density=0.912 exp_mean=7260.2 addr_spec=4.387 addr_random=0.553 addr_full=0.2290 correct=251
  mpx-70 cover: trials=15240000 overall=0.9948 a0_nochange=1.0000 a0_change=0.9965 a1_nochange=0.9829 a1_change=1.0000 matched_but_wrong=0
  mpx-70 qdetail: trials=15240000 a0nc_any=1.0000 a0nc_q=1.000 a0c_any=1.0000 a0c_q=1.000 a1nc_any=0.9978 a1nc_q=1.000 a1c_any=1.0000 a1c_q=1.000
  mpx-70 traj: trials=15300000 wall=10071s knowledge=0.9922 reliable=272 spec=7.08 pop=1254
  mpx-70 diag: trials=15300000 micro=3700 pop_spec=6.41 spec_max=19 q_mean=0.650 q_max=1.000 q_above_half=894 marked=0.297 mark_density=0.912 exp_mean=7202.8 addr_spec=4.398 addr_random=0.550 addr_full=0.2145 correct=250
  mpx-70 cover: trials=15300000 overall=0.9922 a0_nochange=1.0000 a0_change=0.9982 a1_nochange=0.9706 a1_change=1.0000 matched_but_wrong=0
  mpx-70 qdetail: trials=15300000 a0nc_any=1.0000 a0nc_q=1.000 a0c_any=1.0000 a0c_q=1.000 a1nc_any=0.9971 a1nc_q=1.000 a1c_any=1.0000 a1c_q=1.000
  mpx-70 traj: trials=15360000 wall=10082s knowledge=0.9921 reliable=276 spec=7.07 pop=1163
  mpx-70 diag: trials=15360000 micro=3632 pop_spec=6.37 spec_max=19 q_mean=0.653 q_max=1.000 q_above_half=804 marked=0.236 mark_density=0.916 exp_mean=7816.9 addr_spec=4.337 addr_random=0.546 addr_full=0.2382 correct=252
  mpx-70 cover: trials=15360000 overall=0.9921 a0_nochange=1.0000 a0_change=1.0000 a1_nochange=0.9682 a1_change=1.0000 matched_but_wrong=0
  mpx-70 qdetail: trials=15360000 a0nc_any=1.0000 a0nc_q=1.000 a0c_any=1.0000 a0c_q=1.000 a1nc_any=0.9854 a1nc_q=1.000 a1c_any=1.0000 a1c_q=1.000
  mpx-70 traj: trials=15420000 wall=10093s knowledge=0.9917 reliable=278 spec=7.06 pop=1196
  mpx-70 diag: trials=15420000 micro=3662 pop_spec=6.34 spec_max=19 q_mean=0.652 q_max=1.000 q_above_half=866 marked=0.261 mark_density=0.914 exp_mean=7651.8 addr_spec=4.328 addr_random=0.544 addr_full=0.2266 correct=252
  mpx-70 cover: trials=15420000 overall=0.9917 a0_nochange=1.0000 a0_change=1.0000 a1_nochange=0.9668 a1_change=1.0000 matched_but_wrong=0
  mpx-70 qdetail: trials=15420000 a0nc_any=1.0000 a0nc_q=1.000 a0c_any=1.0000 a0c_q=1.000 a1nc_any=0.9938 a1nc_q=1.000 a1c_any=1.0000 a1c_q=1.000
  mpx-70 traj: trials=15480000 wall=10103s knowledge=0.9917 reliable=277 spec=7.04 pop=1179
  mpx-70 diag: trials=15480000 micro=3675 pop_spec=6.37 spec_max=19 q_mean=0.654 q_max=1.000 q_above_half=848 marked=0.277 mark_density=0.914 exp_mean=7808.0 addr_spec=4.383 addr_random=0.546 addr_full=0.2341 correct=252
  mpx-70 cover: trials=15480000 overall=0.9917 a0_nochange=1.0000 a0_change=1.0000 a1_nochange=0.9668 a1_change=1.0000 matched_but_wrong=0
  mpx-70 qdetail: trials=15480000 a0nc_any=1.0000 a0nc_q=1.000 a0c_any=1.0000 a0c_q=1.000 a1nc_any=0.9966 a1nc_q=1.000 a1c_any=1.0000 a1c_q=1.000
  mpx-70 traj: trials=15540000 wall=10114s knowledge=0.9935 reliable=266 spec=7.05 pop=1225
  mpx-70 diag: trials=15540000 micro=3694 pop_spec=6.37 spec_max=19 q_mean=0.647 q_max=1.000 q_above_half=871 marked=0.260 mark_density=0.914 exp_mean=7562.0 addr_spec=4.406 addr_random=0.546 addr_full=0.2269 correct=253
  mpx-70 cover: trials=15540000 overall=0.9935 a0_nochange=1.0000 a0_change=1.0000 a1_nochange=0.9738 a1_change=1.0000 matched_but_wrong=0
  mpx-70 qdetail: trials=15540000 a0nc_any=1.0000 a0nc_q=1.000 a0c_any=1.0000 a0c_q=1.000 a1nc_any=0.9944 a1nc_q=1.000 a1c_any=1.0000 a1c_q=1.000
  mpx-70 traj: trials=15600000 wall=10125s knowledge=0.9944 reliable=269 spec=7.04 pop=1202
  mpx-70 diag: trials=15600000 micro=3704 pop_spec=6.35 spec_max=19 q_mean=0.652 q_max=1.000 q_above_half=891 marked=0.258 mark_density=0.913 exp_mean=7753.7 addr_spec=4.415 addr_random=0.545 addr_full=0.2238 correct=253
  mpx-70 cover: trials=15600000 overall=0.9944 a0_nochange=1.0000 a0_change=1.0000 a1_nochange=0.9775 a1_change=1.0000 matched_but_wrong=0
  mpx-70 qdetail: trials=15600000 a0nc_any=1.0000 a0nc_q=1.000 a0c_any=1.0000 a0c_q=1.000 a1nc_any=0.9954 a1nc_q=1.000 a1c_any=1.0000 a1c_q=1.000
  mpx-70 traj: trials=15660000 wall=10135s knowledge=0.9944 reliable=276 spec=7.04 pop=1164
  mpx-70 diag: trials=15660000 micro=3660 pop_spec=6.37 spec_max=19 q_mean=0.661 q_max=1.000 q_above_half=848 marked=0.254 mark_density=0.912 exp_mean=8058.6 addr_spec=4.386 addr_random=0.546 addr_full=0.2405 correct=253
  mpx-70 cover: trials=15660000 overall=0.9944 a0_nochange=1.0000 a0_change=1.0000 a1_nochange=0.9775 a1_change=1.0000 matched_but_wrong=0
  mpx-70 qdetail: trials=15660000 a0nc_any=1.0000 a0nc_q=1.000 a0c_any=1.0000 a0c_q=1.000 a1nc_any=0.9869 a1nc_q=1.000 a1c_any=1.0000 a1c_q=1.000
  mpx-70 traj: trials=15720000 wall=10146s knowledge=0.9944 reliable=278 spec=7.04 pop=1190
  mpx-70 diag: trials=15720000 micro=3660 pop_spec=6.38 spec_max=19 q_mean=0.661 q_max=1.000 q_above_half=872 marked=0.268 mark_density=0.913 exp_mean=7934.6 addr_spec=4.381 addr_random=0.547 addr_full=0.2319 correct=253
  mpx-70 cover: trials=15720000 overall=0.9944 a0_nochange=1.0000 a0_change=1.0000 a1_nochange=0.9775 a1_change=1.0000 matched_but_wrong=0
  mpx-70 qdetail: trials=15720000 a0nc_any=1.0000 a0nc_q=1.000 a0c_any=1.0000 a0c_q=1.000 a1nc_any=0.9961 a1nc_q=1.000 a1c_any=1.0000 a1c_q=1.000
  mpx-70 traj: trials=15780000 wall=10157s knowledge=0.9964 reliable=273 spec=7.04 pop=1259
  mpx-70 diag: trials=15780000 micro=3753 pop_spec=6.40 spec_max=19 q_mean=0.649 q_max=1.000 q_above_half=876 marked=0.268 mark_density=0.913 exp_mean=7545.6 addr_spec=4.434 addr_random=0.548 addr_full=0.2264 correct=254
  mpx-70 cover: trials=15780000 overall=0.9964 a0_nochange=1.0000 a0_change=1.0000 a1_nochange=0.9854 a1_change=1.0000 matched_but_wrong=0
  mpx-70 qdetail: trials=15780000 a0nc_any=1.0000 a0nc_q=1.000 a0c_any=1.0000 a0c_q=1.000 a1nc_any=0.9976 a1nc_q=1.000 a1c_any=1.0000 a1c_q=1.000
  mpx-70 traj: trials=15840000 wall=10168s knowledge=0.9964 reliable=266 spec=7.04 pop=1242
  mpx-70 diag: trials=15840000 micro=3751 pop_spec=6.33 spec_max=19 q_mean=0.642 q_max=1.000 q_above_half=838 marked=0.292 mark_density=0.915 exp_mean=7696.8 addr_spec=4.364 addr_random=0.542 addr_full=0.2303 correct=254
  mpx-70 cover: trials=15840000 overall=0.9964 a0_nochange=1.0000 a0_change=1.0000 a1_nochange=0.9854 a1_change=1.0000 matched_but_wrong=0
  mpx-70 qdetail: trials=15840000 a0nc_any=1.0000 a0nc_q=1.000 a0c_any=1.0000 a0c_q=1.000 a1nc_any=0.9976 a1nc_q=1.000 a1c_any=1.0000 a1c_q=1.000
  mpx-70 traj: trials=15900000 wall=10179s knowledge=0.9964 reliable=271 spec=7.04 pop=1205
  mpx-70 diag: trials=15900000 micro=3677 pop_spec=6.34 spec_max=19 q_mean=0.650 q_max=1.000 q_above_half=837 marked=0.285 mark_density=0.915 exp_mean=7983.1 addr_spec=4.363 addr_random=0.543 addr_full=0.2315 correct=254
  mpx-70 cover: trials=15900000 overall=0.9964 a0_nochange=1.0000 a0_change=1.0000 a1_nochange=0.9854 a1_change=1.0000 matched_but_wrong=0
  mpx-70 qdetail: trials=15900000 a0nc_any=1.0000 a0nc_q=1.000 a0c_any=1.0000 a0c_q=1.000 a1nc_any=1.0000 a1nc_q=1.000 a1c_any=1.0000 a1c_q=1.000
  mpx-70 traj: trials=15960000 wall=10190s knowledge=0.9925 reliable=263 spec=7.04 pop=1199
  mpx-70 diag: trials=15960000 micro=3667 pop_spec=6.30 spec_max=19 q_mean=0.642 q_max=1.000 q_above_half=796 marked=0.290 mark_density=0.916 exp_mean=8062.6 addr_spec=4.322 addr_random=0.540 addr_full=0.2310 correct=252
  mpx-70 cover: trials=15960000 overall=0.9925 a0_nochange=1.0000 a0_change=1.0000 a1_nochange=0.9698 a1_change=1.0000 matched_but_wrong=0
  mpx-70 qdetail: trials=15960000 a0nc_any=1.0000 a0nc_q=1.000 a0c_any=1.0000 a0c_q=1.000 a1nc_any=0.9965 a1nc_q=1.000 a1c_any=1.0000 a1c_q=1.000
  mpx-70 traj: trials=16020000 wall=10201s knowledge=0.9925 reliable=267 spec=7.04 pop=1195
  mpx-70 diag: trials=16020000 micro=3660 pop_spec=6.37 spec_max=19 q_mean=0.655 q_max=1.000 q_above_half=858 marked=0.288 mark_density=0.913 exp_mean=8140.0 addr_spec=4.434 addr_random=0.546 addr_full=0.2276 correct=252
  mpx-70 cover: trials=16020000 overall=0.9925 a0_nochange=1.0000 a0_change=1.0000 a1_nochange=0.9698 a1_change=1.0000 matched_but_wrong=0
  mpx-70 qdetail: trials=16020000 a0nc_any=1.0000 a0nc_q=1.000 a0c_any=1.0000 a0c_q=1.000 a1nc_any=0.9942 a1nc_q=1.000 a1c_any=1.0000 a1c_q=1.000
  mpx-70 traj: trials=16080000 wall=10212s knowledge=0.9925 reliable=272 spec=7.04 pop=1190
  mpx-70 diag: trials=16080000 micro=3668 pop_spec=6.37 spec_max=19 q_mean=0.651 q_max=1.000 q_above_half=831 marked=0.280 mark_density=0.913 exp_mean=8225.4 addr_spec=4.459 addr_random=0.546 addr_full=0.2303 correct=252
  mpx-70 cover: trials=16080000 overall=0.9925 a0_nochange=1.0000 a0_change=1.0000 a1_nochange=0.9698 a1_change=1.0000 matched_but_wrong=0
  mpx-70 qdetail: trials=16080000 a0nc_any=1.0000 a0nc_q=1.000 a0c_any=1.0000 a0c_q=1.000 a1nc_any=0.9963 a1nc_q=1.000 a1c_any=1.0000 a1c_q=1.000
  mpx-70 traj: trials=16140000 wall=10223s knowledge=0.9925 reliable=275 spec=7.04 pop=1239
  mpx-70 diag: trials=16140000 micro=3697 pop_spec=6.30 spec_max=19 q_mean=0.647 q_max=1.000 q_above_half=861 marked=0.262 mark_density=0.915 exp_mean=7948.2 addr_spec=4.306 addr_random=0.540 addr_full=0.2244 correct=252
  mpx-70 cover: trials=16140000 overall=0.9925 a0_nochange=1.0000 a0_change=1.0000 a1_nochange=0.9698 a1_change=1.0000 matched_but_wrong=0
  mpx-70 qdetail: trials=16140000 a0nc_any=1.0000 a0nc_q=1.000 a0c_any=1.0000 a0c_q=1.000 a1nc_any=0.9869 a1nc_q=1.000 a1c_any=1.0000 a1c_q=1.000
  mpx-70 traj: trials=16200000 wall=10234s knowledge=0.9925 reliable=268 spec=7.04 pop=1242
  mpx-70 diag: trials=16200000 micro=3711 pop_spec=6.34 spec_max=19 q_mean=0.649 q_max=1.000 q_above_half=888 marked=0.278 mark_density=0.913 exp_mean=7976.7 addr_spec=4.444 addr_random=0.543 addr_full=0.2214 correct=252
  mpx-70 cover: trials=16200000 overall=0.9925 a0_nochange=1.0000 a0_change=1.0000 a1_nochange=0.9698 a1_change=1.0000 matched_but_wrong=0
  mpx-70 qdetail: trials=16200000 a0nc_any=1.0000 a0nc_q=1.000 a0c_any=1.0000 a0c_q=1.000 a1nc_any=0.9842 a1nc_q=1.000 a1c_any=1.0000 a1c_q=1.000
  mpx-70 traj: trials=16260000 wall=10245s knowledge=0.9933 reliable=268 spec=7.04 pop=1157
  mpx-70 diag: trials=16260000 micro=3672 pop_spec=6.39 spec_max=19 q_mean=0.655 q_max=1.000 q_above_half=825 marked=0.254 mark_density=0.913 exp_mean=8613.7 addr_spec=4.411 addr_random=0.548 addr_full=0.2342 correct=252
  mpx-70 cover: trials=16260000 overall=0.9933 a0_nochange=1.0000 a0_change=1.0000 a1_nochange=0.9734 a1_change=1.0000 matched_but_wrong=0
  mpx-70 qdetail: trials=16260000 a0nc_any=1.0000 a0nc_q=1.000 a0c_any=1.0000 a0c_q=1.000 a1nc_any=0.9937 a1nc_q=1.000 a1c_any=1.0000 a1c_q=1.000
  mpx-70 traj: trials=16320000 wall=10256s knowledge=0.9929 reliable=264 spec=7.05 pop=1136
  mpx-70 diag: trials=16320000 micro=3691 pop_spec=6.38 spec_max=19 q_mean=0.651 q_max=1.000 q_above_half=806 marked=0.258 mark_density=0.914 exp_mean=8824.3 addr_spec=4.476 addr_random=0.547 addr_full=0.2421 correct=252
  mpx-70 cover: trials=16320000 overall=0.9929 a0_nochange=1.0000 a0_change=1.0000 a1_nochange=0.9716 a1_change=1.0000 matched_but_wrong=0
  mpx-70 qdetail: trials=16320000 a0nc_any=1.0000 a0nc_q=1.000 a0c_any=1.0000 a0c_q=1.000 a1nc_any=0.9948 a1nc_q=1.000 a1c_any=1.0000 a1c_q=1.000
  mpx-70 traj: trials=16380000 wall=10266s knowledge=0.9933 reliable=268 spec=7.04 pop=1158
  mpx-70 diag: trials=16380000 micro=3671 pop_spec=6.40 spec_max=19 q_mean=0.652 q_max=1.000 q_above_half=811 marked=0.259 mark_density=0.913 exp_mean=8708.8 addr_spec=4.357 addr_random=0.548 addr_full=0.2323 correct=252
  mpx-70 cover: trials=16380000 overall=0.9933 a0_nochange=1.0000 a0_change=1.0000 a1_nochange=0.9734 a1_change=1.0000 matched_but_wrong=0
  mpx-70 qdetail: trials=16380000 a0nc_any=1.0000 a0nc_q=1.000 a0c_any=1.0000 a0c_q=1.000 a1nc_any=1.0000 a1nc_q=1.000 a1c_any=1.0000 a1c_q=1.000
  mpx-70 traj: trials=16440000 wall=10277s knowledge=0.9935 reliable=263 spec=7.04 pop=1169
  mpx-70 diag: trials=16440000 micro=3705 pop_spec=6.29 spec_max=19 q_mean=0.645 q_max=1.000 q_above_half=801 marked=0.280 mark_density=0.915 exp_mean=8677.7 addr_spec=4.362 addr_random=0.539 addr_full=0.2327 correct=252
  mpx-70 cover: trials=16440000 overall=0.9935 a0_nochange=1.0000 a0_change=1.0000 a1_nochange=0.9741 a1_change=1.0000 matched_but_wrong=0
  mpx-70 qdetail: trials=16440000 a0nc_any=1.0000 a0nc_q=1.000 a0c_any=1.0000 a0c_q=1.000 a1nc_any=0.9918 a1nc_q=1.000 a1c_any=1.0000 a1c_q=1.000
  mpx-70 traj: trials=16500000 wall=10288s knowledge=0.9949 reliable=267 spec=7.04 pop=1185
  mpx-70 diag: trials=16500000 micro=3700 pop_spec=6.42 spec_max=19 q_mean=0.647 q_max=1.000 q_above_half=800 marked=0.270 mark_density=0.912 exp_mean=8611.1 addr_spec=4.411 addr_random=0.550 addr_full=0.2354 correct=253
  mpx-70 cover: trials=16500000 overall=0.9949 a0_nochange=1.0000 a0_change=1.0000 a1_nochange=0.9795 a1_change=1.0000 matched_but_wrong=0
  mpx-70 qdetail: trials=16500000 a0nc_any=1.0000 a0nc_q=1.000 a0c_any=1.0000 a0c_q=1.000 a1nc_any=0.9963 a1nc_q=1.000 a1c_any=1.0000 a1c_q=1.000
  mpx-70 traj: trials=16560000 wall=10299s knowledge=0.9935 reliable=270 spec=7.04 pop=1191
  mpx-70 diag: trials=16560000 micro=3684 pop_spec=6.36 spec_max=19 q_mean=0.648 q_max=1.000 q_above_half=828 marked=0.290 mark_density=0.914 exp_mean=8618.1 addr_spec=4.342 addr_random=0.545 addr_full=0.2267 correct=253
  mpx-70 cover: trials=16560000 overall=0.9935 a0_nochange=1.0000 a0_change=1.0000 a1_nochange=0.9741 a1_change=1.0000 matched_but_wrong=0
  mpx-70 qdetail: trials=16560000 a0nc_any=1.0000 a0nc_q=1.000 a0c_any=1.0000 a0c_q=1.000 a1nc_any=0.9964 a1nc_q=1.000 a1c_any=1.0000 a1c_q=1.000
  mpx-70 traj: trials=16620000 wall=10310s knowledge=0.9944 reliable=273 spec=7.04 pop=1202
  mpx-70 diag: trials=16620000 micro=3663 pop_spec=6.33 spec_max=19 q_mean=0.651 q_max=1.000 q_above_half=877 marked=0.254 mark_density=0.914 exp_mean=8589.3 addr_spec=4.383 addr_random=0.542 addr_full=0.2304 correct=253
  mpx-70 cover: trials=16620000 overall=0.9944 a0_nochange=1.0000 a0_change=1.0000 a1_nochange=0.9778 a1_change=1.0000 matched_but_wrong=0
  mpx-70 qdetail: trials=16620000 a0nc_any=1.0000 a0nc_q=1.000 a0c_any=1.0000 a0c_q=1.000 a1nc_any=0.9975 a1nc_q=1.000 a1c_any=1.0000 a1c_q=1.000
  mpx-70 traj: trials=16680000 wall=10321s knowledge=0.9944 reliable=273 spec=7.04 pop=1195
  mpx-70 diag: trials=16680000 micro=3675 pop_spec=6.37 spec_max=19 q_mean=0.647 q_max=1.000 q_above_half=792 marked=0.284 mark_density=0.913 exp_mean=8689.8 addr_spec=4.405 addr_random=0.546 addr_full=0.2276 correct=253
  mpx-70 cover: trials=16680000 overall=0.9944 a0_nochange=1.0000 a0_change=1.0000 a1_nochange=0.9778 a1_change=1.0000 matched_but_wrong=0
  mpx-70 qdetail: trials=16680000 a0nc_any=1.0000 a0nc_q=1.000 a0c_any=1.0000 a0c_q=1.000 a1nc_any=0.9973 a1nc_q=1.000 a1c_any=1.0000 a1c_q=1.000
  mpx-70 traj: trials=16740000 wall=10332s knowledge=0.9973 reliable=272 spec=7.04 pop=1157
  mpx-70 diag: trials=16740000 micro=3637 pop_spec=6.34 spec_max=19 q_mean=0.656 q_max=1.000 q_above_half=814 marked=0.269 mark_density=0.915 exp_mean=9027.4 addr_spec=4.412 addr_random=0.544 addr_full=0.2411 correct=254
  mpx-70 cover: trials=16740000 overall=0.9973 a0_nochange=1.0000 a0_change=1.0000 a1_nochange=0.9893 a1_change=1.0000 matched_but_wrong=0
  mpx-70 qdetail: trials=16740000 a0nc_any=1.0000 a0nc_q=1.000 a0c_any=1.0000 a0c_q=1.000 a1nc_any=0.9979 a1nc_q=1.000 a1c_any=1.0000 a1c_q=1.000
  mpx-70 traj: trials=16800000 wall=10343s knowledge=0.9983 reliable=274 spec=7.04 pop=1247
  mpx-70 diag: trials=16800000 micro=3695 pop_spec=6.33 spec_max=19 q_mean=0.642 q_max=1.000 q_above_half=828 marked=0.285 mark_density=0.915 exp_mean=8423.9 addr_spec=4.274 addr_random=0.543 addr_full=0.2197 correct=255
  mpx-70 cover: trials=16800000 overall=0.9983 a0_nochange=1.0000 a0_change=1.0000 a1_nochange=0.9931 a1_change=1.0000 matched_but_wrong=0
  mpx-70 qdetail: trials=16800000 a0nc_any=1.0000 a0nc_q=1.000 a0c_any=1.0000 a0c_q=1.000 a1nc_any=0.9996 a1nc_q=1.000 a1c_any=1.0000 a1c_q=1.000
  mpx-70 traj: trials=16860000 wall=10354s knowledge=0.9958 reliable=271 spec=7.04 pop=1194
  mpx-70 diag: trials=16860000 micro=3702 pop_spec=6.33 spec_max=19 q_mean=0.644 q_max=1.000 q_above_half=826 marked=0.261 mark_density=0.914 exp_mean=8845.8 addr_spec=4.337 addr_random=0.543 addr_full=0.2320 correct=253
  mpx-70 cover: trials=16860000 overall=0.9958 a0_nochange=1.0000 a0_change=1.0000 a1_nochange=0.9834 a1_change=1.0000 matched_but_wrong=0
  mpx-70 qdetail: trials=16860000 a0nc_any=1.0000 a0nc_q=1.000 a0c_any=1.0000 a0c_q=1.000 a1nc_any=0.9984 a1nc_q=1.000 a1c_any=1.0000 a1c_q=1.000
  mpx-70 traj: trials=16920000 wall=10365s knowledge=0.9958 reliable=275 spec=7.04 pop=1170
  mpx-70 diag: trials=16920000 micro=3660 pop_spec=6.38 spec_max=19 q_mean=0.653 q_max=1.000 q_above_half=818 marked=0.261 mark_density=0.913 exp_mean=9079.8 addr_spec=4.470 addr_random=0.547 addr_full=0.2385 correct=253
  mpx-70 cover: trials=16920000 overall=0.9958 a0_nochange=1.0000 a0_change=1.0000 a1_nochange=0.9834 a1_change=1.0000 matched_but_wrong=0
  mpx-70 qdetail: trials=16920000 a0nc_any=1.0000 a0nc_q=1.000 a0c_any=1.0000 a0c_q=1.000 a1nc_any=0.9978 a1nc_q=1.000 a1c_any=1.0000 a1c_q=1.000
  mpx-70 traj: trials=16980000 wall=10375s knowledge=0.9954 reliable=278 spec=7.04 pop=1262
  mpx-70 diag: trials=16980000 micro=3685 pop_spec=6.40 spec_max=19 q_mean=0.655 q_max=1.000 q_above_half=926 marked=0.279 mark_density=0.913 exp_mean=8466.0 addr_spec=4.448 addr_random=0.548 addr_full=0.2195 correct=253
  mpx-70 cover: trials=16980000 overall=0.9954 a0_nochange=1.0000 a0_change=1.0000 a1_nochange=0.9818 a1_change=1.0000 matched_but_wrong=0
  mpx-70 qdetail: trials=16980000 a0nc_any=1.0000 a0nc_q=1.000 a0c_any=1.0000 a0c_q=1.000 a1nc_any=0.9986 a1nc_q=1.000 a1c_any=1.0000 a1c_q=1.000
  mpx-70 traj: trials=17040000 wall=10386s knowledge=0.9957 reliable=271 spec=7.04 pop=1193
  mpx-70 diag: trials=17040000 micro=3672 pop_spec=6.38 spec_max=19 q_mean=0.650 q_max=1.000 q_above_half=841 marked=0.274 mark_density=0.912 exp_mean=9004.8 addr_spec=4.410 addr_random=0.547 addr_full=0.2313 correct=253
  mpx-70 cover: trials=17040000 overall=0.9957 a0_nochange=1.0000 a0_change=1.0000 a1_nochange=0.9827 a1_change=1.0000 matched_but_wrong=0
  mpx-70 qdetail: trials=17040000 a0nc_any=1.0000 a0nc_q=1.000 a0c_any=1.0000 a0c_q=1.000 a1nc_any=0.9914 a1nc_q=1.000 a1c_any=1.0000 a1c_q=1.000
  mpx-70 traj: trials=17100000 wall=10397s knowledge=0.9957 reliable=268 spec=7.04 pop=1178
  mpx-70 diag: trials=17100000 micro=3686 pop_spec=6.37 spec_max=19 q_mean=0.648 q_max=1.000 q_above_half=827 marked=0.281 mark_density=0.914 exp_mean=9170.4 addr_spec=4.315 addr_random=0.546 addr_full=0.2292 correct=253
  mpx-70 cover: trials=17100000 overall=0.9957 a0_nochange=1.0000 a0_change=1.0000 a1_nochange=0.9827 a1_change=1.0000 matched_but_wrong=0
  mpx-70 qdetail: trials=17100000 a0nc_any=1.0000 a0nc_q=1.000 a0c_any=1.0000 a0c_q=1.000 a1nc_any=0.9980 a1nc_q=1.000 a1c_any=1.0000 a1c_q=1.000
  mpx-70 traj: trials=17160000 wall=10407s knowledge=0.9952 reliable=264 spec=7.04 pop=1172
  mpx-70 diag: trials=17160000 micro=3709 pop_spec=6.41 spec_max=19 q_mean=0.653 q_max=1.000 q_above_half=827 marked=0.281 mark_density=0.912 exp_mean=9251.9 addr_spec=4.433 addr_random=0.550 addr_full=0.2270 correct=253
  mpx-70 cover: trials=17160000 overall=0.9952 a0_nochange=1.0000 a0_change=1.0000 a1_nochange=0.9886 a1_change=0.9921 matched_but_wrong=0
  mpx-70 qdetail: trials=17160000 a0nc_any=1.0000 a0nc_q=1.000 a0c_any=1.0000 a0c_q=1.000 a1nc_any=0.9966 a1nc_q=1.000 a1c_any=1.0000 a1c_q=1.000
  mpx-70 traj: trials=17220000 wall=10418s knowledge=0.9951 reliable=271 spec=7.04 pop=1187
  mpx-70 diag: trials=17220000 micro=3606 pop_spec=6.35 spec_max=19 q_mean=0.650 q_max=1.000 q_above_half=863 marked=0.254 mark_density=0.914 exp_mean=9185.5 addr_spec=4.312 addr_random=0.545 addr_full=0.2350 correct=253
  mpx-70 cover: trials=17220000 overall=0.9951 a0_nochange=1.0000 a0_change=1.0000 a1_nochange=0.9884 a1_change=0.9921 matched_but_wrong=0
  mpx-70 qdetail: trials=17220000 a0nc_any=1.0000 a0nc_q=1.000 a0c_any=1.0000 a0c_q=1.000 a1nc_any=0.9983 a1nc_q=1.000 a1c_any=1.0000 a1c_q=1.000
  mpx-70 traj: trials=17280000 wall=10430s knowledge=0.9961 reliable=272 spec=7.05 pop=1153
  mpx-70 diag: trials=17280000 micro=3639 pop_spec=6.37 spec_max=19 q_mean=0.654 q_max=1.000 q_above_half=812 marked=0.252 mark_density=0.913 exp_mean=9508.5 addr_spec=4.342 addr_random=0.546 addr_full=0.2402 correct=254
  mpx-70 cover: trials=17280000 overall=0.9961 a0_nochange=1.0000 a0_change=1.0000 a1_nochange=0.9844 a1_change=1.0000 matched_but_wrong=0
  mpx-70 qdetail: trials=17280000 a0nc_any=1.0000 a0nc_q=1.000 a0c_any=1.0000 a0c_q=1.000 a1nc_any=0.9987 a1nc_q=1.000 a1c_any=1.0000 a1c_q=1.000
  mpx-70 traj: trials=17340000 wall=10441s knowledge=0.9991 reliable=275 spec=7.04 pop=1177
  mpx-70 diag: trials=17340000 micro=3720 pop_spec=6.29 spec_max=19 q_mean=0.653 q_max=1.000 q_above_half=845 marked=0.263 mark_density=0.915 exp_mean=9365.7 addr_spec=4.438 addr_random=0.539 addr_full=0.2455 correct=255
  mpx-70 cover: trials=17340000 overall=0.9991 a0_nochange=1.0000 a0_change=1.0000 a1_nochange=0.9964 a1_change=1.0000 matched_but_wrong=0
  mpx-70 qdetail: trials=17340000 a0nc_any=1.0000 a0nc_q=1.000 a0c_any=1.0000 a0c_q=1.000 a1nc_any=0.9982 a1nc_q=1.000 a1c_any=1.0000 a1c_q=1.000
  mpx-70 traj: trials=17400000 wall=10451s knowledge=0.9982 reliable=270 spec=7.04 pop=1210
  mpx-70 diag: trials=17400000 micro=3646 pop_spec=6.40 spec_max=19 q_mean=0.648 q_max=1.000 q_above_half=869 marked=0.279 mark_density=0.913 exp_mean=9153.9 addr_spec=4.418 addr_random=0.548 addr_full=0.2256 correct=255
  mpx-70 cover: trials=17400000 overall=0.9982 a0_nochange=1.0000 a0_change=1.0000 a1_nochange=0.9926 a1_change=1.0000 matched_but_wrong=0
  mpx-70 qdetail: trials=17400000 a0nc_any=1.0000 a0nc_q=1.000 a0c_any=1.0000 a0c_q=1.000 a1nc_any=1.0000 a1nc_q=1.000 a1c_any=1.0000 a1c_q=1.000
  mpx-70 traj: trials=17460000 wall=10462s knowledge=0.9982 reliable=267 spec=7.04 pop=1217
  mpx-70 diag: trials=17460000 micro=3722 pop_spec=6.35 spec_max=19 q_mean=0.653 q_max=1.000 q_above_half=877 marked=0.243 mark_density=0.913 exp_mean=9135.9 addr_spec=4.348 addr_random=0.544 addr_full=0.2260 correct=255
  mpx-70 cover: trials=17460000 overall=0.9982 a0_nochange=1.0000 a0_change=1.0000 a1_nochange=0.9926 a1_change=1.0000 matched_but_wrong=0
  mpx-70 qdetail: trials=17460000 a0nc_any=1.0000 a0nc_q=1.000 a0c_any=1.0000 a0c_q=1.000 a1nc_any=1.0000 a1nc_q=1.000 a1c_any=1.0000 a1c_q=1.000
  mpx-70 traj: trials=17520000 wall=10473s knowledge=0.9998 reliable=275 spec=7.04 pop=1160
  mpx-70 diag: trials=17520000 micro=3699 pop_spec=6.32 spec_max=19 q_mean=0.656 q_max=1.000 q_above_half=845 marked=0.292 mark_density=0.914 exp_mean=9636.8 addr_spec=4.428 addr_random=0.542 addr_full=0.2397 correct=255
  mpx-70 cover: trials=17520000 overall=0.9998 a0_nochange=1.0000 a0_change=1.0000 a1_nochange=0.9990 a1_change=1.0000 matched_but_wrong=0
  mpx-70 qdetail: trials=17520000 a0nc_any=1.0000 a0nc_q=1.000 a0c_any=1.0000 a0c_q=1.000 a1nc_any=0.9998 a1nc_q=1.000 a1c_any=1.0000 a1c_q=1.000
  mpx-70 traj: trials=17580000 wall=10484s knowledge=0.9991 reliable=275 spec=7.04 pop=1171
  mpx-70 diag: trials=17580000 micro=3715 pop_spec=6.37 spec_max=19 q_mean=0.653 q_max=1.000 q_above_half=811 marked=0.283 mark_density=0.914 exp_mean=9597.8 addr_spec=4.372 addr_random=0.546 addr_full=0.2357 correct=255
  mpx-70 cover: trials=17580000 overall=0.9991 a0_nochange=1.0000 a0_change=1.0000 a1_nochange=0.9966 a1_change=1.0000 matched_but_wrong=0
  mpx-70 qdetail: trials=17580000 a0nc_any=1.0000 a0nc_q=1.000 a0c_any=1.0000 a0c_q=1.000 a1nc_any=0.9988 a1nc_q=1.000 a1c_any=1.0000 a1c_q=1.000
  mpx-70 traj: trials=17640000 wall=10495s knowledge=0.9982 reliable=268 spec=7.04 pop=1177
  mpx-70 diag: trials=17640000 micro=3683 pop_spec=6.31 spec_max=19 q_mean=0.650 q_max=1.000 q_above_half=818 marked=0.261 mark_density=0.915 exp_mean=9599.5 addr_spec=4.365 addr_random=0.541 addr_full=0.2336 correct=255
  mpx-70 cover: trials=17640000 overall=0.9982 a0_nochange=1.0000 a0_change=1.0000 a1_nochange=0.9926 a1_change=1.0000 matched_but_wrong=0
  mpx-70 qdetail: trials=17640000 a0nc_any=1.0000 a0nc_q=1.000 a0c_any=1.0000 a0c_q=1.000 a1nc_any=0.9950 a1nc_q=1.000 a1c_any=1.0000 a1c_q=1.000
  mpx-70 traj: trials=17700000 wall=10506s knowledge=0.9982 reliable=272 spec=7.04 pop=1226
  mpx-70 diag: trials=17700000 micro=3732 pop_spec=6.34 spec_max=19 q_mean=0.647 q_max=1.000 q_above_half=852 marked=0.275 mark_density=0.914 exp_mean=9264.9 addr_spec=4.410 addr_random=0.544 addr_full=0.2300 correct=255
  mpx-70 cover: trials=17700000 overall=0.9982 a0_nochange=1.0000 a0_change=1.0000 a1_nochange=0.9926 a1_change=1.0000 matched_but_wrong=0
  mpx-70 qdetail: trials=17700000 a0nc_any=1.0000 a0nc_q=1.000 a0c_any=1.0000 a0c_q=1.000 a1nc_any=1.0000 a1nc_q=1.000 a1c_any=1.0000 a1c_q=1.000
  mpx-70 traj: trials=17760000 wall=10517s knowledge=0.9982 reliable=268 spec=7.04 pop=1205
  mpx-70 diag: trials=17760000 micro=3687 pop_spec=6.42 spec_max=19 q_mean=0.654 q_max=1.000 q_above_half=910 marked=0.294 mark_density=0.912 exp_mean=9476.0 addr_spec=4.425 addr_random=0.550 addr_full=0.2390 correct=255
  mpx-70 cover: trials=17760000 overall=0.9982 a0_nochange=1.0000 a0_change=1.0000 a1_nochange=0.9926 a1_change=1.0000 matched_but_wrong=0
  mpx-70 qdetail: trials=17760000 a0nc_any=1.0000 a0nc_q=1.000 a0c_any=1.0000 a0c_q=1.000 a1nc_any=1.0000 a1nc_q=1.000 a1c_any=1.0000 a1c_q=1.000
  mpx-70 traj: trials=17820000 wall=10528s knowledge=0.9982 reliable=273 spec=7.04 pop=1213
  mpx-70 diag: trials=17820000 micro=3744 pop_spec=6.39 spec_max=19 q_mean=0.651 q_max=1.000 q_above_half=846 marked=0.275 mark_density=0.911 exp_mean=9463.0 addr_spec=4.383 addr_random=0.548 addr_full=0.2292 correct=255
  mpx-70 cover: trials=17820000 overall=0.9982 a0_nochange=1.0000 a0_change=1.0000 a1_nochange=0.9926 a1_change=1.0000 matched_but_wrong=0
  mpx-70 qdetail: trials=17820000 a0nc_any=1.0000 a0nc_q=1.000 a0c_any=1.0000 a0c_q=1.000 a1nc_any=0.9986 a1nc_q=1.000 a1c_any=1.0000 a1c_q=1.000
  mpx-70 traj: trials=17880000 wall=10539s knowledge=1.0000 reliable=277 spec=7.04 pop=1248
  mpx-70 diag: trials=17880000 micro=3738 pop_spec=6.38 spec_max=19 q_mean=0.644 q_max=1.000 q_above_half=868 marked=0.264 mark_density=0.914 exp_mean=9245.8 addr_spec=4.373 addr_random=0.547 addr_full=0.2268 correct=256
  mpx-70 cover: trials=17880000 overall=1.0000 a0_nochange=1.0000 a0_change=1.0000 a1_nochange=1.0000 a1_change=1.0000 matched_but_wrong=0
  mpx-70 qdetail: trials=17880000 a0nc_any=1.0000 a0nc_q=1.000 a0c_any=1.0000 a0c_q=1.000 a1nc_any=1.0000 a1nc_q=1.000 a1c_any=1.0000 a1c_q=1.000
  mpx-70 repeat 0: SUCCESS trials=17880000 knowledge=1.0000 reliable=277 spec=7.04/71 peak_macro=16326 peak_rss=0.00GB wall=10541.5s
  mpx-70 verdict agreement across 1 repeats: ALL AGREE
