acs2-bench mpx-reach: agent=acs2er er_buffer_size=10000 er_min_samples=1000 er_samples_number=1 sizes=[70] n_exp=1 seed=43 rss_cap=5.6GB time_cap=600000s do_ga=true alp_gen_variant=pyalcs
  mem mpx-70 (N=71): condition=142B effect=142B mark=1704B (stack) classifier=2072B  mark/classifier=82.2%  rss-cap pop-threshold=2702702
  mpx-70 trials_cap=18446744073709551615 (= 20000*2^(k-6)*10, clamped to u64::MAX) u_max=8
  mpx-70 traj: trials=60000 wall=183s knowledge=0.0011 reliable=2 spec=10.00 pop=10794
  mpx-70 diag: trials=60000 micro=10820 pop_spec=10.27 spec_max=20 q_mean=0.626 q_max=0.913 q_above_half=9564 marked=0.384 mark_density=0.858 exp_mean=3.2 addr_spec=1.008 addr_random=0.880 addr_full=0.0000 correct=0
  mpx-70 cover: trials=60000 overall=0.0011 a0_nochange=0.0000 a0_change=0.0035 a1_nochange=0.0000 a1_change=0.0008 matched_but_wrong=116
  mpx-70 traj: trials=120000 wall=443s knowledge=0.0035 reliable=6 spec=10.50 pop=12891
  mpx-70 diag: trials=120000 micro=12926 pop_spec=10.68 spec_max=20 q_mean=0.632 q_max=1.000 q_above_half=11510 marked=0.383 mark_density=0.852 exp_mean=3.3 addr_spec=1.049 addr_random=0.916 addr_full=0.0001 correct=0
  mpx-70 cover: trials=120000 overall=0.0035 a0_nochange=0.0000 a0_change=0.0094 a1_nochange=0.0000 a1_change=0.0048 matched_but_wrong=132
  mpx-70 traj: trials=180000 wall=731s knowledge=0.0113 reliable=18 spec=9.78 pop=14148
  mpx-70 diag: trials=180000 micro=14184 pop_spec=10.90 spec_max=22 q_mean=0.632 q_max=1.000 q_above_half=12586 marked=0.370 mark_density=0.849 exp_mean=3.3 addr_spec=1.093 addr_random=0.934 addr_full=0.0001 correct=0
  mpx-70 cover: trials=180000 overall=0.0113 a0_nochange=0.0000 a0_change=0.0288 a1_nochange=0.0000 a1_change=0.0164 matched_but_wrong=322
  mpx-70 traj: trials=240000 wall=1017s knowledge=0.0172 reliable=26 spec=10.62 pop=14117
  mpx-70 diag: trials=240000 micro=14183 pop_spec=11.03 spec_max=22 q_mean=0.634 q_max=1.000 q_above_half=12566 marked=0.366 mark_density=0.848 exp_mean=3.4 addr_spec=1.283 addr_random=0.945 addr_full=0.0001 correct=0
  mpx-70 cover: trials=240000 overall=0.0172 a0_nochange=0.0000 a0_change=0.0441 a1_nochange=0.0000 a1_change=0.0247 matched_but_wrong=242
  mpx-70 traj: trials=300000 wall=1300s knowledge=0.0281 reliable=29 spec=10.10 pop=14066
  mpx-70 diag: trials=300000 micro=14162 pop_spec=11.12 spec_max=22 q_mean=0.638 q_max=1.000 q_above_half=12509 marked=0.376 mark_density=0.847 exp_mean=3.5 addr_spec=1.355 addr_random=0.953 addr_full=0.0003 correct=0
  mpx-70 cover: trials=300000 overall=0.0281 a0_nochange=0.0000 a0_change=0.0669 a1_nochange=0.0000 a1_change=0.0455 matched_but_wrong=201
  mpx-70 traj: trials=360000 wall=1583s knowledge=0.0383 reliable=39 spec=10.23 pop=14461
  mpx-70 diag: trials=360000 micro=14562 pop_spec=11.14 spec_max=22 q_mean=0.635 q_max=1.000 q_above_half=12819 marked=0.365 mark_density=0.847 exp_mean=3.6 addr_spec=1.357 addr_random=0.955 addr_full=0.0003 correct=1
  mpx-70 cover: trials=360000 overall=0.0383 a0_nochange=0.0000 a0_change=0.1019 a1_nochange=0.0000 a1_change=0.0514 matched_but_wrong=728
  mpx-70 traj: trials=420000 wall=1864s knowledge=0.0310 reliable=35 spec=10.71 pop=14736
  mpx-70 diag: trials=420000 micro=14865 pop_spec=11.21 spec_max=22 q_mean=0.633 q_max=1.000 q_above_half=13041 marked=0.369 mark_density=0.846 exp_mean=3.7 addr_spec=1.347 addr_random=0.960 addr_full=0.0003 correct=1
  mpx-70 cover: trials=420000 overall=0.0310 a0_nochange=0.0000 a0_change=0.0859 a1_nochange=0.0000 a1_change=0.0379 matched_but_wrong=168
  mpx-70 traj: trials=480000 wall=2135s knowledge=0.0406 reliable=48 spec=10.50 pop=14879
  mpx-70 diag: trials=480000 micro=15013 pop_spec=11.21 spec_max=22 q_mean=0.640 q_max=1.000 q_above_half=13129 marked=0.361 mark_density=0.845 exp_mean=3.9 addr_spec=1.450 addr_random=0.961 addr_full=0.0004 correct=1
  mpx-70 cover: trials=480000 overall=0.0406 a0_nochange=0.0000 a0_change=0.1038 a1_nochange=0.0000 a1_change=0.0585 matched_but_wrong=324
  mpx-70 traj: trials=540000 wall=2408s knowledge=0.0480 reliable=53 spec=10.74 pop=14241
  mpx-70 diag: trials=540000 micro=14390 pop_spec=11.40 spec_max=23 q_mean=0.635 q_max=1.000 q_above_half=12517 marked=0.378 mark_density=0.844 exp_mean=4.1 addr_spec=1.424 addr_random=0.977 addr_full=0.0004 correct=1
  mpx-70 cover: trials=540000 overall=0.0480 a0_nochange=0.0000 a0_change=0.1354 a1_nochange=0.0002 a1_change=0.0564 matched_but_wrong=411
  mpx-70 traj: trials=600000 wall=2667s knowledge=0.0636 reliable=65 spec=10.45 pop=13932
  mpx-70 diag: trials=600000 micro=14101 pop_spec=11.42 spec_max=23 q_mean=0.632 q_max=1.000 q_above_half=12151 marked=0.386 mark_density=0.843 exp_mean=4.4 addr_spec=1.489 addr_random=0.979 addr_full=0.0008 correct=2
  mpx-70 cover: trials=600000 overall=0.0636 a0_nochange=0.0000 a0_change=0.1915 a1_nochange=0.0000 a1_change=0.0631 matched_but_wrong=314
  mpx-70 traj: trials=660000 wall=2917s knowledge=0.0683 reliable=73 spec=10.52 pop=13470
  mpx-70 diag: trials=660000 micro=13642 pop_spec=11.46 spec_max=23 q_mean=0.638 q_max=1.000 q_above_half=11813 marked=0.357 mark_density=0.842 exp_mean=4.5 addr_spec=1.477 addr_random=0.982 addr_full=0.0008 correct=2
  mpx-70 cover: trials=660000 overall=0.0683 a0_nochange=0.0000 a0_change=0.2051 a1_nochange=0.0000 a1_change=0.0680 matched_but_wrong=455
  mpx-70 traj: trials=720000 wall=3154s knowledge=0.0829 reliable=76 spec=10.71 pop=13067
  mpx-70 diag: trials=720000 micro=13282 pop_spec=11.49 spec_max=23 q_mean=0.636 q_max=1.000 q_above_half=11391 marked=0.383 mark_density=0.843 exp_mean=5.0 addr_spec=1.564 addr_random=0.985 addr_full=0.0011 correct=2
  mpx-70 cover: trials=720000 overall=0.0829 a0_nochange=0.0000 a0_change=0.2581 a1_nochange=0.0000 a1_change=0.0736 matched_but_wrong=285
  mpx-70 traj: trials=780000 wall=3385s knowledge=0.0892 reliable=83 spec=10.47 pop=13158
  mpx-70 diag: trials=780000 micro=13400 pop_spec=11.48 spec_max=23 q_mean=0.634 q_max=1.000 q_above_half=11471 marked=0.377 mark_density=0.843 exp_mean=5.0 addr_spec=1.574 addr_random=0.984 addr_full=0.0014 correct=2
  mpx-70 cover: trials=780000 overall=0.0892 a0_nochange=0.0000 a0_change=0.2585 a1_nochange=0.0000 a1_change=0.0981 matched_but_wrong=556
  mpx-70 traj: trials=840000 wall=3605s knowledge=0.1031 reliable=96 spec=10.38 pop=12716
  mpx-70 diag: trials=840000 micro=12976 pop_spec=11.48 spec_max=23 q_mean=0.638 q_max=1.000 q_above_half=11068 marked=0.372 mark_density=0.843 exp_mean=5.6 addr_spec=1.651 addr_random=0.984 addr_full=0.0017 correct=2
  mpx-70 cover: trials=840000 overall=0.1031 a0_nochange=0.0000 a0_change=0.3063 a1_nochange=0.0000 a1_change=0.1059 matched_but_wrong=575
  mpx-70 traj: trials=900000 wall=3818s knowledge=0.1112 reliable=97 spec=10.21 pop=12300
  mpx-70 diag: trials=900000 micro=12580 pop_spec=11.46 spec_max=23 q_mean=0.634 q_max=1.000 q_above_half=10577 marked=0.373 mark_density=0.842 exp_mean=6.3 addr_spec=1.554 addr_random=0.982 addr_full=0.0020 correct=3
  mpx-70 cover: trials=900000 overall=0.1112 a0_nochange=0.0000 a0_change=0.3267 a1_nochange=0.0000 a1_change=0.1182 matched_but_wrong=266
  mpx-70 traj: trials=960000 wall=4013s knowledge=0.1221 reliable=108 spec=10.03 pop=11145
  mpx-70 diag: trials=960000 micro=11450 pop_spec=11.54 spec_max=23 q_mean=0.638 q_max=1.000 q_above_half=9652 marked=0.359 mark_density=0.841 exp_mean=6.8 addr_spec=1.641 addr_random=0.989 addr_full=0.0020 correct=6
  mpx-70 cover: trials=960000 overall=0.1221 a0_nochange=0.0000 a0_change=0.3310 a1_nochange=0.0000 a1_change=0.1573 matched_but_wrong=427
  mpx-70 traj: trials=1020000 wall=4197s knowledge=0.1293 reliable=96 spec=10.18 pop=11140
  mpx-70 diag: trials=1020000 micro=11449 pop_spec=11.42 spec_max=23 q_mean=0.635 q_max=1.000 q_above_half=9621 marked=0.368 mark_density=0.843 exp_mean=7.0 addr_spec=1.672 addr_random=0.979 addr_full=0.0015 correct=6
  mpx-70 cover: trials=1020000 overall=0.1293 a0_nochange=0.0000 a0_change=0.3381 a1_nochange=0.0000 a1_change=0.1791 matched_but_wrong=350
  mpx-70 traj: trials=1080000 wall=4373s knowledge=0.1344 reliable=94 spec=10.09 pop=10882
  mpx-70 diag: trials=1080000 micro=11222 pop_spec=11.44 spec_max=23 q_mean=0.633 q_max=1.000 q_above_half=9285 marked=0.372 mark_density=0.842 exp_mean=7.5 addr_spec=1.733 addr_random=0.981 addr_full=0.0016 correct=6
  mpx-70 cover: trials=1080000 overall=0.1344 a0_nochange=0.0008 a0_change=0.3551 a1_nochange=0.0000 a1_change=0.1817 matched_but_wrong=447
  mpx-70 traj: trials=1140000 wall=4547s knowledge=0.1494 reliable=107 spec=9.69 pop=10671
  mpx-70 diag: trials=1140000 micro=11019 pop_spec=11.50 spec_max=23 q_mean=0.635 q_max=1.000 q_above_half=9152 marked=0.379 mark_density=0.842 exp_mean=7.8 addr_spec=1.746 addr_random=0.986 addr_full=0.0019 correct=7
  mpx-70 cover: trials=1140000 overall=0.1494 a0_nochange=0.0000 a0_change=0.4139 a1_nochange=0.0000 a1_change=0.1835 matched_but_wrong=481
  mpx-70 traj: trials=1200000 wall=4710s knowledge=0.1545 reliable=96 spec=9.79 pop=10200
  mpx-70 diag: trials=1200000 micro=10597 pop_spec=11.47 spec_max=23 q_mean=0.633 q_max=1.000 q_above_half=8734 marked=0.359 mark_density=0.842 exp_mean=8.9 addr_spec=1.668 addr_random=0.983 addr_full=0.0023 correct=7
  mpx-70 cover: trials=1200000 overall=0.1545 a0_nochange=0.0000 a0_change=0.4360 a1_nochange=0.0000 a1_change=0.1821 matched_but_wrong=272
  mpx-70 traj: trials=1260000 wall=4867s knowledge=0.1691 reliable=106 spec=9.77 pop=10068
  mpx-70 diag: trials=1260000 micro=10498 pop_spec=11.37 spec_max=23 q_mean=0.635 q_max=1.000 q_above_half=8647 marked=0.377 mark_density=0.843 exp_mean=10.1 addr_spec=1.778 addr_random=0.975 addr_full=0.0027 correct=8
  mpx-70 cover: trials=1260000 overall=0.1691 a0_nochange=0.0000 a0_change=0.4650 a1_nochange=0.0000 a1_change=0.2113 matched_but_wrong=172
  mpx-70 traj: trials=1320000 wall=5017s knowledge=0.1716 reliable=108 spec=9.94 pop=9265
  mpx-70 diag: trials=1320000 micro=9703 pop_spec=11.41 spec_max=23 q_mean=0.627 q_max=1.000 q_above_half=7829 marked=0.372 mark_density=0.842 exp_mean=11.7 addr_spec=1.663 addr_random=0.978 addr_full=0.0022 correct=7
  mpx-70 cover: trials=1320000 overall=0.1716 a0_nochange=0.0000 a0_change=0.4576 a1_nochange=0.0000 a1_change=0.2287 matched_but_wrong=265
  mpx-70 traj: trials=1380000 wall=5156s knowledge=0.1848 reliable=118 spec=10.03 pop=8721
  mpx-70 diag: trials=1380000 micro=9203 pop_spec=11.41 spec_max=23 q_mean=0.627 q_max=1.000 q_above_half=7313 marked=0.379 mark_density=0.843 exp_mean=13.2 addr_spec=1.743 addr_random=0.978 addr_full=0.0029 correct=9
  mpx-70 cover: trials=1380000 overall=0.1848 a0_nochange=0.0003 a0_change=0.4818 a1_nochange=0.0000 a1_change=0.2573 matched_but_wrong=278
  mpx-70 traj: trials=1440000 wall=5286s knowledge=0.1918 reliable=113 spec=9.79 pop=8072
  mpx-70 diag: trials=1440000 micro=8536 pop_spec=11.34 spec_max=23 q_mean=0.627 q_max=1.000 q_above_half=6741 marked=0.386 mark_density=0.845 exp_mean=14.8 addr_spec=1.802 addr_random=0.972 addr_full=0.0035 correct=9
  mpx-70 cover: trials=1440000 overall=0.1918 a0_nochange=0.0000 a0_change=0.4904 a1_nochange=0.0000 a1_change=0.2767 matched_but_wrong=186
  mpx-70 traj: trials=1500000 wall=5405s knowledge=0.2010 reliable=122 spec=9.79 pop=8077
  mpx-70 diag: trials=1500000 micro=8585 pop_spec=11.14 spec_max=23 q_mean=0.631 q_max=1.000 q_above_half=6743 marked=0.377 mark_density=0.846 exp_mean=15.3 addr_spec=1.810 addr_random=0.955 addr_full=0.0038 correct=9
  mpx-70 cover: trials=1500000 overall=0.2010 a0_nochange=0.0025 a0_change=0.4868 a1_nochange=0.0000 a1_change=0.3148 matched_but_wrong=358
  mpx-70 traj: trials=1560000 wall=5528s knowledge=0.2128 reliable=132 spec=9.71 pop=7806
  mpx-70 diag: trials=1560000 micro=8331 pop_spec=11.15 spec_max=23 q_mean=0.632 q_max=1.000 q_above_half=6544 marked=0.374 mark_density=0.845 exp_mean=17.5 addr_spec=1.833 addr_random=0.955 addr_full=0.0044 correct=10
  mpx-70 cover: trials=1560000 overall=0.2128 a0_nochange=0.0005 a0_change=0.5156 a1_nochange=0.0000 a1_change=0.3353 matched_but_wrong=404
  mpx-70 traj: trials=1620000 wall=5637s knowledge=0.2275 reliable=131 spec=9.68 pop=6966
  mpx-70 diag: trials=1620000 micro=7481 pop_spec=11.18 spec_max=23 q_mean=0.625 q_max=1.000 q_above_half=5683 marked=0.375 mark_density=0.846 exp_mean=19.9 addr_spec=1.808 addr_random=0.958 addr_full=0.0050 correct=12
  mpx-70 cover: trials=1620000 overall=0.2275 a0_nochange=0.0005 a0_change=0.5416 a1_nochange=0.0000 a1_change=0.3677 matched_but_wrong=162
  mpx-70 traj: trials=1680000 wall=5734s knowledge=0.2268 reliable=126 spec=9.63 pop=6479
  mpx-70 diag: trials=1680000 micro=7006 pop_spec=11.16 spec_max=23 q_mean=0.629 q_max=1.000 q_above_half=5413 marked=0.378 mark_density=0.845 exp_mean=22.4 addr_spec=1.909 addr_random=0.957 addr_full=0.0048 correct=13
  mpx-70 cover: trials=1680000 overall=0.2268 a0_nochange=0.0005 a0_change=0.5438 a1_nochange=0.0000 a1_change=0.3629 matched_but_wrong=360
  mpx-70 traj: trials=1740000 wall=5830s knowledge=0.2375 reliable=129 spec=9.40 pop=6964
  mpx-70 diag: trials=1740000 micro=7530 pop_spec=10.90 spec_max=23 q_mean=0.629 q_max=1.000 q_above_half=5815 marked=0.365 mark_density=0.849 exp_mean=22.6 addr_spec=1.896 addr_random=0.935 addr_full=0.0053 correct=14
  mpx-70 cover: trials=1740000 overall=0.2375 a0_nochange=0.0037 a0_change=0.5616 a1_nochange=0.0000 a1_change=0.3848 matched_but_wrong=276
  mpx-70 traj: trials=1800000 wall=5928s knowledge=0.2484 reliable=125 spec=9.11 pop=6572
  mpx-70 diag: trials=1800000 micro=7177 pop_spec=10.91 spec_max=23 q_mean=0.626 q_max=1.000 q_above_half=5393 marked=0.386 mark_density=0.851 exp_mean=25.1 addr_spec=1.940 addr_random=0.935 addr_full=0.0070 correct=16
  mpx-70 cover: trials=1800000 overall=0.2484 a0_nochange=0.0248 a0_change=0.5861 a1_nochange=0.0000 a1_change=0.3829 matched_but_wrong=293
  mpx-70 traj: trials=1860000 wall=6018s knowledge=0.2559 reliable=123 spec=8.93 pop=6127
  mpx-70 diag: trials=1860000 micro=6722 pop_spec=10.96 spec_max=23 q_mean=0.624 q_max=1.000 q_above_half=5068 marked=0.373 mark_density=0.847 exp_mean=28.9 addr_spec=1.888 addr_random=0.940 addr_full=0.0070 correct=18
  mpx-70 cover: trials=1860000 overall=0.2559 a0_nochange=0.0410 a0_change=0.5983 a1_nochange=0.0000 a1_change=0.3843 matched_but_wrong=106
  mpx-70 traj: trials=1920000 wall=6100s knowledge=0.2634 reliable=127 spec=9.08 pop=5491
  mpx-70 diag: trials=1920000 micro=6127 pop_spec=10.98 spec_max=23 q_mean=0.624 q_max=1.000 q_above_half=4481 marked=0.384 mark_density=0.849 exp_mean=32.5 addr_spec=1.889 addr_random=0.941 addr_full=0.0086 correct=20
  mpx-70 cover: trials=1920000 overall=0.2634 a0_nochange=0.0491 a0_change=0.5988 a1_nochange=0.0000 a1_change=0.4057 matched_but_wrong=105
  mpx-70 traj: trials=1980000 wall=6175s knowledge=0.2725 reliable=124 spec=8.83 pop=5084
  mpx-70 diag: trials=1980000 micro=5693 pop_spec=11.04 spec_max=23 q_mean=0.622 q_max=1.000 q_above_half=4125 marked=0.387 mark_density=0.849 exp_mean=38.1 addr_spec=1.811 addr_random=0.946 addr_full=0.0100 correct=23
  mpx-70 cover: trials=1980000 overall=0.2725 a0_nochange=0.0695 a0_change=0.6052 a1_nochange=0.0000 a1_change=0.4153 matched_but_wrong=230
  mpx-70 traj: trials=2040000 wall=6246s knowledge=0.2747 reliable=112 spec=8.82 pop=4748
  mpx-70 diag: trials=2040000 micro=5391 pop_spec=10.87 spec_max=23 q_mean=0.619 q_max=1.000 q_above_half=3789 marked=0.388 mark_density=0.853 exp_mean=43.1 addr_spec=1.742 addr_random=0.932 addr_full=0.0086 correct=23
  mpx-70 cover: trials=2040000 overall=0.2747 a0_nochange=0.0777 a0_change=0.6120 a1_nochange=0.0000 a1_change=0.4092 matched_but_wrong=102
  mpx-70 traj: trials=2100000 wall=6315s knowledge=0.2875 reliable=121 spec=8.72 pop=6437
  mpx-70 diag: trials=2100000 micro=7095 pop_spec=9.39 spec_max=23 q_mean=0.596 q_max=1.000 q_above_half=4544 marked=0.408 mark_density=0.877 exp_mean=35.3 addr_spec=1.580 addr_random=0.805 addr_full=0.0075 correct=25
  mpx-70 cover: trials=2100000 overall=0.2875 a0_nochange=0.0809 a0_change=0.6433 a1_nochange=0.0000 a1_change=0.4257 matched_but_wrong=265
  mpx-70 traj: trials=2160000 wall=6385s knowledge=0.3014 reliable=122 spec=8.52 pop=4508
  mpx-70 diag: trials=2160000 micro=5181 pop_spec=10.74 spec_max=23 q_mean=0.631 q_max=1.000 q_above_half=3700 marked=0.365 mark_density=0.852 exp_mean=53.4 addr_spec=1.982 addr_random=0.921 addr_full=0.0126 correct=25
  mpx-70 cover: trials=2160000 overall=0.3014 a0_nochange=0.1053 a0_change=0.6530 a1_nochange=0.0000 a1_change=0.4472 matched_but_wrong=83
  mpx-70 traj: trials=2220000 wall=6450s knowledge=0.3124 reliable=138 spec=8.62 pop=4286
  mpx-70 diag: trials=2220000 micro=4979 pop_spec=10.56 spec_max=23 q_mean=0.626 q_max=1.000 q_above_half=3471 marked=0.374 mark_density=0.855 exp_mean=60.1 addr_spec=1.998 addr_random=0.905 addr_full=0.0133 correct=27
  mpx-70 cover: trials=2220000 overall=0.3124 a0_nochange=0.1263 a0_change=0.6529 a1_nochange=0.0000 a1_change=0.4702 matched_but_wrong=335
  mpx-70 traj: trials=2280000 wall=6511s knowledge=0.3119 reliable=126 spec=8.56 pop=4412
  mpx-70 diag: trials=2280000 micro=5126 pop_spec=10.42 spec_max=23 q_mean=0.636 q_max=1.000 q_above_half=3663 marked=0.372 mark_density=0.857 exp_mean=60.0 addr_spec=2.170 addr_random=0.893 addr_full=0.0127 correct=28
  mpx-70 cover: trials=2280000 overall=0.3119 a0_nochange=0.1410 a0_change=0.6361 a1_nochange=0.0000 a1_change=0.4706 matched_but_wrong=304
  mpx-70 traj: trials=2340000 wall=6571s knowledge=0.3370 reliable=145 spec=8.61 pop=3845
  mpx-70 diag: trials=2340000 micro=4609 pop_spec=10.59 spec_max=23 q_mean=0.629 q_max=1.000 q_above_half=3103 marked=0.362 mark_density=0.855 exp_mean=74.3 addr_spec=2.103 addr_random=0.908 addr_full=0.0166 correct=34
  mpx-70 cover: trials=2340000 overall=0.3370 a0_nochange=0.1695 a0_change=0.6771 a1_nochange=0.0000 a1_change=0.5015 matched_but_wrong=259
  mpx-70 traj: trials=2400000 wall=6626s knowledge=0.3417 reliable=135 spec=8.47 pop=5199
  mpx-70 diag: trials=2400000 micro=5936 pop_spec=8.67 spec_max=24 q_mean=0.580 q_max=1.000 q_above_half=3354 marked=0.405 mark_density=0.887 exp_mean=59.4 addr_spec=1.442 addr_random=0.743 addr_full=0.0115 correct=36
  mpx-70 cover: trials=2400000 overall=0.3417 a0_nochange=0.1691 a0_change=0.6818 a1_nochange=0.0000 a1_change=0.5158 matched_but_wrong=197
  mpx-70 traj: trials=2460000 wall=6686s knowledge=0.3438 reliable=135 spec=8.33 pop=3474
  mpx-70 diag: trials=2460000 micro=4231 pop_spec=10.28 spec_max=24 q_mean=0.618 q_max=1.000 q_above_half=2664 marked=0.372 mark_density=0.860 exp_mean=92.9 addr_spec=1.993 addr_random=0.881 addr_full=0.0176 correct=38
  mpx-70 cover: trials=2460000 overall=0.3438 a0_nochange=0.1645 a0_change=0.6891 a1_nochange=0.0000 a1_change=0.5214 matched_but_wrong=254
  mpx-70 traj: trials=2520000 wall=6736s knowledge=0.3448 reliable=139 spec=8.43 pop=3515
  mpx-70 diag: trials=2520000 micro=4306 pop_spec=10.20 spec_max=24 q_mean=0.622 q_max=1.000 q_above_half=2761 marked=0.361 mark_density=0.860 exp_mean=94.7 addr_spec=2.118 addr_random=0.874 addr_full=0.0191 correct=40
  mpx-70 cover: trials=2520000 overall=0.3448 a0_nochange=0.1759 a0_change=0.6872 a1_nochange=0.0000 a1_change=0.5163 matched_but_wrong=314
  mpx-70 traj: trials=2580000 wall=6786s knowledge=0.3535 reliable=133 spec=8.30 pop=3319
  mpx-70 diag: trials=2580000 micro=4113 pop_spec=10.21 spec_max=24 q_mean=0.617 q_max=1.000 q_above_half=2602 marked=0.374 mark_density=0.859 exp_mean=105.3 addr_spec=2.129 addr_random=0.875 addr_full=0.0217 correct=41
  mpx-70 cover: trials=2580000 overall=0.3535 a0_nochange=0.1943 a0_change=0.6948 a1_nochange=0.0000 a1_change=0.5248 matched_but_wrong=18
  mpx-70 traj: trials=2640000 wall=6832s knowledge=0.3610 reliable=139 spec=8.30 pop=3356
  mpx-70 diag: trials=2640000 micro=4196 pop_spec=10.17 spec_max=24 q_mean=0.631 q_max=1.000 q_above_half=2723 marked=0.363 mark_density=0.860 exp_mean=111.2 addr_spec=2.336 addr_random=0.872 addr_full=0.0218 correct=42
  mpx-70 cover: trials=2640000 overall=0.3610 a0_nochange=0.2118 a0_change=0.6938 a1_nochange=0.0000 a1_change=0.5383 matched_but_wrong=75
  mpx-70 traj: trials=2700000 wall=6878s knowledge=0.3773 reliable=143 spec=8.31 pop=3250
  mpx-70 diag: trials=2700000 micro=4090 pop_spec=10.18 spec_max=24 q_mean=0.634 q_max=1.000 q_above_half=2628 marked=0.360 mark_density=0.860 exp_mean=119.1 addr_spec=2.294 addr_random=0.872 addr_full=0.0234 correct=44
  mpx-70 cover: trials=2700000 overall=0.3773 a0_nochange=0.2536 a0_change=0.6996 a1_nochange=0.0000 a1_change=0.5562 matched_but_wrong=73
  mpx-70 traj: trials=2760000 wall=6924s knowledge=0.3953 reliable=161 spec=8.22 pop=3404
  mpx-70 diag: trials=2760000 micro=4281 pop_spec=9.97 spec_max=24 q_mean=0.631 q_max=1.000 q_above_half=2688 marked=0.355 mark_density=0.863 exp_mean=120.9 addr_spec=2.443 addr_random=0.854 addr_full=0.0264 correct=50
  mpx-70 cover: trials=2760000 overall=0.3953 a0_nochange=0.2878 a0_change=0.7329 a1_nochange=0.0000 a1_change=0.5607 matched_but_wrong=132
  mpx-70 traj: trials=2820000 wall=6969s knowledge=0.4253 reliable=181 spec=8.17 pop=3379
  mpx-70 diag: trials=2820000 micro=4290 pop_spec=9.94 spec_max=24 q_mean=0.637 q_max=1.000 q_above_half=2729 marked=0.374 mark_density=0.865 exp_mean=129.3 addr_spec=2.535 addr_random=0.852 addr_full=0.0275 correct=54
  mpx-70 cover: trials=2820000 overall=0.4253 a0_nochange=0.3691 a0_change=0.7483 a1_nochange=0.0000 a1_change=0.5838 matched_but_wrong=404
  mpx-70 traj: trials=2880000 wall=7011s knowledge=0.4405 reliable=181 spec=8.12 pop=2885
  mpx-70 diag: trials=2880000 micro=3838 pop_spec=10.02 spec_max=24 q_mean=0.629 q_max=1.000 q_above_half=2266 marked=0.356 mark_density=0.863 exp_mean=159.5 addr_spec=2.416 addr_random=0.859 addr_full=0.0336 correct=60
  mpx-70 cover: trials=2880000 overall=0.4405 a0_nochange=0.4035 a0_change=0.7849 a1_nochange=0.0000 a1_change=0.5733 matched_but_wrong=94
  mpx-70 traj: trials=2940000 wall=7050s knowledge=0.4572 reliable=177 spec=7.99 pop=4758
  mpx-70 diag: trials=2940000 micro=5739 pop_spec=8.04 spec_max=24 q_mean=0.597 q_max=1.000 q_above_half=3497 marked=0.354 mark_density=0.891 exp_mean=99.0 addr_spec=1.725 addr_random=0.689 addr_full=0.0227 correct=63
  mpx-70 cover: trials=2940000 overall=0.4572 a0_nochange=0.4587 a0_change=0.7795 a1_nochange=0.0000 a1_change=0.5905 matched_but_wrong=91
  mpx-70 traj: trials=3000000 wall=7091s knowledge=0.4761 reliable=189 spec=7.85 pop=2649
  mpx-70 diag: trials=3000000 micro=3645 pop_spec=9.71 spec_max=24 q_mean=0.626 q_max=1.000 q_above_half=2058 marked=0.348 mark_density=0.866 exp_mean=185.7 addr_spec=2.343 addr_random=0.832 addr_full=0.0393 correct=69
  mpx-70 cover: trials=3000000 overall=0.4761 a0_nochange=0.5035 a0_change=0.8073 a1_nochange=0.0000 a1_change=0.5937 matched_but_wrong=307
  mpx-70 traj: trials=3060000 wall=7129s knowledge=0.4843 reliable=195 spec=7.95 pop=2967
  mpx-70 diag: trials=3060000 micro=4020 pop_spec=9.62 spec_max=25 q_mean=0.645 q_max=1.000 q_above_half=2411 marked=0.354 mark_density=0.866 exp_mean=171.6 addr_spec=2.570 addr_random=0.824 addr_full=0.0347 correct=70
  mpx-70 cover: trials=3060000 overall=0.4843 a0_nochange=0.5075 a0_change=0.8233 a1_nochange=0.0000 a1_change=0.6063 matched_but_wrong=377
  mpx-70 traj: trials=3120000 wall=7165s knowledge=0.4924 reliable=181 spec=7.81 pop=2671
  mpx-70 diag: trials=3120000 micro=3798 pop_spec=9.54 spec_max=25 q_mean=0.625 q_max=1.000 q_above_half=2021 marked=0.362 mark_density=0.869 exp_mean=200.6 addr_spec=2.542 addr_random=0.818 addr_full=0.0386 correct=72
  mpx-70 cover: trials=3120000 overall=0.4924 a0_nochange=0.5477 a0_change=0.8138 a1_nochange=0.0000 a1_change=0.6079 matched_but_wrong=79
  mpx-70 traj: trials=3180000 wall=7206s knowledge=0.5059 reliable=180 spec=7.72 pop=2427
  mpx-70 diag: trials=3180000 micro=3530 pop_spec=9.43 spec_max=25 q_mean=0.626 q_max=1.000 q_above_half=1859 marked=0.368 mark_density=0.871 exp_mean=234.0 addr_spec=2.516 addr_random=0.808 addr_full=0.0478 correct=76
  mpx-70 cover: trials=3180000 overall=0.5059 a0_nochange=0.6067 a0_change=0.8138 a1_nochange=0.0000 a1_change=0.6030 matched_but_wrong=120
  mpx-70 traj: trials=3240000 wall=7242s knowledge=0.5140 reliable=173 spec=7.69 pop=2641
  mpx-70 diag: trials=3240000 micro=3775 pop_spec=9.14 spec_max=25 q_mean=0.617 q_max=1.000 q_above_half=1956 marked=0.346 mark_density=0.873 exp_mean=221.5 addr_spec=2.322 addr_random=0.783 addr_full=0.0424 correct=80
  mpx-70 cover: trials=3240000 overall=0.5140 a0_nochange=0.6614 a0_change=0.7858 a1_nochange=0.0000 a1_change=0.6089 matched_but_wrong=83
  mpx-70 traj: trials=3300000 wall=7284s knowledge=0.5282 reliable=180 spec=7.76 pop=2201
  mpx-70 diag: trials=3300000 micro=3402 pop_spec=9.38 spec_max=25 q_mean=0.622 q_max=1.000 q_above_half=1617 marked=0.352 mark_density=0.876 exp_mean=277.2 addr_spec=2.541 addr_random=0.804 addr_full=0.0518 correct=82
  mpx-70 cover: trials=3300000 overall=0.5282 a0_nochange=0.6666 a0_change=0.8182 a1_nochange=0.0000 a1_change=0.6280 matched_but_wrong=41
  mpx-70 traj: trials=3360000 wall=7325s knowledge=0.5254 reliable=170 spec=7.72 pop=2758
  mpx-70 diag: trials=3360000 micro=3951 pop_spec=8.94 spec_max=25 q_mean=0.604 q_max=1.000 q_above_half=1963 marked=0.303 mark_density=0.877 exp_mean=231.9 addr_spec=2.152 addr_random=0.766 addr_full=0.0428 correct=84
  mpx-70 cover: trials=3360000 overall=0.5254 a0_nochange=0.6459 a0_change=0.8277 a1_nochange=0.0000 a1_change=0.6280 matched_but_wrong=9
  mpx-70 traj: trials=3420000 wall=7361s knowledge=0.5369 reliable=176 spec=7.74 pop=2242
  mpx-70 diag: trials=3420000 micro=3486 pop_spec=9.11 spec_max=25 q_mean=0.618 q_max=1.000 q_above_half=1619 marked=0.380 mark_density=0.878 exp_mean=298.5 addr_spec=2.499 addr_random=0.781 addr_full=0.0553 correct=87
  mpx-70 cover: trials=3420000 overall=0.5369 a0_nochange=0.6676 a0_change=0.8589 a1_nochange=0.0000 a1_change=0.6209 matched_but_wrong=8
  mpx-70 traj: trials=3480000 wall=7395s knowledge=0.5449 reliable=182 spec=7.66 pop=2257
  mpx-70 diag: trials=3480000 micro=3456 pop_spec=8.95 spec_max=25 q_mean=0.628 q_max=1.000 q_above_half=1690 marked=0.361 mark_density=0.878 exp_mean=311.1 addr_spec=2.361 addr_random=0.767 addr_full=0.0523 correct=85
  mpx-70 cover: trials=3480000 overall=0.5449 a0_nochange=0.6786 a0_change=0.8596 a1_nochange=0.0000 a1_change=0.6413 matched_but_wrong=54
  mpx-70 traj: trials=3540000 wall=7431s knowledge=0.5564 reliable=193 spec=7.65 pop=2216
  mpx-70 diag: trials=3540000 micro=3477 pop_spec=8.88 spec_max=25 q_mean=0.623 q_max=1.000 q_above_half=1656 marked=0.358 mark_density=0.879 exp_mean=333.7 addr_spec=2.582 addr_random=0.761 addr_full=0.0614 correct=88
  mpx-70 cover: trials=3540000 overall=0.5564 a0_nochange=0.7117 a0_change=0.8603 a1_nochange=0.0000 a1_change=0.6534 matched_but_wrong=184
  mpx-70 traj: trials=3600000 wall=7463s knowledge=0.5624 reliable=191 spec=7.61 pop=2053
  mpx-70 diag: trials=3600000 micro=3337 pop_spec=9.04 spec_max=25 q_mean=0.631 q_max=1.000 q_above_half=1532 marked=0.340 mark_density=0.875 exp_mean=361.2 addr_spec=2.589 addr_random=0.775 addr_full=0.0687 correct=93
  mpx-70 cover: trials=3600000 overall=0.5624 a0_nochange=0.7361 a0_change=0.8688 a1_nochange=0.0000 a1_change=0.6447 matched_but_wrong=109
  mpx-70 traj: trials=3660000 wall=7510s knowledge=0.5699 reliable=191 spec=7.61 pop=2132
  mpx-70 diag: trials=3660000 micro=3428 pop_spec=8.94 spec_max=25 q_mean=0.633 q_max=1.000 q_above_half=1610 marked=0.336 mark_density=0.876 exp_mean=364.2 addr_spec=2.730 addr_random=0.766 addr_full=0.0638 correct=97
  mpx-70 cover: trials=3660000 overall=0.5699 a0_nochange=0.7438 a0_change=0.8873 a1_nochange=0.0000 a1_change=0.6484 matched_but_wrong=55
  mpx-70 traj: trials=3720000 wall=7541s knowledge=0.5783 reliable=192 spec=7.65 pop=2147
  mpx-70 diag: trials=3720000 micro=3507 pop_spec=8.91 spec_max=25 q_mean=0.632 q_max=1.000 q_above_half=1627 marked=0.342 mark_density=0.877 exp_mean=370.3 addr_spec=2.669 addr_random=0.763 addr_full=0.0666 correct=103
  mpx-70 cover: trials=3720000 overall=0.5783 a0_nochange=0.7590 a0_change=0.8985 a1_nochange=0.0000 a1_change=0.6555 matched_but_wrong=168
  mpx-70 traj: trials=3780000 wall=7579s knowledge=0.5766 reliable=191 spec=7.63 pop=2101
  mpx-70 diag: trials=3780000 micro=3454 pop_spec=8.93 spec_max=25 q_mean=0.624 q_max=1.000 q_above_half=1559 marked=0.346 mark_density=0.875 exp_mean=383.2 addr_spec=2.503 addr_random=0.765 addr_full=0.0638 correct=99
  mpx-70 cover: trials=3780000 overall=0.5766 a0_nochange=0.7615 a0_change=0.8806 a1_nochange=0.0000 a1_change=0.6643 matched_but_wrong=188
  mpx-70 traj: trials=3840000 wall=7618s knowledge=0.5730 reliable=196 spec=7.66 pop=2004
  mpx-70 diag: trials=3840000 micro=3351 pop_spec=8.92 spec_max=25 q_mean=0.631 q_max=1.000 q_above_half=1502 marked=0.348 mark_density=0.878 exp_mean=413.8 addr_spec=2.682 addr_random=0.764 addr_full=0.0699 correct=100
  mpx-70 cover: trials=3840000 overall=0.5730 a0_nochange=0.7373 a0_change=0.8895 a1_nochange=0.0000 a1_change=0.6653 matched_but_wrong=309
  mpx-70 traj: trials=3900000 wall=7659s knowledge=0.5833 reliable=196 spec=7.64 pop=2033
  mpx-70 diag: trials=3900000 micro=3363 pop_spec=8.70 spec_max=25 q_mean=0.628 q_max=1.000 q_above_half=1485 marked=0.342 mark_density=0.881 exp_mean=425.4 addr_spec=2.754 addr_random=0.746 addr_full=0.0743 correct=107
  mpx-70 cover: trials=3900000 overall=0.5833 a0_nochange=0.7952 a0_change=0.8842 a1_nochange=0.0000 a1_change=0.6539 matched_but_wrong=38
  mpx-70 traj: trials=3960000 wall=7697s knowledge=0.5837 reliable=193 spec=7.63 pop=2002
  mpx-70 diag: trials=3960000 micro=3365 pop_spec=8.68 spec_max=25 q_mean=0.621 q_max=1.000 q_above_half=1459 marked=0.365 mark_density=0.881 exp_mean=447.2 addr_spec=2.634 addr_random=0.744 addr_full=0.0709 correct=105
  mpx-70 cover: trials=3960000 overall=0.5837 a0_nochange=0.7962 a0_change=0.8892 a1_nochange=0.0000 a1_change=0.6494 matched_but_wrong=15
  mpx-70 traj: trials=4020000 wall=7728s knowledge=0.5911 reliable=189 spec=7.59 pop=1900
  mpx-70 diag: trials=4020000 micro=3272 pop_spec=8.57 spec_max=25 q_mean=0.626 q_max=1.000 q_above_half=1415 marked=0.348 mark_density=0.883 exp_mean=488.2 addr_spec=2.824 addr_random=0.735 addr_full=0.0768 correct=110
  mpx-70 cover: trials=4020000 overall=0.5911 a0_nochange=0.7995 a0_change=0.8892 a1_nochange=0.0000 a1_change=0.6756 matched_but_wrong=13
  mpx-70 traj: trials=4080000 wall=7766s knowledge=0.5967 reliable=205 spec=7.60 pop=2076
  mpx-70 diag: trials=4080000 micro=3471 pop_spec=8.39 spec_max=25 q_mean=0.625 q_max=1.000 q_above_half=1534 marked=0.352 mark_density=0.885 exp_mean=459.9 addr_spec=2.628 addr_random=0.719 addr_full=0.0776 correct=114
  mpx-70 cover: trials=4080000 overall=0.5967 a0_nochange=0.8100 a0_change=0.9084 a1_nochange=0.0000 a1_change=0.6681 matched_but_wrong=95
  mpx-70 traj: trials=4140000 wall=7810s knowledge=0.6009 reliable=195 spec=7.54 pop=1833
  mpx-70 diag: trials=4140000 micro=3257 pop_spec=8.60 spec_max=25 q_mean=0.639 q_max=1.000 q_above_half=1391 marked=0.315 mark_density=0.880 exp_mean=525.8 addr_spec=2.804 addr_random=0.737 addr_full=0.0818 correct=118
  mpx-70 cover: trials=4140000 overall=0.6009 a0_nochange=0.8067 a0_change=0.9182 a1_nochange=0.0000 a1_change=0.6785 matched_but_wrong=224
  mpx-70 traj: trials=4200000 wall=7839s knowledge=0.6026 reliable=187 spec=7.47 pop=2005
  mpx-70 diag: trials=4200000 micro=3422 pop_spec=8.32 spec_max=25 q_mean=0.623 q_max=1.000 q_above_half=1436 marked=0.341 mark_density=0.886 exp_mean=495.5 addr_spec=2.636 addr_random=0.713 addr_full=0.0748 correct=119
  mpx-70 cover: trials=4200000 overall=0.6026 a0_nochange=0.8132 a0_change=0.9184 a1_nochange=0.0000 a1_change=0.6787 matched_but_wrong=151
  mpx-70 traj: trials=4260000 wall=7870s knowledge=0.6106 reliable=190 spec=7.45 pop=1856
  mpx-70 diag: trials=4260000 micro=3294 pop_spec=8.53 spec_max=25 q_mean=0.629 q_max=1.000 q_above_half=1351 marked=0.370 mark_density=0.882 exp_mean=541.0 addr_spec=2.729 addr_random=0.731 addr_full=0.0787 correct=123
  mpx-70 cover: trials=4260000 overall=0.6106 a0_nochange=0.8233 a0_change=0.9244 a1_nochange=0.0000 a1_change=0.6945 matched_but_wrong=154
  mpx-70 traj: trials=4320000 wall=7899s knowledge=0.6063 reliable=182 spec=7.41 pop=2097
  mpx-70 diag: trials=4320000 micro=3521 pop_spec=7.74 spec_max=25 q_mean=0.607 q_max=1.000 q_above_half=1437 marked=0.364 mark_density=0.898 exp_mean=497.6 addr_spec=2.233 addr_random=0.664 addr_full=0.0711 correct=124
  mpx-70 cover: trials=4320000 overall=0.6063 a0_nochange=0.8215 a0_change=0.9279 a1_nochange=0.0000 a1_change=0.6759 matched_but_wrong=50
  mpx-70 traj: trials=4380000 wall=7941s knowledge=0.6110 reliable=180 spec=7.38 pop=1797
  mpx-70 diag: trials=4380000 micro=3297 pop_spec=8.33 spec_max=25 q_mean=0.622 q_max=1.000 q_above_half=1318 marked=0.339 mark_density=0.885 exp_mean=595.1 addr_spec=2.752 addr_random=0.714 addr_full=0.0807 correct=123
  mpx-70 cover: trials=4380000 overall=0.6110 a0_nochange=0.8344 a0_change=0.9226 a1_nochange=0.0000 a1_change=0.6869 matched_but_wrong=78
  mpx-70 traj: trials=4440000 wall=7977s knowledge=0.6184 reliable=189 spec=7.42 pop=1715
  mpx-70 diag: trials=4440000 micro=3205 pop_spec=8.20 spec_max=25 q_mean=0.622 q_max=1.000 q_above_half=1258 marked=0.342 mark_density=0.885 exp_mean=646.9 addr_spec=2.649 addr_random=0.703 addr_full=0.0927 correct=124
  mpx-70 cover: trials=4440000 overall=0.6184 a0_nochange=0.8484 a0_change=0.9296 a1_nochange=0.0000 a1_change=0.6955 matched_but_wrong=10
  mpx-70 traj: trials=4500000 wall=8016s knowledge=0.6178 reliable=188 spec=7.44 pop=1729
  mpx-70 diag: trials=4500000 micro=3226 pop_spec=8.12 spec_max=25 q_mean=0.610 q_max=1.000 q_above_half=1177 marked=0.395 mark_density=0.891 exp_mean=664.2 addr_spec=2.581 addr_random=0.696 addr_full=0.0839 correct=124
  mpx-70 cover: trials=4500000 overall=0.6178 a0_nochange=0.8548 a0_change=0.9226 a1_nochange=0.0000 a1_change=0.6939 matched_but_wrong=163
  mpx-70 traj: trials=4560000 wall=8055s knowledge=0.6274 reliable=189 spec=7.40 pop=1762
  mpx-70 diag: trials=4560000 micro=3277 pop_spec=8.15 spec_max=25 q_mean=0.616 q_max=1.000 q_above_half=1227 marked=0.350 mark_density=0.889 exp_mean=671.6 addr_spec=2.535 addr_random=0.699 addr_full=0.0897 correct=126
  mpx-70 cover: trials=4560000 overall=0.6274 a0_nochange=0.8835 a0_change=0.9344 a1_nochange=0.0000 a1_change=0.6917 matched_but_wrong=0
  mpx-70 traj: trials=4620000 wall=8094s knowledge=0.6300 reliable=197 spec=7.45 pop=1809
  mpx-70 diag: trials=4620000 micro=3295 pop_spec=7.89 spec_max=25 q_mean=0.600 q_max=1.000 q_above_half=1161 marked=0.374 mark_density=0.894 exp_mean=677.4 addr_spec=2.380 addr_random=0.676 addr_full=0.0884 correct=129
  mpx-70 cover: trials=4620000 overall=0.6300 a0_nochange=0.8739 a0_change=0.9481 a1_nochange=0.0000 a1_change=0.6981 matched_but_wrong=50
  mpx-70 traj: trials=4680000 wall=8133s knowledge=0.6378 reliable=197 spec=7.44 pop=1880
  mpx-70 diag: trials=4680000 micro=3385 pop_spec=7.79 spec_max=25 q_mean=0.607 q_max=1.000 q_above_half=1308 marked=0.324 mark_density=0.890 exp_mean=672.7 addr_spec=2.473 addr_random=0.668 addr_full=0.0862 correct=133
  mpx-70 cover: trials=4680000 overall=0.6378 a0_nochange=0.8998 a0_change=0.9513 a1_nochange=0.0000 a1_change=0.7000 matched_but_wrong=201
  mpx-70 traj: trials=4740000 wall=8169s knowledge=0.6419 reliable=198 spec=7.41 pop=1738
  mpx-70 diag: trials=4740000 micro=3270 pop_spec=7.84 spec_max=25 q_mean=0.612 q_max=1.000 q_above_half=1212 marked=0.366 mark_density=0.897 exp_mean=751.0 addr_spec=2.480 addr_random=0.672 addr_full=0.0880 correct=133
  mpx-70 cover: trials=4740000 overall=0.6419 a0_nochange=0.9087 a0_change=0.9537 a1_nochange=0.0000 a1_change=0.7053 matched_but_wrong=95
  mpx-70 traj: trials=4800000 wall=8206s knowledge=0.6497 reliable=197 spec=7.39 pop=1677
  mpx-70 diag: trials=4800000 micro=3163 pop_spec=7.97 spec_max=25 q_mean=0.621 q_max=1.000 q_above_half=1198 marked=0.338 mark_density=0.890 exp_mean=783.5 addr_spec=2.680 addr_random=0.683 addr_full=0.0978 correct=136
  mpx-70 cover: trials=4800000 overall=0.6497 a0_nochange=0.9284 a0_change=0.9596 a1_nochange=0.0000 a1_change=0.7107 matched_but_wrong=89
  mpx-70 traj: trials=4860000 wall=8237s knowledge=0.6554 reliable=204 spec=7.37 pop=1779
  mpx-70 diag: trials=4860000 micro=3316 pop_spec=8.18 spec_max=25 q_mean=0.634 q_max=1.000 q_above_half=1320 marked=0.350 mark_density=0.887 exp_mean=762.6 addr_spec=2.911 addr_random=0.701 addr_full=0.0894 correct=138
  mpx-70 cover: trials=4860000 overall=0.6554 a0_nochange=0.9219 a0_change=0.9831 a1_nochange=0.0000 a1_change=0.7167 matched_but_wrong=29
  mpx-70 traj: trials=4920000 wall=8265s knowledge=0.6564 reliable=195 spec=7.39 pop=1637
  mpx-70 diag: trials=4920000 micro=3212 pop_spec=8.18 spec_max=25 q_mean=0.626 q_max=1.000 q_above_half=1187 marked=0.325 mark_density=0.885 exp_mean=838.7 addr_spec=2.847 addr_random=0.701 addr_full=0.1014 correct=138
  mpx-70 cover: trials=4920000 overall=0.6564 a0_nochange=0.9299 a0_change=0.9769 a1_nochange=0.0051 a1_change=0.7137 matched_but_wrong=38
  mpx-70 traj: trials=4980000 wall=8296s knowledge=0.6590 reliable=200 spec=7.41 pop=1580
  mpx-70 diag: trials=4980000 micro=3151 pop_spec=8.25 spec_max=25 q_mean=0.629 q_max=1.000 q_above_half=1134 marked=0.343 mark_density=0.884 exp_mean=895.0 addr_spec=3.025 addr_random=0.707 addr_full=0.1019 correct=137
  mpx-70 cover: trials=4980000 overall=0.6590 a0_nochange=0.9280 a0_change=0.9708 a1_nochange=0.0182 a1_change=0.7189 matched_but_wrong=28
  mpx-70 traj: trials=5040000 wall=8334s knowledge=0.6595 reliable=191 spec=7.37 pop=1662
  mpx-70 diag: trials=5040000 micro=3260 pop_spec=7.98 spec_max=25 q_mean=0.619 q_max=1.000 q_above_half=1175 marked=0.380 mark_density=0.890 exp_mean=875.3 addr_spec=2.730 addr_random=0.684 addr_full=0.0993 correct=140
  mpx-70 cover: trials=5040000 overall=0.6595 a0_nochange=0.9220 a0_change=0.9750 a1_nochange=0.0248 a1_change=0.7161 matched_but_wrong=53
  mpx-70 traj: trials=5100000 wall=8377s knowledge=0.6621 reliable=197 spec=7.34 pop=7083
  mpx-70 diag: trials=5100000 micro=8661 pop_spec=6.30 spec_max=25 q_mean=0.556 q_max=1.000 q_above_half=4590 marked=0.352 mark_density=0.917 exp_mean=213.1 addr_spec=0.982 addr_random=0.540 addr_full=0.0247 correct=143
  mpx-70 cover: trials=5100000 overall=0.6621 a0_nochange=0.9278 a0_change=0.9893 a1_nochange=0.0181 a1_change=0.7130 matched_but_wrong=0
  mpx-70 traj: trials=5160000 wall=8431s knowledge=0.6714 reliable=202 spec=7.28 pop=1711
  mpx-70 diag: trials=5160000 micro=3317 pop_spec=7.75 spec_max=25 q_mean=0.605 q_max=1.000 q_above_half=1148 marked=0.344 mark_density=0.895 exp_mean=897.4 addr_spec=2.656 addr_random=0.664 addr_full=0.0929 correct=144
  mpx-70 cover: trials=5160000 overall=0.6714 a0_nochange=0.9348 a0_change=0.9918 a1_nochange=0.0329 a1_change=0.7259 matched_but_wrong=0
  mpx-70 traj: trials=5220000 wall=8463s knowledge=0.6734 reliable=203 spec=7.35 pop=1665
  mpx-70 diag: trials=5220000 micro=3273 pop_spec=7.90 spec_max=25 q_mean=0.621 q_max=1.000 q_above_half=1181 marked=0.345 mark_density=0.894 exp_mean=946.7 addr_spec=2.865 addr_random=0.677 addr_full=0.1003 correct=146
  mpx-70 cover: trials=5220000 overall=0.6734 a0_nochange=0.9575 a0_change=0.9834 a1_nochange=0.0379 a1_change=0.7148 matched_but_wrong=13
  mpx-70 traj: trials=5280000 wall=8492s knowledge=0.6693 reliable=197 spec=7.27 pop=1629
  mpx-70 diag: trials=5280000 micro=3255 pop_spec=7.89 spec_max=25 q_mean=0.628 q_max=1.000 q_above_half=1186 marked=0.360 mark_density=0.892 exp_mean=988.9 addr_spec=2.882 addr_random=0.676 addr_full=0.1031 correct=145
  mpx-70 cover: trials=5280000 overall=0.6693 a0_nochange=0.9336 a0_change=0.9834 a1_nochange=0.0437 a1_change=0.7163 matched_but_wrong=28
  mpx-70 traj: trials=5340000 wall=8525s knowledge=0.6732 reliable=194 spec=7.16 pop=1490
  mpx-70 diag: trials=5340000 micro=3092 pop_spec=7.78 spec_max=25 q_mean=0.622 q_max=1.000 q_above_half=1052 marked=0.319 mark_density=0.893 exp_mean=1103.3 addr_spec=2.817 addr_random=0.667 addr_full=0.1141 correct=147
  mpx-70 cover: trials=5340000 overall=0.6732 a0_nochange=0.9485 a0_change=0.9834 a1_nochange=0.0390 a1_change=0.7217 matched_but_wrong=140
  mpx-70 traj: trials=5400000 wall=8560s knowledge=0.6707 reliable=189 spec=7.09 pop=1566
  mpx-70 diag: trials=5400000 micro=3189 pop_spec=7.79 spec_max=25 q_mean=0.630 q_max=1.000 q_above_half=1151 marked=0.338 mark_density=0.892 exp_mean=1077.7 addr_spec=2.915 addr_random=0.667 addr_full=0.1060 correct=146
  mpx-70 cover: trials=5400000 overall=0.6707 a0_nochange=0.9446 a0_change=0.9834 a1_nochange=0.0421 a1_change=0.7125 matched_but_wrong=0
  mpx-70 traj: trials=5460000 wall=8608s knowledge=0.6717 reliable=190 spec=7.12 pop=1492
  mpx-70 diag: trials=5460000 micro=3115 pop_spec=7.75 spec_max=25 q_mean=0.621 q_max=1.000 q_above_half=1096 marked=0.302 mark_density=0.892 exp_mean=1159.5 addr_spec=2.734 addr_random=0.665 addr_full=0.1092 correct=147
  mpx-70 cover: trials=5460000 overall=0.6717 a0_nochange=0.9371 a0_change=0.9834 a1_nochange=0.0565 a1_change=0.7097 matched_but_wrong=61
  mpx-70 traj: trials=5520000 wall=8641s knowledge=0.6787 reliable=197 spec=7.17 pop=1538
  mpx-70 diag: trials=5520000 micro=3208 pop_spec=7.75 spec_max=25 q_mean=0.624 q_max=1.000 q_above_half=1085 marked=0.321 mark_density=0.893 exp_mean=1153.5 addr_spec=2.972 addr_random=0.664 addr_full=0.1092 correct=145
  mpx-70 cover: trials=5520000 overall=0.6787 a0_nochange=0.9522 a0_change=0.9834 a1_nochange=0.0538 a1_change=0.7251 matched_but_wrong=131
  mpx-70 traj: trials=5580000 wall=8675s knowledge=0.6766 reliable=192 spec=7.11 pop=1866
  mpx-70 diag: trials=5580000 micro=3484 pop_spec=7.47 spec_max=25 q_mean=0.597 q_max=1.000 q_above_half=1226 marked=0.310 mark_density=0.900 exp_mean=968.4 addr_spec=2.347 addr_random=0.640 addr_full=0.0874 correct=146
  mpx-70 cover: trials=5580000 overall=0.6766 a0_nochange=0.9457 a0_change=0.9852 a1_nochange=0.0508 a1_change=0.7248 matched_but_wrong=0
  mpx-70 traj: trials=5640000 wall=8722s knowledge=0.6822 reliable=193 spec=7.08 pop=1578
  mpx-70 diag: trials=5640000 micro=3205 pop_spec=7.72 spec_max=25 q_mean=0.615 q_max=1.000 q_above_half=1131 marked=0.330 mark_density=0.894 exp_mean=1172.7 addr_spec=2.656 addr_random=0.661 addr_full=0.1065 correct=148
  mpx-70 cover: trials=5640000 overall=0.6822 a0_nochange=0.9568 a0_change=0.9834 a1_nochange=0.0542 a1_change=0.7344 matched_but_wrong=0
  mpx-70 traj: trials=5700000 wall=8756s knowledge=0.6861 reliable=196 spec=7.13 pop=1748
  mpx-70 diag: trials=5700000 micro=3374 pop_spec=7.70 spec_max=25 q_mean=0.601 q_max=1.000 q_above_half=1123 marked=0.314 mark_density=0.895 exp_mean=1083.4 addr_spec=2.642 addr_random=0.660 addr_full=0.0973 correct=151
  mpx-70 cover: trials=5700000 overall=0.6861 a0_nochange=0.9624 a0_change=0.9834 a1_nochange=0.0542 a1_change=0.7443 matched_but_wrong=118
  mpx-70 traj: trials=5760000 wall=8789s knowledge=0.6823 reliable=186 spec=7.11 pop=1455
  mpx-70 diag: trials=5760000 micro=3100 pop_spec=7.47 spec_max=25 q_mean=0.614 q_max=1.000 q_above_half=981 marked=0.342 mark_density=0.900 exp_mean=1331.2 addr_spec=2.838 addr_random=0.641 addr_full=0.1182 correct=149
  mpx-70 cover: trials=5760000 overall=0.6823 a0_nochange=0.9459 a0_change=0.9834 a1_nochange=0.0542 a1_change=0.7454 matched_but_wrong=57
  mpx-70 traj: trials=5820000 wall=8825s knowledge=0.6813 reliable=192 spec=7.17 pop=1507
  mpx-70 diag: trials=5820000 micro=3161 pop_spec=7.63 spec_max=25 q_mean=0.619 q_max=1.000 q_above_half=1043 marked=0.340 mark_density=0.894 exp_mean=1306.9 addr_spec=3.040 addr_random=0.654 addr_full=0.1168 correct=148
  mpx-70 cover: trials=5820000 overall=0.6813 a0_nochange=0.9383 a0_change=0.9918 a1_nochange=0.0552 a1_change=0.7397 matched_but_wrong=34
  mpx-70 traj: trials=5880000 wall=8868s knowledge=0.6853 reliable=193 spec=7.16 pop=1431
  mpx-70 diag: trials=5880000 micro=3070 pop_spec=7.52 spec_max=25 q_mean=0.612 q_max=1.000 q_above_half=952 marked=0.336 mark_density=0.900 exp_mean=1404.5 addr_spec=2.778 addr_random=0.645 addr_full=0.1167 correct=149
  mpx-70 cover: trials=5880000 overall=0.6853 a0_nochange=0.9462 a0_change=0.9918 a1_nochange=0.0574 a1_change=0.7455 matched_but_wrong=0
  mpx-70 traj: trials=5940000 wall=8903s knowledge=0.6831 reliable=189 spec=7.14 pop=1549
  mpx-70 diag: trials=5940000 micro=3190 pop_spec=7.36 spec_max=25 q_mean=0.609 q_max=1.000 q_above_half=1046 marked=0.356 mark_density=0.901 exp_mean=1326.8 addr_spec=2.675 addr_random=0.631 addr_full=0.1097 correct=150
  mpx-70 cover: trials=5940000 overall=0.6831 a0_nochange=0.9537 a0_change=0.9936 a1_nochange=0.0461 a1_change=0.7389 matched_but_wrong=0
  mpx-70 traj: trials=6000000 wall=8940s knowledge=0.6823 reliable=187 spec=7.12 pop=1656
  mpx-70 diag: trials=6000000 micro=3296 pop_spec=7.28 spec_max=25 q_mean=0.608 q_max=1.000 q_above_half=1140 marked=0.335 mark_density=0.901 exp_mean=1253.3 addr_spec=2.367 addr_random=0.624 addr_full=0.1027 correct=149
  mpx-70 cover: trials=6000000 overall=0.6823 a0_nochange=0.9496 a0_change=1.0000 a1_nochange=0.0461 a1_change=0.7334 matched_but_wrong=91
  mpx-70 traj: trials=6060000 wall=8991s knowledge=0.6827 reliable=190 spec=7.13 pop=1540
  mpx-70 diag: trials=6060000 micro=3185 pop_spec=7.48 spec_max=25 q_mean=0.613 q_max=1.000 q_above_half=1057 marked=0.321 mark_density=0.898 exp_mean=1376.6 addr_spec=2.739 addr_random=0.641 addr_full=0.1136 correct=151
  mpx-70 cover: trials=6060000 overall=0.6827 a0_nochange=0.9458 a0_change=1.0000 a1_nochange=0.0461 a1_change=0.7390 matched_but_wrong=78
  mpx-70 traj: trials=6120000 wall=9029s knowledge=0.6831 reliable=190 spec=7.14 pop=1511
  mpx-70 diag: trials=6120000 micro=3148 pop_spec=7.23 spec_max=25 q_mean=0.615 q_max=1.000 q_above_half=1059 marked=0.364 mark_density=0.903 exp_mean=1419.6 addr_spec=2.883 addr_random=0.620 addr_full=0.1171 correct=150
  mpx-70 cover: trials=6120000 overall=0.6831 a0_nochange=0.9506 a0_change=1.0000 a1_nochange=0.0461 a1_change=0.7358 matched_but_wrong=136
  mpx-70 traj: trials=6180000 wall=9059s knowledge=0.6881 reliable=194 spec=7.14 pop=1517
  mpx-70 diag: trials=6180000 micro=3192 pop_spec=7.21 spec_max=25 q_mean=0.606 q_max=1.000 q_above_half=997 marked=0.359 mark_density=0.903 exp_mean=1443.4 addr_spec=2.632 addr_random=0.618 addr_full=0.1193 correct=151
  mpx-70 cover: trials=6180000 overall=0.6881 a0_nochange=0.9576 a0_change=1.0000 a1_nochange=0.0461 a1_change=0.7484 matched_but_wrong=0
  mpx-70 traj: trials=6240000 wall=9089s knowledge=0.6909 reliable=203 spec=7.16 pop=1474
  mpx-70 diag: trials=6240000 micro=3090 pop_spec=7.43 spec_max=25 q_mean=0.623 q_max=1.000 q_above_half=1038 marked=0.330 mark_density=0.899 exp_mean=1515.8 addr_spec=2.802 addr_random=0.637 addr_full=0.1174 correct=151
  mpx-70 cover: trials=6240000 overall=0.6909 a0_nochange=0.9597 a0_change=1.0000 a1_nochange=0.0544 a1_change=0.7496 matched_but_wrong=0
  mpx-70 traj: trials=6300000 wall=9125s knowledge=0.6933 reliable=195 spec=7.15 pop=1627
  mpx-70 diag: trials=6300000 micro=3262 pop_spec=7.53 spec_max=25 q_mean=0.620 q_max=1.000 q_above_half=1134 marked=0.317 mark_density=0.897 exp_mean=1400.0 addr_spec=2.495 addr_random=0.646 addr_full=0.1051 correct=151
  mpx-70 cover: trials=6300000 overall=0.6933 a0_nochange=0.9616 a0_change=1.0000 a1_nochange=0.0544 a1_change=0.7570 matched_but_wrong=78
  mpx-70 traj: trials=6360000 wall=9171s knowledge=0.6875 reliable=191 spec=7.15 pop=1922
  mpx-70 diag: trials=6360000 micro=3624 pop_spec=7.36 spec_max=25 q_mean=0.601 q_max=1.000 q_above_half=1279 marked=0.304 mark_density=0.902 exp_mean=1205.4 addr_spec=2.211 addr_random=0.631 addr_full=0.0911 correct=150
  mpx-70 cover: trials=6360000 overall=0.6875 a0_nochange=0.9534 a0_change=1.0000 a1_nochange=0.0469 a1_change=0.7497 matched_but_wrong=0
  mpx-70 traj: trials=6420000 wall=9210s knowledge=0.6924 reliable=190 spec=7.12 pop=1441
  mpx-70 diag: trials=6420000 micro=3126 pop_spec=7.41 spec_max=25 q_mean=0.616 q_max=1.000 q_above_half=1003 marked=0.321 mark_density=0.900 exp_mean=1638.3 addr_spec=2.861 addr_random=0.635 addr_full=0.1201 correct=152
  mpx-70 cover: trials=6420000 overall=0.6924 a0_nochange=0.9576 a0_change=1.0000 a1_nochange=0.0538 a1_change=0.7581 matched_but_wrong=0
  mpx-70 traj: trials=6480000 wall=9238s knowledge=0.6897 reliable=193 spec=7.17 pop=1662
  mpx-70 diag: trials=6480000 micro=3306 pop_spec=6.95 spec_max=25 q_mean=0.612 q_max=1.000 q_above_half=1135 marked=0.376 mark_density=0.909 exp_mean=1445.1 addr_spec=2.573 addr_random=0.596 addr_full=0.1017 correct=153
  mpx-70 cover: trials=6480000 overall=0.6897 a0_nochange=0.9460 a0_change=1.0000 a1_nochange=0.0553 a1_change=0.7575 matched_but_wrong=201
  mpx-70 traj: trials=6540000 wall=9271s knowledge=0.6909 reliable=196 spec=7.16 pop=1514
  mpx-70 diag: trials=6540000 micro=3174 pop_spec=7.62 spec_max=25 q_mean=0.630 q_max=1.000 q_above_half=1051 marked=0.336 mark_density=0.895 exp_mean=1590.6 addr_spec=3.013 addr_random=0.653 addr_full=0.1189 correct=155
  mpx-70 cover: trials=6540000 overall=0.6909 a0_nochange=0.9494 a0_change=1.0000 a1_nochange=0.0600 a1_change=0.7540 matched_but_wrong=144
  mpx-70 traj: trials=6600000 wall=9304s knowledge=0.6931 reliable=189 spec=7.11 pop=1575
  mpx-70 diag: trials=6600000 micro=3226 pop_spec=7.49 spec_max=25 q_mean=0.613 q_max=1.000 q_above_half=1098 marked=0.361 mark_density=0.898 exp_mean=1556.4 addr_spec=2.764 addr_random=0.642 addr_full=0.1168 correct=154
  mpx-70 cover: trials=6600000 overall=0.6931 a0_nochange=0.9494 a0_change=1.0000 a1_nochange=0.0728 a1_change=0.7503 matched_but_wrong=0
  mpx-70 traj: trials=6660000 wall=9340s knowledge=0.6971 reliable=199 spec=7.14 pop=1488
  mpx-70 diag: trials=6660000 micro=3163 pop_spec=7.42 spec_max=25 q_mean=0.620 q_max=1.000 q_above_half=1018 marked=0.322 mark_density=0.900 exp_mean=1676.9 addr_spec=2.919 addr_random=0.636 addr_full=0.1230 correct=155
  mpx-70 cover: trials=6660000 overall=0.6971 a0_nochange=0.9642 a0_change=1.0000 a1_nochange=0.0763 a1_change=0.7479 matched_but_wrong=91
  mpx-70 traj: trials=6720000 wall=9367s knowledge=0.6973 reliable=196 spec=7.08 pop=1535
  mpx-70 diag: trials=6720000 micro=3193 pop_spec=7.33 spec_max=25 q_mean=0.622 q_max=1.000 q_above_half=1113 marked=0.325 mark_density=0.900 exp_mean=1654.6 addr_spec=2.560 addr_random=0.629 addr_full=0.1068 correct=157
  mpx-70 cover: trials=6720000 overall=0.6973 a0_nochange=0.9573 a0_change=1.0000 a1_nochange=0.0842 a1_change=0.7474 matched_but_wrong=52
  mpx-70 traj: trials=6780000 wall=9393s knowledge=0.7018 reliable=202 spec=7.11 pop=1495
  mpx-70 diag: trials=6780000 micro=3193 pop_spec=7.46 spec_max=25 q_mean=0.622 q_max=1.000 q_above_half=1024 marked=0.336 mark_density=0.897 exp_mean=1729.2 addr_spec=2.870 addr_random=0.639 addr_full=0.1204 correct=159
  mpx-70 cover: trials=6780000 overall=0.7018 a0_nochange=0.9615 a0_change=1.0000 a1_nochange=0.0782 a1_change=0.7675 matched_but_wrong=261
  mpx-70 traj: trials=6840000 wall=9423s knowledge=0.6987 reliable=191 spec=7.09 pop=1389
  mpx-70 diag: trials=6840000 micro=3099 pop_spec=7.44 spec_max=25 q_mean=0.624 q_max=1.000 q_above_half=968 marked=0.358 mark_density=0.900 exp_mean=1889.2 addr_spec=2.774 addr_random=0.637 addr_full=0.1274 correct=157
  mpx-70 cover: trials=6840000 overall=0.6987 a0_nochange=0.9654 a0_change=1.0000 a1_nochange=0.0616 a1_change=0.7677 matched_but_wrong=83
  mpx-70 traj: trials=6900000 wall=9455s knowledge=0.7028 reliable=196 spec=7.07 pop=1756
  mpx-70 diag: trials=6900000 micro=3436 pop_spec=7.32 spec_max=25 q_mean=0.620 q_max=1.000 q_above_half=1265 marked=0.288 mark_density=0.900 exp_mean=1521.2 addr_spec=2.838 addr_random=0.628 addr_full=0.1025 correct=159
  mpx-70 cover: trials=6900000 overall=0.7028 a0_nochange=0.9762 a0_change=1.0000 a1_nochange=0.0714 a1_change=0.7636 matched_but_wrong=0
  mpx-70 traj: trials=6960000 wall=9490s knowledge=0.7082 reliable=202 spec=7.12 pop=1478
  mpx-70 diag: trials=6960000 micro=3125 pop_spec=7.45 spec_max=25 q_mean=0.622 q_max=1.000 q_above_half=1041 marked=0.327 mark_density=0.899 exp_mean=1834.1 addr_spec=2.988 addr_random=0.639 addr_full=0.1245 correct=160
  mpx-70 cover: trials=6960000 overall=0.7082 a0_nochange=0.9764 a0_change=1.0000 a1_nochange=0.0832 a1_change=0.7730 matched_but_wrong=46
  mpx-70 traj: trials=7020000 wall=9529s knowledge=0.7149 reliable=217 spec=7.13 pop=2028
  mpx-70 diag: trials=7020000 micro=3745 pop_spec=6.69 spec_max=25 q_mean=0.602 q_max=1.000 q_above_half=1371 marked=0.353 mark_density=0.912 exp_mean=1360.2 addr_spec=2.322 addr_random=0.573 addr_full=0.0888 correct=162
  mpx-70 cover: trials=7020000 overall=0.7149 a0_nochange=0.9844 a0_change=1.0000 a1_nochange=0.0995 a1_change=0.7756 matched_but_wrong=254
  mpx-70 traj: trials=7080000 wall=9555s knowledge=0.7113 reliable=196 spec=7.06 pop=1372
  mpx-70 diag: trials=7080000 micro=3135 pop_spec=7.23 spec_max=25 q_mean=0.616 q_max=1.000 q_above_half=953 marked=0.332 mark_density=0.904 exp_mean=2015.3 addr_spec=2.951 addr_random=0.619 addr_full=0.1356 correct=162
  mpx-70 cover: trials=7080000 overall=0.7113 a0_nochange=0.9767 a0_change=1.0000 a1_nochange=0.1069 a1_change=0.7615 matched_but_wrong=26
  mpx-70 traj: trials=7140000 wall=9585s knowledge=0.7078 reliable=191 spec=7.06 pop=1442
  mpx-70 diag: trials=7140000 micro=3165 pop_spec=7.33 spec_max=25 q_mean=0.615 q_max=1.000 q_above_half=997 marked=0.343 mark_density=0.900 exp_mean=1930.1 addr_spec=2.727 addr_random=0.628 addr_full=0.1227 correct=160
  mpx-70 cover: trials=7140000 overall=0.7078 a0_nochange=0.9686 a0_change=1.0000 a1_nochange=0.1069 a1_change=0.7557 matched_but_wrong=0
  mpx-70 traj: trials=7200000 wall=9618s knowledge=0.7034 reliable=195 spec=7.10 pop=1574
  mpx-70 diag: trials=7200000 micro=3263 pop_spec=7.28 spec_max=25 q_mean=0.622 q_max=1.000 q_above_half=1084 marked=0.324 mark_density=0.901 exp_mean=1795.0 addr_spec=2.768 addr_random=0.624 addr_full=0.1201 correct=158
  mpx-70 cover: trials=7200000 overall=0.7034 a0_nochange=0.9686 a0_change=1.0000 a1_nochange=0.0884 a1_change=0.7564 matched_but_wrong=90
  mpx-70 traj: trials=7260000 wall=9665s knowledge=0.7046 reliable=194 spec=7.10 pop=1630
  mpx-70 diag: trials=7260000 micro=3325 pop_spec=7.05 spec_max=25 q_mean=0.606 q_max=1.000 q_above_half=1068 marked=0.361 mark_density=0.905 exp_mean=1760.7 addr_spec=2.616 addr_random=0.604 addr_full=0.1117 correct=158
  mpx-70 cover: trials=7260000 overall=0.7046 a0_nochange=0.9686 a0_change=1.0000 a1_nochange=0.0924 a1_change=0.7576 matched_but_wrong=0
  mpx-70 traj: trials=7320000 wall=9701s knowledge=0.7123 reliable=198 spec=7.11 pop=1956
  mpx-70 diag: trials=7320000 micro=3649 pop_spec=6.98 spec_max=25 q_mean=0.604 q_max=1.000 q_above_half=1398 marked=0.287 mark_density=0.905 exp_mean=1490.1 addr_spec=2.217 addr_random=0.598 addr_full=0.0997 correct=160
  mpx-70 cover: trials=7320000 overall=0.7123 a0_nochange=1.0000 a0_change=1.0000 a1_nochange=0.0914 a1_change=0.7579 matched_but_wrong=22
  mpx-70 traj: trials=7380000 wall=9736s knowledge=0.7198 reliable=197 spec=7.09 pop=1624
  mpx-70 diag: trials=7380000 micro=3383 pop_spec=7.51 spec_max=25 q_mean=0.615 q_max=1.000 q_above_half=1132 marked=0.311 mark_density=0.897 exp_mean=1822.6 addr_spec=2.922 addr_random=0.643 addr_full=0.1207 correct=162
  mpx-70 cover: trials=7380000 overall=0.7198 a0_nochange=1.0000 a0_change=1.0000 a1_nochange=0.1058 a1_change=0.7733 matched_but_wrong=0
  mpx-70 traj: trials=7440000 wall=9772s knowledge=0.7247 reliable=201 spec=7.08 pop=1515
  mpx-70 diag: trials=7440000 micro=3232 pop_spec=7.18 spec_max=25 q_mean=0.614 q_max=1.000 q_above_half=1054 marked=0.341 mark_density=0.905 exp_mean=1977.6 addr_spec=2.943 addr_random=0.615 addr_full=0.1215 correct=164
  mpx-70 cover: trials=7440000 overall=0.7247 a0_nochange=1.0000 a0_change=1.0000 a1_nochange=0.1204 a1_change=0.7782 matched_but_wrong=94
  mpx-70 traj: trials=7500000 wall=9799s knowledge=0.7250 reliable=200 spec=7.09 pop=1379
  mpx-70 diag: trials=7500000 micro=3124 pop_spec=7.21 spec_max=25 q_mean=0.627 q_max=1.000 q_above_half=974 marked=0.345 mark_density=0.904 exp_mean=2206.0 addr_spec=3.262 addr_random=0.618 addr_full=0.1429 correct=164
  mpx-70 cover: trials=7500000 overall=0.7250 a0_nochange=1.0000 a0_change=1.0000 a1_nochange=0.1117 a1_change=0.7884 matched_but_wrong=205
  mpx-70 traj: trials=7560000 wall=9830s knowledge=0.7244 reliable=200 spec=7.12 pop=1636
  mpx-70 diag: trials=7560000 micro=3399 pop_spec=7.08 spec_max=25 q_mean=0.608 q_max=1.000 q_above_half=1089 marked=0.313 mark_density=0.906 exp_mean=1853.3 addr_spec=2.638 addr_random=0.607 addr_full=0.1100 correct=162
  mpx-70 cover: trials=7560000 overall=0.7244 a0_nochange=1.0000 a0_change=1.0000 a1_nochange=0.1194 a1_change=0.7781 matched_but_wrong=149
  mpx-70 traj: trials=7620000 wall=9858s knowledge=0.7246 reliable=201 spec=7.07 pop=1454
  mpx-70 diag: trials=7620000 micro=3205 pop_spec=7.21 spec_max=25 q_mean=0.616 q_max=1.000 q_above_half=978 marked=0.335 mark_density=0.905 exp_mean=2115.6 addr_spec=3.120 addr_random=0.618 addr_full=0.1210 correct=162
  mpx-70 cover: trials=7620000 overall=0.7246 a0_nochange=1.0000 a0_change=1.0000 a1_nochange=0.1279 a1_change=0.7703 matched_but_wrong=29
  mpx-70 traj: trials=7680000 wall=9883s knowledge=0.7264 reliable=195 spec=7.06 pop=1437
  mpx-70 diag: trials=7680000 micro=3226 pop_spec=7.44 spec_max=25 q_mean=0.631 q_max=1.000 q_above_half=1004 marked=0.336 mark_density=0.900 exp_mean=2172.3 addr_spec=3.196 addr_random=0.638 addr_full=0.1322 correct=163
  mpx-70 cover: trials=7680000 overall=0.7264 a0_nochange=1.0000 a0_change=1.0000 a1_nochange=0.1242 a1_change=0.7815 matched_but_wrong=0
  mpx-70 traj: trials=7740000 wall=9913s knowledge=0.7288 reliable=202 spec=7.09 pop=1305
  mpx-70 diag: trials=7740000 micro=3101 pop_spec=7.36 spec_max=25 q_mean=0.634 q_max=1.000 q_above_half=955 marked=0.304 mark_density=0.898 exp_mean=2426.5 addr_spec=3.205 addr_random=0.631 addr_full=0.1418 correct=163
  mpx-70 cover: trials=7740000 overall=0.7288 a0_nochange=1.0000 a0_change=1.0000 a1_nochange=0.1164 a1_change=0.7989 matched_but_wrong=299
  mpx-70 traj: trials=7800000 wall=9941s knowledge=0.7264 reliable=198 spec=7.06 pop=1333
  mpx-70 diag: trials=7800000 micro=3091 pop_spec=7.10 spec_max=25 q_mean=0.620 q_max=1.000 q_above_half=877 marked=0.344 mark_density=0.904 exp_mean=2406.6 addr_spec=3.089 addr_random=0.609 addr_full=0.1313 correct=163
  mpx-70 cover: trials=7800000 overall=0.7264 a0_nochange=1.0000 a0_change=1.0000 a1_nochange=0.1164 a1_change=0.7889 matched_but_wrong=7
  mpx-70 traj: trials=7860000 wall=9969s knowledge=0.7289 reliable=199 spec=7.09 pop=1269
  mpx-70 diag: trials=7860000 micro=3015 pop_spec=7.15 spec_max=25 q_mean=0.627 q_max=1.000 q_above_half=866 marked=0.306 mark_density=0.902 exp_mean=2564.6 addr_spec=3.307 addr_random=0.613 addr_full=0.1466 correct=164
  mpx-70 cover: trials=7860000 overall=0.7289 a0_nochange=1.0000 a0_change=1.0000 a1_nochange=0.1206 a1_change=0.7950 matched_but_wrong=103
  mpx-70 traj: trials=7920000 wall=10014s knowledge=0.7269 reliable=199 spec=7.05 pop=1398
  mpx-70 diag: trials=7920000 micro=3153 pop_spec=7.30 spec_max=25 q_mean=0.621 q_max=1.000 q_above_half=970 marked=0.340 mark_density=0.901 exp_mean=2359.5 addr_spec=3.074 addr_random=0.625 addr_full=0.1409 correct=167
  mpx-70 cover: trials=7920000 overall=0.7269 a0_nochange=1.0000 a0_change=1.0000 a1_nochange=0.1160 a1_change=0.7916 matched_but_wrong=0
  mpx-70 traj: trials=7980000 wall=10041s knowledge=0.7278 reliable=199 spec=7.11 pop=1552
  mpx-70 diag: trials=7980000 micro=3340 pop_spec=7.19 spec_max=25 q_mean=0.609 q_max=1.000 q_above_half=979 marked=0.343 mark_density=0.903 exp_mean=2154.8 addr_spec=2.878 addr_random=0.616 addr_full=0.1211 correct=167
  mpx-70 cover: trials=7980000 overall=0.7278 a0_nochange=1.0000 a0_change=1.0000 a1_nochange=0.1309 a1_change=0.7802 matched_but_wrong=0
  mpx-70 traj: trials=8040000 wall=10078s knowledge=0.7268 reliable=204 spec=7.13 pop=1392
  mpx-70 diag: trials=8040000 micro=3110 pop_spec=7.19 spec_max=25 q_mean=0.626 q_max=1.000 q_above_half=981 marked=0.287 mark_density=0.900 exp_mean=2434.1 addr_spec=2.884 addr_random=0.617 addr_full=0.1358 correct=166
  mpx-70 cover: trials=8040000 overall=0.7268 a0_nochange=1.0000 a0_change=1.0000 a1_nochange=0.1189 a1_change=0.7881 matched_but_wrong=26
  mpx-70 traj: trials=8100000 wall=10116s knowledge=0.7242 reliable=204 spec=7.16 pop=1301
  mpx-70 diag: trials=8100000 micro=3062 pop_spec=7.28 spec_max=25 q_mean=0.622 q_max=1.000 q_above_half=912 marked=0.348 mark_density=0.902 exp_mean=2636.4 addr_spec=3.116 addr_random=0.624 addr_full=0.1437 correct=165
  mpx-70 cover: trials=8100000 overall=0.7242 a0_nochange=1.0000 a0_change=1.0000 a1_nochange=0.1035 a1_change=0.7931 matched_but_wrong=123
  mpx-70 traj: trials=8160000 wall=10150s knowledge=0.7261 reliable=204 spec=7.15 pop=1605
  mpx-70 diag: trials=8160000 micro=3321 pop_spec=7.07 spec_max=25 q_mean=0.620 q_max=1.000 q_above_half=1156 marked=0.350 mark_density=0.907 exp_mean=2166.2 addr_spec=2.883 addr_random=0.606 addr_full=0.1159 correct=165
  mpx-70 cover: trials=8160000 overall=0.7261 a0_nochange=1.0000 a0_change=1.0000 a1_nochange=0.1048 a1_change=0.7996 matched_but_wrong=20
  mpx-70 traj: trials=8220000 wall=10174s knowledge=0.7264 reliable=200 spec=7.17 pop=1575
  mpx-70 diag: trials=8220000 micro=3296 pop_spec=6.84 spec_max=25 q_mean=0.611 q_max=1.000 q_above_half=1039 marked=0.363 mark_density=0.909 exp_mean=2212.7 addr_spec=2.762 addr_random=0.587 addr_full=0.1149 correct=165
  mpx-70 cover: trials=8220000 overall=0.7264 a0_nochange=1.0000 a0_change=1.0000 a1_nochange=0.1091 a1_change=0.7964 matched_but_wrong=43
  mpx-70 traj: trials=8280000 wall=10207s knowledge=0.7312 reliable=203 spec=7.10 pop=2363
  mpx-70 diag: trials=8280000 micro=4114 pop_spec=6.68 spec_max=25 q_mean=0.586 q_max=1.000 q_above_half=1574 marked=0.310 mark_density=0.910 exp_mean=1495.0 addr_spec=1.941 addr_random=0.573 addr_full=0.0787 correct=168
  mpx-70 cover: trials=8280000 overall=0.7312 a0_nochange=1.0000 a0_change=1.0000 a1_nochange=0.1196 a1_change=0.8053 matched_but_wrong=0
  mpx-70 traj: trials=8340000 wall=10238s knowledge=0.7426 reliable=202 spec=7.12 pop=1376
  mpx-70 diag: trials=8340000 micro=3181 pop_spec=7.14 spec_max=25 q_mean=0.616 q_max=1.000 q_above_half=912 marked=0.352 mark_density=0.902 exp_mean=2599.9 addr_spec=3.134 addr_random=0.612 addr_full=0.1344 correct=169
  mpx-70 cover: trials=8340000 overall=0.7426 a0_nochange=1.0000 a0_change=1.0000 a1_nochange=0.1433 a1_change=0.8268 matched_but_wrong=0
  mpx-70 traj: trials=8400000 wall=10273s knowledge=0.7461 reliable=209 spec=7.16 pop=1374
  mpx-70 diag: trials=8400000 micro=3144 pop_spec=7.14 spec_max=25 q_mean=0.620 q_max=1.000 q_above_half=907 marked=0.343 mark_density=0.904 exp_mean=2639.1 addr_spec=3.027 addr_random=0.612 addr_full=0.1397 correct=170
  mpx-70 cover: trials=8400000 overall=0.7461 a0_nochange=1.0000 a0_change=1.0000 a1_nochange=0.1458 a1_change=0.8385 matched_but_wrong=8
  mpx-70 traj: trials=8460000 wall=10300s knowledge=0.7407 reliable=208 spec=7.15 pop=1349
  mpx-70 diag: trials=8460000 micro=3129 pop_spec=7.18 spec_max=25 q_mean=0.617 q_max=1.000 q_above_half=930 marked=0.302 mark_density=0.902 exp_mean=2722.1 addr_spec=3.019 addr_random=0.615 addr_full=0.1394 correct=169
  mpx-70 cover: trials=8460000 overall=0.7407 a0_nochange=1.0000 a0_change=1.0000 a1_nochange=0.1280 a1_change=0.8347 matched_but_wrong=3
  mpx-70 traj: trials=8520000 wall=10327s knowledge=0.7352 reliable=200 spec=7.16 pop=1365
  mpx-70 diag: trials=8520000 micro=3125 pop_spec=7.08 spec_max=25 q_mean=0.620 q_max=1.000 q_above_half=922 marked=0.352 mark_density=0.905 exp_mean=2722.5 addr_spec=3.165 addr_random=0.607 addr_full=0.1392 correct=166
  mpx-70 cover: trials=8520000 overall=0.7352 a0_nochange=1.0000 a0_change=1.0000 a1_nochange=0.1325 a1_change=0.8082 matched_but_wrong=61
  mpx-70 traj: trials=8580000 wall=10356s knowledge=0.7399 reliable=213 spec=7.16 pop=1338
  mpx-70 diag: trials=8580000 micro=3145 pop_spec=7.04 spec_max=25 q_mean=0.627 q_max=1.000 q_above_half=944 marked=0.319 mark_density=0.906 exp_mean=2813.7 addr_spec=3.173 addr_random=0.604 addr_full=0.1435 correct=168
  mpx-70 cover: trials=8580000 overall=0.7399 a0_nochange=1.0000 a0_change=1.0000 a1_nochange=0.1425 a1_change=0.8169 matched_but_wrong=59
  mpx-70 traj: trials=8640000 wall=10390s knowledge=0.7407 reliable=207 spec=7.11 pop=1274
  mpx-70 diag: trials=8640000 micro=3069 pop_spec=7.18 spec_max=25 q_mean=0.627 q_max=1.000 q_above_half=901 marked=0.308 mark_density=0.903 exp_mean=2991.4 addr_spec=3.236 addr_random=0.615 addr_full=0.1499 correct=168
  mpx-70 cover: trials=8640000 overall=0.7407 a0_nochange=1.0000 a0_change=1.0000 a1_nochange=0.1527 a1_change=0.8102 matched_but_wrong=1
  mpx-70 traj: trials=8700000 wall=10416s knowledge=0.7351 reliable=204 spec=7.11 pop=1351
  mpx-70 diag: trials=8700000 micro=3098 pop_spec=7.06 spec_max=25 q_mean=0.630 q_max=1.000 q_above_half=960 marked=0.311 mark_density=0.902 exp_mean=2855.0 addr_spec=3.295 addr_random=0.605 addr_full=0.1384 correct=167
  mpx-70 cover: trials=8700000 overall=0.7351 a0_nochange=1.0000 a0_change=1.0000 a1_nochange=0.1261 a1_change=0.8143 matched_but_wrong=1
  mpx-70 traj: trials=8760000 wall=10440s knowledge=0.7377 reliable=202 spec=7.13 pop=1515
  mpx-70 diag: trials=8760000 micro=3300 pop_spec=7.06 spec_max=25 q_mean=0.616 q_max=1.000 q_above_half=1025 marked=0.304 mark_density=0.904 exp_mean=2576.4 addr_spec=2.529 addr_random=0.605 addr_full=0.1168 correct=167
  mpx-70 cover: trials=8760000 overall=0.7377 a0_nochange=1.0000 a0_change=1.0000 a1_nochange=0.1351 a1_change=0.8157 matched_but_wrong=1
  mpx-70 traj: trials=8820000 wall=10467s knowledge=0.7384 reliable=206 spec=7.11 pop=1337
  mpx-70 diag: trials=8820000 micro=3123 pop_spec=7.12 spec_max=25 q_mean=0.620 q_max=1.000 q_above_half=897 marked=0.331 mark_density=0.902 exp_mean=2954.7 addr_spec=3.126 addr_random=0.611 addr_full=0.1399 correct=168
  mpx-70 cover: trials=8820000 overall=0.7384 a0_nochange=1.0000 a0_change=1.0000 a1_nochange=0.1397 a1_change=0.8140 matched_but_wrong=66
  mpx-70 traj: trials=8880000 wall=10504s knowledge=0.7380 reliable=196 spec=7.09 pop=1743
  mpx-70 diag: trials=8880000 micro=3546 pop_spec=7.42 spec_max=25 q_mean=0.598 q_max=1.000 q_above_half=1111 marked=0.280 mark_density=0.899 exp_mean=2293.1 addr_spec=2.493 addr_random=0.636 addr_full=0.1038 correct=168
  mpx-70 cover: trials=8880000 overall=0.7380 a0_nochange=1.0000 a0_change=1.0000 a1_nochange=0.1381 a1_change=0.8138 matched_but_wrong=1
  mpx-70 traj: trials=8940000 wall=10533s knowledge=0.7496 reliable=213 spec=7.13 pop=1354
  mpx-70 diag: trials=8940000 micro=3169 pop_spec=6.98 spec_max=25 q_mean=0.625 q_max=1.000 q_above_half=927 marked=0.324 mark_density=0.905 exp_mean=2985.0 addr_spec=3.201 addr_random=0.598 addr_full=0.1359 correct=173
  mpx-70 cover: trials=8940000 overall=0.7496 a0_nochange=1.0000 a0_change=1.0000 a1_nochange=0.1768 a1_change=0.8217 matched_but_wrong=49
  mpx-70 traj: trials=9000000 wall=10559s knowledge=0.7495 reliable=205 spec=7.11 pop=1362
  mpx-70 diag: trials=9000000 micro=3168 pop_spec=7.04 spec_max=25 q_mean=0.620 q_max=1.000 q_above_half=939 marked=0.305 mark_density=0.901 exp_mean=2998.9 addr_spec=3.243 addr_random=0.604 addr_full=0.1380 correct=172
  mpx-70 cover: trials=9000000 overall=0.7495 a0_nochange=1.0000 a0_change=1.0000 a1_nochange=0.1762 a1_change=0.8217 matched_but_wrong=1
  mpx-70 traj: trials=9060000 wall=10587s knowledge=0.7570 reliable=207 spec=7.08 pop=1260
  mpx-70 diag: trials=9060000 micro=3084 pop_spec=7.03 spec_max=25 q_mean=0.630 q_max=1.000 q_above_half=891 marked=0.286 mark_density=0.903 exp_mean=3279.7 addr_spec=3.361 addr_random=0.602 addr_full=0.1524 correct=172
  mpx-70 cover: trials=9060000 overall=0.7570 a0_nochange=1.0000 a0_change=1.0000 a1_nochange=0.2063 a1_change=0.8217 matched_but_wrong=8
  mpx-70 traj: trials=9120000 wall=10608s knowledge=0.7627 reliable=215 spec=7.10 pop=1301
  mpx-70 diag: trials=9120000 micro=3119 pop_spec=7.07 spec_max=25 q_mean=0.635 q_max=1.000 q_above_half=915 marked=0.345 mark_density=0.903 exp_mean=3213.3 addr_spec=3.311 addr_random=0.606 addr_full=0.1483 correct=172
  mpx-70 cover: trials=9120000 overall=0.7627 a0_nochange=1.0000 a0_change=1.0000 a1_nochange=0.2355 a1_change=0.8150 matched_but_wrong=10
  mpx-70 traj: trials=9180000 wall=10633s knowledge=0.7658 reliable=210 spec=7.11 pop=1426
  mpx-70 diag: trials=9180000 micro=3228 pop_spec=7.10 spec_max=25 q_mean=0.623 q_max=1.000 q_above_half=987 marked=0.324 mark_density=0.903 exp_mean=2961.2 addr_spec=3.050 addr_random=0.609 addr_full=0.1353 correct=172
  mpx-70 cover: trials=9180000 overall=0.7658 a0_nochange=1.0000 a0_change=1.0000 a1_nochange=0.2367 a1_change=0.8265 matched_but_wrong=0
  mpx-70 traj: trials=9240000 wall=10668s knowledge=0.7713 reliable=211 spec=7.09 pop=1286
  mpx-70 diag: trials=9240000 micro=3119 pop_spec=7.07 spec_max=25 q_mean=0.641 q_max=1.000 q_above_half=936 marked=0.292 mark_density=0.902 exp_mean=3321.6 addr_spec=3.219 addr_random=0.606 addr_full=0.1485 correct=174
  mpx-70 cover: trials=9240000 overall=0.7713 a0_nochange=1.0000 a0_change=1.0000 a1_nochange=0.2685 a1_change=0.8168 matched_but_wrong=0
  mpx-70 traj: trials=9300000 wall=10689s knowledge=0.7722 reliable=207 spec=7.05 pop=1328
  mpx-70 diag: trials=9300000 micro=3183 pop_spec=7.07 spec_max=25 q_mean=0.627 q_max=1.000 q_above_half=920 marked=0.309 mark_density=0.903 exp_mean=3249.8 addr_spec=3.215 addr_random=0.606 addr_full=0.1468 correct=176
  mpx-70 cover: trials=9300000 overall=0.7722 a0_nochange=1.0000 a0_change=1.0000 a1_nochange=0.2708 a1_change=0.8180 matched_but_wrong=0
  mpx-70 traj: trials=9360000 wall=10712s knowledge=0.7841 reliable=222 spec=7.12 pop=1389
  mpx-70 diag: trials=9360000 micro=3203 pop_spec=7.11 spec_max=25 q_mean=0.637 q_max=1.000 q_above_half=1023 marked=0.320 mark_density=0.902 exp_mean=3141.7 addr_spec=3.497 addr_random=0.609 addr_full=0.1497 correct=178
  mpx-70 cover: trials=9360000 overall=0.7841 a0_nochange=1.0000 a0_change=1.0000 a1_nochange=0.2954 a1_change=0.8411 matched_but_wrong=89
  mpx-70 traj: trials=9420000 wall=10731s knowledge=0.7816 reliable=214 spec=7.09 pop=1416
  mpx-70 diag: trials=9420000 micro=3273 pop_spec=6.91 spec_max=25 q_mean=0.637 q_max=1.000 q_above_half=1024 marked=0.322 mark_density=0.906 exp_mean=3115.9 addr_spec=3.239 addr_random=0.592 addr_full=0.1384 correct=178
  mpx-70 cover: trials=9420000 overall=0.7816 a0_nochange=1.0000 a0_change=1.0000 a1_nochange=0.3031 a1_change=0.8234 matched_but_wrong=9
  mpx-70 traj: trials=9480000 wall=10752s knowledge=0.7829 reliable=216 spec=7.10 pop=1293
  mpx-70 diag: trials=9480000 micro=3161 pop_spec=6.92 spec_max=25 q_mean=0.630 q_max=1.000 q_above_half=914 marked=0.320 mark_density=0.905 exp_mean=3442.6 addr_spec=3.573 addr_random=0.594 addr_full=0.1555 correct=177
  mpx-70 cover: trials=9480000 overall=0.7829 a0_nochange=1.0000 a0_change=1.0000 a1_nochange=0.2993 a1_change=0.8323 matched_but_wrong=29
  mpx-70 traj: trials=9540000 wall=10772s knowledge=0.7943 reliable=226 spec=7.08 pop=1443
  mpx-70 diag: trials=9540000 micro=3315 pop_spec=7.00 spec_max=25 q_mean=0.635 q_max=1.000 q_above_half=1037 marked=0.341 mark_density=0.903 exp_mean=3121.0 addr_spec=3.469 addr_random=0.600 addr_full=0.1386 correct=181
  mpx-70 cover: trials=9540000 overall=0.7943 a0_nochange=1.0000 a0_change=1.0000 a1_nochange=0.3421 a1_change=0.8351 matched_but_wrong=0
  mpx-70 traj: trials=9600000 wall=10791s knowledge=0.7998 reliable=226 spec=7.08 pop=1387
  mpx-70 diag: trials=9600000 micro=3308 pop_spec=6.94 spec_max=25 q_mean=0.632 q_max=1.000 q_above_half=963 marked=0.303 mark_density=0.904 exp_mean=3282.5 addr_spec=3.588 addr_random=0.595 addr_full=0.1456 correct=181
  mpx-70 cover: trials=9600000 overall=0.7998 a0_nochange=1.0000 a0_change=1.0000 a1_nochange=0.3555 a1_change=0.8438 matched_but_wrong=135
  mpx-70 traj: trials=9660000 wall=10811s knowledge=0.8012 reliable=229 spec=7.08 pop=1822
  mpx-70 diag: trials=9660000 micro=3726 pop_spec=6.90 spec_max=25 q_mean=0.607 q_max=1.000 q_above_half=1208 marked=0.271 mark_density=0.906 exp_mean=2526.7 addr_spec=2.655 addr_random=0.591 addr_full=0.1098 correct=180
  mpx-70 cover: trials=9660000 overall=0.8012 a0_nochange=1.0000 a0_change=1.0000 a1_nochange=0.3638 a1_change=0.8411 matched_but_wrong=42
  mpx-70 traj: trials=9720000 wall=10832s knowledge=0.8040 reliable=222 spec=7.09 pop=1374
  mpx-70 diag: trials=9720000 micro=3298 pop_spec=6.83 spec_max=25 q_mean=0.632 q_max=1.000 q_above_half=999 marked=0.291 mark_density=0.906 exp_mean=3385.3 addr_spec=3.325 addr_random=0.586 addr_full=0.1492 correct=183
  mpx-70 cover: trials=9720000 overall=0.8040 a0_nochange=1.0000 a0_change=1.0000 a1_nochange=0.3661 a1_change=0.8497 matched_but_wrong=27
  mpx-70 traj: trials=9780000 wall=10851s knowledge=0.8078 reliable=230 spec=7.08 pop=1342
  mpx-70 diag: trials=9780000 micro=3223 pop_spec=6.92 spec_max=25 q_mean=0.635 q_max=1.000 q_above_half=935 marked=0.331 mark_density=0.902 exp_mean=3501.9 addr_spec=3.689 addr_random=0.593 addr_full=0.1572 correct=179
  mpx-70 cover: trials=9780000 overall=0.8078 a0_nochange=1.0000 a0_change=1.0000 a1_nochange=0.3877 a1_change=0.8436 matched_but_wrong=0
  mpx-70 traj: trials=9840000 wall=10869s knowledge=0.8212 reliable=237 spec=7.10 pop=1472
  mpx-70 diag: trials=9840000 micro=3433 pop_spec=7.10 spec_max=25 q_mean=0.644 q_max=1.000 q_above_half=1099 marked=0.314 mark_density=0.900 exp_mean=3198.5 addr_spec=3.808 addr_random=0.609 addr_full=0.1481 correct=183
  mpx-70 cover: trials=9840000 overall=0.8212 a0_nochange=1.0000 a0_change=1.0000 a1_nochange=0.4450 a1_change=0.8397 matched_but_wrong=23
  mpx-70 traj: trials=9900000 wall=10887s knowledge=0.8279 reliable=236 spec=7.10 pop=1427
  mpx-70 diag: trials=9900000 micro=3429 pop_spec=7.14 spec_max=25 q_mean=0.636 q_max=1.000 q_above_half=1014 marked=0.306 mark_density=0.901 exp_mean=3333.7 addr_spec=3.869 addr_random=0.612 addr_full=0.1514 correct=185
  mpx-70 cover: trials=9900000 overall=0.8279 a0_nochange=1.0000 a0_change=1.0000 a1_nochange=0.4427 a1_change=0.8690 matched_but_wrong=124
  mpx-70 traj: trials=9960000 wall=10903s knowledge=0.8290 reliable=234 spec=7.08 pop=1374
  mpx-70 diag: trials=9960000 micro=3365 pop_spec=6.90 spec_max=25 q_mean=0.639 q_max=1.000 q_above_half=993 marked=0.315 mark_density=0.904 exp_mean=3499.2 addr_spec=3.738 addr_random=0.592 addr_full=0.1608 correct=186
  mpx-70 cover: trials=9960000 overall=0.8290 a0_nochange=1.0000 a0_change=1.0000 a1_nochange=0.4559 a1_change=0.8601 matched_but_wrong=32
  mpx-70 traj: trials=10020000 wall=10919s knowledge=0.8322 reliable=235 spec=7.08 pop=1263
  mpx-70 diag: trials=10020000 micro=3250 pop_spec=6.87 spec_max=25 q_mean=0.651 q_max=1.000 q_above_half=930 marked=0.279 mark_density=0.904 exp_mean=3847.5 addr_spec=3.852 addr_random=0.589 addr_full=0.1734 correct=186
  mpx-70 cover: trials=10020000 overall=0.8322 a0_nochange=1.0000 a0_change=1.0000 a1_nochange=0.4629 a1_change=0.8659 matched_but_wrong=14
  mpx-70 traj: trials=10080000 wall=10936s knowledge=0.8447 reliable=254 spec=7.11 pop=1387
  mpx-70 diag: trials=10080000 micro=3374 pop_spec=7.04 spec_max=25 q_mean=0.654 q_max=1.000 q_above_half=1037 marked=0.265 mark_density=0.899 exp_mean=3539.8 addr_spec=3.960 addr_random=0.603 addr_full=0.1565 correct=188
  mpx-70 cover: trials=10080000 overall=0.8447 a0_nochange=1.0000 a0_change=1.0000 a1_nochange=0.5059 a1_change=0.8730 matched_but_wrong=152
  mpx-70 traj: trials=10140000 wall=10952s knowledge=0.8531 reliable=240 spec=7.10 pop=1367
  mpx-70 diag: trials=10140000 micro=3383 pop_spec=6.90 spec_max=25 q_mean=0.642 q_max=1.000 q_above_half=990 marked=0.300 mark_density=0.903 exp_mean=3601.2 addr_spec=3.795 addr_random=0.591 addr_full=0.1595 correct=190
  mpx-70 cover: trials=10140000 overall=0.8531 a0_nochange=1.0000 a0_change=1.0000 a1_nochange=0.5386 a1_change=0.8739 matched_but_wrong=19
  mpx-70 traj: trials=10200000 wall=10969s knowledge=0.8597 reliable=249 spec=7.08 pop=1307
  mpx-70 diag: trials=10200000 micro=3355 pop_spec=6.84 spec_max=25 q_mean=0.640 q_max=1.000 q_above_half=916 marked=0.292 mark_density=0.904 exp_mean=3800.9 addr_spec=3.842 addr_random=0.586 addr_full=0.1637 correct=191
  mpx-70 cover: trials=10200000 overall=0.8597 a0_nochange=1.0000 a0_change=1.0000 a1_nochange=0.5595 a1_change=0.8790 matched_but_wrong=180
  mpx-70 traj: trials=10260000 wall=10984s knowledge=0.8698 reliable=268 spec=7.13 pop=1302
  mpx-70 diag: trials=10260000 micro=3401 pop_spec=6.79 spec_max=25 q_mean=0.642 q_max=1.000 q_above_half=880 marked=0.310 mark_density=0.907 exp_mean=3800.3 addr_spec=3.786 addr_random=0.582 addr_full=0.1728 correct=194
  mpx-70 cover: trials=10260000 overall=0.8698 a0_nochange=1.0000 a0_change=1.0000 a1_nochange=0.5922 a1_change=0.8870 matched_but_wrong=36
  mpx-70 traj: trials=10320000 wall=11001s knowledge=0.8595 reliable=245 spec=7.09 pop=1416
  mpx-70 diag: trials=10320000 micro=3432 pop_spec=6.75 spec_max=25 q_mean=0.632 q_max=1.000 q_above_half=1006 marked=0.314 mark_density=0.907 exp_mean=3527.9 addr_spec=3.630 addr_random=0.579 addr_full=0.1589 correct=195
  mpx-70 cover: trials=10320000 overall=0.8595 a0_nochange=1.0000 a0_change=1.0000 a1_nochange=0.5682 a1_change=0.8696 matched_but_wrong=0
  mpx-70 traj: trials=10380000 wall=11017s knowledge=0.8591 reliable=242 spec=7.08 pop=1424
  mpx-70 diag: trials=10380000 micro=3491 pop_spec=6.87 spec_max=25 q_mean=0.644 q_max=1.000 q_above_half=1040 marked=0.307 mark_density=0.906 exp_mean=3513.6 addr_spec=3.923 addr_random=0.589 addr_full=0.1608 correct=198
  mpx-70 cover: trials=10380000 overall=0.8591 a0_nochange=1.0000 a0_change=1.0000 a1_nochange=0.5648 a1_change=0.8717 matched_but_wrong=19
  mpx-70 traj: trials=10440000 wall=11032s knowledge=0.8708 reliable=250 spec=7.09 pop=1298
  mpx-70 diag: trials=10440000 micro=3397 pop_spec=6.79 spec_max=25 q_mean=0.642 q_max=1.000 q_above_half=918 marked=0.283 mark_density=0.905 exp_mean=3894.9 addr_spec=3.867 addr_random=0.582 addr_full=0.1780 correct=202
  mpx-70 cover: trials=10440000 overall=0.8708 a0_nochange=1.0000 a0_change=1.0000 a1_nochange=0.5934 a1_change=0.8896 matched_but_wrong=15
  mpx-70 traj: trials=10500000 wall=11048s knowledge=0.8877 reliable=257 spec=7.08 pop=1237
  mpx-70 diag: trials=10500000 micro=3366 pop_spec=6.73 spec_max=25 q_mean=0.650 q_max=1.000 q_above_half=869 marked=0.272 mark_density=0.904 exp_mean=4129.4 addr_spec=3.947 addr_random=0.577 addr_full=0.1859 correct=205
  mpx-70 cover: trials=10500000 overall=0.8877 a0_nochange=1.0000 a0_change=1.0000 a1_nochange=0.6339 a1_change=0.9170 matched_but_wrong=0
  mpx-70 traj: trials=10560000 wall=11063s knowledge=0.8880 reliable=256 spec=7.06 pop=1212
  mpx-70 diag: trials=10560000 micro=3346 pop_spec=6.75 spec_max=25 q_mean=0.653 q_max=1.000 q_above_half=906 marked=0.273 mark_density=0.905 exp_mean=4258.3 addr_spec=3.886 addr_random=0.579 addr_full=0.1840 correct=203
  mpx-70 cover: trials=10560000 overall=0.8880 a0_nochange=1.0000 a0_change=1.0000 a1_nochange=0.6394 a1_change=0.9125 matched_but_wrong=50
  mpx-70 traj: trials=10620000 wall=11078s knowledge=0.8936 reliable=257 spec=7.06 pop=1317
  mpx-70 diag: trials=10620000 micro=3508 pop_spec=6.69 spec_max=25 q_mean=0.643 q_max=1.000 q_above_half=945 marked=0.285 mark_density=0.908 exp_mean=3931.4 addr_spec=4.112 addr_random=0.574 addr_full=0.1784 correct=204
  mpx-70 cover: trials=10620000 overall=0.8936 a0_nochange=1.0000 a0_change=1.0000 a1_nochange=0.6547 a1_change=0.9198 matched_but_wrong=57
  mpx-70 traj: trials=10680000 wall=11092s knowledge=0.8879 reliable=241 spec=7.02 pop=1289
  mpx-70 diag: trials=10680000 micro=3437 pop_spec=6.77 spec_max=25 q_mean=0.640 q_max=1.000 q_above_half=922 marked=0.256 mark_density=0.904 exp_mean=4054.8 addr_spec=3.984 addr_random=0.580 addr_full=0.1722 correct=205
  mpx-70 cover: trials=10680000 overall=0.8879 a0_nochange=1.0000 a0_change=1.0000 a1_nochange=0.6626 a1_change=0.8890 matched_but_wrong=0
  mpx-70 traj: trials=10740000 wall=11107s knowledge=0.9070 reliable=259 spec=7.03 pop=1324
  mpx-70 diag: trials=10740000 micro=3491 pop_spec=6.75 spec_max=25 q_mean=0.644 q_max=1.000 q_above_half=958 marked=0.296 mark_density=0.907 exp_mean=3989.2 addr_spec=4.074 addr_random=0.579 addr_full=0.1873 correct=208
  mpx-70 cover: trials=10740000 overall=0.9070 a0_nochange=1.0000 a0_change=1.0000 a1_nochange=0.7219 a1_change=0.9062 matched_but_wrong=0
  mpx-70 traj: trials=10800000 wall=11122s knowledge=0.9105 reliable=255 spec=7.02 pop=1308
  mpx-70 diag: trials=10800000 micro=3501 pop_spec=6.77 spec_max=25 q_mean=0.649 q_max=1.000 q_above_half=955 marked=0.279 mark_density=0.905 exp_mean=4079.4 addr_spec=4.221 addr_random=0.581 addr_full=0.1797 correct=213
  mpx-70 cover: trials=10800000 overall=0.9105 a0_nochange=1.0000 a0_change=1.0000 a1_nochange=0.7351 a1_change=0.9069 matched_but_wrong=0
  mpx-70 traj: trials=10860000 wall=11136s knowledge=0.9229 reliable=260 spec=7.03 pop=1293
  mpx-70 diag: trials=10860000 micro=3536 pop_spec=6.77 spec_max=25 q_mean=0.652 q_max=1.000 q_above_half=947 marked=0.289 mark_density=0.905 exp_mean=4167.9 addr_spec=4.299 addr_random=0.581 addr_full=0.2057 correct=219
  mpx-70 cover: trials=10860000 overall=0.9229 a0_nochange=1.0000 a0_change=1.0000 a1_nochange=0.7680 a1_change=0.9234 matched_but_wrong=8
  mpx-70 traj: trials=10920000 wall=11151s knowledge=0.9216 reliable=267 spec=7.03 pop=1295
  mpx-70 diag: trials=10920000 micro=3522 pop_spec=6.69 spec_max=25 q_mean=0.653 q_max=1.000 q_above_half=969 marked=0.293 mark_density=0.906 exp_mean=4195.2 addr_spec=4.064 addr_random=0.574 addr_full=0.1861 correct=217
  mpx-70 cover: trials=10920000 overall=0.9216 a0_nochange=1.0000 a0_change=1.0000 a1_nochange=0.7607 a1_change=0.9256 matched_but_wrong=0
  mpx-70 traj: trials=10980000 wall=11165s knowledge=0.9269 reliable=265 spec=7.03 pop=1320
  mpx-70 diag: trials=10980000 micro=3564 pop_spec=6.66 spec_max=25 q_mean=0.640 q_max=1.000 q_above_half=905 marked=0.292 mark_density=0.908 exp_mean=4082.5 addr_spec=4.193 addr_random=0.571 addr_full=0.1909 correct=221
  mpx-70 cover: trials=10980000 overall=0.9269 a0_nochange=1.0000 a0_change=1.0000 a1_nochange=0.7635 a1_change=0.9440 matched_but_wrong=0
  mpx-70 traj: trials=11040000 wall=11179s knowledge=0.9322 reliable=262 spec=7.06 pop=1239
  mpx-70 diag: trials=11040000 micro=3527 pop_spec=6.68 spec_max=25 q_mean=0.657 q_max=1.000 q_above_half=907 marked=0.291 mark_density=0.908 exp_mean=4393.2 addr_spec=4.230 addr_random=0.573 addr_full=0.2082 correct=220
  mpx-70 cover: trials=11040000 overall=0.9322 a0_nochange=1.0000 a0_change=1.0000 a1_nochange=0.7865 a1_change=0.9423 matched_but_wrong=0
  mpx-70 traj: trials=11100000 wall=11193s knowledge=0.9330 reliable=264 spec=7.06 pop=1282
  mpx-70 diag: trials=11100000 micro=3539 pop_spec=6.63 spec_max=25 q_mean=0.648 q_max=1.000 q_above_half=886 marked=0.287 mark_density=0.910 exp_mean=4289.7 addr_spec=4.117 addr_random=0.568 addr_full=0.1856 correct=222
  mpx-70 cover: trials=11100000 overall=0.9330 a0_nochange=1.0000 a0_change=1.0000 a1_nochange=0.7879 a1_change=0.9441 matched_but_wrong=0
  mpx-70 traj: trials=11160000 wall=11207s knowledge=0.9412 reliable=261 spec=7.03 pop=1252
  mpx-70 diag: trials=11160000 micro=3610 pop_spec=6.68 spec_max=25 q_mean=0.649 q_max=1.000 q_above_half=885 marked=0.272 mark_density=0.908 exp_mean=4426.8 addr_spec=4.327 addr_random=0.573 addr_full=0.2069 correct=226
  mpx-70 cover: trials=11160000 overall=0.9412 a0_nochange=1.0000 a0_change=1.0000 a1_nochange=0.8148 a1_change=0.9499 matched_but_wrong=0
  mpx-70 traj: trials=11220000 wall=11220s knowledge=0.9416 reliable=260 spec=7.05 pop=1245
  mpx-70 diag: trials=11220000 micro=3552 pop_spec=6.68 spec_max=25 q_mean=0.655 q_max=1.000 q_above_half=932 marked=0.251 mark_density=0.908 exp_mean=4496.8 addr_spec=4.155 addr_random=0.573 addr_full=0.2120 correct=224
  mpx-70 cover: trials=11220000 overall=0.9416 a0_nochange=1.0000 a0_change=1.0000 a1_nochange=0.8133 a1_change=0.9531 matched_but_wrong=0
  mpx-70 traj: trials=11280000 wall=11234s knowledge=0.9423 reliable=262 spec=7.05 pop=1238
  mpx-70 diag: trials=11280000 micro=3547 pop_spec=6.70 spec_max=25 q_mean=0.654 q_max=1.000 q_above_half=872 marked=0.279 mark_density=0.909 exp_mean=4535.7 addr_spec=4.340 addr_random=0.574 addr_full=0.2197 correct=227
  mpx-70 cover: trials=11280000 overall=0.9423 a0_nochange=1.0000 a0_change=1.0000 a1_nochange=0.8087 a1_change=0.9605 matched_but_wrong=0
  mpx-70 traj: trials=11340000 wall=11248s knowledge=0.9429 reliable=264 spec=7.03 pop=1290
  mpx-70 diag: trials=11340000 micro=3562 pop_spec=6.65 spec_max=25 q_mean=0.645 q_max=1.000 q_above_half=905 marked=0.307 mark_density=0.909 exp_mean=4359.2 addr_spec=4.209 addr_random=0.570 addr_full=0.1969 correct=228
  mpx-70 cover: trials=11340000 overall=0.9429 a0_nochange=1.0000 a0_change=1.0000 a1_nochange=0.8015 a1_change=0.9702 matched_but_wrong=0
  mpx-70 traj: trials=11400000 wall=11262s knowledge=0.9422 reliable=262 spec=7.01 pop=1235
  mpx-70 diag: trials=11400000 micro=3620 pop_spec=6.66 spec_max=25 q_mean=0.660 q_max=1.000 q_above_half=885 marked=0.279 mark_density=0.908 exp_mean=4594.4 addr_spec=4.326 addr_random=0.571 addr_full=0.2121 correct=229
  mpx-70 cover: trials=11400000 overall=0.9422 a0_nochange=1.0000 a0_change=1.0000 a1_nochange=0.8115 a1_change=0.9572 matched_but_wrong=0
  mpx-70 traj: trials=11460000 wall=11275s knowledge=0.9465 reliable=262 spec=7.03 pop=1183
  mpx-70 diag: trials=11460000 micro=3472 pop_spec=6.54 spec_max=25 q_mean=0.660 q_max=1.000 q_above_half=880 marked=0.280 mark_density=0.911 exp_mean=4843.2 addr_spec=4.250 addr_random=0.561 addr_full=0.2147 correct=228
  mpx-70 cover: trials=11460000 overall=0.9465 a0_nochange=1.0000 a0_change=1.0000 a1_nochange=0.8300 a1_change=0.9559 matched_but_wrong=0
  mpx-70 traj: trials=11520000 wall=11289s knowledge=0.9477 reliable=260 spec=7.02 pop=1166
  mpx-70 diag: trials=11520000 micro=3520 pop_spec=6.66 spec_max=25 q_mean=0.653 q_max=1.000 q_above_half=828 marked=0.304 mark_density=0.909 exp_mean=4958.9 addr_spec=4.371 addr_random=0.571 addr_full=0.2204 correct=229
  mpx-70 cover: trials=11520000 overall=0.9477 a0_nochange=1.0000 a0_change=1.0000 a1_nochange=0.8273 a1_change=0.9634 matched_but_wrong=0
  mpx-70 traj: trials=11580000 wall=11302s knowledge=0.9462 reliable=264 spec=7.04 pop=1273
  mpx-70 diag: trials=11580000 micro=3611 pop_spec=6.61 spec_max=25 q_mean=0.653 q_max=1.000 q_above_half=925 marked=0.278 mark_density=0.910 exp_mean=4571.1 addr_spec=4.196 addr_random=0.567 addr_full=0.1980 correct=230
  mpx-70 cover: trials=11580000 overall=0.9462 a0_nochange=1.0000 a0_change=1.0000 a1_nochange=0.8150 a1_change=0.9697 matched_but_wrong=52
  mpx-70 traj: trials=11640000 wall=11316s knowledge=0.9536 reliable=262 spec=7.02 pop=1261
  mpx-70 diag: trials=11640000 micro=3603 pop_spec=6.55 spec_max=25 q_mean=0.646 q_max=1.000 q_above_half=887 marked=0.266 mark_density=0.910 exp_mean=4657.2 addr_spec=4.295 addr_random=0.562 addr_full=0.2070 correct=230
  mpx-70 cover: trials=11640000 overall=0.9536 a0_nochange=1.0000 a0_change=1.0000 a1_nochange=0.8285 a1_change=0.9860 matched_but_wrong=0
  mpx-70 traj: trials=11700000 wall=11329s knowledge=0.9555 reliable=263 spec=7.01 pop=1264
  mpx-70 diag: trials=11700000 micro=3636 pop_spec=6.51 spec_max=25 q_mean=0.648 q_max=1.000 q_above_half=922 marked=0.283 mark_density=0.911 exp_mean=4655.4 addr_spec=4.241 addr_random=0.558 addr_full=0.2120 correct=233
  mpx-70 cover: trials=11700000 overall=0.9555 a0_nochange=1.0000 a0_change=1.0000 a1_nochange=0.8299 a1_change=0.9920 matched_but_wrong=0
  mpx-70 traj: trials=11760000 wall=11343s knowledge=0.9599 reliable=269 spec=7.01 pop=1138
  mpx-70 diag: trials=11760000 micro=3587 pop_spec=6.50 spec_max=25 q_mean=0.653 q_max=1.000 q_above_half=800 marked=0.292 mark_density=0.912 exp_mean=5222.3 addr_spec=4.321 addr_random=0.557 addr_full=0.2311 correct=235
  mpx-70 cover: trials=11760000 overall=0.9599 a0_nochange=1.0000 a0_change=1.0000 a1_nochange=0.8394 a1_change=1.0000 matched_but_wrong=0
  mpx-70 traj: trials=11820000 wall=11356s knowledge=0.9671 reliable=270 spec=7.00 pop=1226
  mpx-70 diag: trials=11820000 micro=3654 pop_spec=6.50 spec_max=25 q_mean=0.649 q_max=1.000 q_above_half=877 marked=0.273 mark_density=0.912 exp_mean=4895.2 addr_spec=4.331 addr_random=0.557 addr_full=0.2202 correct=238
  mpx-70 cover: trials=11820000 overall=0.9671 a0_nochange=1.0000 a0_change=1.0000 a1_nochange=0.8682 a1_change=1.0000 matched_but_wrong=0
  mpx-70 traj: trials=11880000 wall=11369s knowledge=0.9676 reliable=267 spec=7.00 pop=1177
  mpx-70 diag: trials=11880000 micro=3570 pop_spec=6.50 spec_max=25 q_mean=0.657 q_max=1.000 q_above_half=816 marked=0.265 mark_density=0.909 exp_mean=5094.6 addr_spec=4.263 addr_random=0.558 addr_full=0.2243 correct=240
  mpx-70 cover: trials=11880000 overall=0.9676 a0_nochange=1.0000 a0_change=1.0000 a1_nochange=0.8702 a1_change=1.0000 matched_but_wrong=49
  mpx-70 traj: trials=11940000 wall=11382s knowledge=0.9721 reliable=266 spec=7.01 pop=1218
  mpx-70 diag: trials=11940000 micro=3590 pop_spec=6.54 spec_max=25 q_mean=0.651 q_max=1.000 q_above_half=869 marked=0.282 mark_density=0.910 exp_mean=4971.3 addr_spec=4.318 addr_random=0.561 addr_full=0.2209 correct=241
  mpx-70 cover: trials=11940000 overall=0.9721 a0_nochange=1.0000 a0_change=1.0000 a1_nochange=0.8883 a1_change=1.0000 matched_but_wrong=0
  mpx-70 traj: trials=12000000 wall=11395s knowledge=0.9713 reliable=276 spec=7.01 pop=1242
  mpx-70 diag: trials=12000000 micro=3650 pop_spec=6.49 spec_max=25 q_mean=0.658 q_max=1.000 q_above_half=909 marked=0.278 mark_density=0.911 exp_mean=4918.4 addr_spec=4.231 addr_random=0.556 addr_full=0.2126 correct=240
  mpx-70 cover: trials=12000000 overall=0.9713 a0_nochange=1.0000 a0_change=1.0000 a1_nochange=0.8852 a1_change=1.0000 matched_but_wrong=0
  mpx-70 traj: trials=12060000 wall=11409s knowledge=0.9690 reliable=261 spec=7.00 pop=1221
  mpx-70 diag: trials=12060000 micro=3652 pop_spec=6.47 spec_max=25 q_mean=0.649 q_max=1.000 q_above_half=844 marked=0.275 mark_density=0.912 exp_mean=5049.2 addr_spec=4.220 addr_random=0.555 addr_full=0.2138 correct=243
  mpx-70 cover: trials=12060000 overall=0.9690 a0_nochange=1.0000 a0_change=1.0000 a1_nochange=0.8761 a1_change=1.0000 matched_but_wrong=0
  mpx-70 traj: trials=12120000 wall=11422s knowledge=0.9711 reliable=266 spec=7.00 pop=1213
  mpx-70 diag: trials=12120000 micro=3629 pop_spec=6.49 spec_max=25 q_mean=0.653 q_max=1.000 q_above_half=876 marked=0.252 mark_density=0.910 exp_mean=5127.5 addr_spec=4.293 addr_random=0.556 addr_full=0.2127 correct=243
  mpx-70 cover: trials=12120000 overall=0.9711 a0_nochange=1.0000 a0_change=1.0000 a1_nochange=0.8843 a1_change=1.0000 matched_but_wrong=0
  mpx-70 traj: trials=12180000 wall=11435s knowledge=0.9775 reliable=268 spec=7.00 pop=1215
  mpx-70 diag: trials=12180000 micro=3641 pop_spec=6.51 spec_max=25 q_mean=0.652 q_max=1.000 q_above_half=848 marked=0.270 mark_density=0.911 exp_mean=5159.2 addr_spec=4.360 addr_random=0.558 addr_full=0.2181 correct=244
  mpx-70 cover: trials=12180000 overall=0.9775 a0_nochange=1.0000 a0_change=1.0000 a1_nochange=0.9102 a1_change=1.0000 matched_but_wrong=0
  mpx-70 traj: trials=12240000 wall=11448s knowledge=0.9741 reliable=280 spec=7.00 pop=1265
  mpx-70 diag: trials=12240000 micro=3672 pop_spec=6.53 spec_max=25 q_mean=0.650 q_max=1.000 q_above_half=911 marked=0.311 mark_density=0.910 exp_mean=5003.3 addr_spec=4.290 addr_random=0.560 addr_full=0.2119 correct=243
  mpx-70 cover: trials=12240000 overall=0.9741 a0_nochange=1.0000 a0_change=1.0000 a1_nochange=0.8966 a1_change=1.0000 matched_but_wrong=0
  mpx-70 traj: trials=12300000 wall=11461s knowledge=0.9743 reliable=270 spec=7.00 pop=1133
  mpx-70 diag: trials=12300000 micro=3520 pop_spec=6.57 spec_max=25 q_mean=0.663 q_max=1.000 q_above_half=796 marked=0.274 mark_density=0.910 exp_mean=5635.6 addr_spec=4.310 addr_random=0.563 addr_full=0.2277 correct=243
  mpx-70 cover: trials=12300000 overall=0.9743 a0_nochange=1.0000 a0_change=1.0000 a1_nochange=0.8973 a1_change=1.0000 matched_but_wrong=110
  mpx-70 traj: trials=12360000 wall=11474s knowledge=0.9783 reliable=270 spec=7.00 pop=1247
  mpx-70 diag: trials=12360000 micro=3670 pop_spec=6.52 spec_max=25 q_mean=0.649 q_max=1.000 q_above_half=878 marked=0.303 mark_density=0.911 exp_mean=5168.1 addr_spec=4.360 addr_random=0.559 addr_full=0.2302 correct=244
  mpx-70 cover: trials=12360000 overall=0.9783 a0_nochange=1.0000 a0_change=1.0000 a1_nochange=0.9132 a1_change=1.0000 matched_but_wrong=0
  mpx-70 traj: trials=12420000 wall=11488s knowledge=0.9781 reliable=267 spec=7.01 pop=1200
  mpx-70 diag: trials=12420000 micro=3600 pop_spec=6.50 spec_max=25 q_mean=0.650 q_max=1.000 q_above_half=832 marked=0.278 mark_density=0.911 exp_mean=5415.1 addr_spec=4.380 addr_random=0.557 addr_full=0.2342 correct=244
  mpx-70 cover: trials=12420000 overall=0.9781 a0_nochange=1.0000 a0_change=1.0000 a1_nochange=0.9126 a1_change=1.0000 matched_but_wrong=0
  mpx-70 traj: trials=12480000 wall=11501s knowledge=0.9785 reliable=271 spec=7.00 pop=1227
  mpx-70 diag: trials=12480000 micro=3681 pop_spec=6.45 spec_max=25 q_mean=0.653 q_max=1.000 q_above_half=843 marked=0.282 mark_density=0.912 exp_mean=5343.6 addr_spec=4.320 addr_random=0.553 addr_full=0.2184 correct=246
  mpx-70 cover: trials=12480000 overall=0.9785 a0_nochange=1.0000 a0_change=1.0000 a1_nochange=0.9139 a1_change=1.0000 matched_but_wrong=0
  mpx-70 traj: trials=12540000 wall=11514s knowledge=0.9804 reliable=270 spec=7.00 pop=1234
  mpx-70 diag: trials=12540000 micro=3662 pop_spec=6.46 spec_max=25 q_mean=0.644 q_max=1.000 q_above_half=850 marked=0.275 mark_density=0.913 exp_mean=5359.9 addr_spec=4.335 addr_random=0.554 addr_full=0.2147 correct=246
  mpx-70 cover: trials=12540000 overall=0.9804 a0_nochange=1.0000 a0_change=1.0000 a1_nochange=0.9217 a1_change=1.0000 matched_but_wrong=0
  mpx-70 traj: trials=12600000 wall=11527s knowledge=0.9823 reliable=269 spec=7.01 pop=1244
  mpx-70 diag: trials=12600000 micro=3673 pop_spec=6.50 spec_max=25 q_mean=0.651 q_max=1.000 q_above_half=866 marked=0.319 mark_density=0.910 exp_mean=5364.9 addr_spec=4.363 addr_random=0.557 addr_full=0.2219 correct=247
  mpx-70 cover: trials=12600000 overall=0.9823 a0_nochange=1.0000 a0_change=1.0000 a1_nochange=0.9293 a1_change=1.0000 matched_but_wrong=0
  mpx-70 traj: trials=12660000 wall=11540s knowledge=0.9865 reliable=269 spec=7.01 pop=1154
  mpx-70 diag: trials=12660000 micro=3647 pop_spec=6.47 spec_max=25 q_mean=0.652 q_max=1.000 q_above_half=804 marked=0.278 mark_density=0.912 exp_mean=5833.6 addr_spec=4.377 addr_random=0.555 addr_full=0.2470 correct=249
  mpx-70 cover: trials=12660000 overall=0.9865 a0_nochange=1.0000 a0_change=1.0000 a1_nochange=0.9461 a1_change=1.0000 matched_but_wrong=0
  mpx-70 traj: trials=12720000 wall=11554s knowledge=0.9877 reliable=269 spec=7.01 pop=1176
  mpx-70 diag: trials=12720000 micro=3620 pop_spec=6.48 spec_max=25 q_mean=0.652 q_max=1.000 q_above_half=830 marked=0.267 mark_density=0.911 exp_mean=5774.9 addr_spec=4.339 addr_random=0.555 addr_full=0.2423 correct=250
  mpx-70 cover: trials=12720000 overall=0.9877 a0_nochange=1.0000 a0_change=1.0000 a1_nochange=0.9510 a1_change=1.0000 matched_but_wrong=0
  mpx-70 traj: trials=12780000 wall=11567s knowledge=0.9841 reliable=264 spec=7.00 pop=1223
  mpx-70 diag: trials=12780000 micro=3641 pop_spec=6.45 spec_max=25 q_mean=0.653 q_max=1.000 q_above_half=907 marked=0.268 mark_density=0.913 exp_mean=5601.1 addr_spec=4.245 addr_random=0.553 addr_full=0.2167 correct=249
  mpx-70 cover: trials=12780000 overall=0.9841 a0_nochange=1.0000 a0_change=1.0000 a1_nochange=0.9365 a1_change=1.0000 matched_but_wrong=0
  mpx-70 traj: trials=12840000 wall=11580s knowledge=0.9853 reliable=277 spec=7.00 pop=1235
  mpx-70 diag: trials=12840000 micro=3658 pop_spec=6.47 spec_max=25 q_mean=0.648 q_max=1.000 q_above_half=885 marked=0.271 mark_density=0.912 exp_mean=5567.4 addr_spec=4.291 addr_random=0.554 addr_full=0.2194 correct=250
  mpx-70 cover: trials=12840000 overall=0.9853 a0_nochange=1.0000 a0_change=1.0000 a1_nochange=0.9412 a1_change=1.0000 matched_but_wrong=0
  mpx-70 traj: trials=12900000 wall=11593s knowledge=0.9864 reliable=274 spec=7.00 pop=1280
  mpx-70 diag: trials=12900000 micro=3707 pop_spec=6.51 spec_max=25 q_mean=0.649 q_max=1.000 q_above_half=923 marked=0.271 mark_density=0.912 exp_mean=5418.5 addr_spec=4.391 addr_random=0.558 addr_full=0.2164 correct=251
  mpx-70 cover: trials=12900000 overall=0.9864 a0_nochange=1.0000 a0_change=1.0000 a1_nochange=0.9456 a1_change=1.0000 matched_but_wrong=0
  mpx-70 traj: trials=12960000 wall=11606s knowledge=0.9853 reliable=266 spec=7.00 pop=1166
  mpx-70 diag: trials=12960000 micro=3623 pop_spec=6.51 spec_max=25 q_mean=0.663 q_max=1.000 q_above_half=869 marked=0.258 mark_density=0.910 exp_mean=5998.2 addr_spec=4.379 addr_random=0.558 addr_full=0.2290 correct=250
  mpx-70 cover: trials=12960000 overall=0.9853 a0_nochange=1.0000 a0_change=1.0000 a1_nochange=0.9412 a1_change=1.0000 matched_but_wrong=0
  mpx-70 traj: trials=13020000 wall=11620s knowledge=0.9864 reliable=264 spec=7.00 pop=1195
  mpx-70 diag: trials=13020000 micro=3608 pop_spec=6.43 spec_max=25 q_mean=0.655 q_max=1.000 q_above_half=869 marked=0.264 mark_density=0.912 exp_mean=5901.8 addr_spec=4.260 addr_random=0.551 addr_full=0.2276 correct=251
  mpx-70 cover: trials=13020000 overall=0.9864 a0_nochange=1.0000 a0_change=1.0000 a1_nochange=0.9456 a1_change=1.0000 matched_but_wrong=0
  mpx-70 traj: trials=13080000 wall=11633s knowledge=0.9864 reliable=268 spec=7.00 pop=1217
  mpx-70 diag: trials=13080000 micro=3696 pop_spec=6.47 spec_max=25 q_mean=0.650 q_max=1.000 q_above_half=866 marked=0.298 mark_density=0.911 exp_mean=5844.7 addr_spec=4.401 addr_random=0.555 addr_full=0.2293 correct=251
  mpx-70 cover: trials=13080000 overall=0.9864 a0_nochange=1.0000 a0_change=1.0000 a1_nochange=0.9456 a1_change=1.0000 matched_but_wrong=0
  mpx-70 traj: trials=13140000 wall=11646s knowledge=0.9873 reliable=271 spec=7.00 pop=1273
  mpx-70 diag: trials=13140000 micro=3689 pop_spec=6.46 spec_max=25 q_mean=0.648 q_max=1.000 q_above_half=882 marked=0.299 mark_density=0.913 exp_mean=5634.5 addr_spec=4.379 addr_random=0.553 addr_full=0.2262 correct=251
  mpx-70 cover: trials=13140000 overall=0.9873 a0_nochange=1.0000 a0_change=1.0000 a1_nochange=0.9492 a1_change=1.0000 matched_but_wrong=0
  mpx-70 traj: trials=13200000 wall=11659s knowledge=0.9882 reliable=270 spec=7.01 pop=1287
  mpx-70 diag: trials=13200000 micro=3728 pop_spec=6.51 spec_max=25 q_mean=0.648 q_max=1.000 q_above_half=921 marked=0.284 mark_density=0.910 exp_mean=5614.8 addr_spec=4.483 addr_random=0.558 addr_full=0.2191 correct=251
  mpx-70 cover: trials=13200000 overall=0.9882 a0_nochange=1.0000 a0_change=1.0000 a1_nochange=0.9527 a1_change=1.0000 matched_but_wrong=0
  mpx-70 traj: trials=13260000 wall=11672s knowledge=0.9902 reliable=272 spec=7.00 pop=1226
  mpx-70 diag: trials=13260000 micro=3697 pop_spec=6.47 spec_max=25 q_mean=0.654 q_max=1.000 q_above_half=900 marked=0.279 mark_density=0.911 exp_mean=5942.9 addr_spec=4.285 addr_random=0.555 addr_full=0.2276 correct=252
  mpx-70 cover: trials=13260000 overall=0.9902 a0_nochange=1.0000 a0_change=1.0000 a1_nochange=0.9607 a1_change=1.0000 matched_but_wrong=10
  mpx-70 traj: trials=13320000 wall=11685s knowledge=0.9909 reliable=272 spec=7.00 pop=1258
  mpx-70 diag: trials=13320000 micro=3750 pop_spec=6.53 spec_max=25 q_mean=0.651 q_max=1.000 q_above_half=885 marked=0.286 mark_density=0.910 exp_mean=5832.2 addr_spec=4.428 addr_random=0.559 addr_full=0.2202 correct=253
  mpx-70 cover: trials=13320000 overall=0.9909 a0_nochange=1.0000 a0_change=1.0000 a1_nochange=0.9636 a1_change=1.0000 matched_but_wrong=0
  mpx-70 traj: trials=13380000 wall=11698s knowledge=0.9890 reliable=271 spec=7.00 pop=1207
  mpx-70 diag: trials=13380000 micro=3653 pop_spec=6.50 spec_max=25 q_mean=0.651 q_max=1.000 q_above_half=863 marked=0.273 mark_density=0.911 exp_mean=6127.1 addr_spec=4.344 addr_random=0.557 addr_full=0.2270 correct=252
  mpx-70 cover: trials=13380000 overall=0.9890 a0_nochange=1.0000 a0_change=1.0000 a1_nochange=0.9562 a1_change=1.0000 matched_but_wrong=0
  mpx-70 traj: trials=13440000 wall=11711s knowledge=0.9879 reliable=277 spec=7.00 pop=1258
  mpx-70 diag: trials=13440000 micro=3745 pop_spec=6.46 spec_max=25 q_mean=0.648 q_max=1.000 q_above_half=880 marked=0.300 mark_density=0.912 exp_mean=5927.2 addr_spec=4.363 addr_random=0.554 addr_full=0.2250 correct=252
  mpx-70 cover: trials=13440000 overall=0.9879 a0_nochange=1.0000 a0_change=1.0000 a1_nochange=0.9518 a1_change=1.0000 matched_but_wrong=0
  mpx-70 traj: trials=13500000 wall=11724s knowledge=0.9900 reliable=267 spec=7.00 pop=1230
  mpx-70 diag: trials=13500000 micro=3712 pop_spec=6.50 spec_max=25 q_mean=0.653 q_max=1.000 q_above_half=889 marked=0.267 mark_density=0.912 exp_mean=6108.8 addr_spec=4.338 addr_random=0.557 addr_full=0.2293 correct=252
  mpx-70 cover: trials=13500000 overall=0.9900 a0_nochange=1.0000 a0_change=1.0000 a1_nochange=0.9600 a1_change=1.0000 matched_but_wrong=165
  mpx-70 traj: trials=13560000 wall=11736s knowledge=0.9900 reliable=261 spec=7.00 pop=1187
  mpx-70 diag: trials=13560000 micro=3654 pop_spec=6.46 spec_max=25 q_mean=0.653 q_max=1.000 q_above_half=856 marked=0.264 mark_density=0.911 exp_mean=6379.6 addr_spec=4.350 addr_random=0.553 addr_full=0.2376 correct=252
  mpx-70 cover: trials=13560000 overall=0.9900 a0_nochange=1.0000 a0_change=1.0000 a1_nochange=0.9600 a1_change=1.0000 matched_but_wrong=0
  mpx-70 traj: trials=13620000 wall=11749s knowledge=0.9900 reliable=265 spec=7.00 pop=1177
  mpx-70 diag: trials=13620000 micro=3656 pop_spec=6.48 spec_max=25 q_mean=0.655 q_max=1.000 q_above_half=831 marked=0.277 mark_density=0.911 exp_mean=6485.3 addr_spec=4.283 addr_random=0.555 addr_full=0.2311 correct=252
  mpx-70 cover: trials=13620000 overall=0.9900 a0_nochange=1.0000 a0_change=1.0000 a1_nochange=0.9600 a1_change=1.0000 matched_but_wrong=0
  mpx-70 traj: trials=13680000 wall=11762s knowledge=0.9929 reliable=275 spec=7.00 pop=1208
  mpx-70 diag: trials=13680000 micro=3730 pop_spec=6.47 spec_max=25 q_mean=0.656 q_max=1.000 q_above_half=858 marked=0.274 mark_density=0.911 exp_mean=6369.3 addr_spec=4.406 addr_random=0.554 addr_full=0.2276 correct=253
  mpx-70 cover: trials=13680000 overall=0.9929 a0_nochange=1.0000 a0_change=1.0000 a1_nochange=0.9716 a1_change=1.0000 matched_but_wrong=0
  mpx-70 traj: trials=13740000 wall=11775s knowledge=0.9929 reliable=269 spec=7.00 pop=1167
  mpx-70 diag: trials=13740000 micro=3663 pop_spec=6.44 spec_max=25 q_mean=0.655 q_max=1.000 q_above_half=816 marked=0.288 mark_density=0.912 exp_mean=6644.0 addr_spec=4.356 addr_random=0.552 addr_full=0.2374 correct=252
  mpx-70 cover: trials=13740000 overall=0.9929 a0_nochange=1.0000 a0_change=1.0000 a1_nochange=0.9716 a1_change=1.0000 matched_but_wrong=0
  mpx-70 traj: trials=13800000 wall=11788s knowledge=0.9949 reliable=268 spec=7.00 pop=1243
  mpx-70 diag: trials=13800000 micro=3726 pop_spec=6.43 spec_max=25 q_mean=0.649 q_max=1.000 q_above_half=908 marked=0.289 mark_density=0.914 exp_mean=6285.7 addr_spec=4.344 addr_random=0.551 addr_full=0.2156 correct=252
  mpx-70 cover: trials=13800000 overall=0.9949 a0_nochange=1.0000 a0_change=1.0000 a1_nochange=0.9796 a1_change=1.0000 matched_but_wrong=0
  mpx-70 traj: trials=13860000 wall=11801s knowledge=0.9919 reliable=269 spec=7.00 pop=1277
  mpx-70 diag: trials=13860000 micro=3716 pop_spec=6.49 spec_max=25 q_mean=0.652 q_max=1.000 q_above_half=924 marked=0.261 mark_density=0.911 exp_mean=6164.4 addr_spec=4.418 addr_random=0.556 addr_full=0.2161 correct=252
  mpx-70 cover: trials=13860000 overall=0.9919 a0_nochange=1.0000 a0_change=1.0000 a1_nochange=0.9677 a1_change=1.0000 matched_but_wrong=0
  mpx-70 traj: trials=13920000 wall=11813s knowledge=0.9924 reliable=266 spec=7.00 pop=1218
  mpx-70 diag: trials=13920000 micro=3717 pop_spec=6.44 spec_max=25 q_mean=0.650 q_max=1.000 q_above_half=890 marked=0.269 mark_density=0.911 exp_mean=6511.9 addr_spec=4.291 addr_random=0.552 addr_full=0.2233 correct=252
  mpx-70 cover: trials=13920000 overall=0.9924 a0_nochange=1.0000 a0_change=1.0000 a1_nochange=0.9695 a1_change=1.0000 matched_but_wrong=0
  mpx-70 traj: trials=13980000 wall=11826s knowledge=0.9936 reliable=272 spec=7.00 pop=1207
  mpx-70 diag: trials=13980000 micro=3705 pop_spec=6.46 spec_max=25 q_mean=0.655 q_max=1.000 q_above_half=878 marked=0.258 mark_density=0.913 exp_mean=6621.2 addr_spec=4.391 addr_random=0.554 addr_full=0.2353 correct=252
  mpx-70 cover: trials=13980000 overall=0.9936 a0_nochange=1.0000 a0_change=1.0000 a1_nochange=0.9743 a1_change=1.0000 matched_but_wrong=0
  mpx-70 traj: trials=14040000 wall=11839s knowledge=0.9918 reliable=275 spec=7.00 pop=1151
  mpx-70 diag: trials=14040000 micro=3614 pop_spec=6.50 spec_max=25 q_mean=0.667 q_max=1.000 q_above_half=837 marked=0.262 mark_density=0.911 exp_mean=6994.2 addr_spec=4.429 addr_random=0.557 addr_full=0.2389 correct=252
  mpx-70 cover: trials=14040000 overall=0.9918 a0_nochange=1.0000 a0_change=1.0000 a1_nochange=0.9672 a1_change=1.0000 matched_but_wrong=0
  mpx-70 traj: trials=14100000 wall=11852s knowledge=0.9879 reliable=267 spec=7.00 pop=1194
  mpx-70 diag: trials=14100000 micro=3666 pop_spec=6.52 spec_max=25 q_mean=0.656 q_max=1.000 q_above_half=853 marked=0.275 mark_density=0.910 exp_mean=6776.7 addr_spec=4.358 addr_random=0.559 addr_full=0.2286 correct=251
  mpx-70 cover: trials=14100000 overall=0.9879 a0_nochange=1.0000 a0_change=1.0000 a1_nochange=0.9514 a1_change=1.0000 matched_but_wrong=0
  mpx-70 traj: trials=14160000 wall=11865s knowledge=0.9879 reliable=266 spec=7.00 pop=1216
  mpx-70 diag: trials=14160000 micro=3706 pop_spec=6.51 spec_max=25 q_mean=0.652 q_max=1.000 q_above_half=888 marked=0.270 mark_density=0.911 exp_mean=6702.4 addr_spec=4.382 addr_random=0.558 addr_full=0.2179 correct=252
  mpx-70 cover: trials=14160000 overall=0.9879 a0_nochange=1.0000 a0_change=1.0000 a1_nochange=0.9514 a1_change=1.0000 matched_but_wrong=0
  mpx-70 traj: trials=14220000 wall=11878s knowledge=0.9928 reliable=267 spec=7.00 pop=1271
  mpx-70 diag: trials=14220000 micro=3726 pop_spec=6.47 spec_max=25 q_mean=0.650 q_max=1.000 q_above_half=878 marked=0.303 mark_density=0.912 exp_mean=6459.4 addr_spec=4.334 addr_random=0.554 addr_full=0.2203 correct=252
  mpx-70 cover: trials=14220000 overall=0.9928 a0_nochange=1.0000 a0_change=1.0000 a1_nochange=0.9712 a1_change=1.0000 matched_but_wrong=0
  mpx-70 traj: trials=14280000 wall=11891s knowledge=0.9917 reliable=268 spec=7.00 pop=1218
  mpx-70 diag: trials=14280000 micro=3715 pop_spec=6.47 spec_max=25 q_mean=0.651 q_max=1.000 q_above_half=873 marked=0.286 mark_density=0.911 exp_mean=6784.8 addr_spec=4.323 addr_random=0.555 addr_full=0.2291 correct=252
  mpx-70 cover: trials=14280000 overall=0.9917 a0_nochange=1.0000 a0_change=1.0000 a1_nochange=0.9670 a1_change=1.0000 matched_but_wrong=0
  mpx-70 traj: trials=14340000 wall=11904s knowledge=0.9876 reliable=269 spec=7.00 pop=1237
  mpx-70 diag: trials=14340000 micro=3681 pop_spec=6.54 spec_max=25 q_mean=0.659 q_max=1.000 q_above_half=923 marked=0.257 mark_density=0.910 exp_mean=6729.0 addr_spec=4.329 addr_random=0.561 addr_full=0.2239 correct=250
  mpx-70 cover: trials=14340000 overall=0.9876 a0_nochange=1.0000 a0_change=1.0000 a1_nochange=0.9503 a1_change=1.0000 matched_but_wrong=0
  mpx-70 traj: trials=14400000 wall=11916s knowledge=0.9881 reliable=269 spec=7.00 pop=1238
  mpx-70 diag: trials=14400000 micro=3716 pop_spec=6.50 spec_max=25 q_mean=0.656 q_max=1.000 q_above_half=899 marked=0.300 mark_density=0.911 exp_mean=6771.6 addr_spec=4.357 addr_random=0.557 addr_full=0.2221 correct=250
  mpx-70 cover: trials=14400000 overall=0.9881 a0_nochange=1.0000 a0_change=1.0000 a1_nochange=0.9524 a1_change=1.0000 matched_but_wrong=0
  mpx-70 traj: trials=14460000 wall=11929s knowledge=0.9896 reliable=272 spec=7.00 pop=1228
  mpx-70 diag: trials=14460000 micro=3707 pop_spec=6.46 spec_max=25 q_mean=0.651 q_max=1.000 q_above_half=893 marked=0.258 mark_density=0.912 exp_mean=6874.6 addr_spec=4.267 addr_random=0.554 addr_full=0.2256 correct=250
  mpx-70 cover: trials=14460000 overall=0.9896 a0_nochange=1.0000 a0_change=1.0000 a1_nochange=0.9586 a1_change=1.0000 matched_but_wrong=32
  mpx-70 traj: trials=14520000 wall=11942s knowledge=0.9886 reliable=269 spec=7.00 pop=1234
  mpx-70 diag: trials=14520000 micro=3740 pop_spec=6.50 spec_max=25 q_mean=0.643 q_max=1.000 q_above_half=864 marked=0.291 mark_density=0.911 exp_mean=6889.6 addr_spec=4.395 addr_random=0.557 addr_full=0.2301 correct=250
  mpx-70 cover: trials=14520000 overall=0.9886 a0_nochange=1.0000 a0_change=1.0000 a1_nochange=0.9545 a1_change=1.0000 matched_but_wrong=0
  mpx-70 traj: trials=14580000 wall=11955s knowledge=0.9887 reliable=273 spec=7.00 pop=1235
  mpx-70 diag: trials=14580000 micro=3758 pop_spec=6.49 spec_max=25 q_mean=0.652 q_max=1.000 q_above_half=881 marked=0.288 mark_density=0.911 exp_mean=6932.1 addr_spec=4.360 addr_random=0.556 addr_full=0.2146 correct=250
  mpx-70 cover: trials=14580000 overall=0.9887 a0_nochange=1.0000 a0_change=1.0000 a1_nochange=0.9547 a1_change=1.0000 matched_but_wrong=0
  mpx-70 traj: trials=14640000 wall=11967s knowledge=0.9888 reliable=271 spec=7.01 pop=1161
  mpx-70 diag: trials=14640000 micro=3680 pop_spec=6.49 spec_max=25 q_mean=0.664 q_max=1.000 q_above_half=851 marked=0.257 mark_density=0.912 exp_mean=7424.9 addr_spec=4.362 addr_random=0.556 addr_full=0.2326 correct=250
  mpx-70 cover: trials=14640000 overall=0.9888 a0_nochange=1.0000 a0_change=1.0000 a1_nochange=0.9553 a1_change=1.0000 matched_but_wrong=0
  mpx-70 traj: trials=14700000 wall=11980s knowledge=0.9888 reliable=268 spec=7.01 pop=1181
  mpx-70 diag: trials=14700000 micro=3665 pop_spec=6.49 spec_max=25 q_mean=0.662 q_max=1.000 q_above_half=876 marked=0.271 mark_density=0.911 exp_mean=7350.0 addr_spec=4.398 addr_random=0.556 addr_full=0.2354 correct=250
  mpx-70 cover: trials=14700000 overall=0.9888 a0_nochange=1.0000 a0_change=1.0000 a1_nochange=0.9552 a1_change=1.0000 matched_but_wrong=0
  mpx-70 traj: trials=14760000 wall=11993s knowledge=0.9888 reliable=269 spec=7.01 pop=1221
  mpx-70 diag: trials=14760000 micro=3707 pop_spec=6.51 spec_max=25 q_mean=0.655 q_max=1.000 q_above_half=889 marked=0.283 mark_density=0.910 exp_mean=7157.7 addr_spec=4.405 addr_random=0.558 addr_full=0.2285 correct=250
  mpx-70 cover: trials=14760000 overall=0.9888 a0_nochange=1.0000 a0_change=1.0000 a1_nochange=0.9552 a1_change=1.0000 matched_but_wrong=0
  mpx-70 traj: trials=14820000 wall=12006s knowledge=0.9919 reliable=266 spec=7.00 pop=1238
  mpx-70 diag: trials=14820000 micro=3725 pop_spec=6.44 spec_max=25 q_mean=0.647 q_max=1.000 q_above_half=841 marked=0.304 mark_density=0.911 exp_mean=7106.9 addr_spec=4.316 addr_random=0.552 addr_full=0.2213 correct=251
  mpx-70 cover: trials=14820000 overall=0.9919 a0_nochange=1.0000 a0_change=1.0000 a1_nochange=0.9674 a1_change=1.0000 matched_but_wrong=0
  mpx-70 traj: trials=14880000 wall=12019s knowledge=0.9905 reliable=267 spec=7.00 pop=1244
  mpx-70 diag: trials=14880000 micro=3727 pop_spec=6.49 spec_max=25 q_mean=0.649 q_max=1.000 q_above_half=892 marked=0.287 mark_density=0.911 exp_mean=7120.6 addr_spec=4.371 addr_random=0.556 addr_full=0.2315 correct=251
  mpx-70 cover: trials=14880000 overall=0.9905 a0_nochange=1.0000 a0_change=1.0000 a1_nochange=0.9621 a1_change=1.0000 matched_but_wrong=0
  mpx-70 traj: trials=14940000 wall=12032s knowledge=0.9909 reliable=271 spec=7.00 pop=1224
  mpx-70 diag: trials=14940000 micro=3671 pop_spec=6.51 spec_max=25 q_mean=0.658 q_max=1.000 q_above_half=914 marked=0.268 mark_density=0.912 exp_mean=7284.4 addr_spec=4.352 addr_random=0.558 addr_full=0.2296 correct=252
  mpx-70 cover: trials=14940000 overall=0.9909 a0_nochange=1.0000 a0_change=1.0000 a1_nochange=0.9636 a1_change=1.0000 matched_but_wrong=0
  mpx-70 traj: trials=15000000 wall=12045s knowledge=0.9877 reliable=268 spec=7.00 pop=1260
  mpx-70 diag: trials=15000000 micro=3796 pop_spec=6.43 spec_max=25 q_mean=0.645 q_max=1.000 q_above_half=875 marked=0.301 mark_density=0.912 exp_mean=7122.7 addr_spec=4.352 addr_random=0.551 addr_full=0.2159 correct=251
  mpx-70 cover: trials=15000000 overall=0.9877 a0_nochange=1.0000 a0_change=1.0000 a1_nochange=0.9506 a1_change=1.0000 matched_but_wrong=0
  mpx-70 traj: trials=15060000 wall=12057s knowledge=0.9877 reliable=270 spec=7.00 pop=1176
  mpx-70 diag: trials=15060000 micro=3645 pop_spec=6.41 spec_max=25 q_mean=0.654 q_max=1.000 q_above_half=847 marked=0.243 mark_density=0.913 exp_mean=7681.8 addr_spec=4.326 addr_random=0.549 addr_full=0.2330 correct=251
  mpx-70 cover: trials=15060000 overall=0.9877 a0_nochange=1.0000 a0_change=1.0000 a1_nochange=0.9506 a1_change=1.0000 matched_but_wrong=0
  mpx-70 traj: trials=15120000 wall=12070s knowledge=0.9877 reliable=267 spec=7.00 pop=1223
  mpx-70 diag: trials=15120000 micro=3711 pop_spec=6.49 spec_max=25 q_mean=0.651 q_max=1.000 q_above_half=855 marked=0.285 mark_density=0.910 exp_mean=7435.8 addr_spec=4.320 addr_random=0.556 addr_full=0.2265 correct=251
  mpx-70 cover: trials=15120000 overall=0.9877 a0_nochange=1.0000 a0_change=1.0000 a1_nochange=0.9506 a1_change=1.0000 matched_but_wrong=0
  mpx-70 traj: trials=15180000 wall=12083s knowledge=0.9898 reliable=268 spec=7.00 pop=1204
  mpx-70 diag: trials=15180000 micro=3637 pop_spec=6.47 spec_max=25 q_mean=0.649 q_max=1.000 q_above_half=846 marked=0.258 mark_density=0.911 exp_mean=7601.9 addr_spec=4.367 addr_random=0.554 addr_full=0.2317 correct=252
  mpx-70 cover: trials=15180000 overall=0.9898 a0_nochange=1.0000 a0_change=1.0000 a1_nochange=0.9592 a1_change=1.0000 matched_but_wrong=0
  mpx-70 traj: trials=15240000 wall=12096s knowledge=0.9898 reliable=273 spec=7.00 pop=1188
  mpx-70 diag: trials=15240000 micro=3707 pop_spec=6.42 spec_max=25 q_mean=0.660 q_max=1.000 q_above_half=864 marked=0.259 mark_density=0.913 exp_mean=7754.9 addr_spec=4.257 addr_random=0.550 addr_full=0.2323 correct=252
  mpx-70 cover: trials=15240000 overall=0.9898 a0_nochange=1.0000 a0_change=1.0000 a1_nochange=0.9592 a1_change=1.0000 matched_but_wrong=0
  mpx-70 traj: trials=15300000 wall=12109s knowledge=0.9877 reliable=267 spec=7.00 pop=1230
  mpx-70 diag: trials=15300000 micro=3726 pop_spec=6.47 spec_max=25 q_mean=0.656 q_max=1.000 q_above_half=888 marked=0.305 mark_density=0.912 exp_mean=7538.2 addr_spec=4.375 addr_random=0.554 addr_full=0.2252 correct=251
  mpx-70 cover: trials=15300000 overall=0.9877 a0_nochange=1.0000 a0_change=1.0000 a1_nochange=0.9506 a1_change=1.0000 matched_but_wrong=0
  mpx-70 traj: trials=15360000 wall=12122s knowledge=0.9948 reliable=274 spec=7.00 pop=1168
  mpx-70 diag: trials=15360000 micro=3661 pop_spec=6.45 spec_max=25 q_mean=0.657 q_max=1.000 q_above_half=828 marked=0.264 mark_density=0.912 exp_mean=7989.4 addr_spec=4.372 addr_random=0.553 addr_full=0.2346 correct=252
  mpx-70 cover: trials=15360000 overall=0.9948 a0_nochange=1.0000 a0_change=1.0000 a1_nochange=0.9793 a1_change=1.0000 matched_but_wrong=0
  mpx-70 traj: trials=15420000 wall=12135s knowledge=0.9938 reliable=269 spec=7.00 pop=1257
  mpx-70 diag: trials=15420000 micro=3752 pop_spec=6.39 spec_max=25 q_mean=0.649 q_max=1.000 q_above_half=881 marked=0.309 mark_density=0.912 exp_mean=7471.3 addr_spec=4.226 addr_random=0.548 addr_full=0.2156 correct=253
  mpx-70 cover: trials=15420000 overall=0.9938 a0_nochange=1.0000 a0_change=1.0000 a1_nochange=0.9751 a1_change=1.0000 matched_but_wrong=0
  mpx-70 traj: trials=15480000 wall=12147s knowledge=0.9927 reliable=268 spec=7.00 pop=1196
  mpx-70 diag: trials=15480000 micro=3706 pop_spec=6.45 spec_max=25 q_mean=0.655 q_max=1.000 q_above_half=856 marked=0.268 mark_density=0.911 exp_mean=7901.4 addr_spec=4.306 addr_random=0.553 addr_full=0.2291 correct=252
  mpx-70 cover: trials=15480000 overall=0.9927 a0_nochange=1.0000 a0_change=1.0000 a1_nochange=0.9708 a1_change=1.0000 matched_but_wrong=0
  mpx-70 traj: trials=15540000 wall=12160s knowledge=0.9937 reliable=273 spec=7.00 pop=1203
  mpx-70 diag: trials=15540000 micro=3675 pop_spec=6.50 spec_max=25 q_mean=0.653 q_max=1.000 q_above_half=845 marked=0.275 mark_density=0.910 exp_mean=7905.6 addr_spec=4.432 addr_random=0.557 addr_full=0.2269 correct=253
  mpx-70 cover: trials=15540000 overall=0.9937 a0_nochange=1.0000 a0_change=1.0000 a1_nochange=0.9750 a1_change=1.0000 matched_but_wrong=0
  mpx-70 traj: trials=15600000 wall=12173s knowledge=0.9969 reliable=272 spec=7.00 pop=1207
  mpx-70 diag: trials=15600000 micro=3721 pop_spec=6.51 spec_max=25 q_mean=0.657 q_max=1.000 q_above_half=863 marked=0.272 mark_density=0.910 exp_mean=7928.5 addr_spec=4.336 addr_random=0.558 addr_full=0.2278 correct=254
  mpx-70 cover: trials=15600000 overall=0.9969 a0_nochange=1.0000 a0_change=1.0000 a1_nochange=0.9874 a1_change=1.0000 matched_but_wrong=0
  mpx-70 traj: trials=15660000 wall=12186s knowledge=0.9968 reliable=275 spec=7.00 pop=1242
  mpx-70 diag: trials=15660000 micro=3720 pop_spec=6.45 spec_max=25 q_mean=0.655 q_max=1.000 q_above_half=898 marked=0.267 mark_density=0.913 exp_mean=7744.2 addr_spec=4.400 addr_random=0.553 addr_full=0.2182 correct=254
  mpx-70 cover: trials=15660000 overall=0.9968 a0_nochange=1.0000 a0_change=1.0000 a1_nochange=0.9873 a1_change=1.0000 matched_but_wrong=0
  mpx-70 traj: trials=15720000 wall=12199s knowledge=0.9937 reliable=266 spec=7.00 pop=1137
  mpx-70 diag: trials=15720000 micro=3623 pop_spec=6.46 spec_max=25 q_mean=0.655 q_max=1.000 q_above_half=821 marked=0.254 mark_density=0.911 exp_mean=8510.9 addr_spec=4.351 addr_random=0.554 addr_full=0.2366 correct=254
  mpx-70 cover: trials=15720000 overall=0.9937 a0_nochange=1.0000 a0_change=1.0000 a1_nochange=0.9747 a1_change=1.0000 matched_but_wrong=0
  mpx-70 traj: trials=15780000 wall=12212s knowledge=0.9915 reliable=271 spec=7.00 pop=1184
  mpx-70 diag: trials=15780000 micro=3665 pop_spec=6.50 spec_max=25 q_mean=0.659 q_max=1.000 q_above_half=836 marked=0.269 mark_density=0.911 exp_mean=8223.9 addr_spec=4.294 addr_random=0.558 addr_full=0.2289 correct=253
  mpx-70 cover: trials=15780000 overall=0.9915 a0_nochange=1.0000 a0_change=1.0000 a1_nochange=0.9662 a1_change=1.0000 matched_but_wrong=0
  mpx-70 traj: trials=15840000 wall=12224s knowledge=0.9927 reliable=272 spec=7.00 pop=1302
  mpx-70 diag: trials=15840000 micro=3785 pop_spec=6.42 spec_max=25 q_mean=0.643 q_max=1.000 q_above_half=906 marked=0.296 mark_density=0.914 exp_mean=7524.6 addr_spec=4.313 addr_random=0.551 addr_full=0.2143 correct=253
  mpx-70 cover: trials=15840000 overall=0.9927 a0_nochange=1.0000 a0_change=1.0000 a1_nochange=0.9706 a1_change=1.0000 matched_but_wrong=0
  mpx-70 traj: trials=15900000 wall=12237s knowledge=0.9936 reliable=272 spec=7.00 pop=1238
  mpx-70 diag: trials=15900000 micro=3721 pop_spec=6.46 spec_max=25 q_mean=0.655 q_max=1.000 q_above_half=896 marked=0.266 mark_density=0.910 exp_mean=7962.3 addr_spec=4.319 addr_random=0.554 addr_full=0.2278 correct=253
  mpx-70 cover: trials=15900000 overall=0.9936 a0_nochange=1.0000 a0_change=1.0000 a1_nochange=0.9743 a1_change=1.0000 matched_but_wrong=0
  mpx-70 traj: trials=15960000 wall=12250s knowledge=0.9957 reliable=271 spec=7.00 pop=1198
  mpx-70 diag: trials=15960000 micro=3679 pop_spec=6.53 spec_max=25 q_mean=0.662 q_max=1.000 q_above_half=885 marked=0.271 mark_density=0.910 exp_mean=8277.7 addr_spec=4.438 addr_random=0.559 addr_full=0.2471 correct=254
  mpx-70 cover: trials=15960000 overall=0.9957 a0_nochange=1.0000 a0_change=1.0000 a1_nochange=0.9829 a1_change=1.0000 matched_but_wrong=93
  mpx-70 traj: trials=16020000 wall=12263s knowledge=0.9957 reliable=268 spec=7.00 pop=1214
  mpx-70 diag: trials=16020000 micro=3721 pop_spec=6.47 spec_max=25 q_mean=0.655 q_max=1.000 q_above_half=882 marked=0.273 mark_density=0.912 exp_mean=8217.9 addr_spec=4.453 addr_random=0.555 addr_full=0.2315 correct=254
  mpx-70 cover: trials=16020000 overall=0.9957 a0_nochange=1.0000 a0_change=1.0000 a1_nochange=0.9829 a1_change=1.0000 matched_but_wrong=0
  mpx-70 traj: trials=16080000 wall=12275s knowledge=0.9979 reliable=264 spec=7.00 pop=1271
  mpx-70 diag: trials=16080000 micro=3745 pop_spec=6.40 spec_max=25 q_mean=0.644 q_max=1.000 q_above_half=915 marked=0.291 mark_density=0.914 exp_mean=7896.0 addr_spec=4.340 addr_random=0.549 addr_full=0.2219 correct=255
  mpx-70 cover: trials=16080000 overall=0.9979 a0_nochange=1.0000 a0_change=1.0000 a1_nochange=0.9915 a1_change=1.0000 matched_but_wrong=0
  mpx-70 traj: trials=16140000 wall=12288s knowledge=0.9957 reliable=274 spec=7.00 pop=1221
  mpx-70 diag: trials=16140000 micro=3759 pop_spec=6.46 spec_max=25 q_mean=0.651 q_max=1.000 q_above_half=870 marked=0.260 mark_density=0.911 exp_mean=8269.0 addr_spec=4.465 addr_random=0.554 addr_full=0.2260 correct=254
  mpx-70 cover: trials=16140000 overall=0.9957 a0_nochange=1.0000 a0_change=1.0000 a1_nochange=0.9829 a1_change=1.0000 matched_but_wrong=0
  mpx-70 traj: trials=16200000 wall=12301s knowledge=0.9957 reliable=260 spec=7.00 pop=1218
  mpx-70 diag: trials=16200000 micro=3746 pop_spec=6.45 spec_max=25 q_mean=0.649 q_max=1.000 q_above_half=865 marked=0.267 mark_density=0.912 exp_mean=8337.2 addr_spec=4.369 addr_random=0.553 addr_full=0.2274 correct=254
  mpx-70 cover: trials=16200000 overall=0.9957 a0_nochange=1.0000 a0_change=1.0000 a1_nochange=0.9829 a1_change=1.0000 matched_but_wrong=0
  mpx-70 traj: trials=16260000 wall=12314s knowledge=0.9957 reliable=268 spec=7.00 pop=1181
  mpx-70 diag: trials=16260000 micro=3702 pop_spec=6.46 spec_max=25 q_mean=0.655 q_max=1.000 q_above_half=830 marked=0.246 mark_density=0.913 exp_mean=8648.7 addr_spec=4.369 addr_random=0.554 addr_full=0.2405 correct=254
  mpx-70 cover: trials=16260000 overall=0.9957 a0_nochange=1.0000 a0_change=1.0000 a1_nochange=0.9829 a1_change=1.0000 matched_but_wrong=0
  mpx-70 traj: trials=16320000 wall=12326s knowledge=0.9969 reliable=276 spec=7.00 pop=1205
  mpx-70 diag: trials=16320000 micro=3715 pop_spec=6.48 spec_max=25 q_mean=0.664 q_max=1.000 q_above_half=905 marked=0.250 mark_density=0.910 exp_mean=8527.8 addr_spec=4.338 addr_random=0.556 addr_full=0.2216 correct=254
  mpx-70 cover: trials=16320000 overall=0.9969 a0_nochange=1.0000 a0_change=1.0000 a1_nochange=0.9878 a1_change=1.0000 matched_but_wrong=0
  mpx-70 traj: trials=16380000 wall=12339s knowledge=0.9957 reliable=274 spec=7.00 pop=1247
  mpx-70 diag: trials=16380000 micro=3754 pop_spec=6.49 spec_max=25 q_mean=0.649 q_max=1.000 q_above_half=873 marked=0.270 mark_density=0.911 exp_mean=8287.7 addr_spec=4.360 addr_random=0.556 addr_full=0.2221 correct=254
  mpx-70 cover: trials=16380000 overall=0.9957 a0_nochange=1.0000 a0_change=1.0000 a1_nochange=0.9829 a1_change=1.0000 matched_but_wrong=0
  mpx-70 traj: trials=16440000 wall=12352s knowledge=0.9979 reliable=278 spec=7.00 pop=1241
  mpx-70 diag: trials=16440000 micro=3722 pop_spec=6.42 spec_max=25 q_mean=0.651 q_max=1.000 q_above_half=870 marked=0.296 mark_density=0.912 exp_mean=8376.9 addr_spec=4.330 addr_random=0.550 addr_full=0.2345 correct=255
  mpx-70 cover: trials=16440000 overall=0.9979 a0_nochange=1.0000 a0_change=1.0000 a1_nochange=0.9915 a1_change=1.0000 matched_but_wrong=0
  mpx-70 traj: trials=16500000 wall=12365s knowledge=0.9979 reliable=267 spec=7.00 pop=1229
  mpx-70 diag: trials=16500000 micro=3702 pop_spec=6.45 spec_max=25 q_mean=0.649 q_max=1.000 q_above_half=871 marked=0.256 mark_density=0.912 exp_mean=8506.7 addr_spec=4.317 addr_random=0.552 addr_full=0.2189 correct=255
  mpx-70 cover: trials=16500000 overall=0.9979 a0_nochange=1.0000 a0_change=1.0000 a1_nochange=0.9915 a1_change=1.0000 matched_but_wrong=0
  mpx-70 traj: trials=16560000 wall=12378s knowledge=0.9979 reliable=272 spec=7.00 pop=1243
  mpx-70 diag: trials=16560000 micro=3738 pop_spec=6.38 spec_max=25 q_mean=0.648 q_max=1.000 q_above_half=869 marked=0.286 mark_density=0.914 exp_mean=8459.6 addr_spec=4.344 addr_random=0.547 addr_full=0.2261 correct=255
  mpx-70 cover: trials=16560000 overall=0.9979 a0_nochange=1.0000 a0_change=1.0000 a1_nochange=0.9915 a1_change=1.0000 matched_but_wrong=0
  mpx-70 traj: trials=16620000 wall=12391s knowledge=0.9990 reliable=271 spec=7.00 pop=1189
  mpx-70 diag: trials=16620000 micro=3732 pop_spec=6.45 spec_max=25 q_mean=0.659 q_max=1.000 q_above_half=866 marked=0.278 mark_density=0.912 exp_mean=8893.7 addr_spec=4.459 addr_random=0.553 addr_full=0.2397 correct=255
  mpx-70 cover: trials=16620000 overall=0.9990 a0_nochange=1.0000 a0_change=1.0000 a1_nochange=0.9958 a1_change=1.0000 matched_but_wrong=0
  mpx-70 traj: trials=16680000 wall=12404s knowledge=0.9979 reliable=274 spec=7.00 pop=1230
  mpx-70 diag: trials=16680000 micro=3714 pop_spec=6.43 spec_max=25 q_mean=0.656 q_max=1.000 q_above_half=885 marked=0.261 mark_density=0.912 exp_mean=8646.4 addr_spec=4.337 addr_random=0.551 addr_full=0.2260 correct=255
  mpx-70 cover: trials=16680000 overall=0.9979 a0_nochange=1.0000 a0_change=1.0000 a1_nochange=0.9914 a1_change=1.0000 matched_but_wrong=0
  mpx-70 traj: trials=16740000 wall=12417s knowledge=0.9957 reliable=270 spec=7.00 pop=1248
  mpx-70 diag: trials=16740000 micro=3738 pop_spec=6.48 spec_max=25 q_mean=0.647 q_max=1.000 q_above_half=863 marked=0.291 mark_density=0.912 exp_mean=8569.0 addr_spec=4.372 addr_random=0.556 addr_full=0.2268 correct=254
  mpx-70 cover: trials=16740000 overall=0.9957 a0_nochange=1.0000 a0_change=1.0000 a1_nochange=0.9829 a1_change=1.0000 matched_but_wrong=0
  mpx-70 traj: trials=16800000 wall=12430s knowledge=0.9957 reliable=266 spec=7.00 pop=1161
  mpx-70 diag: trials=16800000 micro=3679 pop_spec=6.46 spec_max=25 q_mean=0.662 q_max=1.000 q_above_half=856 marked=0.261 mark_density=0.911 exp_mean=9262.3 addr_spec=4.373 addr_random=0.554 addr_full=0.2377 correct=254
  mpx-70 cover: trials=16800000 overall=0.9957 a0_nochange=1.0000 a0_change=1.0000 a1_nochange=0.9829 a1_change=1.0000 matched_but_wrong=0
  mpx-70 traj: trials=16860000 wall=12443s knowledge=0.9963 reliable=276 spec=7.00 pop=1245
  mpx-70 diag: trials=16860000 micro=3683 pop_spec=6.49 spec_max=25 q_mean=0.652 q_max=1.000 q_above_half=890 marked=0.279 mark_density=0.911 exp_mean=8686.8 addr_spec=4.385 addr_random=0.556 addr_full=0.2249 correct=254
  mpx-70 cover: trials=16860000 overall=0.9963 a0_nochange=1.0000 a0_change=1.0000 a1_nochange=0.9852 a1_change=1.0000 matched_but_wrong=0
  mpx-70 traj: trials=16920000 wall=12456s knowledge=0.9979 reliable=265 spec=7.00 pop=1188
  mpx-70 diag: trials=16920000 micro=3692 pop_spec=6.44 spec_max=25 q_mean=0.662 q_max=1.000 q_above_half=880 marked=0.267 mark_density=0.911 exp_mean=9152.1 addr_spec=4.436 addr_random=0.552 addr_full=0.2374 correct=255
  mpx-70 cover: trials=16920000 overall=0.9979 a0_nochange=1.0000 a0_change=1.0000 a1_nochange=0.9915 a1_change=1.0000 matched_but_wrong=0
  mpx-70 traj: trials=16980000 wall=12469s knowledge=0.9957 reliable=269 spec=7.00 pop=1272
  mpx-70 diag: trials=16980000 micro=3766 pop_spec=6.47 spec_max=25 q_mean=0.652 q_max=1.000 q_above_half=892 marked=0.270 mark_density=0.912 exp_mean=8595.5 addr_spec=4.450 addr_random=0.554 addr_full=0.2241 correct=254
  mpx-70 cover: trials=16980000 overall=0.9957 a0_nochange=1.0000 a0_change=1.0000 a1_nochange=0.9829 a1_change=1.0000 matched_but_wrong=0
  mpx-70 traj: trials=17040000 wall=12482s knowledge=0.9957 reliable=271 spec=7.00 pop=1186
  mpx-70 diag: trials=17040000 micro=3671 pop_spec=6.42 spec_max=25 q_mean=0.658 q_max=1.000 q_above_half=838 marked=0.273 mark_density=0.913 exp_mean=9268.7 addr_spec=4.374 addr_random=0.551 addr_full=0.2277 correct=254
  mpx-70 cover: trials=17040000 overall=0.9957 a0_nochange=1.0000 a0_change=1.0000 a1_nochange=0.9829 a1_change=1.0000 matched_but_wrong=0
  mpx-70 traj: trials=17100000 wall=12494s knowledge=0.9968 reliable=268 spec=7.00 pop=1168
  mpx-70 diag: trials=17100000 micro=3701 pop_spec=6.46 spec_max=25 q_mean=0.655 q_max=1.000 q_above_half=839 marked=0.285 mark_density=0.911 exp_mean=9463.8 addr_spec=4.455 addr_random=0.553 addr_full=0.2432 correct=254
  mpx-70 cover: trials=17100000 overall=0.9968 a0_nochange=1.0000 a0_change=1.0000 a1_nochange=0.9870 a1_change=1.0000 matched_but_wrong=0
  mpx-70 traj: trials=17160000 wall=12507s knowledge=0.9968 reliable=273 spec=7.00 pop=1260
  mpx-70 diag: trials=17160000 micro=3723 pop_spec=6.44 spec_max=25 q_mean=0.648 q_max=1.000 q_above_half=894 marked=0.250 mark_density=0.912 exp_mean=8819.7 addr_spec=4.409 addr_random=0.552 addr_full=0.2246 correct=254
  mpx-70 cover: trials=17160000 overall=0.9968 a0_nochange=1.0000 a0_change=1.0000 a1_nochange=0.9870 a1_change=1.0000 matched_but_wrong=0
  mpx-70 traj: trials=17220000 wall=12520s knowledge=0.9978 reliable=271 spec=7.00 pop=1277
  mpx-70 diag: trials=17220000 micro=3782 pop_spec=6.47 spec_max=25 q_mean=0.652 q_max=1.000 q_above_half=951 marked=0.268 mark_density=0.911 exp_mean=8750.2 addr_spec=4.341 addr_random=0.554 addr_full=0.2161 correct=254
  mpx-70 cover: trials=17220000 overall=0.9978 a0_nochange=1.0000 a0_change=1.0000 a1_nochange=0.9912 a1_change=1.0000 matched_but_wrong=0
  mpx-70 traj: trials=17280000 wall=12533s knowledge=0.9979 reliable=268 spec=7.00 pop=1300
  mpx-70 diag: trials=17280000 micro=3750 pop_spec=6.46 spec_max=25 q_mean=0.648 q_max=1.000 q_above_half=933 marked=0.307 mark_density=0.911 exp_mean=8640.4 addr_spec=4.402 addr_random=0.554 addr_full=0.2254 correct=255
  mpx-70 cover: trials=17280000 overall=0.9979 a0_nochange=1.0000 a0_change=1.0000 a1_nochange=0.9914 a1_change=1.0000 matched_but_wrong=0
  mpx-70 traj: trials=17340000 wall=12546s knowledge=0.9979 reliable=273 spec=7.00 pop=1255
  mpx-70 diag: trials=17340000 micro=3827 pop_spec=6.42 spec_max=25 q_mean=0.652 q_max=1.000 q_above_half=889 marked=0.312 mark_density=0.912 exp_mean=8999.0 addr_spec=4.496 addr_random=0.550 addr_full=0.2295 correct=255
  mpx-70 cover: trials=17340000 overall=0.9979 a0_nochange=1.0000 a0_change=1.0000 a1_nochange=0.9914 a1_change=1.0000 matched_but_wrong=0
  mpx-70 traj: trials=17400000 wall=12559s knowledge=0.9957 reliable=272 spec=7.00 pop=1192
  mpx-70 diag: trials=17400000 micro=3711 pop_spec=6.40 spec_max=25 q_mean=0.658 q_max=1.000 q_above_half=883 marked=0.276 mark_density=0.912 exp_mean=9524.2 addr_spec=4.422 addr_random=0.548 addr_full=0.2299 correct=254
  mpx-70 cover: trials=17400000 overall=0.9957 a0_nochange=1.0000 a0_change=1.0000 a1_nochange=0.9829 a1_change=1.0000 matched_but_wrong=0
  mpx-70 traj: trials=17460000 wall=12571s knowledge=0.9969 reliable=268 spec=7.00 pop=1153
  mpx-70 diag: trials=17460000 micro=3678 pop_spec=6.43 spec_max=25 q_mean=0.659 q_max=1.000 q_above_half=835 marked=0.272 mark_density=0.912 exp_mean=9896.9 addr_spec=4.406 addr_random=0.551 addr_full=0.2428 correct=254
  mpx-70 cover: trials=17460000 overall=0.9969 a0_nochange=1.0000 a0_change=1.0000 a1_nochange=0.9877 a1_change=1.0000 matched_but_wrong=0
  mpx-70 traj: trials=17520000 wall=12585s knowledge=0.9957 reliable=273 spec=7.00 pop=1248
  mpx-70 diag: trials=17520000 micro=3784 pop_spec=6.44 spec_max=25 q_mean=0.651 q_max=1.000 q_above_half=869 marked=0.280 mark_density=0.913 exp_mean=9192.2 addr_spec=4.416 addr_random=0.552 addr_full=0.2155 correct=254
  mpx-70 cover: trials=17520000 overall=0.9957 a0_nochange=1.0000 a0_change=1.0000 a1_nochange=0.9829 a1_change=1.0000 matched_but_wrong=0
  mpx-70 traj: trials=17580000 wall=12597s knowledge=0.9957 reliable=278 spec=7.00 pop=1211
  mpx-70 diag: trials=17580000 micro=3708 pop_spec=6.42 spec_max=25 q_mean=0.656 q_max=1.000 q_above_half=893 marked=0.269 mark_density=0.912 exp_mean=9523.2 addr_spec=4.334 addr_random=0.550 addr_full=0.2304 correct=254
  mpx-70 cover: trials=17580000 overall=0.9957 a0_nochange=1.0000 a0_change=1.0000 a1_nochange=0.9829 a1_change=1.0000 matched_but_wrong=0
  mpx-70 traj: trials=17640000 wall=12610s knowledge=0.9957 reliable=268 spec=7.00 pop=1248
  mpx-70 diag: trials=17640000 micro=3787 pop_spec=6.43 spec_max=25 q_mean=0.653 q_max=1.000 q_above_half=884 marked=0.285 mark_density=0.913 exp_mean=9287.9 addr_spec=4.413 addr_random=0.551 addr_full=0.2244 correct=254
  mpx-70 cover: trials=17640000 overall=0.9957 a0_nochange=1.0000 a0_change=1.0000 a1_nochange=0.9829 a1_change=1.0000 matched_but_wrong=0
  mpx-70 traj: trials=17700000 wall=12623s knowledge=0.9979 reliable=268 spec=7.00 pop=1185
  mpx-70 diag: trials=17700000 micro=3693 pop_spec=6.45 spec_max=25 q_mean=0.657 q_max=1.000 q_above_half=870 marked=0.284 mark_density=0.912 exp_mean=9831.8 addr_spec=4.388 addr_random=0.553 addr_full=0.2456 correct=255
  mpx-70 cover: trials=17700000 overall=0.9979 a0_nochange=1.0000 a0_change=1.0000 a1_nochange=0.9915 a1_change=1.0000 matched_but_wrong=0
  mpx-70 traj: trials=17760000 wall=12636s knowledge=0.9979 reliable=270 spec=7.00 pop=1270
  mpx-70 diag: trials=17760000 micro=3733 pop_spec=6.44 spec_max=25 q_mean=0.649 q_max=1.000 q_above_half=902 marked=0.287 mark_density=0.912 exp_mean=9221.3 addr_spec=4.458 addr_random=0.552 addr_full=0.2244 correct=255
  mpx-70 cover: trials=17760000 overall=0.9979 a0_nochange=1.0000 a0_change=1.0000 a1_nochange=0.9915 a1_change=1.0000 matched_but_wrong=0
  mpx-70 traj: trials=17820000 wall=12649s knowledge=0.9979 reliable=270 spec=7.00 pop=1239
  mpx-70 diag: trials=17820000 micro=3729 pop_spec=6.40 spec_max=25 q_mean=0.648 q_max=1.000 q_above_half=859 marked=0.261 mark_density=0.913 exp_mean=9500.5 addr_spec=4.362 addr_random=0.548 addr_full=0.2252 correct=255
  mpx-70 cover: trials=17820000 overall=0.9979 a0_nochange=1.0000 a0_change=1.0000 a1_nochange=0.9915 a1_change=1.0000 matched_but_wrong=0
  mpx-70 traj: trials=17880000 wall=12662s knowledge=0.9957 reliable=278 spec=7.00 pop=1209
  mpx-70 diag: trials=17880000 micro=3678 pop_spec=6.43 spec_max=25 q_mean=0.659 q_max=1.000 q_above_half=873 marked=0.278 mark_density=0.912 exp_mean=9786.7 addr_spec=4.417 addr_random=0.551 addr_full=0.2366 correct=254
  mpx-70 cover: trials=17880000 overall=0.9957 a0_nochange=1.0000 a0_change=1.0000 a1_nochange=0.9829 a1_change=1.0000 matched_but_wrong=0
  mpx-70 traj: trials=17940000 wall=12675s knowledge=0.9957 reliable=279 spec=7.00 pop=1225
  mpx-70 diag: trials=17940000 micro=3731 pop_spec=6.44 spec_max=25 q_mean=0.651 q_max=1.000 q_above_half=861 marked=0.290 mark_density=0.912 exp_mean=9707.4 addr_spec=4.380 addr_random=0.552 addr_full=0.2318 correct=254
  mpx-70 cover: trials=17940000 overall=0.9957 a0_nochange=1.0000 a0_change=1.0000 a1_nochange=0.9829 a1_change=1.0000 matched_but_wrong=0
  mpx-70 traj: trials=18000000 wall=12687s knowledge=0.9968 reliable=270 spec=7.00 pop=1249
  mpx-70 diag: trials=18000000 micro=3714 pop_spec=6.48 spec_max=25 q_mean=0.653 q_max=1.000 q_above_half=906 marked=0.245 mark_density=0.911 exp_mean=9568.2 addr_spec=4.442 addr_random=0.555 addr_full=0.2282 correct=255
  mpx-70 cover: trials=18000000 overall=0.9968 a0_nochange=1.0000 a0_change=1.0000 a1_nochange=0.9872 a1_change=1.0000 matched_but_wrong=0
  mpx-70 traj: trials=18060000 wall=12700s knowledge=0.9957 reliable=276 spec=7.00 pop=1192
  mpx-70 diag: trials=18060000 micro=3733 pop_spec=6.43 spec_max=25 q_mean=0.658 q_max=1.000 q_above_half=875 marked=0.259 mark_density=0.912 exp_mean=10075.5 addr_spec=4.455 addr_random=0.551 addr_full=0.2315 correct=254
  mpx-70 cover: trials=18060000 overall=0.9957 a0_nochange=1.0000 a0_change=1.0000 a1_nochange=0.9829 a1_change=1.0000 matched_but_wrong=0
  mpx-70 traj: trials=18120000 wall=12713s knowledge=0.9969 reliable=276 spec=7.00 pop=1327
  mpx-70 diag: trials=18120000 micro=3793 pop_spec=6.46 spec_max=25 q_mean=0.645 q_max=1.000 q_above_half=930 marked=0.283 mark_density=0.912 exp_mean=9096.0 addr_spec=4.390 addr_random=0.554 addr_full=0.2170 correct=254
  mpx-70 cover: trials=18120000 overall=0.9969 a0_nochange=1.0000 a0_change=1.0000 a1_nochange=0.9874 a1_change=1.0000 matched_but_wrong=0
  mpx-70 traj: trials=18180000 wall=12726s knowledge=0.9979 reliable=271 spec=7.00 pop=1186
  mpx-70 diag: trials=18180000 micro=3698 pop_spec=6.43 spec_max=25 q_mean=0.648 q_max=1.000 q_above_half=812 marked=0.277 mark_density=0.914 exp_mean=10227.0 addr_spec=4.407 addr_random=0.551 addr_full=0.2420 correct=254
  mpx-70 cover: trials=18180000 overall=0.9979 a0_nochange=1.0000 a0_change=1.0000 a1_nochange=0.9916 a1_change=1.0000 matched_but_wrong=0
  mpx-70 traj: trials=18240000 wall=12739s knowledge=0.9957 reliable=273 spec=7.00 pop=1228
  mpx-70 diag: trials=18240000 micro=3690 pop_spec=6.43 spec_max=25 q_mean=0.648 q_max=1.000 q_above_half=847 marked=0.307 mark_density=0.912 exp_mean=9926.3 addr_spec=4.362 addr_random=0.551 addr_full=0.2191 correct=254
  mpx-70 cover: trials=18240000 overall=0.9957 a0_nochange=1.0000 a0_change=1.0000 a1_nochange=0.9829 a1_change=1.0000 matched_but_wrong=0
  mpx-70 traj: trials=18300000 wall=12752s knowledge=0.9957 reliable=268 spec=7.00 pop=1204
  mpx-70 diag: trials=18300000 micro=3691 pop_spec=6.42 spec_max=25 q_mean=0.653 q_max=1.000 q_above_half=863 marked=0.238 mark_density=0.912 exp_mean=10173.8 addr_spec=4.382 addr_random=0.550 addr_full=0.2276 correct=254
  mpx-70 cover: trials=18300000 overall=0.9957 a0_nochange=1.0000 a0_change=1.0000 a1_nochange=0.9829 a1_change=1.0000 matched_but_wrong=0
  mpx-70 traj: trials=18360000 wall=12765s knowledge=0.9957 reliable=276 spec=7.00 pop=1184
  mpx-70 diag: trials=18360000 micro=3702 pop_spec=6.46 spec_max=25 q_mean=0.663 q_max=1.000 q_above_half=866 marked=0.242 mark_density=0.913 exp_mean=10396.7 addr_spec=4.459 addr_random=0.554 addr_full=0.2365 correct=254
  mpx-70 cover: trials=18360000 overall=0.9957 a0_nochange=1.0000 a0_change=1.0000 a1_nochange=0.9829 a1_change=1.0000 matched_but_wrong=0
  mpx-70 traj: trials=18420000 wall=12778s knowledge=0.9968 reliable=275 spec=7.00 pop=1214
  mpx-70 diag: trials=18420000 micro=3742 pop_spec=6.45 spec_max=25 q_mean=0.653 q_max=1.000 q_above_half=861 marked=0.283 mark_density=0.912 exp_mean=10189.4 addr_spec=4.435 addr_random=0.553 addr_full=0.2364 correct=254
  mpx-70 cover: trials=18420000 overall=0.9968 a0_nochange=1.0000 a0_change=1.0000 a1_nochange=0.9872 a1_change=1.0000 matched_but_wrong=0
  mpx-70 traj: trials=18480000 wall=12790s knowledge=0.9969 reliable=272 spec=7.00 pop=1233
  mpx-70 diag: trials=18480000 micro=3727 pop_spec=6.46 spec_max=25 q_mean=0.657 q_max=1.000 q_above_half=902 marked=0.272 mark_density=0.912 exp_mean=10081.1 addr_spec=4.431 addr_random=0.554 addr_full=0.2409 correct=254
  mpx-70 cover: trials=18480000 overall=0.9969 a0_nochange=1.0000 a0_change=1.0000 a1_nochange=0.9875 a1_change=1.0000 matched_but_wrong=0
  mpx-70 traj: trials=18540000 wall=12803s knowledge=0.9957 reliable=275 spec=7.00 pop=1198
  mpx-70 diag: trials=18540000 micro=3712 pop_spec=6.37 spec_max=25 q_mean=0.653 q_max=1.000 q_above_half=840 marked=0.294 mark_density=0.914 exp_mean=10424.8 addr_spec=4.335 addr_random=0.546 addr_full=0.2321 correct=254
  mpx-70 cover: trials=18540000 overall=0.9957 a0_nochange=1.0000 a0_change=1.0000 a1_nochange=0.9829 a1_change=1.0000 matched_but_wrong=0
  mpx-70 traj: trials=18600000 wall=12816s knowledge=0.9979 reliable=267 spec=7.00 pop=1211
  mpx-70 diag: trials=18600000 micro=3677 pop_spec=6.41 spec_max=25 q_mean=0.649 q_max=1.000 q_above_half=866 marked=0.283 mark_density=0.912 exp_mean=10362.2 addr_spec=4.386 addr_random=0.550 addr_full=0.2287 correct=255
  mpx-70 cover: trials=18600000 overall=0.9979 a0_nochange=1.0000 a0_change=1.0000 a1_nochange=0.9914 a1_change=1.0000 matched_but_wrong=0
  mpx-70 traj: trials=18660000 wall=12830s knowledge=0.9979 reliable=270 spec=7.00 pop=1254
  mpx-70 diag: trials=18660000 micro=3733 pop_spec=6.47 spec_max=25 q_mean=0.648 q_max=1.000 q_above_half=886 marked=0.299 mark_density=0.912 exp_mean=10054.5 addr_spec=4.466 addr_random=0.555 addr_full=0.2209 correct=255
  mpx-70 cover: trials=18660000 overall=0.9979 a0_nochange=1.0000 a0_change=1.0000 a1_nochange=0.9915 a1_change=1.0000 matched_but_wrong=0
  mpx-70 traj: trials=18720000 wall=12842s knowledge=0.9979 reliable=272 spec=7.00 pop=1165
  mpx-70 diag: trials=18720000 micro=3677 pop_spec=6.47 spec_max=25 q_mean=0.661 q_max=1.000 q_above_half=824 marked=0.252 mark_density=0.913 exp_mean=10874.3 addr_spec=4.438 addr_random=0.554 addr_full=0.2421 correct=255
  mpx-70 cover: trials=18720000 overall=0.9979 a0_nochange=1.0000 a0_change=1.0000 a1_nochange=0.9915 a1_change=1.0000 matched_but_wrong=0
  mpx-70 traj: trials=18780000 wall=12855s knowledge=0.9920 reliable=267 spec=7.00 pop=1255
  mpx-70 diag: trials=18780000 micro=3752 pop_spec=6.44 spec_max=25 q_mean=0.647 q_max=1.000 q_above_half=898 marked=0.296 mark_density=0.913 exp_mean=10024.9 addr_spec=4.395 addr_random=0.552 addr_full=0.2143 correct=252
  mpx-70 cover: trials=18780000 overall=0.9920 a0_nochange=1.0000 a0_change=0.9853 a1_nochange=0.9829 a1_change=1.0000 matched_but_wrong=0
  mpx-70 traj: trials=18840000 wall=12868s knowledge=0.9938 reliable=273 spec=7.01 pop=1248
  mpx-70 diag: trials=18840000 micro=3769 pop_spec=6.40 spec_max=25 q_mean=0.646 q_max=1.000 q_above_half=885 marked=0.284 mark_density=0.913 exp_mean=10128.7 addr_spec=4.447 addr_random=0.549 addr_full=0.2220 correct=252
  mpx-70 cover: trials=18840000 overall=0.9938 a0_nochange=1.0000 a0_change=0.9902 a1_nochange=0.9849 a1_change=1.0000 matched_but_wrong=0
  mpx-70 traj: trials=18900000 wall=12881s knowledge=0.9932 reliable=280 spec=7.01 pop=1251
  mpx-70 diag: trials=18900000 micro=3719 pop_spec=6.43 spec_max=25 q_mean=0.659 q_max=1.000 q_above_half=919 marked=0.270 mark_density=0.912 exp_mean=10153.0 addr_spec=4.347 addr_random=0.551 addr_full=0.2326 correct=252
  mpx-70 cover: trials=18900000 overall=0.9932 a0_nochange=1.0000 a0_change=0.9878 a1_nochange=0.9849 a1_change=1.0000 matched_but_wrong=0
  mpx-70 traj: trials=18960000 wall=12894s knowledge=0.9943 reliable=269 spec=7.01 pop=1153
  mpx-70 diag: trials=18960000 micro=3667 pop_spec=6.45 spec_max=25 q_mean=0.660 q_max=1.000 q_above_half=828 marked=0.277 mark_density=0.912 exp_mean=11066.5 addr_spec=4.343 addr_random=0.553 addr_full=0.2394 correct=253
  mpx-70 cover: trials=18960000 overall=0.9943 a0_nochange=1.0000 a0_change=0.9925 a1_nochange=0.9849 a1_change=1.0000 matched_but_wrong=0
  mpx-70 traj: trials=19020000 wall=12907s knowledge=0.9926 reliable=281 spec=7.01 pop=1203
  mpx-70 diag: trials=19020000 micro=3679 pop_spec=6.46 spec_max=25 q_mean=0.661 q_max=1.000 q_above_half=861 marked=0.288 mark_density=0.912 exp_mean=10656.7 addr_spec=4.403 addr_random=0.554 addr_full=0.2402 correct=252
  mpx-70 cover: trials=19020000 overall=0.9926 a0_nochange=1.0000 a0_change=0.9853 a1_nochange=0.9849 a1_change=1.0000 matched_but_wrong=0
  mpx-70 traj: trials=19080000 wall=12920s knowledge=0.9935 reliable=275 spec=7.01 pop=1222
  mpx-70 diag: trials=19080000 micro=3709 pop_spec=6.46 spec_max=25 q_mean=0.660 q_max=1.000 q_above_half=927 marked=0.286 mark_density=0.912 exp_mean=10539.3 addr_spec=4.417 addr_random=0.553 addr_full=0.2250 correct=252
  mpx-70 cover: trials=19080000 overall=0.9935 a0_nochange=1.0000 a0_change=0.9892 a1_nochange=0.9849 a1_change=1.0000 matched_but_wrong=0
  mpx-70 traj: trials=19140000 wall=12933s knowledge=0.9945 reliable=270 spec=7.01 pop=1203
  mpx-70 diag: trials=19140000 micro=3716 pop_spec=6.43 spec_max=25 q_mean=0.658 q_max=1.000 q_above_half=886 marked=0.271 mark_density=0.913 exp_mean=10754.3 addr_spec=4.387 addr_random=0.551 addr_full=0.2319 correct=252
  mpx-70 cover: trials=19140000 overall=0.9945 a0_nochange=1.0000 a0_change=0.9885 a1_nochange=0.9894 a1_change=1.0000 matched_but_wrong=0
  mpx-70 traj: trials=19200000 wall=12946s knowledge=0.9950 reliable=269 spec=7.00 pop=1175
  mpx-70 diag: trials=19200000 micro=3691 pop_spec=6.44 spec_max=25 q_mean=0.655 q_max=1.000 q_above_half=831 marked=0.260 mark_density=0.912 exp_mean=11061.5 addr_spec=4.397 addr_random=0.552 addr_full=0.2357 correct=252
  mpx-70 cover: trials=19200000 overall=0.9950 a0_nochange=1.0000 a0_change=0.9928 a1_nochange=0.9874 a1_change=1.0000 matched_but_wrong=0
  mpx-70 traj: trials=19260000 wall=12958s knowledge=0.9932 reliable=266 spec=7.00 pop=1208
  mpx-70 diag: trials=19260000 micro=3774 pop_spec=6.45 spec_max=25 q_mean=0.652 q_max=1.000 q_above_half=854 marked=0.267 mark_density=0.912 exp_mean=10808.8 addr_spec=4.505 addr_random=0.553 addr_full=0.2252 correct=252
  mpx-70 cover: trials=19260000 overall=0.9932 a0_nochange=1.0000 a0_change=0.9853 a1_nochange=0.9874 a1_change=1.0000 matched_but_wrong=0
  mpx-70 traj: trials=19320000 wall=12971s knowledge=0.9926 reliable=272 spec=7.00 pop=1203
  mpx-70 diag: trials=19320000 micro=3697 pop_spec=6.45 spec_max=25 q_mean=0.662 q_max=1.000 q_above_half=873 marked=0.268 mark_density=0.913 exp_mean=10903.5 addr_spec=4.429 addr_random=0.553 addr_full=0.2369 correct=252
  mpx-70 cover: trials=19320000 overall=0.9926 a0_nochange=1.0000 a0_change=0.9874 a1_nochange=0.9829 a1_change=1.0000 matched_but_wrong=0
  mpx-70 traj: trials=19380000 wall=12984s knowledge=0.9939 reliable=279 spec=7.00 pop=1219
  mpx-70 diag: trials=19380000 micro=3731 pop_spec=6.41 spec_max=25 q_mean=0.654 q_max=1.000 q_above_half=863 marked=0.282 mark_density=0.913 exp_mean=10810.2 addr_spec=4.345 addr_random=0.549 addr_full=0.2199 correct=253
  mpx-70 cover: trials=19380000 overall=0.9939 a0_nochange=1.0000 a0_change=0.9925 a1_nochange=0.9829 a1_change=1.0000 matched_but_wrong=0
  mpx-70 traj: trials=19440000 wall=12997s knowledge=0.9920 reliable=266 spec=7.00 pop=1162
  mpx-70 diag: trials=19440000 micro=3681 pop_spec=6.43 spec_max=25 q_mean=0.655 q_max=1.000 q_above_half=808 marked=0.269 mark_density=0.913 exp_mean=11389.7 addr_spec=4.503 addr_random=0.551 addr_full=0.2384 correct=252
  mpx-70 cover: trials=19440000 overall=0.9920 a0_nochange=1.0000 a0_change=0.9853 a1_nochange=0.9829 a1_change=1.0000 matched_but_wrong=46
  mpx-70 traj: trials=19500000 wall=13010s knowledge=0.9929 reliable=284 spec=7.00 pop=1279
  mpx-70 diag: trials=19500000 micro=3791 pop_spec=6.48 spec_max=25 q_mean=0.650 q_max=1.000 q_above_half=908 marked=0.272 mark_density=0.911 exp_mean=10395.9 addr_spec=4.464 addr_random=0.555 addr_full=0.2220 correct=252
  mpx-70 cover: trials=19500000 overall=0.9929 a0_nochange=1.0000 a0_change=0.9886 a1_nochange=0.9829 a1_change=1.0000 matched_but_wrong=0
  mpx-70 traj: trials=19560000 wall=13023s knowledge=0.9920 reliable=272 spec=7.00 pop=1276
  mpx-70 diag: trials=19560000 micro=3757 pop_spec=6.50 spec_max=25 q_mean=0.660 q_max=1.000 q_above_half=933 marked=0.256 mark_density=0.911 exp_mean=10466.7 addr_spec=4.507 addr_random=0.557 addr_full=0.2132 correct=252
  mpx-70 cover: trials=19560000 overall=0.9920 a0_nochange=1.0000 a0_change=0.9853 a1_nochange=0.9829 a1_change=1.0000 matched_but_wrong=0
  mpx-70 traj: trials=19620000 wall=13036s knowledge=0.9920 reliable=265 spec=7.00 pop=1199
  mpx-70 diag: trials=19620000 micro=3701 pop_spec=6.46 spec_max=25 q_mean=0.652 q_max=1.000 q_above_half=863 marked=0.276 mark_density=0.912 exp_mean=11187.7 addr_spec=4.440 addr_random=0.554 addr_full=0.2294 correct=252
  mpx-70 cover: trials=19620000 overall=0.9920 a0_nochange=1.0000 a0_change=0.9853 a1_nochange=0.9829 a1_change=1.0000 matched_but_wrong=0
  mpx-70 traj: trials=19680000 wall=13049s knowledge=0.9951 reliable=273 spec=7.00 pop=1243
  mpx-70 diag: trials=19680000 micro=3721 pop_spec=6.42 spec_max=25 q_mean=0.654 q_max=1.000 q_above_half=889 marked=0.273 mark_density=0.913 exp_mean=10840.8 addr_spec=4.459 addr_random=0.550 addr_full=0.2228 correct=253
  mpx-70 cover: trials=19680000 overall=0.9951 a0_nochange=1.0000 a0_change=0.9889 a1_nochange=0.9915 a1_change=1.0000 matched_but_wrong=0
  mpx-70 traj: trials=19740000 wall=13062s knowledge=0.9945 reliable=271 spec=7.01 pop=1185
  mpx-70 diag: trials=19740000 micro=3693 pop_spec=6.40 spec_max=25 q_mean=0.655 q_max=1.000 q_above_half=829 marked=0.269 mark_density=0.914 exp_mean=11421.2 addr_spec=4.385 addr_random=0.549 addr_full=0.2422 correct=253
  mpx-70 cover: trials=19740000 overall=0.9945 a0_nochange=1.0000 a0_change=0.9866 a1_nochange=0.9915 a1_change=1.0000 matched_but_wrong=0
  mpx-70 traj: trials=19800000 wall=13075s knowledge=0.9924 reliable=269 spec=7.01 pop=1278
  mpx-70 diag: trials=19800000 micro=3751 pop_spec=6.48 spec_max=25 q_mean=0.650 q_max=1.000 q_above_half=933 marked=0.294 mark_density=0.911 exp_mean=10636.0 addr_spec=4.352 addr_random=0.555 addr_full=0.2144 correct=252
  mpx-70 cover: trials=19800000 overall=0.9924 a0_nochange=1.0000 a0_change=0.9866 a1_nochange=0.9829 a1_change=1.0000 matched_but_wrong=0
  mpx-70 traj: trials=19860000 wall=13088s knowledge=0.9924 reliable=269 spec=7.01 pop=1199
  mpx-70 diag: trials=19860000 micro=3673 pop_spec=6.44 spec_max=25 q_mean=0.652 q_max=1.000 q_above_half=851 marked=0.264 mark_density=0.912 exp_mean=11386.7 addr_spec=4.451 addr_random=0.552 addr_full=0.2252 correct=252
  mpx-70 cover: trials=19860000 overall=0.9924 a0_nochange=1.0000 a0_change=0.9866 a1_nochange=0.9829 a1_change=1.0000 matched_but_wrong=0
  mpx-70 traj: trials=19920000 wall=13101s knowledge=0.9924 reliable=267 spec=7.01 pop=1266
  mpx-70 diag: trials=19920000 micro=3726 pop_spec=6.50 spec_max=25 q_mean=0.660 q_max=1.000 q_above_half=945 marked=0.265 mark_density=0.911 exp_mean=10831.5 addr_spec=4.392 addr_random=0.557 addr_full=0.2164 correct=252
  mpx-70 cover: trials=19920000 overall=0.9924 a0_nochange=1.0000 a0_change=0.9866 a1_nochange=0.9829 a1_change=1.0000 matched_but_wrong=0
  mpx-70 traj: trials=19980000 wall=13114s knowledge=0.9945 reliable=268 spec=7.01 pop=1181
  mpx-70 diag: trials=19980000 micro=3696 pop_spec=6.46 spec_max=25 q_mean=0.658 q_max=1.000 q_above_half=873 marked=0.257 mark_density=0.912 exp_mean=11661.0 addr_spec=4.402 addr_random=0.554 addr_full=0.2489 correct=253
  mpx-70 cover: trials=19980000 overall=0.9945 a0_nochange=1.0000 a0_change=0.9866 a1_nochange=0.9914 a1_change=1.0000 matched_but_wrong=0
  mpx-70 traj: trials=20040000 wall=13127s knowledge=0.9920 reliable=275 spec=7.00 pop=1236
  mpx-70 diag: trials=20040000 micro=3720 pop_spec=6.48 spec_max=25 q_mean=0.662 q_max=1.000 q_above_half=896 marked=0.282 mark_density=0.911 exp_mean=11191.1 addr_spec=4.320 addr_random=0.556 addr_full=0.2290 correct=252
  mpx-70 cover: trials=20040000 overall=0.9920 a0_nochange=1.0000 a0_change=0.9853 a1_nochange=0.9829 a1_change=1.0000 matched_but_wrong=0
  mpx-70 traj: trials=20100000 wall=13140s knowledge=0.9924 reliable=267 spec=7.00 pop=1269
  mpx-70 diag: trials=20100000 micro=3715 pop_spec=6.39 spec_max=25 q_mean=0.652 q_max=1.000 q_above_half=910 marked=0.269 mark_density=0.913 exp_mean=10946.3 addr_spec=4.278 addr_random=0.548 addr_full=0.2167 correct=252
  mpx-70 cover: trials=20100000 overall=0.9924 a0_nochange=1.0000 a0_change=0.9868 a1_nochange=0.9829 a1_change=1.0000 matched_but_wrong=0
  mpx-70 traj: trials=20160000 wall=13153s knowledge=0.9949 reliable=276 spec=7.01 pop=1192
  mpx-70 diag: trials=20160000 micro=3707 pop_spec=6.43 spec_max=25 q_mean=0.661 q_max=1.000 q_above_half=857 marked=0.283 mark_density=0.912 exp_mean=11704.1 addr_spec=4.349 addr_random=0.551 addr_full=0.2416 correct=252
  mpx-70 cover: trials=20160000 overall=0.9949 a0_nochange=1.0000 a0_change=0.9925 a1_nochange=0.9871 a1_change=1.0000 matched_but_wrong=0
  mpx-70 traj: trials=20220000 wall=13166s knowledge=0.9920 reliable=271 spec=7.00 pop=1259
  mpx-70 diag: trials=20220000 micro=3745 pop_spec=6.44 spec_max=25 q_mean=0.652 q_max=1.000 q_above_half=906 marked=0.270 mark_density=0.912 exp_mean=11128.2 addr_spec=4.423 addr_random=0.552 addr_full=0.2208 correct=252
  mpx-70 cover: trials=20220000 overall=0.9920 a0_nochange=1.0000 a0_change=0.9853 a1_nochange=0.9829 a1_change=1.0000 matched_but_wrong=0
  mpx-70 traj: trials=20280000 wall=13179s knowledge=0.9920 reliable=269 spec=7.00 pop=1113
  mpx-70 diag: trials=20280000 micro=3625 pop_spec=6.46 spec_max=25 q_mean=0.665 q_max=1.000 q_above_half=815 marked=0.271 mark_density=0.913 exp_mean=12640.6 addr_spec=4.505 addr_random=0.554 addr_full=0.2471 correct=252
  mpx-70 cover: trials=20280000 overall=0.9920 a0_nochange=1.0000 a0_change=0.9853 a1_nochange=0.9829 a1_change=1.0000 matched_but_wrong=0
  mpx-70 traj: trials=20340000 wall=13191s knowledge=0.9954 reliable=269 spec=7.00 pop=1309
  mpx-70 diag: trials=20340000 micro=3808 pop_spec=6.42 spec_max=25 q_mean=0.649 q_max=1.000 q_above_half=958 marked=0.287 mark_density=0.913 exp_mean=10794.7 addr_spec=4.361 addr_random=0.550 addr_full=0.2208 correct=253
  mpx-70 cover: trials=20340000 overall=0.9954 a0_nochange=1.0000 a0_change=0.9853 a1_nochange=0.9962 a1_change=1.0000 matched_but_wrong=0
  mpx-70 traj: trials=20400000 wall=13204s knowledge=0.9954 reliable=272 spec=7.00 pop=1190
  mpx-70 diag: trials=20400000 micro=3708 pop_spec=6.43 spec_max=25 q_mean=0.663 q_max=1.000 q_above_half=855 marked=0.261 mark_density=0.914 exp_mean=11923.8 addr_spec=4.374 addr_random=0.551 addr_full=0.2445 correct=253
  mpx-70 cover: trials=20400000 overall=0.9954 a0_nochange=1.0000 a0_change=0.9853 a1_nochange=0.9962 a1_change=1.0000 matched_but_wrong=0
  mpx-70 traj: trials=20460000 wall=13217s knowledge=0.9968 reliable=273 spec=7.01 pop=1208
  mpx-70 diag: trials=20460000 micro=3675 pop_spec=6.41 spec_max=25 q_mean=0.645 q_max=1.000 q_above_half=797 marked=0.268 mark_density=0.913 exp_mean=11795.9 addr_spec=4.354 addr_random=0.550 addr_full=0.2368 correct=254
  mpx-70 cover: trials=20460000 overall=0.9968 a0_nochange=1.0000 a0_change=0.9871 a1_nochange=1.0000 a1_change=1.0000 matched_but_wrong=0
  mpx-70 traj: trials=20520000 wall=13230s knowledge=0.9958 reliable=265 spec=7.01 pop=1188
  mpx-70 diag: trials=20520000 micro=3661 pop_spec=6.44 spec_max=25 q_mean=0.656 q_max=1.000 q_above_half=872 marked=0.286 mark_density=0.913 exp_mean=12044.0 addr_spec=4.275 addr_random=0.552 addr_full=0.2340 correct=253
  mpx-70 cover: trials=20520000 overall=0.9958 a0_nochange=1.0000 a0_change=0.9870 a1_nochange=0.9962 a1_change=1.0000 matched_but_wrong=0
  mpx-70 traj: trials=20580000 wall=13243s knowledge=0.9932 reliable=264 spec=7.00 pop=1224
  mpx-70 diag: trials=20580000 micro=3697 pop_spec=6.45 spec_max=25 q_mean=0.646 q_max=1.000 q_above_half=853 marked=0.268 mark_density=0.912 exp_mean=11738.0 addr_spec=4.396 addr_random=0.553 addr_full=0.2345 correct=252
  mpx-70 cover: trials=20580000 overall=0.9932 a0_nochange=1.0000 a0_change=0.9853 a1_nochange=0.9876 a1_change=1.0000 matched_but_wrong=0
  mpx-70 traj: trials=20640000 wall=13256s knowledge=0.9945 reliable=274 spec=7.00 pop=1212
  mpx-70 diag: trials=20640000 micro=3749 pop_spec=6.44 spec_max=25 q_mean=0.656 q_max=1.000 q_above_half=860 marked=0.273 mark_density=0.913 exp_mean=11903.7 addr_spec=4.392 addr_random=0.552 addr_full=0.2351 correct=253
  mpx-70 cover: trials=20640000 overall=0.9945 a0_nochange=1.0000 a0_change=0.9952 a1_nochange=0.9829 a1_change=1.0000 matched_but_wrong=0
  mpx-70 traj: trials=20700000 wall=13269s knowledge=0.9943 reliable=268 spec=7.03 pop=1206
  mpx-70 diag: trials=20700000 micro=3711 pop_spec=6.39 spec_max=25 q_mean=0.656 q_max=1.000 q_above_half=896 marked=0.234 mark_density=0.914 exp_mean=12011.8 addr_spec=4.386 addr_random=0.548 addr_full=0.2363 correct=253
  mpx-70 cover: trials=20700000 overall=0.9943 a0_nochange=1.0000 a0_change=0.9942 a1_nochange=0.9829 a1_change=1.0000 matched_but_wrong=0
  mpx-70 traj: trials=20760000 wall=13282s knowledge=0.9947 reliable=272 spec=7.03 pop=1232
  mpx-70 diag: trials=20760000 micro=3709 pop_spec=6.43 spec_max=25 q_mean=0.657 q_max=1.000 q_above_half=898 marked=0.273 mark_density=0.912 exp_mean=11808.0 addr_spec=4.388 addr_random=0.552 addr_full=0.2281 correct=253
  mpx-70 cover: trials=20760000 overall=0.9947 a0_nochange=1.0000 a0_change=0.9957 a1_nochange=0.9829 a1_change=1.0000 matched_but_wrong=0
  mpx-70 traj: trials=20820000 wall=13295s knowledge=0.9925 reliable=276 spec=7.03 pop=1227
  mpx-70 diag: trials=20820000 micro=3765 pop_spec=6.43 spec_max=25 q_mean=0.656 q_max=1.000 q_above_half=895 marked=0.261 mark_density=0.913 exp_mean=11904.7 addr_spec=4.465 addr_random=0.551 addr_full=0.2266 correct=253
  mpx-70 cover: trials=20820000 overall=0.9925 a0_nochange=1.0000 a0_change=0.9872 a1_nochange=0.9829 a1_change=1.0000 matched_but_wrong=0
  mpx-70 traj: trials=20880000 wall=13308s knowledge=0.9939 reliable=276 spec=7.03 pop=1274
  mpx-70 diag: trials=20880000 micro=3791 pop_spec=6.42 spec_max=25 q_mean=0.647 q_max=1.000 q_above_half=886 marked=0.284 mark_density=0.912 exp_mean=11512.9 addr_spec=4.389 addr_random=0.550 addr_full=0.2253 correct=253
  mpx-70 cover: trials=20880000 overall=0.9939 a0_nochange=1.0000 a0_change=0.9925 a1_nochange=0.9829 a1_change=1.0000 matched_but_wrong=0
  mpx-70 traj: trials=20940000 wall=13321s knowledge=0.9949 reliable=264 spec=7.04 pop=1231
  mpx-70 diag: trials=20940000 micro=3775 pop_spec=6.47 spec_max=25 q_mean=0.657 q_max=1.000 q_above_half=923 marked=0.287 mark_density=0.911 exp_mean=11962.1 addr_spec=4.457 addr_random=0.554 addr_full=0.2348 correct=253
  mpx-70 cover: trials=20940000 overall=0.9949 a0_nochange=1.0000 a0_change=0.9966 a1_nochange=0.9829 a1_change=1.0000 matched_but_wrong=0
  mpx-70 traj: trials=21000000 wall=13334s knowledge=0.9957 reliable=275 spec=7.03 pop=1246
  mpx-70 diag: trials=21000000 micro=3725 pop_spec=6.37 spec_max=25 q_mean=0.647 q_max=1.000 q_above_half=851 marked=0.297 mark_density=0.915 exp_mean=11866.9 addr_spec=4.384 addr_random=0.546 addr_full=0.2303 correct=254
  mpx-70 cover: trials=21000000 overall=0.9957 a0_nochange=1.0000 a0_change=1.0000 a1_nochange=0.9829 a1_change=1.0000 matched_but_wrong=0
  mpx-70 traj: trials=21060000 wall=13346s knowledge=0.9957 reliable=273 spec=7.03 pop=1169
  mpx-70 diag: trials=21060000 micro=3697 pop_spec=6.38 spec_max=25 q_mean=0.653 q_max=1.000 q_above_half=811 marked=0.282 mark_density=0.915 exp_mean=12689.4 addr_spec=4.447 addr_random=0.547 addr_full=0.2429 correct=254
  mpx-70 cover: trials=21060000 overall=0.9957 a0_nochange=1.0000 a0_change=1.0000 a1_nochange=0.9829 a1_change=1.0000 matched_but_wrong=0
  mpx-70 traj: trials=21120000 wall=13359s knowledge=0.9957 reliable=269 spec=7.03 pop=1204
  mpx-70 diag: trials=21120000 micro=3721 pop_spec=6.43 spec_max=25 q_mean=0.652 q_max=1.000 q_above_half=838 marked=0.263 mark_density=0.913 exp_mean=12369.7 addr_spec=4.434 addr_random=0.551 addr_full=0.2267 correct=254
  mpx-70 cover: trials=21120000 overall=0.9957 a0_nochange=1.0000 a0_change=1.0000 a1_nochange=0.9829 a1_change=1.0000 matched_but_wrong=0
  mpx-70 traj: trials=21180000 wall=13372s knowledge=0.9957 reliable=274 spec=7.03 pop=1222
  mpx-70 diag: trials=21180000 micro=3738 pop_spec=6.39 spec_max=25 q_mean=0.652 q_max=1.000 q_above_half=859 marked=0.282 mark_density=0.914 exp_mean=12236.9 addr_spec=4.371 addr_random=0.548 addr_full=0.2250 correct=254
  mpx-70 cover: trials=21180000 overall=0.9957 a0_nochange=1.0000 a0_change=1.0000 a1_nochange=0.9829 a1_change=1.0000 matched_but_wrong=0
  mpx-70 traj: trials=21240000 wall=13385s knowledge=0.9968 reliable=268 spec=7.03 pop=1190
  mpx-70 diag: trials=21240000 micro=3685 pop_spec=6.42 spec_max=25 q_mean=0.662 q_max=1.000 q_above_half=872 marked=0.250 mark_density=0.912 exp_mean=12615.6 addr_spec=4.417 addr_random=0.550 addr_full=0.2420 correct=254
  mpx-70 cover: trials=21240000 overall=0.9968 a0_nochange=1.0000 a0_change=1.0000 a1_nochange=0.9872 a1_change=1.0000 matched_but_wrong=0
  mpx-70 traj: trials=21300000 wall=13397s knowledge=0.9957 reliable=270 spec=7.03 pop=1189
  mpx-70 diag: trials=21300000 micro=3692 pop_spec=6.34 spec_max=25 q_mean=0.649 q_max=1.000 q_above_half=837 marked=0.255 mark_density=0.916 exp_mean=12677.0 addr_spec=4.322 addr_random=0.544 addr_full=0.2313 correct=254
  mpx-70 cover: trials=21300000 overall=0.9957 a0_nochange=1.0000 a0_change=1.0000 a1_nochange=0.9829 a1_change=1.0000 matched_but_wrong=0
  mpx-70 traj: trials=21360000 wall=13410s knowledge=0.9969 reliable=266 spec=7.03 pop=1205
  mpx-70 diag: trials=21360000 micro=3774 pop_spec=6.39 spec_max=25 q_mean=0.649 q_max=1.000 q_above_half=802 marked=0.295 mark_density=0.914 exp_mean=12558.1 addr_spec=4.428 addr_random=0.548 addr_full=0.2266 correct=254
  mpx-70 cover: trials=21360000 overall=0.9969 a0_nochange=1.0000 a0_change=1.0000 a1_nochange=0.9877 a1_change=1.0000 matched_but_wrong=0
  mpx-70 traj: trials=21420000 wall=13423s knowledge=0.9969 reliable=270 spec=7.03 pop=1152
  mpx-70 diag: trials=21420000 micro=3635 pop_spec=6.39 spec_max=25 q_mean=0.659 q_max=1.000 q_above_half=841 marked=0.283 mark_density=0.915 exp_mean=13188.3 addr_spec=4.363 addr_random=0.548 addr_full=0.2465 correct=254
  mpx-70 cover: trials=21420000 overall=0.9969 a0_nochange=1.0000 a0_change=1.0000 a1_nochange=0.9877 a1_change=1.0000 matched_but_wrong=0
  mpx-70 traj: trials=21480000 wall=13435s knowledge=0.9957 reliable=275 spec=7.03 pop=1264
  mpx-70 diag: trials=21480000 micro=3696 pop_spec=6.45 spec_max=25 q_mean=0.657 q_max=1.000 q_above_half=915 marked=0.266 mark_density=0.911 exp_mean=12067.1 addr_spec=4.422 addr_random=0.553 addr_full=0.2263 correct=254
  mpx-70 cover: trials=21480000 overall=0.9957 a0_nochange=1.0000 a0_change=1.0000 a1_nochange=0.9829 a1_change=1.0000 matched_but_wrong=0
  mpx-70 traj: trials=21540000 wall=13448s knowledge=0.9957 reliable=279 spec=7.03 pop=1274
  mpx-70 diag: trials=21540000 micro=3709 pop_spec=6.49 spec_max=25 q_mean=0.650 q_max=1.000 q_above_half=887 marked=0.285 mark_density=0.911 exp_mean=12019.6 addr_spec=4.419 addr_random=0.557 addr_full=0.2229 correct=254
  mpx-70 cover: trials=21540000 overall=0.9957 a0_nochange=1.0000 a0_change=1.0000 a1_nochange=0.9829 a1_change=1.0000 matched_but_wrong=0
  mpx-70 traj: trials=21600000 wall=13462s knowledge=0.9968 reliable=273 spec=7.03 pop=1179
  mpx-70 diag: trials=21600000 micro=3741 pop_spec=6.40 spec_max=25 q_mean=0.654 q_max=1.000 q_above_half=812 marked=0.287 mark_density=0.914 exp_mean=13038.6 addr_spec=4.379 addr_random=0.549 addr_full=0.2332 correct=254
  mpx-70 cover: trials=21600000 overall=0.9968 a0_nochange=1.0000 a0_change=1.0000 a1_nochange=0.9871 a1_change=1.0000 matched_but_wrong=0
  mpx-70 traj: trials=21660000 wall=13474s knowledge=0.9968 reliable=268 spec=7.03 pop=1201
  mpx-70 diag: trials=21660000 micro=3695 pop_spec=6.41 spec_max=25 q_mean=0.658 q_max=1.000 q_above_half=864 marked=0.290 mark_density=0.913 exp_mean=12849.2 addr_spec=4.382 addr_random=0.549 addr_full=0.2281 correct=254
  mpx-70 cover: trials=21660000 overall=0.9968 a0_nochange=1.0000 a0_change=1.0000 a1_nochange=0.9871 a1_change=1.0000 matched_but_wrong=0
  mpx-70 traj: trials=21720000 wall=13487s knowledge=0.9957 reliable=265 spec=7.03 pop=1283
  mpx-70 diag: trials=21720000 micro=3783 pop_spec=6.37 spec_max=25 q_mean=0.647 q_max=1.000 q_above_half=917 marked=0.274 mark_density=0.914 exp_mean=12074.5 addr_spec=4.352 addr_random=0.546 addr_full=0.2175 correct=254
  mpx-70 cover: trials=21720000 overall=0.9957 a0_nochange=1.0000 a0_change=1.0000 a1_nochange=0.9829 a1_change=1.0000 matched_but_wrong=0
  mpx-70 traj: trials=21780000 wall=13499s knowledge=0.9957 reliable=269 spec=7.00 pop=1214
  mpx-70 diag: trials=21780000 micro=3674 pop_spec=6.41 spec_max=25 q_mean=0.657 q_max=1.000 q_above_half=888 marked=0.279 mark_density=0.913 exp_mean=12810.5 addr_spec=4.329 addr_random=0.549 addr_full=0.2331 correct=254
  mpx-70 cover: trials=21780000 overall=0.9957 a0_nochange=1.0000 a0_change=1.0000 a1_nochange=0.9829 a1_change=1.0000 matched_but_wrong=0
  mpx-70 traj: trials=21840000 wall=13512s knowledge=0.9957 reliable=270 spec=7.00 pop=1247
  mpx-70 diag: trials=21840000 micro=3715 pop_spec=6.45 spec_max=25 q_mean=0.653 q_max=1.000 q_above_half=910 marked=0.296 mark_density=0.913 exp_mean=12519.5 addr_spec=4.395 addr_random=0.553 addr_full=0.2213 correct=254
  mpx-70 cover: trials=21840000 overall=0.9957 a0_nochange=1.0000 a0_change=1.0000 a1_nochange=0.9829 a1_change=1.0000 matched_but_wrong=0
  mpx-70 traj: trials=21900000 wall=13525s knowledge=0.9962 reliable=265 spec=7.00 pop=1211
  mpx-70 diag: trials=21900000 micro=3676 pop_spec=6.41 spec_max=25 q_mean=0.648 q_max=1.000 q_above_half=849 marked=0.284 mark_density=0.914 exp_mean=12940.6 addr_spec=4.355 addr_random=0.550 addr_full=0.2271 correct=254
  mpx-70 cover: trials=21900000 overall=0.9962 a0_nochange=1.0000 a0_change=1.0000 a1_nochange=0.9849 a1_change=1.0000 matched_but_wrong=0
  mpx-70 traj: trials=21960000 wall=13537s knowledge=0.9957 reliable=267 spec=7.00 pop=1268
  mpx-70 diag: trials=21960000 micro=3763 pop_spec=6.36 spec_max=25 q_mean=0.649 q_max=1.000 q_above_half=896 marked=0.282 mark_density=0.915 exp_mean=12406.4 addr_spec=4.381 addr_random=0.546 addr_full=0.2208 correct=254
  mpx-70 cover: trials=21960000 overall=0.9957 a0_nochange=1.0000 a0_change=1.0000 a1_nochange=0.9829 a1_change=1.0000 matched_but_wrong=0
  mpx-70 traj: trials=22020000 wall=13550s knowledge=0.9969 reliable=270 spec=7.00 pop=1239
  mpx-70 diag: trials=22020000 micro=3698 pop_spec=6.44 spec_max=25 q_mean=0.661 q_max=1.000 q_above_half=896 marked=0.245 mark_density=0.913 exp_mean=12745.0 addr_spec=4.371 addr_random=0.552 addr_full=0.2236 correct=254
  mpx-70 cover: trials=22020000 overall=0.9969 a0_nochange=1.0000 a0_change=1.0000 a1_nochange=0.9877 a1_change=1.0000 matched_but_wrong=0
  mpx-70 traj: trials=22080000 wall=13563s knowledge=0.9957 reliable=268 spec=7.00 pop=1187
  mpx-70 diag: trials=22080000 micro=3685 pop_spec=6.41 spec_max=25 q_mean=0.654 q_max=1.000 q_above_half=837 marked=0.279 mark_density=0.912 exp_mean=13353.2 addr_spec=4.430 addr_random=0.550 addr_full=0.2359 correct=254
  mpx-70 cover: trials=22080000 overall=0.9957 a0_nochange=1.0000 a0_change=1.0000 a1_nochange=0.9829 a1_change=1.0000 matched_but_wrong=0
  mpx-70 traj: trials=22140000 wall=13575s knowledge=0.9968 reliable=273 spec=7.00 pop=1187
  mpx-70 diag: trials=22140000 micro=3680 pop_spec=6.35 spec_max=25 q_mean=0.659 q_max=1.000 q_above_half=870 marked=0.254 mark_density=0.914 exp_mean=13404.2 addr_spec=4.343 addr_random=0.544 addr_full=0.2300 correct=254
  mpx-70 cover: trials=22140000 overall=0.9968 a0_nochange=1.0000 a0_change=1.0000 a1_nochange=0.9870 a1_change=1.0000 matched_but_wrong=0
  mpx-70 traj: trials=22200000 wall=13588s knowledge=0.9968 reliable=271 spec=7.00 pop=1218
  mpx-70 diag: trials=22200000 micro=3673 pop_spec=6.47 spec_max=25 q_mean=0.660 q_max=1.000 q_above_half=889 marked=0.285 mark_density=0.912 exp_mean=13112.3 addr_spec=4.458 addr_random=0.554 addr_full=0.2250 correct=254
  mpx-70 cover: trials=22200000 overall=0.9968 a0_nochange=1.0000 a0_change=1.0000 a1_nochange=0.9870 a1_change=1.0000 matched_but_wrong=0
  mpx-70 traj: trials=22260000 wall=13600s knowledge=0.9968 reliable=270 spec=7.00 pop=1215
  mpx-70 diag: trials=22260000 micro=3741 pop_spec=6.40 spec_max=25 q_mean=0.653 q_max=1.000 q_above_half=880 marked=0.262 mark_density=0.913 exp_mean=13193.6 addr_spec=4.467 addr_random=0.549 addr_full=0.2379 correct=254
  mpx-70 cover: trials=22260000 overall=0.9968 a0_nochange=1.0000 a0_change=1.0000 a1_nochange=0.9870 a1_change=1.0000 matched_but_wrong=0
  mpx-70 traj: trials=22320000 wall=13613s knowledge=0.9957 reliable=279 spec=7.00 pop=1255
  mpx-70 diag: trials=22320000 micro=3735 pop_spec=6.40 spec_max=25 q_mean=0.662 q_max=1.000 q_above_half=917 marked=0.283 mark_density=0.913 exp_mean=12821.8 addr_spec=4.370 addr_random=0.549 addr_full=0.2231 correct=254
  mpx-70 cover: trials=22320000 overall=0.9957 a0_nochange=1.0000 a0_change=1.0000 a1_nochange=0.9829 a1_change=1.0000 matched_but_wrong=0
  mpx-70 traj: trials=22380000 wall=13626s knowledge=0.9964 reliable=272 spec=7.00 pop=1192
  mpx-70 diag: trials=22380000 micro=3686 pop_spec=6.43 spec_max=25 q_mean=0.655 q_max=1.000 q_above_half=850 marked=0.277 mark_density=0.912 exp_mean=13549.5 addr_spec=4.357 addr_random=0.551 addr_full=0.2349 correct=254
  mpx-70 cover: trials=22380000 overall=0.9964 a0_nochange=1.0000 a0_change=1.0000 a1_nochange=0.9856 a1_change=1.0000 matched_but_wrong=0
  mpx-70 traj: trials=22440000 wall=13638s knowledge=0.9957 reliable=268 spec=7.00 pop=1238
  mpx-70 diag: trials=22440000 micro=3733 pop_spec=6.43 spec_max=25 q_mean=0.650 q_max=1.000 q_above_half=891 marked=0.272 mark_density=0.912 exp_mean=13093.5 addr_spec=4.380 addr_random=0.551 addr_full=0.2237 correct=254
  mpx-70 cover: trials=22440000 overall=0.9957 a0_nochange=1.0000 a0_change=1.0000 a1_nochange=0.9829 a1_change=1.0000 matched_but_wrong=0
  mpx-70 traj: trials=22500000 wall=13651s knowledge=0.9957 reliable=265 spec=7.00 pop=1223
  mpx-70 diag: trials=22500000 micro=3720 pop_spec=6.35 spec_max=25 q_mean=0.652 q_max=1.000 q_above_half=874 marked=0.264 mark_density=0.914 exp_mean=13302.8 addr_spec=4.393 addr_random=0.544 addr_full=0.2224 correct=254
  mpx-70 cover: trials=22500000 overall=0.9957 a0_nochange=1.0000 a0_change=1.0000 a1_nochange=0.9829 a1_change=1.0000 matched_but_wrong=0
  mpx-70 traj: trials=22560000 wall=13663s knowledge=0.9968 reliable=268 spec=7.00 pop=1217
  mpx-70 diag: trials=22560000 micro=3721 pop_spec=6.40 spec_max=25 q_mean=0.659 q_max=1.000 q_above_half=892 marked=0.279 mark_density=0.913 exp_mean=13417.4 addr_spec=4.406 addr_random=0.548 addr_full=0.2342 correct=254
  mpx-70 cover: trials=22560000 overall=0.9968 a0_nochange=1.0000 a0_change=1.0000 a1_nochange=0.9871 a1_change=1.0000 matched_but_wrong=0
  mpx-70 traj: trials=22620000 wall=13676s knowledge=0.9957 reliable=274 spec=7.00 pop=1164
  mpx-70 diag: trials=22620000 micro=3662 pop_spec=6.46 spec_max=25 q_mean=0.662 q_max=1.000 q_above_half=847 marked=0.265 mark_density=0.911 exp_mean=14080.5 addr_spec=4.356 addr_random=0.554 addr_full=0.2423 correct=254
  mpx-70 cover: trials=22620000 overall=0.9957 a0_nochange=1.0000 a0_change=1.0000 a1_nochange=0.9829 a1_change=1.0000 matched_but_wrong=0
  mpx-70 traj: trials=22680000 wall=13688s knowledge=0.9957 reliable=275 spec=7.00 pop=1260
  mpx-70 diag: trials=22680000 micro=3736 pop_spec=6.43 spec_max=25 q_mean=0.659 q_max=1.000 q_above_half=917 marked=0.256 mark_density=0.913 exp_mean=13055.5 addr_spec=4.431 addr_random=0.551 addr_full=0.2190 correct=254
  mpx-70 cover: trials=22680000 overall=0.9957 a0_nochange=1.0000 a0_change=1.0000 a1_nochange=0.9829 a1_change=1.0000 matched_but_wrong=0
  mpx-70 traj: trials=22740000 wall=13701s knowledge=0.9989 reliable=275 spec=7.01 pop=1171
  mpx-70 diag: trials=22740000 micro=3713 pop_spec=6.41 spec_max=25 q_mean=0.652 q_max=1.000 q_above_half=799 marked=0.283 mark_density=0.912 exp_mean=14097.9 addr_spec=4.415 addr_random=0.550 addr_full=0.2400 correct=255
  mpx-70 cover: trials=22740000 overall=0.9989 a0_nochange=1.0000 a0_change=1.0000 a1_nochange=0.9955 a1_change=1.0000 matched_but_wrong=0
  mpx-70 traj: trials=22800000 wall=13713s knowledge=0.9989 reliable=277 spec=7.00 pop=1188
  mpx-70 diag: trials=22800000 micro=3720 pop_spec=6.44 spec_max=25 q_mean=0.653 q_max=1.000 q_above_half=850 marked=0.260 mark_density=0.912 exp_mean=13947.4 addr_spec=4.454 addr_random=0.552 addr_full=0.2332 correct=255
  mpx-70 cover: trials=22800000 overall=0.9989 a0_nochange=1.0000 a0_change=1.0000 a1_nochange=0.9955 a1_change=1.0000 matched_but_wrong=0
  mpx-70 traj: trials=22860000 wall=13726s knowledge=1.0000 reliable=270 spec=7.00 pop=1300
  mpx-70 diag: trials=22860000 micro=3758 pop_spec=6.35 spec_max=25 q_mean=0.647 q_max=1.000 q_above_half=946 marked=0.267 mark_density=0.915 exp_mean=12792.1 addr_spec=4.311 addr_random=0.544 addr_full=0.2115 correct=256
  mpx-70 cover: trials=22860000 overall=1.0000 a0_nochange=1.0000 a0_change=1.0000 a1_nochange=1.0000 a1_change=1.0000 matched_but_wrong=0
  mpx-70 repeat 0: SUCCESS trials=22860000 knowledge=1.0000 reliable=270 spec=7.00/71 peak_macro=14969 peak_rss=0.00GB wall=13726.3s
  mpx-70 verdict agreement across 1 repeats: ALL AGREE
