acs2-bench mpx-reach: agent=acs2 sizes=[135] n_exp=1 seed=45 rss_cap=5.6GB time_cap=600000s do_ga=true alp_gen_variant=pyalcs epsilon=0.8
  mem mpx-135 (N=136): condition=272B effect=272B mark=3264B (stack) classifier=3896B  mark/classifier=83.8%  rss-cap pop-threshold=1437371
  mpx-135 trials_cap=18446744073709551615 (= 20000*2^(k-6)*10, clamped to u64::MAX) u_max=11
  mpx-135 traj: trials=120000 wall=1201s knowledge=0.0000 reliable=0 spec=0.00 pop=16628
  mpx-135 diag: trials=120000 micro=16686 pop_spec=11.00 spec_max=23 q_mean=0.542 q_max=0.824 q_above_half=11647 marked=0.384 mark_density=0.921 exp_mean=2.8 addr_spec=0.524 addr_random=0.570 addr_full=0.0000 correct=0
  mpx-135 cover: trials=120000 overall=0.0000 a0_nochange=0.0000 a0_change=0.0000 a1_nochange=0.0000 a1_change=0.0000 matched_but_wrong=0
  mpx-135 acc: trials=120000 accuracy=0.5011
  mpx-135 traj: trials=240000 wall=3759s knowledge=0.0000 reliable=0 spec=0.00 pop=27449
  mpx-135 diag: trials=240000 micro=27508 pop_spec=11.55 spec_max=24 q_mean=0.549 q_max=0.820 q_above_half=20215 marked=0.372 mark_density=0.917 exp_mean=2.8 addr_spec=0.600 addr_random=0.599 addr_full=0.0000 correct=0
  mpx-135 cover: trials=240000 overall=0.0000 a0_nochange=0.0000 a0_change=0.0000 a1_nochange=0.0000 a1_change=0.0000 matched_but_wrong=0
  mpx-135 acc: trials=240000 accuracy=0.5084
  mpx-135 traj: trials=360000 wall=7875s knowledge=0.0000 reliable=0 spec=0.00 pop=36944
  mpx-135 diag: trials=360000 micro=37028 pop_spec=11.85 spec_max=25 q_mean=0.551 q_max=0.840 q_above_half=27513 marked=0.371 mark_density=0.914 exp_mean=2.8 addr_spec=0.632 addr_random=0.614 addr_full=0.0000 correct=0
  mpx-135 cover: trials=360000 overall=0.0000 a0_nochange=0.0000 a0_change=0.0000 a1_nochange=0.0000 a1_change=0.0000 matched_but_wrong=0
  mpx-135 acc: trials=360000 accuracy=0.5092
  mpx-135 traj: trials=480000 wall=12919s knowledge=0.0000 reliable=0 spec=0.00 pop=42822
  mpx-135 diag: trials=480000 micro=42880 pop_spec=12.07 spec_max=25 q_mean=0.554 q_max=0.817 q_above_half=32502 marked=0.366 mark_density=0.913 exp_mean=2.8 addr_spec=0.657 addr_random=0.626 addr_full=0.0000 correct=0
  mpx-135 cover: trials=480000 overall=0.0000 a0_nochange=0.0000 a0_change=0.0000 a1_nochange=0.0000 a1_change=0.0000 matched_but_wrong=0
  mpx-135 acc: trials=480000 accuracy=0.5148
  mpx-135 traj: trials=600000 wall=19004s knowledge=0.0000 reliable=0 spec=0.00 pop=48710
  mpx-135 diag: trials=600000 micro=48795 pop_spec=12.20 spec_max=25 q_mean=0.556 q_max=0.828 q_above_half=37357 marked=0.371 mark_density=0.912 exp_mean=2.8 addr_spec=0.698 addr_random=0.632 addr_full=0.0000 correct=0
  mpx-135 cover: trials=600000 overall=0.0000 a0_nochange=0.0000 a0_change=0.0000 a1_nochange=0.0000 a1_change=0.0000 matched_but_wrong=0
  mpx-135 acc: trials=600000 accuracy=0.5064
  mpx-135 traj: trials=720000 wall=25732s knowledge=0.0000 reliable=0 spec=0.00 pop=52617
  mpx-135 diag: trials=720000 micro=52701 pop_spec=12.34 spec_max=26 q_mean=0.559 q_max=0.844 q_above_half=40988 marked=0.360 mark_density=0.911 exp_mean=2.7 addr_spec=0.744 addr_random=0.640 addr_full=0.0000 correct=0
  mpx-135 cover: trials=720000 overall=0.0000 a0_nochange=0.0000 a0_change=0.0000 a1_nochange=0.0000 a1_change=0.0000 matched_but_wrong=0
  mpx-135 acc: trials=720000 accuracy=0.5110
  mpx-135 traj: trials=840000 wall=32898s knowledge=0.0000 reliable=0 spec=0.00 pop=57172
  mpx-135 diag: trials=840000 micro=57282 pop_spec=12.39 spec_max=26 q_mean=0.558 q_max=0.851 q_above_half=44426 marked=0.363 mark_density=0.911 exp_mean=2.7 addr_spec=0.774 addr_random=0.642 addr_full=0.0000 correct=0
  mpx-135 cover: trials=840000 overall=0.0000 a0_nochange=0.0000 a0_change=0.0000 a1_nochange=0.0000 a1_change=0.0000 matched_but_wrong=0
  mpx-135 acc: trials=840000 accuracy=0.5130
  mpx-135 traj: trials=960000 wall=40700s knowledge=0.0000 reliable=0 spec=0.00 pop=59561
  mpx-135 diag: trials=960000 micro=59663 pop_spec=12.49 spec_max=26 q_mean=0.560 q_max=0.876 q_above_half=46580 marked=0.366 mark_density=0.910 exp_mean=2.8 addr_spec=0.774 addr_random=0.648 addr_full=0.0000 correct=0
  mpx-135 cover: trials=960000 overall=0.0000 a0_nochange=0.0000 a0_change=0.0000 a1_nochange=0.0000 a1_change=0.0000 matched_but_wrong=0
  mpx-135 acc: trials=960000 accuracy=0.5147
  mpx-135 traj: trials=1080000 wall=48581s knowledge=0.0000 reliable=0 spec=0.00 pop=61727
  mpx-135 diag: trials=1080000 micro=61824 pop_spec=12.59 spec_max=26 q_mean=0.562 q_max=0.838 q_above_half=49021 marked=0.361 mark_density=0.909 exp_mean=2.7 addr_spec=0.803 addr_random=0.653 addr_full=0.0000 correct=0
  mpx-135 cover: trials=1080000 overall=0.0000 a0_nochange=0.0000 a0_change=0.0000 a1_nochange=0.0000 a1_change=0.0000 matched_but_wrong=0
  mpx-135 acc: trials=1080000 accuracy=0.5142
  mpx-135 traj: trials=1200000 wall=56803s knowledge=0.0002 reliable=1 spec=11.00 pop=63751
  mpx-135 diag: trials=1200000 micro=63846 pop_spec=12.65 spec_max=26 q_mean=0.562 q_max=0.998 q_above_half=50364 marked=0.359 mark_density=0.909 exp_mean=2.7 addr_spec=0.818 addr_random=0.656 addr_full=0.0000 correct=0
  mpx-135 cover: trials=1200000 overall=0.0002 a0_nochange=0.0000 a0_change=0.0000 a1_nochange=0.0008 a1_change=0.0000 matched_but_wrong=0
  mpx-135 acc: trials=1200000 accuracy=0.5127
  mpx-135 traj: trials=1320000 wall=65644s knowledge=0.0011 reliable=6 spec=11.00 pop=67839
  mpx-135 diag: trials=1320000 micro=67951 pop_spec=12.68 spec_max=27 q_mean=0.564 q_max=1.000 q_above_half=53691 marked=0.366 mark_density=0.909 exp_mean=2.8 addr_spec=0.875 addr_random=0.657 addr_full=0.0000 correct=0
  mpx-135 cover: trials=1320000 overall=0.0011 a0_nochange=0.0000 a0_change=0.0027 a1_nochange=0.0018 a1_change=0.0000 matched_but_wrong=0
  mpx-135 acc: trials=1320000 accuracy=0.5106
  mpx-135 traj: trials=1440000 wall=74811s knowledge=0.0029 reliable=11 spec=10.73 pop=68303
  mpx-135 diag: trials=1440000 micro=68429 pop_spec=12.75 spec_max=27 q_mean=0.564 q_max=1.000 q_above_half=54421 marked=0.361 mark_density=0.908 exp_mean=2.7 addr_spec=0.919 addr_random=0.661 addr_full=0.0000 correct=0
  mpx-135 cover: trials=1440000 overall=0.0029 a0_nochange=0.0000 a0_change=0.0068 a1_nochange=0.0050 a1_change=0.0000 matched_but_wrong=0
  mpx-135 acc: trials=1440000 accuracy=0.5130
  mpx-135 traj: trials=1560000 wall=83718s knowledge=0.0039 reliable=14 spec=10.93 pop=69234
  mpx-135 diag: trials=1560000 micro=69368 pop_spec=12.80 spec_max=27 q_mean=0.565 q_max=1.000 q_above_half=55082 marked=0.364 mark_density=0.908 exp_mean=2.8 addr_spec=0.957 addr_random=0.664 addr_full=0.0000 correct=0
  mpx-135 cover: trials=1560000 overall=0.0039 a0_nochange=0.0000 a0_change=0.0092 a1_nochange=0.0064 a1_change=0.0000 matched_but_wrong=0
  mpx-135 acc: trials=1560000 accuracy=0.5109
  mpx-135 traj: trials=1680000 wall=92773s knowledge=0.0059 reliable=15 spec=10.60 pop=71150
  mpx-135 diag: trials=1680000 micro=71274 pop_spec=12.83 spec_max=27 q_mean=0.567 q_max=1.000 q_above_half=56882 marked=0.363 mark_density=0.908 exp_mean=2.8 addr_spec=1.045 addr_random=0.665 addr_full=0.0001 correct=1
  mpx-135 cover: trials=1680000 overall=0.0059 a0_nochange=0.0000 a0_change=0.0095 a1_nochange=0.0140 a1_change=0.0000 matched_but_wrong=0
  mpx-135 acc: trials=1680000 accuracy=0.5189
  mpx-135 traj: trials=1800000 wall=101909s knowledge=0.0074 reliable=23 spec=10.91 pop=71239
  mpx-135 diag: trials=1800000 micro=71394 pop_spec=12.88 spec_max=27 q_mean=0.569 q_max=1.000 q_above_half=57155 marked=0.362 mark_density=0.908 exp_mean=2.8 addr_spec=1.127 addr_random=0.668 addr_full=0.0001 correct=0
  mpx-135 cover: trials=1800000 overall=0.0074 a0_nochange=0.0000 a0_change=0.0138 a1_nochange=0.0151 a1_change=0.0008 matched_but_wrong=10
  mpx-135 acc: trials=1800000 accuracy=0.5214
  mpx-135 traj: trials=1920000 wall=111305s knowledge=0.0088 reliable=35 spec=11.31 pop=73816
  mpx-135 diag: trials=1920000 micro=73983 pop_spec=12.88 spec_max=27 q_mean=0.569 q_max=1.000 q_above_half=59373 marked=0.362 mark_density=0.907 exp_mean=2.8 addr_spec=1.212 addr_random=0.668 addr_full=0.0001 correct=0
  mpx-135 cover: trials=1920000 overall=0.0088 a0_nochange=0.0000 a0_change=0.0164 a1_nochange=0.0163 a1_change=0.0023 matched_but_wrong=24
  mpx-135 acc: trials=1920000 accuracy=0.5170
  mpx-135 traj: trials=2040000 wall=120664s knowledge=0.0096 reliable=36 spec=11.31 pop=75536
  mpx-135 diag: trials=2040000 micro=75686 pop_spec=12.92 spec_max=27 q_mean=0.570 q_max=1.000 q_above_half=60840 marked=0.365 mark_density=0.907 exp_mean=2.8 addr_spec=1.287 addr_random=0.670 addr_full=0.0001 correct=0
  mpx-135 cover: trials=2040000 overall=0.0096 a0_nochange=0.0006 a0_change=0.0191 a1_nochange=0.0166 a1_change=0.0021 matched_but_wrong=24
  mpx-135 acc: trials=2040000 accuracy=0.5179
  mpx-135 traj: trials=2160000 wall=130153s knowledge=0.0137 reliable=45 spec=11.00 pop=75544
  mpx-135 diag: trials=2160000 micro=75712 pop_spec=12.97 spec_max=27 q_mean=0.571 q_max=1.000 q_above_half=61111 marked=0.363 mark_density=0.907 exp_mean=2.8 addr_spec=1.353 addr_random=0.673 addr_full=0.0001 correct=0
  mpx-135 cover: trials=2160000 overall=0.0137 a0_nochange=0.0038 a0_change=0.0203 a1_nochange=0.0233 a1_change=0.0075 matched_but_wrong=7
  mpx-135 acc: trials=2160000 accuracy=0.5210
  mpx-135 traj: trials=2280000 wall=139288s knowledge=0.0184 reliable=56 spec=11.05 pop=75183
  mpx-135 diag: trials=2280000 micro=75401 pop_spec=13.00 spec_max=27 q_mean=0.573 q_max=1.000 q_above_half=60953 marked=0.362 mark_density=0.907 exp_mean=2.9 addr_spec=1.423 addr_random=0.674 addr_full=0.0002 correct=0
  mpx-135 cover: trials=2280000 overall=0.0184 a0_nochange=0.0101 a0_change=0.0205 a1_nochange=0.0329 a1_change=0.0101 matched_but_wrong=36
  mpx-135 acc: trials=2280000 accuracy=0.5272
  mpx-135 traj: trials=2400000 wall=148514s knowledge=0.0234 reliable=79 spec=11.18 pop=76304
  mpx-135 diag: trials=2400000 micro=76546 pop_spec=13.02 spec_max=27 q_mean=0.575 q_max=1.000 q_above_half=61895 marked=0.365 mark_density=0.907 exp_mean=2.9 addr_spec=1.538 addr_random=0.675 addr_full=0.0003 correct=1
  mpx-135 cover: trials=2400000 overall=0.0234 a0_nochange=0.0175 a0_change=0.0238 a1_nochange=0.0401 a1_change=0.0124 matched_but_wrong=24
  mpx-135 acc: trials=2400000 accuracy=0.5269
  mpx-135 traj: trials=2520000 wall=157394s knowledge=0.0279 reliable=106 spec=11.22 pop=77069
  mpx-135 diag: trials=2520000 micro=77341 pop_spec=13.02 spec_max=27 q_mean=0.576 q_max=1.000 q_above_half=62686 marked=0.368 mark_density=0.907 exp_mean=3.0 addr_spec=1.636 addr_random=0.675 addr_full=0.0004 correct=1
  mpx-135 cover: trials=2520000 overall=0.0279 a0_nochange=0.0194 a0_change=0.0263 a1_nochange=0.0529 a1_change=0.0131 matched_but_wrong=26
  mpx-135 acc: trials=2520000 accuracy=0.5228
  mpx-135 traj: trials=2640000 wall=166478s knowledge=0.0365 reliable=122 spec=11.13 pop=76940
  mpx-135 diag: trials=2640000 micro=77250 pop_spec=13.06 spec_max=27 q_mean=0.577 q_max=1.000 q_above_half=62853 marked=0.367 mark_density=0.906 exp_mean=3.1 addr_spec=1.691 addr_random=0.677 addr_full=0.0005 correct=2
  mpx-135 cover: trials=2640000 overall=0.0365 a0_nochange=0.0279 a0_change=0.0301 a1_nochange=0.0689 a1_change=0.0190 matched_but_wrong=15
  mpx-135 acc: trials=2640000 accuracy=0.5251
  mpx-135 traj: trials=2760000 wall=174577s knowledge=0.0418 reliable=158 spec=11.16 pop=76912
  mpx-135 diag: trials=2760000 micro=77250 pop_spec=13.08 spec_max=27 q_mean=0.579 q_max=1.000 q_above_half=62894 marked=0.363 mark_density=0.906 exp_mean=3.1 addr_spec=1.757 addr_random=0.678 addr_full=0.0005 correct=3
  mpx-135 cover: trials=2760000 overall=0.0418 a0_nochange=0.0322 a0_change=0.0395 a1_nochange=0.0725 a1_change=0.0229 matched_but_wrong=85
  mpx-135 acc: trials=2760000 accuracy=0.5333
  mpx-135 traj: trials=2880000 wall=182044s knowledge=0.0527 reliable=158 spec=10.99 pop=75593
  mpx-135 diag: trials=2880000 micro=76008 pop_spec=13.13 spec_max=27 q_mean=0.580 q_max=1.000 q_above_half=61868 marked=0.367 mark_density=0.906 exp_mean=3.2 addr_spec=1.873 addr_random=0.681 addr_full=0.0005 correct=4
  mpx-135 cover: trials=2880000 overall=0.0527 a0_nochange=0.0478 a0_change=0.0462 a1_nochange=0.0868 a1_change=0.0299 matched_but_wrong=43
  mpx-135 acc: trials=2880000 accuracy=0.5342
  mpx-135 traj: trials=3000000 wall=189306s knowledge=0.0597 reliable=159 spec=10.92 pop=75901
  mpx-135 diag: trials=3000000 micro=76321 pop_spec=13.12 spec_max=27 q_mean=0.582 q_max=1.000 q_above_half=62407 marked=0.364 mark_density=0.906 exp_mean=3.2 addr_spec=1.977 addr_random=0.680 addr_full=0.0005 correct=4
  mpx-135 cover: trials=3000000 overall=0.0597 a0_nochange=0.0456 a0_change=0.0517 a1_nochange=0.1072 a1_change=0.0342 matched_but_wrong=66
  mpx-135 acc: trials=3000000 accuracy=0.5442
  mpx-135 traj: trials=3120000 wall=196414s knowledge=0.0702 reliable=164 spec=10.79 pop=75474
  mpx-135 diag: trials=3120000 micro=75916 pop_spec=13.14 spec_max=27 q_mean=0.587 q_max=1.000 q_above_half=62631 marked=0.365 mark_density=0.906 exp_mean=3.3 addr_spec=2.127 addr_random=0.682 addr_full=0.0007 correct=5
  mpx-135 cover: trials=3120000 overall=0.0702 a0_nochange=0.0482 a0_change=0.0542 a1_nochange=0.1266 a1_change=0.0518 matched_but_wrong=42
  mpx-135 acc: trials=3120000 accuracy=0.5565
  mpx-135 traj: trials=3240000 wall=203230s knowledge=0.0879 reliable=221 spec=10.86 pop=74181
  mpx-135 diag: trials=3240000 micro=74709 pop_spec=13.16 spec_max=27 q_mean=0.589 q_max=1.000 q_above_half=61966 marked=0.365 mark_density=0.906 exp_mean=3.5 addr_spec=2.230 addr_random=0.683 addr_full=0.0009 correct=9
  mpx-135 cover: trials=3240000 overall=0.0879 a0_nochange=0.0658 a0_change=0.0715 a1_nochange=0.1560 a1_change=0.0582 matched_but_wrong=114
  mpx-135 acc: trials=3240000 accuracy=0.5566
  mpx-135 traj: trials=3360000 wall=209882s knowledge=0.1039 reliable=258 spec=10.90 pop=72606
  mpx-135 diag: trials=3360000 micro=73201 pop_spec=13.18 spec_max=27 q_mean=0.589 q_max=1.000 q_above_half=60674 marked=0.366 mark_density=0.906 exp_mean=3.6 addr_spec=2.318 addr_random=0.683 addr_full=0.0012 correct=8
  mpx-135 cover: trials=3360000 overall=0.1039 a0_nochange=0.0655 a0_change=0.0794 a1_nochange=0.1814 a1_change=0.0895 matched_but_wrong=91
  mpx-135 acc: trials=3360000 accuracy=0.5742
  mpx-135 traj: trials=3480000 wall=216190s knowledge=0.1173 reliable=291 spec=10.91 pop=70880
  mpx-135 diag: trials=3480000 micro=71592 pop_spec=13.18 spec_max=27 q_mean=0.592 q_max=1.000 q_above_half=59242 marked=0.360 mark_density=0.906 exp_mean=3.8 addr_spec=2.425 addr_random=0.683 addr_full=0.0016 correct=10
  mpx-135 cover: trials=3480000 overall=0.1173 a0_nochange=0.0759 a0_change=0.0917 a1_nochange=0.1974 a1_change=0.1043 matched_but_wrong=83
  mpx-135 acc: trials=3480000 accuracy=0.5797
  mpx-135 traj: trials=3600000 wall=222103s knowledge=0.1404 reliable=337 spec=10.83 pop=68546
  mpx-135 diag: trials=3600000 micro=69358 pop_spec=13.20 spec_max=27 q_mean=0.595 q_max=1.000 q_above_half=57758 marked=0.362 mark_density=0.906 exp_mean=4.0 addr_spec=2.504 addr_random=0.684 addr_full=0.0019 correct=13
  mpx-135 cover: trials=3600000 overall=0.1404 a0_nochange=0.0888 a0_change=0.1154 a1_nochange=0.2342 a1_change=0.1232 matched_but_wrong=39
  mpx-135 acc: trials=3600000 accuracy=0.5967
  mpx-135 traj: trials=3720000 wall=227503s knowledge=0.1740 reliable=386 spec=10.69 pop=65763
  mpx-135 diag: trials=3720000 micro=66640 pop_spec=13.23 spec_max=27 q_mean=0.597 q_max=1.000 q_above_half=55506 marked=0.361 mark_density=0.906 exp_mean=4.3 addr_spec=2.563 addr_random=0.686 addr_full=0.0021 correct=17
  mpx-135 cover: trials=3720000 overall=0.1740 a0_nochange=0.1325 a0_change=0.1293 a1_nochange=0.2852 a1_change=0.1490 matched_but_wrong=29
  mpx-135 acc: trials=3720000 accuracy=0.6063
  mpx-135 traj: trials=3840000 wall=232295s knowledge=0.1957 reliable=419 spec=10.71 pop=62535
  mpx-135 diag: trials=3840000 micro=63547 pop_spec=13.24 spec_max=27 q_mean=0.600 q_max=1.000 q_above_half=52770 marked=0.366 mark_density=0.906 exp_mean=4.7 addr_spec=2.670 addr_random=0.686 addr_full=0.0024 correct=25
  mpx-135 cover: trials=3840000 overall=0.1957 a0_nochange=0.1382 a0_change=0.1522 a1_nochange=0.3189 a1_change=0.1737 matched_but_wrong=90
  mpx-135 acc: trials=3840000 accuracy=0.6197
  mpx-135 traj: trials=3960000 wall=236611s knowledge=0.2228 reliable=461 spec=10.71 pop=59719
  mpx-135 diag: trials=3960000 micro=60815 pop_spec=13.27 spec_max=27 q_mean=0.604 q_max=1.000 q_above_half=50645 marked=0.362 mark_density=0.905 exp_mean=5.1 addr_spec=2.778 addr_random=0.688 addr_full=0.0027 correct=33
  mpx-135 cover: trials=3960000 overall=0.2228 a0_nochange=0.1506 a0_change=0.1647 a1_nochange=0.3675 a1_change=0.2085 matched_but_wrong=90
  mpx-135 acc: trials=3960000 accuracy=0.6283
  mpx-135 traj: trials=4080000 wall=240637s knowledge=0.2441 reliable=487 spec=10.69 pop=57445
  mpx-135 diag: trials=4080000 micro=58634 pop_spec=13.27 spec_max=27 q_mean=0.608 q_max=1.000 q_above_half=49141 marked=0.362 mark_density=0.905 exp_mean=5.4 addr_spec=2.816 addr_random=0.688 addr_full=0.0030 correct=37
  mpx-135 cover: trials=4080000 overall=0.2441 a0_nochange=0.1594 a0_change=0.1809 a1_nochange=0.4028 a1_change=0.2335 matched_but_wrong=118
  mpx-135 acc: trials=4080000 accuracy=0.6535
  mpx-135 traj: trials=4200000 wall=244349s knowledge=0.2666 reliable=517 spec=10.62 pop=54911
  mpx-135 diag: trials=4200000 micro=56196 pop_spec=13.27 spec_max=27 q_mean=0.609 q_max=1.000 q_above_half=46884 marked=0.358 mark_density=0.905 exp_mean=6.1 addr_spec=2.875 addr_random=0.688 addr_full=0.0040 correct=44
  mpx-135 cover: trials=4200000 overall=0.2666 a0_nochange=0.1735 a0_change=0.2094 a1_nochange=0.4358 a1_change=0.2478 matched_but_wrong=74
  mpx-135 acc: trials=4200000 accuracy=0.6587
  mpx-135 traj: trials=4320000 wall=247740s knowledge=0.2954 reliable=552 spec=10.59 pop=52810
  mpx-135 diag: trials=4320000 micro=54273 pop_spec=13.26 spec_max=27 q_mean=0.611 q_max=1.000 q_above_half=45370 marked=0.358 mark_density=0.906 exp_mean=6.7 addr_spec=2.941 addr_random=0.688 addr_full=0.0041 correct=49
  mpx-135 cover: trials=4320000 overall=0.2954 a0_nochange=0.1743 a0_change=0.2397 a1_nochange=0.4714 a1_change=0.2964 matched_but_wrong=113
  mpx-135 acc: trials=4320000 accuracy=0.6823
  mpx-135 traj: trials=4440000 wall=250574s knowledge=0.3243 reliable=556 spec=10.50 pop=48257
  mpx-135 diag: trials=4440000 micro=49765 pop_spec=13.32 spec_max=27 q_mean=0.614 q_max=1.000 q_above_half=41441 marked=0.358 mark_density=0.906 exp_mean=7.6 addr_spec=3.040 addr_random=0.691 addr_full=0.0044 correct=59
  mpx-135 cover: trials=4440000 overall=0.3243 a0_nochange=0.2097 a0_change=0.2647 a1_nochange=0.4892 a1_change=0.3338 matched_but_wrong=147
  mpx-135 acc: trials=4440000 accuracy=0.6961
  mpx-135 traj: trials=4560000 wall=253073s knowledge=0.3588 reliable=583 spec=10.40 pop=44697
  mpx-135 diag: trials=4560000 micro=46322 pop_spec=13.34 spec_max=27 q_mean=0.617 q_max=1.000 q_above_half=38512 marked=0.356 mark_density=0.906 exp_mean=8.7 addr_spec=3.135 addr_random=0.692 addr_full=0.0049 correct=69
  mpx-135 cover: trials=4560000 overall=0.3588 a0_nochange=0.2347 a0_change=0.3074 a1_nochange=0.5308 a1_change=0.3625 matched_but_wrong=101
  mpx-135 acc: trials=4560000 accuracy=0.7219
  mpx-135 traj: trials=4680000 wall=255104s knowledge=0.3929 reliable=624 spec=10.39 pop=40053
  mpx-135 diag: trials=4680000 micro=41823 pop_spec=13.41 spec_max=27 q_mean=0.618 q_max=1.000 q_above_half=34325 marked=0.358 mark_density=0.905 exp_mean=10.4 addr_spec=3.166 addr_random=0.695 addr_full=0.0055 correct=81
  mpx-135 cover: trials=4680000 overall=0.3929 a0_nochange=0.2578 a0_change=0.3319 a1_nochange=0.5648 a1_change=0.4173 matched_but_wrong=90
  mpx-135 acc: trials=4680000 accuracy=0.7393
  mpx-135 traj: trials=4800000 wall=256454s knowledge=0.4061 reliable=611 spec=10.29 pop=37789
  mpx-135 diag: trials=4800000 micro=39554 pop_spec=13.37 spec_max=27 q_mean=0.620 q_max=1.000 q_above_half=32309 marked=0.352 mark_density=0.905 exp_mean=11.8 addr_spec=3.230 addr_random=0.693 addr_full=0.0061 correct=84
  mpx-135 cover: trials=4800000 overall=0.4061 a0_nochange=0.2723 a0_change=0.3607 a1_nochange=0.5741 a1_change=0.4173 matched_but_wrong=83
  mpx-135 acc: trials=4800000 accuracy=0.7398
  mpx-135 traj: trials=4920000 wall=257729s knowledge=0.4395 reliable=611 spec=10.09 pop=34539
  mpx-135 diag: trials=4920000 micro=36483 pop_spec=13.41 spec_max=28 q_mean=0.623 q_max=1.000 q_above_half=29522 marked=0.351 mark_density=0.905 exp_mean=13.6 addr_spec=3.284 addr_random=0.695 addr_full=0.0074 correct=100
  mpx-135 cover: trials=4920000 overall=0.4395 a0_nochange=0.3049 a0_change=0.3926 a1_nochange=0.6113 a1_change=0.4492 matched_but_wrong=84
  mpx-135 acc: trials=4920000 accuracy=0.7595
  mpx-135 traj: trials=5040000 wall=258783s knowledge=0.4660 reliable=617 spec=10.04 pop=31658
  mpx-135 diag: trials=5040000 micro=33697 pop_spec=13.43 spec_max=28 q_mean=0.623 q_max=1.000 q_above_half=26941 marked=0.349 mark_density=0.906 exp_mean=15.7 addr_spec=3.335 addr_random=0.696 addr_full=0.0086 correct=107
  mpx-135 cover: trials=5040000 overall=0.4660 a0_nochange=0.3508 a0_change=0.4075 a1_nochange=0.6311 a1_change=0.4745 matched_but_wrong=141
  mpx-135 acc: trials=5040000 accuracy=0.7690
  mpx-135 traj: trials=5160000 wall=259659s knowledge=0.4808 reliable=608 spec=9.97 pop=29057
  mpx-135 diag: trials=5160000 micro=31232 pop_spec=13.46 spec_max=28 q_mean=0.623 q_max=1.000 q_above_half=24581 marked=0.354 mark_density=0.906 exp_mean=18.5 addr_spec=3.396 addr_random=0.698 addr_full=0.0104 correct=105
  mpx-135 cover: trials=5160000 overall=0.4808 a0_nochange=0.3647 a0_change=0.4207 a1_nochange=0.6332 a1_change=0.5045 matched_but_wrong=52
  mpx-135 acc: trials=5160000 accuracy=0.7747
  mpx-135 traj: trials=5280000 wall=260436s knowledge=0.5118 reliable=647 spec=9.94 pop=26707
  mpx-135 diag: trials=5280000 micro=29019 pop_spec=13.51 spec_max=28 q_mean=0.624 q_max=1.000 q_above_half=22486 marked=0.340 mark_density=0.905 exp_mean=21.3 addr_spec=3.471 addr_random=0.700 addr_full=0.0123 correct=116
  mpx-135 cover: trials=5280000 overall=0.5118 a0_nochange=0.3759 a0_change=0.4516 a1_nochange=0.6778 a1_change=0.5420 matched_but_wrong=67
  mpx-135 acc: trials=5280000 accuracy=0.7892
  mpx-135 traj: trials=5400000 wall=261024s knowledge=0.5442 reliable=678 spec=9.86 pop=24418
  mpx-135 diag: trials=5400000 micro=26803 pop_spec=13.55 spec_max=28 q_mean=0.628 q_max=1.000 q_above_half=20540 marked=0.342 mark_density=0.906 exp_mean=25.0 addr_spec=3.537 addr_random=0.703 addr_full=0.0150 correct=133
  mpx-135 cover: trials=5400000 overall=0.5442 a0_nochange=0.4028 a0_change=0.4835 a1_nochange=0.7074 a1_change=0.5830 matched_but_wrong=62
  mpx-135 acc: trials=5400000 accuracy=0.8133
  mpx-135 traj: trials=5520000 wall=261552s knowledge=0.5636 reliable=673 spec=9.81 pop=22398
  mpx-135 diag: trials=5520000 micro=24826 pop_spec=13.56 spec_max=28 q_mean=0.625 q_max=1.000 q_above_half=18665 marked=0.337 mark_density=0.906 exp_mean=29.0 addr_spec=3.527 addr_random=0.703 addr_full=0.0163 correct=148
  mpx-135 cover: trials=5520000 overall=0.5636 a0_nochange=0.4376 a0_change=0.4978 a1_nochange=0.7093 a1_change=0.6100 matched_but_wrong=56
  mpx-135 acc: trials=5520000 accuracy=0.8204
  mpx-135 traj: trials=5640000 wall=262017s knowledge=0.5736 reliable=650 spec=9.78 pop=20672
  mpx-135 diag: trials=5640000 micro=23181 pop_spec=13.59 spec_max=28 q_mean=0.626 q_max=1.000 q_above_half=17139 marked=0.342 mark_density=0.907 exp_mean=32.9 addr_spec=3.597 addr_random=0.705 addr_full=0.0165 correct=152
  mpx-135 cover: trials=5640000 overall=0.5736 a0_nochange=0.4498 a0_change=0.5273 a1_nochange=0.7127 a1_change=0.6047 matched_but_wrong=46
  mpx-135 acc: trials=5640000 accuracy=0.8213
  mpx-135 traj: trials=5760000 wall=262449s knowledge=0.5941 reliable=645 spec=9.72 pop=19128
  mpx-135 diag: trials=5760000 micro=21664 pop_spec=13.63 spec_max=28 q_mean=0.629 q_max=1.000 q_above_half=15729 marked=0.332 mark_density=0.906 exp_mean=37.3 addr_spec=3.645 addr_random=0.707 addr_full=0.0194 correct=162
  mpx-135 cover: trials=5760000 overall=0.5941 a0_nochange=0.4519 a0_change=0.5547 a1_nochange=0.7511 a1_change=0.6189 matched_but_wrong=58
  mpx-135 acc: trials=5760000 accuracy=0.8242
  mpx-135 traj: trials=5880000 wall=262828s knowledge=0.6120 reliable=688 spec=9.81 pop=17908
  mpx-135 diag: trials=5880000 micro=20555 pop_spec=13.70 spec_max=28 q_mean=0.631 q_max=1.000 q_above_half=14714 marked=0.324 mark_density=0.906 exp_mean=42.4 addr_spec=3.649 addr_random=0.710 addr_full=0.0218 correct=173
  mpx-135 cover: trials=5880000 overall=0.6120 a0_nochange=0.4797 a0_change=0.5636 a1_nochange=0.7655 a1_change=0.6394 matched_but_wrong=101
  mpx-135 acc: trials=5880000 accuracy=0.8377
  mpx-135 traj: trials=6000000 wall=263153s knowledge=0.6280 reliable=678 spec=9.76 pop=15770
  mpx-135 diag: trials=6000000 micro=18551 pop_spec=13.82 spec_max=28 q_mean=0.629 q_max=1.000 q_above_half=12744 marked=0.332 mark_density=0.906 exp_mean=51.1 addr_spec=3.659 addr_random=0.717 addr_full=0.0245 correct=178
  mpx-135 cover: trials=6000000 overall=0.6280 a0_nochange=0.4839 a0_change=0.5986 a1_nochange=0.7726 a1_change=0.6570 matched_but_wrong=107
  mpx-135 acc: trials=6000000 accuracy=0.8407
  mpx-135 traj: trials=6120000 wall=263396s knowledge=0.6562 reliable=686 spec=9.68 pop=13974
  mpx-135 diag: trials=6120000 micro=16824 pop_spec=13.92 spec_max=28 q_mean=0.628 q_max=1.000 q_above_half=11109 marked=0.316 mark_density=0.905 exp_mean=61.4 addr_spec=3.666 addr_random=0.722 addr_full=0.0283 correct=196
  mpx-135 cover: trials=6120000 overall=0.6562 a0_nochange=0.5130 a0_change=0.6247 a1_nochange=0.7952 a1_change=0.6918 matched_but_wrong=76
  mpx-135 acc: trials=6120000 accuracy=0.8523
  mpx-135 traj: trials=6240000 wall=263640s knowledge=0.6710 reliable=649 spec=9.54 pop=13052
  mpx-135 diag: trials=6240000 micro=15967 pop_spec=13.88 spec_max=28 q_mean=0.623 q_max=1.000 q_above_half=10227 marked=0.315 mark_density=0.907 exp_mean=70.1 addr_spec=3.687 addr_random=0.720 addr_full=0.0305 correct=209
  mpx-135 cover: trials=6240000 overall=0.6710 a0_nochange=0.5256 a0_change=0.6436 a1_nochange=0.8061 a1_change=0.7089 matched_but_wrong=34
  mpx-135 acc: trials=6240000 accuracy=0.8616
  mpx-135 traj: trials=6360000 wall=263843s knowledge=0.6906 reliable=618 spec=9.38 pop=11457
  mpx-135 diag: trials=6360000 micro=14401 pop_spec=14.06 spec_max=28 q_mean=0.622 q_max=1.000 q_above_half=8826 marked=0.309 mark_density=0.906 exp_mean=84.6 addr_spec=3.733 addr_random=0.729 addr_full=0.0378 correct=226
  mpx-135 cover: trials=6360000 overall=0.6906 a0_nochange=0.5561 a0_change=0.6740 a1_nochange=0.8046 a1_change=0.7275 matched_but_wrong=13
  mpx-135 acc: trials=6360000 accuracy=0.8733
  mpx-135 traj: trials=6480000 wall=264004s knowledge=0.7036 reliable=620 spec=9.32 pop=10343
  mpx-135 diag: trials=6480000 micro=13412 pop_spec=14.22 spec_max=28 q_mean=0.622 q_max=1.000 q_above_half=7817 marked=0.297 mark_density=0.905 exp_mean=101.3 addr_spec=3.686 addr_random=0.738 addr_full=0.0389 correct=231
  mpx-135 cover: trials=6480000 overall=0.7036 a0_nochange=0.5963 a0_change=0.6718 a1_nochange=0.8129 a1_change=0.7334 matched_but_wrong=7
  mpx-135 acc: trials=6480000 accuracy=0.8775
  mpx-135 traj: trials=6600000 wall=264179s knowledge=0.7154 reliable=606 spec=9.26 pop=9895
  mpx-135 diag: trials=6600000 micro=13007 pop_spec=14.17 spec_max=28 q_mean=0.621 q_max=1.000 q_above_half=7414 marked=0.296 mark_density=0.906 exp_mean=110.1 addr_spec=3.738 addr_random=0.735 addr_full=0.0420 correct=240
  mpx-135 cover: trials=6600000 overall=0.7154 a0_nochange=0.6182 a0_change=0.6872 a1_nochange=0.8036 a1_change=0.7525 matched_but_wrong=14
  mpx-135 acc: trials=6600000 accuracy=0.8808
  mpx-135 traj: trials=6720000 wall=264323s knowledge=0.7268 reliable=591 spec=9.16 pop=9454
  mpx-135 diag: trials=6720000 micro=12609 pop_spec=14.17 spec_max=28 q_mean=0.621 q_max=1.000 q_above_half=6979 marked=0.291 mark_density=0.907 exp_mean=122.0 addr_spec=3.748 addr_random=0.735 addr_full=0.0426 correct=245
  mpx-135 cover: trials=6720000 overall=0.7268 a0_nochange=0.6200 a0_change=0.7164 a1_nochange=0.8177 a1_change=0.7530 matched_but_wrong=29
  mpx-135 acc: trials=6720000 accuracy=0.8867
  mpx-135 traj: trials=6840000 wall=264473s knowledge=0.7362 reliable=562 spec=9.06 pop=8724
  mpx-135 diag: trials=6840000 micro=11952 pop_spec=14.28 spec_max=28 q_mean=0.616 q_max=1.000 q_above_half=6338 marked=0.288 mark_density=0.906 exp_mean=135.6 addr_spec=3.703 addr_random=0.740 addr_full=0.0475 correct=260
  mpx-135 cover: trials=6840000 overall=0.7362 a0_nochange=0.6299 a0_change=0.7123 a1_nochange=0.8307 a1_change=0.7721 matched_but_wrong=4
  mpx-135 acc: trials=6840000 accuracy=0.8897
  mpx-135 traj: trials=6960000 wall=264609s knowledge=0.7427 reliable=579 spec=9.03 pop=8637
  mpx-135 diag: trials=6960000 micro=11829 pop_spec=14.12 spec_max=28 q_mean=0.617 q_max=1.000 q_above_half=6218 marked=0.290 mark_density=0.908 exp_mean=144.4 addr_spec=3.780 addr_random=0.732 addr_full=0.0484 correct=261
  mpx-135 cover: trials=6960000 overall=0.7427 a0_nochange=0.6430 a0_change=0.7234 a1_nochange=0.8303 a1_change=0.7741 matched_but_wrong=24
  mpx-135 acc: trials=6960000 accuracy=0.8926
  mpx-135 traj: trials=7080000 wall=264736s knowledge=0.7508 reliable=581 spec=9.04 pop=8295
  mpx-135 diag: trials=7080000 micro=11540 pop_spec=14.19 spec_max=28 q_mean=0.620 q_max=1.000 q_above_half=6088 marked=0.285 mark_density=0.907 exp_mean=158.7 addr_spec=3.796 addr_random=0.736 addr_full=0.0495 correct=263
  mpx-135 cover: trials=7080000 overall=0.7508 a0_nochange=0.6684 a0_change=0.7257 a1_nochange=0.8246 a1_change=0.7845 matched_but_wrong=12
  mpx-135 acc: trials=7080000 accuracy=0.9001
  mpx-135 traj: trials=7200000 wall=264884s knowledge=0.7532 reliable=576 spec=9.08 pop=8266
  mpx-135 diag: trials=7200000 micro=11579 pop_spec=14.07 spec_max=28 q_mean=0.616 q_max=1.000 q_above_half=5896 marked=0.284 mark_density=0.908 exp_mean=166.9 addr_spec=3.810 addr_random=0.729 addr_full=0.0520 correct=269
  mpx-135 cover: trials=7200000 overall=0.7532 a0_nochange=0.6760 a0_change=0.7339 a1_nochange=0.8268 a1_change=0.7764 matched_but_wrong=3
  mpx-135 acc: trials=7200000 accuracy=0.9021
  mpx-135 traj: trials=7320000 wall=265003s knowledge=0.7763 reliable=597 spec=9.06 pop=7653
  mpx-135 diag: trials=7320000 micro=10990 pop_spec=14.23 spec_max=28 q_mean=0.617 q_max=1.000 q_above_half=5455 marked=0.287 mark_density=0.908 exp_mean=190.5 addr_spec=3.796 addr_random=0.738 addr_full=0.0562 correct=278
  mpx-135 cover: trials=7320000 overall=0.7763 a0_nochange=0.6869 a0_change=0.7768 a1_nochange=0.8438 a1_change=0.7976 matched_but_wrong=10
  mpx-135 acc: trials=7320000 accuracy=0.9156
  mpx-135 traj: trials=7440000 wall=265123s knowledge=0.7801 reliable=577 spec=8.95 pop=7168
  mpx-135 diag: trials=7440000 micro=10541 pop_spec=14.27 spec_max=28 q_mean=0.610 q_max=1.000 q_above_half=4982 marked=0.284 mark_density=0.908 exp_mean=215.3 addr_spec=3.752 addr_random=0.740 addr_full=0.0582 correct=283
  mpx-135 cover: trials=7440000 overall=0.7801 a0_nochange=0.7034 a0_change=0.7638 a1_nochange=0.8465 a1_change=0.8065 matched_but_wrong=2
  mpx-135 acc: trials=7440000 accuracy=0.9152
  mpx-135 traj: trials=7560000 wall=265251s knowledge=0.7809 reliable=553 spec=8.84 pop=6926
  mpx-135 diag: trials=7560000 micro=10356 pop_spec=14.23 spec_max=28 q_mean=0.608 q_max=1.000 q_above_half=4798 marked=0.274 mark_density=0.908 exp_mean=231.6 addr_spec=3.738 addr_random=0.738 addr_full=0.0624 correct=286
  mpx-135 cover: trials=7560000 overall=0.7809 a0_nochange=0.7295 a0_change=0.7525 a1_nochange=0.8373 a1_change=0.8042 matched_but_wrong=15
  mpx-135 acc: trials=7560000 accuracy=0.9046
  mpx-135 traj: trials=7680000 wall=265354s knowledge=0.7948 reliable=552 spec=8.78 pop=6759
  mpx-135 diag: trials=7680000 micro=10215 pop_spec=14.20 spec_max=28 q_mean=0.606 q_max=1.000 q_above_half=4593 marked=0.276 mark_density=0.909 exp_mean=247.4 addr_spec=3.786 addr_random=0.736 addr_full=0.0633 correct=300
  mpx-135 cover: trials=7680000 overall=0.7948 a0_nochange=0.7607 a0_change=0.7673 a1_nochange=0.8429 a1_change=0.8083 matched_but_wrong=0
  mpx-135 acc: trials=7680000 accuracy=0.9159
  mpx-135 traj: trials=7800000 wall=265468s knowledge=0.8004 reliable=553 spec=8.73 pop=6761
  mpx-135 diag: trials=7800000 micro=10275 pop_spec=14.10 spec_max=28 q_mean=0.608 q_max=1.000 q_above_half=4614 marked=0.267 mark_density=0.909 exp_mean=255.3 addr_spec=3.841 addr_random=0.731 addr_full=0.0652 correct=302
  mpx-135 cover: trials=7800000 overall=0.8004 a0_nochange=0.7722 a0_change=0.7786 a1_nochange=0.8345 a1_change=0.8161 matched_but_wrong=5
  mpx-135 acc: trials=7800000 accuracy=0.9116
  mpx-135 traj: trials=7920000 wall=265586s knowledge=0.8101 reliable=568 spec=8.76 pop=6601
  mpx-135 diag: trials=7920000 micro=10183 pop_spec=14.10 spec_max=28 q_mean=0.609 q_max=1.000 q_above_half=4463 marked=0.266 mark_density=0.908 exp_mean=271.9 addr_spec=3.794 addr_random=0.731 addr_full=0.0679 correct=310
  mpx-135 cover: trials=7920000 overall=0.8101 a0_nochange=0.7709 a0_change=0.8021 a1_nochange=0.8333 a1_change=0.8341 matched_but_wrong=2
  mpx-135 acc: trials=7920000 accuracy=0.9134
  mpx-135 traj: trials=8040000 wall=265678s knowledge=0.8193 reliable=570 spec=8.71 pop=6269
  mpx-135 diag: trials=8040000 micro=9859 pop_spec=14.14 spec_max=28 q_mean=0.606 q_max=1.000 q_above_half=4175 marked=0.275 mark_density=0.910 exp_mean=297.1 addr_spec=3.778 addr_random=0.733 addr_full=0.0719 correct=320
  mpx-135 cover: trials=8040000 overall=0.8193 a0_nochange=0.7771 a0_change=0.8093 a1_nochange=0.8365 a1_change=0.8543 matched_but_wrong=3
  mpx-135 acc: trials=8040000 accuracy=0.9288
  mpx-135 traj: trials=8160000 wall=265772s knowledge=0.8311 reliable=552 spec=8.63 pop=5966
  mpx-135 diag: trials=8160000 micro=9626 pop_spec=14.24 spec_max=28 q_mean=0.607 q_max=1.000 q_above_half=3953 marked=0.267 mark_density=0.909 exp_mean=322.2 addr_spec=3.731 addr_random=0.738 addr_full=0.0722 correct=332
  mpx-135 cover: trials=8160000 overall=0.8311 a0_nochange=0.7968 a0_change=0.8253 a1_nochange=0.8381 a1_change=0.8642 matched_but_wrong=2
  mpx-135 acc: trials=8160000 accuracy=0.9300
  mpx-135 traj: trials=8280000 wall=265875s knowledge=0.8370 reliable=544 spec=8.53 pop=5910
  mpx-135 diag: trials=8280000 micro=9652 pop_spec=14.19 spec_max=28 q_mean=0.606 q_max=1.000 q_above_half=3919 marked=0.269 mark_density=0.910 exp_mean=338.5 addr_spec=3.790 addr_random=0.736 addr_full=0.0728 correct=337
  mpx-135 cover: trials=8280000 overall=0.8370 a0_nochange=0.8061 a0_change=0.8336 a1_nochange=0.8484 a1_change=0.8598 matched_but_wrong=7
  mpx-135 acc: trials=8280000 accuracy=0.9374
  mpx-135 traj: trials=8400000 wall=265969s knowledge=0.8474 reliable=554 spec=8.56 pop=5705
  mpx-135 diag: trials=8400000 micro=9515 pop_spec=14.28 spec_max=28 q_mean=0.609 q_max=1.000 q_above_half=3848 marked=0.250 mark_density=0.907 exp_mean=361.4 addr_spec=3.838 addr_random=0.741 addr_full=0.0782 correct=350
  mpx-135 cover: trials=8400000 overall=0.8474 a0_nochange=0.8148 a0_change=0.8365 a1_nochange=0.8711 a1_change=0.8672 matched_but_wrong=3
  mpx-135 acc: trials=8400000 accuracy=0.9402
  mpx-135 traj: trials=8520000 wall=266057s knowledge=0.8577 reliable=548 spec=8.50 pop=5663
  mpx-135 diag: trials=8520000 micro=9489 pop_spec=14.10 spec_max=28 q_mean=0.602 q_max=1.000 q_above_half=3722 marked=0.260 mark_density=0.911 exp_mean=371.8 addr_spec=3.819 addr_random=0.731 addr_full=0.0798 correct=359
  mpx-135 cover: trials=8520000 overall=0.8577 a0_nochange=0.8188 a0_change=0.8619 a1_nochange=0.8765 a1_change=0.8735 matched_but_wrong=0
  mpx-135 acc: trials=8520000 accuracy=0.9487
  mpx-135 traj: trials=8640000 wall=266155s knowledge=0.8588 reliable=542 spec=8.44 pop=5647
  mpx-135 diag: trials=8640000 micro=9510 pop_spec=14.02 spec_max=28 q_mean=0.603 q_max=1.000 q_above_half=3679 marked=0.252 mark_density=0.910 exp_mean=382.2 addr_spec=3.838 addr_random=0.727 addr_full=0.0825 correct=366
  mpx-135 cover: trials=8640000 overall=0.8588 a0_nochange=0.8098 a0_change=0.8592 a1_nochange=0.8888 a1_change=0.8772 matched_but_wrong=3
  mpx-135 acc: trials=8640000 accuracy=0.9445
  mpx-135 traj: trials=8760000 wall=266254s knowledge=0.8615 reliable=533 spec=8.45 pop=5304
  mpx-135 diag: trials=8760000 micro=9254 pop_spec=14.26 spec_max=28 q_mean=0.603 q_max=1.000 q_above_half=3439 marked=0.255 mark_density=0.909 exp_mean=418.7 addr_spec=3.808 addr_random=0.739 addr_full=0.0873 correct=371
  mpx-135 cover: trials=8760000 overall=0.8615 a0_nochange=0.8021 a0_change=0.8650 a1_nochange=0.8947 a1_change=0.8843 matched_but_wrong=3
  mpx-135 acc: trials=8760000 accuracy=0.9421
  mpx-135 traj: trials=8880000 wall=266336s knowledge=0.8682 reliable=533 spec=8.42 pop=5318
  mpx-135 diag: trials=8880000 micro=9268 pop_spec=14.09 spec_max=28 q_mean=0.603 q_max=1.000 q_above_half=3429 marked=0.261 mark_density=0.911 exp_mean=434.1 addr_spec=3.844 addr_random=0.731 addr_full=0.0865 correct=373
  mpx-135 cover: trials=8880000 overall=0.8682 a0_nochange=0.8168 a0_change=0.8778 a1_nochange=0.8950 a1_change=0.8833 matched_but_wrong=4
  mpx-135 acc: trials=8880000 accuracy=0.9478
  mpx-135 traj: trials=9000000 wall=266420s knowledge=0.8750 reliable=538 spec=8.37 pop=5211
  mpx-135 diag: trials=9000000 micro=9164 pop_spec=14.13 spec_max=28 q_mean=0.602 q_max=1.000 q_above_half=3322 marked=0.255 mark_density=0.910 exp_mean=462.5 addr_spec=3.823 addr_random=0.732 addr_full=0.0865 correct=378
  mpx-135 cover: trials=9000000 overall=0.8750 a0_nochange=0.8233 a0_change=0.8952 a1_nochange=0.9022 a1_change=0.8794 matched_but_wrong=13
  mpx-135 acc: trials=9000000 accuracy=0.9579
  mpx-135 traj: trials=9120000 wall=266516s knowledge=0.8799 reliable=542 spec=8.34 pop=5039
  mpx-135 diag: trials=9120000 micro=8998 pop_spec=14.21 spec_max=28 q_mean=0.605 q_max=1.000 q_above_half=3247 marked=0.254 mark_density=0.910 exp_mean=498.0 addr_spec=3.838 addr_random=0.737 addr_full=0.0907 correct=377
  mpx-135 cover: trials=9120000 overall=0.8799 a0_nochange=0.8286 a0_change=0.9073 a1_nochange=0.9010 a1_change=0.8826 matched_but_wrong=0
  mpx-135 acc: trials=9120000 accuracy=0.9528
  mpx-135 traj: trials=9240000 wall=266608s knowledge=0.8840 reliable=538 spec=8.34 pop=5154
  mpx-135 diag: trials=9240000 micro=9129 pop_spec=13.98 spec_max=28 q_mean=0.601 q_max=1.000 q_above_half=3319 marked=0.254 mark_density=0.910 exp_mean=504.9 addr_spec=3.857 addr_random=0.725 addr_full=0.0912 correct=383
  mpx-135 cover: trials=9240000 overall=0.8840 a0_nochange=0.8409 a0_change=0.8928 a1_nochange=0.9034 a1_change=0.8989 matched_but_wrong=39
  mpx-135 acc: trials=9240000 accuracy=0.9538
  mpx-135 traj: trials=9360000 wall=266688s knowledge=0.8851 reliable=533 spec=8.34 pop=5075
  mpx-135 diag: trials=9360000 micro=9111 pop_spec=14.03 spec_max=28 q_mean=0.605 q_max=1.000 q_above_half=3316 marked=0.243 mark_density=0.908 exp_mean=533.4 addr_spec=3.870 addr_random=0.727 addr_full=0.0916 correct=386
  mpx-135 cover: trials=9360000 overall=0.8851 a0_nochange=0.8462 a0_change=0.8929 a1_nochange=0.9076 a1_change=0.8936 matched_but_wrong=0
  mpx-135 acc: trials=9360000 accuracy=0.9626
  mpx-135 traj: trials=9480000 wall=266769s knowledge=0.8913 reliable=558 spec=8.40 pop=4925
  mpx-135 diag: trials=9480000 micro=8984 pop_spec=14.06 spec_max=28 q_mean=0.604 q_max=1.000 q_above_half=3123 marked=0.258 mark_density=0.910 exp_mean=571.8 addr_spec=3.832 addr_random=0.729 addr_full=0.0946 correct=391
  mpx-135 cover: trials=9480000 overall=0.8913 a0_nochange=0.8467 a0_change=0.9037 a1_nochange=0.9152 a1_change=0.8997 matched_but_wrong=0
  mpx-135 acc: trials=9480000 accuracy=0.9666
  mpx-135 traj: trials=9600000 wall=266859s knowledge=0.8972 reliable=537 spec=8.28 pop=4871
  mpx-135 diag: trials=9600000 micro=8929 pop_spec=14.02 spec_max=28 q_mean=0.605 q_max=1.000 q_above_half=3137 marked=0.248 mark_density=0.910 exp_mean=598.4 addr_spec=3.844 addr_random=0.727 addr_full=0.0955 correct=398
  mpx-135 cover: trials=9600000 overall=0.8972 a0_nochange=0.8609 a0_change=0.9112 a1_nochange=0.9154 a1_change=0.9014 matched_but_wrong=17
  mpx-135 acc: trials=9600000 accuracy=0.9617
  mpx-135 traj: trials=9720000 wall=266940s knowledge=0.8987 reliable=535 spec=8.33 pop=4803
  mpx-135 diag: trials=9720000 micro=8933 pop_spec=14.09 spec_max=28 q_mean=0.604 q_max=1.000 q_above_half=3102 marked=0.234 mark_density=0.908 exp_mean=624.2 addr_spec=3.911 addr_random=0.730 addr_full=0.0985 correct=395
  mpx-135 cover: trials=9720000 overall=0.8987 a0_nochange=0.8669 a0_change=0.9158 a1_nochange=0.9168 a1_change=0.8954 matched_but_wrong=0
  mpx-135 acc: trials=9720000 accuracy=0.9689
  mpx-135 traj: trials=9840000 wall=267016s knowledge=0.8947 reliable=518 spec=8.26 pop=4820
  mpx-135 diag: trials=9840000 micro=8901 pop_spec=13.94 spec_max=28 q_mean=0.601 q_max=1.000 q_above_half=3070 marked=0.257 mark_density=0.912 exp_mean=639.0 addr_spec=3.877 addr_random=0.723 addr_full=0.0954 correct=400
  mpx-135 cover: trials=9840000 overall=0.8947 a0_nochange=0.8712 a0_change=0.9150 a1_nochange=0.9033 a1_change=0.8892 matched_but_wrong=0
  mpx-135 acc: trials=9840000 accuracy=0.9598
  mpx-135 traj: trials=9960000 wall=267095s knowledge=0.8931 reliable=520 spec=8.27 pop=4879
  mpx-135 diag: trials=9960000 micro=8993 pop_spec=13.87 spec_max=28 q_mean=0.606 q_max=1.000 q_above_half=3135 marked=0.251 mark_density=0.911 exp_mean=645.8 addr_spec=3.947 addr_random=0.719 addr_full=0.0945 correct=400
  mpx-135 cover: trials=9960000 overall=0.8931 a0_nochange=0.8636 a0_change=0.9092 a1_nochange=0.9023 a1_change=0.8974 matched_but_wrong=0
  mpx-135 acc: trials=9960000 accuracy=0.9649
  mpx-135 traj: trials=10080000 wall=267186s knowledge=0.8959 reliable=516 spec=8.25 pop=4733
  mpx-135 diag: trials=10080000 micro=8808 pop_spec=13.86 spec_max=28 q_mean=0.602 q_max=1.000 q_above_half=3020 marked=0.246 mark_density=0.911 exp_mean=688.2 addr_spec=3.943 addr_random=0.718 addr_full=0.0963 correct=397
  mpx-135 cover: trials=10080000 overall=0.8959 a0_nochange=0.8636 a0_change=0.9158 a1_nochange=0.9004 a1_change=0.9037 matched_but_wrong=2
  mpx-135 acc: trials=10080000 accuracy=0.9603
  mpx-135 traj: trials=10200000 wall=267275s knowledge=0.8939 reliable=507 spec=8.29 pop=4751
  mpx-135 diag: trials=10200000 micro=8868 pop_spec=13.75 spec_max=28 q_mean=0.601 q_max=1.000 q_above_half=3020 marked=0.246 mark_density=0.912 exp_mean=703.1 addr_spec=3.973 addr_random=0.713 addr_full=0.0960 correct=400
  mpx-135 cover: trials=10200000 overall=0.8939 a0_nochange=0.8581 a0_change=0.9166 a1_nochange=0.9020 a1_change=0.8989 matched_but_wrong=0
  mpx-135 acc: trials=10200000 accuracy=0.9669
  mpx-135 traj: trials=10320000 wall=267351s knowledge=0.8971 reliable=519 spec=8.27 pop=4664
  mpx-135 diag: trials=10320000 micro=8788 pop_spec=13.79 spec_max=28 q_mean=0.604 q_max=1.000 q_above_half=2968 marked=0.253 mark_density=0.913 exp_mean=734.5 addr_spec=3.934 addr_random=0.715 addr_full=0.1018 correct=402
  mpx-135 cover: trials=10320000 overall=0.8971 a0_nochange=0.8628 a0_change=0.9195 a1_nochange=0.9004 a1_change=0.9056 matched_but_wrong=4
  mpx-135 acc: trials=10320000 accuracy=0.9615
  mpx-135 traj: trials=10440000 wall=267426s knowledge=0.9027 reliable=517 spec=8.24 pop=4724
  mpx-135 diag: trials=10440000 micro=8799 pop_spec=13.66 spec_max=28 q_mean=0.602 q_max=1.000 q_above_half=3002 marked=0.249 mark_density=0.912 exp_mean=743.8 addr_spec=4.000 addr_random=0.709 addr_full=0.1010 correct=410
  mpx-135 cover: trials=10440000 overall=0.9027 a0_nochange=0.8748 a0_change=0.9222 a1_nochange=0.9005 a1_change=0.9135 matched_but_wrong=1
  mpx-135 acc: trials=10440000 accuracy=0.9673
  mpx-135 traj: trials=10560000 wall=267513s knowledge=0.9052 reliable=522 spec=8.25 pop=4623
  mpx-135 diag: trials=10560000 micro=8807 pop_spec=13.71 spec_max=28 q_mean=0.604 q_max=1.000 q_above_half=2941 marked=0.245 mark_density=0.912 exp_mean=780.9 addr_spec=3.983 addr_random=0.711 addr_full=0.1047 correct=413
  mpx-135 cover: trials=10560000 overall=0.9052 a0_nochange=0.8739 a0_change=0.9307 a1_nochange=0.9007 a1_change=0.9154 matched_but_wrong=3
  mpx-135 acc: trials=10560000 accuracy=0.9723
  mpx-135 traj: trials=10680000 wall=267595s knowledge=0.9109 reliable=521 spec=8.21 pop=4458
  mpx-135 diag: trials=10680000 micro=8717 pop_spec=13.83 spec_max=28 q_mean=0.601 q_max=1.000 q_above_half=2778 marked=0.250 mark_density=0.912 exp_mean=827.9 addr_spec=3.967 addr_random=0.717 addr_full=0.1072 correct=418
  mpx-135 cover: trials=10680000 overall=0.9109 a0_nochange=0.8906 a0_change=0.9290 a1_nochange=0.9122 a1_change=0.9118 matched_but_wrong=0
  mpx-135 acc: trials=10680000 accuracy=0.9664
  mpx-135 traj: trials=10800000 wall=267668s knowledge=0.9130 reliable=523 spec=8.24 pop=4504
  mpx-135 diag: trials=10800000 micro=8724 pop_spec=13.73 spec_max=28 q_mean=0.601 q_max=1.000 q_above_half=2858 marked=0.251 mark_density=0.912 exp_mean=840.4 addr_spec=3.944 addr_random=0.712 addr_full=0.1077 correct=419
  mpx-135 cover: trials=10800000 overall=0.9130 a0_nochange=0.8906 a0_change=0.9244 a1_nochange=0.9228 a1_change=0.9143 matched_but_wrong=0
  mpx-135 acc: trials=10800000 accuracy=0.9576
  mpx-135 traj: trials=10920000 wall=267741s knowledge=0.9202 reliable=536 spec=8.27 pop=4420
  mpx-135 diag: trials=10920000 micro=8700 pop_spec=13.82 spec_max=28 q_mean=0.605 q_max=1.000 q_above_half=2816 marked=0.244 mark_density=0.910 exp_mean=880.3 addr_spec=3.993 addr_random=0.717 addr_full=0.1136 correct=423
  mpx-135 cover: trials=10920000 overall=0.9202 a0_nochange=0.9040 a0_change=0.9358 a1_nochange=0.9204 a1_change=0.9207 matched_but_wrong=0
  mpx-135 acc: trials=10920000 accuracy=0.9672
  mpx-135 traj: trials=11040000 wall=267816s knowledge=0.9224 reliable=539 spec=8.24 pop=4354
  mpx-135 diag: trials=11040000 micro=8577 pop_spec=13.77 spec_max=28 q_mean=0.603 q_max=1.000 q_above_half=2682 marked=0.239 mark_density=0.910 exp_mean=908.6 addr_spec=3.942 addr_random=0.714 addr_full=0.1144 correct=429
  mpx-135 cover: trials=11040000 overall=0.9224 a0_nochange=0.9070 a0_change=0.9431 a1_nochange=0.9231 a1_change=0.9166 matched_but_wrong=27
  mpx-135 acc: trials=11040000 accuracy=0.9669
  mpx-135 traj: trials=11160000 wall=267892s knowledge=0.9242 reliable=537 spec=8.26 pop=4267
  mpx-135 diag: trials=11160000 micro=8517 pop_spec=13.83 spec_max=28 q_mean=0.604 q_max=1.000 q_above_half=2639 marked=0.252 mark_density=0.913 exp_mean=946.9 addr_spec=3.940 addr_random=0.717 addr_full=0.1141 correct=432
  mpx-135 cover: trials=11160000 overall=0.9242 a0_nochange=0.9082 a0_change=0.9423 a1_nochange=0.9246 a1_change=0.9216 matched_but_wrong=4
  mpx-135 acc: trials=11160000 accuracy=0.9699
  mpx-135 traj: trials=11280000 wall=267966s knowledge=0.9276 reliable=528 spec=8.21 pop=4316
  mpx-135 diag: trials=11280000 micro=8644 pop_spec=13.66 spec_max=28 q_mean=0.599 q_max=1.000 q_above_half=2639 marked=0.242 mark_density=0.912 exp_mean=958.1 addr_spec=3.950 addr_random=0.708 addr_full=0.1154 correct=435
  mpx-135 cover: trials=11280000 overall=0.9276 a0_nochange=0.9111 a0_change=0.9368 a1_nochange=0.9325 a1_change=0.9301 matched_but_wrong=0
  mpx-135 acc: trials=11280000 accuracy=0.9738
  mpx-135 traj: trials=11400000 wall=268038s knowledge=0.9267 reliable=529 spec=8.21 pop=4294
  mpx-135 diag: trials=11400000 micro=8607 pop_spec=13.67 spec_max=28 q_mean=0.602 q_max=1.000 q_above_half=2701 marked=0.245 mark_density=0.912 exp_mean=988.3 addr_spec=3.970 addr_random=0.709 addr_full=0.1134 correct=434
  mpx-135 cover: trials=11400000 overall=0.9267 a0_nochange=0.9187 a0_change=0.9349 a1_nochange=0.9304 a1_change=0.9229 matched_but_wrong=0
  mpx-135 acc: trials=11400000 accuracy=0.9675
  mpx-135 traj: trials=11520000 wall=268108s knowledge=0.9319 reliable=525 spec=8.21 pop=4306
  mpx-135 diag: trials=11520000 micro=8653 pop_spec=13.64 spec_max=28 q_mean=0.603 q_max=1.000 q_above_half=2679 marked=0.253 mark_density=0.913 exp_mean=1010.2 addr_spec=3.981 addr_random=0.707 addr_full=0.1138 correct=438
  mpx-135 cover: trials=11520000 overall=0.9319 a0_nochange=0.9269 a0_change=0.9428 a1_nochange=0.9326 a1_change=0.9252 matched_but_wrong=0
  mpx-135 acc: trials=11520000 accuracy=0.9738
  mpx-135 traj: trials=11640000 wall=268188s knowledge=0.9314 reliable=542 spec=8.23 pop=4409
  mpx-135 diag: trials=11640000 micro=8650 pop_spec=13.45 spec_max=28 q_mean=0.605 q_max=1.000 q_above_half=2794 marked=0.252 mark_density=0.914 exp_mean=1003.1 addr_spec=3.999 addr_random=0.698 addr_full=0.1114 correct=441
  mpx-135 cover: trials=11640000 overall=0.9314 a0_nochange=0.9271 a0_change=0.9465 a1_nochange=0.9317 a1_change=0.9201 matched_but_wrong=2
  mpx-135 acc: trials=11640000 accuracy=0.9710
  mpx-135 traj: trials=11760000 wall=268272s knowledge=0.9358 reliable=542 spec=8.20 pop=4348
  mpx-135 diag: trials=11760000 micro=8678 pop_spec=13.46 spec_max=28 q_mean=0.603 q_max=1.000 q_above_half=2724 marked=0.250 mark_density=0.913 exp_mean=1042.8 addr_spec=4.023 addr_random=0.698 addr_full=0.1138 correct=441
  mpx-135 cover: trials=11760000 overall=0.9358 a0_nochange=0.9373 a0_change=0.9417 a1_nochange=0.9405 a1_change=0.9236 matched_but_wrong=2
  mpx-135 acc: trials=11760000 accuracy=0.9725
  mpx-135 traj: trials=11880000 wall=268345s knowledge=0.9383 reliable=527 spec=8.17 pop=4357
  mpx-135 diag: trials=11880000 micro=8727 pop_spec=13.40 spec_max=28 q_mean=0.602 q_max=1.000 q_above_half=2756 marked=0.251 mark_density=0.914 exp_mean=1063.2 addr_spec=3.981 addr_random=0.695 addr_full=0.1189 correct=448
  mpx-135 cover: trials=11880000 overall=0.9383 a0_nochange=0.9407 a0_change=0.9483 a1_nochange=0.9423 a1_change=0.9218 matched_but_wrong=2
  mpx-135 acc: trials=11880000 accuracy=0.9743
  mpx-135 traj: trials=12000000 wall=268416s knowledge=0.9407 reliable=523 spec=8.16 pop=4228
  mpx-135 diag: trials=12000000 micro=8627 pop_spec=13.54 spec_max=28 q_mean=0.604 q_max=1.000 q_above_half=2689 marked=0.247 mark_density=0.912 exp_mean=1122.0 addr_spec=4.035 addr_random=0.702 addr_full=0.1187 correct=450
  mpx-135 cover: trials=12000000 overall=0.9407 a0_nochange=0.9403 a0_change=0.9579 a1_nochange=0.9402 a1_change=0.9243 matched_but_wrong=0
  mpx-135 acc: trials=12000000 accuracy=0.9825
  mpx-135 traj: trials=12120000 wall=268490s knowledge=0.9410 reliable=540 spec=8.18 pop=4342
  mpx-135 diag: trials=12120000 micro=8693 pop_spec=13.34 spec_max=28 q_mean=0.603 q_max=1.000 q_above_half=2725 marked=0.254 mark_density=0.914 exp_mean=1119.2 addr_spec=4.077 addr_random=0.692 addr_full=0.1165 correct=448
  mpx-135 cover: trials=12120000 overall=0.9410 a0_nochange=0.9369 a0_change=0.9584 a1_nochange=0.9316 a1_change=0.9371 matched_but_wrong=0
  mpx-135 acc: trials=12120000 accuracy=0.9814
  mpx-135 traj: trials=12240000 wall=268573s knowledge=0.9410 reliable=537 spec=8.16 pop=4277
  mpx-135 diag: trials=12240000 micro=8593 pop_spec=13.37 spec_max=28 q_mean=0.602 q_max=1.000 q_above_half=2641 marked=0.251 mark_density=0.914 exp_mean=1157.1 addr_spec=4.030 addr_random=0.693 addr_full=0.1167 correct=445
  mpx-135 cover: trials=12240000 overall=0.9410 a0_nochange=0.9415 a0_change=0.9467 a1_nochange=0.9351 a1_change=0.9405 matched_but_wrong=0
  mpx-135 acc: trials=12240000 accuracy=0.9780
  mpx-135 traj: trials=12360000 wall=268651s knowledge=0.9408 reliable=526 spec=8.18 pop=4146
  mpx-135 diag: trials=12360000 micro=8537 pop_spec=13.51 spec_max=28 q_mean=0.605 q_max=1.000 q_above_half=2613 marked=0.251 mark_density=0.912 exp_mean=1210.8 addr_spec=4.038 addr_random=0.701 addr_full=0.1233 correct=449
  mpx-135 cover: trials=12360000 overall=0.9408 a0_nochange=0.9379 a0_change=0.9561 a1_nochange=0.9294 a1_change=0.9397 matched_but_wrong=3
  mpx-135 acc: trials=12360000 accuracy=0.9769
  mpx-135 traj: trials=12480000 wall=268720s knowledge=0.9403 reliable=542 spec=8.17 pop=4038
  mpx-135 diag: trials=12480000 micro=8401 pop_spec=13.60 spec_max=28 q_mean=0.606 q_max=1.000 q_above_half=2545 marked=0.250 mark_density=0.912 exp_mean=1267.1 addr_spec=4.061 addr_random=0.705 addr_full=0.1246 correct=448
  mpx-135 cover: trials=12480000 overall=0.9403 a0_nochange=0.9386 a0_change=0.9557 a1_nochange=0.9259 a1_change=0.9410 matched_but_wrong=25
  mpx-135 acc: trials=12480000 accuracy=0.9840
  mpx-135 traj: trials=12600000 wall=268790s knowledge=0.9425 reliable=545 spec=8.17 pop=4191
  mpx-135 diag: trials=12600000 micro=8589 pop_spec=13.32 spec_max=28 q_mean=0.602 q_max=1.000 q_above_half=2615 marked=0.245 mark_density=0.913 exp_mean=1243.4 addr_spec=4.054 addr_random=0.690 addr_full=0.1236 correct=447
  mpx-135 cover: trials=12600000 overall=0.9425 a0_nochange=0.9423 a0_change=0.9591 a1_nochange=0.9309 a1_change=0.9375 matched_but_wrong=0
  mpx-135 acc: trials=12600000 accuracy=0.9781
  mpx-135 traj: trials=12720000 wall=268866s knowledge=0.9416 reliable=530 spec=8.12 pop=4138
  mpx-135 diag: trials=12720000 micro=8514 pop_spec=13.34 spec_max=28 q_mean=0.600 q_max=1.000 q_above_half=2576 marked=0.256 mark_density=0.914 exp_mean=1286.2 addr_spec=4.041 addr_random=0.692 addr_full=0.1225 correct=449
  mpx-135 cover: trials=12720000 overall=0.9416 a0_nochange=0.9467 a0_change=0.9585 a1_nochange=0.9289 a1_change=0.9324 matched_but_wrong=0
  mpx-135 acc: trials=12720000 accuracy=0.9782
  mpx-135 traj: trials=12840000 wall=268937s knowledge=0.9450 reliable=523 spec=8.13 pop=4128
  mpx-135 diag: trials=12840000 micro=8538 pop_spec=13.34 spec_max=28 q_mean=0.601 q_max=1.000 q_above_half=2568 marked=0.253 mark_density=0.914 exp_mean=1316.9 addr_spec=4.052 addr_random=0.692 addr_full=0.1197 correct=452
  mpx-135 cover: trials=12840000 overall=0.9450 a0_nochange=0.9451 a0_change=0.9581 a1_nochange=0.9371 a1_change=0.9399 matched_but_wrong=0
  mpx-135 acc: trials=12840000 accuracy=0.9829
  mpx-135 traj: trials=12960000 wall=269007s knowledge=0.9435 reliable=524 spec=8.11 pop=4098
  mpx-135 diag: trials=12960000 micro=8470 pop_spec=13.35 spec_max=28 q_mean=0.602 q_max=1.000 q_above_half=2569 marked=0.249 mark_density=0.913 exp_mean=1346.3 addr_spec=4.066 addr_random=0.692 addr_full=0.1269 correct=451
  mpx-135 cover: trials=12960000 overall=0.9435 a0_nochange=0.9400 a0_change=0.9576 a1_nochange=0.9350 a1_change=0.9412 matched_but_wrong=0
  mpx-135 acc: trials=12960000 accuracy=0.9772
  mpx-135 traj: trials=13080000 wall=269076s knowledge=0.9383 reliable=519 spec=8.10 pop=4172
  mpx-135 diag: trials=13080000 micro=8536 pop_spec=13.23 spec_max=28 q_mean=0.601 q_max=1.000 q_above_half=2606 marked=0.256 mark_density=0.915 exp_mean=1343.7 addr_spec=4.062 addr_random=0.686 addr_full=0.1196 correct=448
  mpx-135 cover: trials=13080000 overall=0.9383 a0_nochange=0.9375 a0_change=0.9557 a1_nochange=0.9302 a1_change=0.9298 matched_but_wrong=0
  mpx-135 acc: trials=13080000 accuracy=0.9774
  mpx-135 traj: trials=13200000 wall=269149s knowledge=0.9433 reliable=525 spec=8.13 pop=4141
  mpx-135 diag: trials=13200000 micro=8554 pop_spec=13.23 spec_max=28 q_mean=0.604 q_max=1.000 q_above_half=2580 marked=0.248 mark_density=0.914 exp_mean=1379.6 addr_spec=4.093 addr_random=0.686 addr_full=0.1244 correct=453
  mpx-135 cover: trials=13200000 overall=0.9433 a0_nochange=0.9269 a0_change=0.9658 a1_nochange=0.9380 a1_change=0.9425 matched_but_wrong=0
  mpx-135 acc: trials=13200000 accuracy=0.9827
  mpx-135 traj: trials=13320000 wall=269228s knowledge=0.9496 reliable=529 spec=8.13 pop=4016
  mpx-135 diag: trials=13320000 micro=8473 pop_spec=13.35 spec_max=28 q_mean=0.604 q_max=1.000 q_above_half=2515 marked=0.253 mark_density=0.913 exp_mean=1451.0 addr_spec=4.080 addr_random=0.692 addr_full=0.1295 correct=456
  mpx-135 cover: trials=13320000 overall=0.9496 a0_nochange=0.9352 a0_change=0.9748 a1_nochange=0.9404 a1_change=0.9479 matched_but_wrong=0
  mpx-135 acc: trials=13320000 accuracy=0.9876
  mpx-135 traj: trials=13440000 wall=269306s knowledge=0.9503 reliable=532 spec=8.13 pop=4052
  mpx-135 diag: trials=13440000 micro=8534 pop_spec=13.28 spec_max=28 q_mean=0.605 q_max=1.000 q_above_half=2512 marked=0.244 mark_density=0.913 exp_mean=1457.0 addr_spec=4.074 addr_random=0.688 addr_full=0.1264 correct=458
  mpx-135 cover: trials=13440000 overall=0.9503 a0_nochange=0.9354 a0_change=0.9729 a1_nochange=0.9442 a1_change=0.9485 matched_but_wrong=0
  mpx-135 acc: trials=13440000 accuracy=0.9836
  mpx-135 traj: trials=13560000 wall=269373s knowledge=0.9539 reliable=543 spec=8.19 pop=3945
  mpx-135 diag: trials=13560000 micro=8487 pop_spec=13.37 spec_max=28 q_mean=0.609 q_max=1.000 q_above_half=2508 marked=0.244 mark_density=0.913 exp_mean=1525.9 addr_spec=4.062 addr_random=0.693 addr_full=0.1316 correct=459
  mpx-135 cover: trials=13560000 overall=0.9539 a0_nochange=0.9390 a0_change=0.9718 a1_nochange=0.9484 a1_change=0.9565 matched_but_wrong=0
  mpx-135 acc: trials=13560000 accuracy=0.9832
  mpx-135 traj: trials=13680000 wall=269441s knowledge=0.9473 reliable=524 spec=8.15 pop=4025
  mpx-135 diag: trials=13680000 micro=8551 pop_spec=13.21 spec_max=28 q_mean=0.605 q_max=1.000 q_above_half=2547 marked=0.243 mark_density=0.913 exp_mean=1505.4 addr_spec=4.116 addr_random=0.685 addr_full=0.1317 correct=457
  mpx-135 cover: trials=13680000 overall=0.9473 a0_nochange=0.9339 a0_change=0.9703 a1_nochange=0.9377 a1_change=0.9476 matched_but_wrong=0
  mpx-135 acc: trials=13680000 accuracy=0.9885
  mpx-135 traj: trials=13800000 wall=269516s knowledge=0.9502 reliable=533 spec=8.15 pop=3939
  mpx-135 diag: trials=13800000 micro=8424 pop_spec=13.27 spec_max=28 q_mean=0.606 q_max=1.000 q_above_half=2515 marked=0.247 mark_density=0.913 exp_mean=1562.9 addr_spec=4.076 addr_random=0.688 addr_full=0.1272 correct=459
  mpx-135 cover: trials=13800000 overall=0.9502 a0_nochange=0.9371 a0_change=0.9705 a1_nochange=0.9384 a1_change=0.9546 matched_but_wrong=0
  mpx-135 acc: trials=13800000 accuracy=0.9819
  mpx-135 traj: trials=13920000 wall=269594s knowledge=0.9536 reliable=533 spec=8.14 pop=3897
  mpx-135 diag: trials=13920000 micro=8348 pop_spec=13.26 spec_max=28 q_mean=0.605 q_max=1.000 q_above_half=2424 marked=0.248 mark_density=0.914 exp_mean=1608.7 addr_spec=4.077 addr_random=0.688 addr_full=0.1324 correct=460
  mpx-135 cover: trials=13920000 overall=0.9536 a0_nochange=0.9512 a0_change=0.9791 a1_nochange=0.9361 a1_change=0.9480 matched_but_wrong=61
  mpx-135 acc: trials=13920000 accuracy=0.9868
  mpx-135 traj: trials=14040000 wall=269667s knowledge=0.9526 reliable=532 spec=8.12 pop=3905
  mpx-135 diag: trials=14040000 micro=8329 pop_spec=13.20 spec_max=28 q_mean=0.607 q_max=1.000 q_above_half=2497 marked=0.238 mark_density=0.913 exp_mean=1634.8 addr_spec=4.037 addr_random=0.685 addr_full=0.1280 correct=462
  mpx-135 cover: trials=14040000 overall=0.9526 a0_nochange=0.9491 a0_change=0.9774 a1_nochange=0.9339 a1_change=0.9499 matched_but_wrong=0
  mpx-135 acc: trials=14040000 accuracy=0.9849
  mpx-135 traj: trials=14160000 wall=269735s knowledge=0.9569 reliable=525 spec=8.12 pop=3952
  mpx-135 diag: trials=14160000 micro=8388 pop_spec=13.11 spec_max=28 q_mean=0.602 q_max=1.000 q_above_half=2488 marked=0.244 mark_density=0.913 exp_mean=1643.9 addr_spec=4.112 addr_random=0.680 addr_full=0.1303 correct=466
  mpx-135 cover: trials=14160000 overall=0.9569 a0_nochange=0.9577 a0_change=0.9839 a1_nochange=0.9359 a1_change=0.9502 matched_but_wrong=0
  mpx-135 acc: trials=14160000 accuracy=0.9842
  mpx-135 traj: trials=14280000 wall=269800s knowledge=0.9563 reliable=525 spec=8.13 pop=3792
  mpx-135 diag: trials=14280000 micro=8326 pop_spec=13.31 spec_max=28 q_mean=0.606 q_max=1.000 q_above_half=2418 marked=0.235 mark_density=0.911 exp_mean=1738.2 addr_spec=4.070 addr_random=0.690 addr_full=0.1342 correct=466
  mpx-135 cover: trials=14280000 overall=0.9563 a0_nochange=0.9547 a0_change=0.9825 a1_nochange=0.9321 a1_change=0.9560 matched_but_wrong=0
  mpx-135 acc: trials=14280000 accuracy=0.9835
  mpx-135 traj: trials=14400000 wall=269871s knowledge=0.9618 reliable=539 spec=8.10 pop=3805
  mpx-135 diag: trials=14400000 micro=8241 pop_spec=13.22 spec_max=28 q_mean=0.606 q_max=1.000 q_above_half=2413 marked=0.238 mark_density=0.913 exp_mean=1763.3 addr_spec=4.049 addr_random=0.686 addr_full=0.1367 correct=472
  mpx-135 cover: trials=14400000 overall=0.9618 a0_nochange=0.9555 a0_change=0.9880 a1_nochange=0.9430 a1_change=0.9605 matched_but_wrong=0
  mpx-135 acc: trials=14400000 accuracy=0.9906
  mpx-135 traj: trials=14520000 wall=269943s knowledge=0.9559 reliable=523 spec=8.10 pop=3870
  mpx-135 diag: trials=14520000 micro=8345 pop_spec=13.12 spec_max=28 q_mean=0.604 q_max=1.000 q_above_half=2470 marked=0.244 mark_density=0.913 exp_mean=1752.8 addr_spec=4.112 addr_random=0.680 addr_full=0.1333 correct=468
  mpx-135 cover: trials=14520000 overall=0.9559 a0_nochange=0.9520 a0_change=0.9845 a1_nochange=0.9321 a1_change=0.9551 matched_but_wrong=0
  mpx-135 acc: trials=14520000 accuracy=0.9848
  mpx-135 traj: trials=14640000 wall=270008s knowledge=0.9603 reliable=530 spec=8.10 pop=3862
  mpx-135 diag: trials=14640000 micro=8381 pop_spec=13.11 spec_max=28 q_mean=0.606 q_max=1.000 q_above_half=2446 marked=0.249 mark_density=0.915 exp_mean=1782.9 addr_spec=4.120 addr_random=0.680 addr_full=0.1331 correct=468
  mpx-135 cover: trials=14640000 overall=0.9603 a0_nochange=0.9574 a0_change=0.9876 a1_nochange=0.9360 a1_change=0.9603 matched_but_wrong=0
  mpx-135 acc: trials=14640000 accuracy=0.9893
  mpx-135 traj: trials=14760000 wall=270073s knowledge=0.9591 reliable=530 spec=8.09 pop=3796
  mpx-135 diag: trials=14760000 micro=8316 pop_spec=13.15 spec_max=28 q_mean=0.609 q_max=1.000 q_above_half=2427 marked=0.247 mark_density=0.914 exp_mean=1836.6 addr_spec=4.123 addr_random=0.682 addr_full=0.1351 correct=468
  mpx-135 cover: trials=14760000 overall=0.9591 a0_nochange=0.9583 a0_change=0.9857 a1_nochange=0.9339 a1_change=0.9586 matched_but_wrong=0
  mpx-135 acc: trials=14760000 accuracy=0.9916
  mpx-135 traj: trials=14880000 wall=270141s knowledge=0.9591 reliable=530 spec=8.11 pop=3845
  mpx-135 diag: trials=14880000 micro=8371 pop_spec=13.06 spec_max=28 q_mean=0.605 q_max=1.000 q_above_half=2411 marked=0.257 mark_density=0.916 exp_mean=1843.2 addr_spec=4.183 addr_random=0.677 addr_full=0.1358 correct=469
  mpx-135 cover: trials=14880000 overall=0.9591 a0_nochange=0.9650 a0_change=0.9846 a1_nochange=0.9347 a1_change=0.9520 matched_but_wrong=0
  mpx-135 acc: trials=14880000 accuracy=0.9853
  mpx-135 traj: trials=15000000 wall=270209s knowledge=0.9597 reliable=525 spec=8.11 pop=3754
  mpx-135 diag: trials=15000000 micro=8280 pop_spec=13.10 spec_max=28 q_mean=0.604 q_max=1.000 q_above_half=2384 marked=0.238 mark_density=0.913 exp_mean=1918.0 addr_spec=4.120 addr_random=0.679 addr_full=0.1396 correct=469
  mpx-135 cover: trials=15000000 overall=0.9597 a0_nochange=0.9613 a0_change=0.9852 a1_nochange=0.9410 a1_change=0.9512 matched_but_wrong=0
  mpx-135 acc: trials=15000000 accuracy=0.9873
  mpx-135 traj: trials=15120000 wall=270278s knowledge=0.9604 reliable=523 spec=8.11 pop=3746
  mpx-135 diag: trials=15120000 micro=8360 pop_spec=13.09 spec_max=28 q_mean=0.604 q_max=1.000 q_above_half=2328 marked=0.242 mark_density=0.914 exp_mean=1949.5 addr_spec=4.176 addr_random=0.679 addr_full=0.1407 correct=470
  mpx-135 cover: trials=15120000 overall=0.9604 a0_nochange=0.9613 a0_change=0.9856 a1_nochange=0.9390 a1_change=0.9556 matched_but_wrong=0
  mpx-135 acc: trials=15120000 accuracy=0.9883
  mpx-135 traj: trials=15240000 wall=270344s knowledge=0.9615 reliable=525 spec=8.12 pop=3777
  mpx-135 diag: trials=15240000 micro=8299 pop_spec=13.01 spec_max=28 q_mean=0.607 q_max=1.000 q_above_half=2416 marked=0.245 mark_density=0.915 exp_mean=1961.1 addr_spec=4.166 addr_random=0.675 addr_full=0.1366 correct=471
  mpx-135 cover: trials=15240000 overall=0.9615 a0_nochange=0.9651 a0_change=0.9835 a1_nochange=0.9387 a1_change=0.9587 matched_but_wrong=0
  mpx-135 acc: trials=15240000 accuracy=0.9875
  mpx-135 traj: trials=15360000 wall=270410s knowledge=0.9622 reliable=524 spec=8.11 pop=3739
  mpx-135 diag: trials=15360000 micro=8294 pop_spec=13.05 spec_max=28 q_mean=0.607 q_max=1.000 q_above_half=2376 marked=0.243 mark_density=0.914 exp_mean=2011.6 addr_spec=4.148 addr_random=0.677 addr_full=0.1391 correct=470
  mpx-135 cover: trials=15360000 overall=0.9622 a0_nochange=0.9704 a0_change=0.9839 a1_nochange=0.9403 a1_change=0.9543 matched_but_wrong=0
  mpx-135 acc: trials=15360000 accuracy=0.9901
  mpx-135 traj: trials=15480000 wall=270476s knowledge=0.9598 reliable=525 spec=8.10 pop=3722
  mpx-135 diag: trials=15480000 micro=8237 pop_spec=12.95 spec_max=28 q_mean=0.608 q_max=1.000 q_above_half=2368 marked=0.241 mark_density=0.915 exp_mean=2051.6 addr_spec=4.131 addr_random=0.672 addr_full=0.1378 correct=469
  mpx-135 cover: trials=15480000 overall=0.9598 a0_nochange=0.9672 a0_change=0.9835 a1_nochange=0.9389 a1_change=0.9496 matched_but_wrong=0
  mpx-135 acc: trials=15480000 accuracy=0.9904
  mpx-135 traj: trials=15600000 wall=270551s knowledge=0.9584 reliable=524 spec=8.10 pop=3859
  mpx-135 diag: trials=15600000 micro=8370 pop_spec=12.76 spec_max=28 q_mean=0.604 q_max=1.000 q_above_half=2469 marked=0.242 mark_density=0.916 exp_mean=2008.8 addr_spec=4.160 addr_random=0.662 addr_full=0.1360 correct=469
  mpx-135 cover: trials=15600000 overall=0.9584 a0_nochange=0.9613 a0_change=0.9858 a1_nochange=0.9375 a1_change=0.9490 matched_but_wrong=0
  mpx-135 acc: trials=15600000 accuracy=0.9906
  mpx-135 traj: trials=15720000 wall=270627s knowledge=0.9595 reliable=517 spec=8.10 pop=3745
  mpx-135 diag: trials=15720000 micro=8280 pop_spec=12.86 spec_max=28 q_mean=0.602 q_max=1.000 q_above_half=2322 marked=0.250 mark_density=0.917 exp_mean=2100.2 addr_spec=4.174 addr_random=0.667 addr_full=0.1413 correct=470
  mpx-135 cover: trials=15720000 overall=0.9595 a0_nochange=0.9633 a0_change=0.9840 a1_nochange=0.9393 a1_change=0.9512 matched_but_wrong=0
  mpx-135 acc: trials=15720000 accuracy=0.9859
  mpx-135 traj: trials=15840000 wall=270692s knowledge=0.9649 reliable=535 spec=8.10 pop=3769
  mpx-135 diag: trials=15840000 micro=8306 pop_spec=12.84 spec_max=28 q_mean=0.606 q_max=1.000 q_above_half=2394 marked=0.263 mark_density=0.918 exp_mean=2118.2 addr_spec=4.142 addr_random=0.666 addr_full=0.1361 correct=471
  mpx-135 cover: trials=15840000 overall=0.9649 a0_nochange=0.9715 a0_change=0.9872 a1_nochange=0.9411 a1_change=0.9599 matched_but_wrong=0
  mpx-135 acc: trials=15840000 accuracy=0.9890
  mpx-135 traj: trials=15960000 wall=270758s knowledge=0.9679 reliable=539 spec=8.10 pop=3747
  mpx-135 diag: trials=15960000 micro=8291 pop_spec=12.82 spec_max=28 q_mean=0.609 q_max=1.000 q_above_half=2354 marked=0.250 mark_density=0.916 exp_mean=2161.9 addr_spec=4.216 addr_random=0.665 addr_full=0.1388 correct=476
  mpx-135 cover: trials=15960000 overall=0.9679 a0_nochange=0.9731 a0_change=0.9873 a1_nochange=0.9408 a1_change=0.9704 matched_but_wrong=0
  mpx-135 acc: trials=15960000 accuracy=0.9886
  mpx-135 traj: trials=16080000 wall=270826s knowledge=0.9659 reliable=525 spec=8.10 pop=3659
  mpx-135 diag: trials=16080000 micro=8286 pop_spec=12.90 spec_max=28 q_mean=0.607 q_max=1.000 q_above_half=2381 marked=0.243 mark_density=0.915 exp_mean=2244.1 addr_spec=4.212 addr_random=0.669 addr_full=0.1410 correct=475
  mpx-135 cover: trials=16080000 overall=0.9659 a0_nochange=0.9649 a0_change=0.9870 a1_nochange=0.9407 a1_change=0.9709 matched_but_wrong=0
  mpx-135 acc: trials=16080000 accuracy=0.9925
  mpx-135 traj: trials=16200000 wall=270901s knowledge=0.9648 reliable=528 spec=8.08 pop=3719
  mpx-135 diag: trials=16200000 micro=8236 pop_spec=12.79 spec_max=28 q_mean=0.606 q_max=1.000 q_above_half=2349 marked=0.255 mark_density=0.916 exp_mean=2234.3 addr_spec=4.202 addr_random=0.663 addr_full=0.1420 correct=474
  mpx-135 cover: trials=16200000 overall=0.9648 a0_nochange=0.9645 a0_change=0.9868 a1_nochange=0.9404 a1_change=0.9674 matched_but_wrong=0
  mpx-135 acc: trials=16200000 accuracy=0.9887
  mpx-135 traj: trials=16320000 wall=270975s knowledge=0.9654 reliable=530 spec=8.10 pop=3685
  mpx-135 diag: trials=16320000 micro=8267 pop_spec=12.83 spec_max=28 q_mean=0.609 q_max=1.000 q_above_half=2348 marked=0.243 mark_density=0.915 exp_mean=2277.8 addr_spec=4.211 addr_random=0.665 addr_full=0.1441 correct=474
  mpx-135 cover: trials=16320000 overall=0.9654 a0_nochange=0.9629 a0_change=0.9845 a1_nochange=0.9406 a1_change=0.9737 matched_but_wrong=0
  mpx-135 acc: trials=16320000 accuracy=0.9909
  mpx-135 traj: trials=16440000 wall=271040s knowledge=0.9637 reliable=523 spec=8.07 pop=3636
  mpx-135 diag: trials=16440000 micro=8244 pop_spec=12.85 spec_max=28 q_mean=0.608 q_max=1.000 q_above_half=2294 marked=0.245 mark_density=0.915 exp_mean=2340.0 addr_spec=4.159 addr_random=0.666 addr_full=0.1438 correct=474
  mpx-135 cover: trials=16440000 overall=0.9637 a0_nochange=0.9650 a0_change=0.9844 a1_nochange=0.9357 a1_change=0.9695 matched_but_wrong=0
  mpx-135 acc: trials=16440000 accuracy=0.9937
  mpx-135 traj: trials=16560000 wall=271105s knowledge=0.9658 reliable=542 spec=8.08 pop=3745
  mpx-135 diag: trials=16560000 micro=8253 pop_spec=12.65 spec_max=28 q_mean=0.605 q_max=1.000 q_above_half=2349 marked=0.254 mark_density=0.917 exp_mean=2298.3 addr_spec=4.234 addr_random=0.656 addr_full=0.1407 correct=475
  mpx-135 cover: trials=16560000 overall=0.9658 a0_nochange=0.9680 a0_change=0.9849 a1_nochange=0.9438 a1_change=0.9665 matched_but_wrong=0
  mpx-135 acc: trials=16560000 accuracy=0.9880
  mpx-135 traj: trials=16680000 wall=271176s knowledge=0.9690 reliable=533 spec=8.09 pop=3711
  mpx-135 diag: trials=16680000 micro=8284 pop_spec=12.69 spec_max=28 q_mean=0.609 q_max=1.000 q_above_half=2350 marked=0.258 mark_density=0.917 exp_mean=2350.5 addr_spec=4.207 addr_random=0.658 addr_full=0.1388 correct=476
  mpx-135 cover: trials=16680000 overall=0.9690 a0_nochange=0.9733 a0_change=0.9868 a1_nochange=0.9475 a1_change=0.9686 matched_but_wrong=0
  mpx-135 acc: trials=16680000 accuracy=0.9920
  mpx-135 traj: trials=16800000 wall=271251s knowledge=0.9695 reliable=529 spec=8.07 pop=3644
  mpx-135 diag: trials=16800000 micro=8150 pop_spec=12.74 spec_max=28 q_mean=0.607 q_max=1.000 q_above_half=2327 marked=0.260 mark_density=0.917 exp_mean=2420.3 addr_spec=4.207 addr_random=0.661 addr_full=0.1411 correct=478
  mpx-135 cover: trials=16800000 overall=0.9695 a0_nochange=0.9756 a0_change=0.9836 a1_nochange=0.9485 a1_change=0.9705 matched_but_wrong=0
  mpx-135 acc: trials=16800000 accuracy=0.9906
  mpx-135 traj: trials=16920000 wall=271323s knowledge=0.9692 reliable=523 spec=8.06 pop=3563
  mpx-135 diag: trials=16920000 micro=8149 pop_spec=12.86 spec_max=28 q_mean=0.611 q_max=1.000 q_above_half=2300 marked=0.258 mark_density=0.916 exp_mean=2507.7 addr_spec=4.209 addr_random=0.667 addr_full=0.1471 correct=480
  mpx-135 cover: trials=16920000 overall=0.9692 a0_nochange=0.9756 a0_change=0.9835 a1_nochange=0.9473 a1_change=0.9705 matched_but_wrong=0
  mpx-135 acc: trials=16920000 accuracy=0.9923
  mpx-135 traj: trials=17040000 wall=271399s knowledge=0.9717 reliable=524 spec=8.07 pop=3576
  mpx-135 diag: trials=17040000 micro=8204 pop_spec=12.76 spec_max=28 q_mean=0.608 q_max=1.000 q_above_half=2290 marked=0.259 mark_density=0.917 exp_mean=2530.7 addr_spec=4.194 addr_random=0.661 addr_full=0.1521 correct=483
  mpx-135 cover: trials=17040000 overall=0.9717 a0_nochange=0.9813 a0_change=0.9837 a1_nochange=0.9518 a1_change=0.9701 matched_but_wrong=0
  mpx-135 acc: trials=17040000 accuracy=0.9886
  mpx-135 traj: trials=17160000 wall=271474s knowledge=0.9736 reliable=522 spec=8.08 pop=3637
  mpx-135 diag: trials=17160000 micro=8296 pop_spec=12.64 spec_max=28 q_mean=0.610 q_max=1.000 q_above_half=2359 marked=0.248 mark_density=0.916 exp_mean=2518.5 addr_spec=4.214 addr_random=0.655 addr_full=0.1441 correct=484
  mpx-135 cover: trials=17160000 overall=0.9736 a0_nochange=0.9800 a0_change=0.9839 a1_nochange=0.9599 a1_change=0.9707 matched_but_wrong=0
  mpx-135 acc: trials=17160000 accuracy=0.9919
  mpx-135 traj: trials=17280000 wall=271538s knowledge=0.9724 reliable=525 spec=8.06 pop=3597
  mpx-135 diag: trials=17280000 micro=8219 pop_spec=12.62 spec_max=28 q_mean=0.605 q_max=1.000 q_above_half=2296 marked=0.259 mark_density=0.918 exp_mean=2579.1 addr_spec=4.216 addr_random=0.654 addr_full=0.1496 correct=484
  mpx-135 cover: trials=17280000 overall=0.9724 a0_nochange=0.9754 a0_change=0.9841 a1_nochange=0.9597 a1_change=0.9703 matched_but_wrong=0
  mpx-135 acc: trials=17280000 accuracy=0.9909
  mpx-135 traj: trials=17400000 wall=271602s knowledge=0.9740 reliable=525 spec=8.09 pop=3551
  mpx-135 diag: trials=17400000 micro=8176 pop_spec=12.67 spec_max=28 q_mean=0.608 q_max=1.000 q_above_half=2265 marked=0.250 mark_density=0.917 exp_mean=2633.9 addr_spec=4.229 addr_random=0.657 addr_full=0.1459 correct=485
  mpx-135 cover: trials=17400000 overall=0.9740 a0_nochange=0.9729 a0_change=0.9892 a1_nochange=0.9619 a1_change=0.9721 matched_but_wrong=0
  mpx-135 acc: trials=17400000 accuracy=0.9893
  mpx-135 traj: trials=17520000 wall=271669s knowledge=0.9730 reliable=521 spec=8.07 pop=3590
  mpx-135 diag: trials=17520000 micro=8250 pop_spec=12.55 spec_max=28 q_mean=0.606 q_max=1.000 q_above_half=2256 marked=0.262 mark_density=0.919 exp_mean=2635.1 addr_spec=4.244 addr_random=0.651 addr_full=0.1443 correct=485
  mpx-135 cover: trials=17520000 overall=0.9730 a0_nochange=0.9691 a0_change=0.9876 a1_nochange=0.9619 a1_change=0.9735 matched_but_wrong=0
  mpx-135 acc: trials=17520000 accuracy=0.9925
  mpx-135 traj: trials=17640000 wall=271742s knowledge=0.9745 reliable=532 spec=8.09 pop=3492
  mpx-135 diag: trials=17640000 micro=8148 pop_spec=12.66 spec_max=28 q_mean=0.609 q_max=1.000 q_above_half=2245 marked=0.231 mark_density=0.914 exp_mean=2742.7 addr_spec=4.201 addr_random=0.657 addr_full=0.1481 correct=485
  mpx-135 cover: trials=17640000 overall=0.9745 a0_nochange=0.9709 a0_change=0.9917 a1_nochange=0.9620 a1_change=0.9734 matched_but_wrong=0
  mpx-135 acc: trials=17640000 accuracy=0.9929
  mpx-135 traj: trials=17760000 wall=271816s knowledge=0.9755 reliable=531 spec=8.07 pop=3632
  mpx-135 diag: trials=17760000 micro=8164 pop_spec=12.41 spec_max=28 q_mean=0.606 q_max=1.000 q_above_half=2285 marked=0.254 mark_density=0.918 exp_mean=2669.4 addr_spec=4.276 addr_random=0.644 addr_full=0.1445 correct=488
  mpx-135 cover: trials=17760000 overall=0.9755 a0_nochange=0.9691 a0_change=0.9915 a1_nochange=0.9645 a1_change=0.9769 matched_but_wrong=0
  mpx-135 acc: trials=17760000 accuracy=0.9931
  mpx-135 traj: trials=17880000 wall=271880s knowledge=0.9776 reliable=528 spec=8.07 pop=3477
  mpx-135 diag: trials=17880000 micro=8109 pop_spec=12.59 spec_max=28 q_mean=0.607 q_max=1.000 q_above_half=2198 marked=0.244 mark_density=0.916 exp_mean=2822.2 addr_spec=4.215 addr_random=0.653 addr_full=0.1550 correct=491
  mpx-135 cover: trials=17880000 overall=0.9776 a0_nochange=0.9691 a0_change=0.9959 a1_nochange=0.9649 a1_change=0.9806 matched_but_wrong=0
  mpx-135 acc: trials=17880000 accuracy=0.9949
  mpx-135 traj: trials=18000000 wall=271944s knowledge=0.9784 reliable=531 spec=8.08 pop=3536
  mpx-135 diag: trials=18000000 micro=8123 pop_spec=12.50 spec_max=28 q_mean=0.608 q_max=1.000 q_above_half=2247 marked=0.250 mark_density=0.917 exp_mean=2808.8 addr_spec=4.280 addr_random=0.648 addr_full=0.1493 correct=490
  mpx-135 cover: trials=18000000 overall=0.9784 a0_nochange=0.9772 a0_change=0.9940 a1_nochange=0.9643 a1_change=0.9779 matched_but_wrong=0
  mpx-135 acc: trials=18000000 accuracy=0.9957
  mpx-135 traj: trials=18120000 wall=272010s knowledge=0.9766 reliable=520 spec=8.07 pop=3457
  mpx-135 diag: trials=18120000 micro=8181 pop_spec=12.60 spec_max=28 q_mean=0.611 q_max=1.000 q_above_half=2244 marked=0.241 mark_density=0.916 exp_mean=2891.3 addr_spec=4.289 addr_random=0.653 addr_full=0.1527 correct=490
  mpx-135 cover: trials=18120000 overall=0.9766 a0_nochange=0.9772 a0_change=0.9927 a1_nochange=0.9590 a1_change=0.9775 matched_but_wrong=0
  mpx-135 acc: trials=18120000 accuracy=0.9931
  mpx-135 traj: trials=18240000 wall=272083s knowledge=0.9767 reliable=527 spec=8.07 pop=3417
  mpx-135 diag: trials=18240000 micro=8089 pop_spec=12.61 spec_max=28 q_mean=0.610 q_max=1.000 q_above_half=2170 marked=0.246 mark_density=0.917 exp_mean=2959.6 addr_spec=4.236 addr_random=0.654 addr_full=0.1545 correct=489
  mpx-135 cover: trials=18240000 overall=0.9767 a0_nochange=0.9733 a0_change=0.9918 a1_nochange=0.9608 a1_change=0.9811 matched_but_wrong=0
  mpx-135 acc: trials=18240000 accuracy=0.9937
  mpx-135 traj: trials=18360000 wall=272149s knowledge=0.9772 reliable=529 spec=8.07 pop=3569
  mpx-135 diag: trials=18360000 micro=8117 pop_spec=12.37 spec_max=28 q_mean=0.609 q_max=1.000 q_above_half=2273 marked=0.254 mark_density=0.919 exp_mean=2866.6 addr_spec=4.317 addr_random=0.641 addr_full=0.1505 correct=491
  mpx-135 cover: trials=18360000 overall=0.9772 a0_nochange=0.9691 a0_change=0.9918 a1_nochange=0.9638 a1_change=0.9841 matched_but_wrong=0
  mpx-135 acc: trials=18360000 accuracy=0.9950
  mpx-135 traj: trials=18480000 wall=272212s knowledge=0.9821 reliable=534 spec=8.07 pop=3468
  mpx-135 diag: trials=18480000 micro=8162 pop_spec=12.42 spec_max=28 q_mean=0.612 q_max=1.000 q_above_half=2277 marked=0.245 mark_density=0.918 exp_mean=2984.3 addr_spec=4.202 addr_random=0.644 addr_full=0.1528 correct=493
  mpx-135 cover: trials=18480000 overall=0.9821 a0_nochange=0.9729 a0_change=0.9921 a1_nochange=0.9794 a1_change=0.9840 matched_but_wrong=0
  mpx-135 acc: trials=18480000 accuracy=0.9951
  mpx-135 traj: trials=18600000 wall=272275s knowledge=0.9796 reliable=523 spec=8.06 pop=3464
  mpx-135 diag: trials=18600000 micro=8146 pop_spec=12.45 spec_max=28 q_mean=0.609 q_max=1.000 q_above_half=2230 marked=0.252 mark_density=0.918 exp_mean=3018.2 addr_spec=4.251 addr_random=0.646 addr_full=0.1527 correct=492
  mpx-135 cover: trials=18600000 overall=0.9796 a0_nochange=0.9729 a0_change=0.9918 a1_nochange=0.9794 a1_change=0.9744 matched_but_wrong=0
  mpx-135 acc: trials=18600000 accuracy=0.9924
  mpx-135 traj: trials=18720000 wall=272339s knowledge=0.9782 reliable=527 spec=8.06 pop=3434
  mpx-135 diag: trials=18720000 micro=8059 pop_spec=12.43 spec_max=28 q_mean=0.611 q_max=1.000 q_above_half=2220 marked=0.251 mark_density=0.918 exp_mean=3078.7 addr_spec=4.265 addr_random=0.644 addr_full=0.1543 correct=492
  mpx-135 cover: trials=18720000 overall=0.9782 a0_nochange=0.9749 a0_change=0.9938 a1_nochange=0.9754 a1_change=0.9689 matched_but_wrong=0
  mpx-135 acc: trials=18720000 accuracy=0.9903
  mpx-135 traj: trials=18840000 wall=272412s knowledge=0.9773 reliable=533 spec=8.05 pop=3538
  mpx-135 diag: trials=18840000 micro=8190 pop_spec=12.34 spec_max=28 q_mean=0.612 q_max=1.000 q_above_half=2298 marked=0.255 mark_density=0.919 exp_mean=3014.4 addr_spec=4.308 addr_random=0.640 addr_full=0.1555 correct=491
  mpx-135 cover: trials=18840000 overall=0.9773 a0_nochange=0.9732 a0_change=0.9918 a1_nochange=0.9684 a1_change=0.9757 matched_but_wrong=0
  mpx-135 acc: trials=18840000 accuracy=0.9955
  mpx-135 traj: trials=18960000 wall=272484s knowledge=0.9760 reliable=532 spec=8.09 pop=3534
  mpx-135 diag: trials=18960000 micro=8219 pop_spec=12.33 spec_max=28 q_mean=0.610 q_max=1.000 q_above_half=2276 marked=0.256 mark_density=0.918 exp_mean=3050.8 addr_spec=4.340 addr_random=0.640 addr_full=0.1522 correct=492
  mpx-135 cover: trials=18960000 overall=0.9760 a0_nochange=0.9732 a0_change=0.9948 a1_nochange=0.9637 a1_change=0.9723 matched_but_wrong=0
  mpx-135 acc: trials=18960000 accuracy=0.9931
  mpx-135 traj: trials=19080000 wall=272548s knowledge=0.9773 reliable=522 spec=8.07 pop=3453
  mpx-135 diag: trials=19080000 micro=8133 pop_spec=12.37 spec_max=28 q_mean=0.610 q_max=1.000 q_above_half=2209 marked=0.247 mark_density=0.918 exp_mean=3149.2 addr_spec=4.314 addr_random=0.641 addr_full=0.1581 correct=492
  mpx-135 cover: trials=19080000 overall=0.9773 a0_nochange=0.9779 a0_change=0.9922 a1_nochange=0.9682 a1_change=0.9707 matched_but_wrong=0
  mpx-135 acc: trials=19080000 accuracy=0.9927
  mpx-135 traj: trials=19200000 wall=272610s knowledge=0.9785 reliable=524 spec=8.06 pop=3385
  mpx-135 diag: trials=19200000 micro=8045 pop_spec=12.42 spec_max=28 q_mean=0.613 q_max=1.000 q_above_half=2211 marked=0.240 mark_density=0.917 exp_mean=3247.1 addr_spec=4.320 addr_random=0.644 addr_full=0.1595 correct=492
  mpx-135 cover: trials=19200000 overall=0.9785 a0_nochange=0.9791 a0_change=0.9925 a1_nochange=0.9682 a1_change=0.9741 matched_but_wrong=0
  mpx-135 acc: trials=19200000 accuracy=0.9923
  mpx-135 traj: trials=19320000 wall=272674s knowledge=0.9781 reliable=521 spec=8.05 pop=3430
  mpx-135 diag: trials=19320000 micro=8121 pop_spec=12.32 spec_max=28 q_mean=0.611 q_max=1.000 q_above_half=2241 marked=0.252 mark_density=0.918 exp_mean=3234.0 addr_spec=4.384 addr_random=0.639 addr_full=0.1574 correct=491
  mpx-135 cover: trials=19320000 overall=0.9781 a0_nochange=0.9737 a0_change=0.9931 a1_nochange=0.9682 a1_change=0.9774 matched_but_wrong=0
  mpx-135 acc: trials=19320000 accuracy=0.9927
  mpx-135 traj: trials=19440000 wall=272740s knowledge=0.9805 reliable=539 spec=8.05 pop=3442
  mpx-135 diag: trials=19440000 micro=8110 pop_spec=12.27 spec_max=28 q_mean=0.613 q_max=1.000 q_above_half=2284 marked=0.245 mark_density=0.918 exp_mean=3257.2 addr_spec=4.318 addr_random=0.636 addr_full=0.1578 correct=493
  mpx-135 cover: trials=19440000 overall=0.9805 a0_nochange=0.9755 a0_change=0.9940 a1_nochange=0.9717 a1_change=0.9807 matched_but_wrong=0
  mpx-135 acc: trials=19440000 accuracy=0.9936
  mpx-135 traj: trials=19560000 wall=272806s knowledge=0.9811 reliable=528 spec=8.07 pop=3468
  mpx-135 diag: trials=19560000 micro=8146 pop_spec=12.21 spec_max=28 q_mean=0.611 q_max=1.000 q_above_half=2244 marked=0.248 mark_density=0.918 exp_mean=3266.6 addr_spec=4.364 addr_random=0.633 addr_full=0.1557 correct=493
  mpx-135 cover: trials=19560000 overall=0.9811 a0_nochange=0.9756 a0_change=0.9958 a1_nochange=0.9724 a1_change=0.9805 matched_but_wrong=0
  mpx-135 acc: trials=19560000 accuracy=0.9937
  mpx-135 traj: trials=19680000 wall=272870s knowledge=0.9798 reliable=530 spec=8.05 pop=3448
  mpx-135 diag: trials=19680000 micro=8096 pop_spec=12.20 spec_max=28 q_mean=0.612 q_max=1.000 q_above_half=2266 marked=0.251 mark_density=0.919 exp_mean=3319.2 addr_spec=4.343 addr_random=0.633 addr_full=0.1555 correct=493
  mpx-135 cover: trials=19680000 overall=0.9798 a0_nochange=0.9700 a0_change=0.9932 a1_nochange=0.9682 a1_change=0.9880 matched_but_wrong=0
  mpx-135 acc: trials=19680000 accuracy=0.9950
  mpx-135 traj: trials=19800000 wall=272932s knowledge=0.9801 reliable=531 spec=8.07 pop=3454
  mpx-135 diag: trials=19800000 micro=8118 pop_spec=12.17 spec_max=28 q_mean=0.612 q_max=1.000 q_above_half=2216 marked=0.263 mark_density=0.920 exp_mean=3347.9 addr_spec=4.388 addr_random=0.631 addr_full=0.1566 correct=493
  mpx-135 cover: trials=19800000 overall=0.9801 a0_nochange=0.9718 a0_change=0.9933 a1_nochange=0.9682 a1_change=0.9871 matched_but_wrong=0
  mpx-135 acc: trials=19800000 accuracy=0.9946
  mpx-135 traj: trials=19920000 wall=272995s knowledge=0.9839 reliable=535 spec=8.08 pop=3458
  mpx-135 diag: trials=19920000 micro=8114 pop_spec=12.13 spec_max=28 q_mean=0.612 q_max=1.000 q_above_half=2278 marked=0.250 mark_density=0.918 exp_mean=3378.5 addr_spec=4.351 addr_random=0.629 addr_full=0.1591 correct=495
  mpx-135 cover: trials=19920000 overall=0.9839 a0_nochange=0.9788 a0_change=0.9934 a1_nochange=0.9782 a1_change=0.9852 matched_but_wrong=0
  mpx-135 acc: trials=19920000 accuracy=0.9951
  mpx-135 traj: trials=20040000 wall=273065s knowledge=0.9837 reliable=541 spec=8.07 pop=3373
  mpx-135 diag: trials=20040000 micro=8040 pop_spec=12.24 spec_max=28 q_mean=0.613 q_max=1.000 q_above_half=2202 marked=0.259 mark_density=0.919 exp_mean=3498.4 addr_spec=4.324 addr_random=0.635 addr_full=0.1622 correct=496
  mpx-135 cover: trials=20040000 overall=0.9837 a0_nochange=0.9807 a0_change=0.9934 a1_nochange=0.9724 a1_change=0.9882 matched_but_wrong=0
  mpx-135 acc: trials=20040000 accuracy=0.9973
  mpx-135 traj: trials=20160000 wall=273137s knowledge=0.9821 reliable=529 spec=8.08 pop=3302
  mpx-135 diag: trials=20160000 micro=7953 pop_spec=12.28 spec_max=28 q_mean=0.615 q_max=1.000 q_above_half=2164 marked=0.248 mark_density=0.918 exp_mean=3598.7 addr_spec=4.298 addr_random=0.637 addr_full=0.1647 correct=495
  mpx-135 cover: trials=20160000 overall=0.9821 a0_nochange=0.9792 a0_change=0.9946 a1_nochange=0.9682 a1_change=0.9864 matched_but_wrong=0
  mpx-135 acc: trials=20160000 accuracy=0.9959
  mpx-135 traj: trials=20280000 wall=273207s knowledge=0.9853 reliable=539 spec=8.07 pop=3347
  mpx-135 diag: trials=20280000 micro=8023 pop_spec=12.20 spec_max=28 q_mean=0.615 q_max=1.000 q_above_half=2168 marked=0.240 mark_density=0.917 exp_mean=3586.0 addr_spec=4.298 addr_random=0.632 addr_full=0.1637 correct=495
  mpx-135 cover: trials=20280000 overall=0.9853 a0_nochange=0.9803 a0_change=0.9959 a1_nochange=0.9734 a1_change=0.9916 matched_but_wrong=21
  mpx-135 acc: trials=20280000 accuracy=0.9977
  mpx-135 traj: trials=20400000 wall=273269s knowledge=0.9851 reliable=533 spec=8.06 pop=3269
  mpx-135 diag: trials=20400000 micro=7948 pop_spec=12.26 spec_max=28 q_mean=0.615 q_max=1.000 q_above_half=2140 marked=0.247 mark_density=0.917 exp_mean=3704.7 addr_spec=4.305 addr_random=0.636 addr_full=0.1643 correct=496
  mpx-135 cover: trials=20400000 overall=0.9851 a0_nochange=0.9790 a0_change=0.9959 a1_nochange=0.9777 a1_change=0.9879 matched_but_wrong=0
  mpx-135 acc: trials=20400000 accuracy=0.9961
  mpx-135 traj: trials=20520000 wall=273331s knowledge=0.9851 reliable=534 spec=8.03 pop=3344
  mpx-135 diag: trials=20520000 micro=8009 pop_spec=12.14 spec_max=28 q_mean=0.614 q_max=1.000 q_above_half=2173 marked=0.243 mark_density=0.917 exp_mean=3656.3 addr_spec=4.361 addr_random=0.630 addr_full=0.1612 correct=498
  mpx-135 cover: trials=20520000 overall=0.9851 a0_nochange=0.9770 a0_change=0.9959 a1_nochange=0.9768 a1_change=0.9904 matched_but_wrong=0
  mpx-135 acc: trials=20520000 accuracy=0.9994
  mpx-135 traj: trials=20640000 wall=273398s knowledge=0.9808 reliable=520 spec=8.02 pop=3345
  mpx-135 diag: trials=20640000 micro=8083 pop_spec=12.09 spec_max=28 q_mean=0.609 q_max=1.000 q_above_half=2113 marked=0.253 mark_density=0.919 exp_mean=3672.1 addr_spec=4.332 addr_random=0.627 addr_full=0.1617 correct=497
  mpx-135 cover: trials=20640000 overall=0.9808 a0_nochange=0.9682 a0_change=0.9923 a1_nochange=0.9751 a1_change=0.9878 matched_but_wrong=0
  mpx-135 acc: trials=20640000 accuracy=0.9978
  mpx-135 traj: trials=20760000 wall=273470s knowledge=0.9835 reliable=531 spec=8.02 pop=3336
  mpx-135 diag: trials=20760000 micro=8011 pop_spec=12.05 spec_max=28 q_mean=0.610 q_max=1.000 q_above_half=2112 marked=0.252 mark_density=0.919 exp_mean=3697.8 addr_spec=4.349 addr_random=0.625 addr_full=0.1589 correct=498
  mpx-135 cover: trials=20760000 overall=0.9835 a0_nochange=0.9746 a0_change=0.9923 a1_nochange=0.9771 a1_change=0.9899 matched_but_wrong=0
  mpx-135 acc: trials=20760000 accuracy=0.9984
  mpx-135 traj: trials=20880000 wall=273541s knowledge=0.9849 reliable=524 spec=8.02 pop=3231
  mpx-135 diag: trials=20880000 micro=7915 pop_spec=12.22 spec_max=28 q_mean=0.615 q_max=1.000 q_above_half=2117 marked=0.254 mark_density=0.918 exp_mean=3842.4 addr_spec=4.317 addr_random=0.634 addr_full=0.1671 correct=498
  mpx-135 cover: trials=20880000 overall=0.9849 a0_nochange=0.9792 a0_change=0.9923 a1_nochange=0.9798 a1_change=0.9883 matched_but_wrong=0
  mpx-135 acc: trials=20880000 accuracy=0.9975
  mpx-135 traj: trials=21000000 wall=273603s knowledge=0.9831 reliable=531 spec=8.02 pop=3371
  mpx-135 diag: trials=21000000 micro=7981 pop_spec=11.99 spec_max=28 q_mean=0.615 q_max=1.000 q_above_half=2194 marked=0.251 mark_density=0.919 exp_mean=3718.4 addr_spec=4.377 addr_random=0.622 addr_full=0.1572 correct=498
  mpx-135 cover: trials=21000000 overall=0.9831 a0_nochange=0.9767 a0_change=0.9923 a1_nochange=0.9751 a1_change=0.9883 matched_but_wrong=0
  mpx-135 acc: trials=21000000 accuracy=0.9969
  mpx-135 traj: trials=21120000 wall=273666s knowledge=0.9836 reliable=528 spec=8.02 pop=3262
  mpx-135 diag: trials=21120000 micro=7908 pop_spec=12.12 spec_max=28 q_mean=0.613 q_max=1.000 q_above_half=2114 marked=0.248 mark_density=0.918 exp_mean=3878.7 addr_spec=4.345 addr_random=0.629 addr_full=0.1643 correct=498
  mpx-135 cover: trials=21120000 overall=0.9836 a0_nochange=0.9746 a0_change=0.9961 a1_nochange=0.9751 a1_change=0.9888 matched_but_wrong=0
  mpx-135 acc: trials=21120000 accuracy=0.9959
  mpx-135 traj: trials=21240000 wall=273728s knowledge=0.9846 reliable=539 spec=8.05 pop=3290
  mpx-135 diag: trials=21240000 micro=8018 pop_spec=12.05 spec_max=28 q_mean=0.613 q_max=1.000 q_above_half=2113 marked=0.249 mark_density=0.919 exp_mean=3882.0 addr_spec=4.416 addr_random=0.625 addr_full=0.1641 correct=498
  mpx-135 cover: trials=21240000 overall=0.9846 a0_nochange=0.9750 a0_change=0.9973 a1_nochange=0.9751 a1_change=0.9909 matched_but_wrong=0
  mpx-135 acc: trials=21240000 accuracy=0.9977
  mpx-135 traj: trials=21360000 wall=273794s knowledge=0.9850 reliable=530 spec=8.04 pop=3239
  mpx-135 diag: trials=21360000 micro=7983 pop_spec=12.07 spec_max=28 q_mean=0.614 q_max=1.000 q_above_half=2075 marked=0.253 mark_density=0.919 exp_mean=3979.2 addr_spec=4.369 addr_random=0.626 addr_full=0.1649 correct=498
  mpx-135 cover: trials=21360000 overall=0.9850 a0_nochange=0.9774 a0_change=0.9970 a1_nochange=0.9751 a1_change=0.9907 matched_but_wrong=0
  mpx-135 acc: trials=21360000 accuracy=0.9979
  mpx-135 traj: trials=21480000 wall=273860s knowledge=0.9844 reliable=530 spec=8.03 pop=3263
  mpx-135 diag: trials=21480000 micro=7921 pop_spec=12.01 spec_max=28 q_mean=0.615 q_max=1.000 q_above_half=2132 marked=0.260 mark_density=0.919 exp_mean=3986.1 addr_spec=4.351 addr_random=0.623 addr_full=0.1649 correct=498
  mpx-135 cover: trials=21480000 overall=0.9844 a0_nochange=0.9754 a0_change=0.9967 a1_nochange=0.9751 a1_change=0.9904 matched_but_wrong=0
  mpx-135 acc: trials=21480000 accuracy=0.9983
  mpx-135 traj: trials=21600000 wall=273921s knowledge=0.9865 reliable=533 spec=8.03 pop=3279
  mpx-135 diag: trials=21600000 micro=7957 pop_spec=12.05 spec_max=28 q_mean=0.618 q_max=1.000 q_above_half=2140 marked=0.258 mark_density=0.919 exp_mean=4002.7 addr_spec=4.366 addr_random=0.625 addr_full=0.1638 correct=500
  mpx-135 cover: trials=21600000 overall=0.9865 a0_nochange=0.9766 a0_change=0.9934 a1_nochange=0.9836 a1_change=0.9924 matched_but_wrong=0
  mpx-135 acc: trials=21600000 accuracy=0.9971
  mpx-135 traj: trials=21720000 wall=273981s knowledge=0.9864 reliable=533 spec=8.05 pop=3381
  mpx-135 diag: trials=21720000 micro=8116 pop_spec=11.87 spec_max=28 q_mean=0.614 q_max=1.000 q_above_half=2173 marked=0.261 mark_density=0.920 exp_mean=3908.8 addr_spec=4.387 addr_random=0.615 addr_full=0.1579 correct=499
  mpx-135 cover: trials=21720000 overall=0.9864 a0_nochange=0.9796 a0_change=0.9938 a1_nochange=0.9836 a1_change=0.9885 matched_but_wrong=0
  mpx-135 acc: trials=21720000 accuracy=0.9981
  mpx-135 traj: trials=21840000 wall=274041s knowledge=0.9880 reliable=534 spec=8.07 pop=3286
  mpx-135 diag: trials=21840000 micro=8031 pop_spec=11.97 spec_max=28 q_mean=0.617 q_max=1.000 q_above_half=2184 marked=0.243 mark_density=0.918 exp_mean=4049.7 addr_spec=4.346 addr_random=0.621 addr_full=0.1637 correct=499
  mpx-135 cover: trials=21840000 overall=0.9880 a0_nochange=0.9796 a0_change=0.9954 a1_nochange=0.9894 a1_change=0.9878 matched_but_wrong=0
  mpx-135 acc: trials=21840000 accuracy=0.9974
  mpx-135 traj: trials=21960000 wall=274111s knowledge=0.9883 reliable=546 spec=8.11 pop=3397
  mpx-135 diag: trials=21960000 micro=8059 pop_spec=11.79 spec_max=28 q_mean=0.619 q_max=1.000 q_above_half=2272 marked=0.257 mark_density=0.921 exp_mean=3952.6 addr_spec=4.414 addr_random=0.611 addr_full=0.1596 correct=500
  mpx-135 cover: trials=21960000 overall=0.9883 a0_nochange=0.9836 a0_change=0.9966 a1_nochange=0.9874 a1_change=0.9857 matched_but_wrong=0
  mpx-135 acc: trials=21960000 accuracy=0.9971
  mpx-135 traj: trials=22080000 wall=274182s knowledge=0.9907 reliable=539 spec=8.08 pop=3146
  mpx-135 diag: trials=22080000 micro=7905 pop_spec=12.06 spec_max=28 q_mean=0.619 q_max=1.000 q_above_half=2055 marked=0.237 mark_density=0.917 exp_mean=4305.0 addr_spec=4.373 addr_random=0.625 addr_full=0.1710 correct=502
  mpx-135 cover: trials=22080000 overall=0.9907 a0_nochange=0.9836 a0_change=0.9990 a1_nochange=0.9886 a1_change=0.9916 matched_but_wrong=0
  mpx-135 acc: trials=22080000 accuracy=0.9984
  mpx-135 traj: trials=22200000 wall=274245s knowledge=0.9875 reliable=531 spec=8.06 pop=3244
  mpx-135 diag: trials=22200000 micro=7918 pop_spec=11.89 spec_max=28 q_mean=0.614 q_max=1.000 q_above_half=2101 marked=0.261 mark_density=0.921 exp_mean=4200.5 addr_spec=4.423 addr_random=0.617 addr_full=0.1665 correct=498
  mpx-135 cover: trials=22200000 overall=0.9875 a0_nochange=0.9836 a0_change=0.9951 a1_nochange=0.9856 a1_change=0.9858 matched_but_wrong=0
  mpx-135 acc: trials=22200000 accuracy=0.9963
  mpx-135 traj: trials=22320000 wall=274306s knowledge=0.9895 reliable=541 spec=8.04 pop=3294
  mpx-135 diag: trials=22320000 micro=8030 pop_spec=11.80 spec_max=28 q_mean=0.615 q_max=1.000 q_above_half=2113 marked=0.257 mark_density=0.921 exp_mean=4173.2 addr_spec=4.442 addr_random=0.612 addr_full=0.1612 correct=499
  mpx-135 cover: trials=22320000 overall=0.9895 a0_nochange=0.9922 a0_change=0.9951 a1_nochange=0.9856 a1_change=0.9850 matched_but_wrong=0
  mpx-135 acc: trials=22320000 accuracy=0.9960
  mpx-135 traj: trials=22440000 wall=274367s knowledge=0.9869 reliable=530 spec=8.02 pop=3208
  mpx-135 diag: trials=22440000 micro=7921 pop_spec=11.87 spec_max=28 q_mean=0.615 q_max=1.000 q_above_half=2096 marked=0.256 mark_density=0.921 exp_mean=4321.4 addr_spec=4.420 addr_random=0.616 addr_full=0.1665 correct=498
  mpx-135 cover: trials=22440000 overall=0.9869 a0_nochange=0.9836 a0_change=0.9966 a1_nochange=0.9836 a1_change=0.9840 matched_but_wrong=0
  mpx-135 acc: trials=22440000 accuracy=0.9952
  mpx-135 traj: trials=22560000 wall=274430s knowledge=0.9881 reliable=524 spec=8.02 pop=3292
  mpx-135 diag: trials=22560000 micro=8042 pop_spec=11.74 spec_max=28 q_mean=0.612 q_max=1.000 q_above_half=2152 marked=0.242 mark_density=0.919 exp_mean=4247.0 addr_spec=4.408 addr_random=0.609 addr_full=0.1625 correct=499
  mpx-135 cover: trials=22560000 overall=0.9881 a0_nochange=0.9882 a0_change=0.9965 a1_nochange=0.9836 a1_change=0.9840 matched_but_wrong=0
  mpx-135 acc: trials=22560000 accuracy=0.9961
  mpx-135 traj: trials=22680000 wall=274501s knowledge=0.9884 reliable=526 spec=8.02 pop=3250
  mpx-135 diag: trials=22680000 micro=7947 pop_spec=11.78 spec_max=28 q_mean=0.620 q_max=1.000 q_above_half=2176 marked=0.258 mark_density=0.921 exp_mean=4338.6 addr_spec=4.389 addr_random=0.611 addr_full=0.1612 correct=500
  mpx-135 cover: trials=22680000 overall=0.9884 a0_nochange=0.9862 a0_change=0.9965 a1_nochange=0.9836 a1_change=0.9872 matched_but_wrong=0
  mpx-135 acc: trials=22680000 accuracy=0.9948
  mpx-135 traj: trials=22800000 wall=274571s knowledge=0.9888 reliable=532 spec=8.03 pop=3187
  mpx-135 diag: trials=22800000 micro=7843 pop_spec=11.85 spec_max=28 q_mean=0.616 q_max=1.000 q_above_half=2082 marked=0.246 mark_density=0.919 exp_mean=4461.7 addr_spec=4.411 addr_random=0.614 addr_full=0.1691 correct=499
  mpx-135 cover: trials=22800000 overall=0.9888 a0_nochange=0.9859 a0_change=0.9991 a1_nochange=0.9856 a1_change=0.9848 matched_but_wrong=0
  mpx-135 acc: trials=22800000 accuracy=0.9979
  mpx-135 traj: trials=22920000 wall=274633s knowledge=0.9880 reliable=535 spec=8.03 pop=3187
  mpx-135 diag: trials=22920000 micro=7896 pop_spec=11.87 spec_max=28 q_mean=0.619 q_max=1.000 q_above_half=2125 marked=0.252 mark_density=0.920 exp_mean=4498.7 addr_spec=4.441 addr_random=0.615 addr_full=0.1713 correct=499
  mpx-135 cover: trials=22920000 overall=0.9880 a0_nochange=0.9859 a0_change=0.9960 a1_nochange=0.9836 a1_change=0.9865 matched_but_wrong=0
  mpx-135 acc: trials=22920000 accuracy=0.9960
  mpx-135 traj: trials=23040000 wall=274695s knowledge=0.9888 reliable=542 spec=8.02 pop=3354
  mpx-135 diag: trials=23040000 micro=7990 pop_spec=11.61 spec_max=28 q_mean=0.616 q_max=1.000 q_above_half=2210 marked=0.257 mark_density=0.922 exp_mean=4309.0 addr_spec=4.446 addr_random=0.602 addr_full=0.1622 correct=499
  mpx-135 cover: trials=23040000 overall=0.9888 a0_nochange=0.9878 a0_change=0.9963 a1_nochange=0.9894 a1_change=0.9819 matched_but_wrong=0
  mpx-135 acc: trials=23040000 accuracy=0.9959
  mpx-135 traj: trials=23160000 wall=274756s knowledge=0.9896 reliable=534 spec=8.03 pop=3233
  mpx-135 diag: trials=23160000 micro=7942 pop_spec=11.80 spec_max=28 q_mean=0.619 q_max=1.000 q_above_half=2105 marked=0.255 mark_density=0.920 exp_mean=4506.5 addr_spec=4.456 addr_random=0.612 addr_full=0.1698 correct=499
  mpx-135 cover: trials=23160000 overall=0.9896 a0_nochange=0.9855 a0_change=0.9965 a1_nochange=0.9900 a1_change=0.9862 matched_but_wrong=0
  mpx-135 acc: trials=23160000 accuracy=0.9987
  mpx-135 traj: trials=23280000 wall=274826s knowledge=0.9899 reliable=540 spec=8.03 pop=3299
  mpx-135 diag: trials=23280000 micro=7942 pop_spec=11.67 spec_max=28 q_mean=0.621 q_max=1.000 q_above_half=2237 marked=0.249 mark_density=0.920 exp_mean=4452.8 addr_spec=4.473 addr_random=0.605 addr_full=0.1646 correct=500
  mpx-135 cover: trials=23280000 overall=0.9899 a0_nochange=0.9836 a0_change=0.9970 a1_nochange=0.9900 a1_change=0.9892 matched_but_wrong=0
  mpx-135 acc: trials=23280000 accuracy=0.9972
  mpx-135 traj: trials=23400000 wall=274896s knowledge=0.9887 reliable=536 spec=8.02 pop=3228
  mpx-135 diag: trials=23400000 micro=7910 pop_spec=11.72 spec_max=28 q_mean=0.616 q_max=1.000 q_above_half=2118 marked=0.262 mark_density=0.921 exp_mean=4575.7 addr_spec=4.431 addr_random=0.608 addr_full=0.1698 correct=499
  mpx-135 cover: trials=23400000 overall=0.9887 a0_nochange=0.9836 a0_change=0.9927 a1_nochange=0.9903 a1_change=0.9882 matched_but_wrong=0
  mpx-135 acc: trials=23400000 accuracy=0.9966
  mpx-135 traj: trials=23520000 wall=274959s knowledge=0.9893 reliable=534 spec=8.02 pop=3169
  mpx-135 diag: trials=23520000 micro=7925 pop_spec=11.76 spec_max=28 q_mean=0.618 q_max=1.000 q_above_half=2104 marked=0.254 mark_density=0.920 exp_mean=4696.0 addr_spec=4.405 addr_random=0.610 addr_full=0.1723 correct=500
  mpx-135 cover: trials=23520000 overall=0.9893 a0_nochange=0.9895 a0_change=0.9924 a1_nochange=0.9882 a1_change=0.9872 matched_but_wrong=0
  mpx-135 acc: trials=23520000 accuracy=0.9954
  mpx-135 traj: trials=23640000 wall=275019s knowledge=0.9896 reliable=542 spec=8.03 pop=3238
  mpx-135 diag: trials=23640000 micro=7864 pop_spec=11.67 spec_max=28 q_mean=0.618 q_max=1.000 q_above_half=2142 marked=0.257 mark_density=0.921 exp_mean=4633.3 addr_spec=4.416 addr_random=0.605 addr_full=0.1665 correct=499
  mpx-135 cover: trials=23640000 overall=0.9896 a0_nochange=0.9860 a0_change=0.9924 a1_nochange=0.9904 a1_change=0.9895 matched_but_wrong=0
  mpx-135 acc: trials=23640000 accuracy=0.9954
  mpx-135 traj: trials=23760000 wall=275081s knowledge=0.9883 reliable=532 spec=8.03 pop=3147
  mpx-135 diag: trials=23760000 micro=7874 pop_spec=11.80 spec_max=28 q_mean=0.620 q_max=1.000 q_above_half=2092 marked=0.250 mark_density=0.919 exp_mean=4803.8 addr_spec=4.456 addr_random=0.612 addr_full=0.1719 correct=498
  mpx-135 cover: trials=23760000 overall=0.9883 a0_nochange=0.9836 a0_change=0.9945 a1_nochange=0.9897 a1_change=0.9854 matched_but_wrong=0
  mpx-135 acc: trials=23760000 accuracy=0.9942
  mpx-135 traj: trials=23880000 wall=275145s knowledge=0.9892 reliable=531 spec=8.03 pop=3149
  mpx-135 diag: trials=23880000 micro=7825 pop_spec=11.74 spec_max=28 q_mean=0.619 q_max=1.000 q_above_half=2107 marked=0.247 mark_density=0.919 exp_mean=4838.2 addr_spec=4.396 addr_random=0.609 addr_full=0.1686 correct=498
  mpx-135 cover: trials=23880000 overall=0.9892 a0_nochange=0.9859 a0_change=0.9962 a1_nochange=0.9880 a1_change=0.9868 matched_but_wrong=0
  mpx-135 acc: trials=23880000 accuracy=0.9954
  mpx-135 traj: trials=24000000 wall=275215s knowledge=0.9875 reliable=531 spec=8.03 pop=3147
  mpx-135 diag: trials=24000000 micro=7872 pop_spec=11.76 spec_max=28 q_mean=0.619 q_max=1.000 q_above_half=2085 marked=0.250 mark_density=0.918 exp_mean=4878.8 addr_spec=4.431 addr_random=0.610 addr_full=0.1706 correct=498
  mpx-135 cover: trials=24000000 overall=0.9875 a0_nochange=0.9857 a0_change=0.9958 a1_nochange=0.9836 a1_change=0.9848 matched_but_wrong=0
  mpx-135 acc: trials=24000000 accuracy=0.9947
  mpx-135 traj: trials=24120000 wall=275285s knowledge=0.9891 reliable=529 spec=8.02 pop=3160
  mpx-135 diag: trials=24120000 micro=7845 pop_spec=11.67 spec_max=28 q_mean=0.616 q_max=1.000 q_above_half=2057 marked=0.252 mark_density=0.919 exp_mean=4896.5 addr_spec=4.419 addr_random=0.605 addr_full=0.1693 correct=498
  mpx-135 cover: trials=24120000 overall=0.9891 a0_nochange=0.9881 a0_change=0.9972 a1_nochange=0.9836 a1_change=0.9873 matched_but_wrong=0
  mpx-135 acc: trials=24120000 accuracy=0.9973
  mpx-135 traj: trials=24240000 wall=275347s knowledge=0.9880 reliable=527 spec=8.02 pop=3203
  mpx-135 diag: trials=24240000 micro=7895 pop_spec=11.62 spec_max=28 q_mean=0.616 q_max=1.000 q_above_half=2142 marked=0.254 mark_density=0.920 exp_mean=4867.7 addr_spec=4.427 addr_random=0.602 addr_full=0.1670 correct=498
  mpx-135 cover: trials=24240000 overall=0.9880 a0_nochange=0.9856 a0_change=0.9944 a1_nochange=0.9858 a1_change=0.9864 matched_but_wrong=0
  mpx-135 acc: trials=24240000 accuracy=0.9961
  mpx-135 traj: trials=24360000 wall=275407s knowledge=0.9875 reliable=525 spec=8.02 pop=3120
  mpx-135 diag: trials=24360000 micro=7884 pop_spec=11.72 spec_max=28 q_mean=0.621 q_max=1.000 q_above_half=2058 marked=0.273 mark_density=0.921 exp_mean=5035.0 addr_spec=4.444 addr_random=0.607 addr_full=0.1718 correct=498
  mpx-135 cover: trials=24360000 overall=0.9875 a0_nochange=0.9856 a0_change=0.9934 a1_nochange=0.9858 a1_change=0.9850 matched_but_wrong=0
  mpx-135 acc: trials=24360000 accuracy=0.9940
  mpx-135 traj: trials=24480000 wall=275468s knowledge=0.9892 reliable=537 spec=8.02 pop=3228
  mpx-135 diag: trials=24480000 micro=7887 pop_spec=11.54 spec_max=28 q_mean=0.616 q_max=1.000 q_above_half=2127 marked=0.270 mark_density=0.922 exp_mean=4903.9 addr_spec=4.433 addr_random=0.598 addr_full=0.1664 correct=500
  mpx-135 cover: trials=24480000 overall=0.9892 a0_nochange=0.9869 a0_change=0.9936 a1_nochange=0.9876 a1_change=0.9886 matched_but_wrong=0
  mpx-135 acc: trials=24480000 accuracy=0.9924
  mpx-135 traj: trials=24600000 wall=275531s knowledge=0.9897 reliable=538 spec=8.03 pop=3073
  mpx-135 diag: trials=24600000 micro=7776 pop_spec=11.70 spec_max=28 q_mean=0.619 q_max=1.000 q_above_half=2036 marked=0.244 mark_density=0.917 exp_mean=5189.8 addr_spec=4.437 addr_random=0.607 addr_full=0.1787 correct=500
  mpx-135 cover: trials=24600000 overall=0.9897 a0_nochange=0.9887 a0_change=0.9934 a1_nochange=0.9879 a1_change=0.9886 matched_but_wrong=0
  mpx-135 acc: trials=24600000 accuracy=0.9961
  mpx-135 traj: trials=24720000 wall=275594s knowledge=0.9894 reliable=535 spec=8.03 pop=3102
  mpx-135 diag: trials=24720000 micro=7762 pop_spec=11.68 spec_max=28 q_mean=0.618 q_max=1.000 q_above_half=2030 marked=0.256 mark_density=0.919 exp_mean=5179.5 addr_spec=4.478 addr_random=0.605 addr_full=0.1725 correct=500
  mpx-135 cover: trials=24720000 overall=0.9894 a0_nochange=0.9876 a0_change=0.9934 a1_nochange=0.9879 a1_change=0.9886 matched_but_wrong=0
  mpx-135 acc: trials=24720000 accuracy=0.9949
  mpx-135 traj: trials=24840000 wall=275657s knowledge=0.9907 reliable=532 spec=8.02 pop=3214
  mpx-135 diag: trials=24840000 micro=7961 pop_spec=11.50 spec_max=28 q_mean=0.615 q_max=1.000 q_above_half=2113 marked=0.261 mark_density=0.920 exp_mean=5035.9 addr_spec=4.500 addr_random=0.596 addr_full=0.1680 correct=502
  mpx-135 cover: trials=24840000 overall=0.9907 a0_nochange=0.9858 a0_change=0.9964 a1_nochange=0.9886 a1_change=0.9920 matched_but_wrong=0
  mpx-135 acc: trials=24840000 accuracy=0.9976
  mpx-135 traj: trials=24960000 wall=275718s knowledge=0.9905 reliable=526 spec=8.02 pop=3142
  mpx-135 diag: trials=24960000 micro=7806 pop_spec=11.57 spec_max=28 q_mean=0.617 q_max=1.000 q_above_half=2069 marked=0.268 mark_density=0.921 exp_mean=5189.1 addr_spec=4.455 addr_random=0.600 addr_full=0.1725 correct=501
  mpx-135 cover: trials=24960000 overall=0.9905 a0_nochange=0.9878 a0_change=0.9964 a1_nochange=0.9858 a1_change=0.9920 matched_but_wrong=0
  mpx-135 acc: trials=24960000 accuracy=0.9983
  mpx-135 traj: trials=25080000 wall=275778s knowledge=0.9896 reliable=534 spec=8.02 pop=3169
  mpx-135 diag: trials=25080000 micro=7891 pop_spec=11.49 spec_max=28 q_mean=0.621 q_max=1.000 q_above_half=2138 marked=0.259 mark_density=0.921 exp_mean=5182.1 addr_spec=4.468 addr_random=0.596 addr_full=0.1695 correct=500
  mpx-135 cover: trials=25080000 overall=0.9896 a0_nochange=0.9878 a0_change=0.9924 a1_nochange=0.9836 a1_change=0.9943 matched_but_wrong=0
  mpx-135 acc: trials=25080000 accuracy=0.9966
  mpx-135 traj: trials=25200000 wall=275839s knowledge=0.9876 reliable=528 spec=8.02 pop=3122
  mpx-135 diag: trials=25200000 micro=7798 pop_spec=11.53 spec_max=28 q_mean=0.617 q_max=1.000 q_above_half=2079 marked=0.253 mark_density=0.920 exp_mean=5297.6 addr_spec=4.479 addr_random=0.598 addr_full=0.1758 correct=499
  mpx-135 cover: trials=25200000 overall=0.9876 a0_nochange=0.9859 a0_change=0.9924 a1_nochange=0.9836 a1_change=0.9886 matched_but_wrong=0
  mpx-135 acc: trials=25200000 accuracy=0.9960
  mpx-135 traj: trials=25320000 wall=275909s knowledge=0.9875 reliable=531 spec=8.02 pop=3184
  mpx-135 diag: trials=25320000 micro=7883 pop_spec=11.51 spec_max=28 q_mean=0.622 q_max=1.000 q_above_half=2149 marked=0.263 mark_density=0.921 exp_mean=5232.2 addr_spec=4.499 addr_random=0.597 addr_full=0.1655 correct=499
  mpx-135 cover: trials=25320000 overall=0.9875 a0_nochange=0.9859 a0_change=0.9924 a1_nochange=0.9836 a1_change=0.9881 matched_but_wrong=0
  mpx-135 acc: trials=25320000 accuracy=0.9968
  mpx-135 traj: trials=25440000 wall=275977s knowledge=0.9883 reliable=534 spec=8.02 pop=3122
  mpx-135 diag: trials=25440000 micro=7860 pop_spec=11.50 spec_max=28 q_mean=0.623 q_max=1.000 q_above_half=2070 marked=0.245 mark_density=0.919 exp_mean=5374.5 addr_spec=4.505 addr_random=0.596 addr_full=0.1749 correct=499
  mpx-135 cover: trials=25440000 overall=0.9883 a0_nochange=0.9836 a0_change=0.9943 a1_nochange=0.9855 a1_change=0.9899 matched_but_wrong=0
  mpx-135 acc: trials=25440000 accuracy=0.9959
  mpx-135 traj: trials=25560000 wall=276042s knowledge=0.9877 reliable=526 spec=8.02 pop=3074
  mpx-135 diag: trials=25560000 micro=7861 pop_spec=11.55 spec_max=28 q_mean=0.620 q_max=1.000 q_above_half=2043 marked=0.268 mark_density=0.921 exp_mean=5496.7 addr_spec=4.482 addr_random=0.599 addr_full=0.1737 correct=499
  mpx-135 cover: trials=25560000 overall=0.9877 a0_nochange=0.9836 a0_change=0.9943 a1_nochange=0.9836 a1_change=0.9895 matched_but_wrong=0
  mpx-135 acc: trials=25560000 accuracy=0.9978
  mpx-135 traj: trials=25680000 wall=276103s knowledge=0.9883 reliable=537 spec=8.02 pop=3140
  mpx-135 diag: trials=25680000 micro=7843 pop_spec=11.44 spec_max=28 q_mean=0.622 q_max=1.000 q_above_half=2145 marked=0.249 mark_density=0.920 exp_mean=5418.0 addr_spec=4.500 addr_random=0.593 addr_full=0.1704 correct=499
  mpx-135 cover: trials=25680000 overall=0.9883 a0_nochange=0.9853 a0_change=0.9924 a1_nochange=0.9856 a1_change=0.9897 matched_but_wrong=0
  mpx-135 acc: trials=25680000 accuracy=0.9962
  mpx-135 traj: trials=25800000 wall=276163s knowledge=0.9910 reliable=543 spec=8.02 pop=3098
  mpx-135 diag: trials=25800000 micro=7792 pop_spec=11.52 spec_max=28 q_mean=0.622 q_max=1.000 q_above_half=2096 marked=0.258 mark_density=0.920 exp_mean=5530.2 addr_spec=4.507 addr_random=0.597 addr_full=0.1717 correct=502
  mpx-135 cover: trials=25800000 overall=0.9910 a0_nochange=0.9904 a0_change=0.9934 a1_nochange=0.9836 a1_change=0.9966 matched_but_wrong=0
  mpx-135 acc: trials=25800000 accuracy=0.9984
  mpx-135 traj: trials=25920000 wall=276229s knowledge=0.9915 reliable=531 spec=8.02 pop=3139
  mpx-135 diag: trials=25920000 micro=7831 pop_spec=11.38 spec_max=28 q_mean=0.619 q_max=1.000 q_above_half=2097 marked=0.254 mark_density=0.921 exp_mean=5492.8 addr_spec=4.485 addr_random=0.590 addr_full=0.1743 correct=502
  mpx-135 cover: trials=25920000 overall=0.9915 a0_nochange=0.9904 a0_change=0.9924 a1_nochange=0.9882 a1_change=0.9948 matched_but_wrong=0
  mpx-135 acc: trials=25920000 accuracy=0.9968
  mpx-135 traj: trials=26040000 wall=276299s knowledge=0.9919 reliable=530 spec=8.02 pop=3125
  mpx-135 diag: trials=26040000 micro=7847 pop_spec=11.43 spec_max=28 q_mean=0.619 q_max=1.000 q_above_half=2052 marked=0.244 mark_density=0.920 exp_mean=5555.2 addr_spec=4.521 addr_random=0.593 addr_full=0.1741 correct=503
  mpx-135 cover: trials=26040000 overall=0.9919 a0_nochange=0.9904 a0_change=0.9924 a1_nochange=0.9916 a1_change=0.9931 matched_but_wrong=0
  mpx-135 acc: trials=26040000 accuracy=0.9975
  mpx-135 traj: trials=26160000 wall=276368s knowledge=0.9928 reliable=532 spec=8.02 pop=3113
  mpx-135 diag: trials=26160000 micro=7892 pop_spec=11.42 spec_max=28 q_mean=0.621 q_max=1.000 q_above_half=2027 marked=0.279 mark_density=0.923 exp_mean=5611.9 addr_spec=4.513 addr_random=0.592 addr_full=0.1722 correct=504
  mpx-135 cover: trials=26160000 overall=0.9928 a0_nochange=0.9914 a0_change=0.9941 a1_nochange=0.9916 a1_change=0.9941 matched_but_wrong=0
  mpx-135 acc: trials=26160000 accuracy=0.9983
  mpx-135 traj: trials=26280000 wall=276428s knowledge=0.9924 reliable=526 spec=8.02 pop=3075
  mpx-135 diag: trials=26280000 micro=7792 pop_spec=11.47 spec_max=28 q_mean=0.623 q_max=1.000 q_above_half=2074 marked=0.250 mark_density=0.919 exp_mean=5714.2 addr_spec=4.477 addr_random=0.595 addr_full=0.1730 correct=504
  mpx-135 cover: trials=26280000 overall=0.9924 a0_nochange=0.9914 a0_change=0.9924 a1_nochange=0.9926 a1_change=0.9931 matched_but_wrong=0
  mpx-135 acc: trials=26280000 accuracy=0.9969
  mpx-135 traj: trials=26400000 wall=276488s knowledge=0.9930 reliable=543 spec=8.03 pop=3149
  mpx-135 diag: trials=26400000 micro=7820 pop_spec=11.37 spec_max=28 q_mean=0.621 q_max=1.000 q_above_half=2099 marked=0.255 mark_density=0.921 exp_mean=5618.7 addr_spec=4.538 addr_random=0.589 addr_full=0.1693 correct=504
  mpx-135 cover: trials=26400000 overall=0.9930 a0_nochange=0.9914 a0_change=0.9933 a1_nochange=0.9916 a1_change=0.9956 matched_but_wrong=0
  mpx-135 acc: trials=26400000 accuracy=0.9973
  mpx-135 traj: trials=26520000 wall=276548s knowledge=0.9926 reliable=533 spec=8.02 pop=3174
  mpx-135 diag: trials=26520000 micro=7891 pop_spec=11.30 spec_max=28 q_mean=0.623 q_max=1.000 q_above_half=2156 marked=0.262 mark_density=0.921 exp_mean=5611.8 addr_spec=4.571 addr_random=0.586 addr_full=0.1730 correct=504
  mpx-135 cover: trials=26520000 overall=0.9926 a0_nochange=0.9914 a0_change=0.9924 a1_nochange=0.9916 a1_change=0.9948 matched_but_wrong=0
  mpx-135 acc: trials=26520000 accuracy=0.9965
  mpx-135 traj: trials=26640000 wall=276617s knowledge=0.9923 reliable=535 spec=8.03 pop=3174
  mpx-135 diag: trials=26640000 micro=7803 pop_spec=11.28 spec_max=28 q_mean=0.620 q_max=1.000 q_above_half=2119 marked=0.260 mark_density=0.922 exp_mean=5649.2 addr_spec=4.521 addr_random=0.585 addr_full=0.1717 correct=504
  mpx-135 cover: trials=26640000 overall=0.9923 a0_nochange=0.9914 a0_change=0.9924 a1_nochange=0.9916 a1_change=0.9939 matched_but_wrong=0
  mpx-135 acc: trials=26640000 accuracy=0.9967
  mpx-135 traj: trials=26760000 wall=276686s knowledge=0.9936 reliable=536 spec=8.02 pop=3095
  mpx-135 diag: trials=26760000 micro=7827 pop_spec=11.37 spec_max=28 q_mean=0.624 q_max=1.000 q_above_half=2079 marked=0.256 mark_density=0.921 exp_mean=5832.1 addr_spec=4.545 addr_random=0.589 addr_full=0.1767 correct=505
  mpx-135 cover: trials=26760000 overall=0.9936 a0_nochange=0.9914 a0_change=0.9960 a1_nochange=0.9916 a1_change=0.9955 matched_but_wrong=0
  mpx-135 acc: trials=26760000 accuracy=0.9980
  mpx-135 traj: trials=26880000 wall=276750s knowledge=0.9931 reliable=535 spec=8.04 pop=3031
  mpx-135 diag: trials=26880000 micro=7780 pop_spec=11.47 spec_max=28 q_mean=0.631 q_max=1.000 q_above_half=2115 marked=0.271 mark_density=0.922 exp_mean=5994.4 addr_spec=4.544 addr_random=0.595 addr_full=0.1788 correct=504
  mpx-135 cover: trials=26880000 overall=0.9931 a0_nochange=0.9914 a0_change=0.9925 a1_nochange=0.9933 a1_change=0.9953 matched_but_wrong=0
  mpx-135 acc: trials=26880000 accuracy=0.9987
  mpx-135 traj: trials=27000000 wall=276810s knowledge=0.9932 reliable=532 spec=8.02 pop=3123
  mpx-135 diag: trials=27000000 micro=7757 pop_spec=11.29 spec_max=28 q_mean=0.624 q_max=1.000 q_above_half=2146 marked=0.258 mark_density=0.922 exp_mean=5855.7 addr_spec=4.509 addr_random=0.585 addr_full=0.1768 correct=505
  mpx-135 cover: trials=27000000 overall=0.9932 a0_nochange=0.9955 a0_change=0.9924 a1_nochange=0.9916 a1_change=0.9931 matched_but_wrong=0
  mpx-135 acc: trials=27000000 accuracy=0.9967
  mpx-135 traj: trials=27120000 wall=276871s knowledge=0.9955 reliable=536 spec=8.02 pop=2994
  mpx-135 diag: trials=27120000 micro=7762 pop_spec=11.45 spec_max=28 q_mean=0.626 q_max=1.000 q_above_half=2059 marked=0.252 mark_density=0.920 exp_mean=6148.0 addr_spec=4.571 addr_random=0.594 addr_full=0.1827 correct=506
  mpx-135 cover: trials=27120000 overall=0.9955 a0_nochange=0.9974 a0_change=0.9964 a1_nochange=0.9938 a1_change=0.9943 matched_but_wrong=0
  mpx-135 acc: trials=27120000 accuracy=0.9987
  mpx-135 traj: trials=27240000 wall=276935s knowledge=0.9948 reliable=530 spec=8.02 pop=3071
  mpx-135 diag: trials=27240000 micro=7765 pop_spec=11.30 spec_max=28 q_mean=0.622 q_max=1.000 q_above_half=2084 marked=0.245 mark_density=0.920 exp_mean=6032.4 addr_spec=4.547 addr_random=0.586 addr_full=0.1775 correct=506
  mpx-135 cover: trials=27240000 overall=0.9948 a0_nochange=0.9955 a0_change=0.9964 a1_nochange=0.9938 a1_change=0.9936 matched_but_wrong=0
  mpx-135 acc: trials=27240000 accuracy=0.9971
  mpx-135 traj: trials=27360000 wall=277005s knowledge=0.9943 reliable=528 spec=8.02 pop=3027
  mpx-135 diag: trials=27360000 micro=7807 pop_spec=11.30 spec_max=28 q_mean=0.618 q_max=1.000 q_above_half=2007 marked=0.268 mark_density=0.922 exp_mean=6159.4 addr_spec=4.550 addr_random=0.586 addr_full=0.1774 correct=506
  mpx-135 cover: trials=27360000 overall=0.9943 a0_nochange=0.9955 a0_change=0.9934 a1_nochange=0.9954 a1_change=0.9931 matched_but_wrong=0
  mpx-135 acc: trials=27360000 accuracy=0.9969
  mpx-135 traj: trials=27480000 wall=277072s knowledge=0.9941 reliable=530 spec=8.02 pop=3067
  mpx-135 diag: trials=27480000 micro=7783 pop_spec=11.22 spec_max=28 q_mean=0.622 q_max=1.000 q_above_half=2093 marked=0.271 mark_density=0.923 exp_mean=6118.1 addr_spec=4.496 addr_random=0.582 addr_full=0.1774 correct=506
  mpx-135 cover: trials=27480000 overall=0.9941 a0_nochange=0.9955 a0_change=0.9924 a1_nochange=0.9954 a1_change=0.9931 matched_but_wrong=0
  mpx-135 acc: trials=27480000 accuracy=0.9972
  mpx-135 traj: trials=27600000 wall=277132s knowledge=0.9950 reliable=537 spec=8.02 pop=3102
  mpx-135 diag: trials=27600000 micro=7830 pop_spec=11.16 spec_max=28 q_mean=0.623 q_max=1.000 q_above_half=2106 marked=0.261 mark_density=0.922 exp_mean=6087.8 addr_spec=4.551 addr_random=0.579 addr_full=0.1738 correct=506
  mpx-135 cover: trials=27600000 overall=0.9950 a0_nochange=1.0000 a0_change=0.9944 a1_nochange=0.9916 a1_change=0.9940 matched_but_wrong=0
  mpx-135 acc: trials=27600000 accuracy=0.9971
  mpx-135 traj: trials=27720000 wall=277192s knowledge=0.9953 reliable=536 spec=8.03 pop=3090
  mpx-135 diag: trials=27720000 micro=7842 pop_spec=11.17 spec_max=28 q_mean=0.624 q_max=1.000 q_above_half=2117 marked=0.247 mark_density=0.920 exp_mean=6150.1 addr_spec=4.601 addr_random=0.579 addr_full=0.1773 correct=506
  mpx-135 cover: trials=27720000 overall=0.9953 a0_nochange=1.0000 a0_change=0.9942 a1_nochange=0.9916 a1_change=0.9952 matched_but_wrong=0
  mpx-135 acc: trials=27720000 accuracy=0.9976
  mpx-135 traj: trials=27840000 wall=277252s knowledge=0.9947 reliable=522 spec=8.02 pop=3004
  mpx-135 diag: trials=27840000 micro=7763 pop_spec=11.27 spec_max=28 q_mean=0.623 q_max=1.000 q_above_half=2030 marked=0.247 mark_density=0.920 exp_mean=6361.6 addr_spec=4.584 addr_random=0.585 addr_full=0.1801 correct=506
  mpx-135 cover: trials=27840000 overall=0.9947 a0_nochange=1.0000 a0_change=0.9942 a1_nochange=0.9916 a1_change=0.9931 matched_but_wrong=0
  mpx-135 acc: trials=27840000 accuracy=0.9970
  mpx-135 traj: trials=27960000 wall=277314s knowledge=0.9950 reliable=536 spec=8.03 pop=3123
  mpx-135 diag: trials=27960000 micro=7906 pop_spec=11.12 spec_max=28 q_mean=0.622 q_max=1.000 q_above_half=2112 marked=0.272 mark_density=0.923 exp_mean=6158.1 addr_spec=4.624 addr_random=0.577 addr_full=0.1768 correct=506
  mpx-135 cover: trials=27960000 overall=0.9950 a0_nochange=1.0000 a0_change=0.9945 a1_nochange=0.9916 a1_change=0.9938 matched_but_wrong=0
  mpx-135 acc: trials=27960000 accuracy=0.9976
  mpx-135 traj: trials=28080000 wall=277380s knowledge=0.9953 reliable=537 spec=8.03 pop=3050
  mpx-135 diag: trials=28080000 micro=7837 pop_spec=11.17 spec_max=28 q_mean=0.623 q_max=1.000 q_above_half=2094 marked=0.255 mark_density=0.922 exp_mean=6344.6 addr_spec=4.579 addr_random=0.579 addr_full=0.1741 correct=506
  mpx-135 cover: trials=28080000 overall=0.9953 a0_nochange=1.0000 a0_change=0.9945 a1_nochange=0.9916 a1_change=0.9952 matched_but_wrong=0
  mpx-135 acc: trials=28080000 accuracy=0.9966
  mpx-135 traj: trials=28200000 wall=277443s knowledge=0.9953 reliable=533 spec=8.03 pop=2976
  mpx-135 diag: trials=28200000 micro=7754 pop_spec=11.22 spec_max=28 q_mean=0.624 q_max=1.000 q_above_half=2032 marked=0.262 mark_density=0.921 exp_mean=6542.4 addr_spec=4.513 addr_random=0.582 addr_full=0.1808 correct=507
  mpx-135 cover: trials=28200000 overall=0.9953 a0_nochange=1.0000 a0_change=0.9963 a1_nochange=0.9916 a1_change=0.9934 matched_but_wrong=0
  mpx-135 acc: trials=28200000 accuracy=0.9967
  mpx-135 traj: trials=28320000 wall=277501s knowledge=0.9951 reliable=534 spec=8.03 pop=3105
  mpx-135 diag: trials=28320000 micro=7881 pop_spec=11.10 spec_max=28 q_mean=0.625 q_max=1.000 q_above_half=2111 marked=0.274 mark_density=0.924 exp_mean=6304.7 addr_spec=4.569 addr_random=0.575 addr_full=0.1794 correct=507
  mpx-135 cover: trials=28320000 overall=0.9951 a0_nochange=1.0000 a0_change=0.9930 a1_nochange=0.9916 a1_change=0.9956 matched_but_wrong=0
  mpx-135 acc: trials=28320000 accuracy=0.9982
  mpx-135 traj: trials=28440000 wall=277559s knowledge=0.9952 reliable=535 spec=8.02 pop=3018
  mpx-135 diag: trials=28440000 micro=7779 pop_spec=11.15 spec_max=28 q_mean=0.623 q_max=1.000 q_above_half=2035 marked=0.254 mark_density=0.921 exp_mean=6526.1 addr_spec=4.568 addr_random=0.578 addr_full=0.1819 correct=507
  mpx-135 cover: trials=28440000 overall=0.9952 a0_nochange=1.0000 a0_change=0.9947 a1_nochange=0.9916 a1_change=0.9946 matched_but_wrong=0
  mpx-135 acc: trials=28440000 accuracy=0.9986
  mpx-135 traj: trials=28560000 wall=277618s knowledge=0.9948 reliable=537 spec=8.02 pop=3012
  mpx-135 diag: trials=28560000 micro=7699 pop_spec=11.13 spec_max=28 q_mean=0.624 q_max=1.000 q_above_half=2021 marked=0.262 mark_density=0.922 exp_mean=6578.9 addr_spec=4.595 addr_random=0.577 addr_full=0.1799 correct=507
  mpx-135 cover: trials=28560000 overall=0.9948 a0_nochange=1.0000 a0_change=0.9930 a1_nochange=0.9916 a1_change=0.9946 matched_but_wrong=0
  mpx-135 acc: trials=28560000 accuracy=0.9970
  mpx-135 traj: trials=28680000 wall=277677s knowledge=0.9961 reliable=526 spec=8.02 pop=3043
  mpx-135 diag: trials=28680000 micro=7778 pop_spec=11.10 spec_max=28 q_mean=0.624 q_max=1.000 q_above_half=2056 marked=0.272 mark_density=0.923 exp_mean=6550.9 addr_spec=4.610 addr_random=0.575 addr_full=0.1840 correct=508
  mpx-135 cover: trials=28680000 overall=0.9961 a0_nochange=1.0000 a0_change=0.9945 a1_nochange=0.9916 a1_change=0.9982 matched_but_wrong=0
  mpx-135 acc: trials=28680000 accuracy=0.9993
  mpx-135 traj: trials=28800000 wall=277735s knowledge=0.9989 reliable=537 spec=8.03 pop=2957
  mpx-135 diag: trials=28800000 micro=7713 pop_spec=11.16 spec_max=28 q_mean=0.623 q_max=1.000 q_above_half=1951 marked=0.269 mark_density=0.922 exp_mean=6781.9 addr_spec=4.596 addr_random=0.579 addr_full=0.1870 correct=510
  mpx-135 cover: trials=28800000 overall=0.9989 a0_nochange=1.0000 a0_change=1.0000 a1_nochange=0.9962 a1_change=0.9993 matched_but_wrong=0
  mpx-135 acc: trials=28800000 accuracy=0.9998
  mpx-135 traj: trials=28920000 wall=277794s knowledge=0.9976 reliable=531 spec=8.02 pop=2957
  mpx-135 diag: trials=28920000 micro=7767 pop_spec=11.12 spec_max=28 q_mean=0.623 q_max=1.000 q_above_half=1989 marked=0.252 mark_density=0.921 exp_mean=6817.7 addr_spec=4.582 addr_random=0.576 addr_full=0.1830 correct=509
  mpx-135 cover: trials=28920000 overall=0.9976 a0_nochange=1.0000 a0_change=1.0000 a1_nochange=0.9918 a1_change=0.9986 matched_but_wrong=0
  mpx-135 acc: trials=28920000 accuracy=0.9994
  mpx-135 traj: trials=29040000 wall=277853s knowledge=0.9973 reliable=539 spec=8.02 pop=3008
  mpx-135 diag: trials=29040000 micro=7770 pop_spec=11.08 spec_max=28 q_mean=0.626 q_max=1.000 q_above_half=2047 marked=0.248 mark_density=0.920 exp_mean=6741.8 addr_spec=4.617 addr_random=0.575 addr_full=0.1812 correct=509
  mpx-135 cover: trials=29040000 overall=0.9973 a0_nochange=1.0000 a0_change=1.0000 a1_nochange=0.9916 a1_change=0.9974 matched_but_wrong=0
  mpx-135 acc: trials=29040000 accuracy=0.9992
  mpx-135 traj: trials=29160000 wall=277914s knowledge=0.9964 reliable=531 spec=8.02 pop=2930
  mpx-135 diag: trials=29160000 micro=7728 pop_spec=11.15 spec_max=28 q_mean=0.624 q_max=1.000 q_above_half=1981 marked=0.254 mark_density=0.921 exp_mean=6961.8 addr_spec=4.547 addr_random=0.578 addr_full=0.1860 correct=509
  mpx-135 cover: trials=29160000 overall=0.9964 a0_nochange=1.0000 a0_change=1.0000 a1_nochange=0.9916 a1_change=0.9938 matched_but_wrong=0
  mpx-135 acc: trials=29160000 accuracy=0.9981
  mpx-135 traj: trials=29280000 wall=277983s knowledge=0.9968 reliable=534 spec=8.03 pop=3028
  mpx-135 diag: trials=29280000 micro=7815 pop_spec=11.04 spec_max=28 q_mean=0.623 q_max=1.000 q_above_half=2037 marked=0.253 mark_density=0.922 exp_mean=6775.7 addr_spec=4.646 addr_random=0.572 addr_full=0.1803 correct=509
  mpx-135 cover: trials=29280000 overall=0.9968 a0_nochange=1.0000 a0_change=1.0000 a1_nochange=0.9916 a1_change=0.9956 matched_but_wrong=0
  mpx-135 acc: trials=29280000 accuracy=0.9991
  mpx-135 traj: trials=29400000 wall=278051s knowledge=0.9967 reliable=531 spec=8.02 pop=2921
  mpx-135 diag: trials=29400000 micro=7667 pop_spec=11.14 spec_max=28 q_mean=0.625 q_max=1.000 q_above_half=2004 marked=0.253 mark_density=0.920 exp_mean=7065.0 addr_spec=4.629 addr_random=0.578 addr_full=0.1862 correct=509
  mpx-135 cover: trials=29400000 overall=0.9967 a0_nochange=1.0000 a0_change=1.0000 a1_nochange=0.9916 a1_change=0.9951 matched_but_wrong=0
  mpx-135 acc: trials=29400000 accuracy=0.9994
  mpx-135 traj: trials=29520000 wall=278111s knowledge=0.9964 reliable=530 spec=8.02 pop=2996
  mpx-135 diag: trials=29520000 micro=7762 pop_spec=11.06 spec_max=28 q_mean=0.625 q_max=1.000 q_above_half=2009 marked=0.258 mark_density=0.922 exp_mean=6928.0 addr_spec=4.624 addr_random=0.573 addr_full=0.1812 correct=509
  mpx-135 cover: trials=29520000 overall=0.9964 a0_nochange=1.0000 a0_change=1.0000 a1_nochange=0.9916 a1_change=0.9938 matched_but_wrong=0
  mpx-135 acc: trials=29520000 accuracy=0.9983
  mpx-135 traj: trials=29640000 wall=278170s knowledge=0.9964 reliable=538 spec=8.01 pop=3047
  mpx-135 diag: trials=29640000 micro=7830 pop_spec=10.95 spec_max=28 q_mean=0.625 q_max=1.000 q_above_half=2080 marked=0.265 mark_density=0.923 exp_mean=6851.5 addr_spec=4.623 addr_random=0.568 addr_full=0.1772 correct=509
  mpx-135 cover: trials=29640000 overall=0.9964 a0_nochange=1.0000 a0_change=1.0000 a1_nochange=0.9916 a1_change=0.9938 matched_but_wrong=0
  mpx-135 acc: trials=29640000 accuracy=0.9990
  mpx-135 traj: trials=29760000 wall=278230s knowledge=0.9978 reliable=538 spec=8.04 pop=2947
  mpx-135 diag: trials=29760000 micro=7708 pop_spec=11.03 spec_max=28 q_mean=0.629 q_max=1.000 q_above_half=1994 marked=0.259 mark_density=0.922 exp_mean=7124.7 addr_spec=4.620 addr_random=0.572 addr_full=0.1832 correct=510
  mpx-135 cover: trials=29760000 overall=0.9978 a0_nochange=1.0000 a0_change=1.0000 a1_nochange=0.9962 a1_change=0.9951 matched_but_wrong=0
  mpx-135 acc: trials=29760000 accuracy=0.9993
  mpx-135 traj: trials=29880000 wall=278297s knowledge=0.9977 reliable=544 spec=8.03 pop=3020
  mpx-135 diag: trials=29880000 micro=7798 pop_spec=10.92 spec_max=28 q_mean=0.627 q_max=1.000 q_above_half=2053 marked=0.254 mark_density=0.922 exp_mean=6992.4 addr_spec=4.640 addr_random=0.566 addr_full=0.1844 correct=510
  mpx-135 cover: trials=29880000 overall=0.9977 a0_nochange=1.0000 a0_change=1.0000 a1_nochange=0.9962 a1_change=0.9945 matched_but_wrong=0
  mpx-135 acc: trials=29880000 accuracy=0.9989
  mpx-135 traj: trials=30000000 wall=278362s knowledge=0.9977 reliable=528 spec=8.03 pop=2855
  mpx-135 diag: trials=30000000 micro=7581 pop_spec=11.10 spec_max=28 q_mean=0.630 q_max=1.000 q_above_half=1961 marked=0.267 mark_density=0.923 exp_mean=7437.8 addr_spec=4.632 addr_random=0.575 addr_full=0.1884 correct=510
  mpx-135 cover: trials=30000000 overall=0.9977 a0_nochange=1.0000 a0_change=1.0000 a1_nochange=0.9962 a1_change=0.9944 matched_but_wrong=0
  mpx-135 acc: trials=30000000 accuracy=0.9988
  mpx-135 traj: trials=30120000 wall=278422s knowledge=0.9965 reliable=527 spec=8.03 pop=2951
  mpx-135 diag: trials=30120000 micro=7734 pop_spec=10.95 spec_max=28 q_mean=0.622 q_max=1.000 q_above_half=1943 marked=0.270 mark_density=0.924 exp_mean=7236.0 addr_spec=4.640 addr_random=0.568 addr_full=0.1864 correct=509
  mpx-135 cover: trials=30120000 overall=0.9965 a0_nochange=1.0000 a0_change=1.0000 a1_nochange=0.9916 a1_change=0.9942 matched_but_wrong=0
  mpx-135 acc: trials=30120000 accuracy=0.9984
  mpx-135 traj: trials=30240000 wall=278481s knowledge=0.9979 reliable=533 spec=8.02 pop=2902
  mpx-135 diag: trials=30240000 micro=7612 pop_spec=10.98 spec_max=28 q_mean=0.628 q_max=1.000 q_above_half=1969 marked=0.261 mark_density=0.923 exp_mean=7399.9 addr_spec=4.618 addr_random=0.569 addr_full=0.1919 correct=510
  mpx-135 cover: trials=30240000 overall=0.9979 a0_nochange=1.0000 a0_change=1.0000 a1_nochange=0.9916 a1_change=1.0000 matched_but_wrong=0
  mpx-135 acc: trials=30240000 accuracy=1.0000
  mpx-135 traj: trials=30360000 wall=278539s knowledge=0.9979 reliable=531 spec=8.02 pop=2956
  mpx-135 diag: trials=30360000 micro=7704 pop_spec=10.90 spec_max=28 q_mean=0.626 q_max=1.000 q_above_half=2042 marked=0.253 mark_density=0.923 exp_mean=7305.5 addr_spec=4.641 addr_random=0.565 addr_full=0.1837 correct=510
  mpx-135 cover: trials=30360000 overall=0.9979 a0_nochange=1.0000 a0_change=1.0000 a1_nochange=0.9916 a1_change=1.0000 matched_but_wrong=0
  mpx-135 acc: trials=30360000 accuracy=1.0000
  mpx-135 traj: trials=30480000 wall=278605s knowledge=0.9979 reliable=531 spec=8.02 pop=2926
  mpx-135 diag: trials=30480000 micro=7703 pop_spec=10.92 spec_max=28 q_mean=0.626 q_max=1.000 q_above_half=1993 marked=0.251 mark_density=0.922 exp_mean=7421.3 addr_spec=4.599 addr_random=0.566 addr_full=0.1866 correct=510
  mpx-135 cover: trials=30480000 overall=0.9979 a0_nochange=1.0000 a0_change=1.0000 a1_nochange=0.9916 a1_change=1.0000 matched_but_wrong=0
  mpx-135 acc: trials=30480000 accuracy=1.0000
  mpx-135 traj: trials=30600000 wall=278672s knowledge=0.9983 reliable=530 spec=8.02 pop=2971
  mpx-135 diag: trials=30600000 micro=7779 pop_spec=10.86 spec_max=28 q_mean=0.625 q_max=1.000 q_above_half=2021 marked=0.260 mark_density=0.924 exp_mean=7348.9 addr_spec=4.679 addr_random=0.563 addr_full=0.1878 correct=510
  mpx-135 cover: trials=30600000 overall=0.9983 a0_nochange=1.0000 a0_change=1.0000 a1_nochange=0.9933 a1_change=1.0000 matched_but_wrong=0
  mpx-135 acc: trials=30600000 accuracy=1.0000
  mpx-135 traj: trials=30720000 wall=278736s knowledge=0.9979 reliable=535 spec=8.02 pop=2911
  mpx-135 diag: trials=30720000 micro=7698 pop_spec=10.89 spec_max=28 q_mean=0.627 q_max=1.000 q_above_half=1967 marked=0.267 mark_density=0.924 exp_mean=7541.9 addr_spec=4.640 addr_random=0.565 addr_full=0.1893 correct=510
  mpx-135 cover: trials=30720000 overall=0.9979 a0_nochange=1.0000 a0_change=1.0000 a1_nochange=0.9916 a1_change=1.0000 matched_but_wrong=0
  mpx-135 acc: trials=30720000 accuracy=1.0000
  mpx-135 traj: trials=30840000 wall=278795s knowledge=0.9985 reliable=526 spec=8.02 pop=2894
  mpx-135 diag: trials=30840000 micro=7626 pop_spec=10.91 spec_max=28 q_mean=0.626 q_max=1.000 q_above_half=1956 marked=0.264 mark_density=0.923 exp_mean=7627.0 addr_spec=4.641 addr_random=0.566 addr_full=0.1897 correct=510
  mpx-135 cover: trials=30840000 overall=0.9985 a0_nochange=1.0000 a0_change=1.0000 a1_nochange=0.9939 a1_change=1.0000 matched_but_wrong=0
  mpx-135 acc: trials=30840000 accuracy=1.0000
  mpx-135 traj: trials=30960000 wall=278853s knowledge=0.9985 reliable=539 spec=8.02 pop=2967
  mpx-135 diag: trials=30960000 micro=7771 pop_spec=10.80 spec_max=28 q_mean=0.627 q_max=1.000 q_above_half=2061 marked=0.254 mark_density=0.924 exp_mean=7480.0 addr_spec=4.694 addr_random=0.560 addr_full=0.1931 correct=510
  mpx-135 cover: trials=30960000 overall=0.9985 a0_nochange=1.0000 a0_change=1.0000 a1_nochange=0.9939 a1_change=1.0000 matched_but_wrong=0
  mpx-135 acc: trials=30960000 accuracy=1.0000
  mpx-135 traj: trials=31080000 wall=278916s knowledge=0.9985 reliable=539 spec=8.01 pop=2952
  mpx-135 diag: trials=31080000 micro=7683 pop_spec=10.81 spec_max=28 q_mean=0.627 q_max=1.000 q_above_half=2000 marked=0.269 mark_density=0.925 exp_mean=7558.8 addr_spec=4.695 addr_random=0.561 addr_full=0.1894 correct=510
  mpx-135 cover: trials=31080000 overall=0.9985 a0_nochange=1.0000 a0_change=1.0000 a1_nochange=0.9939 a1_change=1.0000 matched_but_wrong=0
  mpx-135 acc: trials=31080000 accuracy=1.0000
  mpx-135 traj: trials=31200000 wall=278984s knowledge=0.9985 reliable=529 spec=8.02 pop=2786
  mpx-135 diag: trials=31200000 micro=7644 pop_spec=10.95 spec_max=28 q_mean=0.628 q_max=1.000 q_above_half=1876 marked=0.251 mark_density=0.922 exp_mean=8051.8 addr_spec=4.580 addr_random=0.568 addr_full=0.1949 correct=510
  mpx-135 cover: trials=31200000 overall=0.9985 a0_nochange=1.0000 a0_change=1.0000 a1_nochange=0.9939 a1_change=1.0000 matched_but_wrong=0
  mpx-135 acc: trials=31200000 accuracy=1.0000
  mpx-135 traj: trials=31320000 wall=279051s knowledge=0.9979 reliable=534 spec=8.02 pop=2949
  mpx-135 diag: trials=31320000 micro=7711 pop_spec=10.75 spec_max=28 q_mean=0.626 q_max=1.000 q_above_half=2035 marked=0.255 mark_density=0.924 exp_mean=7647.3 addr_spec=4.651 addr_random=0.557 addr_full=0.1875 correct=510
  mpx-135 cover: trials=31320000 overall=0.9979 a0_nochange=1.0000 a0_change=1.0000 a1_nochange=0.9916 a1_change=1.0000 matched_but_wrong=0
  mpx-135 acc: trials=31320000 accuracy=1.0000
  mpx-135 traj: trials=31440000 wall=279109s knowledge=0.9979 reliable=528 spec=8.02 pop=2866
  mpx-135 diag: trials=31440000 micro=7618 pop_spec=10.85 spec_max=28 q_mean=0.627 q_max=1.000 q_above_half=1931 marked=0.251 mark_density=0.923 exp_mean=7910.5 addr_spec=4.654 addr_random=0.563 addr_full=0.1902 correct=510
  mpx-135 cover: trials=31440000 overall=0.9979 a0_nochange=1.0000 a0_change=1.0000 a1_nochange=0.9916 a1_change=1.0000 matched_but_wrong=0
  mpx-135 acc: trials=31440000 accuracy=1.0000
  mpx-135 traj: trials=31560000 wall=279166s knowledge=0.9979 reliable=533 spec=8.02 pop=2833
  mpx-135 diag: trials=31560000 micro=7598 pop_spec=10.87 spec_max=28 q_mean=0.632 q_max=1.000 q_above_half=1960 marked=0.251 mark_density=0.922 exp_mean=8045.2 addr_spec=4.633 addr_random=0.564 addr_full=0.1948 correct=510
  mpx-135 cover: trials=31560000 overall=0.9979 a0_nochange=1.0000 a0_change=1.0000 a1_nochange=0.9916 a1_change=1.0000 matched_but_wrong=0
  mpx-135 acc: trials=31560000 accuracy=1.0000
  mpx-135 traj: trials=31680000 wall=279226s knowledge=0.9979 reliable=537 spec=8.00 pop=2911
  mpx-135 diag: trials=31680000 micro=7638 pop_spec=10.74 spec_max=28 q_mean=0.628 q_max=1.000 q_above_half=1975 marked=0.262 mark_density=0.925 exp_mean=7870.6 addr_spec=4.680 addr_random=0.557 addr_full=0.1841 correct=510
  mpx-135 cover: trials=31680000 overall=0.9979 a0_nochange=1.0000 a0_change=1.0000 a1_nochange=0.9916 a1_change=1.0000 matched_but_wrong=0
  mpx-135 acc: trials=31680000 accuracy=1.0000
  mpx-135 traj: trials=31800000 wall=279293s knowledge=0.9979 reliable=537 spec=8.00 pop=2938
  mpx-135 diag: trials=31800000 micro=7720 pop_spec=10.67 spec_max=28 q_mean=0.626 q_max=1.000 q_above_half=1984 marked=0.255 mark_density=0.925 exp_mean=7839.2 addr_spec=4.624 addr_random=0.553 addr_full=0.1882 correct=510
  mpx-135 cover: trials=31800000 overall=0.9979 a0_nochange=1.0000 a0_change=1.0000 a1_nochange=0.9916 a1_change=1.0000 matched_but_wrong=0
  mpx-135 acc: trials=31800000 accuracy=1.0000
  mpx-135 traj: trials=31920000 wall=279360s knowledge=0.9979 reliable=524 spec=8.00 pop=2810
  mpx-135 diag: trials=31920000 micro=7616 pop_spec=10.82 spec_max=28 q_mean=0.630 q_max=1.000 q_above_half=1907 marked=0.255 mark_density=0.923 exp_mean=8238.4 addr_spec=4.656 addr_random=0.561 addr_full=0.1907 correct=510
  mpx-135 cover: trials=31920000 overall=0.9979 a0_nochange=1.0000 a0_change=1.0000 a1_nochange=0.9916 a1_change=1.0000 matched_but_wrong=0
  mpx-135 acc: trials=31920000 accuracy=1.0000
  mpx-135 traj: trials=32040000 wall=279419s knowledge=0.9979 reliable=534 spec=8.00 pop=2887
  mpx-135 diag: trials=32040000 micro=7652 pop_spec=10.73 spec_max=28 q_mean=0.629 q_max=1.000 q_above_half=1957 marked=0.269 mark_density=0.924 exp_mean=8060.9 addr_spec=4.675 addr_random=0.556 addr_full=0.1877 correct=510
  mpx-135 cover: trials=32040000 overall=0.9979 a0_nochange=1.0000 a0_change=1.0000 a1_nochange=0.9916 a1_change=1.0000 matched_but_wrong=0
  mpx-135 acc: trials=32040000 accuracy=1.0000
  mpx-135 traj: trials=32160000 wall=279477s knowledge=0.9979 reliable=536 spec=8.00 pop=2941
  mpx-135 diag: trials=32160000 micro=7677 pop_spec=10.62 spec_max=28 q_mean=0.627 q_max=1.000 q_above_half=2000 marked=0.264 mark_density=0.925 exp_mean=7953.8 addr_spec=4.713 addr_random=0.551 addr_full=0.1860 correct=510
  mpx-135 cover: trials=32160000 overall=0.9979 a0_nochange=1.0000 a0_change=1.0000 a1_nochange=0.9916 a1_change=1.0000 matched_but_wrong=0
  mpx-135 acc: trials=32160000 accuracy=1.0000
  mpx-135 traj: trials=32280000 wall=279536s knowledge=0.9979 reliable=524 spec=8.00 pop=2863
  mpx-135 diag: trials=32280000 micro=7611 pop_spec=10.72 spec_max=28 q_mean=0.625 q_max=1.000 q_above_half=1913 marked=0.268 mark_density=0.925 exp_mean=8211.6 addr_spec=4.678 addr_random=0.556 addr_full=0.1900 correct=510
  mpx-135 cover: trials=32280000 overall=0.9979 a0_nochange=1.0000 a0_change=1.0000 a1_nochange=0.9916 a1_change=1.0000 matched_but_wrong=0
  mpx-135 acc: trials=32280000 accuracy=1.0000
  mpx-135 traj: trials=32400000 wall=279599s knowledge=0.9983 reliable=538 spec=8.00 pop=2814
  mpx-135 diag: trials=32400000 micro=7692 pop_spec=10.71 spec_max=28 q_mean=0.629 q_max=1.000 q_above_half=1908 marked=0.256 mark_density=0.924 exp_mean=8397.2 addr_spec=4.688 addr_random=0.555 addr_full=0.1958 correct=510
  mpx-135 cover: trials=32400000 overall=0.9983 a0_nochange=1.0000 a0_change=1.0000 a1_nochange=0.9934 a1_change=1.0000 matched_but_wrong=0
  mpx-135 acc: trials=32400000 accuracy=1.0000
  mpx-135 traj: trials=32520000 wall=279666s knowledge=0.9979 reliable=529 spec=8.00 pop=2895
  mpx-135 diag: trials=32520000 micro=7612 pop_spec=10.63 spec_max=28 q_mean=0.625 q_max=1.000 q_above_half=1958 marked=0.251 mark_density=0.924 exp_mean=8203.7 addr_spec=4.665 addr_random=0.551 addr_full=0.1910 correct=510
  mpx-135 cover: trials=32520000 overall=0.9979 a0_nochange=1.0000 a0_change=1.0000 a1_nochange=0.9916 a1_change=1.0000 matched_but_wrong=0
  mpx-135 acc: trials=32520000 accuracy=1.0000
  mpx-135 traj: trials=32640000 wall=279731s knowledge=0.9979 reliable=536 spec=8.00 pop=2948
  mpx-135 diag: trials=32640000 micro=7698 pop_spec=10.59 spec_max=28 q_mean=0.626 q_max=1.000 q_above_half=1965 marked=0.276 mark_density=0.927 exp_mean=8097.2 addr_spec=4.733 addr_random=0.549 addr_full=0.1852 correct=510
  mpx-135 cover: trials=32640000 overall=0.9979 a0_nochange=1.0000 a0_change=1.0000 a1_nochange=0.9916 a1_change=1.0000 matched_but_wrong=0
  mpx-135 acc: trials=32640000 accuracy=1.0000
  mpx-135 traj: trials=32760000 wall=279789s knowledge=0.9979 reliable=536 spec=8.00 pop=2848
  mpx-135 diag: trials=32760000 micro=7642 pop_spec=10.63 spec_max=28 q_mean=0.630 q_max=1.000 q_above_half=1931 marked=0.250 mark_density=0.925 exp_mean=8423.7 addr_spec=4.711 addr_random=0.551 addr_full=0.1900 correct=510
  mpx-135 cover: trials=32760000 overall=0.9979 a0_nochange=1.0000 a0_change=1.0000 a1_nochange=0.9916 a1_change=1.0000 matched_but_wrong=0
  mpx-135 acc: trials=32760000 accuracy=1.0000
  mpx-135 traj: trials=32880000 wall=279847s knowledge=0.9979 reliable=532 spec=8.00 pop=2860
  mpx-135 diag: trials=32880000 micro=7585 pop_spec=10.63 spec_max=28 q_mean=0.629 q_max=1.000 q_above_half=1918 marked=0.272 mark_density=0.926 exp_mean=8430.1 addr_spec=4.682 addr_random=0.551 addr_full=0.1913 correct=510
  mpx-135 cover: trials=32880000 overall=0.9979 a0_nochange=1.0000 a0_change=1.0000 a1_nochange=0.9916 a1_change=1.0000 matched_but_wrong=0
  mpx-135 acc: trials=32880000 accuracy=1.0000
  mpx-135 traj: trials=33000000 wall=279908s knowledge=0.9979 reliable=530 spec=8.00 pop=2747
  mpx-135 diag: trials=33000000 micro=7560 pop_spec=10.73 spec_max=28 q_mean=0.630 q_max=1.000 q_above_half=1843 marked=0.258 mark_density=0.924 exp_mean=8820.2 addr_spec=4.653 addr_random=0.556 addr_full=0.2031 correct=510
  mpx-135 cover: trials=33000000 overall=0.9979 a0_nochange=1.0000 a0_change=1.0000 a1_nochange=0.9916 a1_change=1.0000 matched_but_wrong=0
  mpx-135 acc: trials=33000000 accuracy=1.0000
  mpx-135 traj: trials=33120000 wall=279974s knowledge=0.9987 reliable=526 spec=8.00 pop=2804
  mpx-135 diag: trials=33120000 micro=7581 pop_spec=10.64 spec_max=28 q_mean=0.631 q_max=1.000 q_above_half=1941 marked=0.260 mark_density=0.925 exp_mean=8683.2 addr_spec=4.685 addr_random=0.552 addr_full=0.1951 correct=510
  mpx-135 cover: trials=33120000 overall=0.9987 a0_nochange=1.0000 a0_change=1.0000 a1_nochange=0.9948 a1_change=1.0000 matched_but_wrong=0
  mpx-135 acc: trials=33120000 accuracy=1.0000
  mpx-135 traj: trials=33240000 wall=280040s knowledge=0.9979 reliable=530 spec=8.00 pop=2856
  mpx-135 diag: trials=33240000 micro=7632 pop_spec=10.59 spec_max=28 q_mean=0.629 q_max=1.000 q_above_half=1961 marked=0.254 mark_density=0.925 exp_mean=8567.3 addr_spec=4.702 addr_random=0.549 addr_full=0.1912 correct=510
  mpx-135 cover: trials=33240000 overall=0.9979 a0_nochange=1.0000 a0_change=1.0000 a1_nochange=0.9916 a1_change=1.0000 matched_but_wrong=0
  mpx-135 acc: trials=33240000 accuracy=1.0000
  mpx-135 traj: trials=33360000 wall=280100s knowledge=0.9984 reliable=536 spec=8.00 pop=2862
  mpx-135 diag: trials=33360000 micro=7702 pop_spec=10.53 spec_max=28 q_mean=0.629 q_max=1.000 q_above_half=1914 marked=0.261 mark_density=0.926 exp_mean=8591.4 addr_spec=4.687 addr_random=0.546 addr_full=0.1880 correct=510
  mpx-135 cover: trials=33360000 overall=0.9984 a0_nochange=1.0000 a0_change=1.0000 a1_nochange=0.9938 a1_change=1.0000 matched_but_wrong=0
  mpx-135 acc: trials=33360000 accuracy=1.0000
  mpx-135 traj: trials=33480000 wall=280157s knowledge=0.9984 reliable=534 spec=8.00 pop=2842
  mpx-135 diag: trials=33480000 micro=7608 pop_spec=10.54 spec_max=28 q_mean=0.630 q_max=1.000 q_above_half=1935 marked=0.256 mark_density=0.926 exp_mean=8694.0 addr_spec=4.720 addr_random=0.547 addr_full=0.1974 correct=510
  mpx-135 cover: trials=33480000 overall=0.9984 a0_nochange=1.0000 a0_change=1.0000 a1_nochange=0.9938 a1_change=1.0000 matched_but_wrong=0
  mpx-135 acc: trials=33480000 accuracy=1.0000
  mpx-135 traj: trials=33600000 wall=280215s knowledge=0.9979 reliable=536 spec=8.00 pop=2850
  mpx-135 diag: trials=33600000 micro=7667 pop_spec=10.56 spec_max=28 q_mean=0.629 q_max=1.000 q_above_half=1966 marked=0.259 mark_density=0.926 exp_mean=8712.0 addr_spec=4.739 addr_random=0.548 addr_full=0.1916 correct=510
  mpx-135 cover: trials=33600000 overall=0.9979 a0_nochange=1.0000 a0_change=1.0000 a1_nochange=0.9916 a1_change=1.0000 matched_but_wrong=0
  mpx-135 acc: trials=33600000 accuracy=1.0000
  mpx-135 traj: trials=33720000 wall=280279s knowledge=0.9979 reliable=535 spec=8.00 pop=2882
  mpx-135 diag: trials=33720000 micro=7649 pop_spec=10.47 spec_max=28 q_mean=0.630 q_max=1.000 q_above_half=1981 marked=0.261 mark_density=0.927 exp_mean=8656.9 addr_spec=4.710 addr_random=0.543 addr_full=0.1888 correct=510
  mpx-135 cover: trials=33720000 overall=0.9979 a0_nochange=1.0000 a0_change=1.0000 a1_nochange=0.9916 a1_change=1.0000 matched_but_wrong=0
  mpx-135 acc: trials=33720000 accuracy=1.0000
  mpx-135 traj: trials=33840000 wall=280341s knowledge=0.9979 reliable=535 spec=8.00 pop=2813
  mpx-135 diag: trials=33840000 micro=7578 pop_spec=10.52 spec_max=28 q_mean=0.629 q_max=1.000 q_above_half=1908 marked=0.252 mark_density=0.926 exp_mean=8911.5 addr_spec=4.718 addr_random=0.545 addr_full=0.1977 correct=510
  mpx-135 cover: trials=33840000 overall=0.9979 a0_nochange=1.0000 a0_change=1.0000 a1_nochange=0.9916 a1_change=1.0000 matched_but_wrong=0
  mpx-135 acc: trials=33840000 accuracy=1.0000
  mpx-135 traj: trials=33960000 wall=280401s knowledge=0.9985 reliable=527 spec=8.00 pop=2819
  mpx-135 diag: trials=33960000 micro=7540 pop_spec=10.53 spec_max=28 q_mean=0.629 q_max=1.000 q_above_half=1903 marked=0.249 mark_density=0.925 exp_mean=8935.2 addr_spec=4.725 addr_random=0.546 addr_full=0.1965 correct=510
  mpx-135 cover: trials=33960000 overall=0.9985 a0_nochange=1.0000 a0_change=1.0000 a1_nochange=0.9939 a1_change=1.0000 matched_but_wrong=0
  mpx-135 acc: trials=33960000 accuracy=1.0000
  mpx-135 traj: trials=34080000 wall=280458s knowledge=0.9979 reliable=532 spec=8.00 pop=2815
  mpx-135 diag: trials=34080000 micro=7593 pop_spec=10.53 spec_max=28 q_mean=0.630 q_max=1.000 q_above_half=1868 marked=0.266 mark_density=0.927 exp_mean=8990.2 addr_spec=4.767 addr_random=0.546 addr_full=0.1943 correct=510
  mpx-135 cover: trials=34080000 overall=0.9979 a0_nochange=1.0000 a0_change=1.0000 a1_nochange=0.9916 a1_change=1.0000 matched_but_wrong=0
  mpx-135 acc: trials=34080000 accuracy=1.0000
  mpx-135 traj: trials=34200000 wall=280515s knowledge=0.9979 reliable=531 spec=8.00 pop=2940
  mpx-135 diag: trials=34200000 micro=7669 pop_spec=10.34 spec_max=28 q_mean=0.629 q_max=1.000 q_above_half=2015 marked=0.263 mark_density=0.927 exp_mean=8649.0 addr_spec=4.720 addr_random=0.536 addr_full=0.1833 correct=510
  mpx-135 cover: trials=34200000 overall=0.9979 a0_nochange=1.0000 a0_change=1.0000 a1_nochange=0.9916 a1_change=1.0000 matched_but_wrong=0
  mpx-135 acc: trials=34200000 accuracy=1.0000
  mpx-135 traj: trials=34320000 wall=280574s knowledge=0.9979 reliable=530 spec=8.00 pop=2828
  mpx-135 diag: trials=34320000 micro=7611 pop_spec=10.48 spec_max=28 q_mean=0.631 q_max=1.000 q_above_half=1938 marked=0.268 mark_density=0.927 exp_mean=9033.3 addr_spec=4.715 addr_random=0.543 addr_full=0.1909 correct=510
  mpx-135 cover: trials=34320000 overall=0.9979 a0_nochange=1.0000 a0_change=1.0000 a1_nochange=0.9916 a1_change=1.0000 matched_but_wrong=0
  mpx-135 acc: trials=34320000 accuracy=1.0000
  mpx-135 traj: trials=34440000 wall=280634s knowledge=0.9979 reliable=534 spec=8.00 pop=2728
  mpx-135 diag: trials=34440000 micro=7574 pop_spec=10.57 spec_max=28 q_mean=0.630 q_max=1.000 q_above_half=1849 marked=0.255 mark_density=0.926 exp_mean=9408.8 addr_spec=4.716 addr_random=0.548 addr_full=0.2012 correct=510
  mpx-135 cover: trials=34440000 overall=0.9979 a0_nochange=1.0000 a0_change=1.0000 a1_nochange=0.9916 a1_change=1.0000 matched_but_wrong=0
  mpx-135 acc: trials=34440000 accuracy=1.0000
  mpx-135 traj: trials=34560000 wall=280693s knowledge=0.9979 reliable=541 spec=8.00 pop=2816
  mpx-135 diag: trials=34560000 micro=7546 pop_spec=10.50 spec_max=28 q_mean=0.632 q_max=1.000 q_above_half=1928 marked=0.263 mark_density=0.927 exp_mean=9157.7 addr_spec=4.733 addr_random=0.544 addr_full=0.1946 correct=510
  mpx-135 cover: trials=34560000 overall=0.9979 a0_nochange=1.0000 a0_change=1.0000 a1_nochange=0.9916 a1_change=1.0000 matched_but_wrong=0
  mpx-135 acc: trials=34560000 accuracy=1.0000
  mpx-135 traj: trials=34680000 wall=280751s knowledge=0.9984 reliable=531 spec=8.00 pop=2737
  mpx-135 diag: trials=34680000 micro=7519 pop_spec=10.53 spec_max=28 q_mean=0.633 q_max=1.000 q_above_half=1897 marked=0.263 mark_density=0.926 exp_mean=9465.2 addr_spec=4.685 addr_random=0.546 addr_full=0.2046 correct=510
  mpx-135 cover: trials=34680000 overall=0.9984 a0_nochange=1.0000 a0_change=1.0000 a1_nochange=0.9938 a1_change=1.0000 matched_but_wrong=0
  mpx-135 acc: trials=34680000 accuracy=1.0000
  mpx-135 traj: trials=34800000 wall=280808s knowledge=0.9979 reliable=533 spec=8.00 pop=2864
  mpx-135 diag: trials=34800000 micro=7649 pop_spec=10.39 spec_max=28 q_mean=0.631 q_max=1.000 q_above_half=1966 marked=0.262 mark_density=0.927 exp_mean=9087.4 addr_spec=4.748 addr_random=0.539 addr_full=0.1903 correct=510
  mpx-135 cover: trials=34800000 overall=0.9979 a0_nochange=1.0000 a0_change=1.0000 a1_nochange=0.9916 a1_change=1.0000 matched_but_wrong=0
  mpx-135 acc: trials=34800000 accuracy=1.0000
  mpx-135 traj: trials=34920000 wall=280866s knowledge=0.9979 reliable=532 spec=8.00 pop=2756
  mpx-135 diag: trials=34920000 micro=7538 pop_spec=10.46 spec_max=28 q_mean=0.635 q_max=1.000 q_above_half=1934 marked=0.267 mark_density=0.927 exp_mean=9486.8 addr_spec=4.670 addr_random=0.542 addr_full=0.1996 correct=510
  mpx-135 cover: trials=34920000 overall=0.9979 a0_nochange=1.0000 a0_change=1.0000 a1_nochange=0.9916 a1_change=1.0000 matched_but_wrong=0
  mpx-135 acc: trials=34920000 accuracy=1.0000
  mpx-135 traj: trials=35040000 wall=280931s knowledge=0.9979 reliable=527 spec=8.00 pop=2872
  mpx-135 diag: trials=35040000 micro=7617 pop_spec=10.32 spec_max=28 q_mean=0.627 q_max=1.000 q_above_half=1966 marked=0.267 mark_density=0.927 exp_mean=9145.5 addr_spec=4.664 addr_random=0.535 addr_full=0.1898 correct=510
  mpx-135 cover: trials=35040000 overall=0.9979 a0_nochange=1.0000 a0_change=1.0000 a1_nochange=0.9916 a1_change=1.0000 matched_but_wrong=0
  mpx-135 acc: trials=35040000 accuracy=1.0000
  mpx-135 traj: trials=35160000 wall=280997s knowledge=0.9979 reliable=537 spec=8.00 pop=2790
  mpx-135 diag: trials=35160000 micro=7567 pop_spec=10.42 spec_max=28 q_mean=0.631 q_max=1.000 q_above_half=1860 marked=0.263 mark_density=0.926 exp_mean=9457.3 addr_spec=4.746 addr_random=0.540 addr_full=0.1986 correct=510
  mpx-135 cover: trials=35160000 overall=0.9979 a0_nochange=1.0000 a0_change=1.0000 a1_nochange=0.9916 a1_change=1.0000 matched_but_wrong=0
  mpx-135 acc: trials=35160000 accuracy=1.0000
  mpx-135 traj: trials=35280000 wall=281061s knowledge=0.9979 reliable=539 spec=8.00 pop=2809
  mpx-135 diag: trials=35280000 micro=7553 pop_spec=10.39 spec_max=28 q_mean=0.632 q_max=1.000 q_above_half=1928 marked=0.260 mark_density=0.926 exp_mean=9436.4 addr_spec=4.771 addr_random=0.539 addr_full=0.1976 correct=510
  mpx-135 cover: trials=35280000 overall=0.9979 a0_nochange=1.0000 a0_change=1.0000 a1_nochange=0.9916 a1_change=1.0000 matched_but_wrong=0
  mpx-135 acc: trials=35280000 accuracy=1.0000
  mpx-135 traj: trials=35400000 wall=281119s knowledge=0.9979 reliable=528 spec=8.00 pop=2896
  mpx-135 diag: trials=35400000 micro=7676 pop_spec=10.27 spec_max=28 q_mean=0.625 q_max=1.000 q_above_half=1969 marked=0.287 mark_density=0.929 exp_mean=9194.0 addr_spec=4.805 addr_random=0.532 addr_full=0.1913 correct=510
  mpx-135 cover: trials=35400000 overall=0.9979 a0_nochange=1.0000 a0_change=1.0000 a1_nochange=0.9916 a1_change=1.0000 matched_but_wrong=0
  mpx-135 acc: trials=35400000 accuracy=1.0000
  mpx-135 traj: trials=35520000 wall=281174s knowledge=0.9979 reliable=532 spec=8.00 pop=2769
  mpx-135 diag: trials=35520000 micro=7527 pop_spec=10.41 spec_max=28 q_mean=0.635 q_max=1.000 q_above_half=1922 marked=0.262 mark_density=0.926 exp_mean=9658.9 addr_spec=4.754 addr_random=0.540 addr_full=0.1983 correct=510
  mpx-135 cover: trials=35520000 overall=0.9979 a0_nochange=1.0000 a0_change=1.0000 a1_nochange=0.9916 a1_change=1.0000 matched_but_wrong=0
  mpx-135 acc: trials=35520000 accuracy=1.0000
  mpx-135 traj: trials=35640000 wall=281231s knowledge=0.9979 reliable=531 spec=8.00 pop=2901
  mpx-135 diag: trials=35640000 micro=7646 pop_spec=10.23 spec_max=28 q_mean=0.628 q_max=1.000 q_above_half=1970 marked=0.263 mark_density=0.927 exp_mean=9260.8 addr_spec=4.811 addr_random=0.531 addr_full=0.1927 correct=510
  mpx-135 cover: trials=35640000 overall=0.9979 a0_nochange=1.0000 a0_change=1.0000 a1_nochange=0.9916 a1_change=1.0000 matched_but_wrong=0
  mpx-135 acc: trials=35640000 accuracy=1.0000
  mpx-135 traj: trials=35760000 wall=281292s knowledge=0.9979 reliable=529 spec=8.00 pop=2748
  mpx-135 diag: trials=35760000 micro=7524 pop_spec=10.38 spec_max=28 q_mean=0.631 q_max=1.000 q_above_half=1866 marked=0.278 mark_density=0.928 exp_mean=9819.8 addr_spec=4.767 addr_random=0.538 addr_full=0.1983 correct=510
  mpx-135 cover: trials=35760000 overall=0.9979 a0_nochange=1.0000 a0_change=1.0000 a1_nochange=0.9916 a1_change=1.0000 matched_but_wrong=0
  mpx-135 acc: trials=35760000 accuracy=1.0000
  mpx-135 traj: trials=35880000 wall=281355s knowledge=0.9979 reliable=536 spec=8.00 pop=2690
  mpx-135 diag: trials=35880000 micro=7429 pop_spec=10.45 spec_max=28 q_mean=0.636 q_max=1.000 q_above_half=1875 marked=0.260 mark_density=0.925 exp_mean=10076.3 addr_spec=4.700 addr_random=0.542 addr_full=0.2037 correct=510
  mpx-135 cover: trials=35880000 overall=0.9979 a0_nochange=1.0000 a0_change=1.0000 a1_nochange=0.9916 a1_change=1.0000 matched_but_wrong=0
  mpx-135 acc: trials=35880000 accuracy=1.0000
  mpx-135 traj: trials=36000000 wall=281415s knowledge=0.9979 reliable=528 spec=8.00 pop=2797
  mpx-135 diag: trials=36000000 micro=7626 pop_spec=10.31 spec_max=28 q_mean=0.626 q_max=1.000 q_above_half=1854 marked=0.257 mark_density=0.927 exp_mean=9733.3 addr_spec=4.769 addr_random=0.535 addr_full=0.1949 correct=510
  mpx-135 cover: trials=36000000 overall=0.9979 a0_nochange=1.0000 a0_change=1.0000 a1_nochange=0.9916 a1_change=1.0000 matched_but_wrong=0
  mpx-135 acc: trials=36000000 accuracy=1.0000
  mpx-135 traj: trials=36120000 wall=281472s knowledge=0.9979 reliable=531 spec=8.00 pop=2748
  mpx-135 diag: trials=36120000 micro=7512 pop_spec=10.38 spec_max=28 q_mean=0.637 q_max=1.000 q_above_half=1904 marked=0.269 mark_density=0.927 exp_mean=9950.4 addr_spec=4.737 addr_random=0.538 addr_full=0.2009 correct=510
  mpx-135 cover: trials=36120000 overall=0.9979 a0_nochange=1.0000 a0_change=1.0000 a1_nochange=0.9916 a1_change=1.0000 matched_but_wrong=0
  mpx-135 acc: trials=36120000 accuracy=1.0000
  mpx-135 traj: trials=36240000 wall=281530s knowledge=0.9985 reliable=541 spec=8.00 pop=2825
  mpx-135 diag: trials=36240000 micro=7590 pop_spec=10.28 spec_max=28 q_mean=0.633 q_max=1.000 q_above_half=1949 marked=0.267 mark_density=0.928 exp_mean=9722.0 addr_spec=4.757 addr_random=0.533 addr_full=0.1936 correct=510
  mpx-135 cover: trials=36240000 overall=0.9985 a0_nochange=1.0000 a0_change=1.0000 a1_nochange=0.9939 a1_change=1.0000 matched_but_wrong=30
  mpx-135 acc: trials=36240000 accuracy=1.0000
  mpx-135 traj: trials=36360000 wall=281594s knowledge=0.9979 reliable=533 spec=8.00 pop=2794
  mpx-135 diag: trials=36360000 micro=7517 pop_spec=10.29 spec_max=28 q_mean=0.631 q_max=1.000 q_above_half=1920 marked=0.264 mark_density=0.927 exp_mean=9872.4 addr_spec=4.758 addr_random=0.533 addr_full=0.1954 correct=510
  mpx-135 cover: trials=36360000 overall=0.9979 a0_nochange=1.0000 a0_change=1.0000 a1_nochange=0.9916 a1_change=1.0000 matched_but_wrong=0
  mpx-135 acc: trials=36360000 accuracy=1.0000
  mpx-135 traj: trials=36480000 wall=281660s knowledge=0.9979 reliable=529 spec=8.00 pop=2723
  mpx-135 diag: trials=36480000 micro=7523 pop_spec=10.38 spec_max=28 q_mean=0.632 q_max=1.000 q_above_half=1859 marked=0.258 mark_density=0.926 exp_mean=10173.4 addr_spec=4.754 addr_random=0.538 addr_full=0.1990 correct=510
  mpx-135 cover: trials=36480000 overall=0.9979 a0_nochange=1.0000 a0_change=1.0000 a1_nochange=0.9916 a1_change=1.0000 matched_but_wrong=0
  mpx-135 acc: trials=36480000 accuracy=1.0000
  mpx-135 traj: trials=36600000 wall=281727s knowledge=0.9980 reliable=540 spec=8.00 pop=2879
  mpx-135 diag: trials=36600000 micro=7565 pop_spec=10.20 spec_max=28 q_mean=0.631 q_max=1.000 q_above_half=2027 marked=0.272 mark_density=0.928 exp_mean=9664.6 addr_spec=4.808 addr_random=0.529 addr_full=0.1883 correct=510
  mpx-135 cover: trials=36600000 overall=0.9980 a0_nochange=1.0000 a0_change=1.0000 a1_nochange=0.9921 a1_change=1.0000 matched_but_wrong=0
  mpx-135 acc: trials=36600000 accuracy=1.0000
  mpx-135 traj: trials=36720000 wall=281784s knowledge=0.9980 reliable=530 spec=8.00 pop=2761
  mpx-135 diag: trials=36720000 micro=7564 pop_spec=10.32 spec_max=28 q_mean=0.633 q_max=1.000 q_above_half=1907 marked=0.254 mark_density=0.926 exp_mean=10120.9 addr_spec=4.768 addr_random=0.535 addr_full=0.2017 correct=510
  mpx-135 cover: trials=36720000 overall=0.9980 a0_nochange=1.0000 a0_change=1.0000 a1_nochange=0.9921 a1_change=1.0000 matched_but_wrong=0
  mpx-135 acc: trials=36720000 accuracy=1.0000
  mpx-135 traj: trials=36840000 wall=281841s knowledge=0.9979 reliable=537 spec=8.00 pop=2748
  mpx-135 diag: trials=36840000 micro=7577 pop_spec=10.34 spec_max=28 q_mean=0.635 q_max=1.000 q_above_half=1906 marked=0.253 mark_density=0.925 exp_mean=10212.4 addr_spec=4.800 addr_random=0.536 addr_full=0.1998 correct=510
  mpx-135 cover: trials=36840000 overall=0.9979 a0_nochange=1.0000 a0_change=1.0000 a1_nochange=0.9916 a1_change=1.0000 matched_but_wrong=0
  mpx-135 acc: trials=36840000 accuracy=1.0000
  mpx-135 traj: trials=36960000 wall=281899s knowledge=0.9981 reliable=535 spec=8.00 pop=2750
  mpx-135 diag: trials=36960000 micro=7528 pop_spec=10.30 spec_max=28 q_mean=0.634 q_max=1.000 q_above_half=1914 marked=0.261 mark_density=0.927 exp_mean=10248.3 addr_spec=4.738 addr_random=0.534 addr_full=0.1964 correct=510
  mpx-135 cover: trials=36960000 overall=0.9981 a0_nochange=1.0000 a0_change=1.0000 a1_nochange=0.9922 a1_change=1.0000 matched_but_wrong=0
  mpx-135 acc: trials=36960000 accuracy=1.0000
  mpx-135 traj: trials=37080000 wall=281965s knowledge=0.9985 reliable=528 spec=8.00 pop=2732
  mpx-135 diag: trials=37080000 micro=7502 pop_spec=10.29 spec_max=28 q_mean=0.632 q_max=1.000 q_above_half=1830 marked=0.264 mark_density=0.927 exp_mean=10359.3 addr_spec=4.765 addr_random=0.534 addr_full=0.1977 correct=510
  mpx-135 cover: trials=37080000 overall=0.9985 a0_nochange=1.0000 a0_change=1.0000 a1_nochange=0.9942 a1_change=1.0000 matched_but_wrong=0
  mpx-135 acc: trials=37080000 accuracy=1.0000
  mpx-135 traj: trials=37200000 wall=282031s knowledge=0.9985 reliable=533 spec=8.00 pop=2775
  mpx-135 diag: trials=37200000 micro=7486 pop_spec=10.23 spec_max=28 q_mean=0.634 q_max=1.000 q_above_half=1867 marked=0.269 mark_density=0.928 exp_mean=10242.4 addr_spec=4.744 addr_random=0.530 addr_full=0.1993 correct=510
  mpx-135 cover: trials=37200000 overall=0.9985 a0_nochange=1.0000 a0_change=1.0000 a1_nochange=0.9942 a1_change=1.0000 matched_but_wrong=0
  mpx-135 acc: trials=37200000 accuracy=1.0000
  mpx-135 traj: trials=37320000 wall=282093s knowledge=0.9979 reliable=529 spec=8.00 pop=2782
  mpx-135 diag: trials=37320000 micro=7491 pop_spec=10.18 spec_max=28 q_mean=0.629 q_max=1.000 q_above_half=1889 marked=0.273 mark_density=0.928 exp_mean=10259.9 addr_spec=4.804 addr_random=0.528 addr_full=0.2013 correct=510
  mpx-135 cover: trials=37320000 overall=0.9979 a0_nochange=1.0000 a0_change=1.0000 a1_nochange=0.9916 a1_change=1.0000 matched_but_wrong=0
  mpx-135 acc: trials=37320000 accuracy=1.0000
  mpx-135 traj: trials=37440000 wall=282150s knowledge=0.9983 reliable=527 spec=8.00 pop=2805
  mpx-135 diag: trials=37440000 micro=7562 pop_spec=10.18 spec_max=28 q_mean=0.630 q_max=1.000 q_above_half=1919 marked=0.273 mark_density=0.929 exp_mean=10217.8 addr_spec=4.770 addr_random=0.528 addr_full=0.1943 correct=510
  mpx-135 cover: trials=37440000 overall=0.9983 a0_nochange=1.0000 a0_change=1.0000 a1_nochange=0.9933 a1_change=1.0000 matched_but_wrong=0
  mpx-135 acc: trials=37440000 accuracy=1.0000
  mpx-135 traj: trials=37560000 wall=282208s knowledge=0.9989 reliable=536 spec=8.00 pop=2770
  mpx-135 diag: trials=37560000 micro=7544 pop_spec=10.21 spec_max=28 q_mean=0.631 q_max=1.000 q_above_half=1878 marked=0.266 mark_density=0.927 exp_mean=10390.4 addr_spec=4.792 addr_random=0.530 addr_full=0.2000 correct=511
  mpx-135 cover: trials=37560000 overall=0.9989 a0_nochange=1.0000 a0_change=1.0000 a1_nochange=0.9954 a1_change=1.0000 matched_but_wrong=0
  mpx-135 acc: trials=37560000 accuracy=1.0000
  mpx-135 traj: trials=37680000 wall=282271s knowledge=0.9989 reliable=533 spec=8.00 pop=2789
  mpx-135 diag: trials=37680000 micro=7515 pop_spec=10.18 spec_max=28 q_mean=0.631 q_max=1.000 q_above_half=1887 marked=0.259 mark_density=0.927 exp_mean=10363.1 addr_spec=4.780 addr_random=0.528 addr_full=0.1933 correct=511
  mpx-135 cover: trials=37680000 overall=0.9989 a0_nochange=1.0000 a0_change=1.0000 a1_nochange=0.9954 a1_change=1.0000 matched_but_wrong=0
  mpx-135 acc: trials=37680000 accuracy=1.0000
  mpx-135 traj: trials=37800000 wall=282337s knowledge=0.9967 reliable=532 spec=8.00 pop=2783
  mpx-135 diag: trials=37800000 micro=7511 pop_spec=10.21 spec_max=28 q_mean=0.632 q_max=1.000 q_above_half=1881 marked=0.270 mark_density=0.927 exp_mean=10376.5 addr_spec=4.800 addr_random=0.529 addr_full=0.1973 correct=509
  mpx-135 cover: trials=37800000 overall=0.9967 a0_nochange=1.0000 a0_change=0.9915 a1_nochange=0.9954 a1_change=1.0000 matched_but_wrong=0
  mpx-135 acc: trials=37800000 accuracy=0.9985
  mpx-135 traj: trials=37920000 wall=282403s knowledge=0.9958 reliable=533 spec=8.00 pop=2791
  mpx-135 diag: trials=37920000 micro=7564 pop_spec=10.18 spec_max=28 q_mean=0.633 q_max=1.000 q_above_half=1929 marked=0.278 mark_density=0.928 exp_mean=10389.7 addr_spec=4.818 addr_random=0.528 addr_full=0.1935 correct=508
  mpx-135 cover: trials=37920000 overall=0.9958 a0_nochange=1.0000 a0_change=0.9915 a1_nochange=0.9916 a1_change=1.0000 matched_but_wrong=0
  mpx-135 acc: trials=37920000 accuracy=0.9975
  mpx-135 traj: trials=38040000 wall=282460s knowledge=0.9958 reliable=530 spec=8.00 pop=2684
  mpx-135 diag: trials=38040000 micro=7472 pop_spec=10.26 spec_max=28 q_mean=0.633 q_max=1.000 q_above_half=1832 marked=0.259 mark_density=0.927 exp_mean=10848.2 addr_spec=4.781 addr_random=0.532 addr_full=0.2016 correct=508
  mpx-135 cover: trials=38040000 overall=0.9958 a0_nochange=1.0000 a0_change=0.9917 a1_nochange=0.9916 a1_change=1.0000 matched_but_wrong=0
  mpx-135 acc: trials=38040000 accuracy=0.9989
  mpx-135 traj: trials=38160000 wall=282518s knowledge=0.9958 reliable=525 spec=8.00 pop=2761
  mpx-135 diag: trials=38160000 micro=7499 pop_spec=10.18 spec_max=28 q_mean=0.632 q_max=1.000 q_above_half=1902 marked=0.265 mark_density=0.928 exp_mean=10588.7 addr_spec=4.830 addr_random=0.528 addr_full=0.1970 correct=508
  mpx-135 cover: trials=38160000 overall=0.9958 a0_nochange=1.0000 a0_change=0.9915 a1_nochange=0.9916 a1_change=1.0000 matched_but_wrong=0
  mpx-135 acc: trials=38160000 accuracy=0.9986
  mpx-135 traj: trials=38280000 wall=282576s knowledge=0.9970 reliable=526 spec=8.00 pop=2799
  mpx-135 diag: trials=38280000 micro=7527 pop_spec=10.14 spec_max=28 q_mean=0.634 q_max=1.000 q_above_half=1969 marked=0.262 mark_density=0.928 exp_mean=10487.8 addr_spec=4.778 addr_random=0.526 addr_full=0.1976 correct=508
  mpx-135 cover: trials=38280000 overall=0.9970 a0_nochange=1.0000 a0_change=0.9939 a1_nochange=0.9939 a1_change=1.0000 matched_but_wrong=0
  mpx-135 acc: trials=38280000 accuracy=0.9976
  mpx-135 traj: trials=38400000 wall=282637s knowledge=0.9963 reliable=533 spec=8.00 pop=2812
  mpx-135 diag: trials=38400000 micro=7535 pop_spec=10.09 spec_max=28 q_mean=0.629 q_max=1.000 q_above_half=1892 marked=0.271 mark_density=0.929 exp_mean=10482.2 addr_spec=4.828 addr_random=0.523 addr_full=0.1949 correct=508
  mpx-135 cover: trials=38400000 overall=0.9963 a0_nochange=1.0000 a0_change=0.9915 a1_nochange=0.9939 a1_change=1.0000 matched_but_wrong=0
  mpx-135 acc: trials=38400000 accuracy=0.9986
  mpx-135 traj: trials=38520000 wall=282697s knowledge=0.9966 reliable=534 spec=8.02 pop=2802
  mpx-135 diag: trials=38520000 micro=7565 pop_spec=10.09 spec_max=28 q_mean=0.632 q_max=1.000 q_above_half=1934 marked=0.269 mark_density=0.929 exp_mean=10562.2 addr_spec=4.810 addr_random=0.523 addr_full=0.1966 correct=508
  mpx-135 cover: trials=38520000 overall=0.9966 a0_nochange=1.0000 a0_change=0.9929 a1_nochange=0.9935 a1_change=1.0000 matched_but_wrong=0
  mpx-135 acc: trials=38520000 accuracy=0.9992
  mpx-135 traj: trials=38640000 wall=282756s knowledge=0.9974 reliable=541 spec=8.01 pop=2714
  mpx-135 diag: trials=38640000 micro=7534 pop_spec=10.18 spec_max=28 q_mean=0.637 q_max=1.000 q_above_half=1897 marked=0.254 mark_density=0.927 exp_mean=10948.6 addr_spec=4.836 addr_random=0.528 addr_full=0.2004 correct=509
  mpx-135 cover: trials=38640000 overall=0.9974 a0_nochange=1.0000 a0_change=0.9961 a1_nochange=0.9935 a1_change=1.0000 matched_but_wrong=0
  mpx-135 acc: trials=38640000 accuracy=1.0000
  mpx-135 traj: trials=38760000 wall=282813s knowledge=0.9974 reliable=536 spec=8.00 pop=2712
  mpx-135 diag: trials=38760000 micro=7463 pop_spec=10.16 spec_max=28 q_mean=0.636 q_max=1.000 q_above_half=1862 marked=0.264 mark_density=0.928 exp_mean=11001.1 addr_spec=4.792 addr_random=0.527 addr_full=0.2006 correct=509
  mpx-135 cover: trials=38760000 overall=0.9974 a0_nochange=1.0000 a0_change=0.9979 a1_nochange=0.9916 a1_change=1.0000 matched_but_wrong=0
  mpx-135 acc: trials=38760000 accuracy=0.9993
  mpx-135 traj: trials=38880000 wall=282870s knowledge=0.9969 reliable=536 spec=8.00 pop=2678
  mpx-135 diag: trials=38880000 micro=7417 pop_spec=10.19 spec_max=28 q_mean=0.641 q_max=1.000 q_above_half=1879 marked=0.232 mark_density=0.924 exp_mean=11185.8 addr_spec=4.838 addr_random=0.528 addr_full=0.2061 correct=509
  mpx-135 cover: trials=38880000 overall=0.9969 a0_nochange=1.0000 a0_change=0.9958 a1_nochange=0.9916 a1_change=1.0000 matched_but_wrong=0
  mpx-135 acc: trials=38880000 accuracy=0.9989
  mpx-135 traj: trials=39000000 wall=282934s knowledge=0.9963 reliable=533 spec=8.00 pop=2805
  mpx-135 diag: trials=39000000 micro=7506 pop_spec=10.03 spec_max=28 q_mean=0.631 q_max=1.000 q_above_half=1916 marked=0.269 mark_density=0.928 exp_mean=10720.4 addr_spec=4.819 addr_random=0.520 addr_full=0.1939 correct=509
  mpx-135 cover: trials=39000000 overall=0.9963 a0_nochange=1.0000 a0_change=0.9920 a1_nochange=0.9933 a1_change=1.0000 matched_but_wrong=0
  mpx-135 acc: trials=39000000 accuracy=0.9985
  mpx-135 traj: trials=39120000 wall=283000s knowledge=0.9973 reliable=532 spec=8.00 pop=2816
  mpx-135 diag: trials=39120000 micro=7595 pop_spec=10.05 spec_max=28 q_mean=0.634 q_max=1.000 q_above_half=1934 marked=0.272 mark_density=0.929 exp_mean=10721.1 addr_spec=4.834 addr_random=0.521 addr_full=0.1985 correct=509
  mpx-135 cover: trials=39120000 overall=0.9973 a0_nochange=1.0000 a0_change=0.9959 a1_nochange=0.9933 a1_change=1.0000 matched_but_wrong=0
  mpx-135 acc: trials=39120000 accuracy=0.9995
  mpx-135 traj: trials=39240000 wall=283064s knowledge=0.9970 reliable=533 spec=8.01 pop=2796
  mpx-135 diag: trials=39240000 micro=7552 pop_spec=10.02 spec_max=28 q_mean=0.633 q_max=1.000 q_above_half=1936 marked=0.267 mark_density=0.929 exp_mean=10840.8 addr_spec=4.838 addr_random=0.520 addr_full=0.1964 correct=509
  mpx-135 cover: trials=39240000 overall=0.9970 a0_nochange=1.0000 a0_change=0.9963 a1_nochange=0.9916 a1_change=1.0000 matched_but_wrong=0
  mpx-135 acc: trials=39240000 accuracy=0.9994
  mpx-135 traj: trials=39360000 wall=283121s knowledge=0.9975 reliable=539 spec=8.01 pop=2825
  mpx-135 diag: trials=39360000 micro=7587 pop_spec=9.99 spec_max=28 q_mean=0.630 q_max=1.000 q_above_half=1918 marked=0.272 mark_density=0.929 exp_mean=10771.7 addr_spec=4.816 addr_random=0.518 addr_full=0.1947 correct=509
  mpx-135 cover: trials=39360000 overall=0.9975 a0_nochange=1.0000 a0_change=0.9983 a1_nochange=0.9916 a1_change=1.0000 matched_but_wrong=0
  mpx-135 acc: trials=39360000 accuracy=0.9999
  mpx-135 traj: trials=39480000 wall=283178s knowledge=0.9970 reliable=526 spec=8.00 pop=2846
  mpx-135 diag: trials=39480000 micro=7558 pop_spec=9.93 spec_max=28 q_mean=0.635 q_max=1.000 q_above_half=2012 marked=0.260 mark_density=0.929 exp_mean=10734.2 addr_spec=4.833 addr_random=0.515 addr_full=0.1883 correct=509
  mpx-135 cover: trials=39480000 overall=0.9970 a0_nochange=1.0000 a0_change=0.9962 a1_nochange=0.9916 a1_change=1.0000 matched_but_wrong=0
  mpx-135 acc: trials=39480000 accuracy=0.9995
  mpx-135 traj: trials=39600000 wall=283237s knowledge=0.9979 reliable=528 spec=8.00 pop=2737
  mpx-135 diag: trials=39600000 micro=7539 pop_spec=10.04 spec_max=28 q_mean=0.631 q_max=1.000 q_above_half=1842 marked=0.252 mark_density=0.928 exp_mean=11204.9 addr_spec=4.798 addr_random=0.520 addr_full=0.1988 correct=510
  mpx-135 cover: trials=39600000 overall=0.9979 a0_nochange=1.0000 a0_change=1.0000 a1_nochange=0.9916 a1_change=1.0000 matched_but_wrong=0
  mpx-135 acc: trials=39600000 accuracy=1.0000
  mpx-135 traj: trials=39720000 wall=283302s knowledge=0.9979 reliable=533 spec=8.00 pop=2783
  mpx-135 diag: trials=39720000 micro=7517 pop_spec=10.01 spec_max=28 q_mean=0.635 q_max=1.000 q_above_half=1965 marked=0.261 mark_density=0.928 exp_mean=11063.4 addr_spec=4.874 addr_random=0.519 addr_full=0.1930 correct=510
  mpx-135 cover: trials=39720000 overall=0.9979 a0_nochange=1.0000 a0_change=1.0000 a1_nochange=0.9916 a1_change=1.0000 matched_but_wrong=0
  mpx-135 acc: trials=39720000 accuracy=1.0000
  mpx-135 traj: trials=39840000 wall=283368s knowledge=0.9979 reliable=531 spec=8.00 pop=2721
  mpx-135 diag: trials=39840000 micro=7498 pop_spec=10.05 spec_max=28 q_mean=0.635 q_max=1.000 q_above_half=1891 marked=0.269 mark_density=0.929 exp_mean=11359.4 addr_spec=4.832 addr_random=0.521 addr_full=0.2021 correct=510
  mpx-135 cover: trials=39840000 overall=0.9979 a0_nochange=1.0000 a0_change=1.0000 a1_nochange=0.9916 a1_change=1.0000 matched_but_wrong=0
  mpx-135 acc: trials=39840000 accuracy=1.0000
  mpx-135 traj: trials=39960000 wall=283427s knowledge=0.9979 reliable=533 spec=8.00 pop=2711
  mpx-135 diag: trials=39960000 micro=7520 pop_spec=10.02 spec_max=28 q_mean=0.633 q_max=1.000 q_above_half=1818 marked=0.263 mark_density=0.929 exp_mean=11445.0 addr_spec=4.767 addr_random=0.520 addr_full=0.1962 correct=510
  mpx-135 cover: trials=39960000 overall=0.9979 a0_nochange=1.0000 a0_change=1.0000 a1_nochange=0.9916 a1_change=1.0000 matched_but_wrong=0
  mpx-135 acc: trials=39960000 accuracy=1.0000
  mpx-135 traj: trials=40080000 wall=283484s knowledge=0.9979 reliable=531 spec=8.00 pop=2798
  mpx-135 diag: trials=40080000 micro=7576 pop_spec=9.96 spec_max=28 q_mean=0.635 q_max=1.000 q_above_half=1977 marked=0.256 mark_density=0.929 exp_mean=11132.4 addr_spec=4.800 addr_random=0.516 addr_full=0.1948 correct=510
  mpx-135 cover: trials=40080000 overall=0.9979 a0_nochange=1.0000 a0_change=1.0000 a1_nochange=0.9916 a1_change=1.0000 matched_but_wrong=0
  mpx-135 acc: trials=40080000 accuracy=1.0000
  mpx-135 traj: trials=40200000 wall=283542s knowledge=0.9981 reliable=533 spec=8.00 pop=2736
  mpx-135 diag: trials=40200000 micro=7531 pop_spec=9.99 spec_max=28 q_mean=0.632 q_max=1.000 q_above_half=1825 marked=0.272 mark_density=0.929 exp_mean=11428.1 addr_spec=4.821 addr_random=0.518 addr_full=0.1981 correct=510
  mpx-135 cover: trials=40200000 overall=0.9981 a0_nochange=1.0000 a0_change=1.0000 a1_nochange=0.9926 a1_change=1.0000 matched_but_wrong=0
  mpx-135 acc: trials=40200000 accuracy=1.0000
  mpx-135 traj: trials=40320000 wall=283606s knowledge=0.9981 reliable=533 spec=8.00 pop=2691
  mpx-135 diag: trials=40320000 micro=7466 pop_spec=10.04 spec_max=28 q_mean=0.636 q_max=1.000 q_above_half=1865 marked=0.250 mark_density=0.927 exp_mean=11663.7 addr_spec=4.818 addr_random=0.521 addr_full=0.2059 correct=510
  mpx-135 cover: trials=40320000 overall=0.9981 a0_nochange=1.0000 a0_change=1.0000 a1_nochange=0.9926 a1_change=1.0000 matched_but_wrong=0
  mpx-135 acc: trials=40320000 accuracy=1.0000
  mpx-135 traj: trials=40440000 wall=283671s knowledge=0.9981 reliable=524 spec=8.00 pop=2708
  mpx-135 diag: trials=40440000 micro=7443 pop_spec=10.01 spec_max=28 q_mean=0.630 q_max=1.000 q_above_half=1847 marked=0.265 mark_density=0.929 exp_mean=11634.5 addr_spec=4.825 addr_random=0.519 addr_full=0.2013 correct=510
  mpx-135 cover: trials=40440000 overall=0.9981 a0_nochange=1.0000 a0_change=1.0000 a1_nochange=0.9926 a1_change=1.0000 matched_but_wrong=0
  mpx-135 acc: trials=40440000 accuracy=1.0000
  mpx-135 traj: trials=40560000 wall=283735s knowledge=0.9991 reliable=532 spec=8.00 pop=2690
  mpx-135 diag: trials=40560000 micro=7467 pop_spec=10.01 spec_max=28 q_mean=0.640 q_max=1.000 q_above_half=1915 marked=0.254 mark_density=0.928 exp_mean=11757.1 addr_spec=4.778 addr_random=0.519 addr_full=0.2067 correct=511
  mpx-135 cover: trials=40560000 overall=0.9991 a0_nochange=1.0000 a0_change=1.0000 a1_nochange=0.9962 a1_change=1.0000 matched_but_wrong=0
  mpx-135 acc: trials=40560000 accuracy=1.0000
  mpx-135 traj: trials=40680000 wall=283792s knowledge=0.9979 reliable=535 spec=8.00 pop=2778
  mpx-135 diag: trials=40680000 micro=7619 pop_spec=9.91 spec_max=28 q_mean=0.630 q_max=1.000 q_above_half=1915 marked=0.260 mark_density=0.930 exp_mean=11428.0 addr_spec=4.878 addr_random=0.514 addr_full=0.2001 correct=510
  mpx-135 cover: trials=40680000 overall=0.9979 a0_nochange=1.0000 a0_change=1.0000 a1_nochange=0.9916 a1_change=1.0000 matched_but_wrong=0
  mpx-135 acc: trials=40680000 accuracy=1.0000
  mpx-135 traj: trials=40800000 wall=283848s knowledge=0.9979 reliable=540 spec=8.00 pop=2772
  mpx-135 diag: trials=40800000 micro=7542 pop_spec=9.92 spec_max=28 q_mean=0.634 q_max=1.000 q_above_half=1905 marked=0.272 mark_density=0.930 exp_mean=11496.3 addr_spec=4.851 addr_random=0.514 addr_full=0.1977 correct=510
  mpx-135 cover: trials=40800000 overall=0.9979 a0_nochange=1.0000 a0_change=1.0000 a1_nochange=0.9916 a1_change=1.0000 matched_but_wrong=0
  mpx-135 acc: trials=40800000 accuracy=1.0000
  mpx-135 traj: trials=40920000 wall=283908s knowledge=0.9979 reliable=530 spec=8.00 pop=2788
  mpx-135 diag: trials=40920000 micro=7545 pop_spec=9.92 spec_max=28 q_mean=0.636 q_max=1.000 q_above_half=1933 marked=0.268 mark_density=0.930 exp_mean=11472.9 addr_spec=4.858 addr_random=0.514 addr_full=0.1980 correct=510
  mpx-135 cover: trials=40920000 overall=0.9979 a0_nochange=1.0000 a0_change=1.0000 a1_nochange=0.9916 a1_change=1.0000 matched_but_wrong=0
  mpx-135 acc: trials=40920000 accuracy=1.0000
  mpx-135 traj: trials=41040000 wall=283973s knowledge=0.9979 reliable=526 spec=8.00 pop=2740
  mpx-135 diag: trials=41040000 micro=7497 pop_spec=9.91 spec_max=28 q_mean=0.634 q_max=1.000 q_above_half=1893 marked=0.261 mark_density=0.930 exp_mean=11717.8 addr_spec=4.854 addr_random=0.514 addr_full=0.2000 correct=510
  mpx-135 cover: trials=41040000 overall=0.9979 a0_nochange=1.0000 a0_change=1.0000 a1_nochange=0.9916 a1_change=1.0000 matched_but_wrong=0
  mpx-135 acc: trials=41040000 accuracy=1.0000
  mpx-135 traj: trials=41160000 wall=284039s knowledge=0.9979 reliable=535 spec=8.00 pop=2696
  mpx-135 diag: trials=41160000 micro=7422 pop_spec=9.94 spec_max=28 q_mean=0.639 q_max=1.000 q_above_half=1896 marked=0.251 mark_density=0.928 exp_mean=11953.6 addr_spec=4.817 addr_random=0.516 addr_full=0.2007 correct=510
  mpx-135 cover: trials=41160000 overall=0.9979 a0_nochange=1.0000 a0_change=1.0000 a1_nochange=0.9916 a1_change=1.0000 matched_but_wrong=0
  mpx-135 acc: trials=41160000 accuracy=1.0000
  mpx-135 traj: trials=41280000 wall=284099s knowledge=0.9979 reliable=530 spec=8.00 pop=2707
  mpx-135 diag: trials=41280000 micro=7551 pop_spec=9.95 spec_max=28 q_mean=0.636 q_max=1.000 q_above_half=1873 marked=0.271 mark_density=0.930 exp_mean=11949.4 addr_spec=4.865 addr_random=0.516 addr_full=0.2035 correct=510
  mpx-135 cover: trials=41280000 overall=0.9979 a0_nochange=1.0000 a0_change=1.0000 a1_nochange=0.9916 a1_change=1.0000 matched_but_wrong=0
  mpx-135 acc: trials=41280000 accuracy=1.0000
  mpx-135 traj: trials=41400000 wall=284156s knowledge=0.9979 reliable=535 spec=8.00 pop=2739
  mpx-135 diag: trials=41400000 micro=7502 pop_spec=9.92 spec_max=28 q_mean=0.633 q_max=1.000 q_above_half=1909 marked=0.270 mark_density=0.930 exp_mean=11853.2 addr_spec=4.876 addr_random=0.514 addr_full=0.2052 correct=510
  mpx-135 cover: trials=41400000 overall=0.9979 a0_nochange=1.0000 a0_change=1.0000 a1_nochange=0.9916 a1_change=1.0000 matched_but_wrong=0
  mpx-135 acc: trials=41400000 accuracy=1.0000
  mpx-135 traj: trials=41520000 wall=284213s knowledge=0.9989 reliable=534 spec=8.00 pop=2726
  mpx-135 diag: trials=41520000 micro=7503 pop_spec=9.89 spec_max=28 q_mean=0.634 q_max=1.000 q_above_half=1879 marked=0.267 mark_density=0.930 exp_mean=11954.0 addr_spec=4.870 addr_random=0.513 addr_full=0.1963 correct=511
  mpx-135 cover: trials=41520000 overall=0.9989 a0_nochange=1.0000 a0_change=1.0000 a1_nochange=0.9954 a1_change=1.0000 matched_but_wrong=0
  mpx-135 acc: trials=41520000 accuracy=1.0000
  mpx-135 traj: trials=41640000 wall=284276s knowledge=0.9989 reliable=527 spec=8.00 pop=2649
  mpx-135 diag: trials=41640000 micro=7459 pop_spec=9.97 spec_max=28 q_mean=0.637 q_max=1.000 q_above_half=1821 marked=0.264 mark_density=0.928 exp_mean=12346.0 addr_spec=4.889 addr_random=0.517 addr_full=0.2072 correct=511
  mpx-135 cover: trials=41640000 overall=0.9989 a0_nochange=1.0000 a0_change=1.0000 a1_nochange=0.9954 a1_change=1.0000 matched_but_wrong=0
  mpx-135 acc: trials=41640000 accuracy=1.0000
  mpx-135 traj: trials=41760000 wall=284341s knowledge=0.9979 reliable=529 spec=8.00 pop=2656
  mpx-135 diag: trials=41760000 micro=7393 pop_spec=9.95 spec_max=28 q_mean=0.635 q_max=1.000 q_above_half=1813 marked=0.261 mark_density=0.928 exp_mean=12358.8 addr_spec=4.870 addr_random=0.516 addr_full=0.2052 correct=510
  mpx-135 cover: trials=41760000 overall=0.9979 a0_nochange=1.0000 a0_change=1.0000 a1_nochange=0.9916 a1_change=1.0000 matched_but_wrong=0
  mpx-135 acc: trials=41760000 accuracy=1.0000
  mpx-135 traj: trials=41880000 wall=284406s knowledge=0.9979 reliable=541 spec=8.00 pop=2754
  mpx-135 diag: trials=41880000 micro=7491 pop_spec=9.82 spec_max=28 q_mean=0.638 q_max=1.000 q_above_half=1950 marked=0.256 mark_density=0.929 exp_mean=11963.0 addr_spec=4.859 addr_random=0.509 addr_full=0.1990 correct=510
  mpx-135 cover: trials=41880000 overall=0.9979 a0_nochange=1.0000 a0_change=1.0000 a1_nochange=0.9916 a1_change=1.0000 matched_but_wrong=0
  mpx-135 acc: trials=41880000 accuracy=1.0000
  mpx-135 traj: trials=42000000 wall=284464s knowledge=0.9979 reliable=536 spec=8.00 pop=2772
  mpx-135 diag: trials=42000000 micro=7451 pop_spec=9.83 spec_max=28 q_mean=0.631 q_max=1.000 q_above_half=1894 marked=0.276 mark_density=0.930 exp_mean=11928.4 addr_spec=4.841 addr_random=0.510 addr_full=0.1995 correct=510
  mpx-135 cover: trials=42000000 overall=0.9979 a0_nochange=1.0000 a0_change=1.0000 a1_nochange=0.9916 a1_change=1.0000 matched_but_wrong=0
  mpx-135 acc: trials=42000000 accuracy=1.0000
  mpx-135 traj: trials=42120000 wall=284521s knowledge=0.9989 reliable=530 spec=8.00 pop=2699
  mpx-135 diag: trials=42120000 micro=7456 pop_spec=9.87 spec_max=28 q_mean=0.636 q_max=1.000 q_above_half=1867 marked=0.260 mark_density=0.929 exp_mean=12295.2 addr_spec=4.855 addr_random=0.512 addr_full=0.2038 correct=511
  mpx-135 cover: trials=42120000 overall=0.9989 a0_nochange=1.0000 a0_change=1.0000 a1_nochange=0.9954 a1_change=1.0000 matched_but_wrong=0
  mpx-135 acc: trials=42120000 accuracy=1.0000
  mpx-135 traj: trials=42240000 wall=284578s knowledge=0.9994 reliable=537 spec=8.00 pop=2722
  mpx-135 diag: trials=42240000 micro=7424 pop_spec=9.87 spec_max=28 q_mean=0.639 q_max=1.000 q_above_half=1897 marked=0.277 mark_density=0.930 exp_mean=12235.9 addr_spec=4.861 addr_random=0.512 addr_full=0.2028 correct=511
  mpx-135 cover: trials=42240000 overall=0.9994 a0_nochange=1.0000 a0_change=1.0000 a1_nochange=0.9975 a1_change=1.0000 matched_but_wrong=0
  mpx-135 acc: trials=42240000 accuracy=1.0000
  mpx-135 traj: trials=42360000 wall=284639s knowledge=0.9994 reliable=534 spec=8.00 pop=2684
  mpx-135 diag: trials=42360000 micro=7439 pop_spec=9.85 spec_max=28 q_mean=0.639 q_max=1.000 q_above_half=1906 marked=0.254 mark_density=0.928 exp_mean=12453.4 addr_spec=4.879 addr_random=0.511 addr_full=0.2045 correct=511
  mpx-135 cover: trials=42360000 overall=0.9994 a0_nochange=1.0000 a0_change=1.0000 a1_nochange=0.9975 a1_change=1.0000 matched_but_wrong=0
  mpx-135 acc: trials=42360000 accuracy=1.0000
  mpx-135 traj: trials=42480000 wall=284699s knowledge=0.9994 reliable=531 spec=8.00 pop=2701
  mpx-135 diag: trials=42480000 micro=7460 pop_spec=9.86 spec_max=28 q_mean=0.641 q_max=1.000 q_above_half=1901 marked=0.245 mark_density=0.928 exp_mean=12419.5 addr_spec=4.875 addr_random=0.511 addr_full=0.2047 correct=511
  mpx-135 cover: trials=42480000 overall=0.9994 a0_nochange=1.0000 a0_change=1.0000 a1_nochange=0.9975 a1_change=1.0000 matched_but_wrong=0
  mpx-135 acc: trials=42480000 accuracy=1.0000
  mpx-135 traj: trials=42600000 wall=284756s knowledge=0.9989 reliable=533 spec=8.00 pop=2714
  mpx-135 diag: trials=42600000 micro=7441 pop_spec=9.84 spec_max=28 q_mean=0.637 q_max=1.000 q_above_half=1869 marked=0.274 mark_density=0.930 exp_mean=12404.2 addr_spec=4.885 addr_random=0.510 addr_full=0.2041 correct=511
  mpx-135 cover: trials=42600000 overall=0.9989 a0_nochange=1.0000 a0_change=1.0000 a1_nochange=0.9954 a1_change=1.0000 matched_but_wrong=0
  mpx-135 acc: trials=42600000 accuracy=1.0000
  mpx-135 traj: trials=42720000 wall=284813s knowledge=0.9989 reliable=533 spec=8.00 pop=2792
  mpx-135 diag: trials=42720000 micro=7522 pop_spec=9.77 spec_max=28 q_mean=0.634 q_max=1.000 q_above_half=1878 marked=0.277 mark_density=0.931 exp_mean=12100.7 addr_spec=4.883 addr_random=0.506 addr_full=0.1920 correct=511
  mpx-135 cover: trials=42720000 overall=0.9989 a0_nochange=1.0000 a0_change=1.0000 a1_nochange=0.9954 a1_change=1.0000 matched_but_wrong=0
  mpx-135 acc: trials=42720000 accuracy=1.0000
  mpx-135 traj: trials=42840000 wall=284870s knowledge=0.9996 reliable=535 spec=8.01 pop=2760
  mpx-135 diag: trials=42840000 micro=7543 pop_spec=9.74 spec_max=28 q_mean=0.633 q_max=1.000 q_above_half=1898 marked=0.276 mark_density=0.931 exp_mean=12284.4 addr_spec=4.886 addr_random=0.505 addr_full=0.1989 correct=511
  mpx-135 cover: trials=42840000 overall=0.9996 a0_nochange=1.0000 a0_change=1.0000 a1_nochange=0.9983 a1_change=1.0000 matched_but_wrong=0
  mpx-135 acc: trials=42840000 accuracy=1.0000
  mpx-135 traj: trials=42960000 wall=284932s knowledge=0.9995 reliable=532 spec=8.01 pop=2721
  mpx-135 diag: trials=42960000 micro=7481 pop_spec=9.75 spec_max=28 q_mean=0.632 q_max=1.000 q_above_half=1839 marked=0.261 mark_density=0.930 exp_mean=12504.3 addr_spec=4.846 addr_random=0.506 addr_full=0.2040 correct=511
  mpx-135 cover: trials=42960000 overall=0.9995 a0_nochange=1.0000 a0_change=1.0000 a1_nochange=0.9980 a1_change=1.0000 matched_but_wrong=0
  mpx-135 acc: trials=42960000 accuracy=1.0000
  mpx-135 traj: trials=43080000 wall=284998s knowledge=0.9995 reliable=527 spec=8.01 pop=2628
  mpx-135 diag: trials=43080000 micro=7501 pop_spec=9.87 spec_max=28 q_mean=0.639 q_max=1.000 q_above_half=1808 marked=0.276 mark_density=0.930 exp_mean=12992.4 addr_spec=4.917 addr_random=0.512 addr_full=0.2123 correct=511
  mpx-135 cover: trials=43080000 overall=0.9995 a0_nochange=1.0000 a0_change=1.0000 a1_nochange=0.9980 a1_change=1.0000 matched_but_wrong=0
  mpx-135 acc: trials=43080000 accuracy=1.0000
  mpx-135 traj: trials=43200000 wall=285062s knowledge=0.9995 reliable=531 spec=8.01 pop=2734
  mpx-135 diag: trials=43200000 micro=7459 pop_spec=9.75 spec_max=27 q_mean=0.634 q_max=1.000 q_above_half=1914 marked=0.277 mark_density=0.931 exp_mean=12532.8 addr_spec=4.897 addr_random=0.505 addr_full=0.2004 correct=511
  mpx-135 cover: trials=43200000 overall=0.9995 a0_nochange=1.0000 a0_change=1.0000 a1_nochange=0.9980 a1_change=1.0000 matched_but_wrong=0
  mpx-135 acc: trials=43200000 accuracy=1.0000
  mpx-135 traj: trials=43320000 wall=285120s knowledge=0.9986 reliable=532 spec=8.01 pop=2648
  mpx-135 diag: trials=43320000 micro=7373 pop_spec=9.81 spec_max=27 q_mean=0.635 q_max=1.000 q_above_half=1825 marked=0.264 mark_density=0.930 exp_mean=12984.7 addr_spec=4.763 addr_random=0.509 addr_full=0.2058 correct=510
  mpx-135 cover: trials=43320000 overall=0.9986 a0_nochange=1.0000 a0_change=1.0000 a1_nochange=0.9942 a1_change=1.0000 matched_but_wrong=0
  mpx-135 acc: trials=43320000 accuracy=1.0000
  mpx-135 traj: trials=43440000 wall=285176s knowledge=0.9981 reliable=531 spec=8.01 pop=2719
  mpx-135 diag: trials=43440000 micro=7526 pop_spec=9.76 spec_max=27 q_mean=0.638 q_max=1.000 q_above_half=1858 marked=0.254 mark_density=0.930 exp_mean=12689.3 addr_spec=4.904 addr_random=0.506 addr_full=0.2001 correct=510
  mpx-135 cover: trials=43440000 overall=0.9981 a0_nochange=1.0000 a0_change=1.0000 a1_nochange=0.9924 a1_change=1.0000 matched_but_wrong=0
  mpx-135 acc: trials=43440000 accuracy=1.0000
  mpx-135 traj: trials=43560000 wall=285233s knowledge=0.9981 reliable=535 spec=8.01 pop=2670
  mpx-135 diag: trials=43560000 micro=7452 pop_spec=9.81 spec_max=27 q_mean=0.637 q_max=1.000 q_above_half=1830 marked=0.270 mark_density=0.930 exp_mean=12967.4 addr_spec=4.864 addr_random=0.509 addr_full=0.2045 correct=510
  mpx-135 cover: trials=43560000 overall=0.9981 a0_nochange=1.0000 a0_change=1.0000 a1_nochange=0.9924 a1_change=1.0000 matched_but_wrong=0
  mpx-135 acc: trials=43560000 accuracy=1.0000
  mpx-135 traj: trials=43680000 wall=285298s knowledge=0.9981 reliable=528 spec=8.01 pop=2623
  mpx-135 diag: trials=43680000 micro=7430 pop_spec=9.79 spec_max=27 q_mean=0.639 q_max=1.000 q_above_half=1814 marked=0.260 mark_density=0.929 exp_mean=13245.2 addr_spec=4.839 addr_random=0.508 addr_full=0.2112 correct=510
  mpx-135 cover: trials=43680000 overall=0.9981 a0_nochange=1.0000 a0_change=1.0000 a1_nochange=0.9924 a1_change=1.0000 matched_but_wrong=0
  mpx-135 acc: trials=43680000 accuracy=1.0000
  mpx-135 traj: trials=43800000 wall=285363s knowledge=0.9983 reliable=534 spec=8.01 pop=2645
  mpx-135 diag: trials=43800000 micro=7416 pop_spec=9.79 spec_max=27 q_mean=0.636 q_max=1.000 q_above_half=1779 marked=0.250 mark_density=0.929 exp_mean=13180.9 addr_spec=4.895 addr_random=0.507 addr_full=0.2057 correct=510
  mpx-135 cover: trials=43800000 overall=0.9983 a0_nochange=1.0000 a0_change=1.0000 a1_nochange=0.9933 a1_change=1.0000 matched_but_wrong=0
  mpx-135 acc: trials=43800000 accuracy=1.0000
  mpx-135 traj: trials=43920000 wall=285426s knowledge=0.9979 reliable=532 spec=8.00 pop=2684
  mpx-135 diag: trials=43920000 micro=7479 pop_spec=9.73 spec_max=27 q_mean=0.634 q_max=1.000 q_above_half=1815 marked=0.251 mark_density=0.930 exp_mean=13033.7 addr_spec=4.872 addr_random=0.504 addr_full=0.2045 correct=510
  mpx-135 cover: trials=43920000 overall=0.9979 a0_nochange=1.0000 a0_change=1.0000 a1_nochange=0.9916 a1_change=1.0000 matched_but_wrong=0
  mpx-135 acc: trials=43920000 accuracy=1.0000
  mpx-135 traj: trials=44040000 wall=285490s knowledge=0.9979 reliable=532 spec=8.00 pop=2690
  mpx-135 diag: trials=44040000 micro=7372 pop_spec=9.71 spec_max=27 q_mean=0.634 q_max=1.000 q_above_half=1852 marked=0.257 mark_density=0.931 exp_mean=13049.2 addr_spec=4.877 addr_random=0.504 addr_full=0.2059 correct=510
  mpx-135 cover: trials=44040000 overall=0.9979 a0_nochange=1.0000 a0_change=1.0000 a1_nochange=0.9916 a1_change=1.0000 matched_but_wrong=0
  mpx-135 acc: trials=44040000 accuracy=1.0000
  mpx-135 traj: trials=44160000 wall=285556s knowledge=0.9979 reliable=537 spec=8.00 pop=2644
  mpx-135 diag: trials=44160000 micro=7425 pop_spec=9.74 spec_max=27 q_mean=0.638 q_max=1.000 q_above_half=1826 marked=0.266 mark_density=0.931 exp_mean=13321.5 addr_spec=4.867 addr_random=0.505 addr_full=0.2057 correct=510
  mpx-135 cover: trials=44160000 overall=0.9979 a0_nochange=1.0000 a0_change=1.0000 a1_nochange=0.9916 a1_change=1.0000 matched_but_wrong=0
  mpx-135 acc: trials=44160000 accuracy=1.0000
  mpx-135 traj: trials=44280000 wall=285621s knowledge=0.9979 reliable=532 spec=8.00 pop=2591
  mpx-135 diag: trials=44280000 micro=7363 pop_spec=9.79 spec_max=27 q_mean=0.641 q_max=1.000 q_above_half=1804 marked=0.250 mark_density=0.930 exp_mean=13640.0 addr_spec=4.860 addr_random=0.508 addr_full=0.2115 correct=510
  mpx-135 cover: trials=44280000 overall=0.9979 a0_nochange=1.0000 a0_change=1.0000 a1_nochange=0.9916 a1_change=1.0000 matched_but_wrong=0
  mpx-135 acc: trials=44280000 accuracy=1.0000
  mpx-135 traj: trials=44400000 wall=285676s knowledge=0.9960 reliable=523 spec=8.00 pop=2577
  mpx-135 diag: trials=44400000 micro=7347 pop_spec=9.77 spec_max=27 q_mean=0.638 q_max=1.000 q_above_half=1788 marked=0.251 mark_density=0.929 exp_mean=13720.4 addr_spec=4.860 addr_random=0.507 addr_full=0.2099 correct=508
  mpx-135 cover: trials=44400000 overall=0.9960 a0_nochange=0.9922 a0_change=1.0000 a1_nochange=0.9916 a1_change=1.0000 matched_but_wrong=0
  mpx-135 acc: trials=44400000 accuracy=1.0000
  mpx-135 traj: trials=44520000 wall=285732s knowledge=0.9960 reliable=528 spec=8.00 pop=2707
  mpx-135 diag: trials=44520000 micro=7437 pop_spec=9.71 spec_max=27 q_mean=0.633 q_max=1.000 q_above_half=1860 marked=0.252 mark_density=0.930 exp_mean=13105.8 addr_spec=4.947 addr_random=0.504 addr_full=0.2035 correct=508
  mpx-135 cover: trials=44520000 overall=0.9960 a0_nochange=0.9922 a0_change=1.0000 a1_nochange=0.9916 a1_change=1.0000 matched_but_wrong=0
  mpx-135 acc: trials=44520000 accuracy=1.0000
  mpx-135 traj: trials=44640000 wall=285790s knowledge=0.9962 reliable=530 spec=8.00 pop=2689
  mpx-135 diag: trials=44640000 micro=7517 pop_spec=9.68 spec_max=27 q_mean=0.634 q_max=1.000 q_above_half=1845 marked=0.252 mark_density=0.931 exp_mean=13237.9 addr_spec=4.905 addr_random=0.502 addr_full=0.2060 correct=508
  mpx-135 cover: trials=44640000 overall=0.9962 a0_nochange=0.9932 a0_change=1.0000 a1_nochange=0.9916 a1_change=1.0000 matched_but_wrong=0
  mpx-135 acc: trials=44640000 accuracy=1.0000
  mpx-135 traj: trials=44760000 wall=285855s knowledge=0.9969 reliable=536 spec=8.00 pop=2664
  mpx-135 diag: trials=44760000 micro=7374 pop_spec=9.69 spec_max=27 q_mean=0.638 q_max=1.000 q_above_half=1845 marked=0.248 mark_density=0.930 exp_mean=13407.2 addr_spec=4.870 addr_random=0.502 addr_full=0.2038 correct=509
  mpx-135 cover: trials=44760000 overall=0.9969 a0_nochange=0.9959 a0_change=1.0000 a1_nochange=0.9916 a1_change=1.0000 matched_but_wrong=0
  mpx-135 acc: trials=44760000 accuracy=1.0000
  mpx-135 traj: trials=44880000 wall=285920s knowledge=0.9980 reliable=527 spec=8.00 pop=2681
  mpx-135 diag: trials=44880000 micro=7414 pop_spec=9.70 spec_max=27 q_mean=0.636 q_max=1.000 q_above_half=1842 marked=0.267 mark_density=0.931 exp_mean=13367.1 addr_spec=4.883 addr_random=0.503 addr_full=0.2059 correct=510
  mpx-135 cover: trials=44880000 overall=0.9980 a0_nochange=0.9959 a0_change=1.0000 a1_nochange=0.9962 a1_change=1.0000 matched_but_wrong=0
  mpx-135 acc: trials=44880000 accuracy=1.0000
  mpx-135 traj: trials=45000000 wall=285982s knowledge=0.9980 reliable=531 spec=8.00 pop=2575
  mpx-135 diag: trials=45000000 micro=7315 pop_spec=9.80 spec_max=27 q_mean=0.641 q_max=1.000 q_above_half=1827 marked=0.249 mark_density=0.929 exp_mean=13963.8 addr_spec=4.920 addr_random=0.508 addr_full=0.2105 correct=510
  mpx-135 cover: trials=45000000 overall=0.9980 a0_nochange=0.9959 a0_change=1.0000 a1_nochange=0.9962 a1_change=1.0000 matched_but_wrong=0
  mpx-135 acc: trials=45000000 accuracy=1.0000
  mpx-135 traj: trials=45120000 wall=286037s knowledge=0.9980 reliable=530 spec=8.00 pop=2623
  mpx-135 diag: trials=45120000 micro=7418 pop_spec=9.70 spec_max=27 q_mean=0.636 q_max=1.000 q_above_half=1769 marked=0.261 mark_density=0.931 exp_mean=13754.3 addr_spec=4.881 addr_random=0.503 addr_full=0.2066 correct=510
  mpx-135 cover: trials=45120000 overall=0.9980 a0_nochange=0.9959 a0_change=1.0000 a1_nochange=0.9962 a1_change=1.0000 matched_but_wrong=0
  mpx-135 acc: trials=45120000 accuracy=1.0000
  mpx-135 traj: trials=45240000 wall=286094s knowledge=0.9971 reliable=535 spec=8.00 pop=2646
  mpx-135 diag: trials=45240000 micro=7408 pop_spec=9.69 spec_max=27 q_mean=0.640 q_max=1.000 q_above_half=1847 marked=0.280 mark_density=0.933 exp_mean=13679.7 addr_spec=4.886 addr_random=0.502 addr_full=0.2067 correct=509
  mpx-135 cover: trials=45240000 overall=0.9971 a0_nochange=0.9922 a0_change=1.0000 a1_nochange=0.9962 a1_change=1.0000 matched_but_wrong=0
  mpx-135 acc: trials=45240000 accuracy=1.0000
  mpx-135 traj: trials=45360000 wall=286155s knowledge=0.9971 reliable=530 spec=8.00 pop=2647
  mpx-135 diag: trials=45360000 micro=7395 pop_spec=9.65 spec_max=27 q_mean=0.633 q_max=1.000 q_above_half=1812 marked=0.265 mark_density=0.932 exp_mean=13719.5 addr_spec=4.890 addr_random=0.501 addr_full=0.2097 correct=509
  mpx-135 cover: trials=45360000 overall=0.9971 a0_nochange=0.9922 a0_change=1.0000 a1_nochange=0.9962 a1_change=1.0000 matched_but_wrong=0
  mpx-135 acc: trials=45360000 accuracy=1.0000
  mpx-135 traj: trials=45480000 wall=286220s knowledge=0.9976 reliable=538 spec=8.00 pop=2706
  mpx-135 diag: trials=45480000 micro=7401 pop_spec=9.59 spec_max=27 q_mean=0.637 q_max=1.000 q_above_half=1873 marked=0.271 mark_density=0.932 exp_mean=13465.1 addr_spec=4.924 addr_random=0.497 addr_full=0.2007 correct=509
  mpx-135 cover: trials=45480000 overall=0.9976 a0_nochange=0.9941 a0_change=1.0000 a1_nochange=0.9962 a1_change=1.0000 matched_but_wrong=0
  mpx-135 acc: trials=45480000 accuracy=1.0000
  mpx-135 traj: trials=45600000 wall=286285s knowledge=0.9976 reliable=525 spec=8.00 pop=2705
  mpx-135 diag: trials=45600000 micro=7482 pop_spec=9.61 spec_max=27 q_mean=0.637 q_max=1.000 q_above_half=1897 marked=0.268 mark_density=0.932 exp_mean=13513.9 addr_spec=4.894 addr_random=0.498 addr_full=0.2063 correct=509
  mpx-135 cover: trials=45600000 overall=0.9976 a0_nochange=0.9941 a0_change=1.0000 a1_nochange=0.9962 a1_change=1.0000 matched_but_wrong=0
  mpx-135 acc: trials=45600000 accuracy=1.0000
  mpx-135 traj: trials=45720000 wall=286345s knowledge=0.9980 reliable=539 spec=8.00 pop=2602
  mpx-135 diag: trials=45720000 micro=7365 pop_spec=9.68 spec_max=27 q_mean=0.642 q_max=1.000 q_above_half=1829 marked=0.263 mark_density=0.932 exp_mean=14095.5 addr_spec=4.858 addr_random=0.502 addr_full=0.2098 correct=509
  mpx-135 cover: trials=45720000 overall=0.9980 a0_nochange=0.9941 a0_change=1.0000 a1_nochange=0.9981 a1_change=1.0000 matched_but_wrong=15
  mpx-135 acc: trials=45720000 accuracy=1.0000
  mpx-135 traj: trials=45840000 wall=286405s knowledge=0.9980 reliable=524 spec=8.00 pop=2517
  mpx-135 diag: trials=45840000 micro=7367 pop_spec=9.78 spec_max=27 q_mean=0.641 q_max=1.000 q_above_half=1743 marked=0.261 mark_density=0.930 exp_mean=14618.2 addr_spec=4.892 addr_random=0.507 addr_full=0.2189 correct=510
  mpx-135 cover: trials=45840000 overall=0.9980 a0_nochange=0.9922 a0_change=1.0000 a1_nochange=1.0000 a1_change=1.0000 matched_but_wrong=0
  mpx-135 acc: trials=45840000 accuracy=1.0000
  mpx-135 traj: trials=45960000 wall=286464s knowledge=0.9980 reliable=531 spec=8.00 pop=2680
  mpx-135 diag: trials=45960000 micro=7444 pop_spec=9.60 spec_max=27 q_mean=0.635 q_max=1.000 q_above_half=1865 marked=0.277 mark_density=0.932 exp_mean=13774.2 addr_spec=4.876 addr_random=0.498 addr_full=0.2045 correct=510
  mpx-135 cover: trials=45960000 overall=0.9980 a0_nochange=0.9922 a0_change=1.0000 a1_nochange=1.0000 a1_change=1.0000 matched_but_wrong=0
  mpx-135 acc: trials=45960000 accuracy=1.0000
  mpx-135 traj: trials=46080000 wall=286520s knowledge=0.9980 reliable=533 spec=8.00 pop=2562
  mpx-135 diag: trials=46080000 micro=7409 pop_spec=9.67 spec_max=27 q_mean=0.640 q_max=1.000 q_above_half=1760 marked=0.267 mark_density=0.931 exp_mean=14455.7 addr_spec=4.872 addr_random=0.501 addr_full=0.2123 correct=510
  mpx-135 cover: trials=46080000 overall=0.9980 a0_nochange=0.9922 a0_change=1.0000 a1_nochange=1.0000 a1_change=1.0000 matched_but_wrong=0
  mpx-135 acc: trials=46080000 accuracy=1.0000
  mpx-135 traj: trials=46200000 wall=286579s knowledge=0.9986 reliable=540 spec=8.00 pop=2663
  mpx-135 diag: trials=46200000 micro=7421 pop_spec=9.58 spec_max=27 q_mean=0.636 q_max=1.000 q_above_half=1824 marked=0.281 mark_density=0.933 exp_mean=13928.1 addr_spec=4.971 addr_random=0.497 addr_full=0.2058 correct=510
  mpx-135 cover: trials=46200000 overall=0.9986 a0_nochange=0.9942 a0_change=1.0000 a1_nochange=1.0000 a1_change=1.0000 matched_but_wrong=0
  mpx-135 acc: trials=46200000 accuracy=1.0000
  mpx-135 traj: trials=46320000 wall=286639s knowledge=0.9986 reliable=540 spec=8.00 pop=2610
  mpx-135 diag: trials=46320000 micro=7369 pop_spec=9.64 spec_max=27 q_mean=0.640 q_max=1.000 q_above_half=1816 marked=0.258 mark_density=0.932 exp_mean=14257.0 addr_spec=4.883 addr_random=0.500 addr_full=0.2096 correct=510
  mpx-135 cover: trials=46320000 overall=0.9986 a0_nochange=0.9942 a0_change=1.0000 a1_nochange=1.0000 a1_change=1.0000 matched_but_wrong=0
  mpx-135 acc: trials=46320000 accuracy=1.0000
  mpx-135 traj: trials=46440000 wall=286694s knowledge=0.9986 reliable=530 spec=8.00 pop=2651
  mpx-135 diag: trials=46440000 micro=7422 pop_spec=9.60 spec_max=27 q_mean=0.634 q_max=1.000 q_above_half=1800 marked=0.256 mark_density=0.931 exp_mean=14081.3 addr_spec=4.928 addr_random=0.498 addr_full=0.2078 correct=510
  mpx-135 cover: trials=46440000 overall=0.9986 a0_nochange=0.9942 a0_change=1.0000 a1_nochange=1.0000 a1_change=1.0000 matched_but_wrong=0
  mpx-135 acc: trials=46440000 accuracy=1.0000
  mpx-135 traj: trials=46560000 wall=286747s knowledge=0.9980 reliable=532 spec=8.00 pop=2539
  mpx-135 diag: trials=46560000 micro=7355 pop_spec=9.71 spec_max=27 q_mean=0.644 q_max=1.000 q_above_half=1803 marked=0.250 mark_density=0.931 exp_mean=14749.2 addr_spec=4.915 addr_random=0.503 addr_full=0.2139 correct=510
  mpx-135 cover: trials=46560000 overall=0.9980 a0_nochange=0.9922 a0_change=1.0000 a1_nochange=1.0000 a1_change=1.0000 matched_but_wrong=0
  mpx-135 acc: trials=46560000 accuracy=1.0000
  mpx-135 traj: trials=46680000 wall=286799s knowledge=0.9980 reliable=526 spec=8.00 pop=2588
  mpx-135 diag: trials=46680000 micro=7420 pop_spec=9.64 spec_max=27 q_mean=0.640 q_max=1.000 q_above_half=1791 marked=0.252 mark_density=0.931 exp_mean=14516.0 addr_spec=4.964 addr_random=0.500 addr_full=0.2129 correct=510
  mpx-135 cover: trials=46680000 overall=0.9980 a0_nochange=0.9922 a0_change=1.0000 a1_nochange=1.0000 a1_change=1.0000 matched_but_wrong=0
  mpx-135 acc: trials=46680000 accuracy=1.0000
  mpx-135 traj: trials=46800000 wall=286856s knowledge=0.9980 reliable=526 spec=8.00 pop=2718
  mpx-135 diag: trials=46800000 micro=7438 pop_spec=9.50 spec_max=27 q_mean=0.632 q_max=1.000 q_above_half=1839 marked=0.260 mark_density=0.933 exp_mean=13865.8 addr_spec=4.930 addr_random=0.493 addr_full=0.1994 correct=510
  mpx-135 cover: trials=46800000 overall=0.9980 a0_nochange=0.9922 a0_change=1.0000 a1_nochange=1.0000 a1_change=1.0000 matched_but_wrong=0
  mpx-135 acc: trials=46800000 accuracy=1.0000
  mpx-135 traj: trials=46920000 wall=286916s knowledge=0.9991 reliable=529 spec=8.00 pop=2620
  mpx-135 diag: trials=46920000 micro=7406 pop_spec=9.58 spec_max=27 q_mean=0.636 q_max=1.000 q_above_half=1804 marked=0.260 mark_density=0.932 exp_mean=14430.4 addr_spec=4.937 addr_random=0.496 addr_full=0.2111 correct=511
  mpx-135 cover: trials=46920000 overall=0.9991 a0_nochange=0.9962 a0_change=1.0000 a1_nochange=1.0000 a1_change=1.0000 matched_but_wrong=0
  mpx-135 acc: trials=46920000 accuracy=1.0000
  mpx-135 traj: trials=47040000 wall=286975s knowledge=0.9991 reliable=531 spec=8.00 pop=2694
  mpx-135 diag: trials=47040000 micro=7484 pop_spec=9.54 spec_max=27 q_mean=0.637 q_max=1.000 q_above_half=1886 marked=0.255 mark_density=0.932 exp_mean=14078.7 addr_spec=4.996 addr_random=0.495 addr_full=0.2071 correct=511
  mpx-135 cover: trials=47040000 overall=0.9991 a0_nochange=0.9962 a0_change=1.0000 a1_nochange=1.0000 a1_change=1.0000 matched_but_wrong=0
  mpx-135 acc: trials=47040000 accuracy=1.0000
  mpx-135 traj: trials=47160000 wall=287028s knowledge=0.9991 reliable=530 spec=8.00 pop=2652
  mpx-135 diag: trials=47160000 micro=7388 pop_spec=9.53 spec_max=27 q_mean=0.641 q_max=1.000 q_above_half=1870 marked=0.273 mark_density=0.933 exp_mean=14346.8 addr_spec=4.956 addr_random=0.494 addr_full=0.2081 correct=511
  mpx-135 cover: trials=47160000 overall=0.9991 a0_nochange=0.9962 a0_change=1.0000 a1_nochange=1.0000 a1_change=1.0000 matched_but_wrong=0
  mpx-135 acc: trials=47160000 accuracy=1.0000
  mpx-135 traj: trials=47280000 wall=287082s knowledge=0.9991 reliable=530 spec=8.00 pop=2586
  mpx-135 diag: trials=47280000 micro=7373 pop_spec=9.59 spec_max=27 q_mean=0.642 q_max=1.000 q_above_half=1784 marked=0.254 mark_density=0.932 exp_mean=14759.3 addr_spec=4.964 addr_random=0.497 addr_full=0.2146 correct=511
  mpx-135 cover: trials=47280000 overall=0.9991 a0_nochange=0.9962 a0_change=1.0000 a1_nochange=1.0000 a1_change=1.0000 matched_but_wrong=0
  mpx-135 acc: trials=47280000 accuracy=1.0000
  mpx-135 traj: trials=47400000 wall=287135s knowledge=0.9991 reliable=526 spec=8.00 pop=2598
  mpx-135 diag: trials=47400000 micro=7335 pop_spec=9.55 spec_max=27 q_mean=0.636 q_max=1.000 q_above_half=1758 marked=0.259 mark_density=0.933 exp_mean=14737.0 addr_spec=4.941 addr_random=0.495 addr_full=0.2125 correct=511
  mpx-135 cover: trials=47400000 overall=0.9991 a0_nochange=0.9962 a0_change=1.0000 a1_nochange=1.0000 a1_change=1.0000 matched_but_wrong=0
  mpx-135 acc: trials=47400000 accuracy=1.0000
  mpx-135 traj: trials=47520000 wall=287194s knowledge=0.9991 reliable=527 spec=8.00 pop=2632
  mpx-135 diag: trials=47520000 micro=7370 pop_spec=9.53 spec_max=27 q_mean=0.641 q_max=1.000 q_above_half=1873 marked=0.246 mark_density=0.932 exp_mean=14592.4 addr_spec=4.927 addr_random=0.494 addr_full=0.2059 correct=511
  mpx-135 cover: trials=47520000 overall=0.9991 a0_nochange=0.9962 a0_change=1.0000 a1_nochange=1.0000 a1_change=1.0000 matched_but_wrong=0
  mpx-135 acc: trials=47520000 accuracy=1.0000
  mpx-135 traj: trials=47640000 wall=287253s knowledge=0.9991 reliable=531 spec=8.00 pop=2593
  mpx-135 diag: trials=47640000 micro=7426 pop_spec=9.58 spec_max=27 q_mean=0.639 q_max=1.000 q_above_half=1774 marked=0.277 mark_density=0.935 exp_mean=14858.1 addr_spec=4.949 addr_random=0.497 addr_full=0.2102 correct=511
  mpx-135 cover: trials=47640000 overall=0.9991 a0_nochange=0.9962 a0_change=1.0000 a1_nochange=1.0000 a1_change=1.0000 matched_but_wrong=0
  mpx-135 acc: trials=47640000 accuracy=1.0000
  mpx-135 traj: trials=47760000 wall=287310s knowledge=0.9980 reliable=532 spec=8.00 pop=2643
  mpx-135 diag: trials=47760000 micro=7371 pop_spec=9.49 spec_max=27 q_mean=0.637 q_max=1.000 q_above_half=1848 marked=0.261 mark_density=0.933 exp_mean=14620.3 addr_spec=4.871 addr_random=0.492 addr_full=0.2092 correct=511
  mpx-135 cover: trials=47760000 overall=0.9980 a0_nochange=0.9921 a0_change=1.0000 a1_nochange=1.0000 a1_change=1.0000 matched_but_wrong=0
  mpx-135 acc: trials=47760000 accuracy=1.0000
  mpx-135 traj: trials=47880000 wall=287362s knowledge=0.9980 reliable=529 spec=8.00 pop=2671
  mpx-135 diag: trials=47880000 micro=7422 pop_spec=9.46 spec_max=27 q_mean=0.636 q_max=1.000 q_above_half=1846 marked=0.275 mark_density=0.934 exp_mean=14512.3 addr_spec=4.924 addr_random=0.490 addr_full=0.2007 correct=511
  mpx-135 cover: trials=47880000 overall=0.9980 a0_nochange=0.9921 a0_change=1.0000 a1_nochange=1.0000 a1_change=1.0000 matched_but_wrong=0
  mpx-135 acc: trials=47880000 accuracy=1.0000
  mpx-135 traj: trials=48000000 wall=287416s knowledge=0.9980 reliable=532 spec=8.00 pop=2640
  mpx-135 diag: trials=48000000 micro=7399 pop_spec=9.49 spec_max=27 q_mean=0.638 q_max=1.000 q_above_half=1836 marked=0.259 mark_density=0.933 exp_mean=14728.2 addr_spec=4.972 addr_random=0.492 addr_full=0.2076 correct=511
  mpx-135 cover: trials=48000000 overall=0.9980 a0_nochange=0.9921 a0_change=1.0000 a1_nochange=1.0000 a1_change=1.0000 matched_but_wrong=0
  mpx-135 acc: trials=48000000 accuracy=1.0000
  mpx-135 traj: trials=48120000 wall=287471s knowledge=0.9991 reliable=531 spec=8.00 pop=2703
  mpx-135 diag: trials=48120000 micro=7450 pop_spec=9.42 spec_max=27 q_mean=0.636 q_max=1.000 q_above_half=1890 marked=0.259 mark_density=0.934 exp_mean=14428.9 addr_spec=4.968 addr_random=0.489 addr_full=0.2009 correct=511
  mpx-135 cover: trials=48120000 overall=0.9991 a0_nochange=0.9962 a0_change=1.0000 a1_nochange=1.0000 a1_change=1.0000 matched_but_wrong=0
  mpx-135 acc: trials=48120000 accuracy=1.0000
  mpx-135 traj: trials=48240000 wall=287531s knowledge=0.9991 reliable=531 spec=8.00 pop=2637
  mpx-135 diag: trials=48240000 micro=7418 pop_spec=9.48 spec_max=27 q_mean=0.637 q_max=1.000 q_above_half=1804 marked=0.257 mark_density=0.933 exp_mean=14835.7 addr_spec=4.966 addr_random=0.492 addr_full=0.2101 correct=511
  mpx-135 cover: trials=48240000 overall=0.9991 a0_nochange=0.9962 a0_change=1.0000 a1_nochange=1.0000 a1_change=1.0000 matched_but_wrong=0
  mpx-135 acc: trials=48240000 accuracy=1.0000
  mpx-135 traj: trials=48360000 wall=287590s knowledge=0.9991 reliable=524 spec=8.00 pop=2665
  mpx-135 diag: trials=48360000 micro=7401 pop_spec=9.43 spec_max=27 q_mean=0.637 q_max=1.000 q_above_half=1863 marked=0.256 mark_density=0.934 exp_mean=14724.4 addr_spec=5.005 addr_random=0.489 addr_full=0.2079 correct=511
  mpx-135 cover: trials=48360000 overall=0.9991 a0_nochange=0.9962 a0_change=1.0000 a1_nochange=1.0000 a1_change=1.0000 matched_but_wrong=0
  mpx-135 acc: trials=48360000 accuracy=1.0000
  mpx-135 traj: trials=48480000 wall=287647s knowledge=0.9991 reliable=520 spec=8.00 pop=2557
  mpx-135 diag: trials=48480000 micro=7408 pop_spec=9.52 spec_max=27 q_mean=0.638 q_max=1.000 q_above_half=1756 marked=0.259 mark_density=0.933 exp_mean=15392.9 addr_spec=4.957 addr_random=0.493 addr_full=0.2116 correct=511
  mpx-135 cover: trials=48480000 overall=0.9991 a0_nochange=0.9962 a0_change=1.0000 a1_nochange=1.0000 a1_change=1.0000 matched_but_wrong=0
  mpx-135 acc: trials=48480000 accuracy=1.0000
  mpx-135 traj: trials=48600000 wall=287706s knowledge=0.9991 reliable=531 spec=8.00 pop=2604
  mpx-135 diag: trials=48600000 micro=7400 pop_spec=9.45 spec_max=27 q_mean=0.638 q_max=1.000 q_above_half=1807 marked=0.254 mark_density=0.933 exp_mean=15161.7 addr_spec=4.935 addr_random=0.490 addr_full=0.2112 correct=511
  mpx-135 cover: trials=48600000 overall=0.9991 a0_nochange=0.9962 a0_change=1.0000 a1_nochange=1.0000 a1_change=1.0000 matched_but_wrong=0
  mpx-135 acc: trials=48600000 accuracy=1.0000
  mpx-135 traj: trials=48720000 wall=287766s knowledge=0.9991 reliable=535 spec=8.00 pop=2657
  mpx-135 diag: trials=48720000 micro=7432 pop_spec=9.41 spec_max=27 q_mean=0.638 q_max=1.000 q_above_half=1858 marked=0.262 mark_density=0.934 exp_mean=14905.1 addr_spec=4.942 addr_random=0.488 addr_full=0.2070 correct=511
  mpx-135 cover: trials=48720000 overall=0.9991 a0_nochange=0.9962 a0_change=1.0000 a1_nochange=1.0000 a1_change=1.0000 matched_but_wrong=0
  mpx-135 acc: trials=48720000 accuracy=1.0000
  mpx-135 traj: trials=48840000 wall=287819s knowledge=0.9995 reliable=537 spec=8.00 pop=2563
  mpx-135 diag: trials=48840000 micro=7340 pop_spec=9.47 spec_max=27 q_mean=0.642 q_max=1.000 q_above_half=1778 marked=0.262 mark_density=0.934 exp_mean=15498.4 addr_spec=4.970 addr_random=0.491 addr_full=0.2169 correct=511
  mpx-135 cover: trials=48840000 overall=0.9995 a0_nochange=0.9980 a0_change=1.0000 a1_nochange=1.0000 a1_change=1.0000 matched_but_wrong=0
  mpx-135 acc: trials=48840000 accuracy=1.0000
  mpx-135 traj: trials=48960000 wall=287873s knowledge=0.9980 reliable=533 spec=8.00 pop=2524
  mpx-135 diag: trials=48960000 micro=7294 pop_spec=9.50 spec_max=27 q_mean=0.642 q_max=1.000 q_above_half=1751 marked=0.261 mark_density=0.933 exp_mean=15784.8 addr_spec=4.911 addr_random=0.492 addr_full=0.2155 correct=511
  mpx-135 cover: trials=48960000 overall=0.9980 a0_nochange=0.9921 a0_change=1.0000 a1_nochange=1.0000 a1_change=1.0000 matched_but_wrong=0
  mpx-135 acc: trials=48960000 accuracy=1.0000
  mpx-135 traj: trials=49080000 wall=287927s knowledge=0.9991 reliable=535 spec=8.00 pop=2611
  mpx-135 diag: trials=49080000 micro=7344 pop_spec=9.41 spec_max=27 q_mean=0.640 q_max=1.000 q_above_half=1809 marked=0.257 mark_density=0.934 exp_mean=15304.3 addr_spec=4.923 addr_random=0.488 addr_full=0.2053 correct=511
  mpx-135 cover: trials=49080000 overall=0.9991 a0_nochange=0.9962 a0_change=1.0000 a1_nochange=1.0000 a1_change=1.0000 matched_but_wrong=0
  mpx-135 acc: trials=49080000 accuracy=1.0000
  mpx-135 traj: trials=49200000 wall=287986s knowledge=0.9980 reliable=528 spec=8.00 pop=2573
  mpx-135 diag: trials=49200000 micro=7327 pop_spec=9.44 spec_max=27 q_mean=0.639 q_max=1.000 q_above_half=1792 marked=0.255 mark_density=0.934 exp_mean=15576.6 addr_spec=4.962 addr_random=0.489 addr_full=0.2134 correct=511
  mpx-135 cover: trials=49200000 overall=0.9980 a0_nochange=0.9921 a0_change=1.0000 a1_nochange=1.0000 a1_change=1.0000 matched_but_wrong=0
  mpx-135 acc: trials=49200000 accuracy=1.0000
  mpx-135 traj: trials=49320000 wall=288051s knowledge=0.9990 reliable=536 spec=8.00 pop=2569
  mpx-135 diag: trials=49320000 micro=7413 pop_spec=9.45 spec_max=27 q_mean=0.648 q_max=1.000 q_above_half=1815 marked=0.257 mark_density=0.934 exp_mean=15648.1 addr_spec=4.953 addr_random=0.490 addr_full=0.2141 correct=511
  mpx-135 cover: trials=49320000 overall=0.9990 a0_nochange=0.9958 a0_change=1.0000 a1_nochange=1.0000 a1_change=1.0000 matched_but_wrong=0
  mpx-135 acc: trials=49320000 accuracy=1.0000
  mpx-135 traj: trials=49440000 wall=288112s knowledge=0.9980 reliable=531 spec=8.00 pop=2556
  mpx-135 diag: trials=49440000 micro=7370 pop_spec=9.43 spec_max=27 q_mean=0.640 q_max=1.000 q_above_half=1785 marked=0.254 mark_density=0.934 exp_mean=15774.2 addr_spec=4.942 addr_random=0.489 addr_full=0.2136 correct=511
  mpx-135 cover: trials=49440000 overall=0.9980 a0_nochange=0.9921 a0_change=1.0000 a1_nochange=1.0000 a1_change=1.0000 matched_but_wrong=0
  mpx-135 acc: trials=49440000 accuracy=1.0000
  mpx-135 traj: trials=49560000 wall=288169s knowledge=0.9980 reliable=533 spec=8.00 pop=2569
  mpx-135 diag: trials=49560000 micro=7414 pop_spec=9.41 spec_max=27 q_mean=0.640 q_max=1.000 q_above_half=1762 marked=0.252 mark_density=0.934 exp_mean=15740.9 addr_spec=4.957 addr_random=0.488 addr_full=0.2106 correct=511
  mpx-135 cover: trials=49560000 overall=0.9980 a0_nochange=0.9921 a0_change=1.0000 a1_nochange=1.0000 a1_change=1.0000 matched_but_wrong=0
  mpx-135 acc: trials=49560000 accuracy=1.0000
  mpx-135 traj: trials=49680000 wall=288224s knowledge=0.9980 reliable=530 spec=8.00 pop=2580
  mpx-135 diag: trials=49680000 micro=7342 pop_spec=9.38 spec_max=27 q_mean=0.639 q_max=1.000 q_above_half=1789 marked=0.260 mark_density=0.935 exp_mean=15720.7 addr_spec=4.931 addr_random=0.486 addr_full=0.2089 correct=511
  mpx-135 cover: trials=49680000 overall=0.9980 a0_nochange=0.9921 a0_change=1.0000 a1_nochange=1.0000 a1_change=1.0000 matched_but_wrong=0
  mpx-135 acc: trials=49680000 accuracy=1.0000
  mpx-135 traj: trials=49800000 wall=288284s knowledge=0.9988 reliable=528 spec=8.00 pop=2604
  mpx-135 diag: trials=49800000 micro=7360 pop_spec=9.37 spec_max=27 q_mean=0.637 q_max=1.000 q_above_half=1782 marked=0.276 mark_density=0.935 exp_mean=15621.6 addr_spec=5.038 addr_random=0.486 addr_full=0.2093 correct=511
  mpx-135 cover: trials=49800000 overall=0.9988 a0_nochange=0.9953 a0_change=1.0000 a1_nochange=1.0000 a1_change=1.0000 matched_but_wrong=0
  mpx-135 acc: trials=49800000 accuracy=1.0000
  mpx-135 traj: trials=49920000 wall=288349s knowledge=0.9990 reliable=536 spec=8.00 pop=2577
  mpx-135 diag: trials=49920000 micro=7318 pop_spec=9.41 spec_max=27 q_mean=0.642 q_max=1.000 q_above_half=1801 marked=0.261 mark_density=0.934 exp_mean=15832.1 addr_spec=4.967 addr_random=0.488 addr_full=0.2158 correct=511
  mpx-135 cover: trials=49920000 overall=0.9990 a0_nochange=0.9959 a0_change=1.0000 a1_nochange=1.0000 a1_change=1.0000 matched_but_wrong=0
  mpx-135 acc: trials=49920000 accuracy=1.0000
  mpx-135 traj: trials=50040000 wall=288414s knowledge=0.9990 reliable=528 spec=8.00 pop=2650
  mpx-135 diag: trials=50040000 micro=7426 pop_spec=9.31 spec_max=27 q_mean=0.638 q_max=1.000 q_above_half=1837 marked=0.270 mark_density=0.935 exp_mean=15440.7 addr_spec=4.972 addr_random=0.483 addr_full=0.2053 correct=511
  mpx-135 cover: trials=50040000 overall=0.9990 a0_nochange=0.9959 a0_change=1.0000 a1_nochange=1.0000 a1_change=1.0000 matched_but_wrong=0
  mpx-135 acc: trials=50040000 accuracy=1.0000
  mpx-135 traj: trials=50160000 wall=288469s knowledge=0.9990 reliable=535 spec=8.00 pop=2611
  mpx-135 diag: trials=50160000 micro=7372 pop_spec=9.36 spec_max=27 q_mean=0.638 q_max=1.000 q_above_half=1844 marked=0.246 mark_density=0.934 exp_mean=15717.9 addr_spec=4.944 addr_random=0.485 addr_full=0.2149 correct=511
  mpx-135 cover: trials=50160000 overall=0.9990 a0_nochange=0.9959 a0_change=1.0000 a1_nochange=1.0000 a1_change=1.0000 matched_but_wrong=0
  mpx-135 acc: trials=50160000 accuracy=1.0000
  mpx-135 traj: trials=50280000 wall=288525s knowledge=0.9980 reliable=526 spec=8.00 pop=2614
  mpx-135 diag: trials=50280000 micro=7366 pop_spec=9.38 spec_max=27 q_mean=0.641 q_max=1.000 q_above_half=1836 marked=0.269 mark_density=0.935 exp_mean=15721.9 addr_spec=4.994 addr_random=0.487 addr_full=0.2112 correct=510
  mpx-135 cover: trials=50280000 overall=0.9980 a0_nochange=0.9921 a0_change=1.0000 a1_nochange=1.0000 a1_change=1.0000 matched_but_wrong=0
  mpx-135 acc: trials=50280000 accuracy=1.0000
  mpx-135 traj: trials=50400000 wall=288582s knowledge=0.9990 reliable=525 spec=8.00 pop=2542
  mpx-135 diag: trials=50400000 micro=7342 pop_spec=9.40 spec_max=27 q_mean=0.642 q_max=1.000 q_above_half=1788 marked=0.245 mark_density=0.933 exp_mean=16213.9 addr_spec=4.917 addr_random=0.487 addr_full=0.2164 correct=511
  mpx-135 cover: trials=50400000 overall=0.9990 a0_nochange=0.9962 a0_change=1.0000 a1_nochange=1.0000 a1_change=1.0000 matched_but_wrong=0
  mpx-135 acc: trials=50400000 accuracy=1.0000
  mpx-135 traj: trials=50520000 wall=288644s knowledge=0.9996 reliable=538 spec=8.00 pop=2590
  mpx-135 diag: trials=50520000 micro=7359 pop_spec=9.35 spec_max=27 q_mean=0.643 q_max=1.000 q_above_half=1838 marked=0.252 mark_density=0.934 exp_mean=15960.5 addr_spec=4.954 addr_random=0.485 addr_full=0.2135 correct=511
  mpx-135 cover: trials=50520000 overall=0.9996 a0_nochange=0.9982 a0_change=1.0000 a1_nochange=1.0000 a1_change=1.0000 matched_but_wrong=0
  mpx-135 acc: trials=50520000 accuracy=1.0000
  mpx-135 traj: trials=50640000 wall=288705s knowledge=0.9996 reliable=530 spec=8.00 pop=2593
  mpx-135 diag: trials=50640000 micro=7386 pop_spec=9.35 spec_max=27 q_mean=0.639 q_max=1.000 q_above_half=1807 marked=0.266 mark_density=0.935 exp_mean=15988.0 addr_spec=4.956 addr_random=0.485 addr_full=0.2117 correct=511
  mpx-135 cover: trials=50640000 overall=0.9996 a0_nochange=0.9982 a0_change=1.0000 a1_nochange=1.0000 a1_change=1.0000 matched_but_wrong=0
  mpx-135 acc: trials=50640000 accuracy=1.0000
  mpx-135 traj: trials=50760000 wall=288768s knowledge=0.9996 reliable=533 spec=8.00 pop=2520
  mpx-135 diag: trials=50760000 micro=7328 pop_spec=9.40 spec_max=27 q_mean=0.641 q_max=1.000 q_above_half=1733 marked=0.250 mark_density=0.934 exp_mean=16499.0 addr_spec=5.022 addr_random=0.487 addr_full=0.2254 correct=511
  mpx-135 cover: trials=50760000 overall=0.9996 a0_nochange=0.9982 a0_change=1.0000 a1_nochange=1.0000 a1_change=1.0000 matched_but_wrong=0
  mpx-135 acc: trials=50760000 accuracy=1.0000
  mpx-135 traj: trials=50880000 wall=288824s knowledge=0.9980 reliable=534 spec=8.00 pop=2625
  mpx-135 diag: trials=50880000 micro=7434 pop_spec=9.33 spec_max=27 q_mean=0.636 q_max=1.000 q_above_half=1822 marked=0.252 mark_density=0.934 exp_mean=15884.3 addr_spec=4.996 addr_random=0.484 addr_full=0.2130 correct=510
  mpx-135 cover: trials=50880000 overall=0.9980 a0_nochange=0.9921 a0_change=1.0000 a1_nochange=1.0000 a1_change=1.0000 matched_but_wrong=0
  mpx-135 acc: trials=50880000 accuracy=1.0000
  mpx-135 traj: trials=51000000 wall=288880s knowledge=0.9985 reliable=527 spec=8.00 pop=2570
  mpx-135 diag: trials=51000000 micro=7346 pop_spec=9.36 spec_max=27 q_mean=0.637 q_max=1.000 q_above_half=1766 marked=0.265 mark_density=0.935 exp_mean=16270.4 addr_spec=4.924 addr_random=0.485 addr_full=0.2136 correct=510
  mpx-135 cover: trials=51000000 overall=0.9985 a0_nochange=0.9940 a0_change=1.0000 a1_nochange=1.0000 a1_change=1.0000 matched_but_wrong=0
  mpx-135 acc: trials=51000000 accuracy=1.0000
  mpx-135 traj: trials=51120000 wall=288935s knowledge=0.9980 reliable=530 spec=8.00 pop=2531
  mpx-135 diag: trials=51120000 micro=7298 pop_spec=9.35 spec_max=27 q_mean=0.646 q_max=1.000 q_above_half=1800 marked=0.262 mark_density=0.935 exp_mean=16568.7 addr_spec=4.983 addr_random=0.485 addr_full=0.2141 correct=510
  mpx-135 cover: trials=51120000 overall=0.9980 a0_nochange=0.9921 a0_change=1.0000 a1_nochange=1.0000 a1_change=1.0000 matched_but_wrong=0
  mpx-135 acc: trials=51120000 accuracy=1.0000
  mpx-135 traj: trials=51240000 wall=288995s knowledge=0.9985 reliable=535 spec=8.00 pop=2576
  mpx-135 diag: trials=51240000 micro=7354 pop_spec=9.30 spec_max=27 q_mean=0.640 q_max=1.000 q_above_half=1785 marked=0.238 mark_density=0.934 exp_mean=16325.7 addr_spec=4.916 addr_random=0.482 addr_full=0.2100 correct=510
  mpx-135 cover: trials=51240000 overall=0.9985 a0_nochange=0.9939 a0_change=1.0000 a1_nochange=1.0000 a1_change=1.0000 matched_but_wrong=0
  mpx-135 acc: trials=51240000 accuracy=1.0000
  mpx-135 traj: trials=51360000 wall=289060s knowledge=0.9985 reliable=525 spec=8.00 pop=2636
  mpx-135 diag: trials=51360000 micro=7382 pop_spec=9.32 spec_max=27 q_mean=0.639 q_max=1.000 q_above_half=1840 marked=0.259 mark_density=0.934 exp_mean=15999.8 addr_spec=5.025 addr_random=0.483 addr_full=0.2113 correct=510
  mpx-135 cover: trials=51360000 overall=0.9985 a0_nochange=0.9939 a0_change=1.0000 a1_nochange=1.0000 a1_change=1.0000 matched_but_wrong=0
  mpx-135 acc: trials=51360000 accuracy=1.0000
  mpx-135 traj: trials=51480000 wall=289121s knowledge=0.9980 reliable=527 spec=8.00 pop=2532
  mpx-135 diag: trials=51480000 micro=7325 pop_spec=9.36 spec_max=27 q_mean=0.642 q_max=1.000 q_above_half=1786 marked=0.255 mark_density=0.934 exp_mean=16703.8 addr_spec=4.960 addr_random=0.485 addr_full=0.2168 correct=510
  mpx-135 cover: trials=51480000 overall=0.9980 a0_nochange=0.9921 a0_change=1.0000 a1_nochange=1.0000 a1_change=1.0000 matched_but_wrong=0
  mpx-135 acc: trials=51480000 accuracy=1.0000
  mpx-135 traj: trials=51600000 wall=289177s knowledge=0.9980 reliable=532 spec=8.00 pop=2599
  mpx-135 diag: trials=51600000 micro=7335 pop_spec=9.28 spec_max=27 q_mean=0.641 q_max=1.000 q_above_half=1827 marked=0.252 mark_density=0.935 exp_mean=16320.1 addr_spec=4.970 addr_random=0.481 addr_full=0.2101 correct=510
  mpx-135 cover: trials=51600000 overall=0.9980 a0_nochange=0.9921 a0_change=1.0000 a1_nochange=1.0000 a1_change=1.0000 matched_but_wrong=0
  mpx-135 acc: trials=51600000 accuracy=1.0000
  mpx-135 traj: trials=51720000 wall=289233s knowledge=0.9980 reliable=528 spec=8.00 pop=2582
  mpx-135 diag: trials=51720000 micro=7426 pop_spec=9.26 spec_max=27 q_mean=0.637 q_max=1.000 q_above_half=1773 marked=0.237 mark_density=0.935 exp_mean=16473.3 addr_spec=4.967 addr_random=0.480 addr_full=0.2115 correct=510
  mpx-135 cover: trials=51720000 overall=0.9980 a0_nochange=0.9921 a0_change=1.0000 a1_nochange=1.0000 a1_change=1.0000 matched_but_wrong=0
  mpx-135 acc: trials=51720000 accuracy=1.0000
  mpx-135 traj: trials=51840000 wall=289289s knowledge=0.9980 reliable=527 spec=8.00 pop=2572
  mpx-135 diag: trials=51840000 micro=7288 pop_spec=9.26 spec_max=27 q_mean=0.639 q_max=1.000 q_above_half=1786 marked=0.257 mark_density=0.936 exp_mean=16584.1 addr_spec=4.958 addr_random=0.480 addr_full=0.2123 correct=510
  mpx-135 cover: trials=51840000 overall=0.9980 a0_nochange=0.9921 a0_change=1.0000 a1_nochange=1.0000 a1_change=1.0000 matched_but_wrong=0
  mpx-135 acc: trials=51840000 accuracy=1.0000
  mpx-135 traj: trials=51960000 wall=289352s knowledge=0.9980 reliable=537 spec=8.00 pop=2602
  mpx-135 diag: trials=51960000 micro=7343 pop_spec=9.28 spec_max=27 q_mean=0.641 q_max=1.000 q_above_half=1773 marked=0.251 mark_density=0.935 exp_mean=16439.3 addr_spec=5.008 addr_random=0.481 addr_full=0.2095 correct=510
  mpx-135 cover: trials=51960000 overall=0.9980 a0_nochange=0.9921 a0_change=1.0000 a1_nochange=1.0000 a1_change=1.0000 matched_but_wrong=0
  mpx-135 acc: trials=51960000 accuracy=1.0000
  mpx-135 traj: trials=52080000 wall=289416s knowledge=0.9980 reliable=533 spec=8.00 pop=2509
  mpx-135 diag: trials=52080000 micro=7239 pop_spec=9.28 spec_max=27 q_mean=0.644 q_max=1.000 q_above_half=1736 marked=0.270 mark_density=0.937 exp_mean=17096.6 addr_spec=4.931 addr_random=0.481 addr_full=0.2168 correct=510
  mpx-135 cover: trials=52080000 overall=0.9980 a0_nochange=0.9921 a0_change=1.0000 a1_nochange=1.0000 a1_change=1.0000 matched_but_wrong=0
  mpx-135 acc: trials=52080000 accuracy=1.0000
  mpx-135 traj: trials=52200000 wall=289475s knowledge=0.9985 reliable=537 spec=8.00 pop=2556
  mpx-135 diag: trials=52200000 micro=7305 pop_spec=9.27 spec_max=27 q_mean=0.643 q_max=1.000 q_above_half=1761 marked=0.269 mark_density=0.937 exp_mean=16829.2 addr_spec=4.953 addr_random=0.481 addr_full=0.2160 correct=510
  mpx-135 cover: trials=52200000 overall=0.9985 a0_nochange=0.9941 a0_change=1.0000 a1_nochange=1.0000 a1_change=1.0000 matched_but_wrong=0
  mpx-135 acc: trials=52200000 accuracy=1.0000
  mpx-135 traj: trials=52320000 wall=289530s knowledge=0.9990 reliable=540 spec=8.00 pop=2540
  mpx-135 diag: trials=52320000 micro=7336 pop_spec=9.27 spec_max=27 q_mean=0.641 q_max=1.000 q_above_half=1742 marked=0.257 mark_density=0.936 exp_mean=16982.4 addr_spec=4.989 addr_random=0.481 addr_full=0.2154 correct=511
  mpx-135 cover: trials=52320000 overall=0.9990 a0_nochange=0.9962 a0_change=1.0000 a1_nochange=1.0000 a1_change=1.0000 matched_but_wrong=0
  mpx-135 acc: trials=52320000 accuracy=1.0000
  mpx-135 traj: trials=52440000 wall=289585s knowledge=0.9985 reliable=531 spec=8.00 pop=2667
  mpx-135 diag: trials=52440000 micro=7403 pop_spec=9.16 spec_max=27 q_mean=0.637 q_max=1.000 q_above_half=1867 marked=0.250 mark_density=0.936 exp_mean=16218.4 addr_spec=4.981 addr_random=0.475 addr_full=0.2085 correct=510
  mpx-135 cover: trials=52440000 overall=0.9985 a0_nochange=0.9941 a0_change=1.0000 a1_nochange=1.0000 a1_change=1.0000 matched_but_wrong=0
  mpx-135 acc: trials=52440000 accuracy=1.0000
  mpx-135 traj: trials=52560000 wall=289642s knowledge=0.9985 reliable=535 spec=8.00 pop=2497
  mpx-135 diag: trials=52560000 micro=7298 pop_spec=9.29 spec_max=27 q_mean=0.643 q_max=1.000 q_above_half=1761 marked=0.237 mark_density=0.935 exp_mean=17369.8 addr_spec=4.949 addr_random=0.482 addr_full=0.2199 correct=510
  mpx-135 cover: trials=52560000 overall=0.9985 a0_nochange=0.9939 a0_change=1.0000 a1_nochange=1.0000 a1_change=1.0000 matched_but_wrong=19
  mpx-135 acc: trials=52560000 accuracy=1.0000
  mpx-135 traj: trials=52680000 wall=289704s knowledge=0.9985 reliable=536 spec=8.00 pop=2597
  mpx-135 diag: trials=52680000 micro=7336 pop_spec=9.20 spec_max=27 q_mean=0.640 q_max=1.000 q_above_half=1795 marked=0.258 mark_density=0.936 exp_mean=16747.6 addr_spec=4.993 addr_random=0.477 addr_full=0.2060 correct=510
  mpx-135 cover: trials=52680000 overall=0.9985 a0_nochange=0.9942 a0_change=1.0000 a1_nochange=1.0000 a1_change=1.0000 matched_but_wrong=0
  mpx-135 acc: trials=52680000 accuracy=1.0000
  mpx-135 traj: trials=52800000 wall=289767s knowledge=0.9980 reliable=530 spec=8.00 pop=2436
  mpx-135 diag: trials=52800000 micro=7287 pop_spec=9.32 spec_max=27 q_mean=0.643 q_max=1.000 q_above_half=1663 marked=0.241 mark_density=0.934 exp_mean=17902.9 addr_spec=4.945 addr_random=0.483 addr_full=0.2192 correct=510
  mpx-135 cover: trials=52800000 overall=0.9980 a0_nochange=0.9921 a0_change=1.0000 a1_nochange=1.0000 a1_change=1.0000 matched_but_wrong=0
  mpx-135 acc: trials=52800000 accuracy=1.0000
  mpx-135 traj: trials=52920000 wall=289823s knowledge=0.9980 reliable=533 spec=8.00 pop=2532
  mpx-135 diag: trials=52920000 micro=7289 pop_spec=9.29 spec_max=27 q_mean=0.643 q_max=1.000 q_above_half=1767 marked=0.248 mark_density=0.935 exp_mean=17271.7 addr_spec=4.949 addr_random=0.482 addr_full=0.2188 correct=510
  mpx-135 cover: trials=52920000 overall=0.9980 a0_nochange=0.9921 a0_change=1.0000 a1_nochange=1.0000 a1_change=1.0000 matched_but_wrong=0
  mpx-135 acc: trials=52920000 accuracy=1.0000
  mpx-135 traj: trials=53040000 wall=289879s knowledge=0.9985 reliable=543 spec=8.00 pop=2671
  mpx-135 diag: trials=53040000 micro=7447 pop_spec=9.18 spec_max=27 q_mean=0.642 q_max=1.000 q_above_half=1894 marked=0.264 mark_density=0.935 exp_mean=16418.6 addr_spec=5.013 addr_random=0.476 addr_full=0.2063 correct=510
  mpx-135 cover: trials=53040000 overall=0.9985 a0_nochange=0.9940 a0_change=1.0000 a1_nochange=1.0000 a1_change=1.0000 matched_but_wrong=0
  mpx-135 acc: trials=53040000 accuracy=1.0000
  mpx-135 traj: trials=53160000 wall=289936s knowledge=0.9987 reliable=534 spec=8.00 pop=2570
  mpx-135 diag: trials=53160000 micro=7292 pop_spec=9.21 spec_max=27 q_mean=0.637 q_max=1.000 q_above_half=1744 marked=0.284 mark_density=0.937 exp_mean=17110.3 addr_spec=5.008 addr_random=0.478 addr_full=0.2167 correct=510
  mpx-135 cover: trials=53160000 overall=0.9987 a0_nochange=0.9949 a0_change=1.0000 a1_nochange=1.0000 a1_change=1.0000 matched_but_wrong=0
  mpx-135 acc: trials=53160000 accuracy=1.0000
  mpx-135 traj: trials=53280000 wall=289997s knowledge=0.9985 reliable=542 spec=8.00 pop=2536
  mpx-135 diag: trials=53280000 micro=7325 pop_spec=9.23 spec_max=27 q_mean=0.644 q_max=1.000 q_above_half=1723 marked=0.268 mark_density=0.936 exp_mean=17387.5 addr_spec=4.979 addr_random=0.478 addr_full=0.2177 correct=510
  mpx-135 cover: trials=53280000 overall=0.9985 a0_nochange=0.9940 a0_change=1.0000 a1_nochange=1.0000 a1_change=1.0000 matched_but_wrong=0
  mpx-135 acc: trials=53280000 accuracy=1.0000
  mpx-135 traj: trials=53400000 wall=290056s knowledge=0.9985 reliable=541 spec=8.00 pop=2518
  mpx-135 diag: trials=53400000 micro=7315 pop_spec=9.27 spec_max=27 q_mean=0.645 q_max=1.000 q_above_half=1762 marked=0.265 mark_density=0.935 exp_mean=17558.8 addr_spec=4.987 addr_random=0.481 addr_full=0.2196 correct=510
  mpx-135 cover: trials=53400000 overall=0.9985 a0_nochange=0.9940 a0_change=1.0000 a1_nochange=1.0000 a1_change=1.0000 matched_but_wrong=0
  mpx-135 acc: trials=53400000 accuracy=1.0000
  mpx-135 traj: trials=53520000 wall=290113s knowledge=0.9985 reliable=539 spec=8.00 pop=2612
  mpx-135 diag: trials=53520000 micro=7350 pop_spec=9.15 spec_max=27 q_mean=0.641 q_max=1.000 q_above_half=1815 marked=0.273 mark_density=0.937 exp_mean=16972.9 addr_spec=4.959 addr_random=0.474 addr_full=0.2106 correct=510
  mpx-135 cover: trials=53520000 overall=0.9985 a0_nochange=0.9940 a0_change=1.0000 a1_nochange=1.0000 a1_change=1.0000 matched_but_wrong=0
  mpx-135 acc: trials=53520000 accuracy=1.0000
  mpx-135 traj: trials=53640000 wall=290168s knowledge=0.9980 reliable=528 spec=8.00 pop=2521
  mpx-135 diag: trials=53640000 micro=7327 pop_spec=9.24 spec_max=27 q_mean=0.644 q_max=1.000 q_above_half=1775 marked=0.263 mark_density=0.936 exp_mean=17632.4 addr_spec=4.976 addr_random=0.479 addr_full=0.2178 correct=510
  mpx-135 cover: trials=53640000 overall=0.9980 a0_nochange=0.9921 a0_change=1.0000 a1_nochange=1.0000 a1_change=1.0000 matched_but_wrong=0
  mpx-135 acc: trials=53640000 accuracy=1.0000
  mpx-135 traj: trials=53760000 wall=290224s knowledge=0.9988 reliable=540 spec=8.00 pop=2701
  mpx-135 diag: trials=53760000 micro=7420 pop_spec=9.10 spec_max=27 q_mean=0.636 q_max=1.000 q_above_half=1875 marked=0.264 mark_density=0.937 exp_mean=16502.1 addr_spec=4.961 addr_random=0.472 addr_full=0.2047 correct=510
  mpx-135 cover: trials=53760000 overall=0.9988 a0_nochange=0.9952 a0_change=1.0000 a1_nochange=1.0000 a1_change=1.0000 matched_but_wrong=0
  mpx-135 acc: trials=53760000 accuracy=1.0000
  mpx-135 traj: trials=53880000 wall=290284s knowledge=0.9985 reliable=527 spec=8.00 pop=2648
  mpx-135 diag: trials=53880000 micro=7397 pop_spec=9.18 spec_max=27 q_mean=0.641 q_max=1.000 q_above_half=1868 marked=0.271 mark_density=0.936 exp_mean=16877.7 addr_spec=5.075 addr_random=0.476 addr_full=0.2145 correct=510
  mpx-135 cover: trials=53880000 overall=0.9985 a0_nochange=0.9941 a0_change=1.0000 a1_nochange=1.0000 a1_change=1.0000 matched_but_wrong=0
  mpx-135 acc: trials=53880000 accuracy=1.0000
  mpx-135 traj: trials=54000000 wall=290347s knowledge=0.9985 reliable=531 spec=8.00 pop=2546
  mpx-135 diag: trials=54000000 micro=7288 pop_spec=9.20 spec_max=27 q_mean=0.640 q_max=1.000 q_above_half=1766 marked=0.259 mark_density=0.936 exp_mean=17600.5 addr_spec=5.024 addr_random=0.477 addr_full=0.2231 correct=510
  mpx-135 cover: trials=54000000 overall=0.9985 a0_nochange=0.9941 a0_change=1.0000 a1_nochange=1.0000 a1_change=1.0000 matched_but_wrong=0
  mpx-135 acc: trials=54000000 accuracy=1.0000
  mpx-135 traj: trials=54120000 wall=290412s knowledge=0.9980 reliable=534 spec=8.00 pop=2538
  mpx-135 diag: trials=54120000 micro=7308 pop_spec=9.21 spec_max=27 q_mean=0.644 q_max=1.000 q_above_half=1795 marked=0.259 mark_density=0.936 exp_mean=17703.2 addr_spec=5.015 addr_random=0.477 addr_full=0.2171 correct=510
  mpx-135 cover: trials=54120000 overall=0.9980 a0_nochange=0.9921 a0_change=1.0000 a1_nochange=1.0000 a1_change=1.0000 matched_but_wrong=0
  mpx-135 acc: trials=54120000 accuracy=1.0000
  mpx-135 traj: trials=54240000 wall=290467s knowledge=0.9980 reliable=527 spec=8.00 pop=2614
  mpx-135 diag: trials=54240000 micro=7356 pop_spec=9.14 spec_max=27 q_mean=0.640 q_max=1.000 q_above_half=1839 marked=0.270 mark_density=0.937 exp_mean=17234.5 addr_spec=5.011 addr_random=0.474 addr_full=0.2104 correct=510
  mpx-135 cover: trials=54240000 overall=0.9980 a0_nochange=0.9921 a0_change=1.0000 a1_nochange=1.0000 a1_change=1.0000 matched_but_wrong=0
  mpx-135 acc: trials=54240000 accuracy=1.0000
  mpx-135 traj: trials=54360000 wall=290522s knowledge=0.9980 reliable=527 spec=8.00 pop=2511
  mpx-135 diag: trials=54360000 micro=7248 pop_spec=9.21 spec_max=27 q_mean=0.643 q_max=1.000 q_above_half=1771 marked=0.270 mark_density=0.936 exp_mean=17988.6 addr_spec=4.965 addr_random=0.477 addr_full=0.2194 correct=510
  mpx-135 cover: trials=54360000 overall=0.9980 a0_nochange=0.9921 a0_change=1.0000 a1_nochange=1.0000 a1_change=1.0000 matched_but_wrong=0
  mpx-135 acc: trials=54360000 accuracy=1.0000
  mpx-135 traj: trials=54480000 wall=290577s knowledge=0.9980 reliable=524 spec=8.00 pop=2529
  mpx-135 diag: trials=54480000 micro=7337 pop_spec=9.19 spec_max=27 q_mean=0.641 q_max=1.000 q_above_half=1732 marked=0.257 mark_density=0.935 exp_mean=17907.9 addr_spec=5.050 addr_random=0.477 addr_full=0.2159 correct=510
  mpx-135 cover: trials=54480000 overall=0.9980 a0_nochange=0.9921 a0_change=1.0000 a1_nochange=1.0000 a1_change=1.0000 matched_but_wrong=0
  mpx-135 acc: trials=54480000 accuracy=1.0000
  mpx-135 traj: trials=54600000 wall=290639s knowledge=0.9980 reliable=528 spec=8.00 pop=2584
  mpx-135 diag: trials=54600000 micro=7367 pop_spec=9.17 spec_max=27 q_mean=0.639 q_max=1.000 q_above_half=1807 marked=0.259 mark_density=0.935 exp_mean=17573.5 addr_spec=5.018 addr_random=0.475 addr_full=0.2128 correct=510
  mpx-135 cover: trials=54600000 overall=0.9980 a0_nochange=0.9921 a0_change=1.0000 a1_nochange=1.0000 a1_change=1.0000 matched_but_wrong=0
  mpx-135 acc: trials=54600000 accuracy=1.0000
  mpx-135 traj: trials=54720000 wall=290704s knowledge=0.9980 reliable=530 spec=8.00 pop=2569
  mpx-135 diag: trials=54720000 micro=7313 pop_spec=9.17 spec_max=27 q_mean=0.636 q_max=1.000 q_above_half=1725 marked=0.268 mark_density=0.936 exp_mean=17722.7 addr_spec=5.002 addr_random=0.475 addr_full=0.2141 correct=510
  mpx-135 cover: trials=54720000 overall=0.9980 a0_nochange=0.9921 a0_change=1.0000 a1_nochange=1.0000 a1_change=1.0000 matched_but_wrong=0
  mpx-135 acc: trials=54720000 accuracy=1.0000
  mpx-135 traj: trials=54840000 wall=290766s knowledge=0.9980 reliable=531 spec=8.00 pop=2553
  mpx-135 diag: trials=54840000 micro=7371 pop_spec=9.18 spec_max=27 q_mean=0.641 q_max=1.000 q_above_half=1745 marked=0.270 mark_density=0.936 exp_mean=17880.7 addr_spec=5.020 addr_random=0.476 addr_full=0.2150 correct=510
  mpx-135 cover: trials=54840000 overall=0.9980 a0_nochange=0.9921 a0_change=1.0000 a1_nochange=1.0000 a1_change=1.0000 matched_but_wrong=0
  mpx-135 acc: trials=54840000 accuracy=1.0000
  mpx-135 traj: trials=54960000 wall=290820s knowledge=0.9984 reliable=530 spec=8.00 pop=2552
  mpx-135 diag: trials=54960000 micro=7311 pop_spec=9.13 spec_max=27 q_mean=0.641 q_max=1.000 q_above_half=1795 marked=0.239 mark_density=0.934 exp_mean=17934.7 addr_spec=5.019 addr_random=0.473 addr_full=0.2183 correct=510
  mpx-135 cover: trials=54960000 overall=0.9984 a0_nochange=0.9937 a0_change=1.0000 a1_nochange=1.0000 a1_change=1.0000 matched_but_wrong=0
  mpx-135 acc: trials=54960000 accuracy=1.0000
  mpx-135 traj: trials=55080000 wall=290875s knowledge=0.9980 reliable=535 spec=8.00 pop=2514
  mpx-135 diag: trials=55080000 micro=7279 pop_spec=9.18 spec_max=27 q_mean=0.646 q_max=1.000 q_above_half=1769 marked=0.261 mark_density=0.936 exp_mean=18254.1 addr_spec=5.005 addr_random=0.476 addr_full=0.2235 correct=510
  mpx-135 cover: trials=55080000 overall=0.9980 a0_nochange=0.9921 a0_change=1.0000 a1_nochange=1.0000 a1_change=1.0000 matched_but_wrong=0
  mpx-135 acc: trials=55080000 accuracy=1.0000
  mpx-135 traj: trials=55200000 wall=290930s knowledge=0.9985 reliable=532 spec=8.00 pop=2527
  mpx-135 diag: trials=55200000 micro=7281 pop_spec=9.16 spec_max=27 q_mean=0.645 q_max=1.000 q_above_half=1758 marked=0.254 mark_density=0.935 exp_mean=18207.0 addr_spec=4.970 addr_random=0.475 addr_full=0.2232 correct=511
  mpx-135 cover: trials=55200000 overall=0.9985 a0_nochange=0.9941 a0_change=1.0000 a1_nochange=1.0000 a1_change=1.0000 matched_but_wrong=0
  mpx-135 acc: trials=55200000 accuracy=1.0000
  mpx-135 traj: trials=55320000 wall=290989s knowledge=0.9990 reliable=540 spec=8.00 pop=2483
  mpx-135 diag: trials=55320000 micro=7210 pop_spec=9.19 spec_max=27 q_mean=0.648 q_max=1.000 q_above_half=1760 marked=0.252 mark_density=0.935 exp_mean=18578.4 addr_spec=4.999 addr_random=0.477 addr_full=0.2215 correct=511
  mpx-135 cover: trials=55320000 overall=0.9990 a0_nochange=0.9959 a0_change=1.0000 a1_nochange=1.0000 a1_change=1.0000 matched_but_wrong=0
  mpx-135 acc: trials=55320000 accuracy=1.0000
  mpx-135 traj: trials=55440000 wall=291052s knowledge=0.9990 reliable=523 spec=8.00 pop=2461
  mpx-135 diag: trials=55440000 micro=7231 pop_spec=9.20 spec_max=27 q_mean=0.645 q_max=1.000 q_above_half=1756 marked=0.235 mark_density=0.934 exp_mean=18792.6 addr_spec=5.029 addr_random=0.477 addr_full=0.2194 correct=511
  mpx-135 cover: trials=55440000 overall=0.9990 a0_nochange=0.9959 a0_change=1.0000 a1_nochange=1.0000 a1_change=1.0000 matched_but_wrong=0
  mpx-135 acc: trials=55440000 accuracy=1.0000
  mpx-135 traj: trials=55560000 wall=291112s knowledge=1.0000 reliable=532 spec=8.00 pop=2486
  mpx-135 diag: trials=55560000 micro=7224 pop_spec=9.15 spec_max=27 q_mean=0.647 q_max=1.000 q_above_half=1778 marked=0.255 mark_density=0.935 exp_mean=18652.2 addr_spec=4.975 addr_random=0.474 addr_full=0.2184 correct=512
  mpx-135 cover: trials=55560000 overall=1.0000 a0_nochange=1.0000 a0_change=1.0000 a1_nochange=1.0000 a1_change=1.0000 matched_but_wrong=0
  mpx-135 acc: trials=55560000 accuracy=1.0000
  mpx-135 repeat 0: SUCCESS trials=55560000 knowledge=1.0000 reliable=532 spec=8.00/136 peak_macro=77985 peak_rss=0.00GB wall=291115.4s
  mpx-135 verdict agreement across 1 repeats: ALL AGREE
