acs2-bench mpx-reach: sizes=[135] n_exp=1 seed=42 rss_cap=5.6GB time_cap=250000s do_ga=true alp_gen_variant=pyalcs
  mem mpx-135 (N=136): condition=272B effect=272B mark=3264B (stack) classifier=3896B  mark/classifier=83.8%  rss-cap pop-threshold=1437371
  mpx-135 trials_cap=18446744073709551615 (= 20000*2^(k-6)*10, clamped to u64::MAX) u_max=9
  mpx-135 traj: trials=60000 wall=174s knowledge=0.0000 reliable=0 spec=0.00 pop=3147
  mpx-135 traj: trials=120000 wall=287s knowledge=0.0000 reliable=0 spec=0.00 pop=3551
  mpx-135 traj: trials=180000 wall=434s knowledge=0.0000 reliable=0 spec=0.00 pop=5543
  mpx-135 traj: trials=240000 wall=546s knowledge=0.0000 reliable=0 spec=0.00 pop=3756
  mpx-135 traj: trials=300000 wall=685s knowledge=0.0000 reliable=0 spec=0.00 pop=3539
  mpx-135 traj: trials=360000 wall=832s knowledge=0.0000 reliable=0 spec=0.00 pop=4067
  mpx-135 traj: trials=420000 wall=948s knowledge=0.0000 reliable=0 spec=0.00 pop=3730
  mpx-135 traj: trials=480000 wall=1174s knowledge=0.0000 reliable=0 spec=0.00 pop=4361
  mpx-135 traj: trials=540000 wall=1289s knowledge=0.0000 reliable=0 spec=0.00 pop=3552
  mpx-135 traj: trials=600000 wall=1431s knowledge=0.0000 reliable=0 spec=0.00 pop=4083
  mpx-135 traj: trials=660000 wall=1544s knowledge=0.0000 reliable=0 spec=0.00 pop=3821
  mpx-135 traj: trials=720000 wall=1662s knowledge=0.0000 reliable=0 spec=0.00 pop=3972
  mpx-135 traj: trials=780000 wall=1768s knowledge=0.0000 reliable=0 spec=0.00 pop=3796
  mpx-135 traj: trials=840000 wall=1871s knowledge=0.0000 reliable=0 spec=0.00 pop=3755
  mpx-135 traj: trials=900000 wall=2008s knowledge=0.0000 reliable=0 spec=0.00 pop=4052
  mpx-135 traj: trials=960000 wall=2114s knowledge=0.0000 reliable=0 spec=0.00 pop=3775
  mpx-135 traj: trials=1020000 wall=2230s knowledge=0.0000 reliable=0 spec=0.00 pop=4032
  mpx-135 traj: trials=1080000 wall=2433s knowledge=0.0000 reliable=0 spec=0.00 pop=4034
  mpx-135 traj: trials=1140000 wall=2549s knowledge=0.0000 reliable=0 spec=0.00 pop=4194
  mpx-135 traj: trials=1200000 wall=2673s knowledge=0.0000 reliable=0 spec=0.00 pop=4023
  mpx-135 traj: trials=1260000 wall=2817s knowledge=0.0000 reliable=0 spec=0.00 pop=4021
  mpx-135 traj: trials=1320000 wall=3105s knowledge=0.0000 reliable=0 spec=0.00 pop=5042
  mpx-135 traj: trials=1380000 wall=3230s knowledge=0.0000 reliable=0 spec=0.00 pop=3879
  mpx-135 traj: trials=1440000 wall=3357s knowledge=0.0000 reliable=0 spec=0.00 pop=3758
  mpx-135 traj: trials=1500000 wall=3477s knowledge=0.0000 reliable=0 spec=0.00 pop=3664
  mpx-135 traj: trials=1560000 wall=3607s knowledge=0.0000 reliable=0 spec=0.00 pop=4118
  mpx-135 traj: trials=1620000 wall=3855s knowledge=0.0000 reliable=0 spec=0.00 pop=4163
  mpx-135 traj: trials=1680000 wall=3997s knowledge=0.0000 reliable=0 spec=0.00 pop=4435
  mpx-135 traj: trials=1740000 wall=4139s knowledge=0.0000 reliable=0 spec=0.00 pop=4039
  mpx-135 traj: trials=1800000 wall=4352s knowledge=0.0000 reliable=0 spec=0.00 pop=4030
  mpx-135 traj: trials=1860000 wall=4470s knowledge=0.0000 reliable=0 spec=0.00 pop=3588
  mpx-135 traj: trials=1920000 wall=4702s knowledge=0.0000 reliable=0 spec=0.00 pop=3807
  mpx-135 traj: trials=1980000 wall=4904s knowledge=0.0000 reliable=0 spec=0.00 pop=3774
  mpx-135 traj: trials=2040000 wall=5032s knowledge=0.0000 reliable=0 spec=0.00 pop=3991
  mpx-135 traj: trials=2100000 wall=5180s knowledge=0.0000 reliable=0 spec=0.00 pop=3962
  mpx-135 traj: trials=2160000 wall=5282s knowledge=0.0000 reliable=0 spec=0.00 pop=3864
  mpx-135 traj: trials=2220000 wall=5423s knowledge=0.0000 reliable=0 spec=0.00 pop=4002
  mpx-135 traj: trials=2280000 wall=5551s knowledge=0.0000 reliable=0 spec=0.00 pop=3988
  mpx-135 traj: trials=2340000 wall=5675s knowledge=0.0000 reliable=0 spec=0.00 pop=3815
  mpx-135 traj: trials=2400000 wall=5786s knowledge=0.0000 reliable=0 spec=0.00 pop=3889
  mpx-135 traj: trials=2460000 wall=5944s knowledge=0.0000 reliable=0 spec=0.00 pop=3666
  mpx-135 traj: trials=2520000 wall=6082s knowledge=0.0000 reliable=0 spec=0.00 pop=3726
  mpx-135 traj: trials=2580000 wall=6210s knowledge=0.0000 reliable=0 spec=0.00 pop=3777
  mpx-135 traj: trials=2640000 wall=6346s knowledge=0.0000 reliable=0 spec=0.00 pop=3707
  mpx-135 traj: trials=2700000 wall=6534s knowledge=0.0000 reliable=0 spec=0.00 pop=4009
  mpx-135 traj: trials=2760000 wall=6662s knowledge=0.0000 reliable=0 spec=0.00 pop=3728
  mpx-135 traj: trials=2820000 wall=6772s knowledge=0.0000 reliable=0 spec=0.00 pop=3724
  mpx-135 traj: trials=2880000 wall=6983s knowledge=0.0000 reliable=0 spec=0.00 pop=3993
  mpx-135 traj: trials=2940000 wall=7087s knowledge=0.0000 reliable=0 spec=0.00 pop=3860
  mpx-135 traj: trials=3000000 wall=7242s knowledge=0.0000 reliable=0 spec=0.00 pop=3917
  mpx-135 traj: trials=3060000 wall=7376s knowledge=0.0000 reliable=0 spec=0.00 pop=3693
  mpx-135 traj: trials=3120000 wall=7489s knowledge=0.0000 reliable=0 spec=0.00 pop=3578
  mpx-135 traj: trials=3180000 wall=7665s knowledge=0.0000 reliable=0 spec=0.00 pop=4223
  mpx-135 traj: trials=3240000 wall=7944s knowledge=0.0000 reliable=0 spec=0.00 pop=4211
  mpx-135 traj: trials=3300000 wall=8051s knowledge=0.0000 reliable=0 spec=0.00 pop=3844
  mpx-135 traj: trials=3360000 wall=8192s knowledge=0.0000 reliable=0 spec=0.00 pop=4024
  mpx-135 traj: trials=3420000 wall=8349s knowledge=0.0000 reliable=0 spec=0.00 pop=3863
  mpx-135 traj: trials=3480000 wall=8497s knowledge=0.0000 reliable=0 spec=0.00 pop=3816
  mpx-135 traj: trials=3540000 wall=8605s knowledge=0.0000 reliable=0 spec=0.00 pop=3812
  mpx-135 traj: trials=3600000 wall=8709s knowledge=0.0000 reliable=0 spec=0.00 pop=3886
  mpx-135 traj: trials=3660000 wall=8922s knowledge=0.0000 reliable=0 spec=0.00 pop=4603
  mpx-135 traj: trials=3720000 wall=9030s knowledge=0.0000 reliable=0 spec=0.00 pop=3543
  mpx-135 traj: trials=3780000 wall=9282s knowledge=0.0000 reliable=0 spec=0.00 pop=3832
  mpx-135 traj: trials=3840000 wall=9447s knowledge=0.0000 reliable=0 spec=0.00 pop=4174
  mpx-135 traj: trials=3900000 wall=9549s knowledge=0.0000 reliable=0 spec=0.00 pop=3992
  mpx-135 traj: trials=3960000 wall=9723s knowledge=0.0000 reliable=0 spec=0.00 pop=3750
  mpx-135 traj: trials=4020000 wall=9821s knowledge=0.0000 reliable=0 spec=0.00 pop=4023
  mpx-135 traj: trials=4080000 wall=9982s knowledge=0.0000 reliable=0 spec=0.00 pop=3735
  mpx-135 traj: trials=4140000 wall=10111s knowledge=0.0000 reliable=0 spec=0.00 pop=3808
  mpx-135 traj: trials=4200000 wall=10237s knowledge=0.0000 reliable=0 spec=0.00 pop=5328
  mpx-135 traj: trials=4260000 wall=10352s knowledge=0.0000 reliable=0 spec=0.00 pop=5521
  mpx-135 traj: trials=4320000 wall=10470s knowledge=0.0000 reliable=0 spec=0.00 pop=4138
  mpx-135 traj: trials=4380000 wall=10638s knowledge=0.0000 reliable=0 spec=0.00 pop=3969
  mpx-135 traj: trials=4440000 wall=10751s knowledge=0.0000 reliable=0 spec=0.00 pop=3824
  mpx-135 traj: trials=4500000 wall=10853s knowledge=0.0000 reliable=0 spec=0.00 pop=3848
  mpx-135 traj: trials=4560000 wall=10999s knowledge=0.0000 reliable=0 spec=0.00 pop=3684
  mpx-135 traj: trials=4620000 wall=11111s knowledge=0.0000 reliable=0 spec=0.00 pop=4139
  mpx-135 traj: trials=4680000 wall=11215s knowledge=0.0000 reliable=0 spec=0.00 pop=3801
  mpx-135 traj: trials=4740000 wall=11341s knowledge=0.0000 reliable=0 spec=0.00 pop=3841
  mpx-135 traj: trials=4800000 wall=11468s knowledge=0.0000 reliable=0 spec=0.00 pop=3599
  mpx-135 traj: trials=4860000 wall=11609s knowledge=0.0000 reliable=0 spec=0.00 pop=3815
  mpx-135 traj: trials=4920000 wall=11718s knowledge=0.0000 reliable=0 spec=0.00 pop=4347
  mpx-135 traj: trials=4980000 wall=11839s knowledge=0.0000 reliable=0 spec=0.00 pop=4152
  mpx-135 traj: trials=5040000 wall=11941s knowledge=0.0000 reliable=0 spec=0.00 pop=3678
  mpx-135 traj: trials=5100000 wall=12101s knowledge=0.0000 reliable=0 spec=0.00 pop=4273
  mpx-135 traj: trials=5160000 wall=12287s knowledge=0.0000 reliable=0 spec=0.00 pop=4447
  mpx-135 traj: trials=5220000 wall=12385s knowledge=0.0000 reliable=0 spec=0.00 pop=3954
  mpx-135 traj: trials=5280000 wall=12526s knowledge=0.0000 reliable=0 spec=0.00 pop=3821
  mpx-135 traj: trials=5340000 wall=12632s knowledge=0.0000 reliable=0 spec=0.00 pop=4334
  mpx-135 traj: trials=5400000 wall=12757s knowledge=0.0000 reliable=0 spec=0.00 pop=3882
  mpx-135 traj: trials=5460000 wall=12925s knowledge=0.0000 reliable=0 spec=0.00 pop=3786
  mpx-135 traj: trials=5520000 wall=13071s knowledge=0.0000 reliable=0 spec=0.00 pop=10050
  mpx-135 traj: trials=5580000 wall=13182s knowledge=0.0000 reliable=0 spec=0.00 pop=3997
  mpx-135 traj: trials=5640000 wall=13291s knowledge=0.0000 reliable=0 spec=0.00 pop=4068
  mpx-135 traj: trials=5700000 wall=13430s knowledge=0.0000 reliable=0 spec=0.00 pop=3865
  mpx-135 traj: trials=5760000 wall=13542s knowledge=0.0000 reliable=0 spec=0.00 pop=3976
  mpx-135 traj: trials=5820000 wall=13656s knowledge=0.0000 reliable=0 spec=0.00 pop=3911
  mpx-135 traj: trials=5880000 wall=13800s knowledge=0.0000 reliable=0 spec=0.00 pop=3823
  mpx-135 traj: trials=5940000 wall=13948s knowledge=0.0000 reliable=0 spec=0.00 pop=3652
  mpx-135 traj: trials=6000000 wall=14063s knowledge=0.0000 reliable=0 spec=0.00 pop=3996
  mpx-135 traj: trials=6060000 wall=14173s knowledge=0.0000 reliable=0 spec=0.00 pop=3733
  mpx-135 traj: trials=6120000 wall=14329s knowledge=0.0000 reliable=0 spec=0.00 pop=3783
  mpx-135 traj: trials=6180000 wall=14509s knowledge=0.0000 reliable=0 spec=0.00 pop=3901
  mpx-135 traj: trials=6240000 wall=14660s knowledge=0.0000 reliable=0 spec=0.00 pop=4092
  mpx-135 traj: trials=6300000 wall=14753s knowledge=0.0000 reliable=0 spec=0.00 pop=3926
  mpx-135 traj: trials=6360000 wall=14884s knowledge=0.0000 reliable=0 spec=0.00 pop=5016
  mpx-135 traj: trials=6420000 wall=15038s knowledge=0.0000 reliable=0 spec=0.00 pop=3843
  mpx-135 traj: trials=6480000 wall=15164s knowledge=0.0000 reliable=0 spec=0.00 pop=3892
  mpx-135 traj: trials=6540000 wall=15296s knowledge=0.0000 reliable=0 spec=0.00 pop=4023
  mpx-135 traj: trials=6600000 wall=15486s knowledge=0.0000 reliable=0 spec=0.00 pop=4279
  mpx-135 traj: trials=6660000 wall=15588s knowledge=0.0000 reliable=0 spec=0.00 pop=4044
  mpx-135 traj: trials=6720000 wall=15696s knowledge=0.0000 reliable=0 spec=0.00 pop=3803
  mpx-135 traj: trials=6780000 wall=15887s knowledge=0.0000 reliable=0 spec=0.00 pop=4139
  mpx-135 traj: trials=6840000 wall=16037s knowledge=0.0000 reliable=0 spec=0.00 pop=4017
  mpx-135 traj: trials=6900000 wall=16160s knowledge=0.0000 reliable=0 spec=0.00 pop=3863
  mpx-135 traj: trials=6960000 wall=16289s knowledge=0.0000 reliable=0 spec=0.00 pop=3735
  mpx-135 traj: trials=7020000 wall=16409s knowledge=0.0000 reliable=0 spec=0.00 pop=5074
  mpx-135 traj: trials=7080000 wall=16554s knowledge=0.0000 reliable=0 spec=0.00 pop=3967
  mpx-135 traj: trials=7140000 wall=16712s knowledge=0.0000 reliable=0 spec=0.00 pop=4062
  mpx-135 traj: trials=7200000 wall=16818s knowledge=0.0000 reliable=0 spec=0.00 pop=3989
  mpx-135 traj: trials=7260000 wall=16965s knowledge=0.0000 reliable=0 spec=0.00 pop=5666
  mpx-135 traj: trials=7320000 wall=17096s knowledge=0.0000 reliable=0 spec=0.00 pop=3685
  mpx-135 traj: trials=7380000 wall=17220s knowledge=0.0000 reliable=0 spec=0.00 pop=4025
  mpx-135 traj: trials=7440000 wall=17348s knowledge=0.0000 reliable=0 spec=0.00 pop=4066
  mpx-135 traj: trials=7500000 wall=17495s knowledge=0.0000 reliable=0 spec=0.00 pop=3621
  mpx-135 traj: trials=7560000 wall=17636s knowledge=0.0000 reliable=0 spec=0.00 pop=3986
  mpx-135 traj: trials=7620000 wall=17736s knowledge=0.0000 reliable=0 spec=0.00 pop=3809
  mpx-135 traj: trials=7680000 wall=17839s knowledge=0.0000 reliable=0 spec=0.00 pop=3749
  mpx-135 traj: trials=7740000 wall=18006s knowledge=0.0000 reliable=0 spec=0.00 pop=3871
  mpx-135 traj: trials=7800000 wall=18132s knowledge=0.0000 reliable=0 spec=0.00 pop=4255
  mpx-135 traj: trials=7860000 wall=18248s knowledge=0.0000 reliable=0 spec=0.00 pop=3968
  mpx-135 traj: trials=7920000 wall=18377s knowledge=0.0000 reliable=0 spec=0.00 pop=3857
  mpx-135 traj: trials=7980000 wall=18477s knowledge=0.0000 reliable=0 spec=0.00 pop=3975
  mpx-135 traj: trials=8040000 wall=18608s knowledge=0.0000 reliable=0 spec=0.00 pop=4033
  mpx-135 traj: trials=8100000 wall=18732s knowledge=0.0000 reliable=0 spec=0.00 pop=4018
  mpx-135 traj: trials=8160000 wall=18840s knowledge=0.0000 reliable=0 spec=0.00 pop=3739
  mpx-135 traj: trials=8220000 wall=19005s knowledge=0.0000 reliable=0 spec=0.00 pop=4352
  mpx-135 traj: trials=8280000 wall=19114s knowledge=0.0000 reliable=0 spec=0.00 pop=4141
  mpx-135 traj: trials=8340000 wall=19323s knowledge=0.0000 reliable=0 spec=0.00 pop=4395
  mpx-135 traj: trials=8400000 wall=19434s knowledge=0.0000 reliable=0 spec=0.00 pop=19469
  mpx-135 traj: trials=8460000 wall=19656s knowledge=0.0000 reliable=0 spec=0.00 pop=3838
  mpx-135 traj: trials=8520000 wall=19774s knowledge=0.0000 reliable=0 spec=0.00 pop=3958
  mpx-135 traj: trials=8580000 wall=19895s knowledge=0.0000 reliable=0 spec=0.00 pop=3762
  mpx-135 traj: trials=8640000 wall=20008s knowledge=0.0000 reliable=0 spec=0.00 pop=3797
  mpx-135 traj: trials=8700000 wall=20138s knowledge=0.0000 reliable=0 spec=0.00 pop=3907
  mpx-135 traj: trials=8760000 wall=20256s knowledge=0.0000 reliable=0 spec=0.00 pop=4489
  mpx-135 traj: trials=8820000 wall=20360s knowledge=0.0000 reliable=0 spec=0.00 pop=3706
  mpx-135 traj: trials=8880000 wall=20473s knowledge=0.0000 reliable=0 spec=0.00 pop=3715
  mpx-135 traj: trials=8940000 wall=20602s knowledge=0.0000 reliable=0 spec=0.00 pop=4165
  mpx-135 traj: trials=9000000 wall=20730s knowledge=0.0000 reliable=0 spec=0.00 pop=4306
  mpx-135 traj: trials=9060000 wall=20844s knowledge=0.0000 reliable=0 spec=0.00 pop=3818
  mpx-135 traj: trials=9120000 wall=20986s knowledge=0.0000 reliable=0 spec=0.00 pop=3829
  mpx-135 traj: trials=9180000 wall=21127s knowledge=0.0000 reliable=0 spec=0.00 pop=3808
  mpx-135 traj: trials=9240000 wall=21231s knowledge=0.0000 reliable=0 spec=0.00 pop=3727
  mpx-135 traj: trials=9300000 wall=21345s knowledge=0.0000 reliable=0 spec=0.00 pop=3937
  mpx-135 traj: trials=9360000 wall=21458s knowledge=0.0000 reliable=0 spec=0.00 pop=3740
  mpx-135 traj: trials=9420000 wall=21569s knowledge=0.0000 reliable=0 spec=0.00 pop=3958
  mpx-135 traj: trials=9480000 wall=21668s knowledge=0.0000 reliable=0 spec=0.00 pop=3762
  mpx-135 traj: trials=9540000 wall=21828s knowledge=0.0000 reliable=0 spec=0.00 pop=4016
  mpx-135 traj: trials=9600000 wall=22081s knowledge=0.0000 reliable=0 spec=0.00 pop=4827
  mpx-135 traj: trials=9660000 wall=22187s knowledge=0.0000 reliable=0 spec=0.00 pop=3971
  mpx-135 traj: trials=9720000 wall=22311s knowledge=0.0000 reliable=0 spec=0.00 pop=4249
  mpx-135 traj: trials=9780000 wall=22467s knowledge=0.0000 reliable=0 spec=0.00 pop=4683
  mpx-135 traj: trials=9840000 wall=22580s knowledge=0.0000 reliable=0 spec=0.00 pop=3908
  mpx-135 traj: trials=9900000 wall=22702s knowledge=0.0000 reliable=0 spec=0.00 pop=4068
  mpx-135 traj: trials=9960000 wall=22854s knowledge=0.0000 reliable=0 spec=0.00 pop=4135
  mpx-135 traj: trials=10020000 wall=23032s knowledge=0.0000 reliable=0 spec=0.00 pop=3973
  mpx-135 traj: trials=10080000 wall=23155s knowledge=0.0000 reliable=0 spec=0.00 pop=3610
  mpx-135 traj: trials=10140000 wall=23278s knowledge=0.0000 reliable=0 spec=0.00 pop=3860
  mpx-135 traj: trials=10200000 wall=23420s knowledge=0.0000 reliable=0 spec=0.00 pop=4328
  mpx-135 traj: trials=10260000 wall=23688s knowledge=0.0000 reliable=0 spec=0.00 pop=3719
  mpx-135 traj: trials=10320000 wall=23809s knowledge=0.0000 reliable=0 spec=0.00 pop=3866
  mpx-135 traj: trials=10380000 wall=23961s knowledge=0.0000 reliable=0 spec=0.00 pop=3911
  mpx-135 traj: trials=10440000 wall=24099s knowledge=0.0000 reliable=0 spec=0.00 pop=4319
  mpx-135 traj: trials=10500000 wall=24275s knowledge=0.0000 reliable=0 spec=0.00 pop=3965
  mpx-135 traj: trials=10560000 wall=24448s knowledge=0.0000 reliable=0 spec=0.00 pop=3857
  mpx-135 traj: trials=10620000 wall=24618s knowledge=0.0000 reliable=0 spec=0.00 pop=4794
  mpx-135 traj: trials=10680000 wall=24748s knowledge=0.0000 reliable=0 spec=0.00 pop=3711
  mpx-135 traj: trials=10740000 wall=24856s knowledge=0.0000 reliable=0 spec=0.00 pop=3911
  mpx-135 traj: trials=10800000 wall=24956s knowledge=0.0000 reliable=0 spec=0.00 pop=3739
  mpx-135 traj: trials=10860000 wall=25117s knowledge=0.0000 reliable=0 spec=0.00 pop=4413
  mpx-135 traj: trials=10920000 wall=25233s knowledge=0.0000 reliable=0 spec=0.00 pop=4093
  mpx-135 traj: trials=10980000 wall=25438s knowledge=0.0000 reliable=0 spec=0.00 pop=3812
  mpx-135 traj: trials=11040000 wall=25620s knowledge=0.0000 reliable=0 spec=0.00 pop=3799
  mpx-135 traj: trials=11100000 wall=25740s knowledge=0.0000 reliable=0 spec=0.00 pop=4645
  mpx-135 traj: trials=11160000 wall=25883s knowledge=0.0000 reliable=0 spec=0.00 pop=3683
  mpx-135 traj: trials=11220000 wall=25994s knowledge=0.0000 reliable=0 spec=0.00 pop=3604
  mpx-135 traj: trials=11280000 wall=26172s knowledge=0.0000 reliable=0 spec=0.00 pop=3794
  mpx-135 traj: trials=11340000 wall=26296s knowledge=0.0000 reliable=0 spec=0.00 pop=3999
  mpx-135 traj: trials=11400000 wall=26465s knowledge=0.0000 reliable=0 spec=0.00 pop=3595
  mpx-135 traj: trials=11460000 wall=26565s knowledge=0.0000 reliable=0 spec=0.00 pop=3651
  mpx-135 traj: trials=11520000 wall=26680s knowledge=0.0000 reliable=0 spec=0.00 pop=3858
  mpx-135 traj: trials=11580000 wall=26788s knowledge=0.0000 reliable=0 spec=0.00 pop=4145
  mpx-135 traj: trials=11640000 wall=26909s knowledge=0.0000 reliable=0 spec=0.00 pop=4200
  mpx-135 traj: trials=11700000 wall=27034s knowledge=0.0000 reliable=0 spec=0.00 pop=4278
  mpx-135 traj: trials=11760000 wall=27152s knowledge=0.0000 reliable=0 spec=0.00 pop=3719
  mpx-135 traj: trials=11820000 wall=27336s knowledge=0.0000 reliable=0 spec=0.00 pop=4284
  mpx-135 traj: trials=11880000 wall=27524s knowledge=0.0000 reliable=0 spec=0.00 pop=4179
  mpx-135 traj: trials=11940000 wall=27633s knowledge=0.0000 reliable=0 spec=0.00 pop=3891
  mpx-135 traj: trials=12000000 wall=27790s knowledge=0.0000 reliable=0 spec=0.00 pop=3695
  mpx-135 traj: trials=12060000 wall=27950s knowledge=0.0000 reliable=0 spec=0.00 pop=4410
  mpx-135 traj: trials=12120000 wall=28123s knowledge=0.0000 reliable=0 spec=0.00 pop=3907
  mpx-135 traj: trials=12180000 wall=28280s knowledge=0.0000 reliable=0 spec=0.00 pop=3815
  mpx-135 traj: trials=12240000 wall=28442s knowledge=0.0000 reliable=0 spec=0.00 pop=3973
  mpx-135 traj: trials=12300000 wall=28618s knowledge=0.0000 reliable=0 spec=0.00 pop=5152
  mpx-135 traj: trials=12360000 wall=28765s knowledge=0.0000 reliable=0 spec=0.00 pop=4129
  mpx-135 traj: trials=12420000 wall=29005s knowledge=0.0000 reliable=0 spec=0.00 pop=3784
  mpx-135 traj: trials=12480000 wall=29114s knowledge=0.0000 reliable=0 spec=0.00 pop=3751
  mpx-135 traj: trials=12540000 wall=29232s knowledge=0.0000 reliable=0 spec=0.00 pop=4093
  mpx-135 traj: trials=12600000 wall=29333s knowledge=0.0000 reliable=0 spec=0.00 pop=4357
  mpx-135 traj: trials=12660000 wall=29591s knowledge=0.0000 reliable=0 spec=0.00 pop=4064
  mpx-135 traj: trials=12720000 wall=29797s knowledge=0.0000 reliable=0 spec=0.00 pop=4064
  mpx-135 traj: trials=12780000 wall=29911s knowledge=0.0000 reliable=0 spec=0.00 pop=3714
  mpx-135 traj: trials=12840000 wall=30025s knowledge=0.0000 reliable=0 spec=0.00 pop=3971
  mpx-135 traj: trials=12900000 wall=30122s knowledge=0.0000 reliable=0 spec=0.00 pop=3854
  mpx-135 traj: trials=12960000 wall=30235s knowledge=0.0000 reliable=0 spec=0.00 pop=3810
  mpx-135 traj: trials=13020000 wall=30454s knowledge=0.0000 reliable=0 spec=0.00 pop=3871
  mpx-135 traj: trials=13080000 wall=30580s knowledge=0.0000 reliable=0 spec=0.00 pop=3964
  mpx-135 traj: trials=13140000 wall=30690s knowledge=0.0000 reliable=0 spec=0.00 pop=3777
  mpx-135 traj: trials=13200000 wall=30814s knowledge=0.0000 reliable=0 spec=0.00 pop=4095
  mpx-135 traj: trials=13260000 wall=30935s knowledge=0.0000 reliable=0 spec=0.00 pop=3859
  mpx-135 traj: trials=13320000 wall=31122s knowledge=0.0000 reliable=0 spec=0.00 pop=4883
  mpx-135 traj: trials=13380000 wall=31350s knowledge=0.0000 reliable=0 spec=0.00 pop=4013
  mpx-135 traj: trials=13440000 wall=31472s knowledge=0.0000 reliable=0 spec=0.00 pop=3939
  mpx-135 traj: trials=13500000 wall=31573s knowledge=0.0000 reliable=0 spec=0.00 pop=4158
  mpx-135 traj: trials=13560000 wall=31708s knowledge=0.0000 reliable=0 spec=0.00 pop=3433
  mpx-135 traj: trials=13620000 wall=31834s knowledge=0.0000 reliable=0 spec=0.00 pop=3983
  mpx-135 traj: trials=13680000 wall=31946s knowledge=0.0000 reliable=0 spec=0.00 pop=4047
  mpx-135 traj: trials=13740000 wall=32083s knowledge=0.0000 reliable=0 spec=0.00 pop=3712
  mpx-135 traj: trials=13800000 wall=32196s knowledge=0.0000 reliable=0 spec=0.00 pop=4005
  mpx-135 traj: trials=13860000 wall=32311s knowledge=0.0000 reliable=0 spec=0.00 pop=4187
  mpx-135 traj: trials=13920000 wall=32429s knowledge=0.0000 reliable=0 spec=0.00 pop=4044
  mpx-135 traj: trials=13980000 wall=32664s knowledge=0.0000 reliable=0 spec=0.00 pop=3801
  mpx-135 traj: trials=14040000 wall=32821s knowledge=0.0000 reliable=0 spec=0.00 pop=3795
  mpx-135 traj: trials=14100000 wall=32990s knowledge=0.0000 reliable=0 spec=0.00 pop=4201
  mpx-135 traj: trials=14160000 wall=33148s knowledge=0.0000 reliable=0 spec=0.00 pop=4101
  mpx-135 traj: trials=14220000 wall=33265s knowledge=0.0000 reliable=0 spec=0.00 pop=3634
  mpx-135 traj: trials=14280000 wall=33384s knowledge=0.0000 reliable=0 spec=0.00 pop=3768
  mpx-135 traj: trials=14340000 wall=33486s knowledge=0.0000 reliable=0 spec=0.00 pop=4331
  mpx-135 traj: trials=14400000 wall=33605s knowledge=0.0000 reliable=0 spec=0.00 pop=3954
  mpx-135 traj: trials=14460000 wall=33723s knowledge=0.0000 reliable=0 spec=0.00 pop=4384
  mpx-135 traj: trials=14520000 wall=33830s knowledge=0.0000 reliable=0 spec=0.00 pop=3977
  mpx-135 traj: trials=14580000 wall=33970s knowledge=0.0000 reliable=0 spec=0.00 pop=4061
  mpx-135 traj: trials=14640000 wall=34084s knowledge=0.0000 reliable=0 spec=0.00 pop=3848
  mpx-135 traj: trials=14700000 wall=34322s knowledge=0.0000 reliable=0 spec=0.00 pop=4131
  mpx-135 traj: trials=14760000 wall=34429s knowledge=0.0000 reliable=0 spec=0.00 pop=3714
  mpx-135 traj: trials=14820000 wall=34551s knowledge=0.0000 reliable=0 spec=0.00 pop=4308
  mpx-135 traj: trials=14880000 wall=34650s knowledge=0.0000 reliable=0 spec=0.00 pop=3933
  mpx-135 traj: trials=14940000 wall=34764s knowledge=0.0000 reliable=0 spec=0.00 pop=3921
  mpx-135 traj: trials=15000000 wall=34875s knowledge=0.0000 reliable=0 spec=0.00 pop=3914
  mpx-135 traj: trials=15060000 wall=34980s knowledge=0.0000 reliable=0 spec=0.00 pop=4170
  mpx-135 traj: trials=15120000 wall=35098s knowledge=0.0000 reliable=0 spec=0.00 pop=4211
  mpx-135 traj: trials=15180000 wall=35240s knowledge=0.0000 reliable=0 spec=0.00 pop=4368
  mpx-135 traj: trials=15240000 wall=35379s knowledge=0.0000 reliable=0 spec=0.00 pop=3794
  mpx-135 traj: trials=15300000 wall=35486s knowledge=0.0000 reliable=0 spec=0.00 pop=11473
  mpx-135 traj: trials=15360000 wall=35654s knowledge=0.0000 reliable=0 spec=0.00 pop=3972
  mpx-135 traj: trials=15420000 wall=35797s knowledge=0.0000 reliable=0 spec=0.00 pop=3874
  mpx-135 traj: trials=15480000 wall=35896s knowledge=0.0000 reliable=0 spec=0.00 pop=4035
  mpx-135 traj: trials=15540000 wall=36065s knowledge=0.0000 reliable=0 spec=0.00 pop=3820
  mpx-135 traj: trials=15600000 wall=36177s knowledge=0.0000 reliable=0 spec=0.00 pop=4503
  mpx-135 traj: trials=15660000 wall=36287s knowledge=0.0000 reliable=0 spec=0.00 pop=4066
  mpx-135 traj: trials=15720000 wall=36421s knowledge=0.0000 reliable=0 spec=0.00 pop=4659
  mpx-135 traj: trials=15780000 wall=36595s knowledge=0.0000 reliable=0 spec=0.00 pop=4115
  mpx-135 traj: trials=15840000 wall=36709s knowledge=0.0000 reliable=0 spec=0.00 pop=4081
  mpx-135 traj: trials=15900000 wall=36900s knowledge=0.0000 reliable=0 spec=0.00 pop=3805
  mpx-135 traj: trials=15960000 wall=37009s knowledge=0.0000 reliable=0 spec=0.00 pop=4091
  mpx-135 traj: trials=16020000 wall=37398s knowledge=0.0000 reliable=0 spec=0.00 pop=4644
  mpx-135 traj: trials=16080000 wall=37538s knowledge=0.0000 reliable=0 spec=0.00 pop=4165
  mpx-135 traj: trials=16140000 wall=37653s knowledge=0.0000 reliable=0 spec=0.00 pop=3956
  mpx-135 traj: trials=16200000 wall=37763s knowledge=0.0000 reliable=0 spec=0.00 pop=3905
  mpx-135 traj: trials=16260000 wall=37926s knowledge=0.0000 reliable=0 spec=0.00 pop=4808
  mpx-135 traj: trials=16320000 wall=38083s knowledge=0.0000 reliable=0 spec=0.00 pop=4661
  mpx-135 traj: trials=16380000 wall=38190s knowledge=0.0000 reliable=0 spec=0.00 pop=3814
  mpx-135 traj: trials=16440000 wall=38312s knowledge=0.0000 reliable=0 spec=0.00 pop=3629
  mpx-135 traj: trials=16500000 wall=38447s knowledge=0.0000 reliable=0 spec=0.00 pop=4288
  mpx-135 traj: trials=16560000 wall=38561s knowledge=0.0000 reliable=0 spec=0.00 pop=3983
  mpx-135 traj: trials=16620000 wall=38694s knowledge=0.0000 reliable=0 spec=0.00 pop=3771
  mpx-135 traj: trials=16680000 wall=38891s knowledge=0.0000 reliable=0 spec=0.00 pop=4033
  mpx-135 traj: trials=16740000 wall=39002s knowledge=0.0000 reliable=0 spec=0.00 pop=4046
  mpx-135 traj: trials=16800000 wall=39135s knowledge=0.0000 reliable=0 spec=0.00 pop=3795
  mpx-135 traj: trials=16860000 wall=39268s knowledge=0.0000 reliable=0 spec=0.00 pop=4185
  mpx-135 traj: trials=16920000 wall=39361s knowledge=0.0000 reliable=0 spec=0.00 pop=4048
  mpx-135 traj: trials=16980000 wall=39478s knowledge=0.0000 reliable=0 spec=0.00 pop=4004
  mpx-135 traj: trials=17040000 wall=39650s knowledge=0.0000 reliable=0 spec=0.00 pop=4087
  mpx-135 traj: trials=17100000 wall=39821s knowledge=0.0000 reliable=0 spec=0.00 pop=4030
  mpx-135 traj: trials=17160000 wall=39974s knowledge=0.0000 reliable=0 spec=0.00 pop=4033
  mpx-135 traj: trials=17220000 wall=40083s knowledge=0.0000 reliable=0 spec=0.00 pop=3908
  mpx-135 traj: trials=17280000 wall=40189s knowledge=0.0000 reliable=0 spec=0.00 pop=3926
  mpx-135 traj: trials=17340000 wall=40345s knowledge=0.0000 reliable=0 spec=0.00 pop=3798
  mpx-135 traj: trials=17400000 wall=40466s knowledge=0.0000 reliable=0 spec=0.00 pop=4011
  mpx-135 traj: trials=17460000 wall=40775s knowledge=0.0000 reliable=0 spec=0.00 pop=4801
  mpx-135 traj: trials=17520000 wall=40923s knowledge=0.0000 reliable=0 spec=0.00 pop=3968
  mpx-135 traj: trials=17580000 wall=41056s knowledge=0.0000 reliable=0 spec=0.00 pop=4374
  mpx-135 traj: trials=17640000 wall=41178s knowledge=0.0000 reliable=0 spec=0.00 pop=3888
  mpx-135 traj: trials=17700000 wall=41288s knowledge=0.0000 reliable=0 spec=0.00 pop=4025
  mpx-135 traj: trials=17760000 wall=41391s knowledge=0.0000 reliable=0 spec=0.00 pop=3812
  mpx-135 traj: trials=17820000 wall=41530s knowledge=0.0000 reliable=0 spec=0.00 pop=3831
  mpx-135 traj: trials=17880000 wall=41638s knowledge=0.0000 reliable=0 spec=0.00 pop=3921
  mpx-135 traj: trials=17940000 wall=41740s knowledge=0.0000 reliable=0 spec=0.00 pop=4780
  mpx-135 traj: trials=18000000 wall=41872s knowledge=0.0000 reliable=0 spec=0.00 pop=5336
  mpx-135 traj: trials=18060000 wall=42033s knowledge=0.0000 reliable=0 spec=0.00 pop=3901
  mpx-135 traj: trials=18120000 wall=42156s knowledge=0.0000 reliable=0 spec=0.00 pop=3914
  mpx-135 traj: trials=18180000 wall=42270s knowledge=0.0000 reliable=0 spec=0.00 pop=4166
  mpx-135 traj: trials=18240000 wall=42503s knowledge=0.0000 reliable=0 spec=0.00 pop=3642
  mpx-135 traj: trials=18300000 wall=42620s knowledge=0.0000 reliable=0 spec=0.00 pop=4138
  mpx-135 traj: trials=18360000 wall=42720s knowledge=0.0000 reliable=0 spec=0.00 pop=3892
  mpx-135 traj: trials=18420000 wall=42859s knowledge=0.0000 reliable=0 spec=0.00 pop=6835
  mpx-135 traj: trials=18480000 wall=43002s knowledge=0.0000 reliable=0 spec=0.00 pop=4383
  mpx-135 traj: trials=18540000 wall=43160s knowledge=0.0000 reliable=0 spec=0.00 pop=4546
  mpx-135 traj: trials=18600000 wall=43367s knowledge=0.0000 reliable=0 spec=0.00 pop=5321
  mpx-135 traj: trials=18660000 wall=43498s knowledge=0.0000 reliable=0 spec=0.00 pop=3896
  mpx-135 traj: trials=18720000 wall=43636s knowledge=0.0000 reliable=0 spec=0.00 pop=4003
  mpx-135 traj: trials=18780000 wall=43819s knowledge=0.0000 reliable=0 spec=0.00 pop=3909
  mpx-135 traj: trials=18840000 wall=43988s knowledge=0.0000 reliable=0 spec=0.00 pop=3765
  mpx-135 traj: trials=18900000 wall=44120s knowledge=0.0000 reliable=0 spec=0.00 pop=3957
  mpx-135 traj: trials=18960000 wall=44275s knowledge=0.0000 reliable=0 spec=0.00 pop=3641
  mpx-135 traj: trials=19020000 wall=44405s knowledge=0.0000 reliable=0 spec=0.00 pop=3675
  mpx-135 traj: trials=19080000 wall=44521s knowledge=0.0000 reliable=0 spec=0.00 pop=4077
  mpx-135 traj: trials=19140000 wall=44659s knowledge=0.0000 reliable=0 spec=0.00 pop=4221
  mpx-135 traj: trials=19200000 wall=44788s knowledge=0.0000 reliable=0 spec=0.00 pop=3996
  mpx-135 traj: trials=19260000 wall=44917s knowledge=0.0000 reliable=0 spec=0.00 pop=3983
  mpx-135 traj: trials=19320000 wall=45028s knowledge=0.0000 reliable=0 spec=0.00 pop=3803
  mpx-135 traj: trials=19380000 wall=45148s knowledge=0.0000 reliable=0 spec=0.00 pop=5415
  mpx-135 traj: trials=19440000 wall=45263s knowledge=0.0000 reliable=0 spec=0.00 pop=4437
  mpx-135 traj: trials=19500000 wall=45373s knowledge=0.0000 reliable=0 spec=0.00 pop=3970
  mpx-135 traj: trials=19560000 wall=45496s knowledge=0.0000 reliable=0 spec=0.00 pop=4150
  mpx-135 traj: trials=19620000 wall=45596s knowledge=0.0000 reliable=0 spec=0.00 pop=4034
  mpx-135 traj: trials=19680000 wall=45744s knowledge=0.0000 reliable=0 spec=0.00 pop=6168
  mpx-135 traj: trials=19740000 wall=45853s knowledge=0.0000 reliable=0 spec=0.00 pop=3901
  mpx-135 traj: trials=19800000 wall=45978s knowledge=0.0000 reliable=0 spec=0.00 pop=3848
  mpx-135 traj: trials=19860000 wall=46116s knowledge=0.0000 reliable=0 spec=0.00 pop=4035
  mpx-135 traj: trials=19920000 wall=46233s knowledge=0.0000 reliable=0 spec=0.00 pop=3953
  mpx-135 traj: trials=19980000 wall=46336s knowledge=0.0000 reliable=0 spec=0.00 pop=3973
  mpx-135 traj: trials=20040000 wall=46448s knowledge=0.0000 reliable=0 spec=0.00 pop=4005
  mpx-135 traj: trials=20100000 wall=46549s knowledge=0.0000 reliable=0 spec=0.00 pop=3887
  mpx-135 traj: trials=20160000 wall=46659s knowledge=0.0000 reliable=0 spec=0.00 pop=4098
  mpx-135 traj: trials=20220000 wall=46772s knowledge=0.0000 reliable=0 spec=0.00 pop=3876
  mpx-135 traj: trials=20280000 wall=46895s knowledge=0.0000 reliable=0 spec=0.00 pop=3894
  mpx-135 traj: trials=20340000 wall=47049s knowledge=0.0000 reliable=0 spec=0.00 pop=4020
  mpx-135 traj: trials=20400000 wall=47175s knowledge=0.0000 reliable=0 spec=0.00 pop=3773
  mpx-135 traj: trials=20460000 wall=47305s knowledge=0.0000 reliable=0 spec=0.00 pop=4241
  mpx-135 traj: trials=20520000 wall=47448s knowledge=0.0000 reliable=0 spec=0.00 pop=4410
  mpx-135 traj: trials=20580000 wall=47543s knowledge=0.0000 reliable=0 spec=0.00 pop=3944
  mpx-135 traj: trials=20640000 wall=47654s knowledge=0.0000 reliable=0 spec=0.00 pop=4046
  mpx-135 traj: trials=20700000 wall=47814s knowledge=0.0000 reliable=0 spec=0.00 pop=3870
  mpx-135 traj: trials=20760000 wall=47959s knowledge=0.0000 reliable=0 spec=0.00 pop=4339
  mpx-135 traj: trials=20820000 wall=48094s knowledge=0.0000 reliable=0 spec=0.00 pop=4157
  mpx-135 traj: trials=20880000 wall=48247s knowledge=0.0000 reliable=0 spec=0.00 pop=4091
  mpx-135 traj: trials=20940000 wall=48350s knowledge=0.0000 reliable=0 spec=0.00 pop=3658
  mpx-135 traj: trials=21000000 wall=48509s knowledge=0.0000 reliable=0 spec=0.00 pop=3681
  mpx-135 traj: trials=21060000 wall=48642s knowledge=0.0000 reliable=0 spec=0.00 pop=4273
  mpx-135 traj: trials=21120000 wall=48766s knowledge=0.0000 reliable=0 spec=0.00 pop=3981
  mpx-135 traj: trials=21180000 wall=49134s knowledge=0.0000 reliable=0 spec=0.00 pop=4032
  mpx-135 traj: trials=21240000 wall=49254s knowledge=0.0000 reliable=0 spec=0.00 pop=4088
  mpx-135 traj: trials=21300000 wall=49358s knowledge=0.0000 reliable=0 spec=0.00 pop=4527
  mpx-135 traj: trials=21360000 wall=49478s knowledge=0.0000 reliable=0 spec=0.00 pop=4244
  mpx-135 traj: trials=21420000 wall=49914s knowledge=0.0000 reliable=0 spec=0.00 pop=4198
  mpx-135 traj: trials=21480000 wall=50028s knowledge=0.0000 reliable=0 spec=0.00 pop=3735
  mpx-135 traj: trials=21540000 wall=50135s knowledge=0.0000 reliable=0 spec=0.00 pop=3916
  mpx-135 traj: trials=21600000 wall=50260s knowledge=0.0000 reliable=0 spec=0.00 pop=3989
  mpx-135 traj: trials=21660000 wall=50373s knowledge=0.0000 reliable=0 spec=0.00 pop=3689
  mpx-135 traj: trials=21720000 wall=50490s knowledge=0.0000 reliable=0 spec=0.00 pop=3981
  mpx-135 traj: trials=21780000 wall=50614s knowledge=0.0000 reliable=0 spec=0.00 pop=3684
  mpx-135 traj: trials=21840000 wall=50778s knowledge=0.0000 reliable=0 spec=0.00 pop=4023
  mpx-135 traj: trials=21900000 wall=50924s knowledge=0.0000 reliable=0 spec=0.00 pop=4188
  mpx-135 traj: trials=21960000 wall=51039s knowledge=0.0000 reliable=0 spec=0.00 pop=4021
  mpx-135 traj: trials=22020000 wall=51224s knowledge=0.0000 reliable=0 spec=0.00 pop=3995
  mpx-135 traj: trials=22080000 wall=51341s knowledge=0.0000 reliable=0 spec=0.00 pop=3660
  mpx-135 traj: trials=22140000 wall=51470s knowledge=0.0000 reliable=0 spec=0.00 pop=3879
  mpx-135 traj: trials=22200000 wall=51616s knowledge=0.0000 reliable=0 spec=0.00 pop=3815
  mpx-135 traj: trials=22260000 wall=51718s knowledge=0.0000 reliable=0 spec=0.00 pop=3679
  mpx-135 traj: trials=22320000 wall=51843s knowledge=0.0000 reliable=0 spec=0.00 pop=3722
  mpx-135 traj: trials=22380000 wall=51997s knowledge=0.0000 reliable=0 spec=0.00 pop=4100
  mpx-135 traj: trials=22440000 wall=52122s knowledge=0.0000 reliable=0 spec=0.00 pop=3783
  mpx-135 traj: trials=22500000 wall=52247s knowledge=0.0000 reliable=0 spec=0.00 pop=4201
  mpx-135 traj: trials=22560000 wall=52366s knowledge=0.0000 reliable=0 spec=0.00 pop=3802
  mpx-135 traj: trials=22620000 wall=52575s knowledge=0.0000 reliable=0 spec=0.00 pop=4546
  mpx-135 traj: trials=22680000 wall=52682s knowledge=0.0000 reliable=0 spec=0.00 pop=4011
  mpx-135 traj: trials=22740000 wall=52793s knowledge=0.0000 reliable=0 spec=0.00 pop=4044
  mpx-135 traj: trials=22800000 wall=52907s knowledge=0.0000 reliable=0 spec=0.00 pop=3823
  mpx-135 traj: trials=22860000 wall=53029s knowledge=0.0000 reliable=0 spec=0.00 pop=4216
  mpx-135 traj: trials=22920000 wall=53151s knowledge=0.0000 reliable=0 spec=0.00 pop=3676
  mpx-135 traj: trials=22980000 wall=53267s knowledge=0.0000 reliable=0 spec=0.00 pop=3824
  mpx-135 traj: trials=23040000 wall=53395s knowledge=0.0000 reliable=0 spec=0.00 pop=4224
  mpx-135 traj: trials=23100000 wall=53538s knowledge=0.0000 reliable=0 spec=0.00 pop=4059
  mpx-135 traj: trials=23160000 wall=53642s knowledge=0.0000 reliable=0 spec=0.00 pop=4703
  mpx-135 traj: trials=23220000 wall=53739s knowledge=0.0000 reliable=0 spec=0.00 pop=3802
  mpx-135 traj: trials=23280000 wall=53862s knowledge=0.0000 reliable=0 spec=0.00 pop=3875
  mpx-135 traj: trials=23340000 wall=53981s knowledge=0.0000 reliable=0 spec=0.00 pop=4448
  mpx-135 traj: trials=23400000 wall=54128s knowledge=0.0000 reliable=0 spec=0.00 pop=4164
  mpx-135 traj: trials=23460000 wall=54279s knowledge=0.0000 reliable=0 spec=0.00 pop=4178
  mpx-135 traj: trials=23520000 wall=54402s knowledge=0.0000 reliable=0 spec=0.00 pop=3896
  mpx-135 traj: trials=23580000 wall=54571s knowledge=0.0000 reliable=0 spec=0.00 pop=3874
  mpx-135 traj: trials=23640000 wall=54666s knowledge=0.0000 reliable=0 spec=0.00 pop=3992
  mpx-135 traj: trials=23700000 wall=54824s knowledge=0.0000 reliable=0 spec=0.00 pop=4075
  mpx-135 traj: trials=23760000 wall=54922s knowledge=0.0000 reliable=0 spec=0.00 pop=4065
  mpx-135 traj: trials=23820000 wall=55029s knowledge=0.0000 reliable=0 spec=0.00 pop=3860
  mpx-135 traj: trials=23880000 wall=55146s knowledge=0.0000 reliable=0 spec=0.00 pop=3951
  mpx-135 traj: trials=23940000 wall=55299s knowledge=0.0000 reliable=0 spec=0.00 pop=3758
  mpx-135 traj: trials=24000000 wall=55509s knowledge=0.0000 reliable=0 spec=0.00 pop=4003
  mpx-135 traj: trials=24060000 wall=55642s knowledge=0.0000 reliable=0 spec=0.00 pop=3754
  mpx-135 traj: trials=24120000 wall=55924s knowledge=0.0000 reliable=0 spec=0.00 pop=3851
  mpx-135 traj: trials=24180000 wall=56050s knowledge=0.0000 reliable=0 spec=0.00 pop=3883
  mpx-135 traj: trials=24240000 wall=56180s knowledge=0.0000 reliable=0 spec=0.00 pop=3844
  mpx-135 traj: trials=24300000 wall=56286s knowledge=0.0000 reliable=0 spec=0.00 pop=3595
  mpx-135 traj: trials=24360000 wall=56451s knowledge=0.0000 reliable=0 spec=0.00 pop=4108
  mpx-135 traj: trials=24420000 wall=56551s knowledge=0.0000 reliable=0 spec=0.00 pop=4095
  mpx-135 traj: trials=24480000 wall=56664s knowledge=0.0000 reliable=0 spec=0.00 pop=4120
  mpx-135 traj: trials=24540000 wall=56971s knowledge=0.0000 reliable=0 spec=0.00 pop=3874
  mpx-135 traj: trials=24600000 wall=57154s knowledge=0.0000 reliable=0 spec=0.00 pop=3819
  mpx-135 traj: trials=24660000 wall=57258s knowledge=0.0000 reliable=0 spec=0.00 pop=3929
  mpx-135 traj: trials=24720000 wall=57393s knowledge=0.0000 reliable=0 spec=0.00 pop=3979
  mpx-135 traj: trials=24780000 wall=57565s knowledge=0.0000 reliable=0 spec=0.00 pop=4132
  mpx-135 traj: trials=24840000 wall=57669s knowledge=0.0000 reliable=0 spec=0.00 pop=3794
  mpx-135 traj: trials=24900000 wall=57837s knowledge=0.0000 reliable=0 spec=0.00 pop=3924
  mpx-135 traj: trials=24960000 wall=57967s knowledge=0.0000 reliable=0 spec=0.00 pop=4001
  mpx-135 traj: trials=25020000 wall=58094s knowledge=0.0000 reliable=0 spec=0.00 pop=3674
  mpx-135 traj: trials=25080000 wall=58196s knowledge=0.0000 reliable=0 spec=0.00 pop=3919
  mpx-135 traj: trials=25140000 wall=58300s knowledge=0.0000 reliable=0 spec=0.00 pop=3678
  mpx-135 traj: trials=25200000 wall=58436s knowledge=0.0000 reliable=0 spec=0.00 pop=3857
  mpx-135 traj: trials=25260000 wall=58574s knowledge=0.0000 reliable=0 spec=0.00 pop=4406
  mpx-135 traj: trials=25320000 wall=58682s knowledge=0.0000 reliable=0 spec=0.00 pop=3998
  mpx-135 traj: trials=25380000 wall=58854s knowledge=0.0000 reliable=0 spec=0.00 pop=3849
  mpx-135 traj: trials=25440000 wall=59032s knowledge=0.0000 reliable=0 spec=0.00 pop=5216
  mpx-135 traj: trials=25500000 wall=59165s knowledge=0.0000 reliable=0 spec=0.00 pop=3791
  mpx-135 traj: trials=25560000 wall=59291s knowledge=0.0000 reliable=0 spec=0.00 pop=3813
  mpx-135 traj: trials=25620000 wall=59434s knowledge=0.0000 reliable=0 spec=0.00 pop=3965
  mpx-135 traj: trials=25680000 wall=59549s knowledge=0.0000 reliable=0 spec=0.00 pop=3570
  mpx-135 traj: trials=25740000 wall=59687s knowledge=0.0000 reliable=0 spec=0.00 pop=3859
  mpx-135 traj: trials=25800000 wall=59885s knowledge=0.0000 reliable=0 spec=0.00 pop=3987
  mpx-135 traj: trials=25860000 wall=60196s knowledge=0.0000 reliable=0 spec=0.00 pop=4030
  mpx-135 traj: trials=25920000 wall=60347s knowledge=0.0000 reliable=0 spec=0.00 pop=3723
  mpx-135 traj: trials=25980000 wall=60707s knowledge=0.0000 reliable=0 spec=0.00 pop=4602
  mpx-135 traj: trials=26040000 wall=60819s knowledge=0.0000 reliable=0 spec=0.00 pop=3971
  mpx-135 traj: trials=26100000 wall=60937s knowledge=0.0000 reliable=0 spec=0.00 pop=3918
  mpx-135 traj: trials=26160000 wall=61032s knowledge=0.0000 reliable=0 spec=0.00 pop=3932
  mpx-135 traj: trials=26220000 wall=61163s knowledge=0.0000 reliable=0 spec=0.00 pop=4818
  mpx-135 traj: trials=26280000 wall=61263s knowledge=0.0000 reliable=0 spec=0.00 pop=3731
  mpx-135 traj: trials=26340000 wall=61428s knowledge=0.0000 reliable=0 spec=0.00 pop=3702
  mpx-135 traj: trials=26400000 wall=61548s knowledge=0.0000 reliable=0 spec=0.00 pop=4146
  mpx-135 traj: trials=26460000 wall=61666s knowledge=0.0000 reliable=0 spec=0.00 pop=3843
  mpx-135 traj: trials=26520000 wall=61787s knowledge=0.0000 reliable=0 spec=0.00 pop=4087
  mpx-135 traj: trials=26580000 wall=61894s knowledge=0.0000 reliable=0 spec=0.00 pop=3922
  mpx-135 traj: trials=26640000 wall=62030s knowledge=0.0000 reliable=0 spec=0.00 pop=4193
  mpx-135 traj: trials=26700000 wall=62141s knowledge=0.0000 reliable=0 spec=0.00 pop=4477
  mpx-135 traj: trials=26760000 wall=62289s knowledge=0.0000 reliable=0 spec=0.00 pop=4246
  mpx-135 traj: trials=26820000 wall=62403s knowledge=0.0000 reliable=0 spec=0.00 pop=4013
  mpx-135 traj: trials=26880000 wall=62587s knowledge=0.0000 reliable=0 spec=0.00 pop=4157
  mpx-135 traj: trials=26940000 wall=62719s knowledge=0.0000 reliable=0 spec=0.00 pop=3504
  mpx-135 traj: trials=27000000 wall=62843s knowledge=0.0000 reliable=0 spec=0.00 pop=3937
  mpx-135 traj: trials=27060000 wall=62983s knowledge=0.0000 reliable=0 spec=0.00 pop=3859
  mpx-135 traj: trials=27120000 wall=63146s knowledge=0.0000 reliable=0 spec=0.00 pop=3943
  mpx-135 traj: trials=27180000 wall=63594s knowledge=0.0000 reliable=0 spec=0.00 pop=4024
  mpx-135 traj: trials=27240000 wall=63752s knowledge=0.0000 reliable=0 spec=0.00 pop=4095
  mpx-135 traj: trials=27300000 wall=63878s knowledge=0.0000 reliable=0 spec=0.00 pop=3880
  mpx-135 traj: trials=27360000 wall=63996s knowledge=0.0000 reliable=0 spec=0.00 pop=3696
  mpx-135 traj: trials=27420000 wall=64113s knowledge=0.0000 reliable=0 spec=0.00 pop=4070
  mpx-135 traj: trials=27480000 wall=64238s knowledge=0.0000 reliable=0 spec=0.00 pop=3697
  mpx-135 traj: trials=27540000 wall=64389s knowledge=0.0000 reliable=0 spec=0.00 pop=4025
  mpx-135 traj: trials=27600000 wall=64537s knowledge=0.0000 reliable=0 spec=0.00 pop=4153
  mpx-135 traj: trials=27660000 wall=64752s knowledge=0.0000 reliable=0 spec=0.00 pop=4059
  mpx-135 traj: trials=27720000 wall=64876s knowledge=0.0000 reliable=0 spec=0.00 pop=3661
  mpx-135 traj: trials=27780000 wall=64984s knowledge=0.0000 reliable=0 spec=0.00 pop=3730
  mpx-135 traj: trials=27840000 wall=65099s knowledge=0.0000 reliable=0 spec=0.00 pop=3999
  mpx-135 traj: trials=27900000 wall=65326s knowledge=0.0000 reliable=0 spec=0.00 pop=4467
  mpx-135 traj: trials=27960000 wall=65461s knowledge=0.0000 reliable=0 spec=0.00 pop=3959
  mpx-135 traj: trials=28020000 wall=65573s knowledge=0.0000 reliable=0 spec=0.00 pop=3792
  mpx-135 traj: trials=28080000 wall=65677s knowledge=0.0000 reliable=0 spec=0.00 pop=3723
  mpx-135 traj: trials=28140000 wall=65821s knowledge=0.0000 reliable=0 spec=0.00 pop=3907
  mpx-135 traj: trials=28200000 wall=65992s knowledge=0.0000 reliable=0 spec=0.00 pop=3875
  mpx-135 traj: trials=28260000 wall=66134s knowledge=0.0000 reliable=0 spec=0.00 pop=3956
  mpx-135 traj: trials=28320000 wall=66308s knowledge=0.0000 reliable=0 spec=0.00 pop=4085
  mpx-135 traj: trials=28380000 wall=66417s knowledge=0.0000 reliable=0 spec=0.00 pop=4107
  mpx-135 traj: trials=28440000 wall=66517s knowledge=0.0000 reliable=0 spec=0.00 pop=3934
  mpx-135 traj: trials=28500000 wall=66640s knowledge=0.0000 reliable=0 spec=0.00 pop=3785
  mpx-135 traj: trials=28560000 wall=66753s knowledge=0.0000 reliable=0 spec=0.00 pop=3768
  mpx-135 traj: trials=28620000 wall=66902s knowledge=0.0000 reliable=0 spec=0.00 pop=4173
  mpx-135 traj: trials=28680000 wall=67071s knowledge=0.0000 reliable=0 spec=0.00 pop=3828
  mpx-135 traj: trials=28740000 wall=67200s knowledge=0.0000 reliable=0 spec=0.00 pop=3777
  mpx-135 traj: trials=28800000 wall=67341s knowledge=0.0000 reliable=0 spec=0.00 pop=4197
  mpx-135 traj: trials=28860000 wall=67637s knowledge=0.0000 reliable=0 spec=0.00 pop=4008
  mpx-135 traj: trials=28920000 wall=67894s knowledge=0.0000 reliable=0 spec=0.00 pop=4236
  mpx-135 traj: trials=28980000 wall=68007s knowledge=0.0000 reliable=0 spec=0.00 pop=3634
  mpx-135 traj: trials=29040000 wall=68231s knowledge=0.0000 reliable=0 spec=0.00 pop=4832
  mpx-135 traj: trials=29100000 wall=68339s knowledge=0.0000 reliable=0 spec=0.00 pop=6777
  mpx-135 traj: trials=29160000 wall=68575s knowledge=0.0000 reliable=0 spec=0.00 pop=4103
  mpx-135 traj: trials=29220000 wall=68689s knowledge=0.0000 reliable=0 spec=0.00 pop=3525
  mpx-135 traj: trials=29280000 wall=68800s knowledge=0.0000 reliable=0 spec=0.00 pop=3898
  mpx-135 traj: trials=29340000 wall=68924s knowledge=0.0000 reliable=0 spec=0.00 pop=3937
  mpx-135 traj: trials=29400000 wall=69291s knowledge=0.0000 reliable=0 spec=0.00 pop=4262
  mpx-135 traj: trials=29460000 wall=69459s knowledge=0.0000 reliable=0 spec=0.00 pop=3887
  mpx-135 traj: trials=29520000 wall=69632s knowledge=0.0000 reliable=0 spec=0.00 pop=3899
  mpx-135 traj: trials=29580000 wall=69781s knowledge=0.0000 reliable=0 spec=0.00 pop=3594
  mpx-135 traj: trials=29640000 wall=69912s knowledge=0.0000 reliable=0 spec=0.00 pop=3944
  mpx-135 traj: trials=29700000 wall=70025s knowledge=0.0000 reliable=0 spec=0.00 pop=4010
  mpx-135 traj: trials=29760000 wall=70302s knowledge=0.0000 reliable=0 spec=0.00 pop=9156
  mpx-135 traj: trials=29820000 wall=70418s knowledge=0.0000 reliable=0 spec=0.00 pop=4120
  mpx-135 traj: trials=29880000 wall=70565s knowledge=0.0000 reliable=0 spec=0.00 pop=4209
  mpx-135 traj: trials=29940000 wall=70755s knowledge=0.0000 reliable=0 spec=0.00 pop=4001
  mpx-135 traj: trials=30000000 wall=70887s knowledge=0.0000 reliable=0 spec=0.00 pop=4014
  mpx-135 traj: trials=30060000 wall=71001s knowledge=0.0000 reliable=0 spec=0.00 pop=3863
  mpx-135 traj: trials=30120000 wall=71130s knowledge=0.0000 reliable=0 spec=0.00 pop=4087
  mpx-135 traj: trials=30180000 wall=71280s knowledge=0.0000 reliable=0 spec=0.00 pop=3978
  mpx-135 traj: trials=30240000 wall=71398s knowledge=0.0000 reliable=0 spec=0.00 pop=4363
  mpx-135 traj: trials=30300000 wall=71562s knowledge=0.0000 reliable=0 spec=0.00 pop=3935
  mpx-135 traj: trials=30360000 wall=71765s knowledge=0.0000 reliable=0 spec=0.00 pop=3927
  mpx-135 traj: trials=30420000 wall=71897s knowledge=0.0000 reliable=0 spec=0.00 pop=5059
  mpx-135 traj: trials=30480000 wall=72002s knowledge=0.0000 reliable=0 spec=0.00 pop=3573
  mpx-135 traj: trials=30540000 wall=72160s knowledge=0.0000 reliable=0 spec=0.00 pop=4217
  mpx-135 traj: trials=30600000 wall=72306s knowledge=0.0000 reliable=0 spec=0.00 pop=4260
  mpx-135 traj: trials=30660000 wall=72529s knowledge=0.0000 reliable=0 spec=0.00 pop=3987
  mpx-135 traj: trials=30720000 wall=72642s knowledge=0.0000 reliable=0 spec=0.00 pop=4012
  mpx-135 traj: trials=30780000 wall=72752s knowledge=0.0000 reliable=0 spec=0.00 pop=3808
  mpx-135 traj: trials=30840000 wall=72870s knowledge=0.0000 reliable=0 spec=0.00 pop=4006
  mpx-135 traj: trials=30900000 wall=72992s knowledge=0.0000 reliable=0 spec=0.00 pop=3990
  mpx-135 traj: trials=30960000 wall=73127s knowledge=0.0000 reliable=0 spec=0.00 pop=4297
  mpx-135 traj: trials=31020000 wall=73239s knowledge=0.0000 reliable=0 spec=0.00 pop=3524
  mpx-135 traj: trials=31080000 wall=73386s knowledge=0.0000 reliable=0 spec=0.00 pop=4135
  mpx-135 traj: trials=31140000 wall=73492s knowledge=0.0000 reliable=0 spec=0.00 pop=3857
  mpx-135 traj: trials=31200000 wall=73593s knowledge=0.0000 reliable=0 spec=0.00 pop=4176
  mpx-135 traj: trials=31260000 wall=73700s knowledge=0.0000 reliable=0 spec=0.00 pop=3828
  mpx-135 traj: trials=31320000 wall=73797s knowledge=0.0000 reliable=0 spec=0.00 pop=4042
  mpx-135 traj: trials=31380000 wall=73971s knowledge=0.0000 reliable=0 spec=0.00 pop=4219
  mpx-135 traj: trials=31440000 wall=74085s knowledge=0.0000 reliable=0 spec=0.00 pop=3842
  mpx-135 traj: trials=31500000 wall=74254s knowledge=0.0000 reliable=0 spec=0.00 pop=3811
  mpx-135 traj: trials=31560000 wall=74355s knowledge=0.0000 reliable=0 spec=0.00 pop=3752
  mpx-135 traj: trials=31620000 wall=74498s knowledge=0.0000 reliable=0 spec=0.00 pop=3688
  mpx-135 traj: trials=31680000 wall=74611s knowledge=0.0000 reliable=0 spec=0.00 pop=4083
  mpx-135 traj: trials=31740000 wall=74749s knowledge=0.0000 reliable=0 spec=0.00 pop=3689
  mpx-135 traj: trials=31800000 wall=74871s knowledge=0.0000 reliable=0 spec=0.00 pop=3602
  mpx-135 traj: trials=31860000 wall=75004s knowledge=0.0000 reliable=0 spec=0.00 pop=4585
  mpx-135 traj: trials=31920000 wall=75118s knowledge=0.0000 reliable=0 spec=0.00 pop=3764
  mpx-135 traj: trials=31980000 wall=75232s knowledge=0.0000 reliable=0 spec=0.00 pop=4406
  mpx-135 traj: trials=32040000 wall=75421s knowledge=0.0000 reliable=0 spec=0.00 pop=3824
  mpx-135 traj: trials=32100000 wall=75515s knowledge=0.0000 reliable=0 spec=0.00 pop=4202
  mpx-135 traj: trials=32160000 wall=75789s knowledge=0.0000 reliable=0 spec=0.00 pop=4823
  mpx-135 traj: trials=32220000 wall=75937s knowledge=0.0000 reliable=0 spec=0.00 pop=3903
  mpx-135 traj: trials=32280000 wall=76138s knowledge=0.0000 reliable=0 spec=0.00 pop=4271
  mpx-135 traj: trials=32340000 wall=76248s knowledge=0.0000 reliable=0 spec=0.00 pop=3818
  mpx-135 traj: trials=32400000 wall=76419s knowledge=0.0000 reliable=0 spec=0.00 pop=3925
  mpx-135 traj: trials=32460000 wall=76540s knowledge=0.0000 reliable=0 spec=0.00 pop=4210
  mpx-135 traj: trials=32520000 wall=76749s knowledge=0.0000 reliable=0 spec=0.00 pop=5951
  mpx-135 traj: trials=32580000 wall=76878s knowledge=0.0000 reliable=0 spec=0.00 pop=4035
  mpx-135 traj: trials=32640000 wall=76991s knowledge=0.0000 reliable=0 spec=0.00 pop=3809
  mpx-135 traj: trials=32700000 wall=77100s knowledge=0.0000 reliable=0 spec=0.00 pop=3840
  mpx-135 traj: trials=32760000 wall=77208s knowledge=0.0000 reliable=0 spec=0.00 pop=5038
  mpx-135 traj: trials=32820000 wall=77329s knowledge=0.0000 reliable=0 spec=0.00 pop=3766
  mpx-135 traj: trials=32880000 wall=77455s knowledge=0.0000 reliable=0 spec=0.00 pop=3942
  mpx-135 traj: trials=32940000 wall=77564s knowledge=0.0000 reliable=0 spec=0.00 pop=3876
  mpx-135 traj: trials=33000000 wall=77816s knowledge=0.0000 reliable=0 spec=0.00 pop=4116
  mpx-135 traj: trials=33060000 wall=77939s knowledge=0.0000 reliable=0 spec=0.00 pop=3806
  mpx-135 traj: trials=33120000 wall=78043s knowledge=0.0000 reliable=0 spec=0.00 pop=3938
  mpx-135 traj: trials=33180000 wall=78154s knowledge=0.0000 reliable=0 spec=0.00 pop=3889
  mpx-135 traj: trials=33240000 wall=78261s knowledge=0.0000 reliable=0 spec=0.00 pop=4026
  mpx-135 traj: trials=33300000 wall=78372s knowledge=0.0000 reliable=0 spec=0.00 pop=3930
  mpx-135 traj: trials=33360000 wall=78516s knowledge=0.0000 reliable=0 spec=0.00 pop=3975
  mpx-135 traj: trials=33420000 wall=78715s knowledge=0.0000 reliable=0 spec=0.00 pop=5069
  mpx-135 traj: trials=33480000 wall=78897s knowledge=0.0000 reliable=0 spec=0.00 pop=4034
  mpx-135 traj: trials=33540000 wall=79030s knowledge=0.0000 reliable=0 spec=0.00 pop=4083
  mpx-135 traj: trials=33600000 wall=79257s knowledge=0.0000 reliable=0 spec=0.00 pop=4066
  mpx-135 traj: trials=33660000 wall=79378s knowledge=0.0000 reliable=0 spec=0.00 pop=3704
  mpx-135 traj: trials=33720000 wall=79524s knowledge=0.0000 reliable=0 spec=0.00 pop=4416
  mpx-135 traj: trials=33780000 wall=79789s knowledge=0.0000 reliable=0 spec=0.00 pop=3981
  mpx-135 traj: trials=33840000 wall=79954s knowledge=0.0000 reliable=0 spec=0.00 pop=4645
  mpx-135 traj: trials=33900000 wall=80176s knowledge=0.0000 reliable=0 spec=0.00 pop=4753
  mpx-135 traj: trials=33960000 wall=80302s knowledge=0.0000 reliable=0 spec=0.00 pop=3827
  mpx-135 traj: trials=34020000 wall=80431s knowledge=0.0000 reliable=0 spec=0.00 pop=3680
  mpx-135 traj: trials=34080000 wall=80605s knowledge=0.0000 reliable=0 spec=0.00 pop=3842
  mpx-135 traj: trials=34140000 wall=80716s knowledge=0.0000 reliable=0 spec=0.00 pop=3865
  mpx-135 traj: trials=34200000 wall=80948s knowledge=0.0000 reliable=0 spec=0.00 pop=4009
  mpx-135 traj: trials=34260000 wall=81056s knowledge=0.0000 reliable=0 spec=0.00 pop=4043
  mpx-135 traj: trials=34320000 wall=81198s knowledge=0.0000 reliable=0 spec=0.00 pop=3962
  mpx-135 traj: trials=34380000 wall=81309s knowledge=0.0000 reliable=0 spec=0.00 pop=4065
  mpx-135 traj: trials=34440000 wall=81421s knowledge=0.0000 reliable=0 spec=0.00 pop=3894
  mpx-135 traj: trials=34500000 wall=81536s knowledge=0.0000 reliable=0 spec=0.00 pop=3699
  mpx-135 traj: trials=34560000 wall=81660s knowledge=0.0000 reliable=0 spec=0.00 pop=3893
  mpx-135 traj: trials=34620000 wall=81798s knowledge=0.0000 reliable=0 spec=0.00 pop=3765
  mpx-135 traj: trials=34680000 wall=81925s knowledge=0.0000 reliable=0 spec=0.00 pop=3691
  mpx-135 traj: trials=34740000 wall=82036s knowledge=0.0000 reliable=0 spec=0.00 pop=3915
  mpx-135 traj: trials=34800000 wall=82224s knowledge=0.0000 reliable=0 spec=0.00 pop=3657
  mpx-135 traj: trials=34860000 wall=82335s knowledge=0.0000 reliable=0 spec=0.00 pop=4060
  mpx-135 traj: trials=34920000 wall=82498s knowledge=0.0000 reliable=0 spec=0.00 pop=3922
  mpx-135 traj: trials=34980000 wall=82645s knowledge=0.0000 reliable=0 spec=0.00 pop=3641
  mpx-135 traj: trials=35040000 wall=82775s knowledge=0.0000 reliable=0 spec=0.00 pop=3866
  mpx-135 traj: trials=35100000 wall=82887s knowledge=0.0000 reliable=0 spec=0.00 pop=4066
  mpx-135 traj: trials=35160000 wall=83007s knowledge=0.0000 reliable=0 spec=0.00 pop=3966
  mpx-135 traj: trials=35220000 wall=83122s knowledge=0.0000 reliable=0 spec=0.00 pop=4246
  mpx-135 traj: trials=35280000 wall=83242s knowledge=0.0000 reliable=0 spec=0.00 pop=4066
  mpx-135 traj: trials=35340000 wall=83363s knowledge=0.0000 reliable=0 spec=0.00 pop=4085
  mpx-135 traj: trials=35400000 wall=83505s knowledge=0.0000 reliable=0 spec=0.00 pop=6627
  mpx-135 traj: trials=35460000 wall=83606s knowledge=0.0000 reliable=0 spec=0.00 pop=4733
  mpx-135 traj: trials=35520000 wall=83811s knowledge=0.0000 reliable=0 spec=0.00 pop=3704
  mpx-135 traj: trials=35580000 wall=83916s knowledge=0.0000 reliable=0 spec=0.00 pop=3870
  mpx-135 traj: trials=35640000 wall=84096s knowledge=0.0000 reliable=0 spec=0.00 pop=3846
  mpx-135 traj: trials=35700000 wall=84203s knowledge=0.0000 reliable=0 spec=0.00 pop=4134
  mpx-135 traj: trials=35760000 wall=84541s knowledge=0.0000 reliable=0 spec=0.00 pop=4213
  mpx-135 traj: trials=35820000 wall=84661s knowledge=0.0000 reliable=0 spec=0.00 pop=4193
  mpx-135 traj: trials=35880000 wall=84832s knowledge=0.0000 reliable=0 spec=0.00 pop=4189
  mpx-135 traj: trials=35940000 wall=84940s knowledge=0.0000 reliable=0 spec=0.00 pop=4013
  mpx-135 traj: trials=36000000 wall=85049s knowledge=0.0000 reliable=0 spec=0.00 pop=4243
  mpx-135 traj: trials=36060000 wall=85209s knowledge=0.0000 reliable=0 spec=0.00 pop=3495
  mpx-135 traj: trials=36120000 wall=85314s knowledge=0.0000 reliable=0 spec=0.00 pop=4036
  mpx-135 traj: trials=36180000 wall=85449s knowledge=0.0000 reliable=0 spec=0.00 pop=4042
  mpx-135 traj: trials=36240000 wall=85585s knowledge=0.0000 reliable=0 spec=0.00 pop=4211
  mpx-135 traj: trials=36300000 wall=85704s knowledge=0.0000 reliable=0 spec=0.00 pop=3850
  mpx-135 traj: trials=36360000 wall=85829s knowledge=0.0000 reliable=0 spec=0.00 pop=4726
  mpx-135 traj: trials=36420000 wall=86236s knowledge=0.0000 reliable=0 spec=0.00 pop=4172
  mpx-135 traj: trials=36480000 wall=86373s knowledge=0.0000 reliable=0 spec=0.00 pop=3911
  mpx-135 traj: trials=36540000 wall=86520s knowledge=0.0000 reliable=0 spec=0.00 pop=4009
  mpx-135 traj: trials=36600000 wall=86689s knowledge=0.0000 reliable=0 spec=0.00 pop=4265
  mpx-135 traj: trials=36660000 wall=86814s knowledge=0.0000 reliable=0 spec=0.00 pop=3809
  mpx-135 traj: trials=36720000 wall=86932s knowledge=0.0000 reliable=0 spec=0.00 pop=4030
  mpx-135 traj: trials=36780000 wall=87078s knowledge=0.0000 reliable=0 spec=0.00 pop=4146
  mpx-135 traj: trials=36840000 wall=87188s knowledge=0.0000 reliable=0 spec=0.00 pop=3954
  mpx-135 traj: trials=36900000 wall=87428s knowledge=0.0000 reliable=0 spec=0.00 pop=3869
  mpx-135 traj: trials=36960000 wall=87572s knowledge=0.0000 reliable=0 spec=0.00 pop=3864
  mpx-135 traj: trials=37020000 wall=87711s knowledge=0.0000 reliable=0 spec=0.00 pop=3892
  mpx-135 traj: trials=37080000 wall=87962s knowledge=0.0000 reliable=0 spec=0.00 pop=3927
  mpx-135 traj: trials=37140000 wall=88069s knowledge=0.0000 reliable=0 spec=0.00 pop=3637
  mpx-135 traj: trials=37200000 wall=88251s knowledge=0.0000 reliable=0 spec=0.00 pop=4792
  mpx-135 traj: trials=37260000 wall=88367s knowledge=0.0000 reliable=0 spec=0.00 pop=3833
  mpx-135 traj: trials=37320000 wall=88496s knowledge=0.0000 reliable=0 spec=0.00 pop=6476
  mpx-135 traj: trials=37380000 wall=88623s knowledge=0.0000 reliable=0 spec=0.00 pop=4498
  mpx-135 traj: trials=37440000 wall=88736s knowledge=0.0000 reliable=0 spec=0.00 pop=3657
  mpx-135 traj: trials=37500000 wall=88856s knowledge=0.0000 reliable=0 spec=0.00 pop=5140
  mpx-135 traj: trials=37560000 wall=89029s knowledge=0.0000 reliable=0 spec=0.00 pop=4655
  mpx-135 traj: trials=37620000 wall=89200s knowledge=0.0000 reliable=0 spec=0.00 pop=3889
  mpx-135 traj: trials=37680000 wall=89389s knowledge=0.0000 reliable=0 spec=0.00 pop=3899
  mpx-135 traj: trials=37740000 wall=89573s knowledge=0.0000 reliable=0 spec=0.00 pop=3959
  mpx-135 traj: trials=37800000 wall=89683s knowledge=0.0000 reliable=0 spec=0.00 pop=4157
  mpx-135 traj: trials=37860000 wall=89802s knowledge=0.0000 reliable=0 spec=0.00 pop=3913
  mpx-135 traj: trials=37920000 wall=89919s knowledge=0.0000 reliable=0 spec=0.00 pop=4017
  mpx-135 traj: trials=37980000 wall=90029s knowledge=0.0000 reliable=0 spec=0.00 pop=3781
  mpx-135 traj: trials=38040000 wall=90133s knowledge=0.0000 reliable=0 spec=0.00 pop=3879
  mpx-135 traj: trials=38100000 wall=90246s knowledge=0.0000 reliable=0 spec=0.00 pop=3879
  mpx-135 traj: trials=38160000 wall=90413s knowledge=0.0000 reliable=0 spec=0.00 pop=5173
  mpx-135 traj: trials=38220000 wall=90517s knowledge=0.0000 reliable=0 spec=0.00 pop=4012
  mpx-135 traj: trials=38280000 wall=90675s knowledge=0.0000 reliable=0 spec=0.00 pop=3856
  mpx-135 traj: trials=38340000 wall=90782s knowledge=0.0000 reliable=0 spec=0.00 pop=3994
  mpx-135 traj: trials=38400000 wall=90901s knowledge=0.0000 reliable=0 spec=0.00 pop=4193
  mpx-135 traj: trials=38460000 wall=91079s knowledge=0.0000 reliable=0 spec=0.00 pop=3818
  mpx-135 traj: trials=38520000 wall=91197s knowledge=0.0000 reliable=0 spec=0.00 pop=4871
  mpx-135 traj: trials=38580000 wall=91320s knowledge=0.0000 reliable=0 spec=0.00 pop=4125
  mpx-135 traj: trials=38640000 wall=91437s knowledge=0.0000 reliable=0 spec=0.00 pop=4061
  mpx-135 traj: trials=38700000 wall=91598s knowledge=0.0000 reliable=0 spec=0.00 pop=3820
  mpx-135 traj: trials=38760000 wall=91739s knowledge=0.0000 reliable=0 spec=0.00 pop=3869
  mpx-135 traj: trials=38820000 wall=92010s knowledge=0.0000 reliable=0 spec=0.00 pop=8175
  mpx-135 traj: trials=38880000 wall=92130s knowledge=0.0000 reliable=0 spec=0.00 pop=3768
  mpx-135 traj: trials=38940000 wall=92257s knowledge=0.0000 reliable=0 spec=0.00 pop=4143
  mpx-135 traj: trials=39000000 wall=92370s knowledge=0.0000 reliable=0 spec=0.00 pop=3893
  mpx-135 traj: trials=39060000 wall=92504s knowledge=0.0000 reliable=0 spec=0.00 pop=3885
  mpx-135 traj: trials=39120000 wall=92629s knowledge=0.0000 reliable=0 spec=0.00 pop=7399
  mpx-135 traj: trials=39180000 wall=92749s knowledge=0.0000 reliable=0 spec=0.00 pop=3686
  mpx-135 traj: trials=39240000 wall=92909s knowledge=0.0000 reliable=0 spec=0.00 pop=3625
  mpx-135 traj: trials=39300000 wall=93021s knowledge=0.0000 reliable=0 spec=0.00 pop=5686
  mpx-135 traj: trials=39360000 wall=93164s knowledge=0.0000 reliable=0 spec=0.00 pop=3890
  mpx-135 traj: trials=39420000 wall=93347s knowledge=0.0000 reliable=0 spec=0.00 pop=4320
  mpx-135 traj: trials=39480000 wall=93452s knowledge=0.0000 reliable=0 spec=0.00 pop=4028
  mpx-135 traj: trials=39540000 wall=93626s knowledge=0.0000 reliable=0 spec=0.00 pop=3799
  mpx-135 traj: trials=39600000 wall=93765s knowledge=0.0000 reliable=0 spec=0.00 pop=3961
  mpx-135 traj: trials=39660000 wall=93940s knowledge=0.0000 reliable=0 spec=0.00 pop=4077
  mpx-135 traj: trials=39720000 wall=94101s knowledge=0.0000 reliable=0 spec=0.00 pop=4023
  mpx-135 traj: trials=39780000 wall=94284s knowledge=0.0000 reliable=0 spec=0.00 pop=4061
  mpx-135 traj: trials=39840000 wall=94437s knowledge=0.0000 reliable=0 spec=0.00 pop=4119
  mpx-135 traj: trials=39900000 wall=94553s knowledge=0.0000 reliable=0 spec=0.00 pop=4197
  mpx-135 traj: trials=39960000 wall=94678s knowledge=0.0000 reliable=0 spec=0.00 pop=4116
  mpx-135 traj: trials=40020000 wall=94792s knowledge=0.0000 reliable=0 spec=0.00 pop=3802
  mpx-135 traj: trials=40080000 wall=94899s knowledge=0.0000 reliable=0 spec=0.00 pop=4018
  mpx-135 traj: trials=40140000 wall=95126s knowledge=0.0000 reliable=0 spec=0.00 pop=3907
  mpx-135 traj: trials=40200000 wall=95261s knowledge=0.0000 reliable=0 spec=0.00 pop=3950
  mpx-135 traj: trials=40260000 wall=95361s knowledge=0.0000 reliable=0 spec=0.00 pop=3997
  mpx-135 traj: trials=40320000 wall=95459s knowledge=0.0000 reliable=0 spec=0.00 pop=4157
  mpx-135 traj: trials=40380000 wall=95741s knowledge=0.0000 reliable=0 spec=0.00 pop=3658
  mpx-135 traj: trials=40440000 wall=95908s knowledge=0.0000 reliable=0 spec=0.00 pop=4363
  mpx-135 traj: trials=40500000 wall=96034s knowledge=0.0000 reliable=0 spec=0.00 pop=4490
  mpx-135 traj: trials=40560000 wall=96196s knowledge=0.0000 reliable=0 spec=0.00 pop=4052
  mpx-135 traj: trials=40620000 wall=96373s knowledge=0.0000 reliable=0 spec=0.00 pop=3626
  mpx-135 traj: trials=40680000 wall=96541s knowledge=0.0000 reliable=0 spec=0.00 pop=3990
  mpx-135 traj: trials=40740000 wall=96704s knowledge=0.0000 reliable=0 spec=0.00 pop=3850
  mpx-135 traj: trials=40800000 wall=96827s knowledge=0.0000 reliable=0 spec=0.00 pop=4150
  mpx-135 traj: trials=40860000 wall=96954s knowledge=0.0000 reliable=0 spec=0.00 pop=3795
  mpx-135 traj: trials=40920000 wall=97105s knowledge=0.0000 reliable=0 spec=0.00 pop=3959
  mpx-135 traj: trials=40980000 wall=97211s knowledge=0.0000 reliable=0 spec=0.00 pop=3964
  mpx-135 traj: trials=41040000 wall=97314s knowledge=0.0000 reliable=0 spec=0.00 pop=5612
  mpx-135 traj: trials=41100000 wall=97421s knowledge=0.0000 reliable=0 spec=0.00 pop=3780
  mpx-135 traj: trials=41160000 wall=97544s knowledge=0.0000 reliable=0 spec=0.00 pop=3896
  mpx-135 traj: trials=41220000 wall=97652s knowledge=0.0000 reliable=0 spec=0.00 pop=4121
  mpx-135 traj: trials=41280000 wall=97761s knowledge=0.0000 reliable=0 spec=0.00 pop=3797
  mpx-135 traj: trials=41340000 wall=97870s knowledge=0.0000 reliable=0 spec=0.00 pop=4068
  mpx-135 traj: trials=41400000 wall=97986s knowledge=0.0000 reliable=0 spec=0.00 pop=3685
  mpx-135 traj: trials=41460000 wall=98114s knowledge=0.0000 reliable=0 spec=0.00 pop=4109
  mpx-135 traj: trials=41520000 wall=98235s knowledge=0.0000 reliable=0 spec=0.00 pop=3975
  mpx-135 traj: trials=41580000 wall=98344s knowledge=0.0000 reliable=0 spec=0.00 pop=3582
  mpx-135 traj: trials=41640000 wall=98510s knowledge=0.0000 reliable=0 spec=0.00 pop=4022
  mpx-135 traj: trials=41700000 wall=98613s knowledge=0.0000 reliable=0 spec=0.00 pop=3825
  mpx-135 traj: trials=41760000 wall=98736s knowledge=0.0000 reliable=0 spec=0.00 pop=3938
  mpx-135 traj: trials=41820000 wall=98846s knowledge=0.0000 reliable=0 spec=0.00 pop=4241
  mpx-135 traj: trials=41880000 wall=98963s knowledge=0.0000 reliable=0 spec=0.00 pop=3965
  mpx-135 traj: trials=41940000 wall=99081s knowledge=0.0000 reliable=0 spec=0.00 pop=3983
  mpx-135 traj: trials=42000000 wall=99208s knowledge=0.0000 reliable=0 spec=0.00 pop=4014
  mpx-135 traj: trials=42060000 wall=99347s knowledge=0.0000 reliable=0 spec=0.00 pop=4020
  mpx-135 traj: trials=42120000 wall=99451s knowledge=0.0000 reliable=0 spec=0.00 pop=4016
  mpx-135 traj: trials=42180000 wall=99588s knowledge=0.0000 reliable=0 spec=0.00 pop=4820
  mpx-135 traj: trials=42240000 wall=99703s knowledge=0.0000 reliable=0 spec=0.00 pop=4145
  mpx-135 traj: trials=42300000 wall=99854s knowledge=0.0000 reliable=0 spec=0.00 pop=3731
  mpx-135 traj: trials=42360000 wall=99980s knowledge=0.0000 reliable=0 spec=0.00 pop=3793
  mpx-135 traj: trials=42420000 wall=100203s knowledge=0.0000 reliable=0 spec=0.00 pop=3856
  mpx-135 traj: trials=42480000 wall=100316s knowledge=0.0000 reliable=0 spec=0.00 pop=3824
  mpx-135 traj: trials=42540000 wall=100460s knowledge=0.0000 reliable=0 spec=0.00 pop=3934
  mpx-135 traj: trials=42600000 wall=100633s knowledge=0.0000 reliable=0 spec=0.00 pop=4722
  mpx-135 traj: trials=42660000 wall=100754s knowledge=0.0000 reliable=0 spec=0.00 pop=3899
  mpx-135 traj: trials=42720000 wall=100910s knowledge=0.0000 reliable=0 spec=0.00 pop=4300
  mpx-135 traj: trials=42780000 wall=101106s knowledge=0.0000 reliable=0 spec=0.00 pop=4790
  mpx-135 traj: trials=42840000 wall=101246s knowledge=0.0000 reliable=0 spec=0.00 pop=4030
  mpx-135 traj: trials=42900000 wall=101357s knowledge=0.0000 reliable=0 spec=0.00 pop=3776
  mpx-135 traj: trials=42960000 wall=101483s knowledge=0.0000 reliable=0 spec=0.00 pop=4068
  mpx-135 traj: trials=43020000 wall=101607s knowledge=0.0000 reliable=0 spec=0.00 pop=3978
  mpx-135 traj: trials=43080000 wall=101750s knowledge=0.0000 reliable=0 spec=0.00 pop=3880
  mpx-135 traj: trials=43140000 wall=102013s knowledge=0.0000 reliable=0 spec=0.00 pop=3800
  mpx-135 traj: trials=43200000 wall=102159s knowledge=0.0000 reliable=0 spec=0.00 pop=3874
  mpx-135 traj: trials=43260000 wall=102266s knowledge=0.0000 reliable=0 spec=0.00 pop=3960
  mpx-135 traj: trials=43320000 wall=102377s knowledge=0.0000 reliable=0 spec=0.00 pop=4078
  mpx-135 traj: trials=43380000 wall=102637s knowledge=0.0000 reliable=0 spec=0.00 pop=3976
  mpx-135 traj: trials=43440000 wall=102772s knowledge=0.0000 reliable=0 spec=0.00 pop=3897
  mpx-135 traj: trials=43500000 wall=102871s knowledge=0.0000 reliable=0 spec=0.00 pop=4158
  mpx-135 traj: trials=43560000 wall=103037s knowledge=0.0000 reliable=0 spec=0.00 pop=3937
  mpx-135 traj: trials=43620000 wall=103168s knowledge=0.0000 reliable=0 spec=0.00 pop=4269
  mpx-135 traj: trials=43680000 wall=103266s knowledge=0.0000 reliable=0 spec=0.00 pop=3682
  mpx-135 traj: trials=43740000 wall=103500s knowledge=0.0000 reliable=0 spec=0.00 pop=4379
  mpx-135 traj: trials=43800000 wall=103659s knowledge=0.0000 reliable=0 spec=0.00 pop=3891
  mpx-135 traj: trials=43860000 wall=103799s knowledge=0.0000 reliable=0 spec=0.00 pop=3934
  mpx-135 traj: trials=43920000 wall=103913s knowledge=0.0000 reliable=0 spec=0.00 pop=4613
  mpx-135 traj: trials=43980000 wall=104021s knowledge=0.0000 reliable=0 spec=0.00 pop=3551
  mpx-135 traj: trials=44040000 wall=104141s knowledge=0.0000 reliable=0 spec=0.00 pop=3830
  mpx-135 traj: trials=44100000 wall=104251s knowledge=0.0000 reliable=0 spec=0.00 pop=3953
  mpx-135 traj: trials=44160000 wall=104377s knowledge=0.0000 reliable=0 spec=0.00 pop=3783
  mpx-135 traj: trials=44220000 wall=104537s knowledge=0.0000 reliable=0 spec=0.00 pop=4037
  mpx-135 traj: trials=44280000 wall=104671s knowledge=0.0000 reliable=0 spec=0.00 pop=4204
  mpx-135 traj: trials=44340000 wall=104853s knowledge=0.0000 reliable=0 spec=0.00 pop=7662
  mpx-135 traj: trials=44400000 wall=105008s knowledge=0.0000 reliable=0 spec=0.00 pop=3941
  mpx-135 traj: trials=44460000 wall=105122s knowledge=0.0000 reliable=0 spec=0.00 pop=3668
  mpx-135 traj: trials=44520000 wall=105311s knowledge=0.0000 reliable=0 spec=0.00 pop=3823
  mpx-135 traj: trials=44580000 wall=105444s knowledge=0.0000 reliable=0 spec=0.00 pop=3843
  mpx-135 traj: trials=44640000 wall=105565s knowledge=0.0000 reliable=0 spec=0.00 pop=3847
  mpx-135 traj: trials=44700000 wall=105672s knowledge=0.0000 reliable=0 spec=0.00 pop=3933
  mpx-135 traj: trials=44760000 wall=105803s knowledge=0.0000 reliable=0 spec=0.00 pop=4797
  mpx-135 traj: trials=44820000 wall=105972s knowledge=0.0000 reliable=0 spec=0.00 pop=4072
  mpx-135 traj: trials=44880000 wall=106187s knowledge=0.0000 reliable=0 spec=0.00 pop=4008
  mpx-135 traj: trials=44940000 wall=106291s knowledge=0.0000 reliable=0 spec=0.00 pop=4051
  mpx-135 traj: trials=45000000 wall=106415s knowledge=0.0000 reliable=0 spec=0.00 pop=4198
  mpx-135 traj: trials=45060000 wall=106558s knowledge=0.0000 reliable=0 spec=0.00 pop=3965
  mpx-135 traj: trials=45120000 wall=106667s knowledge=0.0000 reliable=0 spec=0.00 pop=3855
  mpx-135 traj: trials=45180000 wall=106822s knowledge=0.0000 reliable=0 spec=0.00 pop=3614
  mpx-135 traj: trials=45240000 wall=106946s knowledge=0.0000 reliable=0 spec=0.00 pop=4004
  mpx-135 traj: trials=45300000 wall=107064s knowledge=0.0000 reliable=0 spec=0.00 pop=4152
  mpx-135 traj: trials=45360000 wall=107238s knowledge=0.0000 reliable=0 spec=0.00 pop=4067
  mpx-135 traj: trials=45420000 wall=107449s knowledge=0.0000 reliable=0 spec=0.00 pop=3820
  mpx-135 traj: trials=45480000 wall=107604s knowledge=0.0000 reliable=0 spec=0.00 pop=5047
  mpx-135 traj: trials=45540000 wall=107738s knowledge=0.0000 reliable=0 spec=0.00 pop=3915
  mpx-135 traj: trials=45600000 wall=107890s knowledge=0.0000 reliable=0 spec=0.00 pop=3880
  mpx-135 traj: trials=45660000 wall=108093s knowledge=0.0000 reliable=0 spec=0.00 pop=3958
  mpx-135 traj: trials=45720000 wall=108197s knowledge=0.0000 reliable=0 spec=0.00 pop=4084
  mpx-135 traj: trials=45780000 wall=108311s knowledge=0.0000 reliable=0 spec=0.00 pop=3720
  mpx-135 traj: trials=45840000 wall=108453s knowledge=0.0000 reliable=0 spec=0.00 pop=4119
  mpx-135 traj: trials=45900000 wall=108596s knowledge=0.0000 reliable=0 spec=0.00 pop=4074
  mpx-135 traj: trials=45960000 wall=108706s knowledge=0.0000 reliable=0 spec=0.00 pop=4977
  mpx-135 traj: trials=46020000 wall=108920s knowledge=0.0000 reliable=0 spec=0.00 pop=3777
  mpx-135 traj: trials=46080000 wall=109027s knowledge=0.0000 reliable=0 spec=0.00 pop=4209
  mpx-135 traj: trials=46140000 wall=109146s knowledge=0.0000 reliable=0 spec=0.00 pop=5210
  mpx-135 traj: trials=46200000 wall=109277s knowledge=0.0000 reliable=0 spec=0.00 pop=3714
  mpx-135 traj: trials=46260000 wall=109376s knowledge=0.0000 reliable=0 spec=0.00 pop=4110
  mpx-135 traj: trials=46320000 wall=109504s knowledge=0.0000 reliable=0 spec=0.00 pop=3907
  mpx-135 traj: trials=46380000 wall=109616s knowledge=0.0000 reliable=0 spec=0.00 pop=4044
  mpx-135 traj: trials=46440000 wall=109771s knowledge=0.0000 reliable=0 spec=0.00 pop=3982
  mpx-135 traj: trials=46500000 wall=109898s knowledge=0.0000 reliable=0 spec=0.00 pop=3824
  mpx-135 traj: trials=46560000 wall=110037s knowledge=0.0000 reliable=0 spec=0.00 pop=4104
  mpx-135 traj: trials=46620000 wall=110147s knowledge=0.0000 reliable=0 spec=0.00 pop=3833
  mpx-135 traj: trials=46680000 wall=110269s knowledge=0.0000 reliable=0 spec=0.00 pop=4356
  mpx-135 traj: trials=46740000 wall=110380s knowledge=0.0000 reliable=0 spec=0.00 pop=4106
  mpx-135 traj: trials=46800000 wall=110492s knowledge=0.0000 reliable=0 spec=0.00 pop=4206
  mpx-135 traj: trials=46860000 wall=110622s knowledge=0.0000 reliable=0 spec=0.00 pop=4087
  mpx-135 traj: trials=46920000 wall=110735s knowledge=0.0000 reliable=0 spec=0.00 pop=3812
  mpx-135 traj: trials=46980000 wall=110860s knowledge=0.0000 reliable=0 spec=0.00 pop=3780
  mpx-135 traj: trials=47040000 wall=111005s knowledge=0.0000 reliable=0 spec=0.00 pop=3867
  mpx-135 traj: trials=47100000 wall=111108s knowledge=0.0000 reliable=0 spec=0.00 pop=3969
  mpx-135 traj: trials=47160000 wall=111268s knowledge=0.0000 reliable=0 spec=0.00 pop=3993
  mpx-135 traj: trials=47220000 wall=111393s knowledge=0.0000 reliable=0 spec=0.00 pop=4049
  mpx-135 traj: trials=47280000 wall=111497s knowledge=0.0000 reliable=0 spec=0.00 pop=3735
  mpx-135 traj: trials=47340000 wall=111616s knowledge=0.0000 reliable=0 spec=0.00 pop=4116
  mpx-135 traj: trials=47400000 wall=111728s knowledge=0.0000 reliable=0 spec=0.00 pop=3893
  mpx-135 traj: trials=47460000 wall=111847s knowledge=0.0000 reliable=0 spec=0.00 pop=3931
  mpx-135 traj: trials=47520000 wall=112015s knowledge=0.0000 reliable=0 spec=0.00 pop=4140
  mpx-135 traj: trials=47580000 wall=112123s knowledge=0.0000 reliable=0 spec=0.00 pop=3888
  mpx-135 traj: trials=47640000 wall=112295s knowledge=0.0000 reliable=0 spec=0.00 pop=4234
  mpx-135 traj: trials=47700000 wall=112406s knowledge=0.0000 reliable=0 spec=0.00 pop=4206
  mpx-135 traj: trials=47760000 wall=112561s knowledge=0.0000 reliable=0 spec=0.00 pop=4171
  mpx-135 traj: trials=47820000 wall=112675s knowledge=0.0000 reliable=0 spec=0.00 pop=4034
  mpx-135 traj: trials=47880000 wall=112832s knowledge=0.0000 reliable=0 spec=0.00 pop=3963
  mpx-135 traj: trials=47940000 wall=113094s knowledge=0.0000 reliable=0 spec=0.00 pop=3813
  mpx-135 traj: trials=48000000 wall=113202s knowledge=0.0000 reliable=0 spec=0.00 pop=4363
  mpx-135 traj: trials=48060000 wall=113346s knowledge=0.0000 reliable=0 spec=0.00 pop=4109
  mpx-135 traj: trials=48120000 wall=113480s knowledge=0.0000 reliable=0 spec=0.00 pop=3980
  mpx-135 traj: trials=48180000 wall=113662s knowledge=0.0000 reliable=0 spec=0.00 pop=3764
  mpx-135 traj: trials=48240000 wall=113840s knowledge=0.0000 reliable=0 spec=0.00 pop=4834
  mpx-135 traj: trials=48300000 wall=113957s knowledge=0.0000 reliable=0 spec=0.00 pop=4000
  mpx-135 traj: trials=48360000 wall=114071s knowledge=0.0000 reliable=0 spec=0.00 pop=3878
  mpx-135 traj: trials=48420000 wall=114169s knowledge=0.0000 reliable=0 spec=0.00 pop=3824
  mpx-135 traj: trials=48480000 wall=114290s knowledge=0.0000 reliable=0 spec=0.00 pop=3869
  mpx-135 traj: trials=48540000 wall=114394s knowledge=0.0000 reliable=0 spec=0.00 pop=3977
  mpx-135 traj: trials=48600000 wall=114501s knowledge=0.0000 reliable=0 spec=0.00 pop=3651
  mpx-135 traj: trials=48660000 wall=114621s knowledge=0.0000 reliable=0 spec=0.00 pop=3844
  mpx-135 traj: trials=48720000 wall=114774s knowledge=0.0000 reliable=0 spec=0.00 pop=4034
  mpx-135 traj: trials=48780000 wall=114910s knowledge=0.0000 reliable=0 spec=0.00 pop=3879
  mpx-135 traj: trials=48840000 wall=115098s knowledge=0.0000 reliable=0 spec=0.00 pop=5489
  mpx-135 traj: trials=48900000 wall=115224s knowledge=0.0000 reliable=0 spec=0.00 pop=4015
  mpx-135 traj: trials=48960000 wall=115332s knowledge=0.0000 reliable=0 spec=0.00 pop=3747
  mpx-135 traj: trials=49020000 wall=115479s knowledge=0.0000 reliable=0 spec=0.00 pop=3616
  mpx-135 traj: trials=49080000 wall=115618s knowledge=0.0000 reliable=0 spec=0.00 pop=5849
  mpx-135 traj: trials=49140000 wall=115738s knowledge=0.0000 reliable=0 spec=0.00 pop=3919
  mpx-135 traj: trials=49200000 wall=115850s knowledge=0.0000 reliable=0 spec=0.00 pop=3863
  mpx-135 traj: trials=49260000 wall=115964s knowledge=0.0000 reliable=0 spec=0.00 pop=3983
  mpx-135 traj: trials=49320000 wall=116083s knowledge=0.0000 reliable=0 spec=0.00 pop=3882
  mpx-135 traj: trials=49380000 wall=116249s knowledge=0.0000 reliable=0 spec=0.00 pop=3927
  mpx-135 traj: trials=49440000 wall=116355s knowledge=0.0000 reliable=0 spec=0.00 pop=4048
  mpx-135 traj: trials=49500000 wall=116458s knowledge=0.0000 reliable=0 spec=0.00 pop=4403
  mpx-135 traj: trials=49560000 wall=116560s knowledge=0.0000 reliable=0 spec=0.00 pop=3685
  mpx-135 traj: trials=49620000 wall=116679s knowledge=0.0000 reliable=0 spec=0.00 pop=4095
  mpx-135 traj: trials=49680000 wall=116813s knowledge=0.0000 reliable=0 spec=0.00 pop=4551
  mpx-135 traj: trials=49740000 wall=116919s knowledge=0.0000 reliable=0 spec=0.00 pop=3908
  mpx-135 traj: trials=49800000 wall=117025s knowledge=0.0000 reliable=0 spec=0.00 pop=4084
  mpx-135 traj: trials=49860000 wall=117136s knowledge=0.0000 reliable=0 spec=0.00 pop=7496
  mpx-135 traj: trials=49920000 wall=117254s knowledge=0.0000 reliable=0 spec=0.00 pop=3926
  mpx-135 traj: trials=49980000 wall=117366s knowledge=0.0000 reliable=0 spec=0.00 pop=3885
  mpx-135 traj: trials=50040000 wall=117471s knowledge=0.0000 reliable=0 spec=0.00 pop=3858
  mpx-135 traj: trials=50100000 wall=117622s knowledge=0.0000 reliable=0 spec=0.00 pop=4004
  mpx-135 traj: trials=50160000 wall=117748s knowledge=0.0000 reliable=0 spec=0.00 pop=3835
  mpx-135 traj: trials=50220000 wall=117850s knowledge=0.0000 reliable=0 spec=0.00 pop=3778
  mpx-135 traj: trials=50280000 wall=117978s knowledge=0.0000 reliable=0 spec=0.00 pop=4338
  mpx-135 traj: trials=50340000 wall=118099s knowledge=0.0000 reliable=0 spec=0.00 pop=3695
  mpx-135 traj: trials=50400000 wall=118316s knowledge=0.0000 reliable=0 spec=0.00 pop=3804
  mpx-135 traj: trials=50460000 wall=118751s knowledge=0.0000 reliable=0 spec=0.00 pop=4028
  mpx-135 traj: trials=50520000 wall=118852s knowledge=0.0000 reliable=0 spec=0.00 pop=3746
  mpx-135 traj: trials=50580000 wall=119041s knowledge=0.0000 reliable=0 spec=0.00 pop=3844
  mpx-135 traj: trials=50640000 wall=119144s knowledge=0.0000 reliable=0 spec=0.00 pop=4249
  mpx-135 traj: trials=50700000 wall=119321s knowledge=0.0000 reliable=0 spec=0.00 pop=3813
  mpx-135 traj: trials=50760000 wall=119423s knowledge=0.0000 reliable=0 spec=0.00 pop=4066
  mpx-135 traj: trials=50820000 wall=119541s knowledge=0.0000 reliable=0 spec=0.00 pop=4056
  mpx-135 traj: trials=50880000 wall=119654s knowledge=0.0000 reliable=0 spec=0.00 pop=3666
  mpx-135 traj: trials=50940000 wall=119776s knowledge=0.0000 reliable=0 spec=0.00 pop=4010
  mpx-135 traj: trials=51000000 wall=119914s knowledge=0.0000 reliable=0 spec=0.00 pop=4340
  mpx-135 traj: trials=51060000 wall=120039s knowledge=0.0000 reliable=0 spec=0.00 pop=4001
  mpx-135 traj: trials=51120000 wall=120140s knowledge=0.0000 reliable=0 spec=0.00 pop=3597
  mpx-135 traj: trials=51180000 wall=120239s knowledge=0.0000 reliable=0 spec=0.00 pop=3872
  mpx-135 traj: trials=51240000 wall=120407s knowledge=0.0000 reliable=0 spec=0.00 pop=4156
  mpx-135 traj: trials=51300000 wall=120523s knowledge=0.0000 reliable=0 spec=0.00 pop=4524
  mpx-135 traj: trials=51360000 wall=120705s knowledge=0.0000 reliable=0 spec=0.00 pop=3967
  mpx-135 traj: trials=51420000 wall=120834s knowledge=0.0000 reliable=0 spec=0.00 pop=3793
  mpx-135 traj: trials=51480000 wall=120946s knowledge=0.0000 reliable=0 spec=0.00 pop=3802
  mpx-135 traj: trials=51540000 wall=121077s knowledge=0.0000 reliable=0 spec=0.00 pop=4055
  mpx-135 traj: trials=51600000 wall=121237s knowledge=0.0000 reliable=0 spec=0.00 pop=4379
  mpx-135 traj: trials=51660000 wall=121345s knowledge=0.0000 reliable=0 spec=0.00 pop=3870
  mpx-135 traj: trials=51720000 wall=121451s knowledge=0.0000 reliable=0 spec=0.00 pop=3727
  mpx-135 traj: trials=51780000 wall=121588s knowledge=0.0000 reliable=0 spec=0.00 pop=4409
  mpx-135 traj: trials=51840000 wall=121720s knowledge=0.0000 reliable=0 spec=0.00 pop=4006
  mpx-135 traj: trials=51900000 wall=121834s knowledge=0.0000 reliable=0 spec=0.00 pop=3763
  mpx-135 traj: trials=51960000 wall=121942s knowledge=0.0000 reliable=0 spec=0.00 pop=3886
  mpx-135 traj: trials=52020000 wall=122056s knowledge=0.0000 reliable=0 spec=0.00 pop=3594
  mpx-135 traj: trials=52080000 wall=122229s knowledge=0.0000 reliable=0 spec=0.00 pop=4521
  mpx-135 traj: trials=52140000 wall=122423s knowledge=0.0000 reliable=0 spec=0.00 pop=3580
  mpx-135 traj: trials=52200000 wall=122546s knowledge=0.0000 reliable=0 spec=0.00 pop=4040
  mpx-135 traj: trials=52260000 wall=122707s knowledge=0.0000 reliable=0 spec=0.00 pop=4350
  mpx-135 traj: trials=52320000 wall=122817s knowledge=0.0000 reliable=0 spec=0.00 pop=4058
  mpx-135 traj: trials=52380000 wall=122966s knowledge=0.0000 reliable=0 spec=0.00 pop=3995
  mpx-135 traj: trials=52440000 wall=123091s knowledge=0.0000 reliable=0 spec=0.00 pop=5251
  mpx-135 traj: trials=52500000 wall=123192s knowledge=0.0000 reliable=0 spec=0.00 pop=4625
  mpx-135 traj: trials=52560000 wall=123338s knowledge=0.0000 reliable=0 spec=0.00 pop=3680
  mpx-135 traj: trials=52620000 wall=123599s knowledge=0.0000 reliable=0 spec=0.00 pop=3877
  mpx-135 traj: trials=52680000 wall=123704s knowledge=0.0000 reliable=0 spec=0.00 pop=3681
  mpx-135 traj: trials=52740000 wall=123817s knowledge=0.0000 reliable=0 spec=0.00 pop=4195
  mpx-135 traj: trials=52800000 wall=123963s knowledge=0.0000 reliable=0 spec=0.00 pop=3734
  mpx-135 traj: trials=52860000 wall=124085s knowledge=0.0000 reliable=0 spec=0.00 pop=3556
  mpx-135 traj: trials=52920000 wall=124191s knowledge=0.0000 reliable=0 spec=0.00 pop=5408
  mpx-135 traj: trials=52980000 wall=124330s knowledge=0.0000 reliable=0 spec=0.00 pop=3897
  mpx-135 traj: trials=53040000 wall=124482s knowledge=0.0000 reliable=0 spec=0.00 pop=3599
  mpx-135 traj: trials=53100000 wall=124592s knowledge=0.0000 reliable=0 spec=0.00 pop=4742
  mpx-135 traj: trials=53160000 wall=124693s knowledge=0.0000 reliable=0 spec=0.00 pop=4181
  mpx-135 traj: trials=53220000 wall=124842s knowledge=0.0000 reliable=0 spec=0.00 pop=3786
  mpx-135 traj: trials=53280000 wall=124942s knowledge=0.0000 reliable=0 spec=0.00 pop=3819
  mpx-135 traj: trials=53340000 wall=125054s knowledge=0.0000 reliable=0 spec=0.00 pop=3793
  mpx-135 traj: trials=53400000 wall=125185s knowledge=0.0000 reliable=0 spec=0.00 pop=3932
  mpx-135 traj: trials=53460000 wall=125330s knowledge=0.0000 reliable=0 spec=0.00 pop=3758
  mpx-135 traj: trials=53520000 wall=125449s knowledge=0.0000 reliable=0 spec=0.00 pop=3741
  mpx-135 traj: trials=53580000 wall=125547s knowledge=0.0000 reliable=0 spec=0.00 pop=3859
  mpx-135 traj: trials=53640000 wall=125660s knowledge=0.0000 reliable=0 spec=0.00 pop=4092
  mpx-135 traj: trials=53700000 wall=125830s knowledge=0.0000 reliable=0 spec=0.00 pop=4178
  mpx-135 traj: trials=53760000 wall=125940s knowledge=0.0000 reliable=0 spec=0.00 pop=3812
  mpx-135 traj: trials=53820000 wall=126106s knowledge=0.0000 reliable=0 spec=0.00 pop=3847
  mpx-135 traj: trials=53880000 wall=126222s knowledge=0.0000 reliable=0 spec=0.00 pop=3724
  mpx-135 traj: trials=53940000 wall=126367s knowledge=0.0000 reliable=0 spec=0.00 pop=3901
  mpx-135 traj: trials=54000000 wall=126511s knowledge=0.0000 reliable=0 spec=0.00 pop=3788
  mpx-135 traj: trials=54060000 wall=126639s knowledge=0.0000 reliable=0 spec=0.00 pop=4085
  mpx-135 traj: trials=54120000 wall=126766s knowledge=0.0000 reliable=0 spec=0.00 pop=3866
  mpx-135 traj: trials=54180000 wall=126898s knowledge=0.0000 reliable=0 spec=0.00 pop=4023
  mpx-135 traj: trials=54240000 wall=127003s knowledge=0.0000 reliable=0 spec=0.00 pop=4006
  mpx-135 traj: trials=54300000 wall=127132s knowledge=0.0000 reliable=0 spec=0.00 pop=3834
  mpx-135 traj: trials=54360000 wall=127242s knowledge=0.0000 reliable=0 spec=0.00 pop=3736
  mpx-135 traj: trials=54420000 wall=127357s knowledge=0.0000 reliable=0 spec=0.00 pop=4109
  mpx-135 traj: trials=54480000 wall=127536s knowledge=0.0000 reliable=0 spec=0.00 pop=4159
  mpx-135 traj: trials=54540000 wall=127720s knowledge=0.0000 reliable=0 spec=0.00 pop=3945
  mpx-135 traj: trials=54600000 wall=127846s knowledge=0.0000 reliable=0 spec=0.00 pop=3653
  mpx-135 traj: trials=54660000 wall=127987s knowledge=0.0000 reliable=0 spec=0.00 pop=4152
  mpx-135 traj: trials=54720000 wall=128105s knowledge=0.0000 reliable=0 spec=0.00 pop=4091
  mpx-135 traj: trials=54780000 wall=128345s knowledge=0.0000 reliable=0 spec=0.00 pop=4004
  mpx-135 traj: trials=54840000 wall=128518s knowledge=0.0000 reliable=0 spec=0.00 pop=3745
  mpx-135 traj: trials=54900000 wall=128651s knowledge=0.0000 reliable=0 spec=0.00 pop=7030
  mpx-135 traj: trials=54960000 wall=128780s knowledge=0.0000 reliable=0 spec=0.00 pop=4449
  mpx-135 traj: trials=55020000 wall=128971s knowledge=0.0000 reliable=0 spec=0.00 pop=3634
  mpx-135 traj: trials=55080000 wall=129130s knowledge=0.0000 reliable=0 spec=0.00 pop=4034
  mpx-135 traj: trials=55140000 wall=129380s knowledge=0.0000 reliable=0 spec=0.00 pop=3855
  mpx-135 traj: trials=55200000 wall=129525s knowledge=0.0000 reliable=0 spec=0.00 pop=4113
  mpx-135 traj: trials=55260000 wall=129701s knowledge=0.0000 reliable=0 spec=0.00 pop=3847
  mpx-135 traj: trials=55320000 wall=129813s knowledge=0.0000 reliable=0 spec=0.00 pop=4053
  mpx-135 traj: trials=55380000 wall=129923s knowledge=0.0000 reliable=0 spec=0.00 pop=4463
  mpx-135 traj: trials=55440000 wall=130081s knowledge=0.0000 reliable=0 spec=0.00 pop=3719
  mpx-135 traj: trials=55500000 wall=130245s knowledge=0.0000 reliable=0 spec=0.00 pop=3780
  mpx-135 traj: trials=55560000 wall=130374s knowledge=0.0000 reliable=0 spec=0.00 pop=3817
  mpx-135 traj: trials=55620000 wall=130495s knowledge=0.0000 reliable=0 spec=0.00 pop=3916
  mpx-135 traj: trials=55680000 wall=130601s knowledge=0.0000 reliable=0 spec=0.00 pop=3993
  mpx-135 traj: trials=55740000 wall=130932s knowledge=0.0000 reliable=0 spec=0.00 pop=4045
  mpx-135 traj: trials=55800000 wall=131044s knowledge=0.0000 reliable=0 spec=0.00 pop=3937
  mpx-135 traj: trials=55860000 wall=131168s knowledge=0.0000 reliable=0 spec=0.00 pop=4128
  mpx-135 traj: trials=55920000 wall=131307s knowledge=0.0000 reliable=0 spec=0.00 pop=3667
  mpx-135 traj: trials=55980000 wall=131518s knowledge=0.0000 reliable=0 spec=0.00 pop=3851
  mpx-135 traj: trials=56040000 wall=131635s knowledge=0.0000 reliable=0 spec=0.00 pop=4211
  mpx-135 traj: trials=56100000 wall=131780s knowledge=0.0000 reliable=0 spec=0.00 pop=4939
  mpx-135 traj: trials=56160000 wall=131960s knowledge=0.0000 reliable=0 spec=0.00 pop=4028
  mpx-135 traj: trials=56220000 wall=132084s knowledge=0.0000 reliable=0 spec=0.00 pop=4273
  mpx-135 traj: trials=56280000 wall=132215s knowledge=0.0000 reliable=0 spec=0.00 pop=3735
  mpx-135 traj: trials=56340000 wall=132318s knowledge=0.0000 reliable=0 spec=0.00 pop=3686
  mpx-135 traj: trials=56400000 wall=132438s knowledge=0.0000 reliable=0 spec=0.00 pop=4462
  mpx-135 traj: trials=56460000 wall=132634s knowledge=0.0000 reliable=0 spec=0.00 pop=4164
  mpx-135 traj: trials=56520000 wall=132751s knowledge=0.0000 reliable=0 spec=0.00 pop=4198
  mpx-135 traj: trials=56580000 wall=132880s knowledge=0.0000 reliable=0 spec=0.00 pop=3794
  mpx-135 traj: trials=56640000 wall=133031s knowledge=0.0000 reliable=0 spec=0.00 pop=3570
  mpx-135 traj: trials=56700000 wall=133239s knowledge=0.0000 reliable=0 spec=0.00 pop=3850
  mpx-135 traj: trials=56760000 wall=133381s knowledge=0.0000 reliable=0 spec=0.00 pop=4013
  mpx-135 traj: trials=56820000 wall=133488s knowledge=0.0000 reliable=0 spec=0.00 pop=4175
  mpx-135 traj: trials=56880000 wall=133657s knowledge=0.0000 reliable=0 spec=0.00 pop=3846
  mpx-135 traj: trials=56940000 wall=133921s knowledge=0.0000 reliable=0 spec=0.00 pop=3878
  mpx-135 traj: trials=57000000 wall=134073s knowledge=0.0000 reliable=0 spec=0.00 pop=4037
  mpx-135 traj: trials=57060000 wall=134194s knowledge=0.0000 reliable=0 spec=0.00 pop=3657
  mpx-135 traj: trials=57120000 wall=134356s knowledge=0.0000 reliable=0 spec=0.00 pop=3707
  mpx-135 traj: trials=57180000 wall=134487s knowledge=0.0000 reliable=0 spec=0.00 pop=3750
  mpx-135 traj: trials=57240000 wall=134604s knowledge=0.0000 reliable=0 spec=0.00 pop=6024
  mpx-135 traj: trials=57300000 wall=134720s knowledge=0.0000 reliable=0 spec=0.00 pop=3975
  mpx-135 traj: trials=57360000 wall=134840s knowledge=0.0000 reliable=0 spec=0.00 pop=4078
  mpx-135 traj: trials=57420000 wall=134947s knowledge=0.0000 reliable=0 spec=0.00 pop=4460
  mpx-135 traj: trials=57480000 wall=135062s knowledge=0.0000 reliable=0 spec=0.00 pop=3984
  mpx-135 traj: trials=57540000 wall=135215s knowledge=0.0000 reliable=0 spec=0.00 pop=3675
  mpx-135 traj: trials=57600000 wall=135448s knowledge=0.0000 reliable=0 spec=0.00 pop=3772
  mpx-135 traj: trials=57660000 wall=135560s knowledge=0.0000 reliable=0 spec=0.00 pop=3993
  mpx-135 traj: trials=57720000 wall=135715s knowledge=0.0000 reliable=0 spec=0.00 pop=3866
  mpx-135 traj: trials=57780000 wall=135853s knowledge=0.0000 reliable=0 spec=0.00 pop=4042
  mpx-135 traj: trials=57840000 wall=136023s knowledge=0.0000 reliable=0 spec=0.00 pop=4655
  mpx-135 traj: trials=57900000 wall=136322s knowledge=0.0000 reliable=0 spec=0.00 pop=4399
  mpx-135 traj: trials=57960000 wall=136456s knowledge=0.0000 reliable=0 spec=0.00 pop=3936
  mpx-135 traj: trials=58020000 wall=136586s knowledge=0.0000 reliable=0 spec=0.00 pop=4137
  mpx-135 traj: trials=58080000 wall=136693s knowledge=0.0000 reliable=0 spec=0.00 pop=3941
  mpx-135 traj: trials=58140000 wall=136846s knowledge=0.0000 reliable=0 spec=0.00 pop=4766
  mpx-135 traj: trials=58200000 wall=136989s knowledge=0.0000 reliable=0 spec=0.00 pop=4593
  mpx-135 traj: trials=58260000 wall=137089s knowledge=0.0000 reliable=0 spec=0.00 pop=3902
  mpx-135 traj: trials=58320000 wall=137199s knowledge=0.0000 reliable=0 spec=0.00 pop=4039
  mpx-135 traj: trials=58380000 wall=137311s knowledge=0.0000 reliable=0 spec=0.00 pop=3913
  mpx-135 traj: trials=58440000 wall=137700s knowledge=0.0000 reliable=0 spec=0.00 pop=4085
  mpx-135 traj: trials=58500000 wall=137860s knowledge=0.0000 reliable=0 spec=0.00 pop=3584
  mpx-135 traj: trials=58560000 wall=138024s knowledge=0.0000 reliable=0 spec=0.00 pop=3803
  mpx-135 traj: trials=58620000 wall=138129s knowledge=0.0000 reliable=0 spec=0.00 pop=3786
  mpx-135 traj: trials=58680000 wall=138276s knowledge=0.0000 reliable=0 spec=0.00 pop=4235
  mpx-135 traj: trials=58740000 wall=138377s knowledge=0.0000 reliable=0 spec=0.00 pop=3830
  mpx-135 traj: trials=58800000 wall=138480s knowledge=0.0000 reliable=0 spec=0.00 pop=3664
  mpx-135 traj: trials=58860000 wall=138593s knowledge=0.0000 reliable=0 spec=0.00 pop=3493
  mpx-135 traj: trials=58920000 wall=138769s knowledge=0.0000 reliable=0 spec=0.00 pop=3930
  mpx-135 traj: trials=58980000 wall=138898s knowledge=0.0000 reliable=0 spec=0.00 pop=4526
  mpx-135 traj: trials=59040000 wall=139001s knowledge=0.0000 reliable=0 spec=0.00 pop=4049
  mpx-135 traj: trials=59100000 wall=139097s knowledge=0.0000 reliable=0 spec=0.00 pop=3751
  mpx-135 traj: trials=59160000 wall=139214s knowledge=0.0000 reliable=0 spec=0.00 pop=4295
  mpx-135 traj: trials=59220000 wall=139315s knowledge=0.0000 reliable=0 spec=0.00 pop=4128
  mpx-135 traj: trials=59280000 wall=139427s knowledge=0.0000 reliable=0 spec=0.00 pop=3857
  mpx-135 traj: trials=59340000 wall=139554s knowledge=0.0000 reliable=0 spec=0.00 pop=3966
  mpx-135 traj: trials=59400000 wall=139687s knowledge=0.0000 reliable=0 spec=0.00 pop=3761
  mpx-135 traj: trials=59460000 wall=139811s knowledge=0.0000 reliable=0 spec=0.00 pop=3816
  mpx-135 traj: trials=59520000 wall=140142s knowledge=0.0000 reliable=0 spec=0.00 pop=6142
  mpx-135 traj: trials=59580000 wall=140297s knowledge=0.0000 reliable=0 spec=0.00 pop=3820
  mpx-135 traj: trials=59640000 wall=140476s knowledge=0.0000 reliable=0 spec=0.00 pop=4082
  mpx-135 traj: trials=59700000 wall=140582s knowledge=0.0000 reliable=0 spec=0.00 pop=4249
  mpx-135 traj: trials=59760000 wall=140707s knowledge=0.0000 reliable=0 spec=0.00 pop=4509
  mpx-135 traj: trials=59820000 wall=140849s knowledge=0.0000 reliable=0 spec=0.00 pop=3938
  mpx-135 traj: trials=59880000 wall=140971s knowledge=0.0000 reliable=0 spec=0.00 pop=3680
  mpx-135 traj: trials=59940000 wall=141099s knowledge=0.0000 reliable=0 spec=0.00 pop=3918
  mpx-135 traj: trials=60000000 wall=141224s knowledge=0.0000 reliable=0 spec=0.00 pop=3893
  mpx-135 traj: trials=60060000 wall=141329s knowledge=0.0000 reliable=0 spec=0.00 pop=3842
  mpx-135 traj: trials=60120000 wall=141452s knowledge=0.0000 reliable=0 spec=0.00 pop=3953
  mpx-135 traj: trials=60180000 wall=141579s knowledge=0.0000 reliable=0 spec=0.00 pop=4041
  mpx-135 traj: trials=60240000 wall=141678s knowledge=0.0000 reliable=0 spec=0.00 pop=3734
  mpx-135 traj: trials=60300000 wall=142048s knowledge=0.0000 reliable=0 spec=0.00 pop=6598
  mpx-135 traj: trials=60360000 wall=142170s knowledge=0.0000 reliable=0 spec=0.00 pop=3843
  mpx-135 traj: trials=60420000 wall=142282s knowledge=0.0000 reliable=0 spec=0.00 pop=4048
  mpx-135 traj: trials=60480000 wall=142403s knowledge=0.0000 reliable=0 spec=0.00 pop=4102
  mpx-135 traj: trials=60540000 wall=142545s knowledge=0.0000 reliable=0 spec=0.00 pop=3938
  mpx-135 traj: trials=60600000 wall=142667s knowledge=0.0000 reliable=0 spec=0.00 pop=3984
  mpx-135 traj: trials=60660000 wall=142815s knowledge=0.0000 reliable=0 spec=0.00 pop=3860
  mpx-135 traj: trials=60720000 wall=142926s knowledge=0.0000 reliable=0 spec=0.00 pop=3896
  mpx-135 traj: trials=60780000 wall=143049s knowledge=0.0000 reliable=0 spec=0.00 pop=3893
  mpx-135 traj: trials=60840000 wall=143156s knowledge=0.0000 reliable=0 spec=0.00 pop=4560
  mpx-135 traj: trials=60900000 wall=143287s knowledge=0.0000 reliable=0 spec=0.00 pop=4091
  mpx-135 traj: trials=60960000 wall=143403s knowledge=0.0000 reliable=0 spec=0.00 pop=4064
  mpx-135 traj: trials=61020000 wall=143531s knowledge=0.0000 reliable=0 spec=0.00 pop=3975
  mpx-135 traj: trials=61080000 wall=143665s knowledge=0.0000 reliable=0 spec=0.00 pop=4119
  mpx-135 traj: trials=61140000 wall=143814s knowledge=0.0000 reliable=0 spec=0.00 pop=4036
  mpx-135 traj: trials=61200000 wall=143944s knowledge=0.0000 reliable=0 spec=0.00 pop=3955
  mpx-135 traj: trials=61260000 wall=144081s knowledge=0.0000 reliable=0 spec=0.00 pop=4692
  mpx-135 traj: trials=61320000 wall=144232s knowledge=0.0000 reliable=0 spec=0.00 pop=4134
  mpx-135 traj: trials=61380000 wall=144377s knowledge=0.0000 reliable=0 spec=0.00 pop=4357
  mpx-135 traj: trials=61440000 wall=144523s knowledge=0.0000 reliable=0 spec=0.00 pop=5851
  mpx-135 traj: trials=61500000 wall=144654s knowledge=0.0000 reliable=0 spec=0.00 pop=4060
  mpx-135 traj: trials=61560000 wall=144769s knowledge=0.0000 reliable=0 spec=0.00 pop=4014
  mpx-135 traj: trials=61620000 wall=144878s knowledge=0.0000 reliable=0 spec=0.00 pop=4252
  mpx-135 traj: trials=61680000 wall=145003s knowledge=0.0000 reliable=0 spec=0.00 pop=4076
  mpx-135 traj: trials=61740000 wall=145136s knowledge=0.0000 reliable=0 spec=0.00 pop=3838
  mpx-135 traj: trials=61800000 wall=145283s knowledge=0.0000 reliable=0 spec=0.00 pop=3948
  mpx-135 traj: trials=61860000 wall=145421s knowledge=0.0000 reliable=0 spec=0.00 pop=4052
  mpx-135 traj: trials=61920000 wall=145588s knowledge=0.0000 reliable=0 spec=0.00 pop=3893
  mpx-135 traj: trials=61980000 wall=145726s knowledge=0.0000 reliable=0 spec=0.00 pop=3903
  mpx-135 traj: trials=62040000 wall=145920s knowledge=0.0000 reliable=0 spec=0.00 pop=4449
  mpx-135 traj: trials=62100000 wall=146285s knowledge=0.0000 reliable=0 spec=0.00 pop=3912
  mpx-135 traj: trials=62160000 wall=146398s knowledge=0.0000 reliable=0 spec=0.00 pop=3886
  mpx-135 traj: trials=62220000 wall=146529s knowledge=0.0000 reliable=0 spec=0.00 pop=3927
  mpx-135 traj: trials=62280000 wall=146656s knowledge=0.0000 reliable=0 spec=0.00 pop=3679
  mpx-135 traj: trials=62340000 wall=146794s knowledge=0.0000 reliable=0 spec=0.00 pop=3978
  mpx-135 traj: trials=62400000 wall=146930s knowledge=0.0000 reliable=0 spec=0.00 pop=4257
  mpx-135 traj: trials=62460000 wall=147041s knowledge=0.0000 reliable=0 spec=0.00 pop=4304
  mpx-135 traj: trials=62520000 wall=147158s knowledge=0.0000 reliable=0 spec=0.00 pop=3989
  mpx-135 traj: trials=62580000 wall=147306s knowledge=0.0000 reliable=0 spec=0.00 pop=4215
  mpx-135 traj: trials=62640000 wall=147604s knowledge=0.0000 reliable=0 spec=0.00 pop=3881
  mpx-135 traj: trials=62700000 wall=147718s knowledge=0.0000 reliable=0 spec=0.00 pop=3917
  mpx-135 traj: trials=62760000 wall=147830s knowledge=0.0000 reliable=0 spec=0.00 pop=4002
  mpx-135 traj: trials=62820000 wall=147943s knowledge=0.0000 reliable=0 spec=0.00 pop=3836
  mpx-135 traj: trials=62880000 wall=148128s knowledge=0.0000 reliable=0 spec=0.00 pop=3909
  mpx-135 traj: trials=62940000 wall=148266s knowledge=0.0000 reliable=0 spec=0.00 pop=4094
  mpx-135 traj: trials=63000000 wall=148376s knowledge=0.0000 reliable=0 spec=0.00 pop=4543
  mpx-135 traj: trials=63060000 wall=148495s knowledge=0.0000 reliable=0 spec=0.00 pop=3789
  mpx-135 traj: trials=63120000 wall=148680s knowledge=0.0000 reliable=0 spec=0.00 pop=4148
  mpx-135 traj: trials=63180000 wall=148798s knowledge=0.0000 reliable=0 spec=0.00 pop=4113
  mpx-135 traj: trials=63240000 wall=148962s knowledge=0.0000 reliable=0 spec=0.00 pop=3853
  mpx-135 traj: trials=63300000 wall=149081s knowledge=0.0000 reliable=0 spec=0.00 pop=4071
  mpx-135 traj: trials=63360000 wall=149251s knowledge=0.0000 reliable=0 spec=0.00 pop=4045
  mpx-135 traj: trials=63420000 wall=149386s knowledge=0.0000 reliable=0 spec=0.00 pop=3877
  mpx-135 traj: trials=63480000 wall=149541s knowledge=0.0000 reliable=0 spec=0.00 pop=4037
  mpx-135 traj: trials=63540000 wall=149658s knowledge=0.0000 reliable=0 spec=0.00 pop=3603
  mpx-135 traj: trials=63600000 wall=149887s knowledge=0.0000 reliable=0 spec=0.00 pop=3968
  mpx-135 traj: trials=63660000 wall=150019s knowledge=0.0000 reliable=0 spec=0.00 pop=4011
  mpx-135 traj: trials=63720000 wall=150155s knowledge=0.0000 reliable=0 spec=0.00 pop=4416
  mpx-135 traj: trials=63780000 wall=150281s knowledge=0.0000 reliable=0 spec=0.00 pop=4028
  mpx-135 traj: trials=63840000 wall=150410s knowledge=0.0000 reliable=0 spec=0.00 pop=3753
  mpx-135 traj: trials=63900000 wall=150588s knowledge=0.0000 reliable=0 spec=0.00 pop=3846
  mpx-135 traj: trials=63960000 wall=150730s knowledge=0.0000 reliable=0 spec=0.00 pop=4304
  mpx-135 traj: trials=64020000 wall=150855s knowledge=0.0000 reliable=0 spec=0.00 pop=3777
  mpx-135 traj: trials=64080000 wall=150974s knowledge=0.0000 reliable=0 spec=0.00 pop=4305
  mpx-135 traj: trials=64140000 wall=151090s knowledge=0.0000 reliable=0 spec=0.00 pop=3669
  mpx-135 traj: trials=64200000 wall=151207s knowledge=0.0000 reliable=0 spec=0.00 pop=3779
  mpx-135 traj: trials=64260000 wall=151371s knowledge=0.0000 reliable=0 spec=0.00 pop=4596
  mpx-135 traj: trials=64320000 wall=151504s knowledge=0.0000 reliable=0 spec=0.00 pop=3988
  mpx-135 traj: trials=64380000 wall=151628s knowledge=0.0000 reliable=0 spec=0.00 pop=4078
  mpx-135 traj: trials=64440000 wall=151839s knowledge=0.0000 reliable=0 spec=0.00 pop=4278
  mpx-135 traj: trials=64500000 wall=152014s knowledge=0.0000 reliable=0 spec=0.00 pop=4115
  mpx-135 traj: trials=64560000 wall=152150s knowledge=0.0000 reliable=0 spec=0.00 pop=4121
  mpx-135 traj: trials=64620000 wall=152330s knowledge=0.0000 reliable=0 spec=0.00 pop=4796
  mpx-135 traj: trials=64680000 wall=152446s knowledge=0.0000 reliable=0 spec=0.00 pop=3677
  mpx-135 traj: trials=64740000 wall=152564s knowledge=0.0000 reliable=0 spec=0.00 pop=3775
  mpx-135 traj: trials=64800000 wall=152684s knowledge=0.0000 reliable=0 spec=0.00 pop=4209
  mpx-135 traj: trials=64860000 wall=152815s knowledge=0.0000 reliable=0 spec=0.00 pop=4263
  mpx-135 traj: trials=64920000 wall=152933s knowledge=0.0000 reliable=0 spec=0.00 pop=3864
  mpx-135 traj: trials=64980000 wall=153059s knowledge=0.0000 reliable=0 spec=0.00 pop=3939
  mpx-135 traj: trials=65040000 wall=153186s knowledge=0.0000 reliable=0 spec=0.00 pop=4311
  mpx-135 traj: trials=65100000 wall=153308s knowledge=0.0000 reliable=0 spec=0.00 pop=4199
  mpx-135 traj: trials=65160000 wall=153422s knowledge=0.0000 reliable=0 spec=0.00 pop=3844
  mpx-135 traj: trials=65220000 wall=153702s knowledge=0.0000 reliable=0 spec=0.00 pop=4543
  mpx-135 traj: trials=65280000 wall=153926s knowledge=0.0000 reliable=0 spec=0.00 pop=4274
  mpx-135 traj: trials=65340000 wall=154050s knowledge=0.0000 reliable=0 spec=0.00 pop=4073
  mpx-135 traj: trials=65400000 wall=154182s knowledge=0.0000 reliable=0 spec=0.00 pop=3874
  mpx-135 traj: trials=65460000 wall=154490s knowledge=0.0000 reliable=0 spec=0.00 pop=4451
  mpx-135 traj: trials=65520000 wall=154617s knowledge=0.0000 reliable=0 spec=0.00 pop=3980
  mpx-135 traj: trials=65580000 wall=154726s knowledge=0.0000 reliable=0 spec=0.00 pop=3867
  mpx-135 traj: trials=65640000 wall=154828s knowledge=0.0000 reliable=0 spec=0.00 pop=4003
  mpx-135 traj: trials=65700000 wall=154935s knowledge=0.0000 reliable=0 spec=0.00 pop=4159
  mpx-135 traj: trials=65760000 wall=155178s knowledge=0.0000 reliable=0 spec=0.00 pop=4315
  mpx-135 traj: trials=65820000 wall=155289s knowledge=0.0000 reliable=0 spec=0.00 pop=3643
  mpx-135 traj: trials=65880000 wall=155465s knowledge=0.0000 reliable=0 spec=0.00 pop=4083
  mpx-135 traj: trials=65940000 wall=155594s knowledge=0.0000 reliable=0 spec=0.00 pop=4126
  mpx-135 traj: trials=66000000 wall=155701s knowledge=0.0000 reliable=0 spec=0.00 pop=4098
  mpx-135 traj: trials=66060000 wall=155814s knowledge=0.0000 reliable=0 spec=0.00 pop=4202
  mpx-135 traj: trials=66120000 wall=155999s knowledge=0.0000 reliable=0 spec=0.00 pop=5100
  mpx-135 traj: trials=66180000 wall=156292s knowledge=0.0000 reliable=0 spec=0.00 pop=3785
  mpx-135 traj: trials=66240000 wall=156405s knowledge=0.0000 reliable=0 spec=0.00 pop=4134
  mpx-135 traj: trials=66300000 wall=156539s knowledge=0.0000 reliable=0 spec=0.00 pop=3895
  mpx-135 traj: trials=66360000 wall=156710s knowledge=0.0000 reliable=0 spec=0.00 pop=3921
  mpx-135 traj: trials=66420000 wall=156958s knowledge=0.0000 reliable=0 spec=0.00 pop=4302
  mpx-135 traj: trials=66480000 wall=157087s knowledge=0.0000 reliable=0 spec=0.00 pop=3882
  mpx-135 traj: trials=66540000 wall=157196s knowledge=0.0000 reliable=0 spec=0.00 pop=3937
  mpx-135 traj: trials=66600000 wall=157314s knowledge=0.0000 reliable=0 spec=0.00 pop=3848
  mpx-135 traj: trials=66660000 wall=157429s knowledge=0.0000 reliable=0 spec=0.00 pop=3791
  mpx-135 traj: trials=66720000 wall=157546s knowledge=0.0000 reliable=0 spec=0.00 pop=3882
  mpx-135 traj: trials=66780000 wall=157680s knowledge=0.0000 reliable=0 spec=0.00 pop=3791
  mpx-135 traj: trials=66840000 wall=157789s knowledge=0.0000 reliable=0 spec=0.00 pop=3900
  mpx-135 traj: trials=66900000 wall=157910s knowledge=0.0000 reliable=0 spec=0.00 pop=3959
  mpx-135 traj: trials=66960000 wall=158013s knowledge=0.0000 reliable=0 spec=0.00 pop=3745
  mpx-135 traj: trials=67020000 wall=158129s knowledge=0.0000 reliable=0 spec=0.00 pop=4304
  mpx-135 traj: trials=67080000 wall=158227s knowledge=0.0000 reliable=0 spec=0.00 pop=3844
  mpx-135 traj: trials=67140000 wall=158331s knowledge=0.0000 reliable=0 spec=0.00 pop=4137
  mpx-135 traj: trials=67200000 wall=158514s knowledge=0.0000 reliable=0 spec=0.00 pop=4342
  mpx-135 traj: trials=67260000 wall=158627s knowledge=0.0000 reliable=0 spec=0.00 pop=4106
  mpx-135 traj: trials=67320000 wall=158739s knowledge=0.0000 reliable=0 spec=0.00 pop=3791
  mpx-135 traj: trials=67380000 wall=158864s knowledge=0.0000 reliable=0 spec=0.00 pop=3854
  mpx-135 traj: trials=67440000 wall=158980s knowledge=0.0000 reliable=0 spec=0.00 pop=3727
  mpx-135 traj: trials=67500000 wall=159093s knowledge=0.0000 reliable=0 spec=0.00 pop=3627
  mpx-135 traj: trials=67560000 wall=159192s knowledge=0.0000 reliable=0 spec=0.00 pop=3820
  mpx-135 traj: trials=67620000 wall=159305s knowledge=0.0000 reliable=0 spec=0.00 pop=4057
  mpx-135 traj: trials=67680000 wall=159413s knowledge=0.0000 reliable=0 spec=0.00 pop=4012
  mpx-135 traj: trials=67740000 wall=159531s knowledge=0.0000 reliable=0 spec=0.00 pop=4255
  mpx-135 traj: trials=67800000 wall=159687s knowledge=0.0000 reliable=0 spec=0.00 pop=4259
  mpx-135 traj: trials=67860000 wall=159828s knowledge=0.0000 reliable=0 spec=0.00 pop=3816
  mpx-135 traj: trials=67920000 wall=159966s knowledge=0.0000 reliable=0 spec=0.00 pop=4064
  mpx-135 traj: trials=67980000 wall=160139s knowledge=0.0000 reliable=0 spec=0.00 pop=3963
  mpx-135 traj: trials=68040000 wall=160329s knowledge=0.0000 reliable=0 spec=0.00 pop=4869
  mpx-135 traj: trials=68100000 wall=160504s knowledge=0.0000 reliable=0 spec=0.00 pop=4238
  mpx-135 traj: trials=68160000 wall=160609s knowledge=0.0000 reliable=0 spec=0.00 pop=4025
  mpx-135 traj: trials=68220000 wall=160726s knowledge=0.0000 reliable=0 spec=0.00 pop=4121
  mpx-135 traj: trials=68280000 wall=160839s knowledge=0.0000 reliable=0 spec=0.00 pop=4017
  mpx-135 traj: trials=68340000 wall=160955s knowledge=0.0000 reliable=0 spec=0.00 pop=3814
  mpx-135 traj: trials=68400000 wall=161091s knowledge=0.0000 reliable=0 spec=0.00 pop=3814
  mpx-135 traj: trials=68460000 wall=161281s knowledge=0.0000 reliable=0 spec=0.00 pop=4417
  mpx-135 traj: trials=68520000 wall=161377s knowledge=0.0000 reliable=0 spec=0.00 pop=4208
  mpx-135 traj: trials=68580000 wall=161481s knowledge=0.0000 reliable=0 spec=0.00 pop=4139
  mpx-135 traj: trials=68640000 wall=161716s knowledge=0.0000 reliable=0 spec=0.00 pop=4039
  mpx-135 traj: trials=68700000 wall=161831s knowledge=0.0000 reliable=0 spec=0.00 pop=3748
  mpx-135 traj: trials=68760000 wall=162120s knowledge=0.0000 reliable=0 spec=0.00 pop=4183
  mpx-135 traj: trials=68820000 wall=162225s knowledge=0.0000 reliable=0 spec=0.00 pop=3814
  mpx-135 traj: trials=68880000 wall=162350s knowledge=0.0000 reliable=0 spec=0.00 pop=3711
  mpx-135 traj: trials=68940000 wall=162462s knowledge=0.0000 reliable=0 spec=0.00 pop=3993
  mpx-135 traj: trials=69000000 wall=162640s knowledge=0.0000 reliable=0 spec=0.00 pop=3988
  mpx-135 traj: trials=69060000 wall=162763s knowledge=0.0000 reliable=0 spec=0.00 pop=3934
  mpx-135 traj: trials=69120000 wall=162874s knowledge=0.0000 reliable=0 spec=0.00 pop=3791
  mpx-135 traj: trials=69180000 wall=163014s knowledge=0.0000 reliable=0 spec=0.00 pop=3908
  mpx-135 traj: trials=69240000 wall=163138s knowledge=0.0000 reliable=0 spec=0.00 pop=3984
  mpx-135 traj: trials=69300000 wall=163264s knowledge=0.0000 reliable=0 spec=0.00 pop=3899
  mpx-135 traj: trials=69360000 wall=163498s knowledge=0.0000 reliable=0 spec=0.00 pop=4361
  mpx-135 traj: trials=69420000 wall=163617s knowledge=0.0000 reliable=0 spec=0.00 pop=3781
  mpx-135 traj: trials=69480000 wall=163742s knowledge=0.0000 reliable=0 spec=0.00 pop=3985
  mpx-135 traj: trials=69540000 wall=163883s knowledge=0.0000 reliable=0 spec=0.00 pop=4020
  mpx-135 traj: trials=69600000 wall=164006s knowledge=0.0000 reliable=0 spec=0.00 pop=3796
  mpx-135 traj: trials=69660000 wall=164107s knowledge=0.0000 reliable=0 spec=0.00 pop=3535
  mpx-135 traj: trials=69720000 wall=164378s knowledge=0.0000 reliable=0 spec=0.00 pop=3869
  mpx-135 traj: trials=69780000 wall=164507s knowledge=0.0000 reliable=0 spec=0.00 pop=3879
  mpx-135 traj: trials=69840000 wall=164623s knowledge=0.0000 reliable=0 spec=0.00 pop=3818
  mpx-135 traj: trials=69900000 wall=164811s knowledge=0.0000 reliable=0 spec=0.00 pop=3832
  mpx-135 traj: trials=69960000 wall=165533s knowledge=0.0000 reliable=0 spec=0.00 pop=3940
  mpx-135 traj: trials=70020000 wall=165641s knowledge=0.0000 reliable=0 spec=0.00 pop=3727
  mpx-135 traj: trials=70080000 wall=165751s knowledge=0.0000 reliable=0 spec=0.00 pop=5069
  mpx-135 traj: trials=70140000 wall=165855s knowledge=0.0000 reliable=0 spec=0.00 pop=4117
  mpx-135 traj: trials=70200000 wall=165964s knowledge=0.0000 reliable=0 spec=0.00 pop=3879
  mpx-135 traj: trials=70260000 wall=166076s knowledge=0.0000 reliable=0 spec=0.00 pop=3861
  mpx-135 traj: trials=70320000 wall=166207s knowledge=0.0000 reliable=0 spec=0.00 pop=3964
  mpx-135 traj: trials=70380000 wall=166372s knowledge=0.0000 reliable=0 spec=0.00 pop=3877
  mpx-135 traj: trials=70440000 wall=166558s knowledge=0.0000 reliable=0 spec=0.00 pop=4043
  mpx-135 traj: trials=70500000 wall=166660s knowledge=0.0000 reliable=0 spec=0.00 pop=4001
  mpx-135 traj: trials=70560000 wall=166756s knowledge=0.0000 reliable=0 spec=0.00 pop=3806
  mpx-135 traj: trials=70620000 wall=166886s knowledge=0.0000 reliable=0 spec=0.00 pop=3988
  mpx-135 traj: trials=70680000 wall=167050s knowledge=0.0000 reliable=0 spec=0.00 pop=3767
  mpx-135 traj: trials=70740000 wall=167271s knowledge=0.0000 reliable=0 spec=0.00 pop=3832
  mpx-135 traj: trials=70800000 wall=167408s knowledge=0.0000 reliable=0 spec=0.00 pop=3901
  mpx-135 traj: trials=70860000 wall=167625s knowledge=0.0000 reliable=0 spec=0.00 pop=4130
  mpx-135 traj: trials=70920000 wall=167976s knowledge=0.0000 reliable=0 spec=0.00 pop=4318
  mpx-135 traj: trials=70980000 wall=168106s knowledge=0.0000 reliable=0 spec=0.00 pop=3783
  mpx-135 traj: trials=71040000 wall=168212s knowledge=0.0000 reliable=0 spec=0.00 pop=4178
  mpx-135 traj: trials=71100000 wall=168362s knowledge=0.0000 reliable=0 spec=0.00 pop=3750
  mpx-135 traj: trials=71160000 wall=168468s knowledge=0.0000 reliable=0 spec=0.00 pop=3989
  mpx-135 traj: trials=71220000 wall=168596s knowledge=0.0000 reliable=0 spec=0.00 pop=3633
  mpx-135 traj: trials=71280000 wall=168710s knowledge=0.0000 reliable=0 spec=0.00 pop=3719
  mpx-135 traj: trials=71340000 wall=168822s knowledge=0.0000 reliable=0 spec=0.00 pop=3946
  mpx-135 traj: trials=71400000 wall=168949s knowledge=0.0000 reliable=0 spec=0.00 pop=4130
  mpx-135 traj: trials=71460000 wall=169058s knowledge=0.0000 reliable=0 spec=0.00 pop=3735
  mpx-135 traj: trials=71520000 wall=169164s knowledge=0.0000 reliable=0 spec=0.00 pop=4175
  mpx-135 traj: trials=71580000 wall=169264s knowledge=0.0000 reliable=0 spec=0.00 pop=4072
  mpx-135 traj: trials=71640000 wall=169370s knowledge=0.0000 reliable=0 spec=0.00 pop=3717
  mpx-135 traj: trials=71700000 wall=169501s knowledge=0.0000 reliable=0 spec=0.00 pop=4513
  mpx-135 traj: trials=71760000 wall=169649s knowledge=0.0000 reliable=0 spec=0.00 pop=3846
  mpx-135 traj: trials=71820000 wall=169805s knowledge=0.0000 reliable=0 spec=0.00 pop=3908
  mpx-135 traj: trials=71880000 wall=169929s knowledge=0.0000 reliable=0 spec=0.00 pop=4075
  mpx-135 traj: trials=71940000 wall=170110s knowledge=0.0000 reliable=0 spec=0.00 pop=5806
  mpx-135 traj: trials=72000000 wall=170224s knowledge=0.0000 reliable=0 spec=0.00 pop=3843
  mpx-135 traj: trials=72060000 wall=170445s knowledge=0.0000 reliable=0 spec=0.00 pop=4068
  mpx-135 traj: trials=72120000 wall=170614s knowledge=0.0000 reliable=0 spec=0.00 pop=4311
  mpx-135 traj: trials=72180000 wall=170759s knowledge=0.0000 reliable=0 spec=0.00 pop=4157
  mpx-135 traj: trials=72240000 wall=170883s knowledge=0.0000 reliable=0 spec=0.00 pop=4061
  mpx-135 traj: trials=72300000 wall=171002s knowledge=0.0000 reliable=0 spec=0.00 pop=3993
  mpx-135 traj: trials=72360000 wall=171133s knowledge=0.0000 reliable=0 spec=0.00 pop=3753
  mpx-135 traj: trials=72420000 wall=171252s knowledge=0.0000 reliable=0 spec=0.00 pop=3882
  mpx-135 traj: trials=72480000 wall=171534s knowledge=0.0000 reliable=0 spec=0.00 pop=5450
  mpx-135 traj: trials=72540000 wall=171684s knowledge=0.0000 reliable=0 spec=0.00 pop=3832
  mpx-135 traj: trials=72600000 wall=171792s knowledge=0.0000 reliable=0 spec=0.00 pop=3968
  mpx-135 traj: trials=72660000 wall=171908s knowledge=0.0000 reliable=0 spec=0.00 pop=3885
  mpx-135 traj: trials=72720000 wall=172011s knowledge=0.0000 reliable=0 spec=0.00 pop=4102
  mpx-135 traj: trials=72780000 wall=172166s knowledge=0.0000 reliable=0 spec=0.00 pop=3949
  mpx-135 traj: trials=72840000 wall=172295s knowledge=0.0000 reliable=0 spec=0.00 pop=4068
  mpx-135 traj: trials=72900000 wall=172476s knowledge=0.0000 reliable=0 spec=0.00 pop=4024
  mpx-135 traj: trials=72960000 wall=172637s knowledge=0.0000 reliable=0 spec=0.00 pop=4018
  mpx-135 traj: trials=73020000 wall=172748s knowledge=0.0000 reliable=0 spec=0.00 pop=3641
  mpx-135 traj: trials=73080000 wall=172910s knowledge=0.0000 reliable=0 spec=0.00 pop=9172
  mpx-135 traj: trials=73140000 wall=173113s knowledge=0.0000 reliable=0 spec=0.00 pop=4273
  mpx-135 traj: trials=73200000 wall=173558s knowledge=0.0000 reliable=0 spec=0.00 pop=4080
  mpx-135 traj: trials=73260000 wall=173684s knowledge=0.0000 reliable=0 spec=0.00 pop=4580
  mpx-135 traj: trials=73320000 wall=173825s knowledge=0.0000 reliable=0 spec=0.00 pop=3774
  mpx-135 traj: trials=73380000 wall=173944s knowledge=0.0000 reliable=0 spec=0.00 pop=3957
  mpx-135 traj: trials=73440000 wall=174109s knowledge=0.0000 reliable=0 spec=0.00 pop=3923
  mpx-135 traj: trials=73500000 wall=174260s knowledge=0.0000 reliable=0 spec=0.00 pop=4337
  mpx-135 traj: trials=73560000 wall=174369s knowledge=0.0000 reliable=0 spec=0.00 pop=3653
  mpx-135 traj: trials=73620000 wall=174500s knowledge=0.0000 reliable=0 spec=0.00 pop=3824
  mpx-135 traj: trials=73680000 wall=174624s knowledge=0.0000 reliable=0 spec=0.00 pop=4111
  mpx-135 traj: trials=73740000 wall=174731s knowledge=0.0000 reliable=0 spec=0.00 pop=4270
  mpx-135 traj: trials=73800000 wall=174873s knowledge=0.0000 reliable=0 spec=0.00 pop=4201
  mpx-135 traj: trials=73860000 wall=174995s knowledge=0.0000 reliable=0 spec=0.00 pop=4026
  mpx-135 traj: trials=73920000 wall=175121s knowledge=0.0000 reliable=0 spec=0.00 pop=3701
  mpx-135 traj: trials=73980000 wall=175276s knowledge=0.0000 reliable=0 spec=0.00 pop=3893
  mpx-135 traj: trials=74040000 wall=175432s knowledge=0.0000 reliable=0 spec=0.00 pop=4209
  mpx-135 traj: trials=74100000 wall=175540s knowledge=0.0000 reliable=0 spec=0.00 pop=3705
  mpx-135 traj: trials=74160000 wall=175665s knowledge=0.0000 reliable=0 spec=0.00 pop=3864
  mpx-135 traj: trials=74220000 wall=175781s knowledge=0.0000 reliable=0 spec=0.00 pop=4084
  mpx-135 traj: trials=74280000 wall=176000s knowledge=0.0000 reliable=0 spec=0.00 pop=3791
  mpx-135 traj: trials=74340000 wall=176328s knowledge=0.0000 reliable=0 spec=0.00 pop=4223
  mpx-135 traj: trials=74400000 wall=176471s knowledge=0.0000 reliable=0 spec=0.00 pop=3893
  mpx-135 traj: trials=74460000 wall=176585s knowledge=0.0000 reliable=0 spec=0.00 pop=3875
  mpx-135 traj: trials=74520000 wall=176788s knowledge=0.0000 reliable=0 spec=0.00 pop=3612
  mpx-135 traj: trials=74580000 wall=176899s knowledge=0.0000 reliable=0 spec=0.00 pop=4153
  mpx-135 traj: trials=74640000 wall=177002s knowledge=0.0000 reliable=0 spec=0.00 pop=3909
  mpx-135 traj: trials=74700000 wall=177115s knowledge=0.0000 reliable=0 spec=0.00 pop=3829
  mpx-135 traj: trials=74760000 wall=177359s knowledge=0.0000 reliable=0 spec=0.00 pop=3811
  mpx-135 traj: trials=74820000 wall=177552s knowledge=0.0000 reliable=0 spec=0.00 pop=3626
  mpx-135 traj: trials=74880000 wall=177732s knowledge=0.0000 reliable=0 spec=0.00 pop=6018
  mpx-135 traj: trials=74940000 wall=177857s knowledge=0.0000 reliable=0 spec=0.00 pop=4370
  mpx-135 traj: trials=75000000 wall=177970s knowledge=0.0000 reliable=0 spec=0.00 pop=3923
  mpx-135 traj: trials=75060000 wall=178098s knowledge=0.0000 reliable=0 spec=0.00 pop=3783
  mpx-135 traj: trials=75120000 wall=178210s knowledge=0.0000 reliable=0 spec=0.00 pop=3951
  mpx-135 traj: trials=75180000 wall=178324s knowledge=0.0000 reliable=0 spec=0.00 pop=3668
  mpx-135 traj: trials=75240000 wall=178474s knowledge=0.0000 reliable=0 spec=0.00 pop=3810
  mpx-135 traj: trials=75300000 wall=178596s knowledge=0.0000 reliable=0 spec=0.00 pop=4125
  mpx-135 traj: trials=75360000 wall=178699s knowledge=0.0000 reliable=0 spec=0.00 pop=4528
  mpx-135 traj: trials=75420000 wall=178925s knowledge=0.0000 reliable=0 spec=0.00 pop=3804
  mpx-135 traj: trials=75480000 wall=179083s knowledge=0.0000 reliable=0 spec=0.00 pop=4733
  mpx-135 traj: trials=75540000 wall=179322s knowledge=0.0000 reliable=0 spec=0.00 pop=4239
  mpx-135 traj: trials=75600000 wall=179429s knowledge=0.0000 reliable=0 spec=0.00 pop=3799
  mpx-135 traj: trials=75660000 wall=179551s knowledge=0.0000 reliable=0 spec=0.00 pop=3793
  mpx-135 traj: trials=75720000 wall=179689s knowledge=0.0000 reliable=0 spec=0.00 pop=3691
  mpx-135 traj: trials=75780000 wall=179846s knowledge=0.0000 reliable=0 spec=0.00 pop=3774
  mpx-135 traj: trials=75840000 wall=179958s knowledge=0.0000 reliable=0 spec=0.00 pop=3745
  mpx-135 traj: trials=75900000 wall=180075s knowledge=0.0000 reliable=0 spec=0.00 pop=3834
  mpx-135 traj: trials=75960000 wall=180190s knowledge=0.0000 reliable=0 spec=0.00 pop=3734
  mpx-135 traj: trials=76020000 wall=180290s knowledge=0.0000 reliable=0 spec=0.00 pop=3990
  mpx-135 traj: trials=76080000 wall=180413s knowledge=0.0000 reliable=0 spec=0.00 pop=3858
  mpx-135 traj: trials=76140000 wall=180554s knowledge=0.0000 reliable=0 spec=0.00 pop=3880
  mpx-135 traj: trials=76200000 wall=180679s knowledge=0.0000 reliable=0 spec=0.00 pop=3901
  mpx-135 traj: trials=76260000 wall=180800s knowledge=0.0000 reliable=0 spec=0.00 pop=4280
  mpx-135 traj: trials=76320000 wall=180943s knowledge=0.0000 reliable=0 spec=0.00 pop=4004
  mpx-135 traj: trials=76380000 wall=181070s knowledge=0.0000 reliable=0 spec=0.00 pop=4011
  mpx-135 traj: trials=76440000 wall=181221s knowledge=0.0000 reliable=0 spec=0.00 pop=4039
  mpx-135 traj: trials=76500000 wall=181361s knowledge=0.0000 reliable=0 spec=0.00 pop=4171
  mpx-135 traj: trials=76560000 wall=181563s knowledge=0.0000 reliable=0 spec=0.00 pop=4003
  mpx-135 traj: trials=76620000 wall=181682s knowledge=0.0000 reliable=0 spec=0.00 pop=3689
  mpx-135 traj: trials=76680000 wall=181826s knowledge=0.0000 reliable=0 spec=0.00 pop=4648
  mpx-135 traj: trials=76740000 wall=182101s knowledge=0.0000 reliable=0 spec=0.00 pop=4393
  mpx-135 traj: trials=76800000 wall=182233s knowledge=0.0000 reliable=0 spec=0.00 pop=3980
  mpx-135 traj: trials=76860000 wall=182344s knowledge=0.0000 reliable=0 spec=0.00 pop=4179
  mpx-135 traj: trials=76920000 wall=182622s knowledge=0.0000 reliable=0 spec=0.00 pop=4116
  mpx-135 traj: trials=76980000 wall=182743s knowledge=0.0000 reliable=0 spec=0.00 pop=4077
  mpx-135 traj: trials=77040000 wall=182857s knowledge=0.0000 reliable=0 spec=0.00 pop=3871
  mpx-135 traj: trials=77100000 wall=182964s knowledge=0.0000 reliable=0 spec=0.00 pop=4027
  mpx-135 traj: trials=77160000 wall=183086s knowledge=0.0000 reliable=0 spec=0.00 pop=3975
  mpx-135 traj: trials=77220000 wall=183273s knowledge=0.0000 reliable=0 spec=0.00 pop=3825
  mpx-135 traj: trials=77280000 wall=183447s knowledge=0.0000 reliable=0 spec=0.00 pop=4246
  mpx-135 traj: trials=77340000 wall=183594s knowledge=0.0000 reliable=0 spec=0.00 pop=4636
  mpx-135 traj: trials=77400000 wall=183744s knowledge=0.0000 reliable=0 spec=0.00 pop=4125
  mpx-135 traj: trials=77460000 wall=184233s knowledge=0.0000 reliable=0 spec=0.00 pop=4070
  mpx-135 traj: trials=77520000 wall=184350s knowledge=0.0000 reliable=0 spec=0.00 pop=3813
  mpx-135 traj: trials=77580000 wall=184487s knowledge=0.0000 reliable=0 spec=0.00 pop=4210
  mpx-135 traj: trials=77640000 wall=184599s knowledge=0.0000 reliable=0 spec=0.00 pop=3961
  mpx-135 traj: trials=77700000 wall=184751s knowledge=0.0000 reliable=0 spec=0.00 pop=3706
  mpx-135 traj: trials=77760000 wall=184900s knowledge=0.0000 reliable=0 spec=0.00 pop=3947
  mpx-135 traj: trials=77820000 wall=185008s knowledge=0.0000 reliable=0 spec=0.00 pop=4195
  mpx-135 traj: trials=77880000 wall=185139s knowledge=0.0000 reliable=0 spec=0.00 pop=3759
  mpx-135 traj: trials=77940000 wall=185259s knowledge=0.0000 reliable=0 spec=0.00 pop=3862
  mpx-135 traj: trials=78000000 wall=185383s knowledge=0.0000 reliable=0 spec=0.00 pop=8906
  mpx-135 traj: trials=78060000 wall=185487s knowledge=0.0000 reliable=0 spec=0.00 pop=3806
  mpx-135 traj: trials=78120000 wall=185618s knowledge=0.0000 reliable=0 spec=0.00 pop=3798
  mpx-135 traj: trials=78180000 wall=185753s knowledge=0.0000 reliable=0 spec=0.00 pop=3729
  mpx-135 traj: trials=78240000 wall=185936s knowledge=0.0000 reliable=0 spec=0.00 pop=3934
  mpx-135 traj: trials=78300000 wall=186058s knowledge=0.0000 reliable=0 spec=0.00 pop=3757
  mpx-135 traj: trials=78360000 wall=186197s knowledge=0.0000 reliable=0 spec=0.00 pop=3842
  mpx-135 traj: trials=78420000 wall=186316s knowledge=0.0000 reliable=0 spec=0.00 pop=4149
  mpx-135 traj: trials=78480000 wall=186451s knowledge=0.0000 reliable=0 spec=0.00 pop=3897
  mpx-135 traj: trials=78540000 wall=186655s knowledge=0.0000 reliable=0 spec=0.00 pop=3955
  mpx-135 traj: trials=78600000 wall=186798s knowledge=0.0000 reliable=0 spec=0.00 pop=4223
  mpx-135 traj: trials=78660000 wall=186978s knowledge=0.0000 reliable=0 spec=0.00 pop=3867
  mpx-135 traj: trials=78720000 wall=187090s knowledge=0.0000 reliable=0 spec=0.00 pop=3854
  mpx-135 traj: trials=78780000 wall=187211s knowledge=0.0000 reliable=0 spec=0.00 pop=3954
  mpx-135 traj: trials=78840000 wall=187369s knowledge=0.0000 reliable=0 spec=0.00 pop=3792
  mpx-135 traj: trials=78900000 wall=187486s knowledge=0.0000 reliable=0 spec=0.00 pop=3950
  mpx-135 traj: trials=78960000 wall=187606s knowledge=0.0000 reliable=0 spec=0.00 pop=4050
  mpx-135 traj: trials=79020000 wall=187730s knowledge=0.0000 reliable=0 spec=0.00 pop=3823
  mpx-135 traj: trials=79080000 wall=187871s knowledge=0.0000 reliable=0 spec=0.00 pop=3902
  mpx-135 traj: trials=79140000 wall=187982s knowledge=0.0000 reliable=0 spec=0.00 pop=3894
  mpx-135 traj: trials=79200000 wall=188083s knowledge=0.0000 reliable=0 spec=0.00 pop=4103
  mpx-135 traj: trials=79260000 wall=188206s knowledge=0.0000 reliable=0 spec=0.00 pop=3806
  mpx-135 traj: trials=79320000 wall=188341s knowledge=0.0000 reliable=0 spec=0.00 pop=4248
  mpx-135 traj: trials=79380000 wall=188534s knowledge=0.0000 reliable=0 spec=0.00 pop=3759
  mpx-135 traj: trials=79440000 wall=188664s knowledge=0.0000 reliable=0 spec=0.00 pop=3943
  mpx-135 traj: trials=79500000 wall=188892s knowledge=0.0000 reliable=0 spec=0.00 pop=4211
  mpx-135 traj: trials=79560000 wall=189011s knowledge=0.0000 reliable=0 spec=0.00 pop=4094
  mpx-135 traj: trials=79620000 wall=189132s knowledge=0.0000 reliable=0 spec=0.00 pop=3705
  mpx-135 traj: trials=79680000 wall=189234s knowledge=0.0000 reliable=0 spec=0.00 pop=4711
  mpx-135 traj: trials=79740000 wall=189354s knowledge=0.0000 reliable=0 spec=0.00 pop=3790
  mpx-135 traj: trials=79800000 wall=189587s knowledge=0.0000 reliable=0 spec=0.00 pop=4253
  mpx-135 traj: trials=79860000 wall=189682s knowledge=0.0000 reliable=0 spec=0.00 pop=3955
  mpx-135 traj: trials=79920000 wall=189806s knowledge=0.0000 reliable=0 spec=0.00 pop=3972
  mpx-135 traj: trials=79980000 wall=189924s knowledge=0.0000 reliable=0 spec=0.00 pop=3909
  mpx-135 traj: trials=80040000 wall=190103s knowledge=0.0000 reliable=0 spec=0.00 pop=4641
  mpx-135 traj: trials=80100000 wall=190207s knowledge=0.0000 reliable=0 spec=0.00 pop=4196
  mpx-135 traj: trials=80160000 wall=190357s knowledge=0.0000 reliable=0 spec=0.00 pop=4108
  mpx-135 traj: trials=80220000 wall=190462s knowledge=0.0000 reliable=0 spec=0.00 pop=4291
  mpx-135 traj: trials=80280000 wall=190572s knowledge=0.0000 reliable=0 spec=0.00 pop=3791
  mpx-135 traj: trials=80340000 wall=190986s knowledge=0.0000 reliable=0 spec=0.00 pop=3975
  mpx-135 traj: trials=80400000 wall=191187s knowledge=0.0000 reliable=0 spec=0.00 pop=4163
  mpx-135 traj: trials=80460000 wall=191312s knowledge=0.0000 reliable=0 spec=0.00 pop=3893
  mpx-135 traj: trials=80520000 wall=191431s knowledge=0.0000 reliable=0 spec=0.00 pop=4120
  mpx-135 traj: trials=80580000 wall=191559s knowledge=0.0000 reliable=0 spec=0.00 pop=3773
  mpx-135 traj: trials=80640000 wall=191674s knowledge=0.0000 reliable=0 spec=0.00 pop=4113
  mpx-135 traj: trials=80700000 wall=191797s knowledge=0.0000 reliable=0 spec=0.00 pop=4081
  mpx-135 traj: trials=80760000 wall=191935s knowledge=0.0000 reliable=0 spec=0.00 pop=3854
  mpx-135 traj: trials=80820000 wall=192141s knowledge=0.0000 reliable=0 spec=0.00 pop=4686
  mpx-135 traj: trials=80880000 wall=192263s knowledge=0.0000 reliable=0 spec=0.00 pop=3952
  mpx-135 traj: trials=80940000 wall=192370s knowledge=0.0000 reliable=0 spec=0.00 pop=3991
  mpx-135 traj: trials=81000000 wall=192526s knowledge=0.0000 reliable=0 spec=0.00 pop=4039
  mpx-135 traj: trials=81060000 wall=192690s knowledge=0.0000 reliable=0 spec=0.00 pop=3997
  mpx-135 traj: trials=81120000 wall=192807s knowledge=0.0000 reliable=0 spec=0.00 pop=3888
  mpx-135 traj: trials=81180000 wall=192978s knowledge=0.0000 reliable=0 spec=0.00 pop=3939
  mpx-135 traj: trials=81240000 wall=193196s knowledge=0.0000 reliable=0 spec=0.00 pop=3971
  mpx-135 traj: trials=81300000 wall=193435s knowledge=0.0000 reliable=0 spec=0.00 pop=4318
  mpx-135 traj: trials=81360000 wall=193589s knowledge=0.0000 reliable=0 spec=0.00 pop=3690
  mpx-135 traj: trials=81420000 wall=193697s knowledge=0.0000 reliable=0 spec=0.00 pop=3853
  mpx-135 traj: trials=81480000 wall=193802s knowledge=0.0000 reliable=0 spec=0.00 pop=12605
  mpx-135 traj: trials=81540000 wall=193982s knowledge=0.0000 reliable=0 spec=0.00 pop=4488
  mpx-135 traj: trials=81600000 wall=194110s knowledge=0.0000 reliable=0 spec=0.00 pop=3782
  mpx-135 traj: trials=81660000 wall=194289s knowledge=0.0000 reliable=0 spec=0.00 pop=3774
  mpx-135 traj: trials=81720000 wall=194401s knowledge=0.0000 reliable=0 spec=0.00 pop=4482
  mpx-135 traj: trials=81780000 wall=194525s knowledge=0.0000 reliable=0 spec=0.00 pop=3771
  mpx-135 traj: trials=81840000 wall=194645s knowledge=0.0000 reliable=0 spec=0.00 pop=4022
  mpx-135 traj: trials=81900000 wall=194781s knowledge=0.0000 reliable=0 spec=0.00 pop=3951
  mpx-135 traj: trials=81960000 wall=194928s knowledge=0.0000 reliable=0 spec=0.00 pop=3692
  mpx-135 traj: trials=82020000 wall=195034s knowledge=0.0000 reliable=0 spec=0.00 pop=4169
  mpx-135 traj: trials=82080000 wall=195174s knowledge=0.0000 reliable=0 spec=0.00 pop=4070
  mpx-135 traj: trials=82140000 wall=195291s knowledge=0.0000 reliable=0 spec=0.00 pop=3876
  mpx-135 traj: trials=82200000 wall=195466s knowledge=0.0000 reliable=0 spec=0.00 pop=3960
  mpx-135 traj: trials=82260000 wall=195580s knowledge=0.0000 reliable=0 spec=0.00 pop=4076
  mpx-135 traj: trials=82320000 wall=195682s knowledge=0.0000 reliable=0 spec=0.00 pop=4188
  mpx-135 traj: trials=82380000 wall=195905s knowledge=0.0000 reliable=0 spec=0.00 pop=3853
  mpx-135 traj: trials=82440000 wall=196021s knowledge=0.0000 reliable=0 spec=0.00 pop=3912
  mpx-135 traj: trials=82500000 wall=196190s knowledge=0.0000 reliable=0 spec=0.00 pop=4396
  mpx-135 traj: trials=82560000 wall=196303s knowledge=0.0000 reliable=0 spec=0.00 pop=3780
  mpx-135 traj: trials=82620000 wall=196435s knowledge=0.0000 reliable=0 spec=0.00 pop=4112
  mpx-135 traj: trials=82680000 wall=196546s knowledge=0.0000 reliable=0 spec=0.00 pop=3960
  mpx-135 traj: trials=82740000 wall=196677s knowledge=0.0000 reliable=0 spec=0.00 pop=4105
  mpx-135 traj: trials=82800000 wall=196807s knowledge=0.0000 reliable=0 spec=0.00 pop=4056
  mpx-135 traj: trials=82860000 wall=196956s knowledge=0.0000 reliable=0 spec=0.00 pop=3990
  mpx-135 traj: trials=82920000 wall=197109s knowledge=0.0000 reliable=0 spec=0.00 pop=3748
  mpx-135 traj: trials=82980000 wall=197279s knowledge=0.0000 reliable=0 spec=0.00 pop=3984
  mpx-135 traj: trials=83040000 wall=197384s knowledge=0.0000 reliable=0 spec=0.00 pop=3862
  mpx-135 traj: trials=83100000 wall=197529s knowledge=0.0000 reliable=0 spec=0.00 pop=3907
  mpx-135 traj: trials=83160000 wall=197709s knowledge=0.0000 reliable=0 spec=0.00 pop=3839
  mpx-135 traj: trials=83220000 wall=197848s knowledge=0.0000 reliable=0 spec=0.00 pop=3952
  mpx-135 traj: trials=83280000 wall=197961s knowledge=0.0000 reliable=0 spec=0.00 pop=3882
  mpx-135 traj: trials=83340000 wall=198079s knowledge=0.0000 reliable=0 spec=0.00 pop=3968
  mpx-135 traj: trials=83400000 wall=198216s knowledge=0.0000 reliable=0 spec=0.00 pop=5708
  mpx-135 traj: trials=83460000 wall=198322s knowledge=0.0000 reliable=0 spec=0.00 pop=3722
  mpx-135 traj: trials=83520000 wall=198448s knowledge=0.0000 reliable=0 spec=0.00 pop=3840
  mpx-135 traj: trials=83580000 wall=198559s knowledge=0.0000 reliable=0 spec=0.00 pop=4348
  mpx-135 traj: trials=83640000 wall=198681s knowledge=0.0000 reliable=0 spec=0.00 pop=4072
  mpx-135 traj: trials=83700000 wall=198802s knowledge=0.0000 reliable=0 spec=0.00 pop=3892
  mpx-135 traj: trials=83760000 wall=198950s knowledge=0.0000 reliable=0 spec=0.00 pop=3643
  mpx-135 traj: trials=83820000 wall=199097s knowledge=0.0000 reliable=0 spec=0.00 pop=3694
  mpx-135 traj: trials=83880000 wall=199213s knowledge=0.0000 reliable=0 spec=0.00 pop=3635
  mpx-135 traj: trials=83940000 wall=199314s knowledge=0.0000 reliable=0 spec=0.00 pop=4304
  mpx-135 traj: trials=84000000 wall=199450s knowledge=0.0000 reliable=0 spec=0.00 pop=4401
  mpx-135 traj: trials=84060000 wall=199648s knowledge=0.0000 reliable=0 spec=0.00 pop=4483
  mpx-135 traj: trials=84120000 wall=200422s knowledge=0.0000 reliable=0 spec=0.00 pop=4105
  mpx-135 traj: trials=84180000 wall=200526s knowledge=0.0000 reliable=0 spec=0.00 pop=3752
  mpx-135 traj: trials=84240000 wall=200672s knowledge=0.0000 reliable=0 spec=0.00 pop=4044
  mpx-135 traj: trials=84300000 wall=200770s knowledge=0.0000 reliable=0 spec=0.00 pop=4716
  mpx-135 traj: trials=84360000 wall=200879s knowledge=0.0000 reliable=0 spec=0.00 pop=4125
  mpx-135 traj: trials=84420000 wall=201006s knowledge=0.0000 reliable=0 spec=0.00 pop=4322
  mpx-135 traj: trials=84480000 wall=201119s knowledge=0.0000 reliable=0 spec=0.00 pop=4223
  mpx-135 traj: trials=84540000 wall=201238s knowledge=0.0000 reliable=0 spec=0.00 pop=3790
  mpx-135 traj: trials=84600000 wall=201439s knowledge=0.0000 reliable=0 spec=0.00 pop=3911
  mpx-135 traj: trials=84660000 wall=201601s knowledge=0.0000 reliable=0 spec=0.00 pop=4348
  mpx-135 traj: trials=84720000 wall=201741s knowledge=0.0000 reliable=0 spec=0.00 pop=4103
  mpx-135 traj: trials=84780000 wall=201848s knowledge=0.0000 reliable=0 spec=0.00 pop=3792
  mpx-135 traj: trials=84840000 wall=201962s knowledge=0.0000 reliable=0 spec=0.00 pop=3669
  mpx-135 traj: trials=84900000 wall=202099s knowledge=0.0000 reliable=0 spec=0.00 pop=3844
  mpx-135 traj: trials=84960000 wall=202238s knowledge=0.0000 reliable=0 spec=0.00 pop=4083
  mpx-135 traj: trials=85020000 wall=202346s knowledge=0.0000 reliable=0 spec=0.00 pop=3747
  mpx-135 traj: trials=85080000 wall=202497s knowledge=0.0000 reliable=0 spec=0.00 pop=5413
  mpx-135 traj: trials=85140000 wall=202630s knowledge=0.0000 reliable=0 spec=0.00 pop=4042
  mpx-135 traj: trials=85200000 wall=202752s knowledge=0.0000 reliable=0 spec=0.00 pop=3959
  mpx-135 traj: trials=85260000 wall=202884s knowledge=0.0000 reliable=0 spec=0.00 pop=4032
  mpx-135 traj: trials=85320000 wall=203027s knowledge=0.0000 reliable=0 spec=0.00 pop=3890
  mpx-135 traj: trials=85380000 wall=203155s knowledge=0.0000 reliable=0 spec=0.00 pop=4513
  mpx-135 traj: trials=85440000 wall=203259s knowledge=0.0000 reliable=0 spec=0.00 pop=3741
  mpx-135 traj: trials=85500000 wall=203371s knowledge=0.0000 reliable=0 spec=0.00 pop=4149
  mpx-135 traj: trials=85560000 wall=203494s knowledge=0.0000 reliable=0 spec=0.00 pop=3808
  mpx-135 traj: trials=85620000 wall=203628s knowledge=0.0000 reliable=0 spec=0.00 pop=4896
  mpx-135 traj: trials=85680000 wall=203781s knowledge=0.0000 reliable=0 spec=0.00 pop=4318
  mpx-135 traj: trials=85740000 wall=203877s knowledge=0.0000 reliable=0 spec=0.00 pop=3831
  mpx-135 traj: trials=85800000 wall=204004s knowledge=0.0000 reliable=0 spec=0.00 pop=3940
  mpx-135 traj: trials=85860000 wall=204187s knowledge=0.0000 reliable=0 spec=0.00 pop=3790
  mpx-135 traj: trials=85920000 wall=204450s knowledge=0.0000 reliable=0 spec=0.00 pop=5594
  mpx-135 traj: trials=85980000 wall=204561s knowledge=0.0000 reliable=0 spec=0.00 pop=3685
  mpx-135 traj: trials=86040000 wall=204675s knowledge=0.0000 reliable=0 spec=0.00 pop=3864
  mpx-135 traj: trials=86100000 wall=204786s knowledge=0.0000 reliable=0 spec=0.00 pop=4005
  mpx-135 traj: trials=86160000 wall=204943s knowledge=0.0000 reliable=0 spec=0.00 pop=4000
  mpx-135 traj: trials=86220000 wall=205069s knowledge=0.0000 reliable=0 spec=0.00 pop=4068
  mpx-135 traj: trials=86280000 wall=205194s knowledge=0.0000 reliable=0 spec=0.00 pop=3803
  mpx-135 traj: trials=86340000 wall=205289s knowledge=0.0000 reliable=0 spec=0.00 pop=3713
  mpx-135 traj: trials=86400000 wall=205389s knowledge=0.0000 reliable=0 spec=0.00 pop=3836
  mpx-135 traj: trials=86460000 wall=205508s knowledge=0.0000 reliable=0 spec=0.00 pop=3970
  mpx-135 traj: trials=86520000 wall=205625s knowledge=0.0000 reliable=0 spec=0.00 pop=4022
  mpx-135 traj: trials=86580000 wall=205775s knowledge=0.0000 reliable=0 spec=0.00 pop=3836
  mpx-135 traj: trials=86640000 wall=205927s knowledge=0.0000 reliable=0 spec=0.00 pop=4121
  mpx-135 traj: trials=86700000 wall=206043s knowledge=0.0000 reliable=0 spec=0.00 pop=3822
  mpx-135 traj: trials=86760000 wall=206173s knowledge=0.0000 reliable=0 spec=0.00 pop=3593
  mpx-135 traj: trials=86820000 wall=206330s knowledge=0.0000 reliable=0 spec=0.00 pop=3682
  mpx-135 traj: trials=86880000 wall=206444s knowledge=0.0000 reliable=0 spec=0.00 pop=4033
  mpx-135 traj: trials=86940000 wall=206560s knowledge=0.0000 reliable=0 spec=0.00 pop=4181
  mpx-135 traj: trials=87000000 wall=206668s knowledge=0.0000 reliable=0 spec=0.00 pop=3816
  mpx-135 traj: trials=87060000 wall=206793s knowledge=0.0000 reliable=0 spec=0.00 pop=4299
  mpx-135 traj: trials=87120000 wall=206896s knowledge=0.0000 reliable=0 spec=0.00 pop=4051
  mpx-135 traj: trials=87180000 wall=207019s knowledge=0.0000 reliable=0 spec=0.00 pop=4288
  mpx-135 traj: trials=87240000 wall=207116s knowledge=0.0000 reliable=0 spec=0.00 pop=3976
  mpx-135 traj: trials=87300000 wall=207224s knowledge=0.0000 reliable=0 spec=0.00 pop=4154
  mpx-135 traj: trials=87360000 wall=207331s knowledge=0.0000 reliable=0 spec=0.00 pop=4230
  mpx-135 traj: trials=87420000 wall=207466s knowledge=0.0000 reliable=0 spec=0.00 pop=3735
  mpx-135 traj: trials=87480000 wall=207604s knowledge=0.0000 reliable=0 spec=0.00 pop=3748
  mpx-135 traj: trials=87540000 wall=207736s knowledge=0.0000 reliable=0 spec=0.00 pop=4191
  mpx-135 traj: trials=87600000 wall=207914s knowledge=0.0000 reliable=0 spec=0.00 pop=3840
  mpx-135 traj: trials=87660000 wall=208027s knowledge=0.0000 reliable=0 spec=0.00 pop=4086
  mpx-135 traj: trials=87720000 wall=208244s knowledge=0.0000 reliable=0 spec=0.00 pop=3881
  mpx-135 traj: trials=87780000 wall=208351s knowledge=0.0000 reliable=0 spec=0.00 pop=4128
  mpx-135 traj: trials=87840000 wall=208463s knowledge=0.0000 reliable=0 spec=0.00 pop=3715
  mpx-135 traj: trials=87900000 wall=208587s knowledge=0.0000 reliable=0 spec=0.00 pop=4032
  mpx-135 traj: trials=87960000 wall=208726s knowledge=0.0000 reliable=0 spec=0.00 pop=3739
  mpx-135 traj: trials=88020000 wall=208902s knowledge=0.0000 reliable=0 spec=0.00 pop=4538
  mpx-135 traj: trials=88080000 wall=209011s knowledge=0.0000 reliable=0 spec=0.00 pop=3708
  mpx-135 traj: trials=88140000 wall=209129s knowledge=0.0000 reliable=0 spec=0.00 pop=4214
  mpx-135 traj: trials=88200000 wall=209249s knowledge=0.0000 reliable=0 spec=0.00 pop=4068
  mpx-135 traj: trials=88260000 wall=209357s knowledge=0.0000 reliable=0 spec=0.00 pop=3833
  mpx-135 traj: trials=88320000 wall=209472s knowledge=0.0000 reliable=0 spec=0.00 pop=3769
  mpx-135 traj: trials=88380000 wall=209601s knowledge=0.0000 reliable=0 spec=0.00 pop=3650
  mpx-135 traj: trials=88440000 wall=209700s knowledge=0.0000 reliable=0 spec=0.00 pop=4378
  mpx-135 traj: trials=88500000 wall=209833s knowledge=0.0000 reliable=0 spec=0.00 pop=3913
  mpx-135 traj: trials=88560000 wall=210039s knowledge=0.0000 reliable=0 spec=0.00 pop=3984
  mpx-135 traj: trials=88620000 wall=210156s knowledge=0.0000 reliable=0 spec=0.00 pop=3947
  mpx-135 traj: trials=88680000 wall=210299s knowledge=0.0000 reliable=0 spec=0.00 pop=4023
  mpx-135 traj: trials=88740000 wall=210421s knowledge=0.0000 reliable=0 spec=0.00 pop=3755
  mpx-135 traj: trials=88800000 wall=210520s knowledge=0.0000 reliable=0 spec=0.00 pop=3544
  mpx-135 traj: trials=88860000 wall=210639s knowledge=0.0000 reliable=0 spec=0.00 pop=6090
  mpx-135 traj: trials=88920000 wall=210757s knowledge=0.0000 reliable=0 spec=0.00 pop=4234
  mpx-135 traj: trials=88980000 wall=210883s knowledge=0.0000 reliable=0 spec=0.00 pop=3921
  mpx-135 traj: trials=89040000 wall=211234s knowledge=0.0000 reliable=0 spec=0.00 pop=4370
  mpx-135 traj: trials=89100000 wall=211332s knowledge=0.0000 reliable=0 spec=0.00 pop=4285
  mpx-135 traj: trials=89160000 wall=211437s knowledge=0.0000 reliable=0 spec=0.00 pop=3984
  mpx-135 traj: trials=89220000 wall=211591s knowledge=0.0000 reliable=0 spec=0.00 pop=4014
  mpx-135 traj: trials=89280000 wall=211689s knowledge=0.0000 reliable=0 spec=0.00 pop=4003
  mpx-135 traj: trials=89340000 wall=211816s knowledge=0.0000 reliable=0 spec=0.00 pop=3701
  mpx-135 traj: trials=89400000 wall=211970s knowledge=0.0000 reliable=0 spec=0.00 pop=3972
  mpx-135 traj: trials=89460000 wall=212134s knowledge=0.0000 reliable=0 spec=0.00 pop=4250
  mpx-135 traj: trials=89520000 wall=212281s knowledge=0.0000 reliable=0 spec=0.00 pop=4018
  mpx-135 traj: trials=89580000 wall=212472s knowledge=0.0000 reliable=0 spec=0.00 pop=3908
  mpx-135 traj: trials=89640000 wall=212664s knowledge=0.0000 reliable=0 spec=0.00 pop=4111
  mpx-135 traj: trials=89700000 wall=212795s knowledge=0.0000 reliable=0 spec=0.00 pop=3756
  mpx-135 traj: trials=89760000 wall=212912s knowledge=0.0000 reliable=0 spec=0.00 pop=3941
  mpx-135 traj: trials=89820000 wall=213028s knowledge=0.0000 reliable=0 spec=0.00 pop=3853
  mpx-135 traj: trials=89880000 wall=213146s knowledge=0.0000 reliable=0 spec=0.00 pop=3699
  mpx-135 traj: trials=89940000 wall=213266s knowledge=0.0000 reliable=0 spec=0.00 pop=3703
  mpx-135 traj: trials=90000000 wall=213424s knowledge=0.0000 reliable=0 spec=0.00 pop=4180
  mpx-135 traj: trials=90060000 wall=213539s knowledge=0.0000 reliable=0 spec=0.00 pop=4083
  mpx-135 traj: trials=90120000 wall=213655s knowledge=0.0000 reliable=0 spec=0.00 pop=4258
  mpx-135 traj: trials=90180000 wall=213769s knowledge=0.0000 reliable=0 spec=0.00 pop=4146
  mpx-135 traj: trials=90240000 wall=213889s knowledge=0.0000 reliable=0 spec=0.00 pop=3964
  mpx-135 traj: trials=90300000 wall=214027s knowledge=0.0000 reliable=0 spec=0.00 pop=3943
  mpx-135 traj: trials=90360000 wall=214152s knowledge=0.0000 reliable=0 spec=0.00 pop=3760
  mpx-135 traj: trials=90420000 wall=214251s knowledge=0.0000 reliable=0 spec=0.00 pop=4011
  mpx-135 traj: trials=90480000 wall=214361s knowledge=0.0000 reliable=0 spec=0.00 pop=3975
  mpx-135 traj: trials=90540000 wall=214554s knowledge=0.0000 reliable=0 spec=0.00 pop=3969
  mpx-135 traj: trials=90600000 wall=214673s knowledge=0.0000 reliable=0 spec=0.00 pop=3901
  mpx-135 traj: trials=90660000 wall=214845s knowledge=0.0000 reliable=0 spec=0.00 pop=3793
  mpx-135 traj: trials=90720000 wall=214968s knowledge=0.0000 reliable=0 spec=0.00 pop=4126
  mpx-135 traj: trials=90780000 wall=215096s knowledge=0.0000 reliable=0 spec=0.00 pop=3922
  mpx-135 traj: trials=90840000 wall=215207s knowledge=0.0000 reliable=0 spec=0.00 pop=4545
  mpx-135 traj: trials=90900000 wall=215318s knowledge=0.0000 reliable=0 spec=0.00 pop=3756
  mpx-135 traj: trials=90960000 wall=215431s knowledge=0.0000 reliable=0 spec=0.00 pop=4130
  mpx-135 traj: trials=91020000 wall=216000s knowledge=0.0000 reliable=0 spec=0.00 pop=5153
  mpx-135 traj: trials=91080000 wall=216143s knowledge=0.0000 reliable=0 spec=0.00 pop=3913
  mpx-135 traj: trials=91140000 wall=216266s knowledge=0.0000 reliable=0 spec=0.00 pop=3930
  mpx-135 traj: trials=91200000 wall=216393s knowledge=0.0000 reliable=0 spec=0.00 pop=3769
  mpx-135 traj: trials=91260000 wall=216511s knowledge=0.0000 reliable=0 spec=0.00 pop=4238
  mpx-135 traj: trials=91320000 wall=216625s knowledge=0.0000 reliable=0 spec=0.00 pop=4222
  mpx-135 traj: trials=91380000 wall=216748s knowledge=0.0000 reliable=0 spec=0.00 pop=4196
  mpx-135 traj: trials=91440000 wall=216885s knowledge=0.0000 reliable=0 spec=0.00 pop=3931
  mpx-135 traj: trials=91500000 wall=217010s knowledge=0.0000 reliable=0 spec=0.00 pop=4347
  mpx-135 traj: trials=91560000 wall=217121s knowledge=0.0000 reliable=0 spec=0.00 pop=4013
  mpx-135 traj: trials=91620000 wall=217237s knowledge=0.0000 reliable=0 spec=0.00 pop=3767
  mpx-135 traj: trials=91680000 wall=217397s knowledge=0.0000 reliable=0 spec=0.00 pop=3993
  mpx-135 traj: trials=91740000 wall=217515s knowledge=0.0000 reliable=0 spec=0.00 pop=4147
  mpx-135 traj: trials=91800000 wall=217639s knowledge=0.0000 reliable=0 spec=0.00 pop=3780
  mpx-135 traj: trials=91860000 wall=217843s knowledge=0.0000 reliable=0 spec=0.00 pop=4320
  mpx-135 traj: trials=91920000 wall=217987s knowledge=0.0000 reliable=0 spec=0.00 pop=3925
  mpx-135 traj: trials=91980000 wall=218105s knowledge=0.0000 reliable=0 spec=0.00 pop=4248
  mpx-135 traj: trials=92040000 wall=218220s knowledge=0.0000 reliable=0 spec=0.00 pop=4000
  mpx-135 traj: trials=92100000 wall=218325s knowledge=0.0000 reliable=0 spec=0.00 pop=3933
  mpx-135 traj: trials=92160000 wall=218460s knowledge=0.0000 reliable=0 spec=0.00 pop=3634
  mpx-135 traj: trials=92220000 wall=218582s knowledge=0.0000 reliable=0 spec=0.00 pop=3856
  mpx-135 traj: trials=92280000 wall=218702s knowledge=0.0000 reliable=0 spec=0.00 pop=3767
  mpx-135 traj: trials=92340000 wall=218819s knowledge=0.0000 reliable=0 spec=0.00 pop=3931
  mpx-135 traj: trials=92400000 wall=218977s knowledge=0.0000 reliable=0 spec=0.00 pop=4022
  mpx-135 traj: trials=92460000 wall=219236s knowledge=0.0000 reliable=0 spec=0.00 pop=3888
  mpx-135 traj: trials=92520000 wall=219374s knowledge=0.0000 reliable=0 spec=0.00 pop=3963
  mpx-135 traj: trials=92580000 wall=219579s knowledge=0.0000 reliable=0 spec=0.00 pop=3987
  mpx-135 traj: trials=92640000 wall=219686s knowledge=0.0000 reliable=0 spec=0.00 pop=3954
  mpx-135 traj: trials=92700000 wall=219792s knowledge=0.0000 reliable=0 spec=0.00 pop=3948
  mpx-135 traj: trials=92760000 wall=219913s knowledge=0.0000 reliable=0 spec=0.00 pop=3748
  mpx-135 traj: trials=92820000 wall=220024s knowledge=0.0000 reliable=0 spec=0.00 pop=3860
  mpx-135 traj: trials=92880000 wall=220131s knowledge=0.0000 reliable=0 spec=0.00 pop=4260
  mpx-135 traj: trials=92940000 wall=220589s knowledge=0.0000 reliable=0 spec=0.00 pop=3775
  mpx-135 traj: trials=93000000 wall=220901s knowledge=0.0000 reliable=0 spec=0.00 pop=4229
  mpx-135 traj: trials=93060000 wall=221004s knowledge=0.0000 reliable=0 spec=0.00 pop=3926
  mpx-135 traj: trials=93120000 wall=221108s knowledge=0.0000 reliable=0 spec=0.00 pop=3926
  mpx-135 traj: trials=93180000 wall=221220s knowledge=0.0000 reliable=0 spec=0.00 pop=4131
  mpx-135 traj: trials=93240000 wall=221324s knowledge=0.0000 reliable=0 spec=0.00 pop=4002
  mpx-135 traj: trials=93300000 wall=221438s knowledge=0.0000 reliable=0 spec=0.00 pop=4087
  mpx-135 traj: trials=93360000 wall=221543s knowledge=0.0000 reliable=0 spec=0.00 pop=3857
  mpx-135 traj: trials=93420000 wall=221705s knowledge=0.0000 reliable=0 spec=0.00 pop=3810
  mpx-135 traj: trials=93480000 wall=221817s knowledge=0.0000 reliable=0 spec=0.00 pop=4046
  mpx-135 traj: trials=93540000 wall=221921s knowledge=0.0000 reliable=0 spec=0.00 pop=4152
  mpx-135 traj: trials=93600000 wall=222058s knowledge=0.0000 reliable=0 spec=0.00 pop=3852
  mpx-135 traj: trials=93660000 wall=222200s knowledge=0.0000 reliable=0 spec=0.00 pop=4039
  mpx-135 traj: trials=93720000 wall=222336s knowledge=0.0000 reliable=0 spec=0.00 pop=4984
  mpx-135 traj: trials=93780000 wall=222525s knowledge=0.0000 reliable=0 spec=0.00 pop=4453
  mpx-135 traj: trials=93840000 wall=222624s knowledge=0.0000 reliable=0 spec=0.00 pop=4225
  mpx-135 traj: trials=93900000 wall=222758s knowledge=0.0000 reliable=0 spec=0.00 pop=3951
  mpx-135 traj: trials=93960000 wall=222906s knowledge=0.0000 reliable=0 spec=0.00 pop=3820
  mpx-135 traj: trials=94020000 wall=223213s knowledge=0.0000 reliable=0 spec=0.00 pop=3767
  mpx-135 traj: trials=94080000 wall=223340s knowledge=0.0000 reliable=0 spec=0.00 pop=3863
  mpx-135 traj: trials=94140000 wall=223487s knowledge=0.0000 reliable=0 spec=0.00 pop=4020
  mpx-135 traj: trials=94200000 wall=223767s knowledge=0.0000 reliable=0 spec=0.00 pop=3644
  mpx-135 traj: trials=94260000 wall=223883s knowledge=0.0000 reliable=0 spec=0.00 pop=4008
  mpx-135 traj: trials=94320000 wall=223986s knowledge=0.0000 reliable=0 spec=0.00 pop=4029
  mpx-135 traj: trials=94380000 wall=224096s knowledge=0.0000 reliable=0 spec=0.00 pop=3838
  mpx-135 traj: trials=94440000 wall=224268s knowledge=0.0000 reliable=0 spec=0.00 pop=4007
  mpx-135 traj: trials=94500000 wall=224371s knowledge=0.0000 reliable=0 spec=0.00 pop=4137
  mpx-135 traj: trials=94560000 wall=224522s knowledge=0.0000 reliable=0 spec=0.00 pop=4017
  mpx-135 traj: trials=94620000 wall=224665s knowledge=0.0000 reliable=0 spec=0.00 pop=4120
  mpx-135 traj: trials=94680000 wall=224780s knowledge=0.0000 reliable=0 spec=0.00 pop=4220
  mpx-135 traj: trials=94740000 wall=224919s knowledge=0.0000 reliable=0 spec=0.00 pop=4050
  mpx-135 traj: trials=94800000 wall=225044s knowledge=0.0000 reliable=0 spec=0.00 pop=3851
  mpx-135 traj: trials=94860000 wall=225153s knowledge=0.0000 reliable=0 spec=0.00 pop=3848
  mpx-135 traj: trials=94920000 wall=225251s knowledge=0.0000 reliable=0 spec=0.00 pop=4182
  mpx-135 traj: trials=94980000 wall=225378s knowledge=0.0000 reliable=0 spec=0.00 pop=3862
  mpx-135 traj: trials=95040000 wall=225512s knowledge=0.0000 reliable=0 spec=0.00 pop=3737
  mpx-135 traj: trials=95100000 wall=225636s knowledge=0.0000 reliable=0 spec=0.00 pop=3603
  mpx-135 traj: trials=95160000 wall=225753s knowledge=0.0000 reliable=0 spec=0.00 pop=3899
  mpx-135 traj: trials=95220000 wall=225862s knowledge=0.0000 reliable=0 spec=0.00 pop=4257
  mpx-135 traj: trials=95280000 wall=225987s knowledge=0.0000 reliable=0 spec=0.00 pop=4216
  mpx-135 traj: trials=95340000 wall=226100s knowledge=0.0000 reliable=0 spec=0.00 pop=3808
  mpx-135 traj: trials=95400000 wall=226236s knowledge=0.0000 reliable=0 spec=0.00 pop=3874
  mpx-135 traj: trials=95460000 wall=226340s knowledge=0.0000 reliable=0 spec=0.00 pop=4080
  mpx-135 traj: trials=95520000 wall=226457s knowledge=0.0000 reliable=0 spec=0.00 pop=3942
  mpx-135 traj: trials=95580000 wall=226588s knowledge=0.0000 reliable=0 spec=0.00 pop=4063
  mpx-135 traj: trials=95640000 wall=226726s knowledge=0.0000 reliable=0 spec=0.00 pop=4007
  mpx-135 traj: trials=95700000 wall=226848s knowledge=0.0000 reliable=0 spec=0.00 pop=4304
  mpx-135 traj: trials=95760000 wall=226975s knowledge=0.0000 reliable=0 spec=0.00 pop=3898
  mpx-135 traj: trials=95820000 wall=227134s knowledge=0.0000 reliable=0 spec=0.00 pop=4162
  mpx-135 traj: trials=95880000 wall=227255s knowledge=0.0000 reliable=0 spec=0.00 pop=4449
  mpx-135 traj: trials=95940000 wall=227507s knowledge=0.0000 reliable=0 spec=0.00 pop=4242
  mpx-135 traj: trials=96000000 wall=227630s knowledge=0.0000 reliable=0 spec=0.00 pop=3918
  mpx-135 traj: trials=96060000 wall=227745s knowledge=0.0000 reliable=0 spec=0.00 pop=3937
  mpx-135 traj: trials=96120000 wall=227857s knowledge=0.0000 reliable=0 spec=0.00 pop=3807
  mpx-135 traj: trials=96180000 wall=227995s knowledge=0.0000 reliable=0 spec=0.00 pop=3904
  mpx-135 traj: trials=96240000 wall=228102s knowledge=0.0000 reliable=0 spec=0.00 pop=3647
  mpx-135 traj: trials=96300000 wall=228202s knowledge=0.0000 reliable=0 spec=0.00 pop=3743
  mpx-135 traj: trials=96360000 wall=228312s knowledge=0.0000 reliable=0 spec=0.00 pop=4241
  mpx-135 traj: trials=96420000 wall=228439s knowledge=0.0000 reliable=0 spec=0.00 pop=3896
  mpx-135 traj: trials=96480000 wall=228565s knowledge=0.0000 reliable=0 spec=0.00 pop=3715
  mpx-135 traj: trials=96540000 wall=228680s knowledge=0.0000 reliable=0 spec=0.00 pop=3689
  mpx-135 traj: trials=96600000 wall=228845s knowledge=0.0000 reliable=0 spec=0.00 pop=3720
  mpx-135 traj: trials=96660000 wall=229013s knowledge=0.0000 reliable=0 spec=0.00 pop=3933
  mpx-135 traj: trials=96720000 wall=229130s knowledge=0.0000 reliable=0 spec=0.00 pop=4030
  mpx-135 traj: trials=96780000 wall=229261s knowledge=0.0000 reliable=0 spec=0.00 pop=3807
  mpx-135 traj: trials=96840000 wall=229406s knowledge=0.0000 reliable=0 spec=0.00 pop=4021
  mpx-135 traj: trials=96900000 wall=229524s knowledge=0.0000 reliable=0 spec=0.00 pop=3945
  mpx-135 traj: trials=96960000 wall=229646s knowledge=0.0000 reliable=0 spec=0.00 pop=3765
  mpx-135 traj: trials=97020000 wall=229750s knowledge=0.0000 reliable=0 spec=0.00 pop=3872
  mpx-135 traj: trials=97080000 wall=229867s knowledge=0.0000 reliable=0 spec=0.00 pop=4103
  mpx-135 traj: trials=97140000 wall=230035s knowledge=0.0000 reliable=0 spec=0.00 pop=3970
  mpx-135 traj: trials=97200000 wall=230206s knowledge=0.0000 reliable=0 spec=0.00 pop=4826
  mpx-135 traj: trials=97260000 wall=230405s knowledge=0.0000 reliable=0 spec=0.00 pop=4341
  mpx-135 traj: trials=97320000 wall=230529s knowledge=0.0000 reliable=0 spec=0.00 pop=4128
  mpx-135 traj: trials=97380000 wall=230644s knowledge=0.0000 reliable=0 spec=0.00 pop=3753
  mpx-135 traj: trials=97440000 wall=230745s knowledge=0.0000 reliable=0 spec=0.00 pop=3839
  mpx-135 traj: trials=97500000 wall=230956s knowledge=0.0000 reliable=0 spec=0.00 pop=5699
  mpx-135 traj: trials=97560000 wall=231091s knowledge=0.0000 reliable=0 spec=0.00 pop=4088
  mpx-135 traj: trials=97620000 wall=231294s knowledge=0.0000 reliable=0 spec=0.00 pop=3755
  mpx-135 traj: trials=97680000 wall=231406s knowledge=0.0000 reliable=0 spec=0.00 pop=4363
  mpx-135 traj: trials=97740000 wall=231653s knowledge=0.0000 reliable=0 spec=0.00 pop=4868
  mpx-135 traj: trials=97800000 wall=231768s knowledge=0.0000 reliable=0 spec=0.00 pop=3785
  mpx-135 traj: trials=97860000 wall=231918s knowledge=0.0000 reliable=0 spec=0.00 pop=4106
  mpx-135 traj: trials=97920000 wall=232044s knowledge=0.0000 reliable=0 spec=0.00 pop=4207
  mpx-135 traj: trials=97980000 wall=232162s knowledge=0.0000 reliable=0 spec=0.00 pop=3864
  mpx-135 traj: trials=98040000 wall=232260s knowledge=0.0000 reliable=0 spec=0.00 pop=3794
  mpx-135 traj: trials=98100000 wall=232369s knowledge=0.0000 reliable=0 spec=0.00 pop=4340
  mpx-135 traj: trials=98160000 wall=232521s knowledge=0.0000 reliable=0 spec=0.00 pop=4481
  mpx-135 traj: trials=98220000 wall=232618s knowledge=0.0000 reliable=0 spec=0.00 pop=3888
  mpx-135 traj: trials=98280000 wall=232757s knowledge=0.0000 reliable=0 spec=0.00 pop=3962
  mpx-135 traj: trials=98340000 wall=232921s knowledge=0.0000 reliable=0 spec=0.00 pop=3676
  mpx-135 traj: trials=98400000 wall=233040s knowledge=0.0000 reliable=0 spec=0.00 pop=3678
  mpx-135 traj: trials=98460000 wall=233157s knowledge=0.0000 reliable=0 spec=0.00 pop=3978
  mpx-135 traj: trials=98520000 wall=233269s knowledge=0.0000 reliable=0 spec=0.00 pop=3942
  mpx-135 traj: trials=98580000 wall=233380s knowledge=0.0000 reliable=0 spec=0.00 pop=4059
  mpx-135 traj: trials=98640000 wall=233509s knowledge=0.0000 reliable=0 spec=0.00 pop=4133
  mpx-135 traj: trials=98700000 wall=233667s knowledge=0.0000 reliable=0 spec=0.00 pop=4697
  mpx-135 traj: trials=98760000 wall=233794s knowledge=0.0000 reliable=0 spec=0.00 pop=4076
  mpx-135 traj: trials=98820000 wall=233940s knowledge=0.0000 reliable=0 spec=0.00 pop=4013
  mpx-135 traj: trials=98880000 wall=234055s knowledge=0.0000 reliable=0 spec=0.00 pop=3801
  mpx-135 traj: trials=98940000 wall=234206s knowledge=0.0000 reliable=0 spec=0.00 pop=4922
  mpx-135 traj: trials=99000000 wall=234314s knowledge=0.0000 reliable=0 spec=0.00 pop=3865
  mpx-135 traj: trials=99060000 wall=234463s knowledge=0.0000 reliable=0 spec=0.00 pop=3809
  mpx-135 traj: trials=99120000 wall=234575s knowledge=0.0000 reliable=0 spec=0.00 pop=3959
  mpx-135 traj: trials=99180000 wall=234706s knowledge=0.0000 reliable=0 spec=0.00 pop=4160
  mpx-135 traj: trials=99240000 wall=234842s knowledge=0.0000 reliable=0 spec=0.00 pop=4277
  mpx-135 traj: trials=99300000 wall=235029s knowledge=0.0000 reliable=0 spec=0.00 pop=3992
  mpx-135 traj: trials=99360000 wall=235156s knowledge=0.0000 reliable=0 spec=0.00 pop=4336
  mpx-135 traj: trials=99420000 wall=235278s knowledge=0.0000 reliable=0 spec=0.00 pop=3822
  mpx-135 traj: trials=99480000 wall=235384s knowledge=0.0000 reliable=0 spec=0.00 pop=3810
  mpx-135 traj: trials=99540000 wall=235509s knowledge=0.0000 reliable=0 spec=0.00 pop=3843
  mpx-135 traj: trials=99600000 wall=235624s knowledge=0.0000 reliable=0 spec=0.00 pop=3658
  mpx-135 traj: trials=99660000 wall=235759s knowledge=0.0000 reliable=0 spec=0.00 pop=3686
  mpx-135 traj: trials=99720000 wall=235905s knowledge=0.0000 reliable=0 spec=0.00 pop=4065
  mpx-135 traj: trials=99780000 wall=236015s knowledge=0.0000 reliable=0 spec=0.00 pop=3837
  mpx-135 traj: trials=99840000 wall=236137s knowledge=0.0000 reliable=0 spec=0.00 pop=4119
  mpx-135 traj: trials=99900000 wall=236255s knowledge=0.0000 reliable=0 spec=0.00 pop=3886
  mpx-135 traj: trials=99960000 wall=236407s knowledge=0.0000 reliable=0 spec=0.00 pop=3687
  mpx-135 traj: trials=100020000 wall=236538s knowledge=0.0000 reliable=0 spec=0.00 pop=4200
  mpx-135 traj: trials=100080000 wall=236696s knowledge=0.0000 reliable=0 spec=0.00 pop=3955
  mpx-135 traj: trials=100140000 wall=237082s knowledge=0.0000 reliable=0 spec=0.00 pop=4142
  mpx-135 traj: trials=100200000 wall=237204s knowledge=0.0000 reliable=0 spec=0.00 pop=3957
  mpx-135 traj: trials=100260000 wall=237328s knowledge=0.0000 reliable=0 spec=0.00 pop=3657
  mpx-135 traj: trials=100320000 wall=237456s knowledge=0.0000 reliable=0 spec=0.00 pop=3814
  mpx-135 traj: trials=100380000 wall=237572s knowledge=0.0000 reliable=0 spec=0.00 pop=3768
  mpx-135 traj: trials=100440000 wall=237702s knowledge=0.0000 reliable=0 spec=0.00 pop=3909
  mpx-135 traj: trials=100500000 wall=237812s knowledge=0.0000 reliable=0 spec=0.00 pop=3697
  mpx-135 traj: trials=100560000 wall=237994s knowledge=0.0000 reliable=0 spec=0.00 pop=4093
  mpx-135 traj: trials=100620000 wall=238320s knowledge=0.0000 reliable=0 spec=0.00 pop=4551
  mpx-135 traj: trials=100680000 wall=238464s knowledge=0.0000 reliable=0 spec=0.00 pop=3771
  mpx-135 traj: trials=100740000 wall=238584s knowledge=0.0000 reliable=0 spec=0.00 pop=4228
  mpx-135 traj: trials=100800000 wall=238684s knowledge=0.0000 reliable=0 spec=0.00 pop=4035
  mpx-135 traj: trials=100860000 wall=238802s knowledge=0.0000 reliable=0 spec=0.00 pop=3881
  mpx-135 traj: trials=100920000 wall=238963s knowledge=0.0000 reliable=0 spec=0.00 pop=3851
  mpx-135 traj: trials=100980000 wall=239110s knowledge=0.0000 reliable=0 spec=0.00 pop=4157
  mpx-135 traj: trials=101040000 wall=239234s knowledge=0.0000 reliable=0 spec=0.00 pop=4352
  mpx-135 traj: trials=101100000 wall=239362s knowledge=0.0000 reliable=0 spec=0.00 pop=3701
  mpx-135 traj: trials=101160000 wall=239505s knowledge=0.0000 reliable=0 spec=0.00 pop=3834
  mpx-135 traj: trials=101220000 wall=239625s knowledge=0.0000 reliable=0 spec=0.00 pop=3791
  mpx-135 traj: trials=101280000 wall=239742s knowledge=0.0000 reliable=0 spec=0.00 pop=3728
  mpx-135 traj: trials=101340000 wall=239870s knowledge=0.0000 reliable=0 spec=0.00 pop=3735
  mpx-135 traj: trials=101400000 wall=239974s knowledge=0.0000 reliable=0 spec=0.00 pop=4040
  mpx-135 traj: trials=101460000 wall=240092s knowledge=0.0000 reliable=0 spec=0.00 pop=3854
  mpx-135 traj: trials=101520000 wall=240511s knowledge=0.0000 reliable=0 spec=0.00 pop=3957
  mpx-135 traj: trials=101580000 wall=240656s knowledge=0.0000 reliable=0 spec=0.00 pop=4873
  mpx-135 traj: trials=101640000 wall=240933s knowledge=0.0000 reliable=0 spec=0.00 pop=4302
  mpx-135 traj: trials=101700000 wall=241045s knowledge=0.0000 reliable=0 spec=0.00 pop=3610
  mpx-135 traj: trials=101760000 wall=241209s knowledge=0.0000 reliable=0 spec=0.00 pop=4008
  mpx-135 traj: trials=101820000 wall=241314s knowledge=0.0000 reliable=0 spec=0.00 pop=3726
  mpx-135 traj: trials=101880000 wall=241494s knowledge=0.0000 reliable=0 spec=0.00 pop=4154
  mpx-135 traj: trials=101940000 wall=241597s knowledge=0.0000 reliable=0 spec=0.00 pop=4170
  mpx-135 traj: trials=102000000 wall=241722s knowledge=0.0000 reliable=0 spec=0.00 pop=3770
  mpx-135 traj: trials=102060000 wall=241829s knowledge=0.0000 reliable=0 spec=0.00 pop=3772
  mpx-135 traj: trials=102120000 wall=241945s knowledge=0.0000 reliable=0 spec=0.00 pop=4560
  mpx-135 traj: trials=102180000 wall=242139s knowledge=0.0000 reliable=0 spec=0.00 pop=3887
  mpx-135 traj: trials=102240000 wall=242256s knowledge=0.0000 reliable=0 spec=0.00 pop=4203
  mpx-135 traj: trials=102300000 wall=242397s knowledge=0.0000 reliable=0 spec=0.00 pop=3934
  mpx-135 traj: trials=102360000 wall=242545s knowledge=0.0000 reliable=0 spec=0.00 pop=5080
  mpx-135 traj: trials=102420000 wall=242695s knowledge=0.0000 reliable=0 spec=0.00 pop=4505
  mpx-135 traj: trials=102480000 wall=242835s knowledge=0.0000 reliable=0 spec=0.00 pop=4122
  mpx-135 traj: trials=102540000 wall=242955s knowledge=0.0000 reliable=0 spec=0.00 pop=4033
  mpx-135 traj: trials=102600000 wall=243067s knowledge=0.0000 reliable=0 spec=0.00 pop=4357
  mpx-135 traj: trials=102660000 wall=243235s knowledge=0.0000 reliable=0 spec=0.00 pop=4170
  mpx-135 traj: trials=102720000 wall=243347s knowledge=0.0000 reliable=0 spec=0.00 pop=4376
  mpx-135 traj: trials=102780000 wall=243503s knowledge=0.0000 reliable=0 spec=0.00 pop=3973
  mpx-135 traj: trials=102840000 wall=243615s knowledge=0.0000 reliable=0 spec=0.00 pop=3790
  mpx-135 traj: trials=102900000 wall=243727s knowledge=0.0000 reliable=0 spec=0.00 pop=4064
  mpx-135 traj: trials=102960000 wall=243830s knowledge=0.0000 reliable=0 spec=0.00 pop=3859
  mpx-135 traj: trials=103020000 wall=243935s knowledge=0.0000 reliable=0 spec=0.00 pop=3720
  mpx-135 traj: trials=103080000 wall=244072s knowledge=0.0000 reliable=0 spec=0.00 pop=4248
  mpx-135 traj: trials=103140000 wall=244193s knowledge=0.0000 reliable=0 spec=0.00 pop=3948
  mpx-135 traj: trials=103200000 wall=244311s knowledge=0.0000 reliable=0 spec=0.00 pop=4000
  mpx-135 traj: trials=103260000 wall=244428s knowledge=0.0000 reliable=0 spec=0.00 pop=4342
  mpx-135 traj: trials=103320000 wall=244524s knowledge=0.0000 reliable=0 spec=0.00 pop=3938
  mpx-135 traj: trials=103380000 wall=244639s knowledge=0.0000 reliable=0 spec=0.00 pop=3897
  mpx-135 traj: trials=103440000 wall=244742s knowledge=0.0000 reliable=0 spec=0.00 pop=3892
  mpx-135 traj: trials=103500000 wall=244864s knowledge=0.0000 reliable=0 spec=0.00 pop=4039
  mpx-135 traj: trials=103560000 wall=245065s knowledge=0.0000 reliable=0 spec=0.00 pop=4049
  mpx-135 traj: trials=103620000 wall=245183s knowledge=0.0000 reliable=0 spec=0.00 pop=4056
  mpx-135 traj: trials=103680000 wall=245325s knowledge=0.0000 reliable=0 spec=0.00 pop=4254
  mpx-135 traj: trials=103740000 wall=245440s knowledge=0.0000 reliable=0 spec=0.00 pop=3736
  mpx-135 traj: trials=103800000 wall=245559s knowledge=0.0000 reliable=0 spec=0.00 pop=4084
  mpx-135 traj: trials=103860000 wall=245655s knowledge=0.0000 reliable=0 spec=0.00 pop=3992
  mpx-135 traj: trials=103920000 wall=245816s knowledge=0.0000 reliable=0 spec=0.00 pop=3990
  mpx-135 traj: trials=103980000 wall=245927s knowledge=0.0000 reliable=0 spec=0.00 pop=3837
  mpx-135 traj: trials=104040000 wall=246191s knowledge=0.0000 reliable=0 spec=0.00 pop=3945
  mpx-135 traj: trials=104100000 wall=246316s knowledge=0.0000 reliable=0 spec=0.00 pop=3947
  mpx-135 traj: trials=104160000 wall=246428s knowledge=0.0000 reliable=0 spec=0.00 pop=4168
  mpx-135 traj: trials=104220000 wall=246577s knowledge=0.0000 reliable=0 spec=0.00 pop=4376
  mpx-135 traj: trials=104280000 wall=246687s knowledge=0.0000 reliable=0 spec=0.00 pop=4013
  mpx-135 traj: trials=104340000 wall=246921s knowledge=0.0000 reliable=0 spec=0.00 pop=3852
  mpx-135 traj: trials=104400000 wall=247043s knowledge=0.0000 reliable=0 spec=0.00 pop=3937
  mpx-135 traj: trials=104460000 wall=247184s knowledge=0.0000 reliable=0 spec=0.00 pop=4089
  mpx-135 traj: trials=104520000 wall=247300s knowledge=0.0000 reliable=0 spec=0.00 pop=4064
  mpx-135 traj: trials=104580000 wall=247401s knowledge=0.0000 reliable=0 spec=0.00 pop=4082
  mpx-135 traj: trials=104640000 wall=247514s knowledge=0.0000 reliable=0 spec=0.00 pop=3770
  mpx-135 traj: trials=104700000 wall=247659s knowledge=0.0000 reliable=0 spec=0.00 pop=5396
  mpx-135 traj: trials=104760000 wall=247810s knowledge=0.0000 reliable=0 spec=0.00 pop=3737
  mpx-135 traj: trials=104820000 wall=247942s knowledge=0.0000 reliable=0 spec=0.00 pop=4004
  mpx-135 traj: trials=104880000 wall=248122s knowledge=0.0000 reliable=0 spec=0.00 pop=3865
  mpx-135 traj: trials=104940000 wall=248243s knowledge=0.0000 reliable=0 spec=0.00 pop=3978
  mpx-135 traj: trials=105000000 wall=248472s knowledge=0.0000 reliable=0 spec=0.00 pop=4031
  mpx-135 traj: trials=105060000 wall=248598s knowledge=0.0000 reliable=0 spec=0.00 pop=3771
  mpx-135 traj: trials=105120000 wall=248708s knowledge=0.0000 reliable=0 spec=0.00 pop=3866
  mpx-135 traj: trials=105180000 wall=248811s knowledge=0.0000 reliable=0 spec=0.00 pop=3780
  mpx-135 traj: trials=105240000 wall=248985s knowledge=0.0000 reliable=0 spec=0.00 pop=4052
  mpx-135 traj: trials=105300000 wall=249232s knowledge=0.0000 reliable=0 spec=0.00 pop=4058
  mpx-135 traj: trials=105360000 wall=249384s knowledge=0.0000 reliable=0 spec=0.00 pop=3810
  mpx-135 traj: trials=105420000 wall=249609s knowledge=0.0000 reliable=0 spec=0.00 pop=4147
  mpx-135 traj: trials=105480000 wall=249735s knowledge=0.0000 reliable=0 spec=0.00 pop=4182
  mpx-135 traj: trials=105540000 wall=249853s knowledge=0.0000 reliable=0 spec=0.00 pop=3703
  mpx-135 traj: trials=105600000 wall=249965s knowledge=0.0000 reliable=0 spec=0.00 pop=3949
  mpx-135 repeat 0: TIME-LIMITED trials=105621000 knowledge=0.0000 reliable=0 spec=0.00/136 peak_macro=39283 peak_rss=0.00GB wall=250000.5s
  mpx-135 verdict agreement across 1 repeats: ALL AGREE
