run-provenance: commit=16a24bd job=5954234 attempt=0 tag=eps1_s44 size=135 seed=44 time_cap=1800000s partition=bem2-cpu-normal host=r22c01b05.bem2.kdm.wcss.pl started=2026-09-25T14:48:31+02:00
run-argv: --log-coverage 
run-segment: base=slurm_mpx135_s44_eps1_s44 checkpoint=/home/alelys2099/mpx_runs/checkpoints/slurm_mpx135_s44_eps1_s44.ckpt checkpoint_every=100000 resumed=yes
acs2-bench mpx-reach: agent=acs2 sizes=[135] n_exp=1 seed=44 rss_cap=5.6GB time_cap=1800000s do_ga=true alp_gen_variant=pyalcs epsilon=1 encoding=flip eval_interval=120000 accuracy_every=5 strict_resource_limits=false rss_scope=process-lifetime checkpoint=on checkpoint_every=100000
  mem mpx-135 (N=136): condition=272B effect=272B mark=3264B (stack) classifier=3896B  mark/classifier=83.8%  rss-cap pop-threshold=1437371
  mpx-135 trials_cap=18446744073709551615 (= 20000*2^(k-6)*10, clamped to u64::MAX) u_max=11
  mpx-135 resumed: trials=43800000 time=43800000 since_eval=0 knowledge=0.1169 carried_wall=141998s from=/home/alelys2099/mpx_runs/checkpoints/slurm_mpx135_s44_eps1_s44.ckpt
  mpx-135 traj: trials=43920000 wall=142159s knowledge=0.1181 reliable=117 spec=10.43 pop=4788
  mpx-135 cover: trials=43920000 overall=0.1181 a0_nochange=0.0000 a0_change=0.0074 a1_nochange=0.0000 a1_change=0.4648 matched_but_wrong=0
  mpx-135 traj: trials=44040000 wall=142332s knowledge=0.1179 reliable=112 spec=10.37 pop=5329
  mpx-135 cover: trials=44040000 overall=0.1179 a0_nochange=0.0000 a0_change=0.0074 a1_nochange=0.0000 a1_change=0.4640 matched_but_wrong=0
  mpx-135 traj: trials=44160000 wall=142513s knowledge=0.1194 reliable=117 spec=10.35 pop=5489
  mpx-135 cover: trials=44160000 overall=0.1194 a0_nochange=0.0000 a0_change=0.0074 a1_nochange=0.0000 a1_change=0.4702 matched_but_wrong=2
  mpx-135 traj: trials=44280000 wall=142703s knowledge=0.1185 reliable=110 spec=10.31 pop=5253
  mpx-135 cover: trials=44280000 overall=0.1185 a0_nochange=0.0000 a0_change=0.0068 a1_nochange=0.0000 a1_change=0.4671 matched_but_wrong=0
  mpx-135 traj: trials=44400000 wall=142871s knowledge=0.1185 reliable=110 spec=10.31 pop=5048
  mpx-135 cover: trials=44400000 overall=0.1185 a0_nochange=0.0000 a0_change=0.0068 a1_nochange=0.0000 a1_change=0.4670 matched_but_wrong=0
  mpx-135 acc: trials=44400000 accuracy=0.6554
  mpx-135 traj: trials=44520000 wall=143040s knowledge=0.1188 reliable=113 spec=10.37 pop=4952
  mpx-135 cover: trials=44520000 overall=0.1188 a0_nochange=0.0000 a0_change=0.0068 a1_nochange=0.0000 a1_change=0.4685 matched_but_wrong=11
  mpx-135 traj: trials=44640000 wall=143286s knowledge=0.1230 reliable=122 spec=10.30 pop=5552
  mpx-135 cover: trials=44640000 overall=0.1230 a0_nochange=0.0000 a0_change=0.0068 a1_nochange=0.0000 a1_change=0.4852 matched_but_wrong=26
  mpx-135 traj: trials=44760000 wall=143444s knowledge=0.1214 reliable=122 spec=10.47 pop=5446
  mpx-135 cover: trials=44760000 overall=0.1214 a0_nochange=0.0000 a0_change=0.0068 a1_nochange=0.0000 a1_change=0.4787 matched_but_wrong=26
  mpx-135 traj: trials=44880000 wall=143598s knowledge=0.1223 reliable=113 spec=10.16 pop=5304
  mpx-135 cover: trials=44880000 overall=0.1223 a0_nochange=0.0000 a0_change=0.0068 a1_nochange=0.0000 a1_change=0.4822 matched_but_wrong=16
  mpx-135 traj: trials=45000000 wall=143759s knowledge=0.1233 reliable=116 spec=10.16 pop=5116
  mpx-135 cover: trials=45000000 overall=0.1233 a0_nochange=0.0000 a0_change=0.0068 a1_nochange=0.0000 a1_change=0.4861 matched_but_wrong=3
  mpx-135 acc: trials=45000000 accuracy=0.6525
  mpx-135 traj: trials=45120000 wall=143937s knowledge=0.1234 reliable=115 spec=10.16 pop=5478
  mpx-135 cover: trials=45120000 overall=0.1234 a0_nochange=0.0000 a0_change=0.0068 a1_nochange=0.0000 a1_change=0.4868 matched_but_wrong=0
  mpx-135 traj: trials=45240000 wall=144093s knowledge=0.1254 reliable=118 spec=10.14 pop=5201
  mpx-135 cover: trials=45240000 overall=0.1254 a0_nochange=0.0000 a0_change=0.0068 a1_nochange=0.0000 a1_change=0.4948 matched_but_wrong=5
  mpx-135 traj: trials=45360000 wall=144260s knowledge=0.1256 reliable=125 spec=10.26 pop=5305
  mpx-135 cover: trials=45360000 overall=0.1256 a0_nochange=0.0000 a0_change=0.0068 a1_nochange=0.0000 a1_change=0.4956 matched_but_wrong=14
  mpx-135 traj: trials=45480000 wall=144427s knowledge=0.1257 reliable=118 spec=10.31 pop=5096
  mpx-135 cover: trials=45480000 overall=0.1257 a0_nochange=0.0000 a0_change=0.0068 a1_nochange=0.0000 a1_change=0.4959 matched_but_wrong=1
  mpx-135 traj: trials=45600000 wall=144584s knowledge=0.1252 reliable=118 spec=10.31 pop=5102
  mpx-135 cover: trials=45600000 overall=0.1252 a0_nochange=0.0000 a0_change=0.0068 a1_nochange=0.0000 a1_change=0.4938 matched_but_wrong=2
  mpx-135 acc: trials=45600000 accuracy=0.6296
  mpx-135 traj: trials=45720000 wall=144754s knowledge=0.1252 reliable=113 spec=10.26 pop=4945
  mpx-135 cover: trials=45720000 overall=0.1252 a0_nochange=0.0000 a0_change=0.0068 a1_nochange=0.0000 a1_change=0.4938 matched_but_wrong=0
  mpx-135 traj: trials=45840000 wall=144947s knowledge=0.1256 reliable=118 spec=10.34 pop=5007
  mpx-135 cover: trials=45840000 overall=0.1256 a0_nochange=0.0000 a0_change=0.0068 a1_nochange=0.0000 a1_change=0.4956 matched_but_wrong=0
  mpx-135 traj: trials=45960000 wall=145115s knowledge=0.1257 reliable=118 spec=10.35 pop=5139
  mpx-135 cover: trials=45960000 overall=0.1257 a0_nochange=0.0000 a0_change=0.0068 a1_nochange=0.0000 a1_change=0.4960 matched_but_wrong=3
  mpx-135 traj: trials=46080000 wall=145272s knowledge=0.1255 reliable=114 spec=10.29 pop=5081
  mpx-135 cover: trials=46080000 overall=0.1255 a0_nochange=0.0000 a0_change=0.0068 a1_nochange=0.0000 a1_change=0.4952 matched_but_wrong=4
  mpx-135 traj: trials=46200000 wall=145448s knowledge=0.1264 reliable=113 spec=10.24 pop=4843
  mpx-135 cover: trials=46200000 overall=0.1264 a0_nochange=0.0000 a0_change=0.0068 a1_nochange=0.0000 a1_change=0.4987 matched_but_wrong=0
  mpx-135 acc: trials=46200000 accuracy=0.6502
  mpx-135 traj: trials=46320000 wall=145624s knowledge=0.1254 reliable=111 spec=10.31 pop=4849
  mpx-135 cover: trials=46320000 overall=0.1254 a0_nochange=0.0000 a0_change=0.0068 a1_nochange=0.0000 a1_change=0.4947 matched_but_wrong=0
  mpx-135 traj: trials=46440000 wall=145783s knowledge=0.1251 reliable=109 spec=10.28 pop=4863
  mpx-135 cover: trials=46440000 overall=0.1251 a0_nochange=0.0000 a0_change=0.0068 a1_nochange=0.0000 a1_change=0.4936 matched_but_wrong=0
  mpx-135 traj: trials=46560000 wall=145998s knowledge=0.1250 reliable=108 spec=10.29 pop=4833
  mpx-135 cover: trials=46560000 overall=0.1250 a0_nochange=0.0000 a0_change=0.0068 a1_nochange=0.0000 a1_change=0.4931 matched_but_wrong=0
  mpx-135 traj: trials=46680000 wall=146182s knowledge=0.1254 reliable=108 spec=10.20 pop=4925
  mpx-135 cover: trials=46680000 overall=0.1254 a0_nochange=0.0000 a0_change=0.0068 a1_nochange=0.0000 a1_change=0.4946 matched_but_wrong=0
  mpx-135 traj: trials=46800000 wall=146349s knowledge=0.1259 reliable=107 spec=10.17 pop=4694
  mpx-135 cover: trials=46800000 overall=0.1259 a0_nochange=0.0000 a0_change=0.0068 a1_nochange=0.0000 a1_change=0.4968 matched_but_wrong=0
  mpx-135 acc: trials=46800000 accuracy=0.6320
  mpx-135 traj: trials=46920000 wall=146546s knowledge=0.1264 reliable=111 spec=10.27 pop=5060
  mpx-135 cover: trials=46920000 overall=0.1264 a0_nochange=0.0000 a0_change=0.0068 a1_nochange=0.0000 a1_change=0.4986 matched_but_wrong=0
  mpx-135 traj: trials=47040000 wall=146713s knowledge=0.1259 reliable=109 spec=10.31 pop=4718
  mpx-135 cover: trials=47040000 overall=0.1259 a0_nochange=0.0000 a0_change=0.0068 a1_nochange=0.0000 a1_change=0.4965 matched_but_wrong=0
  mpx-135 traj: trials=47160000 wall=146911s knowledge=0.1259 reliable=109 spec=10.31 pop=4740
  mpx-135 cover: trials=47160000 overall=0.1259 a0_nochange=0.0000 a0_change=0.0068 a1_nochange=0.0000 a1_change=0.4965 matched_but_wrong=0
  mpx-135 traj: trials=47280000 wall=147069s knowledge=0.1256 reliable=105 spec=10.24 pop=4679
  mpx-135 cover: trials=47280000 overall=0.1256 a0_nochange=0.0000 a0_change=0.0068 a1_nochange=0.0000 a1_change=0.4954 matched_but_wrong=0
  mpx-135 traj: trials=47400000 wall=147237s knowledge=0.1257 reliable=105 spec=10.22 pop=4670
  mpx-135 cover: trials=47400000 overall=0.1257 a0_nochange=0.0000 a0_change=0.0068 a1_nochange=0.0000 a1_change=0.4960 matched_but_wrong=0
  mpx-135 acc: trials=47400000 accuracy=0.6136
  mpx-135 traj: trials=47520000 wall=147439s knowledge=0.1263 reliable=102 spec=10.15 pop=4763
  mpx-135 cover: trials=47520000 overall=0.1263 a0_nochange=0.0000 a0_change=0.0068 a1_nochange=0.0000 a1_change=0.4984 matched_but_wrong=0
  mpx-135 traj: trials=47640000 wall=147604s knowledge=0.1262 reliable=101 spec=10.10 pop=4742
  mpx-135 cover: trials=47640000 overall=0.1262 a0_nochange=0.0000 a0_change=0.0068 a1_nochange=0.0000 a1_change=0.4978 matched_but_wrong=0
  mpx-135 traj: trials=47760000 wall=147851s knowledge=0.1266 reliable=99 spec=10.00 pop=4936
  mpx-135 cover: trials=47760000 overall=0.1266 a0_nochange=0.0000 a0_change=0.0068 a1_nochange=0.0000 a1_change=0.4995 matched_but_wrong=0
  mpx-135 traj: trials=47880000 wall=148015s knowledge=0.1291 reliable=103 spec=10.08 pop=4869
  mpx-135 cover: trials=47880000 overall=0.1291 a0_nochange=0.0000 a0_change=0.0068 a1_nochange=0.0000 a1_change=0.5097 matched_but_wrong=9
  mpx-135 traj: trials=48000000 wall=148176s knowledge=0.1291 reliable=101 spec=10.08 pop=4816
  mpx-135 cover: trials=48000000 overall=0.1291 a0_nochange=0.0000 a0_change=0.0068 a1_nochange=0.0000 a1_change=0.5095 matched_but_wrong=4
  mpx-135 acc: trials=48000000 accuracy=0.6802
  mpx-135 traj: trials=48120000 wall=148347s knowledge=0.1283 reliable=99 spec=10.06 pop=4856
  mpx-135 cover: trials=48120000 overall=0.1283 a0_nochange=0.0000 a0_change=0.0068 a1_nochange=0.0000 a1_change=0.5064 matched_but_wrong=1
  mpx-135 traj: trials=48240000 wall=148501s knowledge=0.1299 reliable=101 spec=10.03 pop=5184
  mpx-135 cover: trials=48240000 overall=0.1299 a0_nochange=0.0000 a0_change=0.0068 a1_nochange=0.0000 a1_change=0.5127 matched_but_wrong=0
  mpx-135 traj: trials=48360000 wall=148666s knowledge=0.1297 reliable=107 spec=10.09 pop=4753
  mpx-135 cover: trials=48360000 overall=0.1297 a0_nochange=0.0000 a0_change=0.0068 a1_nochange=0.0000 a1_change=0.5119 matched_but_wrong=0
  mpx-135 traj: trials=48480000 wall=148845s knowledge=0.1297 reliable=105 spec=10.10 pop=4738
  mpx-135 cover: trials=48480000 overall=0.1297 a0_nochange=0.0000 a0_change=0.0068 a1_nochange=0.0000 a1_change=0.5119 matched_but_wrong=0
  mpx-135 traj: trials=48600000 wall=149055s knowledge=0.1311 reliable=108 spec=10.08 pop=4622
  mpx-135 cover: trials=48600000 overall=0.1311 a0_nochange=0.0000 a0_change=0.0068 a1_nochange=0.0000 a1_change=0.5174 matched_but_wrong=5
  mpx-135 acc: trials=48600000 accuracy=0.6704
  mpx-135 traj: trials=48720000 wall=149251s knowledge=0.1311 reliable=109 spec=10.09 pop=4815
  mpx-135 cover: trials=48720000 overall=0.1311 a0_nochange=0.0000 a0_change=0.0068 a1_nochange=0.0000 a1_change=0.5177 matched_but_wrong=0
  mpx-135 traj: trials=48840000 wall=149410s knowledge=0.1305 reliable=105 spec=10.08 pop=4910
  mpx-135 cover: trials=48840000 overall=0.1305 a0_nochange=0.0000 a0_change=0.0068 a1_nochange=0.0000 a1_change=0.5149 matched_but_wrong=0
  mpx-135 traj: trials=48960000 wall=149621s knowledge=0.1314 reliable=105 spec=10.07 pop=4633
  mpx-135 cover: trials=48960000 overall=0.1314 a0_nochange=0.0000 a0_change=0.0068 a1_nochange=0.0000 a1_change=0.5186 matched_but_wrong=0
  mpx-135 traj: trials=49080000 wall=149795s knowledge=0.1306 reliable=100 spec=9.96 pop=5092
  mpx-135 cover: trials=49080000 overall=0.1306 a0_nochange=0.0000 a0_change=0.0068 a1_nochange=0.0000 a1_change=0.5153 matched_but_wrong=0
  mpx-135 traj: trials=49200000 wall=150058s knowledge=0.1314 reliable=99 spec=9.89 pop=4888
  mpx-135 cover: trials=49200000 overall=0.1314 a0_nochange=0.0000 a0_change=0.0068 a1_nochange=0.0000 a1_change=0.5185 matched_but_wrong=0
  mpx-135 acc: trials=49200000 accuracy=0.6418
  mpx-135 traj: trials=49320000 wall=150246s knowledge=0.1305 reliable=99 spec=9.95 pop=4790
  mpx-135 cover: trials=49320000 overall=0.1305 a0_nochange=0.0000 a0_change=0.0068 a1_nochange=0.0000 a1_change=0.5149 matched_but_wrong=0
  mpx-135 traj: trials=49440000 wall=150410s knowledge=0.1317 reliable=101 spec=9.91 pop=5032
  mpx-135 cover: trials=49440000 overall=0.1317 a0_nochange=0.0000 a0_change=0.0068 a1_nochange=0.0000 a1_change=0.5199 matched_but_wrong=0
  mpx-135 traj: trials=49560000 wall=150574s knowledge=0.1325 reliable=99 spec=9.88 pop=4966
  mpx-135 cover: trials=49560000 overall=0.1325 a0_nochange=0.0000 a0_change=0.0068 a1_nochange=0.0000 a1_change=0.5230 matched_but_wrong=0
  mpx-135 traj: trials=49680000 wall=150731s knowledge=0.1315 reliable=97 spec=9.92 pop=4772
  mpx-135 cover: trials=49680000 overall=0.1315 a0_nochange=0.0000 a0_change=0.0068 a1_nochange=0.0000 a1_change=0.5189 matched_but_wrong=0
  mpx-135 traj: trials=49800000 wall=150892s knowledge=0.1315 reliable=97 spec=9.82 pop=4639
  mpx-135 cover: trials=49800000 overall=0.1315 a0_nochange=0.0000 a0_change=0.0068 a1_nochange=0.0000 a1_change=0.5191 matched_but_wrong=0
  mpx-135 acc: trials=49800000 accuracy=0.6286
  mpx-135 traj: trials=49920000 wall=151093s knowledge=0.1335 reliable=101 spec=9.85 pop=4454
  mpx-135 cover: trials=49920000 overall=0.1335 a0_nochange=0.0000 a0_change=0.0068 a1_nochange=0.0000 a1_change=0.5272 matched_but_wrong=0
  mpx-135 traj: trials=50040000 wall=151394s knowledge=0.1315 reliable=97 spec=9.78 pop=4708
  mpx-135 cover: trials=50040000 overall=0.1315 a0_nochange=0.0000 a0_change=0.0068 a1_nochange=0.0000 a1_change=0.5190 matched_but_wrong=1
  mpx-135 traj: trials=50160000 wall=151553s knowledge=0.1314 reliable=95 spec=9.76 pop=4684
  mpx-135 cover: trials=50160000 overall=0.1314 a0_nochange=0.0000 a0_change=0.0068 a1_nochange=0.0000 a1_change=0.5187 matched_but_wrong=0
  mpx-135 traj: trials=50280000 wall=151716s knowledge=0.1327 reliable=96 spec=9.61 pop=4485
  mpx-135 cover: trials=50280000 overall=0.1327 a0_nochange=0.0000 a0_change=0.0068 a1_nochange=0.0000 a1_change=0.5239 matched_but_wrong=0
  mpx-135 traj: trials=50400000 wall=151890s knowledge=0.1324 reliable=97 spec=9.66 pop=4821
  mpx-135 cover: trials=50400000 overall=0.1324 a0_nochange=0.0000 a0_change=0.0068 a1_nochange=0.0000 a1_change=0.5225 matched_but_wrong=0
  mpx-135 acc: trials=50400000 accuracy=0.6278
  mpx-135 traj: trials=50520000 wall=152172s knowledge=0.1322 reliable=95 spec=9.66 pop=4810
  mpx-135 cover: trials=50520000 overall=0.1322 a0_nochange=0.0000 a0_change=0.0068 a1_nochange=0.0000 a1_change=0.5220 matched_but_wrong=0
  mpx-135 traj: trials=50640000 wall=152345s knowledge=0.1327 reliable=92 spec=9.58 pop=4808
  mpx-135 cover: trials=50640000 overall=0.1327 a0_nochange=0.0000 a0_change=0.0068 a1_nochange=0.0000 a1_change=0.5238 matched_but_wrong=0
  mpx-135 traj: trials=50760000 wall=152501s knowledge=0.1324 reliable=93 spec=9.61 pop=4781
  mpx-135 cover: trials=50760000 overall=0.1324 a0_nochange=0.0000 a0_change=0.0068 a1_nochange=0.0000 a1_change=0.5228 matched_but_wrong=0
  mpx-135 traj: trials=50880000 wall=152667s knowledge=0.1324 reliable=92 spec=9.57 pop=4850
  mpx-135 cover: trials=50880000 overall=0.1324 a0_nochange=0.0000 a0_change=0.0068 a1_nochange=0.0000 a1_change=0.5228 matched_but_wrong=0
  mpx-135 traj: trials=51000000 wall=152839s knowledge=0.1331 reliable=89 spec=9.48 pop=4399
  mpx-135 cover: trials=51000000 overall=0.1331 a0_nochange=0.0000 a0_change=0.0068 a1_nochange=0.0000 a1_change=0.5256 matched_but_wrong=0
  mpx-135 acc: trials=51000000 accuracy=0.6805
  mpx-135 traj: trials=51120000 wall=153028s knowledge=0.1317 reliable=85 spec=9.42 pop=4624
  mpx-135 cover: trials=51120000 overall=0.1317 a0_nochange=0.0000 a0_change=0.0068 a1_nochange=0.0000 a1_change=0.5197 matched_but_wrong=0
  mpx-135 traj: trials=51240000 wall=153222s knowledge=0.1315 reliable=83 spec=9.37 pop=4458
  mpx-135 cover: trials=51240000 overall=0.1315 a0_nochange=0.0000 a0_change=0.0068 a1_nochange=0.0000 a1_change=0.5190 matched_but_wrong=0
  mpx-135 traj: trials=51360000 wall=153403s knowledge=0.1315 reliable=83 spec=9.37 pop=4605
  mpx-135 cover: trials=51360000 overall=0.1315 a0_nochange=0.0000 a0_change=0.0068 a1_nochange=0.0000 a1_change=0.5190 matched_but_wrong=0
  mpx-135 traj: trials=51480000 wall=153595s knowledge=0.1316 reliable=84 spec=9.39 pop=4784
  mpx-135 cover: trials=51480000 overall=0.1316 a0_nochange=0.0000 a0_change=0.0068 a1_nochange=0.0000 a1_change=0.5194 matched_but_wrong=0
  mpx-135 traj: trials=51600000 wall=153775s knowledge=0.1327 reliable=88 spec=9.41 pop=4532
  mpx-135 cover: trials=51600000 overall=0.1327 a0_nochange=0.0000 a0_change=0.0068 a1_nochange=0.0000 a1_change=0.5240 matched_but_wrong=0
  mpx-135 acc: trials=51600000 accuracy=0.6737
  mpx-135 traj: trials=51720000 wall=153992s knowledge=0.1319 reliable=85 spec=9.38 pop=4729
  mpx-135 cover: trials=51720000 overall=0.1319 a0_nochange=0.0000 a0_change=0.0068 a1_nochange=0.0000 a1_change=0.5206 matched_but_wrong=0
  mpx-135 traj: trials=51840000 wall=154208s knowledge=0.1319 reliable=85 spec=9.40 pop=4459
  mpx-135 cover: trials=51840000 overall=0.1319 a0_nochange=0.0000 a0_change=0.0068 a1_nochange=0.0000 a1_change=0.5205 matched_but_wrong=0
  mpx-135 traj: trials=51960000 wall=154447s knowledge=0.1314 reliable=83 spec=9.39 pop=5187
  mpx-135 cover: trials=51960000 overall=0.1314 a0_nochange=0.0000 a0_change=0.0068 a1_nochange=0.0000 a1_change=0.5185 matched_but_wrong=0
  mpx-135 traj: trials=52080000 wall=154627s knowledge=0.1314 reliable=83 spec=9.39 pop=4321
  mpx-135 cover: trials=52080000 overall=0.1314 a0_nochange=0.0000 a0_change=0.0068 a1_nochange=0.0000 a1_change=0.5185 matched_but_wrong=0
  mpx-135 traj: trials=52200000 wall=154803s knowledge=0.1319 reliable=85 spec=9.47 pop=7173
  mpx-135 cover: trials=52200000 overall=0.1319 a0_nochange=0.0000 a0_change=0.0068 a1_nochange=0.0000 a1_change=0.5205 matched_but_wrong=0
  mpx-135 acc: trials=52200000 accuracy=0.6139
  mpx-135 traj: trials=52320000 wall=155015s knowledge=0.1325 reliable=86 spec=9.47 pop=4385
  mpx-135 cover: trials=52320000 overall=0.1325 a0_nochange=0.0000 a0_change=0.0068 a1_nochange=0.0000 a1_change=0.5229 matched_but_wrong=0
  mpx-135 traj: trials=52440000 wall=155204s knowledge=0.1330 reliable=88 spec=9.47 pop=4511
  mpx-135 cover: trials=52440000 overall=0.1330 a0_nochange=0.0000 a0_change=0.0068 a1_nochange=0.0000 a1_change=0.5251 matched_but_wrong=0
  mpx-135 traj: trials=52560000 wall=155402s knowledge=0.1323 reliable=86 spec=9.48 pop=4513
  mpx-135 cover: trials=52560000 overall=0.1323 a0_nochange=0.0000 a0_change=0.0068 a1_nochange=0.0000 a1_change=0.5224 matched_but_wrong=0
  mpx-135 traj: trials=52680000 wall=155589s knowledge=0.1323 reliable=86 spec=9.48 pop=4786
  mpx-135 cover: trials=52680000 overall=0.1323 a0_nochange=0.0000 a0_change=0.0068 a1_nochange=0.0000 a1_change=0.5224 matched_but_wrong=0
  mpx-135 traj: trials=52800000 wall=155779s knowledge=0.1329 reliable=84 spec=9.33 pop=4675
  mpx-135 cover: trials=52800000 overall=0.1329 a0_nochange=0.0000 a0_change=0.0068 a1_nochange=0.0000 a1_change=0.5245 matched_but_wrong=0
  mpx-135 acc: trials=52800000 accuracy=0.6165
  mpx-135 traj: trials=52920000 wall=155957s knowledge=0.1329 reliable=85 spec=9.34 pop=4513
  mpx-135 cover: trials=52920000 overall=0.1329 a0_nochange=0.0000 a0_change=0.0068 a1_nochange=0.0000 a1_change=0.5248 matched_but_wrong=8
  mpx-135 traj: trials=53040000 wall=156125s knowledge=0.1320 reliable=81 spec=9.28 pop=5619
  mpx-135 cover: trials=53040000 overall=0.1320 a0_nochange=0.0000 a0_change=0.0068 a1_nochange=0.0000 a1_change=0.5212 matched_but_wrong=0
  mpx-135 traj: trials=53160000 wall=156291s knowledge=0.1327 reliable=83 spec=9.33 pop=4781
  mpx-135 cover: trials=53160000 overall=0.1327 a0_nochange=0.0000 a0_change=0.0068 a1_nochange=0.0000 a1_change=0.5238 matched_but_wrong=21
  mpx-135 traj: trials=53280000 wall=156463s knowledge=0.1328 reliable=82 spec=9.23 pop=4587
  mpx-135 cover: trials=53280000 overall=0.1328 a0_nochange=0.0000 a0_change=0.0068 a1_nochange=0.0000 a1_change=0.5241 matched_but_wrong=0
  mpx-135 traj: trials=53400000 wall=156618s knowledge=0.1328 reliable=84 spec=9.29 pop=4490
  mpx-135 cover: trials=53400000 overall=0.1328 a0_nochange=0.0000 a0_change=0.0068 a1_nochange=0.0000 a1_change=0.5243 matched_but_wrong=1
  mpx-135 acc: trials=53400000 accuracy=0.6326
  mpx-135 traj: trials=53520000 wall=156785s knowledge=0.1326 reliable=82 spec=9.28 pop=4518
  mpx-135 cover: trials=53520000 overall=0.1326 a0_nochange=0.0000 a0_change=0.0068 a1_nochange=0.0000 a1_change=0.5237 matched_but_wrong=0
  mpx-135 traj: trials=53640000 wall=156959s knowledge=0.1332 reliable=81 spec=9.10 pop=4920
  mpx-135 cover: trials=53640000 overall=0.1332 a0_nochange=0.0000 a0_change=0.0068 a1_nochange=0.0000 a1_change=0.5258 matched_but_wrong=0
  mpx-135 traj: trials=53760000 wall=157117s knowledge=0.1340 reliable=83 spec=9.01 pop=4640
  mpx-135 cover: trials=53760000 overall=0.1340 a0_nochange=0.0000 a0_change=0.0068 a1_nochange=0.0000 a1_change=0.5290 matched_but_wrong=0
  mpx-135 traj: trials=53880000 wall=157279s knowledge=0.1347 reliable=83 spec=9.00 pop=4789
  mpx-135 cover: trials=53880000 overall=0.1347 a0_nochange=0.0000 a0_change=0.0068 a1_nochange=0.0000 a1_change=0.5320 matched_but_wrong=0
  mpx-135 traj: trials=54000000 wall=157435s knowledge=0.1339 reliable=83 spec=9.12 pop=4694
  mpx-135 cover: trials=54000000 overall=0.1339 a0_nochange=0.0000 a0_change=0.0068 a1_nochange=0.0000 a1_change=0.5286 matched_but_wrong=0
  mpx-135 acc: trials=54000000 accuracy=0.6060
  mpx-135 traj: trials=54120000 wall=157599s knowledge=0.1339 reliable=83 spec=9.10 pop=4459
  mpx-135 cover: trials=54120000 overall=0.1339 a0_nochange=0.0000 a0_change=0.0068 a1_nochange=0.0000 a1_change=0.5285 matched_but_wrong=0
  mpx-135 traj: trials=54240000 wall=157775s knowledge=0.1343 reliable=86 spec=9.17 pop=5143
  mpx-135 cover: trials=54240000 overall=0.1343 a0_nochange=0.0000 a0_change=0.0068 a1_nochange=0.0000 a1_change=0.5303 matched_but_wrong=0
  mpx-135 traj: trials=54360000 wall=157918s knowledge=0.1338 reliable=88 spec=9.34 pop=5028
  mpx-135 cover: trials=54360000 overall=0.1338 a0_nochange=0.0000 a0_change=0.0068 a1_nochange=0.0000 a1_change=0.5282 matched_but_wrong=1
  mpx-135 traj: trials=54480000 wall=158064s knowledge=0.1338 reliable=86 spec=9.30 pop=4580
  mpx-135 cover: trials=54480000 overall=0.1338 a0_nochange=0.0000 a0_change=0.0068 a1_nochange=0.0000 a1_change=0.5282 matched_but_wrong=1
  mpx-135 traj: trials=54600000 wall=158255s knowledge=0.1336 reliable=84 spec=9.21 pop=4851
  mpx-135 cover: trials=54600000 overall=0.1336 a0_nochange=0.0000 a0_change=0.0068 a1_nochange=0.0000 a1_change=0.5276 matched_but_wrong=1
  mpx-135 acc: trials=54600000 accuracy=0.6475
  mpx-135 traj: trials=54720000 wall=158431s knowledge=0.1334 reliable=82 spec=9.20 pop=4658
  mpx-135 cover: trials=54720000 overall=0.1334 a0_nochange=0.0000 a0_change=0.0068 a1_nochange=0.0000 a1_change=0.5265 matched_but_wrong=1
  mpx-135 traj: trials=54840000 wall=158573s knowledge=0.1333 reliable=81 spec=9.16 pop=4813
  mpx-135 cover: trials=54840000 overall=0.1333 a0_nochange=0.0000 a0_change=0.0068 a1_nochange=0.0000 a1_change=0.5261 matched_but_wrong=1
  mpx-135 traj: trials=54960000 wall=158724s knowledge=0.1333 reliable=81 spec=9.15 pop=4599
  mpx-135 cover: trials=54960000 overall=0.1333 a0_nochange=0.0000 a0_change=0.0068 a1_nochange=0.0000 a1_change=0.5261 matched_but_wrong=1
  mpx-135 traj: trials=55080000 wall=158866s knowledge=0.1338 reliable=85 spec=9.27 pop=5365
  mpx-135 cover: trials=55080000 overall=0.1338 a0_nochange=0.0000 a0_change=0.0068 a1_nochange=0.0005 a1_change=0.5276 matched_but_wrong=1
  mpx-135 traj: trials=55200000 wall=159012s knowledge=0.1352 reliable=90 spec=9.31 pop=5330
  mpx-135 cover: trials=55200000 overall=0.1352 a0_nochange=0.0000 a0_change=0.0068 a1_nochange=0.0003 a1_change=0.5334 matched_but_wrong=1
  mpx-135 acc: trials=55200000 accuracy=0.6319
  mpx-135 traj: trials=55320000 wall=159163s knowledge=0.1355 reliable=91 spec=9.33 pop=6215
  mpx-135 cover: trials=55320000 overall=0.1355 a0_nochange=0.0000 a0_change=0.0068 a1_nochange=0.0003 a1_change=0.5347 matched_but_wrong=1
  mpx-135 traj: trials=55440000 wall=159303s knowledge=0.1354 reliable=88 spec=9.24 pop=5788
  mpx-135 cover: trials=55440000 overall=0.1354 a0_nochange=0.0000 a0_change=0.0068 a1_nochange=0.0000 a1_change=0.5348 matched_but_wrong=1
  mpx-135 traj: trials=55560000 wall=159453s knowledge=0.1345 reliable=86 spec=9.20 pop=6041
  mpx-135 cover: trials=55560000 overall=0.1345 a0_nochange=0.0000 a0_change=0.0068 a1_nochange=0.0000 a1_change=0.5309 matched_but_wrong=3
  mpx-135 traj: trials=55680000 wall=159591s knowledge=0.1355 reliable=88 spec=9.23 pop=6284
  mpx-135 cover: trials=55680000 overall=0.1355 a0_nochange=0.0000 a0_change=0.0068 a1_nochange=0.0000 a1_change=0.5350 matched_but_wrong=0
  mpx-135 traj: trials=55800000 wall=159729s knowledge=0.1369 reliable=90 spec=9.22 pop=5981
  mpx-135 cover: trials=55800000 overall=0.1369 a0_nochange=0.0000 a0_change=0.0068 a1_nochange=0.0019 a1_change=0.5386 matched_but_wrong=0
  mpx-135 acc: trials=55800000 accuracy=0.6393
  mpx-135 traj: trials=55920000 wall=159884s knowledge=0.1376 reliable=91 spec=9.19 pop=5712
  mpx-135 cover: trials=55920000 overall=0.1376 a0_nochange=0.0000 a0_change=0.0068 a1_nochange=0.0040 a1_change=0.5395 matched_but_wrong=0
  mpx-135 traj: trials=56040000 wall=160025s knowledge=0.1396 reliable=94 spec=9.12 pop=6047
  mpx-135 cover: trials=56040000 overall=0.1396 a0_nochange=0.0000 a0_change=0.0068 a1_nochange=0.0109 a1_change=0.5404 matched_but_wrong=1
  mpx-135 traj: trials=56160000 wall=160161s knowledge=0.1373 reliable=86 spec=9.05 pop=5839
  mpx-135 cover: trials=56160000 overall=0.1373 a0_nochange=0.0000 a0_change=0.0068 a1_nochange=0.0101 a1_change=0.5322 matched_but_wrong=0
  mpx-135 traj: trials=56280000 wall=160298s knowledge=0.1391 reliable=91 spec=9.13 pop=6300
  mpx-135 cover: trials=56280000 overall=0.1391 a0_nochange=0.0000 a0_change=0.0068 a1_nochange=0.0106 a1_change=0.5387 matched_but_wrong=0
  mpx-135 traj: trials=56400000 wall=160436s knowledge=0.1399 reliable=94 spec=9.18 pop=6666
  mpx-135 cover: trials=56400000 overall=0.1399 a0_nochange=0.0000 a0_change=0.0068 a1_nochange=0.0106 a1_change=0.5420 matched_but_wrong=1
  mpx-135 acc: trials=56400000 accuracy=0.6632
  mpx-135 traj: trials=56520000 wall=160595s knowledge=0.1393 reliable=91 spec=9.10 pop=6665
  mpx-135 cover: trials=56520000 overall=0.1393 a0_nochange=0.0000 a0_change=0.0068 a1_nochange=0.0115 a1_change=0.5388 matched_but_wrong=1
  mpx-135 traj: trials=56640000 wall=160746s knowledge=0.1400 reliable=89 spec=9.00 pop=6738
  mpx-135 cover: trials=56640000 overall=0.1400 a0_nochange=0.0000 a0_change=0.0068 a1_nochange=0.0145 a1_change=0.5384 matched_but_wrong=0
  mpx-135 traj: trials=56760000 wall=160893s knowledge=0.1415 reliable=90 spec=8.96 pop=6963
  mpx-135 cover: trials=56760000 overall=0.1415 a0_nochange=0.0000 a0_change=0.0068 a1_nochange=0.0177 a1_change=0.5414 matched_but_wrong=0
  mpx-135 traj: trials=56880000 wall=161036s knowledge=0.1440 reliable=94 spec=8.93 pop=6699
  mpx-135 cover: trials=56880000 overall=0.1440 a0_nochange=0.0000 a0_change=0.0068 a1_nochange=0.0184 a1_change=0.5506 matched_but_wrong=0
  mpx-135 traj: trials=57000000 wall=161176s knowledge=0.1451 reliable=98 spec=9.05 pop=6963
  mpx-135 cover: trials=57000000 overall=0.1451 a0_nochange=0.0000 a0_change=0.0068 a1_nochange=0.0192 a1_change=0.5542 matched_but_wrong=0
  mpx-135 acc: trials=57000000 accuracy=0.6430
  mpx-135 traj: trials=57120000 wall=161330s knowledge=0.1425 reliable=94 spec=9.07 pop=6136
  mpx-135 cover: trials=57120000 overall=0.1425 a0_nochange=0.0000 a0_change=0.0068 a1_nochange=0.0188 a1_change=0.5442 matched_but_wrong=6
  mpx-135 traj: trials=57240000 wall=161468s knowledge=0.1438 reliable=98 spec=9.16 pop=5979
  mpx-135 cover: trials=57240000 overall=0.1438 a0_nochange=0.0000 a0_change=0.0068 a1_nochange=0.0200 a1_change=0.5483 matched_but_wrong=1
  mpx-135 traj: trials=57360000 wall=161608s knowledge=0.1449 reliable=103 spec=9.25 pop=5714
  mpx-135 cover: trials=57360000 overall=0.1449 a0_nochange=0.0000 a0_change=0.0068 a1_nochange=0.0234 a1_change=0.5494 matched_but_wrong=1
  mpx-135 traj: trials=57480000 wall=161768s knowledge=0.1461 reliable=97 spec=9.13 pop=5601
  mpx-135 cover: trials=57480000 overall=0.1461 a0_nochange=0.0000 a0_change=0.0068 a1_nochange=0.0311 a1_change=0.5464 matched_but_wrong=1
  mpx-135 traj: trials=57600000 wall=161904s knowledge=0.1474 reliable=100 spec=9.21 pop=5907
  mpx-135 cover: trials=57600000 overall=0.1474 a0_nochange=0.0000 a0_change=0.0068 a1_nochange=0.0361 a1_change=0.5464 matched_but_wrong=3
  mpx-135 acc: trials=57600000 accuracy=0.6501
  mpx-135 traj: trials=57720000 wall=162050s knowledge=0.1470 reliable=95 spec=9.06 pop=5794
  mpx-135 cover: trials=57720000 overall=0.1470 a0_nochange=0.0000 a0_change=0.0068 a1_nochange=0.0361 a1_change=0.5448 matched_but_wrong=0
  mpx-135 traj: trials=57840000 wall=162187s knowledge=0.1475 reliable=96 spec=9.06 pop=5933
  mpx-135 cover: trials=57840000 overall=0.1475 a0_nochange=0.0000 a0_change=0.0068 a1_nochange=0.0385 a1_change=0.5448 matched_but_wrong=15
  mpx-135 traj: trials=57960000 wall=162323s knowledge=0.1479 reliable=93 spec=8.96 pop=6333
  mpx-135 cover: trials=57960000 overall=0.1479 a0_nochange=0.0000 a0_change=0.0068 a1_nochange=0.0409 a1_change=0.5438 matched_but_wrong=4
  mpx-135 traj: trials=58080000 wall=162458s knowledge=0.1497 reliable=92 spec=8.83 pop=6865
  mpx-135 cover: trials=58080000 overall=0.1497 a0_nochange=0.0000 a0_change=0.0068 a1_nochange=0.0459 a1_change=0.5460 matched_but_wrong=2
  mpx-135 traj: trials=58200000 wall=162598s knowledge=0.1528 reliable=104 spec=9.07 pop=6884
  mpx-135 cover: trials=58200000 overall=0.1528 a0_nochange=0.0000 a0_change=0.0068 a1_nochange=0.0475 a1_change=0.5568 matched_but_wrong=10
  mpx-135 acc: trials=58200000 accuracy=0.6215
  mpx-135 traj: trials=58320000 wall=162754s knowledge=0.1552 reliable=103 spec=9.03 pop=7126
  mpx-135 cover: trials=58320000 overall=0.1552 a0_nochange=0.0000 a0_change=0.0068 a1_nochange=0.0527 a1_change=0.5613 matched_but_wrong=0
  mpx-135 traj: trials=58440000 wall=162892s knowledge=0.1568 reliable=106 spec=9.08 pop=6839
  mpx-135 cover: trials=58440000 overall=0.1568 a0_nochange=0.0000 a0_change=0.0068 a1_nochange=0.0571 a1_change=0.5631 matched_but_wrong=4
  mpx-135 traj: trials=58560000 wall=163031s knowledge=0.1600 reliable=111 spec=9.12 pop=7097
  mpx-135 cover: trials=58560000 overall=0.1600 a0_nochange=0.0000 a0_change=0.0068 a1_nochange=0.0635 a1_change=0.5694 matched_but_wrong=0
  mpx-135 traj: trials=58680000 wall=163171s knowledge=0.1603 reliable=118 spec=9.29 pop=7260
  mpx-135 cover: trials=58680000 overall=0.1603 a0_nochange=0.0000 a0_change=0.0068 a1_nochange=0.0683 a1_change=0.5658 matched_but_wrong=1
  mpx-135 traj: trials=58800000 wall=163311s knowledge=0.1617 reliable=128 spec=9.38 pop=7337
  mpx-135 cover: trials=58800000 overall=0.1617 a0_nochange=0.0000 a0_change=0.0068 a1_nochange=0.0777 a1_change=0.5622 matched_but_wrong=5
  mpx-135 acc: trials=58800000 accuracy=0.6366
  mpx-135 traj: trials=58920000 wall=163466s knowledge=0.1657 reliable=137 spec=9.46 pop=7156
  mpx-135 cover: trials=58920000 overall=0.1657 a0_nochange=0.0000 a0_change=0.0068 a1_nochange=0.0946 a1_change=0.5614 matched_but_wrong=11
  mpx-135 traj: trials=59040000 wall=163611s knowledge=0.1684 reliable=137 spec=9.47 pop=8267
  mpx-135 cover: trials=59040000 overall=0.1684 a0_nochange=0.0000 a0_change=0.0068 a1_nochange=0.1030 a1_change=0.5638 matched_but_wrong=12
  mpx-135 traj: trials=59160000 wall=163762s knowledge=0.1712 reliable=143 spec=9.57 pop=8136
  mpx-135 cover: trials=59160000 overall=0.1712 a0_nochange=0.0000 a0_change=0.0068 a1_nochange=0.1191 a1_change=0.5588 matched_but_wrong=11
  mpx-135 traj: trials=59280000 wall=163915s knowledge=0.1752 reliable=140 spec=9.34 pop=8270
  mpx-135 cover: trials=59280000 overall=0.1752 a0_nochange=0.0000 a0_change=0.0068 a1_nochange=0.1318 a1_change=0.5622 matched_but_wrong=8
  mpx-135 traj: trials=59400000 wall=164067s knowledge=0.1749 reliable=141 spec=9.41 pop=8287
  mpx-135 cover: trials=59400000 overall=0.1749 a0_nochange=0.0000 a0_change=0.0068 a1_nochange=0.1372 a1_change=0.5556 matched_but_wrong=7
  mpx-135 acc: trials=59400000 accuracy=0.6121
  mpx-135 traj: trials=59520000 wall=164241s knowledge=0.1780 reliable=135 spec=9.30 pop=8967
  mpx-135 cover: trials=59520000 overall=0.1780 a0_nochange=0.0000 a0_change=0.0068 a1_nochange=0.1429 a1_change=0.5622 matched_but_wrong=6
  mpx-135 traj: trials=59640000 wall=164398s knowledge=0.1825 reliable=150 spec=9.43 pop=9016
  mpx-135 cover: trials=59640000 overall=0.1825 a0_nochange=0.0000 a0_change=0.0079 a1_nochange=0.1546 a1_change=0.5672 matched_but_wrong=7
  mpx-135 traj: trials=59760000 wall=164552s knowledge=0.1924 reliable=163 spec=9.42 pop=8991
  mpx-135 cover: trials=59760000 overall=0.1924 a0_nochange=0.0000 a0_change=0.0087 a1_nochange=0.1823 a1_change=0.5785 matched_but_wrong=2
  mpx-135 traj: trials=59880000 wall=164707s knowledge=0.2030 reliable=175 spec=9.39 pop=8954
  mpx-135 cover: trials=59880000 overall=0.2030 a0_nochange=0.0000 a0_change=0.0087 a1_nochange=0.2076 a1_change=0.5957 matched_but_wrong=3
  mpx-135 traj: trials=60000000 wall=164859s knowledge=0.2058 reliable=183 spec=9.50 pop=8930
  mpx-135 cover: trials=60000000 overall=0.2058 a0_nochange=0.0000 a0_change=0.0089 a1_nochange=0.2163 a1_change=0.5981 matched_but_wrong=6
  mpx-135 acc: trials=60000000 accuracy=0.6557
  mpx-135 traj: trials=60120000 wall=165028s knowledge=0.2100 reliable=183 spec=9.50 pop=9045
  mpx-135 cover: trials=60120000 overall=0.2100 a0_nochange=0.0000 a0_change=0.0090 a1_nochange=0.2257 a1_change=0.6052 matched_but_wrong=13
  mpx-135 traj: trials=60240000 wall=165183s knowledge=0.2154 reliable=186 spec=9.52 pop=8919
  mpx-135 cover: trials=60240000 overall=0.2154 a0_nochange=0.0000 a0_change=0.0089 a1_nochange=0.2410 a1_change=0.6114 matched_but_wrong=7
  mpx-135 traj: trials=60360000 wall=165339s knowledge=0.2232 reliable=194 spec=9.49 pop=9204
  mpx-135 cover: trials=60360000 overall=0.2232 a0_nochange=0.0000 a0_change=0.0089 a1_nochange=0.2589 a1_change=0.6248 matched_but_wrong=9
  mpx-135 traj: trials=60480000 wall=165497s knowledge=0.2271 reliable=196 spec=9.45 pop=8664
  mpx-135 cover: trials=60480000 overall=0.2271 a0_nochange=0.0000 a0_change=0.0089 a1_nochange=0.2838 a1_change=0.6155 matched_but_wrong=14
  mpx-135 traj: trials=60600000 wall=165648s knowledge=0.2391 reliable=209 spec=9.33 pop=8286
  mpx-135 cover: trials=60600000 overall=0.2391 a0_nochange=0.0000 a0_change=0.0089 a1_nochange=0.3096 a1_change=0.6376 matched_but_wrong=13
  mpx-135 acc: trials=60600000 accuracy=0.6131
  mpx-135 traj: trials=60720000 wall=165805s knowledge=0.2491 reliable=209 spec=9.19 pop=7572
  mpx-135 cover: trials=60720000 overall=0.2491 a0_nochange=0.0000 a0_change=0.0089 a1_nochange=0.3490 a1_change=0.6385 matched_but_wrong=13
  mpx-135 traj: trials=60840000 wall=165945s knowledge=0.2541 reliable=203 spec=9.14 pop=7662
  mpx-135 cover: trials=60840000 overall=0.2541 a0_nochange=0.0000 a0_change=0.0087 a1_nochange=0.3682 a1_change=0.6396 matched_but_wrong=11
  mpx-135 traj: trials=60960000 wall=166084s knowledge=0.2591 reliable=214 spec=9.21 pop=8169
  mpx-135 cover: trials=60960000 overall=0.2591 a0_nochange=0.0000 a0_change=0.0094 a1_nochange=0.3824 a1_change=0.6444 matched_but_wrong=8
  mpx-135 traj: trials=61080000 wall=166227s knowledge=0.2670 reliable=232 spec=9.34 pop=8658
  mpx-135 cover: trials=61080000 overall=0.2670 a0_nochange=0.0000 a0_change=0.0101 a1_nochange=0.3897 a1_change=0.6678 matched_but_wrong=11
  mpx-135 traj: trials=61200000 wall=166373s knowledge=0.2733 reliable=248 spec=9.34 pop=8726
  mpx-135 cover: trials=61200000 overall=0.2733 a0_nochange=0.0000 a0_change=0.0114 a1_nochange=0.4110 a1_change=0.6706 matched_but_wrong=47
  mpx-135 acc: trials=61200000 accuracy=0.6276
  mpx-135 traj: trials=61320000 wall=166535s knowledge=0.2809 reliable=235 spec=9.22 pop=8458
  mpx-135 cover: trials=61320000 overall=0.2809 a0_nochange=0.0000 a0_change=0.0108 a1_nochange=0.4457 a1_change=0.6672 matched_but_wrong=8
  mpx-135 traj: trials=61440000 wall=166675s knowledge=0.2891 reliable=236 spec=9.21 pop=8440
  mpx-135 cover: trials=61440000 overall=0.2891 a0_nochange=0.0000 a0_change=0.0135 a1_nochange=0.4792 a1_change=0.6637 matched_but_wrong=22
  mpx-135 traj: trials=61560000 wall=166813s knowledge=0.2913 reliable=244 spec=9.32 pop=8192
  mpx-135 cover: trials=61560000 overall=0.2913 a0_nochange=0.0000 a0_change=0.0138 a1_nochange=0.4803 a1_change=0.6710 matched_but_wrong=16
  mpx-135 traj: trials=61680000 wall=166947s knowledge=0.3057 reliable=251 spec=9.22 pop=8055
  mpx-135 cover: trials=61680000 overall=0.3057 a0_nochange=0.0000 a0_change=0.0134 a1_nochange=0.5304 a1_change=0.6790 matched_but_wrong=18
  mpx-135 traj: trials=61800000 wall=167078s knowledge=0.3115 reliable=253 spec=9.19 pop=7696
  mpx-135 cover: trials=61800000 overall=0.3115 a0_nochange=0.0000 a0_change=0.0132 a1_nochange=0.5408 a1_change=0.6921 matched_but_wrong=7
  mpx-135 acc: trials=61800000 accuracy=0.7483
  mpx-135 traj: trials=61920000 wall=167225s knowledge=0.3155 reliable=242 spec=9.06 pop=8046
  mpx-135 cover: trials=61920000 overall=0.3155 a0_nochange=0.0000 a0_change=0.0132 a1_nochange=0.5552 a1_change=0.6937 matched_but_wrong=8
  mpx-135 traj: trials=62040000 wall=167357s knowledge=0.3240 reliable=266 spec=9.25 pop=7530
  mpx-135 cover: trials=62040000 overall=0.3240 a0_nochange=0.0000 a0_change=0.0132 a1_nochange=0.5819 a1_change=0.7007 matched_but_wrong=39
  mpx-135 traj: trials=62160000 wall=167488s knowledge=0.3261 reliable=281 spec=9.32 pop=7844
  mpx-135 cover: trials=62160000 overall=0.3261 a0_nochange=0.0000 a0_change=0.0132 a1_nochange=0.5912 a1_change=0.6998 matched_but_wrong=5
  mpx-135 traj: trials=62280000 wall=167620s knowledge=0.3332 reliable=291 spec=9.35 pop=7609
  mpx-135 cover: trials=62280000 overall=0.3332 a0_nochange=0.0000 a0_change=0.0144 a1_nochange=0.6072 a1_change=0.7111 matched_but_wrong=9
  mpx-135 traj: trials=62400000 wall=167749s knowledge=0.3370 reliable=285 spec=9.35 pop=7539
  mpx-135 cover: trials=62400000 overall=0.3370 a0_nochange=0.0000 a0_change=0.0176 a1_nochange=0.6126 a1_change=0.7177 matched_but_wrong=15
  mpx-135 acc: trials=62400000 accuracy=0.6459
  mpx-135 traj: trials=62520000 wall=167892s knowledge=0.3438 reliable=295 spec=9.28 pop=7239
  mpx-135 cover: trials=62520000 overall=0.3438 a0_nochange=0.0000 a0_change=0.0192 a1_nochange=0.6338 a1_change=0.7220 matched_but_wrong=18
  mpx-135 traj: trials=62640000 wall=168018s knowledge=0.3474 reliable=273 spec=9.15 pop=7103
  mpx-135 cover: trials=62640000 overall=0.3474 a0_nochange=0.0000 a0_change=0.0189 a1_nochange=0.6538 a1_change=0.7170 matched_but_wrong=9
  mpx-135 traj: trials=62760000 wall=168145s knowledge=0.3533 reliable=288 spec=9.22 pop=7382
  mpx-135 cover: trials=62760000 overall=0.3533 a0_nochange=0.0000 a0_change=0.0210 a1_nochange=0.6658 a1_change=0.7263 matched_but_wrong=6
  mpx-135 traj: trials=62880000 wall=168269s knowledge=0.3589 reliable=288 spec=9.17 pop=7316
  mpx-135 cover: trials=62880000 overall=0.3589 a0_nochange=0.0000 a0_change=0.0232 a1_nochange=0.6852 a1_change=0.7271 matched_but_wrong=26
  mpx-135 traj: trials=63000000 wall=168393s knowledge=0.3660 reliable=293 spec=9.15 pop=7474
  mpx-135 cover: trials=63000000 overall=0.3660 a0_nochange=0.0000 a0_change=0.0226 a1_nochange=0.7080 a1_change=0.7335 matched_but_wrong=7
  mpx-135 acc: trials=63000000 accuracy=0.6306
  mpx-135 traj: trials=63120000 wall=168532s knowledge=0.3731 reliable=310 spec=9.24 pop=7359
  mpx-135 cover: trials=63120000 overall=0.3731 a0_nochange=0.0000 a0_change=0.0231 a1_nochange=0.7256 a1_change=0.7437 matched_but_wrong=14
  mpx-135 traj: trials=63240000 wall=168655s knowledge=0.3772 reliable=311 spec=9.26 pop=7091
  mpx-135 cover: trials=63240000 overall=0.3772 a0_nochange=0.0000 a0_change=0.0250 a1_nochange=0.7279 a1_change=0.7558 matched_but_wrong=5
  mpx-135 traj: trials=63360000 wall=168775s knowledge=0.3793 reliable=318 spec=9.27 pop=6716
  mpx-135 cover: trials=63360000 overall=0.3793 a0_nochange=0.0000 a0_change=0.0243 a1_nochange=0.7435 a1_change=0.7495 matched_but_wrong=7
  mpx-135 traj: trials=63480000 wall=168894s knowledge=0.3871 reliable=327 spec=9.26 pop=6708
  mpx-135 cover: trials=63480000 overall=0.3871 a0_nochange=0.0000 a0_change=0.0254 a1_nochange=0.7594 a1_change=0.7636 matched_but_wrong=25
  mpx-135 traj: trials=63600000 wall=169013s knowledge=0.3858 reliable=311 spec=9.22 pop=6974
  mpx-135 cover: trials=63600000 overall=0.3858 a0_nochange=0.0000 a0_change=0.0242 a1_nochange=0.7508 a1_change=0.7684 matched_but_wrong=1
  mpx-135 acc: trials=63600000 accuracy=0.6494
  mpx-135 traj: trials=63720000 wall=169147s knowledge=0.3924 reliable=321 spec=9.19 pop=7048
  mpx-135 cover: trials=63720000 overall=0.3924 a0_nochange=0.0000 a0_change=0.0241 a1_nochange=0.7810 a1_change=0.7644 matched_but_wrong=1
  mpx-135 traj: trials=63840000 wall=169264s knowledge=0.3873 reliable=292 spec=9.14 pop=6583
  mpx-135 cover: trials=63840000 overall=0.3873 a0_nochange=0.0000 a0_change=0.0241 a1_nochange=0.7652 a1_change=0.7601 matched_but_wrong=3
  mpx-135 traj: trials=63960000 wall=169380s knowledge=0.3941 reliable=293 spec=9.02 pop=6041
  mpx-135 cover: trials=63960000 overall=0.3941 a0_nochange=0.0000 a0_change=0.0241 a1_nochange=0.7904 a1_change=0.7621 matched_but_wrong=1
  mpx-135 traj: trials=64080000 wall=169496s knowledge=0.4014 reliable=310 spec=9.06 pop=5823
  mpx-135 cover: trials=64080000 overall=0.4014 a0_nochange=0.0000 a0_change=0.0251 a1_nochange=0.8148 a1_change=0.7656 matched_but_wrong=3
  mpx-135 traj: trials=64200000 wall=169610s knowledge=0.4014 reliable=305 spec=9.02 pop=6045
  mpx-135 cover: trials=64200000 overall=0.4014 a0_nochange=0.0000 a0_change=0.0255 a1_nochange=0.8034 a1_change=0.7766 matched_but_wrong=0
  mpx-135 acc: trials=64200000 accuracy=0.6536
  mpx-135 traj: trials=64320000 wall=169737s knowledge=0.4033 reliable=308 spec=9.08 pop=6112
  mpx-135 cover: trials=64320000 overall=0.4033 a0_nochange=0.0000 a0_change=0.0262 a1_nochange=0.8030 a1_change=0.7840 matched_but_wrong=0
  mpx-135 traj: trials=64440000 wall=169851s knowledge=0.4024 reliable=306 spec=9.10 pop=6590
  mpx-135 cover: trials=64440000 overall=0.4024 a0_nochange=0.0000 a0_change=0.0260 a1_nochange=0.7933 a1_change=0.7903 matched_but_wrong=0
  mpx-135 traj: trials=64560000 wall=169967s knowledge=0.4059 reliable=309 spec=9.08 pop=6899
  mpx-135 cover: trials=64560000 overall=0.4059 a0_nochange=0.0000 a0_change=0.0279 a1_nochange=0.8069 a1_change=0.7888 matched_but_wrong=0
  mpx-135 traj: trials=64680000 wall=170085s knowledge=0.4141 reliable=317 spec=9.02 pop=7060
  mpx-135 cover: trials=64680000 overall=0.4141 a0_nochange=0.0000 a0_change=0.0277 a1_nochange=0.8242 a1_change=0.8046 matched_but_wrong=0
  mpx-135 traj: trials=64800000 wall=170201s knowledge=0.4159 reliable=314 spec=8.98 pop=6768
  mpx-135 cover: trials=64800000 overall=0.4159 a0_nochange=0.0000 a0_change=0.0280 a1_nochange=0.8380 a1_change=0.7976 matched_but_wrong=1
  mpx-135 acc: trials=64800000 accuracy=0.6654
  mpx-135 traj: trials=64920000 wall=170331s knowledge=0.4217 reliable=313 spec=8.96 pop=6436
  mpx-135 cover: trials=64920000 overall=0.4217 a0_nochange=0.0000 a0_change=0.0266 a1_nochange=0.8529 a1_change=0.8073 matched_but_wrong=1
  mpx-135 traj: trials=65040000 wall=170445s knowledge=0.4227 reliable=314 spec=8.97 pop=6218
  mpx-135 cover: trials=65040000 overall=0.4227 a0_nochange=0.0000 a0_change=0.0270 a1_nochange=0.8559 a1_change=0.8077 matched_but_wrong=1
  mpx-135 traj: trials=65160000 wall=170561s knowledge=0.4311 reliable=329 spec=9.05 pop=6301
  mpx-135 cover: trials=65160000 overall=0.4311 a0_nochange=0.0000 a0_change=0.0280 a1_nochange=0.8674 a1_change=0.8292 matched_but_wrong=0
  mpx-135 traj: trials=65280000 wall=170672s knowledge=0.4313 reliable=327 spec=9.09 pop=6306
  mpx-135 cover: trials=65280000 overall=0.4313 a0_nochange=0.0000 a0_change=0.0269 a1_nochange=0.8682 a1_change=0.8299 matched_but_wrong=3
  mpx-135 traj: trials=65400000 wall=170784s knowledge=0.4304 reliable=334 spec=9.18 pop=6417
  mpx-135 cover: trials=65400000 overall=0.4304 a0_nochange=0.0000 a0_change=0.0307 a1_nochange=0.8643 a1_change=0.8265 matched_but_wrong=70
  mpx-135 acc: trials=65400000 accuracy=0.6577
  mpx-135 traj: trials=65520000 wall=170910s knowledge=0.4303 reliable=311 spec=9.04 pop=6772
  mpx-135 cover: trials=65520000 overall=0.4303 a0_nochange=0.0000 a0_change=0.0280 a1_nochange=0.8637 a1_change=0.8293 matched_but_wrong=0
  mpx-135 traj: trials=65640000 wall=171024s knowledge=0.4294 reliable=311 spec=9.12 pop=7014
  mpx-135 cover: trials=65640000 overall=0.4294 a0_nochange=0.0000 a0_change=0.0299 a1_nochange=0.8538 a1_change=0.8338 matched_but_wrong=0
  mpx-135 traj: trials=65760000 wall=171139s knowledge=0.4305 reliable=309 spec=9.09 pop=7307
  mpx-135 cover: trials=65760000 overall=0.4305 a0_nochange=0.0000 a0_change=0.0311 a1_nochange=0.8543 a1_change=0.8366 matched_but_wrong=1
  mpx-135 traj: trials=65880000 wall=171255s knowledge=0.4301 reliable=307 spec=9.09 pop=7641
  mpx-135 cover: trials=65880000 overall=0.4301 a0_nochange=0.0000 a0_change=0.0312 a1_nochange=0.8479 a1_change=0.8413 matched_but_wrong=27
  mpx-135 traj: trials=66000000 wall=171371s knowledge=0.4377 reliable=327 spec=9.09 pop=7360
  mpx-135 cover: trials=66000000 overall=0.4377 a0_nochange=0.0000 a0_change=0.0315 a1_nochange=0.8640 a1_change=0.8555 matched_but_wrong=18
  mpx-135 acc: trials=66000000 accuracy=0.6849
  mpx-135 traj: trials=66120000 wall=171504s knowledge=0.4370 reliable=323 spec=9.11 pop=7684
  mpx-135 cover: trials=66120000 overall=0.4370 a0_nochange=0.0000 a0_change=0.0352 a1_nochange=0.8520 a1_change=0.8609 matched_but_wrong=20
  mpx-135 traj: trials=66240000 wall=171624s knowledge=0.4406 reliable=335 spec=9.18 pop=8232
  mpx-135 cover: trials=66240000 overall=0.4406 a0_nochange=0.0000 a0_change=0.0381 a1_nochange=0.8647 a1_change=0.8598 matched_but_wrong=21
  mpx-135 traj: trials=66360000 wall=171746s knowledge=0.4388 reliable=321 spec=9.21 pop=8702
  mpx-135 cover: trials=66360000 overall=0.4388 a0_nochange=0.0000 a0_change=0.0414 a1_nochange=0.8501 a1_change=0.8638 matched_but_wrong=39
  mpx-135 traj: trials=66480000 wall=171877s knowledge=0.4420 reliable=325 spec=9.21 pop=9665
  mpx-135 cover: trials=66480000 overall=0.4420 a0_nochange=0.0000 a0_change=0.0436 a1_nochange=0.8583 a1_change=0.8662 matched_but_wrong=21
  mpx-135 traj: trials=66600000 wall=172013s knowledge=0.4444 reliable=334 spec=9.19 pop=10077
  mpx-135 cover: trials=66600000 overall=0.4444 a0_nochange=0.0000 a0_change=0.0427 a1_nochange=0.8739 a1_change=0.8610 matched_but_wrong=7
  mpx-135 acc: trials=66600000 accuracy=0.7020
  mpx-135 traj: trials=66720000 wall=172175s knowledge=0.4509 reliable=341 spec=9.19 pop=10111
  mpx-135 cover: trials=66720000 overall=0.4509 a0_nochange=0.0000 a0_change=0.0443 a1_nochange=0.8918 a1_change=0.8676 matched_but_wrong=13
  mpx-135 traj: trials=66840000 wall=172310s knowledge=0.4535 reliable=343 spec=9.18 pop=9645
  mpx-135 cover: trials=66840000 overall=0.4535 a0_nochange=0.0000 a0_change=0.0457 a1_nochange=0.8996 a1_change=0.8688 matched_but_wrong=11
  mpx-135 traj: trials=66960000 wall=172440s knowledge=0.4570 reliable=340 spec=9.12 pop=9379
  mpx-135 cover: trials=66960000 overall=0.4570 a0_nochange=0.0000 a0_change=0.0450 a1_nochange=0.9063 a1_change=0.8769 matched_but_wrong=7
  mpx-135 traj: trials=67080000 wall=172570s knowledge=0.4605 reliable=338 spec=9.07 pop=9438
  mpx-135 cover: trials=67080000 overall=0.4605 a0_nochange=0.0000 a0_change=0.0443 a1_nochange=0.9101 a1_change=0.8876 matched_but_wrong=0
  mpx-135 traj: trials=67200000 wall=172698s knowledge=0.4627 reliable=337 spec=8.98 pop=9093
  mpx-135 cover: trials=67200000 overall=0.4627 a0_nochange=0.0000 a0_change=0.0444 a1_nochange=0.9217 a1_change=0.8846 matched_but_wrong=0
  mpx-135 acc: trials=67200000 accuracy=0.6916
  mpx-135 traj: trials=67320000 wall=172842s knowledge=0.4646 reliable=333 spec=9.01 pop=9161
  mpx-135 cover: trials=67320000 overall=0.4646 a0_nochange=0.0000 a0_change=0.0482 a1_nochange=0.9217 a1_change=0.8885 matched_but_wrong=0
  mpx-135 traj: trials=67440000 wall=172964s knowledge=0.4672 reliable=340 spec=9.05 pop=8542
  mpx-135 cover: trials=67440000 overall=0.4672 a0_nochange=0.0000 a0_change=0.0503 a1_nochange=0.9277 a1_change=0.8910 matched_but_wrong=0
  mpx-135 traj: trials=67560000 wall=173083s knowledge=0.4680 reliable=344 spec=9.08 pop=8838
  mpx-135 cover: trials=67560000 overall=0.4680 a0_nochange=0.0000 a0_change=0.0526 a1_nochange=0.9246 a1_change=0.8949 matched_but_wrong=1
  mpx-135 traj: trials=67680000 wall=173202s knowledge=0.4698 reliable=337 spec=9.06 pop=8361
  mpx-135 cover: trials=67680000 overall=0.4698 a0_nochange=0.0000 a0_change=0.0533 a1_nochange=0.9213 a1_change=0.9046 matched_but_wrong=1
  mpx-135 traj: trials=67800000 wall=173318s knowledge=0.4714 reliable=350 spec=9.15 pop=8716
  mpx-135 cover: trials=67800000 overall=0.4714 a0_nochange=0.0000 a0_change=0.0557 a1_nochange=0.9220 a1_change=0.9080 matched_but_wrong=1
  mpx-135 acc: trials=67800000 accuracy=0.7059
  mpx-135 traj: trials=67920000 wall=173455s knowledge=0.4754 reliable=350 spec=9.14 pop=8681
  mpx-135 cover: trials=67920000 overall=0.4754 a0_nochange=0.0000 a0_change=0.0560 a1_nochange=0.9287 a1_change=0.9171 matched_but_wrong=1
  mpx-135 traj: trials=68040000 wall=173573s knowledge=0.4792 reliable=359 spec=9.16 pop=8440
  mpx-135 cover: trials=68040000 overall=0.4792 a0_nochange=0.0000 a0_change=0.0546 a1_nochange=0.9297 a1_change=0.9327 matched_but_wrong=12
  mpx-135 traj: trials=68160000 wall=173691s knowledge=0.4775 reliable=357 spec=9.21 pop=8388
  mpx-135 cover: trials=68160000 overall=0.4775 a0_nochange=0.0000 a0_change=0.0621 a1_nochange=0.9201 a1_change=0.9279 matched_but_wrong=29
  mpx-135 traj: trials=68280000 wall=173809s knowledge=0.4797 reliable=389 spec=9.31 pop=8661
  mpx-135 cover: trials=68280000 overall=0.4797 a0_nochange=0.0000 a0_change=0.0678 a1_nochange=0.9264 a1_change=0.9245 matched_but_wrong=55
  mpx-135 traj: trials=68400000 wall=173930s knowledge=0.4834 reliable=381 spec=9.34 pop=9445
  mpx-135 cover: trials=68400000 overall=0.4834 a0_nochange=0.0000 a0_change=0.0741 a1_nochange=0.9301 a1_change=0.9295 matched_but_wrong=35
  mpx-135 acc: trials=68400000 accuracy=0.7468
  mpx-135 traj: trials=68520000 wall=174079s knowledge=0.4884 reliable=396 spec=9.34 pop=10331
  mpx-135 cover: trials=68520000 overall=0.4884 a0_nochange=0.0000 a0_change=0.0774 a1_nochange=0.9366 a1_change=0.9397 matched_but_wrong=47
  mpx-135 traj: trials=68640000 wall=174220s knowledge=0.4898 reliable=396 spec=9.31 pop=11201
  mpx-135 cover: trials=68640000 overall=0.4898 a0_nochange=0.0000 a0_change=0.0817 a1_nochange=0.9325 a1_change=0.9453 matched_but_wrong=48
  mpx-135 traj: trials=68760000 wall=174373s knowledge=0.4909 reliable=397 spec=9.27 pop=11623
  mpx-135 cover: trials=68760000 overall=0.4909 a0_nochange=0.0000 a0_change=0.0834 a1_nochange=0.9325 a1_change=0.9476 matched_but_wrong=27
  mpx-135 traj: trials=68880000 wall=174524s knowledge=0.4904 reliable=388 spec=9.27 pop=12230
  mpx-135 cover: trials=68880000 overall=0.4904 a0_nochange=0.0000 a0_change=0.0856 a1_nochange=0.9324 a1_change=0.9435 matched_but_wrong=8
  mpx-135 traj: trials=69000000 wall=174677s knowledge=0.4921 reliable=398 spec=9.28 pop=11727
  mpx-135 cover: trials=69000000 overall=0.4921 a0_nochange=0.0000 a0_change=0.0908 a1_nochange=0.9359 a1_change=0.9418 matched_but_wrong=21
  mpx-135 acc: trials=69000000 accuracy=0.7475
  mpx-135 traj: trials=69120000 wall=174852s knowledge=0.4941 reliable=391 spec=9.27 pop=11705
  mpx-135 cover: trials=69120000 overall=0.4941 a0_nochange=0.0000 a0_change=0.0964 a1_nochange=0.9393 a1_change=0.9408 matched_but_wrong=6
  mpx-135 traj: trials=69240000 wall=175011s knowledge=0.4948 reliable=403 spec=9.34 pop=12787
  mpx-135 cover: trials=69240000 overall=0.4948 a0_nochange=0.0000 a0_change=0.1041 a1_nochange=0.9379 a1_change=0.9373 matched_but_wrong=36
  mpx-135 traj: trials=69360000 wall=175173s knowledge=0.4968 reliable=405 spec=9.34 pop=12799
  mpx-135 cover: trials=69360000 overall=0.4968 a0_nochange=0.0000 a0_change=0.1041 a1_nochange=0.9411 a1_change=0.9421 matched_but_wrong=16
  mpx-135 traj: trials=69480000 wall=175340s knowledge=0.4991 reliable=413 spec=9.40 pop=13653
  mpx-135 cover: trials=69480000 overall=0.4991 a0_nochange=0.0000 a0_change=0.1112 a1_nochange=0.9322 a1_change=0.9533 matched_but_wrong=39
  mpx-135 traj: trials=69600000 wall=175523s knowledge=0.5032 reliable=417 spec=9.41 pop=14140
  mpx-135 cover: trials=69600000 overall=0.5032 a0_nochange=0.0000 a0_change=0.1194 a1_nochange=0.9367 a1_change=0.9566 matched_but_wrong=20
  mpx-135 acc: trials=69600000 accuracy=0.7711
  mpx-135 traj: trials=69720000 wall=175725s knowledge=0.5059 reliable=425 spec=9.47 pop=13501
  mpx-135 cover: trials=69720000 overall=0.5059 a0_nochange=0.0000 a0_change=0.1302 a1_nochange=0.9420 a1_change=0.9513 matched_but_wrong=23
  mpx-135 traj: trials=69840000 wall=175894s knowledge=0.5083 reliable=441 spec=9.51 pop=13367
  mpx-135 cover: trials=69840000 overall=0.5083 a0_nochange=0.0000 a0_change=0.1386 a1_nochange=0.9426 a1_change=0.9520 matched_but_wrong=45
  mpx-135 traj: trials=69960000 wall=176066s knowledge=0.5118 reliable=437 spec=9.50 pop=13852
  mpx-135 cover: trials=69960000 overall=0.5118 a0_nochange=0.0000 a0_change=0.1554 a1_nochange=0.9377 a1_change=0.9542 matched_but_wrong=49
  mpx-135 traj: trials=70080000 wall=176239s knowledge=0.5155 reliable=434 spec=9.42 pop=13482
  mpx-135 cover: trials=70080000 overall=0.5155 a0_nochange=0.0000 a0_change=0.1648 a1_nochange=0.9417 a1_change=0.9557 matched_but_wrong=26
  mpx-135 traj: trials=70200000 wall=176401s knowledge=0.5162 reliable=427 spec=9.43 pop=12955
  mpx-135 cover: trials=70200000 overall=0.5162 a0_nochange=0.0000 a0_change=0.1650 a1_nochange=0.9452 a1_change=0.9548 matched_but_wrong=26
  mpx-135 acc: trials=70200000 accuracy=0.7323
  mpx-135 traj: trials=70320000 wall=176584s knowledge=0.5193 reliable=430 spec=9.45 pop=12754
  mpx-135 cover: trials=70320000 overall=0.5193 a0_nochange=0.0000 a0_change=0.1740 a1_nochange=0.9466 a1_change=0.9566 matched_but_wrong=58
  mpx-135 traj: trials=70440000 wall=176741s knowledge=0.5211 reliable=438 spec=9.45 pop=13309
  mpx-135 cover: trials=70440000 overall=0.5211 a0_nochange=0.0000 a0_change=0.1779 a1_nochange=0.9459 a1_change=0.9608 matched_but_wrong=14
  mpx-135 traj: trials=70560000 wall=176903s knowledge=0.5242 reliable=451 spec=9.55 pop=13371
  mpx-135 cover: trials=70560000 overall=0.5242 a0_nochange=0.0000 a0_change=0.1921 a1_nochange=0.9425 a1_change=0.9621 matched_but_wrong=52
  mpx-135 traj: trials=70680000 wall=177061s knowledge=0.5263 reliable=448 spec=9.50 pop=13567
  mpx-135 cover: trials=70680000 overall=0.5263 a0_nochange=0.0000 a0_change=0.2022 a1_nochange=0.9412 a1_change=0.9621 matched_but_wrong=14
  mpx-135 traj: trials=70800000 wall=177226s knowledge=0.5291 reliable=452 spec=9.51 pop=13215
  mpx-135 cover: trials=70800000 overall=0.5291 a0_nochange=0.0000 a0_change=0.2086 a1_nochange=0.9487 a1_change=0.9593 matched_but_wrong=2
  mpx-135 acc: trials=70800000 accuracy=0.7793
  mpx-135 traj: trials=70920000 wall=177403s knowledge=0.5311 reliable=462 spec=9.55 pop=12547
  mpx-135 cover: trials=70920000 overall=0.5311 a0_nochange=0.0000 a0_change=0.2167 a1_nochange=0.9480 a1_change=0.9597 matched_but_wrong=3
  mpx-135 traj: trials=71040000 wall=177551s knowledge=0.5314 reliable=460 spec=9.58 pop=12940
  mpx-135 cover: trials=71040000 overall=0.5314 a0_nochange=0.0000 a0_change=0.2168 a1_nochange=0.9508 a1_change=0.9581 matched_but_wrong=4
  mpx-135 traj: trials=71160000 wall=177700s knowledge=0.5346 reliable=473 spec=9.64 pop=12425
  mpx-135 cover: trials=71160000 overall=0.5346 a0_nochange=0.0000 a0_change=0.2278 a1_nochange=0.9538 a1_change=0.9568 matched_but_wrong=27
  mpx-135 traj: trials=71280000 wall=177851s knowledge=0.5352 reliable=489 spec=9.67 pop=12418
  mpx-135 cover: trials=71280000 overall=0.5352 a0_nochange=0.0000 a0_change=0.2306 a1_nochange=0.9562 a1_change=0.9539 matched_but_wrong=48
  mpx-135 traj: trials=71400000 wall=177997s knowledge=0.5403 reliable=494 spec=9.69 pop=12697
  mpx-135 cover: trials=71400000 overall=0.5403 a0_nochange=0.0000 a0_change=0.2418 a1_nochange=0.9538 a1_change=0.9656 matched_but_wrong=32
  mpx-135 acc: trials=71400000 accuracy=0.8934
  mpx-135 traj: trials=71520000 wall=178169s knowledge=0.5477 reliable=490 spec=9.60 pop=12129
  mpx-135 cover: trials=71520000 overall=0.5477 a0_nochange=0.0000 a0_change=0.2618 a1_nochange=0.9600 a1_change=0.9690 matched_but_wrong=30
  mpx-135 traj: trials=71640000 wall=178312s knowledge=0.5442 reliable=487 spec=9.63 pop=12409
  mpx-135 cover: trials=71640000 overall=0.5442 a0_nochange=0.0000 a0_change=0.2652 a1_nochange=0.9511 a1_change=0.9604 matched_but_wrong=58
  mpx-135 traj: trials=71760000 wall=178462s knowledge=0.5504 reliable=484 spec=9.54 pop=12321
  mpx-135 cover: trials=71760000 overall=0.5504 a0_nochange=0.0000 a0_change=0.2741 a1_nochange=0.9659 a1_change=0.9619 matched_but_wrong=12
  mpx-135 traj: trials=71880000 wall=178600s knowledge=0.5527 reliable=478 spec=9.53 pop=11860
  mpx-135 cover: trials=71880000 overall=0.5527 a0_nochange=0.0000 a0_change=0.2844 a1_nochange=0.9662 a1_change=0.9604 matched_but_wrong=16
  mpx-135 traj: trials=72000000 wall=178740s knowledge=0.5531 reliable=471 spec=9.53 pop=12098
  mpx-135 cover: trials=72000000 overall=0.5531 a0_nochange=0.0000 a0_change=0.2853 a1_nochange=0.9594 a1_change=0.9679 matched_but_wrong=24
  mpx-135 acc: trials=72000000 accuracy=0.8332
  mpx-135 traj: trials=72120000 wall=178898s knowledge=0.5567 reliable=477 spec=9.51 pop=12168
  mpx-135 cover: trials=72120000 overall=0.5567 a0_nochange=0.0000 a0_change=0.2983 a1_nochange=0.9594 a1_change=0.9693 matched_but_wrong=18
  mpx-135 traj: trials=72240000 wall=179041s knowledge=0.5625 reliable=505 spec=9.57 pop=12668
  mpx-135 cover: trials=72240000 overall=0.5625 a0_nochange=0.0000 a0_change=0.3185 a1_nochange=0.9582 a1_change=0.9734 matched_but_wrong=77
  mpx-135 traj: trials=72360000 wall=179189s knowledge=0.5651 reliable=489 spec=9.55 pop=12914
  mpx-135 cover: trials=72360000 overall=0.5651 a0_nochange=0.0000 a0_change=0.3265 a1_nochange=0.9621 a1_change=0.9717 matched_but_wrong=20
  mpx-135 traj: trials=72480000 wall=179335s knowledge=0.5686 reliable=508 spec=9.59 pop=12268
  mpx-135 cover: trials=72480000 overall=0.5686 a0_nochange=0.0000 a0_change=0.3415 a1_nochange=0.9611 a1_change=0.9717 matched_but_wrong=53
  mpx-135 traj: trials=72600000 wall=179473s knowledge=0.5717 reliable=509 spec=9.66 pop=11634
  mpx-135 cover: trials=72600000 overall=0.5717 a0_nochange=0.0000 a0_change=0.3570 a1_nochange=0.9597 a1_change=0.9703 matched_but_wrong=32
  mpx-135 acc: trials=72600000 accuracy=0.8497
  mpx-135 traj: trials=72720000 wall=179619s knowledge=0.5763 reliable=506 spec=9.60 pop=10553
  mpx-135 cover: trials=72720000 overall=0.5763 a0_nochange=0.0000 a0_change=0.3746 a1_nochange=0.9609 a1_change=0.9698 matched_but_wrong=6
  mpx-135 traj: trials=72840000 wall=179733s knowledge=0.5787 reliable=499 spec=9.53 pop=9719
  mpx-135 cover: trials=72840000 overall=0.5787 a0_nochange=0.0000 a0_change=0.3761 a1_nochange=0.9703 a1_change=0.9687 matched_but_wrong=4
  mpx-135 traj: trials=72960000 wall=179839s knowledge=0.5823 reliable=502 spec=9.55 pop=9096
  mpx-135 cover: trials=72960000 overall=0.5823 a0_nochange=0.0000 a0_change=0.3891 a1_nochange=0.9703 a1_change=0.9700 matched_but_wrong=6
  mpx-135 traj: trials=73080000 wall=179938s knowledge=0.5810 reliable=499 spec=9.52 pop=8752
  mpx-135 cover: trials=73080000 overall=0.5810 a0_nochange=0.0000 a0_change=0.3848 a1_nochange=0.9709 a1_change=0.9687 matched_but_wrong=11
  mpx-135 traj: trials=73200000 wall=180039s knowledge=0.5842 reliable=488 spec=9.49 pop=9148
  mpx-135 cover: trials=73200000 overall=0.5842 a0_nochange=0.0000 a0_change=0.3958 a1_nochange=0.9675 a1_change=0.9736 matched_but_wrong=18
  mpx-135 acc: trials=73200000 accuracy=0.8506
  mpx-135 traj: trials=73320000 wall=180157s knowledge=0.5861 reliable=517 spec=9.54 pop=9308
  mpx-135 cover: trials=73320000 overall=0.5861 a0_nochange=0.0000 a0_change=0.4065 a1_nochange=0.9629 a1_change=0.9754 matched_but_wrong=36
  mpx-135 traj: trials=73440000 wall=180260s knowledge=0.5907 reliable=524 spec=9.59 pop=9289
  mpx-135 cover: trials=73440000 overall=0.5907 a0_nochange=0.0000 a0_change=0.4219 a1_nochange=0.9699 a1_change=0.9712 matched_but_wrong=15
  mpx-135 traj: trials=73560000 wall=180361s knowledge=0.5945 reliable=531 spec=9.59 pop=8838
  mpx-135 cover: trials=73560000 overall=0.5945 a0_nochange=0.0000 a0_change=0.4305 a1_nochange=0.9774 a1_change=0.9703 matched_but_wrong=39
  mpx-135 traj: trials=73680000 wall=180460s knowledge=0.5951 reliable=517 spec=9.53 pop=9017
  mpx-135 cover: trials=73680000 overall=0.5951 a0_nochange=0.0000 a0_change=0.4338 a1_nochange=0.9729 a1_change=0.9740 matched_but_wrong=8
  mpx-135 traj: trials=73800000 wall=180559s knowledge=0.5994 reliable=537 spec=9.58 pop=8522
  mpx-135 cover: trials=73800000 overall=0.5994 a0_nochange=0.0000 a0_change=0.4520 a1_nochange=0.9760 a1_change=0.9697 matched_but_wrong=12
  mpx-135 acc: trials=73800000 accuracy=0.8753
  mpx-135 traj: trials=73920000 wall=180666s knowledge=0.6017 reliable=539 spec=9.60 pop=8103
  mpx-135 cover: trials=73920000 overall=0.6017 a0_nochange=0.0000 a0_change=0.4597 a1_nochange=0.9742 a1_change=0.9731 matched_but_wrong=19
  mpx-135 traj: trials=74040000 wall=180757s knowledge=0.6006 reliable=531 spec=9.60 pop=7857
  mpx-135 cover: trials=74040000 overall=0.6006 a0_nochange=0.0000 a0_change=0.4576 a1_nochange=0.9750 a1_change=0.9699 matched_but_wrong=3
  mpx-135 traj: trials=74160000 wall=180845s knowledge=0.6024 reliable=527 spec=9.59 pop=7277
  mpx-135 cover: trials=74160000 overall=0.6024 a0_nochange=0.0000 a0_change=0.4628 a1_nochange=0.9763 a1_change=0.9706 matched_but_wrong=15
  mpx-135 traj: trials=74280000 wall=180932s knowledge=0.6058 reliable=525 spec=9.58 pop=7554
  mpx-135 cover: trials=74280000 overall=0.6058 a0_nochange=0.0000 a0_change=0.4724 a1_nochange=0.9773 a1_change=0.9735 matched_but_wrong=5
  mpx-135 traj: trials=74400000 wall=181016s knowledge=0.6052 reliable=516 spec=9.55 pop=6964
  mpx-135 cover: trials=74400000 overall=0.6052 a0_nochange=0.0000 a0_change=0.4729 a1_nochange=0.9735 a1_change=0.9746 matched_but_wrong=16
  mpx-135 acc: trials=74400000 accuracy=0.8890
  mpx-135 traj: trials=74520000 wall=181111s knowledge=0.6083 reliable=521 spec=9.55 pop=6498
  mpx-135 cover: trials=74520000 overall=0.6083 a0_nochange=0.0000 a0_change=0.4817 a1_nochange=0.9764 a1_change=0.9751 matched_but_wrong=10
  mpx-135 traj: trials=74640000 wall=181193s knowledge=0.6083 reliable=518 spec=9.49 pop=6372
  mpx-135 cover: trials=74640000 overall=0.6083 a0_nochange=0.0000 a0_change=0.4822 a1_nochange=0.9748 a1_change=0.9764 matched_but_wrong=5
  mpx-135 traj: trials=74760000 wall=181274s knowledge=0.6091 reliable=517 spec=9.49 pop=6103
  mpx-135 cover: trials=74760000 overall=0.6091 a0_nochange=0.0000 a0_change=0.4858 a1_nochange=0.9758 a1_change=0.9751 matched_but_wrong=1
  mpx-135 traj: trials=74880000 wall=181354s knowledge=0.6088 reliable=507 spec=9.47 pop=6089
  mpx-135 cover: trials=74880000 overall=0.6088 a0_nochange=0.0000 a0_change=0.4831 a1_nochange=0.9771 a1_change=0.9753 matched_but_wrong=2
  mpx-135 traj: trials=75000000 wall=181434s knowledge=0.6102 reliable=503 spec=9.44 pop=5964
  mpx-135 cover: trials=75000000 overall=0.6102 a0_nochange=0.0000 a0_change=0.4888 a1_nochange=0.9762 a1_change=0.9759 matched_but_wrong=29
  mpx-135 acc: trials=75000000 accuracy=0.8308
  mpx-135 traj: trials=75120000 wall=181525s knowledge=0.6113 reliable=499 spec=9.41 pop=5949
  mpx-135 cover: trials=75120000 overall=0.6113 a0_nochange=0.0000 a0_change=0.4965 a1_nochange=0.9764 a1_change=0.9724 matched_but_wrong=1
  mpx-135 traj: trials=75240000 wall=181605s knowledge=0.6130 reliable=503 spec=9.45 pop=5370
  mpx-135 cover: trials=75240000 overall=0.6130 a0_nochange=0.0000 a0_change=0.4971 a1_nochange=0.9825 a1_change=0.9724 matched_but_wrong=4
  mpx-135 traj: trials=75360000 wall=181684s knowledge=0.6156 reliable=505 spec=9.41 pop=5227
  mpx-135 cover: trials=75360000 overall=0.6156 a0_nochange=0.0000 a0_change=0.5061 a1_nochange=0.9840 a1_change=0.9724 matched_but_wrong=10
  mpx-135 traj: trials=75480000 wall=181763s knowledge=0.6163 reliable=494 spec=9.39 pop=5396
  mpx-135 cover: trials=75480000 overall=0.6163 a0_nochange=0.0000 a0_change=0.5088 a1_nochange=0.9840 a1_change=0.9724 matched_but_wrong=7
  mpx-135 traj: trials=75600000 wall=181841s knowledge=0.6164 reliable=487 spec=9.38 pop=4928
  mpx-135 cover: trials=75600000 overall=0.6164 a0_nochange=0.0000 a0_change=0.5111 a1_nochange=0.9822 a1_change=0.9726 matched_but_wrong=5
  mpx-135 acc: trials=75600000 accuracy=0.8423
  mpx-135 traj: trials=75720000 wall=181926s knowledge=0.6187 reliable=497 spec=9.37 pop=4879
  mpx-135 cover: trials=75720000 overall=0.6187 a0_nochange=0.0000 a0_change=0.5157 a1_nochange=0.9859 a1_change=0.9732 matched_but_wrong=9
  mpx-135 traj: trials=75840000 wall=182005s knowledge=0.6189 reliable=496 spec=9.31 pop=4777
  mpx-135 cover: trials=75840000 overall=0.6189 a0_nochange=0.0000 a0_change=0.5147 a1_nochange=0.9878 a1_change=0.9732 matched_but_wrong=1
  mpx-135 traj: trials=75960000 wall=182082s knowledge=0.6206 reliable=501 spec=9.33 pop=4710
  mpx-135 cover: trials=75960000 overall=0.6206 a0_nochange=0.0000 a0_change=0.5224 a1_nochange=0.9868 a1_change=0.9732 matched_but_wrong=10
  mpx-135 traj: trials=76080000 wall=182159s knowledge=0.6220 reliable=491 spec=9.31 pop=4460
  mpx-135 cover: trials=76080000 overall=0.6220 a0_nochange=0.0000 a0_change=0.5215 a1_nochange=0.9913 a1_change=0.9754 matched_but_wrong=4
  mpx-135 traj: trials=76200000 wall=182239s knowledge=0.6221 reliable=487 spec=9.27 pop=4578
  mpx-135 cover: trials=76200000 overall=0.6221 a0_nochange=0.0000 a0_change=0.5233 a1_nochange=0.9897 a1_change=0.9755 matched_but_wrong=7
  mpx-135 acc: trials=76200000 accuracy=0.8289
  mpx-135 traj: trials=76320000 wall=182323s knowledge=0.6206 reliable=468 spec=9.23 pop=4588
  mpx-135 cover: trials=76320000 overall=0.6206 a0_nochange=0.0000 a0_change=0.5211 a1_nochange=0.9902 a1_change=0.9714 matched_but_wrong=2
  mpx-135 traj: trials=76440000 wall=182405s knowledge=0.6202 reliable=463 spec=9.22 pop=4471
  mpx-135 cover: trials=76440000 overall=0.6202 a0_nochange=0.0000 a0_change=0.5217 a1_nochange=0.9904 a1_change=0.9689 matched_but_wrong=2
  mpx-135 traj: trials=76560000 wall=182485s knowledge=0.6211 reliable=467 spec=9.19 pop=4334
  mpx-135 cover: trials=76560000 overall=0.6211 a0_nochange=0.0000 a0_change=0.5216 a1_nochange=0.9908 a1_change=0.9724 matched_but_wrong=2
  mpx-135 traj: trials=76680000 wall=182565s knowledge=0.6207 reliable=456 spec=9.18 pop=4208
  mpx-135 cover: trials=76680000 overall=0.6207 a0_nochange=0.0000 a0_change=0.5180 a1_nochange=0.9927 a1_change=0.9722 matched_but_wrong=10
  mpx-135 traj: trials=76800000 wall=182671s knowledge=0.6189 reliable=438 spec=9.08 pop=4832
  mpx-135 cover: trials=76800000 overall=0.6189 a0_nochange=0.0000 a0_change=0.5128 a1_nochange=0.9942 a1_change=0.9689 matched_but_wrong=5
  mpx-135 acc: trials=76800000 accuracy=0.8512
  mpx-135 traj: trials=76920000 wall=182759s knowledge=0.6189 reliable=430 spec=9.05 pop=4222
  mpx-135 cover: trials=76920000 overall=0.6189 a0_nochange=0.0000 a0_change=0.5110 a1_nochange=0.9942 a1_change=0.9706 matched_but_wrong=7
  mpx-135 traj: trials=77040000 wall=182842s knowledge=0.6199 reliable=430 spec=9.02 pop=4066
  mpx-135 cover: trials=77040000 overall=0.6199 a0_nochange=0.0000 a0_change=0.5177 a1_nochange=0.9927 a1_change=0.9695 matched_but_wrong=21
  mpx-135 traj: trials=77160000 wall=182921s knowledge=0.6180 reliable=424 spec=8.98 pop=4121
  mpx-135 cover: trials=77160000 overall=0.6180 a0_nochange=0.0000 a0_change=0.5110 a1_nochange=0.9927 a1_change=0.9687 matched_but_wrong=14
  mpx-135 traj: trials=77280000 wall=183004s knowledge=0.6189 reliable=424 spec=8.96 pop=4343
  mpx-135 cover: trials=77280000 overall=0.6189 a0_nochange=0.0000 a0_change=0.5091 a1_nochange=0.9952 a1_change=0.9715 matched_but_wrong=1
  mpx-135 traj: trials=77400000 wall=183087s knowledge=0.6194 reliable=417 spec=8.97 pop=3755
  mpx-135 cover: trials=77400000 overall=0.6194 a0_nochange=0.0000 a0_change=0.5102 a1_nochange=0.9944 a1_change=0.9732 matched_but_wrong=2
  mpx-135 acc: trials=77400000 accuracy=0.8696
  mpx-135 traj: trials=77520000 wall=183191s knowledge=0.6193 reliable=414 spec=8.94 pop=3948
  mpx-135 cover: trials=77520000 overall=0.6193 a0_nochange=0.0000 a0_change=0.5092 a1_nochange=0.9964 a1_change=0.9718 matched_but_wrong=2
  mpx-135 traj: trials=77640000 wall=183279s knowledge=0.6181 reliable=410 spec=8.90 pop=3783
  mpx-135 cover: trials=77640000 overall=0.6181 a0_nochange=0.0000 a0_change=0.5085 a1_nochange=0.9932 a1_change=0.9707 matched_but_wrong=0
  mpx-135 traj: trials=77760000 wall=183371s knowledge=0.6185 reliable=408 spec=8.88 pop=3827
  mpx-135 cover: trials=77760000 overall=0.6185 a0_nochange=0.0000 a0_change=0.5122 a1_nochange=0.9932 a1_change=0.9690 matched_but_wrong=0
  mpx-135 traj: trials=77880000 wall=183474s knowledge=0.6175 reliable=408 spec=8.86 pop=4421
  mpx-135 cover: trials=77880000 overall=0.6175 a0_nochange=0.0000 a0_change=0.5080 a1_nochange=0.9932 a1_change=0.9690 matched_but_wrong=4
  mpx-135 traj: trials=78000000 wall=183559s knowledge=0.6211 reliable=416 spec=8.85 pop=4009
  mpx-135 cover: trials=78000000 overall=0.6211 a0_nochange=0.0000 a0_change=0.5227 a1_nochange=0.9927 a1_change=0.9690 matched_but_wrong=0
  mpx-135 acc: trials=78000000 accuracy=0.8433
  mpx-135 traj: trials=78120000 wall=183649s knowledge=0.6222 reliable=422 spec=8.82 pop=3772
  mpx-135 cover: trials=78120000 overall=0.6222 a0_nochange=0.0000 a0_change=0.5252 a1_nochange=0.9952 a1_change=0.9687 matched_but_wrong=1
  mpx-135 traj: trials=78240000 wall=183731s knowledge=0.6222 reliable=410 spec=8.86 pop=3794
  mpx-135 cover: trials=78240000 overall=0.6222 a0_nochange=0.0000 a0_change=0.5268 a1_nochange=0.9936 a1_change=0.9687 matched_but_wrong=5
  mpx-135 traj: trials=78360000 wall=183843s knowledge=0.6220 reliable=403 spec=8.82 pop=4001
  mpx-135 cover: trials=78360000 overall=0.6220 a0_nochange=0.0000 a0_change=0.5253 a1_nochange=0.9927 a1_change=0.9703 matched_but_wrong=1
  mpx-135 traj: trials=78480000 wall=183926s knowledge=0.6231 reliable=400 spec=8.80 pop=3573
  mpx-135 cover: trials=78480000 overall=0.6231 a0_nochange=0.0000 a0_change=0.5308 a1_nochange=0.9927 a1_change=0.9689 matched_but_wrong=0
  mpx-135 traj: trials=78600000 wall=184045s knowledge=0.6214 reliable=399 spec=8.82 pop=3737
  mpx-135 cover: trials=78600000 overall=0.6214 a0_nochange=0.0000 a0_change=0.5232 a1_nochange=0.9935 a1_change=0.9689 matched_but_wrong=0
  mpx-135 acc: trials=78600000 accuracy=0.8218
  mpx-135 traj: trials=78720000 wall=184139s knowledge=0.6216 reliable=396 spec=8.72 pop=3544
  mpx-135 cover: trials=78720000 overall=0.6216 a0_nochange=0.0000 a0_change=0.5250 a1_nochange=0.9927 a1_change=0.9687 matched_but_wrong=0
  mpx-135 traj: trials=78840000 wall=184233s knowledge=0.6230 reliable=397 spec=8.76 pop=3666
  mpx-135 cover: trials=78840000 overall=0.6230 a0_nochange=0.0000 a0_change=0.5247 a1_nochange=0.9927 a1_change=0.9747 matched_but_wrong=0
  mpx-135 traj: trials=78960000 wall=184350s knowledge=0.6269 reliable=400 spec=8.75 pop=3611
  mpx-135 cover: trials=78960000 overall=0.6269 a0_nochange=0.0000 a0_change=0.5412 a1_nochange=0.9927 a1_change=0.9738 matched_but_wrong=0
  mpx-135 traj: trials=79080000 wall=184440s knowledge=0.6268 reliable=392 spec=8.74 pop=3794
  mpx-135 cover: trials=79080000 overall=0.6268 a0_nochange=0.0000 a0_change=0.5460 a1_nochange=0.9927 a1_change=0.9687 matched_but_wrong=0
  mpx-135 traj: trials=79200000 wall=184551s knowledge=0.6289 reliable=394 spec=8.73 pop=3612
  mpx-135 cover: trials=79200000 overall=0.6289 a0_nochange=0.0000 a0_change=0.5501 a1_nochange=0.9927 a1_change=0.9731 matched_but_wrong=0
  mpx-135 acc: trials=79200000 accuracy=0.8340
  mpx-135 traj: trials=79320000 wall=184651s knowledge=0.6293 reliable=392 spec=8.71 pop=3670
  mpx-135 cover: trials=79320000 overall=0.6293 a0_nochange=0.0000 a0_change=0.5507 a1_nochange=0.9936 a1_change=0.9731 matched_but_wrong=0
  mpx-135 traj: trials=79440000 wall=184743s knowledge=0.6318 reliable=399 spec=8.74 pop=3466
  mpx-135 cover: trials=79440000 overall=0.6318 a0_nochange=0.0000 a0_change=0.5605 a1_nochange=0.9936 a1_change=0.9731 matched_but_wrong=0
  mpx-135 traj: trials=79560000 wall=184833s knowledge=0.6319 reliable=394 spec=8.72 pop=3580
  mpx-135 cover: trials=79560000 overall=0.6319 a0_nochange=0.0000 a0_change=0.5556 a1_nochange=0.9927 a1_change=0.9794 matched_but_wrong=0
  mpx-135 traj: trials=79680000 wall=184929s knowledge=0.6308 reliable=389 spec=8.70 pop=3329
  mpx-135 cover: trials=79680000 overall=0.6308 a0_nochange=0.0000 a0_change=0.5538 a1_nochange=0.9927 a1_change=0.9770 matched_but_wrong=0
  mpx-135 traj: trials=79800000 wall=185015s knowledge=0.6308 reliable=388 spec=8.68 pop=3458
  mpx-135 cover: trials=79800000 overall=0.6308 a0_nochange=0.0000 a0_change=0.5520 a1_nochange=0.9932 a1_change=0.9781 matched_but_wrong=0
  mpx-135 acc: trials=79800000 accuracy=0.8567
  mpx-135 traj: trials=79920000 wall=185125s knowledge=0.6322 reliable=385 spec=8.66 pop=3273
  mpx-135 cover: trials=79920000 overall=0.6322 a0_nochange=0.0000 a0_change=0.5558 a1_nochange=0.9948 a1_change=0.9784 matched_but_wrong=0
  mpx-135 traj: trials=80040000 wall=185265s knowledge=0.6350 reliable=388 spec=8.65 pop=3221
  mpx-135 cover: trials=80040000 overall=0.6350 a0_nochange=0.0000 a0_change=0.5698 a1_nochange=0.9927 a1_change=0.9776 matched_but_wrong=0
  mpx-135 traj: trials=80160000 wall=185437s knowledge=0.6345 reliable=381 spec=8.62 pop=3975
  mpx-135 cover: trials=80160000 overall=0.6345 a0_nochange=0.0000 a0_change=0.5690 a1_nochange=0.9927 a1_change=0.9765 matched_but_wrong=0
  mpx-135 traj: trials=80280000 wall=185520s knowledge=0.6327 reliable=374 spec=8.57 pop=3367
  mpx-135 cover: trials=80280000 overall=0.6327 a0_nochange=0.0000 a0_change=0.5618 a1_nochange=0.9927 a1_change=0.9765 matched_but_wrong=0
  mpx-135 traj: trials=80400000 wall=185640s knowledge=0.6333 reliable=378 spec=8.60 pop=3393
  mpx-135 cover: trials=80400000 overall=0.6333 a0_nochange=0.0000 a0_change=0.5620 a1_nochange=0.9932 a1_change=0.9784 matched_but_wrong=0
  mpx-135 acc: trials=80400000 accuracy=0.8360
  mpx-135 traj: trials=80520000 wall=185735s knowledge=0.6343 reliable=376 spec=8.57 pop=3399
  mpx-135 cover: trials=80520000 overall=0.6343 a0_nochange=0.0000 a0_change=0.5626 a1_nochange=0.9950 a1_change=0.9798 matched_but_wrong=0
  mpx-135 traj: trials=80640000 wall=185889s knowledge=0.6338 reliable=376 spec=8.58 pop=3396
  mpx-135 cover: trials=80640000 overall=0.6338 a0_nochange=0.0000 a0_change=0.5629 a1_nochange=0.9927 a1_change=0.9798 matched_but_wrong=0
  mpx-135 traj: trials=80760000 wall=185976s knowledge=0.6354 reliable=381 spec=8.59 pop=3473
  mpx-135 cover: trials=80760000 overall=0.6354 a0_nochange=0.0000 a0_change=0.5656 a1_nochange=0.9927 a1_change=0.9836 matched_but_wrong=0
  mpx-135 traj: trials=80880000 wall=186136s knowledge=0.6371 reliable=378 spec=8.60 pop=3234
  mpx-135 cover: trials=80880000 overall=0.6371 a0_nochange=0.0000 a0_change=0.5666 a1_nochange=0.9942 a1_change=0.9877 matched_but_wrong=0
  mpx-135 traj: trials=81000000 wall=186223s knowledge=0.6369 reliable=377 spec=8.55 pop=3492
  mpx-135 cover: trials=81000000 overall=0.6369 a0_nochange=0.0000 a0_change=0.5654 a1_nochange=0.9946 a1_change=0.9877 matched_but_wrong=0
  mpx-135 acc: trials=81000000 accuracy=0.8351
  mpx-135 traj: trials=81120000 wall=186334s knowledge=0.6368 reliable=375 spec=8.54 pop=3218
  mpx-135 cover: trials=81120000 overall=0.6368 a0_nochange=0.0000 a0_change=0.5654 a1_nochange=0.9946 a1_change=0.9873 matched_but_wrong=0
  mpx-135 traj: trials=81240000 wall=186569s knowledge=0.6379 reliable=375 spec=8.53 pop=4433
  mpx-135 cover: trials=81240000 overall=0.6379 a0_nochange=0.0000 a0_change=0.5677 a1_nochange=0.9967 a1_change=0.9872 matched_but_wrong=0
  mpx-135 traj: trials=81360000 wall=186665s knowledge=0.6391 reliable=377 spec=8.54 pop=3209
  mpx-135 cover: trials=81360000 overall=0.6391 a0_nochange=0.0000 a0_change=0.5729 a1_nochange=0.9946 a1_change=0.9889 matched_but_wrong=0
  mpx-135 traj: trials=81480000 wall=186795s knowledge=0.6388 reliable=376 spec=8.54 pop=3777
  mpx-135 cover: trials=81480000 overall=0.6388 a0_nochange=0.0000 a0_change=0.5706 a1_nochange=0.9927 a1_change=0.9922 matched_but_wrong=0
  mpx-135 traj: trials=81600000 wall=186888s knowledge=0.6403 reliable=372 spec=8.53 pop=3148
  mpx-135 cover: trials=81600000 overall=0.6403 a0_nochange=0.0000 a0_change=0.5766 a1_nochange=0.9927 a1_change=0.9922 matched_but_wrong=7
  mpx-135 acc: trials=81600000 accuracy=0.8428
  mpx-135 traj: trials=81720000 wall=187004s knowledge=0.6426 reliable=373 spec=8.53 pop=3027
  mpx-135 cover: trials=81720000 overall=0.6426 a0_nochange=0.0000 a0_change=0.5841 a1_nochange=0.9927 a1_change=0.9940 matched_but_wrong=0
  mpx-135 traj: trials=81840000 wall=187093s knowledge=0.6409 reliable=370 spec=8.48 pop=3040
  mpx-135 cover: trials=81840000 overall=0.6409 a0_nochange=0.0000 a0_change=0.5830 a1_nochange=0.9927 a1_change=0.9881 matched_but_wrong=0
  mpx-135 traj: trials=81960000 wall=187180s knowledge=0.6405 reliable=366 spec=8.46 pop=2974
  mpx-135 cover: trials=81960000 overall=0.6405 a0_nochange=0.0000 a0_change=0.5813 a1_nochange=0.9927 a1_change=0.9881 matched_but_wrong=0
  mpx-135 traj: trials=82080000 wall=187387s knowledge=0.6402 reliable=357 spec=8.44 pop=3300
  mpx-135 cover: trials=82080000 overall=0.6402 a0_nochange=0.0000 a0_change=0.5782 a1_nochange=0.9927 a1_change=0.9901 matched_but_wrong=0
  mpx-135 traj: trials=82200000 wall=187470s knowledge=0.6397 reliable=360 spec=8.44 pop=3474
  mpx-135 cover: trials=82200000 overall=0.6397 a0_nochange=0.0000 a0_change=0.5781 a1_nochange=0.9927 a1_change=0.9881 matched_but_wrong=0
  mpx-135 acc: trials=82200000 accuracy=0.8412
  mpx-135 traj: trials=82320000 wall=187621s knowledge=0.6397 reliable=363 spec=8.45 pop=2942
  mpx-135 cover: trials=82320000 overall=0.6397 a0_nochange=0.0000 a0_change=0.5783 a1_nochange=0.9927 a1_change=0.9881 matched_but_wrong=0
  mpx-135 traj: trials=82440000 wall=187813s knowledge=0.6411 reliable=369 spec=8.42 pop=4689
  mpx-135 cover: trials=82440000 overall=0.6411 a0_nochange=0.0000 a0_change=0.5835 a1_nochange=0.9927 a1_change=0.9885 matched_but_wrong=0
  mpx-135 traj: trials=82560000 wall=187896s knowledge=0.6410 reliable=365 spec=8.42 pop=3099
  mpx-135 cover: trials=82560000 overall=0.6410 a0_nochange=0.0000 a0_change=0.5835 a1_nochange=0.9927 a1_change=0.9881 matched_but_wrong=0
  mpx-135 traj: trials=82680000 wall=188011s knowledge=0.6402 reliable=366 spec=8.38 pop=3240
  mpx-135 cover: trials=82680000 overall=0.6402 a0_nochange=0.0000 a0_change=0.5797 a1_nochange=0.9927 a1_change=0.9885 matched_but_wrong=0
  mpx-135 traj: trials=82800000 wall=188094s knowledge=0.6405 reliable=360 spec=8.38 pop=3049
  mpx-135 cover: trials=82800000 overall=0.6405 a0_nochange=0.0000 a0_change=0.5813 a1_nochange=0.9927 a1_change=0.9881 matched_but_wrong=0
  mpx-135 acc: trials=82800000 accuracy=0.8283
  mpx-135 traj: trials=82920000 wall=188190s knowledge=0.6414 reliable=364 spec=8.38 pop=3001
  mpx-135 cover: trials=82920000 overall=0.6414 a0_nochange=0.0000 a0_change=0.5849 a1_nochange=0.9927 a1_change=0.9881 matched_but_wrong=0
  mpx-135 traj: trials=83040000 wall=188437s knowledge=0.6431 reliable=364 spec=8.35 pop=3072
  mpx-135 cover: trials=83040000 overall=0.6431 a0_nochange=0.0000 a0_change=0.5898 a1_nochange=0.9948 a1_change=0.9881 matched_but_wrong=0
  mpx-135 traj: trials=83160000 wall=188537s knowledge=0.6432 reliable=367 spec=8.36 pop=3386
  mpx-135 cover: trials=83160000 overall=0.6432 a0_nochange=0.0000 a0_change=0.5916 a1_nochange=0.9927 a1_change=0.9886 matched_but_wrong=0
  mpx-135 traj: trials=83280000 wall=188621s knowledge=0.6429 reliable=365 spec=8.30 pop=2975
  mpx-135 cover: trials=83280000 overall=0.6429 a0_nochange=0.0000 a0_change=0.5911 a1_nochange=0.9927 a1_change=0.9881 matched_but_wrong=0
  mpx-135 traj: trials=83400000 wall=188743s knowledge=0.6461 reliable=362 spec=8.30 pop=3119
  mpx-135 cover: trials=83400000 overall=0.6461 a0_nochange=0.0000 a0_change=0.5973 a1_nochange=0.9969 a1_change=0.9904 matched_but_wrong=0
  mpx-135 acc: trials=83400000 accuracy=0.8692
  mpx-135 traj: trials=83520000 wall=188915s knowledge=0.6456 reliable=356 spec=8.29 pop=3030
  mpx-135 cover: trials=83520000 overall=0.6456 a0_nochange=0.0000 a0_change=0.5985 a1_nochange=0.9927 a1_change=0.9913 matched_but_wrong=0
  mpx-135 traj: trials=83640000 wall=189030s knowledge=0.6450 reliable=357 spec=8.29 pop=3178
  mpx-135 cover: trials=83640000 overall=0.6450 a0_nochange=0.0000 a0_change=0.5945 a1_nochange=0.9927 a1_change=0.9930 matched_but_wrong=0
  mpx-135 traj: trials=83760000 wall=189175s knowledge=0.6450 reliable=361 spec=8.31 pop=3084
  mpx-135 cover: trials=83760000 overall=0.6450 a0_nochange=0.0000 a0_change=0.5941 a1_nochange=0.9927 a1_change=0.9933 matched_but_wrong=0
  mpx-135 traj: trials=83880000 wall=189342s knowledge=0.6445 reliable=354 spec=8.36 pop=3198
  mpx-135 cover: trials=83880000 overall=0.6445 a0_nochange=0.0000 a0_change=0.5941 a1_nochange=0.9929 a1_change=0.9913 matched_but_wrong=0
  mpx-135 traj: trials=84000000 wall=189462s knowledge=0.6444 reliable=359 spec=8.33 pop=3214
  mpx-135 cover: trials=84000000 overall=0.6444 a0_nochange=0.0000 a0_change=0.5940 a1_nochange=0.9927 a1_change=0.9913 matched_but_wrong=0
  mpx-135 acc: trials=84000000 accuracy=0.8384
  mpx-135 traj: trials=84120000 wall=189637s knowledge=0.6455 reliable=368 spec=8.35 pop=2892
  mpx-135 cover: trials=84120000 overall=0.6455 a0_nochange=0.0000 a0_change=0.5975 a1_nochange=0.9931 a1_change=0.9916 matched_but_wrong=0
  mpx-135 traj: trials=84240000 wall=189741s knowledge=0.6466 reliable=358 spec=8.34 pop=3171
  mpx-135 cover: trials=84240000 overall=0.6466 a0_nochange=0.0000 a0_change=0.6020 a1_nochange=0.9931 a1_change=0.9916 matched_but_wrong=0
  mpx-135 traj: trials=84360000 wall=189865s knowledge=0.6469 reliable=361 spec=8.32 pop=3054
  mpx-135 cover: trials=84360000 overall=0.6469 a0_nochange=0.0000 a0_change=0.6015 a1_nochange=0.9930 a1_change=0.9932 matched_but_wrong=0
  mpx-135 traj: trials=84480000 wall=189949s knowledge=0.6480 reliable=358 spec=8.34 pop=2946
  mpx-135 cover: trials=84480000 overall=0.6480 a0_nochange=0.0000 a0_change=0.6046 a1_nochange=0.9939 a1_change=0.9936 matched_but_wrong=0
  mpx-135 traj: trials=84600000 wall=190074s knowledge=0.6479 reliable=354 spec=8.32 pop=2836
  mpx-135 cover: trials=84600000 overall=0.6479 a0_nochange=0.0000 a0_change=0.6039 a1_nochange=0.9937 a1_change=0.9940 matched_but_wrong=0
  mpx-135 acc: trials=84600000 accuracy=0.8466
  mpx-135 traj: trials=84720000 wall=190180s knowledge=0.6475 reliable=353 spec=8.31 pop=2979
  mpx-135 cover: trials=84720000 overall=0.6475 a0_nochange=0.0000 a0_change=0.6039 a1_nochange=0.9927 a1_change=0.9936 matched_but_wrong=0
  mpx-135 traj: trials=84840000 wall=190353s knowledge=0.6476 reliable=355 spec=8.31 pop=4519
  mpx-135 cover: trials=84840000 overall=0.6476 a0_nochange=0.0000 a0_change=0.6039 a1_nochange=0.9932 a1_change=0.9936 matched_but_wrong=0
  mpx-135 traj: trials=84960000 wall=190431s knowledge=0.6483 reliable=357 spec=8.33 pop=3261
  mpx-135 cover: trials=84960000 overall=0.6483 a0_nochange=0.0000 a0_change=0.6047 a1_nochange=0.9927 a1_change=0.9958 matched_but_wrong=0
  mpx-135 traj: trials=85080000 wall=190528s knowledge=0.6485 reliable=362 spec=8.34 pop=3071
  mpx-135 cover: trials=85080000 overall=0.6485 a0_nochange=0.0000 a0_change=0.6056 a1_nochange=0.9927 a1_change=0.9958 matched_but_wrong=0
  mpx-135 traj: trials=85200000 wall=190626s knowledge=0.6510 reliable=365 spec=8.35 pop=2887
  mpx-135 cover: trials=85200000 overall=0.6510 a0_nochange=0.0000 a0_change=0.6106 a1_nochange=0.9978 a1_change=0.9958 matched_but_wrong=0
  mpx-135 acc: trials=85200000 accuracy=0.8530
  mpx-135 traj: trials=85320000 wall=190713s knowledge=0.6505 reliable=362 spec=8.32 pop=2791
  mpx-135 cover: trials=85320000 overall=0.6505 a0_nochange=0.0000 a0_change=0.6089 a1_nochange=0.9975 a1_change=0.9958 matched_but_wrong=0
  mpx-135 traj: trials=85440000 wall=190794s knowledge=0.6503 reliable=359 spec=8.28 pop=2927
  mpx-135 cover: trials=85440000 overall=0.6503 a0_nochange=0.0000 a0_change=0.6093 a1_nochange=0.9964 a1_change=0.9958 matched_but_wrong=0
  mpx-135 traj: trials=85560000 wall=190895s knowledge=0.6501 reliable=355 spec=8.28 pop=2809
  mpx-135 cover: trials=85560000 overall=0.6501 a0_nochange=0.0000 a0_change=0.6082 a1_nochange=0.9964 a1_change=0.9958 matched_but_wrong=0
  mpx-135 traj: trials=85680000 wall=190995s knowledge=0.6502 reliable=359 spec=8.28 pop=2748
  mpx-135 cover: trials=85680000 overall=0.6502 a0_nochange=0.0000 a0_change=0.6047 a1_nochange=0.9964 a1_change=1.0000 matched_but_wrong=0
  mpx-135 traj: trials=85800000 wall=191158s knowledge=0.6486 reliable=358 spec=8.28 pop=2937
  mpx-135 cover: trials=85800000 overall=0.6486 a0_nochange=0.0000 a0_change=0.6057 a1_nochange=0.9933 a1_change=0.9958 matched_but_wrong=0
  mpx-135 acc: trials=85800000 accuracy=0.8465
  mpx-135 traj: trials=85920000 wall=191267s knowledge=0.6486 reliable=357 spec=8.25 pop=2860
  mpx-135 cover: trials=85920000 overall=0.6486 a0_nochange=0.0000 a0_change=0.6040 a1_nochange=0.9930 a1_change=0.9979 matched_but_wrong=0
  mpx-135 traj: trials=86040000 wall=191377s knowledge=0.6499 reliable=361 spec=8.26 pop=3003
  mpx-135 cover: trials=86040000 overall=0.6499 a0_nochange=0.0000 a0_change=0.6079 a1_nochange=0.9942 a1_change=0.9978 matched_but_wrong=0
  mpx-135 traj: trials=86160000 wall=191462s knowledge=0.6492 reliable=356 spec=8.26 pop=3397
  mpx-135 cover: trials=86160000 overall=0.6492 a0_nochange=0.0000 a0_change=0.6074 a1_nochange=0.9942 a1_change=0.9953 matched_but_wrong=0
  mpx-135 traj: trials=86280000 wall=191564s knowledge=0.6509 reliable=363 spec=8.25 pop=2879
  mpx-135 cover: trials=86280000 overall=0.6509 a0_nochange=0.0000 a0_change=0.6105 a1_nochange=0.9977 a1_change=0.9957 matched_but_wrong=0
  mpx-135 traj: trials=86400000 wall=191674s knowledge=0.6506 reliable=365 spec=8.24 pop=2671
  mpx-135 cover: trials=86400000 overall=0.6506 a0_nochange=0.0000 a0_change=0.6093 a1_nochange=0.9977 a1_change=0.9957 matched_but_wrong=8
  mpx-135 acc: trials=86400000 accuracy=0.8418
  mpx-135 traj: trials=86520000 wall=191769s knowledge=0.6501 reliable=353 spec=8.21 pop=2965
  mpx-135 cover: trials=86520000 overall=0.6501 a0_nochange=0.0000 a0_change=0.6077 a1_nochange=0.9977 a1_change=0.9953 matched_but_wrong=0
  mpx-135 traj: trials=86640000 wall=191849s knowledge=0.6493 reliable=362 spec=8.23 pop=2780
  mpx-135 cover: trials=86640000 overall=0.6493 a0_nochange=0.0000 a0_change=0.6095 a1_nochange=0.9958 a1_change=0.9922 matched_but_wrong=0
  mpx-135 traj: trials=86760000 wall=192042s knowledge=0.6501 reliable=353 spec=8.23 pop=2880
  mpx-135 cover: trials=86760000 overall=0.6501 a0_nochange=0.0000 a0_change=0.6170 a1_nochange=0.9922 a1_change=0.9914 matched_but_wrong=0
  mpx-135 traj: trials=86880000 wall=192128s knowledge=0.6501 reliable=355 spec=8.22 pop=3024
  mpx-135 cover: trials=86880000 overall=0.6501 a0_nochange=0.0000 a0_change=0.6165 a1_nochange=0.9926 a1_change=0.9914 matched_but_wrong=0
  mpx-135 traj: trials=87000000 wall=192209s knowledge=0.6501 reliable=361 spec=8.22 pop=2995
  mpx-135 cover: trials=87000000 overall=0.6501 a0_nochange=0.0000 a0_change=0.6170 a1_nochange=0.9923 a1_change=0.9914 matched_but_wrong=0
  mpx-135 acc: trials=87000000 accuracy=0.8759
  mpx-135 traj: trials=87120000 wall=192306s knowledge=0.6504 reliable=353 spec=8.23 pop=3111
  mpx-135 cover: trials=87120000 overall=0.6504 a0_nochange=0.0000 a0_change=0.6162 a1_nochange=0.9934 a1_change=0.9923 matched_but_wrong=0
  mpx-135 traj: trials=87240000 wall=192404s knowledge=0.6504 reliable=353 spec=8.23 pop=3066
  mpx-135 cover: trials=87240000 overall=0.6504 a0_nochange=0.0000 a0_change=0.6162 a1_nochange=0.9934 a1_change=0.9921 matched_but_wrong=0
  mpx-135 traj: trials=87360000 wall=192518s knowledge=0.6515 reliable=363 spec=8.24 pop=3188
  mpx-135 cover: trials=87360000 overall=0.6515 a0_nochange=0.0000 a0_change=0.6198 a1_nochange=0.9944 a1_change=0.9919 matched_but_wrong=0
  mpx-135 traj: trials=87480000 wall=192625s knowledge=0.6529 reliable=357 spec=8.24 pop=2852
  mpx-135 cover: trials=87480000 overall=0.6529 a0_nochange=0.0000 a0_change=0.6259 a1_nochange=0.9942 a1_change=0.9917 matched_but_wrong=0
  mpx-135 traj: trials=87600000 wall=192706s knowledge=0.6535 reliable=361 spec=8.25 pop=2756
  mpx-135 cover: trials=87600000 overall=0.6535 a0_nochange=0.0000 a0_change=0.6278 a1_nochange=0.9939 a1_change=0.9925 matched_but_wrong=0
  mpx-135 acc: trials=87600000 accuracy=0.8688
  mpx-135 traj: trials=87720000 wall=192807s knowledge=0.6523 reliable=360 spec=8.23 pop=2906
  mpx-135 cover: trials=87720000 overall=0.6523 a0_nochange=0.0000 a0_change=0.6203 a1_nochange=0.9968 a1_change=0.9925 matched_but_wrong=0
  mpx-135 traj: trials=87840000 wall=192888s knowledge=0.6525 reliable=356 spec=8.21 pop=2756
  mpx-135 cover: trials=87840000 overall=0.6525 a0_nochange=0.0000 a0_change=0.6221 a1_nochange=0.9927 a1_change=0.9953 matched_but_wrong=0
  mpx-135 traj: trials=87960000 wall=193130s knowledge=0.6533 reliable=359 spec=8.22 pop=4566
  mpx-135 cover: trials=87960000 overall=0.6533 a0_nochange=0.0000 a0_change=0.6232 a1_nochange=0.9927 a1_change=0.9974 matched_but_wrong=0
  mpx-135 traj: trials=88080000 wall=193211s knowledge=0.6533 reliable=358 spec=8.20 pop=2743
  mpx-135 cover: trials=88080000 overall=0.6533 a0_nochange=0.0000 a0_change=0.6221 a1_nochange=0.9958 a1_change=0.9953 matched_but_wrong=0
  mpx-135 traj: trials=88200000 wall=193384s knowledge=0.6534 reliable=360 spec=8.19 pop=2952
  mpx-135 cover: trials=88200000 overall=0.6534 a0_nochange=0.0000 a0_change=0.6265 a1_nochange=0.9922 a1_change=0.9953 matched_but_wrong=0
  mpx-135 acc: trials=88200000 accuracy=0.8584
  mpx-135 traj: trials=88320000 wall=193496s knowledge=0.6535 reliable=352 spec=8.20 pop=3519
  mpx-135 cover: trials=88320000 overall=0.6535 a0_nochange=0.0000 a0_change=0.6269 a1_nochange=0.9922 a1_change=0.9953 matched_but_wrong=0
  mpx-135 traj: trials=88440000 wall=193579s knowledge=0.6536 reliable=355 spec=8.22 pop=2781
  mpx-135 cover: trials=88440000 overall=0.6536 a0_nochange=0.0000 a0_change=0.6265 a1_nochange=0.9930 a1_change=0.9953 matched_but_wrong=0
  mpx-135 traj: trials=88560000 wall=193723s knowledge=0.6544 reliable=354 spec=8.22 pop=2965
  mpx-135 cover: trials=88560000 overall=0.6544 a0_nochange=0.0000 a0_change=0.6265 a1_nochange=0.9959 a1_change=0.9953 matched_but_wrong=0
  mpx-135 traj: trials=88680000 wall=193833s knowledge=0.6544 reliable=355 spec=8.22 pop=2922
  mpx-135 cover: trials=88680000 overall=0.6544 a0_nochange=0.0000 a0_change=0.6265 a1_nochange=0.9959 a1_change=0.9953 matched_but_wrong=0
  mpx-135 traj: trials=88800000 wall=193916s knowledge=0.6553 reliable=359 spec=8.22 pop=2770
  mpx-135 cover: trials=88800000 overall=0.6553 a0_nochange=0.0000 a0_change=0.6339 a1_nochange=0.9922 a1_change=0.9953 matched_but_wrong=0
  mpx-135 acc: trials=88800000 accuracy=0.8606
  mpx-135 traj: trials=88920000 wall=193999s knowledge=0.6588 reliable=364 spec=8.23 pop=2591
  mpx-135 cover: trials=88920000 overall=0.6588 a0_nochange=0.0000 a0_change=0.6441 a1_nochange=0.9961 a1_change=0.9953 matched_but_wrong=0
  mpx-135 traj: trials=89040000 wall=194094s knowledge=0.6578 reliable=358 spec=8.24 pop=3214
  mpx-135 cover: trials=89040000 overall=0.6578 a0_nochange=0.0000 a0_change=0.6396 a1_nochange=0.9964 a1_change=0.9953 matched_but_wrong=0
  mpx-135 traj: trials=89160000 wall=194179s knowledge=0.6580 reliable=365 spec=8.25 pop=2744
  mpx-135 cover: trials=89160000 overall=0.6580 a0_nochange=0.0000 a0_change=0.6448 a1_nochange=0.9923 a1_change=0.9953 matched_but_wrong=0
  mpx-135 traj: trials=89280000 wall=194306s knowledge=0.6580 reliable=362 spec=8.23 pop=2869
  mpx-135 cover: trials=89280000 overall=0.6580 a0_nochange=0.0000 a0_change=0.6447 a1_nochange=0.9923 a1_change=0.9953 matched_but_wrong=0
  mpx-135 traj: trials=89400000 wall=194388s knowledge=0.6585 reliable=361 spec=8.22 pop=2721
  mpx-135 cover: trials=89400000 overall=0.6585 a0_nochange=0.0000 a0_change=0.6405 a1_nochange=0.9962 a1_change=0.9974 matched_but_wrong=0
  mpx-135 acc: trials=89400000 accuracy=0.8624
  mpx-135 traj: trials=89520000 wall=194475s knowledge=0.6608 reliable=371 spec=8.29 pop=3045
  mpx-135 cover: trials=89520000 overall=0.6608 a0_nochange=0.0000 a0_change=0.6538 a1_nochange=0.9923 a1_change=0.9974 matched_but_wrong=6
  mpx-135 traj: trials=89640000 wall=194551s knowledge=0.6600 reliable=373 spec=8.27 pop=2730
  mpx-135 cover: trials=89640000 overall=0.6600 a0_nochange=0.0000 a0_change=0.6488 a1_nochange=0.9942 a1_change=0.9974 matched_but_wrong=7
  mpx-135 traj: trials=89760000 wall=194631s knowledge=0.6616 reliable=372 spec=8.30 pop=2852
  mpx-135 cover: trials=89760000 overall=0.6616 a0_nochange=0.0000 a0_change=0.6549 a1_nochange=0.9942 a1_change=0.9974 matched_but_wrong=2
  mpx-135 traj: trials=89880000 wall=194859s knowledge=0.6615 reliable=374 spec=8.29 pop=2937
  mpx-135 cover: trials=89880000 overall=0.6615 a0_nochange=0.0000 a0_change=0.6546 a1_nochange=0.9941 a1_change=0.9974 matched_but_wrong=0
  mpx-135 traj: trials=90000000 wall=194953s knowledge=0.6616 reliable=376 spec=8.31 pop=2749
  mpx-135 cover: trials=90000000 overall=0.6616 a0_nochange=0.0000 a0_change=0.6554 a1_nochange=0.9958 a1_change=0.9953 matched_but_wrong=1
  mpx-135 acc: trials=90000000 accuracy=0.8811
  mpx-135 traj: trials=90120000 wall=195041s knowledge=0.6613 reliable=370 spec=8.30 pop=2732
  mpx-135 cover: trials=90120000 overall=0.6613 a0_nochange=0.0000 a0_change=0.6542 a1_nochange=0.9959 a1_change=0.9953 matched_but_wrong=0
  mpx-135 traj: trials=90240000 wall=195169s knowledge=0.6618 reliable=373 spec=8.30 pop=2825
  mpx-135 cover: trials=90240000 overall=0.6618 a0_nochange=0.0000 a0_change=0.6540 a1_nochange=0.9982 a1_change=0.9953 matched_but_wrong=0
  mpx-135 traj: trials=90360000 wall=195246s knowledge=0.6632 reliable=375 spec=8.32 pop=2697
  mpx-135 cover: trials=90360000 overall=0.6632 a0_nochange=0.0000 a0_change=0.6594 a1_nochange=0.9982 a1_change=0.9953 matched_but_wrong=0
  mpx-135 traj: trials=90480000 wall=195333s knowledge=0.6616 reliable=371 spec=8.32 pop=2693
  mpx-135 cover: trials=90480000 overall=0.6616 a0_nochange=0.0000 a0_change=0.6592 a1_nochange=0.9923 a1_change=0.9953 matched_but_wrong=0
  mpx-135 traj: trials=90600000 wall=195420s knowledge=0.6632 reliable=378 spec=8.33 pop=2595
  mpx-135 cover: trials=90600000 overall=0.6632 a0_nochange=0.0000 a0_change=0.6632 a1_nochange=0.9923 a1_change=0.9975 matched_but_wrong=0
  mpx-135 acc: trials=90600000 accuracy=0.8694
  mpx-135 traj: trials=90720000 wall=195530s knowledge=0.6634 reliable=371 spec=8.31 pop=2879
  mpx-135 cover: trials=90720000 overall=0.6634 a0_nochange=0.0000 a0_change=0.6617 a1_nochange=0.9946 a1_change=0.9975 matched_but_wrong=0
  mpx-135 traj: trials=90840000 wall=195634s knowledge=0.6638 reliable=372 spec=8.29 pop=2661
  mpx-135 cover: trials=90840000 overall=0.6638 a0_nochange=0.0000 a0_change=0.6617 a1_nochange=0.9962 a1_change=0.9975 matched_but_wrong=0
  mpx-135 traj: trials=90960000 wall=195735s knowledge=0.6655 reliable=368 spec=8.27 pop=2738
  mpx-135 cover: trials=90960000 overall=0.6655 a0_nochange=0.0000 a0_change=0.6665 a1_nochange=0.9981 a1_change=0.9975 matched_but_wrong=0
  mpx-135 traj: trials=91080000 wall=195849s knowledge=0.6643 reliable=367 spec=8.25 pop=2799
  mpx-135 cover: trials=91080000 overall=0.6643 a0_nochange=0.0000 a0_change=0.6589 a1_nochange=1.0000 a1_change=0.9986 matched_but_wrong=0
  mpx-135 traj: trials=91200000 wall=195947s knowledge=0.6633 reliable=366 spec=8.23 pop=2651
  mpx-135 cover: trials=91200000 overall=0.6633 a0_nochange=0.0000 a0_change=0.6536 a1_nochange=1.0000 a1_change=1.0000 matched_but_wrong=0
  mpx-135 acc: trials=91200000 accuracy=0.8642
  mpx-135 traj: trials=91320000 wall=196039s knowledge=0.6638 reliable=365 spec=8.22 pop=2964
  mpx-135 cover: trials=91320000 overall=0.6638 a0_nochange=0.0000 a0_change=0.6554 a1_nochange=1.0000 a1_change=1.0000 matched_but_wrong=0
  mpx-135 traj: trials=91440000 wall=196128s knowledge=0.6631 reliable=367 spec=8.22 pop=2640
  mpx-135 cover: trials=91440000 overall=0.6631 a0_nochange=0.0000 a0_change=0.6527 a1_nochange=1.0000 a1_change=1.0000 matched_but_wrong=0
  mpx-135 traj: trials=91560000 wall=196212s knowledge=0.6647 reliable=364 spec=8.20 pop=2844
  mpx-135 cover: trials=91560000 overall=0.6647 a0_nochange=0.0000 a0_change=0.6591 a1_nochange=1.0000 a1_change=1.0000 matched_but_wrong=0
  mpx-135 traj: trials=91680000 wall=196339s knowledge=0.6657 reliable=361 spec=8.20 pop=3146
  mpx-135 cover: trials=91680000 overall=0.6657 a0_nochange=0.0000 a0_change=0.6632 a1_nochange=1.0000 a1_change=1.0000 matched_but_wrong=0
  mpx-135 traj: trials=91800000 wall=196442s knowledge=0.6669 reliable=364 spec=8.20 pop=2498
  mpx-135 cover: trials=91800000 overall=0.6669 a0_nochange=0.0000 a0_change=0.6677 a1_nochange=1.0000 a1_change=1.0000 matched_but_wrong=0
  mpx-135 acc: trials=91800000 accuracy=0.8948
  mpx-135 traj: trials=91920000 wall=196563s knowledge=0.6677 reliable=367 spec=8.17 pop=2691
  mpx-135 cover: trials=91920000 overall=0.6677 a0_nochange=0.0000 a0_change=0.6711 a1_nochange=1.0000 a1_change=1.0000 matched_but_wrong=0
  mpx-135 traj: trials=92040000 wall=196666s knowledge=0.6688 reliable=366 spec=8.16 pop=5232
  mpx-135 cover: trials=92040000 overall=0.6688 a0_nochange=0.0000 a0_change=0.6753 a1_nochange=1.0000 a1_change=1.0000 matched_but_wrong=0
  mpx-135 traj: trials=92160000 wall=196746s knowledge=0.6671 reliable=359 spec=8.15 pop=2569
  mpx-135 cover: trials=92160000 overall=0.6671 a0_nochange=0.0000 a0_change=0.6752 a1_nochange=1.0000 a1_change=0.9934 matched_but_wrong=0
  mpx-135 traj: trials=92280000 wall=197026s knowledge=0.6658 reliable=360 spec=8.16 pop=2631
  mpx-135 cover: trials=92280000 overall=0.6658 a0_nochange=0.0000 a0_change=0.6720 a1_nochange=1.0000 a1_change=0.9914 matched_but_wrong=0
  mpx-135 traj: trials=92400000 wall=197437s knowledge=0.6648 reliable=359 spec=8.14 pop=5455
  mpx-135 cover: trials=92400000 overall=0.6648 a0_nochange=0.0000 a0_change=0.6680 a1_nochange=1.0000 a1_change=0.9914 matched_but_wrong=0
  mpx-135 acc: trials=92400000 accuracy=0.8953
  mpx-135 traj: trials=92520000 wall=197529s knowledge=0.6661 reliable=353 spec=8.13 pop=2495
  mpx-135 cover: trials=92520000 overall=0.6661 a0_nochange=0.0000 a0_change=0.6722 a1_nochange=1.0000 a1_change=0.9925 matched_but_wrong=0
  mpx-135 traj: trials=92640000 wall=197610s knowledge=0.6660 reliable=352 spec=8.13 pop=2736
  mpx-135 cover: trials=92640000 overall=0.6660 a0_nochange=0.0000 a0_change=0.6728 a1_nochange=1.0000 a1_change=0.9914 matched_but_wrong=0
  mpx-135 traj: trials=92760000 wall=197734s knowledge=0.6666 reliable=360 spec=8.14 pop=2552
  mpx-135 cover: trials=92760000 overall=0.6666 a0_nochange=0.0000 a0_change=0.6752 a1_nochange=1.0000 a1_change=0.9914 matched_but_wrong=0
  mpx-135 traj: trials=92880000 wall=197834s knowledge=0.6672 reliable=361 spec=8.14 pop=2937
  mpx-135 cover: trials=92880000 overall=0.6672 a0_nochange=0.0000 a0_change=0.6778 a1_nochange=1.0000 a1_change=0.9914 matched_but_wrong=0
  mpx-135 traj: trials=93000000 wall=197920s knowledge=0.6675 reliable=366 spec=8.14 pop=2907
  mpx-135 cover: trials=93000000 overall=0.6675 a0_nochange=0.0000 a0_change=0.6781 a1_nochange=1.0000 a1_change=0.9920 matched_but_wrong=0
  mpx-135 acc: trials=93000000 accuracy=0.8785
  mpx-135 traj: trials=93120000 wall=198255s knowledge=0.6677 reliable=363 spec=8.15 pop=4559
  mpx-135 cover: trials=93120000 overall=0.6677 a0_nochange=0.0000 a0_change=0.6797 a1_nochange=1.0000 a1_change=0.9914 matched_but_wrong=0
  mpx-135 traj: trials=93240000 wall=198327s knowledge=0.6668 reliable=357 spec=8.15 pop=2854
  mpx-135 cover: trials=93240000 overall=0.6668 a0_nochange=0.0000 a0_change=0.6758 a1_nochange=1.0000 a1_change=0.9916 matched_but_wrong=0
  mpx-135 traj: trials=93360000 wall=198412s knowledge=0.6666 reliable=359 spec=8.13 pop=3657
  mpx-135 cover: trials=93360000 overall=0.6666 a0_nochange=0.0000 a0_change=0.6752 a1_nochange=1.0000 a1_change=0.9914 matched_but_wrong=0
  mpx-135 traj: trials=93480000 wall=198514s knowledge=0.6671 reliable=355 spec=8.13 pop=2565
  mpx-135 cover: trials=93480000 overall=0.6671 a0_nochange=0.0000 a0_change=0.6753 a1_nochange=1.0000 a1_change=0.9934 matched_but_wrong=0
  mpx-135 traj: trials=93600000 wall=198637s knowledge=0.6688 reliable=357 spec=8.14 pop=2900
  mpx-135 cover: trials=93600000 overall=0.6688 a0_nochange=0.0000 a0_change=0.6842 a1_nochange=1.0000 a1_change=0.9914 matched_but_wrong=0
  mpx-135 acc: trials=93600000 accuracy=0.8905
  mpx-135 traj: trials=93720000 wall=198747s knowledge=0.6689 reliable=360 spec=8.14 pop=2614
  mpx-135 cover: trials=93720000 overall=0.6689 a0_nochange=0.0000 a0_change=0.6841 a1_nochange=1.0000 a1_change=0.9917 matched_but_wrong=0
  mpx-135 traj: trials=93840000 wall=198826s knowledge=0.6679 reliable=362 spec=8.14 pop=2579
  mpx-135 cover: trials=93840000 overall=0.6679 a0_nochange=0.0000 a0_change=0.6800 a1_nochange=1.0000 a1_change=0.9917 matched_but_wrong=0
  mpx-135 traj: trials=93960000 wall=198921s knowledge=0.6689 reliable=369 spec=8.15 pop=2573
  mpx-135 cover: trials=93960000 overall=0.6689 a0_nochange=0.0000 a0_change=0.6828 a1_nochange=1.0000 a1_change=0.9930 matched_but_wrong=0
  mpx-135 traj: trials=94080000 wall=199034s knowledge=0.6674 reliable=357 spec=8.14 pop=2654
  mpx-135 cover: trials=94080000 overall=0.6674 a0_nochange=0.0000 a0_change=0.6780 a1_nochange=1.0000 a1_change=0.9920 matched_but_wrong=0
  mpx-135 traj: trials=94200000 wall=199289s knowledge=0.6669 reliable=355 spec=8.18 pop=2582
  mpx-135 cover: trials=94200000 overall=0.6669 a0_nochange=0.0000 a0_change=0.6758 a1_nochange=1.0000 a1_change=0.9920 matched_but_wrong=0
  mpx-135 acc: trials=94200000 accuracy=0.8845
  mpx-135 traj: trials=94320000 wall=199393s knowledge=0.6670 reliable=361 spec=8.18 pop=2495
  mpx-135 cover: trials=94320000 overall=0.6670 a0_nochange=0.0000 a0_change=0.6767 a1_nochange=1.0000 a1_change=0.9914 matched_but_wrong=0
  mpx-135 traj: trials=94440000 wall=199502s knowledge=0.6659 reliable=361 spec=8.18 pop=2778
  mpx-135 cover: trials=94440000 overall=0.6659 a0_nochange=0.0000 a0_change=0.6724 a1_nochange=1.0000 a1_change=0.9914 matched_but_wrong=0
  mpx-135 traj: trials=94560000 wall=199577s knowledge=0.6657 reliable=354 spec=8.14 pop=2457
  mpx-135 cover: trials=94560000 overall=0.6657 a0_nochange=0.0000 a0_change=0.6716 a1_nochange=1.0000 a1_change=0.9914 matched_but_wrong=0
  mpx-135 traj: trials=94680000 wall=199662s knowledge=0.6655 reliable=353 spec=8.13 pop=2471
  mpx-135 cover: trials=94680000 overall=0.6655 a0_nochange=0.0000 a0_change=0.6708 a1_nochange=1.0000 a1_change=0.9914 matched_but_wrong=0
  mpx-135 traj: trials=94800000 wall=199746s knowledge=0.6669 reliable=358 spec=8.13 pop=2555
  mpx-135 cover: trials=94800000 overall=0.6669 a0_nochange=0.0000 a0_change=0.6765 a1_nochange=1.0000 a1_change=0.9914 matched_but_wrong=0
  mpx-135 acc: trials=94800000 accuracy=0.8856
  mpx-135 traj: trials=94920000 wall=199900s knowledge=0.6659 reliable=354 spec=8.12 pop=2560
  mpx-135 cover: trials=94920000 overall=0.6659 a0_nochange=0.0000 a0_change=0.6707 a1_nochange=1.0000 a1_change=0.9929 matched_but_wrong=0
  mpx-135 traj: trials=95040000 wall=200014s knowledge=0.6656 reliable=355 spec=8.13 pop=4197
  mpx-135 cover: trials=95040000 overall=0.6656 a0_nochange=0.0000 a0_change=0.6712 a1_nochange=1.0000 a1_change=0.9914 matched_but_wrong=0
  mpx-135 traj: trials=95160000 wall=200119s knowledge=0.6657 reliable=356 spec=8.14 pop=3301
  mpx-135 cover: trials=95160000 overall=0.6657 a0_nochange=0.0000 a0_change=0.6718 a1_nochange=1.0000 a1_change=0.9914 matched_but_wrong=0
  mpx-135 traj: trials=95280000 wall=200207s knowledge=0.6676 reliable=360 spec=8.15 pop=3765
  mpx-135 cover: trials=95280000 overall=0.6676 a0_nochange=0.0000 a0_change=0.6747 a1_nochange=1.0000 a1_change=0.9960 matched_but_wrong=0
  mpx-135 traj: trials=95400000 wall=200285s knowledge=0.6659 reliable=355 spec=8.14 pop=2609
  mpx-135 cover: trials=95400000 overall=0.6659 a0_nochange=0.0000 a0_change=0.6726 a1_nochange=1.0000 a1_change=0.9914 matched_but_wrong=0
  mpx-135 acc: trials=95400000 accuracy=0.8775
  mpx-135 traj: trials=95520000 wall=200373s knowledge=0.6655 reliable=355 spec=8.12 pop=2569
  mpx-135 cover: trials=95520000 overall=0.6655 a0_nochange=0.0000 a0_change=0.6708 a1_nochange=1.0000 a1_change=0.9914 matched_but_wrong=0
  mpx-135 traj: trials=95640000 wall=200452s knowledge=0.6656 reliable=354 spec=8.13 pop=2582
  mpx-135 cover: trials=95640000 overall=0.6656 a0_nochange=0.0000 a0_change=0.6712 a1_nochange=1.0000 a1_change=0.9914 matched_but_wrong=0
  mpx-135 traj: trials=95760000 wall=200573s knowledge=0.6686 reliable=363 spec=8.14 pop=2884
  mpx-135 cover: trials=95760000 overall=0.6686 a0_nochange=0.0000 a0_change=0.6832 a1_nochange=1.0000 a1_change=0.9914 matched_but_wrong=0
  mpx-135 traj: trials=95880000 wall=200655s knowledge=0.6687 reliable=364 spec=8.16 pop=2693
  mpx-135 cover: trials=95880000 overall=0.6687 a0_nochange=0.0000 a0_change=0.6837 a1_nochange=1.0000 a1_change=0.9914 matched_but_wrong=0
  mpx-135 traj: trials=96000000 wall=200793s knowledge=0.6690 reliable=373 spec=8.17 pop=2976
  mpx-135 cover: trials=96000000 overall=0.6690 a0_nochange=0.0000 a0_change=0.6849 a1_nochange=1.0000 a1_change=0.9914 matched_but_wrong=27
  mpx-135 acc: trials=96000000 accuracy=0.8982
  mpx-135 traj: trials=96120000 wall=200880s knowledge=0.6687 reliable=361 spec=8.16 pop=2715
  mpx-135 cover: trials=96120000 overall=0.6687 a0_nochange=0.0000 a0_change=0.6836 a1_nochange=1.0000 a1_change=0.9914 matched_but_wrong=0
  mpx-135 traj: trials=96240000 wall=200952s knowledge=0.6685 reliable=366 spec=8.22 pop=2827
  mpx-135 cover: trials=96240000 overall=0.6685 a0_nochange=0.0000 a0_change=0.6830 a1_nochange=1.0000 a1_change=0.9914 matched_but_wrong=0
  mpx-135 traj: trials=96360000 wall=201050s knowledge=0.6690 reliable=371 spec=8.24 pop=2521
  mpx-135 cover: trials=96360000 overall=0.6690 a0_nochange=0.0000 a0_change=0.6848 a1_nochange=1.0000 a1_change=0.9914 matched_but_wrong=0
  mpx-135 traj: trials=96480000 wall=201149s knowledge=0.6706 reliable=369 spec=8.23 pop=2709
  mpx-135 cover: trials=96480000 overall=0.6706 a0_nochange=0.0000 a0_change=0.6913 a1_nochange=1.0000 a1_change=0.9914 matched_but_wrong=0
  mpx-135 traj: trials=96600000 wall=201229s knowledge=0.6720 reliable=378 spec=8.24 pop=2885
  mpx-135 cover: trials=96600000 overall=0.6720 a0_nochange=0.0000 a0_change=0.6967 a1_nochange=1.0000 a1_change=0.9914 matched_but_wrong=0
  mpx-135 acc: trials=96600000 accuracy=0.8963
  mpx-135 traj: trials=96720000 wall=201395s knowledge=0.6703 reliable=373 spec=8.21 pop=4064
  mpx-135 cover: trials=96720000 overall=0.6703 a0_nochange=0.0000 a0_change=0.6901 a1_nochange=1.0000 a1_change=0.9914 matched_but_wrong=0
  mpx-135 traj: trials=96840000 wall=201469s knowledge=0.6700 reliable=371 spec=8.23 pop=2811
  mpx-135 cover: trials=96840000 overall=0.6700 a0_nochange=0.0000 a0_change=0.6890 a1_nochange=1.0000 a1_change=0.9914 matched_but_wrong=7
  mpx-135 traj: trials=96960000 wall=201608s knowledge=0.6697 reliable=367 spec=8.23 pop=3256
  mpx-135 cover: trials=96960000 overall=0.6697 a0_nochange=0.0000 a0_change=0.6876 a1_nochange=1.0000 a1_change=0.9914 matched_but_wrong=0
  mpx-135 traj: trials=97080000 wall=201694s knowledge=0.6706 reliable=376 spec=8.27 pop=2519
  mpx-135 cover: trials=97080000 overall=0.6706 a0_nochange=0.0000 a0_change=0.6902 a1_nochange=1.0000 a1_change=0.9925 matched_but_wrong=0
  mpx-135 traj: trials=97200000 wall=201805s knowledge=0.6716 reliable=383 spec=8.29 pop=2984
  mpx-135 cover: trials=97200000 overall=0.6716 a0_nochange=0.0000 a0_change=0.6928 a1_nochange=1.0000 a1_change=0.9938 matched_but_wrong=0
  mpx-135 acc: trials=97200000 accuracy=0.8864
  mpx-135 traj: trials=97320000 wall=201898s knowledge=0.6723 reliable=381 spec=8.25 pop=2491
  mpx-135 cover: trials=97320000 overall=0.6723 a0_nochange=0.0000 a0_change=0.6961 a1_nochange=1.0000 a1_change=0.9932 matched_but_wrong=0
  mpx-135 traj: trials=97440000 wall=202010s knowledge=0.6712 reliable=371 spec=8.24 pop=2594
  mpx-135 cover: trials=97440000 overall=0.6712 a0_nochange=0.0000 a0_change=0.6936 a1_nochange=1.0000 a1_change=0.9914 matched_but_wrong=0
  mpx-135 traj: trials=97560000 wall=202087s knowledge=0.6711 reliable=370 spec=8.22 pop=2755
  mpx-135 cover: trials=97560000 overall=0.6711 a0_nochange=0.0000 a0_change=0.6932 a1_nochange=1.0000 a1_change=0.9914 matched_but_wrong=0
  mpx-135 traj: trials=97680000 wall=202165s knowledge=0.6703 reliable=370 spec=8.23 pop=2883
  mpx-135 cover: trials=97680000 overall=0.6703 a0_nochange=0.0000 a0_change=0.6900 a1_nochange=1.0000 a1_change=0.9914 matched_but_wrong=0
  mpx-135 traj: trials=97800000 wall=202255s knowledge=0.6715 reliable=370 spec=8.25 pop=2616
  mpx-135 cover: trials=97800000 overall=0.6715 a0_nochange=0.0000 a0_change=0.6881 a1_nochange=1.0000 a1_change=0.9980 matched_but_wrong=0
  mpx-135 acc: trials=97800000 accuracy=0.8968
  mpx-135 traj: trials=97920000 wall=202387s knowledge=0.6718 reliable=373 spec=8.24 pop=3205
  mpx-135 cover: trials=97920000 overall=0.6718 a0_nochange=0.0000 a0_change=0.6893 a1_nochange=1.0000 a1_change=0.9980 matched_but_wrong=0
  mpx-135 traj: trials=98040000 wall=202480s knowledge=0.6714 reliable=378 spec=8.26 pop=2907
  mpx-135 cover: trials=98040000 overall=0.6714 a0_nochange=0.0000 a0_change=0.6898 a1_nochange=1.0000 a1_change=0.9960 matched_but_wrong=0
  mpx-135 traj: trials=98160000 wall=202714s knowledge=0.6705 reliable=375 spec=8.31 pop=2959
  mpx-135 cover: trials=98160000 overall=0.6705 a0_nochange=0.0000 a0_change=0.6886 a1_nochange=1.0000 a1_change=0.9936 matched_but_wrong=1
  mpx-135 traj: trials=98280000 wall=202970s knowledge=0.6722 reliable=383 spec=8.31 pop=2652
  mpx-135 cover: trials=98280000 overall=0.6722 a0_nochange=0.0000 a0_change=0.6942 a1_nochange=1.0000 a1_change=0.9948 matched_but_wrong=0
  mpx-135 traj: trials=98400000 wall=203057s knowledge=0.6734 reliable=382 spec=8.30 pop=2642
  mpx-135 cover: trials=98400000 overall=0.6734 a0_nochange=0.0000 a0_change=0.6992 a1_nochange=1.0000 a1_change=0.9948 matched_but_wrong=0
  mpx-135 acc: trials=98400000 accuracy=0.8952
  mpx-135 traj: trials=98520000 wall=203158s knowledge=0.6713 reliable=376 spec=8.29 pop=2556
  mpx-135 cover: trials=98520000 overall=0.6713 a0_nochange=0.0000 a0_change=0.6941 a1_nochange=1.0000 a1_change=0.9914 matched_but_wrong=0
  mpx-135 traj: trials=98640000 wall=203259s knowledge=0.6724 reliable=375 spec=8.28 pop=2643
  mpx-135 cover: trials=98640000 overall=0.6724 a0_nochange=0.0000 a0_change=0.6985 a1_nochange=1.0000 a1_change=0.9914 matched_but_wrong=0
  mpx-135 traj: trials=98760000 wall=203363s knowledge=0.6740 reliable=374 spec=8.27 pop=2757
  mpx-135 cover: trials=98760000 overall=0.6740 a0_nochange=0.0000 a0_change=0.7047 a1_nochange=1.0000 a1_change=0.9914 matched_but_wrong=0
  mpx-135 traj: trials=98880000 wall=203440s knowledge=0.6724 reliable=381 spec=8.30 pop=2721
  mpx-135 cover: trials=98880000 overall=0.6724 a0_nochange=0.0000 a0_change=0.6940 a1_nochange=1.0000 a1_change=0.9960 matched_but_wrong=1
  mpx-135 traj: trials=99000000 wall=203522s knowledge=0.6730 reliable=378 spec=8.31 pop=2775
  mpx-135 cover: trials=99000000 overall=0.6730 a0_nochange=0.0000 a0_change=0.6965 a1_nochange=1.0000 a1_change=0.9960 matched_but_wrong=8
  mpx-135 acc: trials=99000000 accuracy=0.8787
  mpx-135 traj: trials=99120000 wall=203611s knowledge=0.6728 reliable=382 spec=8.31 pop=2834
  mpx-135 cover: trials=99120000 overall=0.6728 a0_nochange=0.0000 a0_change=0.6954 a1_nochange=1.0000 a1_change=0.9960 matched_but_wrong=9
  mpx-135 traj: trials=99240000 wall=203703s knowledge=0.6728 reliable=379 spec=8.32 pop=3541
  mpx-135 cover: trials=99240000 overall=0.6728 a0_nochange=0.0000 a0_change=0.6955 a1_nochange=1.0000 a1_change=0.9960 matched_but_wrong=0
  mpx-135 traj: trials=99360000 wall=203789s knowledge=0.6719 reliable=376 spec=8.32 pop=2581
  mpx-135 cover: trials=99360000 overall=0.6719 a0_nochange=0.0000 a0_change=0.6965 a1_nochange=1.0000 a1_change=0.9914 matched_but_wrong=0
  mpx-135 traj: trials=99480000 wall=204019s knowledge=0.6717 reliable=380 spec=8.29 pop=2636
  mpx-135 cover: trials=99480000 overall=0.6717 a0_nochange=0.0000 a0_change=0.6957 a1_nochange=1.0000 a1_change=0.9914 matched_but_wrong=0
  mpx-135 traj: trials=99600000 wall=204098s knowledge=0.6724 reliable=377 spec=8.31 pop=2559
  mpx-135 cover: trials=99600000 overall=0.6724 a0_nochange=0.0000 a0_change=0.6986 a1_nochange=1.0000 a1_change=0.9914 matched_but_wrong=0
  mpx-135 acc: trials=99600000 accuracy=0.8809
  mpx-135 traj: trials=99720000 wall=204184s knowledge=0.6743 reliable=376 spec=8.28 pop=2831
  mpx-135 cover: trials=99720000 overall=0.6743 a0_nochange=0.0000 a0_change=0.7061 a1_nochange=1.0000 a1_change=0.9914 matched_but_wrong=0
  mpx-135 traj: trials=99840000 wall=204279s knowledge=0.6741 reliable=383 spec=8.28 pop=2828
  mpx-135 cover: trials=99840000 overall=0.6741 a0_nochange=0.0000 a0_change=0.7054 a1_nochange=1.0000 a1_change=0.9914 matched_but_wrong=0
  mpx-135 traj: trials=99960000 wall=204376s knowledge=0.6751 reliable=385 spec=8.28 pop=2547
  mpx-135 cover: trials=99960000 overall=0.6751 a0_nochange=0.0000 a0_change=0.7093 a1_nochange=1.0000 a1_change=0.9914 matched_but_wrong=0
  mpx-135 traj: trials=100080000 wall=204451s knowledge=0.6724 reliable=379 spec=8.28 pop=2681
  mpx-135 cover: trials=100080000 overall=0.6724 a0_nochange=0.0000 a0_change=0.6975 a1_nochange=1.0000 a1_change=0.9922 matched_but_wrong=0
  mpx-135 traj: trials=100200000 wall=204540s knowledge=0.6723 reliable=380 spec=8.27 pop=2691
  mpx-135 cover: trials=100200000 overall=0.6723 a0_nochange=0.0000 a0_change=0.6961 a1_nochange=1.0000 a1_change=0.9934 matched_but_wrong=0
  mpx-135 acc: trials=100200000 accuracy=0.9160
  mpx-135 traj: trials=100320000 wall=204621s knowledge=0.6731 reliable=377 spec=8.25 pop=2628
  mpx-135 cover: trials=100320000 overall=0.6731 a0_nochange=0.0000 a0_change=0.6992 a1_nochange=1.0000 a1_change=0.9934 matched_but_wrong=0
  mpx-135 traj: trials=100440000 wall=204704s knowledge=0.6707 reliable=371 spec=8.23 pop=2655
  mpx-135 cover: trials=100440000 overall=0.6707 a0_nochange=0.0000 a0_change=0.6916 a1_nochange=1.0000 a1_change=0.9914 matched_but_wrong=0
  mpx-135 traj: trials=100560000 wall=204897s knowledge=0.6707 reliable=374 spec=8.22 pop=2831
  mpx-135 cover: trials=100560000 overall=0.6707 a0_nochange=0.0000 a0_change=0.6916 a1_nochange=1.0000 a1_change=0.9914 matched_but_wrong=0
  mpx-135 traj: trials=100680000 wall=204984s knowledge=0.6712 reliable=374 spec=8.20 pop=2759
  mpx-135 cover: trials=100680000 overall=0.6712 a0_nochange=0.0000 a0_change=0.6935 a1_nochange=1.0000 a1_change=0.9914 matched_but_wrong=0
  mpx-135 traj: trials=100800000 wall=205119s knowledge=0.6721 reliable=371 spec=8.18 pop=2809
  mpx-135 cover: trials=100800000 overall=0.6721 a0_nochange=0.0000 a0_change=0.6973 a1_nochange=1.0000 a1_change=0.9914 matched_but_wrong=0
  mpx-135 acc: trials=100800000 accuracy=0.9026
  mpx-135 traj: trials=100920000 wall=205196s knowledge=0.6719 reliable=364 spec=8.15 pop=2416
  mpx-135 cover: trials=100920000 overall=0.6719 a0_nochange=0.0000 a0_change=0.6960 a1_nochange=1.0000 a1_change=0.9917 matched_but_wrong=0
  mpx-135 traj: trials=101040000 wall=205286s knowledge=0.6709 reliable=359 spec=8.14 pop=2466
  mpx-135 cover: trials=101040000 overall=0.6709 a0_nochange=0.0000 a0_change=0.6923 a1_nochange=1.0000 a1_change=0.9917 matched_but_wrong=0
  mpx-135 traj: trials=101160000 wall=205392s knowledge=0.6709 reliable=353 spec=8.14 pop=2606
  mpx-135 cover: trials=101160000 overall=0.6709 a0_nochange=0.0000 a0_change=0.6923 a1_nochange=1.0000 a1_change=0.9917 matched_but_wrong=0
  mpx-135 traj: trials=101280000 wall=205479s knowledge=0.6724 reliable=360 spec=8.13 pop=2519
  mpx-135 cover: trials=101280000 overall=0.6724 a0_nochange=0.0000 a0_change=0.6958 a1_nochange=1.0000 a1_change=0.9939 matched_but_wrong=0
  mpx-135 traj: trials=101400000 wall=205585s knowledge=0.6719 reliable=358 spec=8.13 pop=2671
  mpx-135 cover: trials=101400000 overall=0.6719 a0_nochange=0.0000 a0_change=0.6963 a1_nochange=1.0000 a1_change=0.9914 matched_but_wrong=0
  mpx-135 acc: trials=101400000 accuracy=0.8853
  mpx-135 traj: trials=101520000 wall=205700s knowledge=0.6736 reliable=358 spec=8.11 pop=2539
  mpx-135 cover: trials=101520000 overall=0.6736 a0_nochange=0.0000 a0_change=0.7032 a1_nochange=1.0000 a1_change=0.9914 matched_but_wrong=0
  mpx-135 traj: trials=101640000 wall=205802s knowledge=0.6740 reliable=361 spec=8.11 pop=10556
  mpx-135 cover: trials=101640000 overall=0.6740 a0_nochange=0.0000 a0_change=0.7048 a1_nochange=1.0000 a1_change=0.9914 matched_but_wrong=0
  mpx-135 traj: trials=101760000 wall=206083s knowledge=0.6732 reliable=360 spec=8.11 pop=2590
  mpx-135 cover: trials=101760000 overall=0.6732 a0_nochange=0.0000 a0_change=0.7016 a1_nochange=1.0000 a1_change=0.9914 matched_but_wrong=0
  mpx-135 traj: trials=101880000 wall=206187s knowledge=0.6729 reliable=355 spec=8.12 pop=2410
  mpx-135 cover: trials=101880000 overall=0.6729 a0_nochange=0.0000 a0_change=0.6993 a1_nochange=1.0000 a1_change=0.9925 matched_but_wrong=0
  mpx-135 traj: trials=102000000 wall=206304s knowledge=0.6727 reliable=366 spec=8.14 pop=3058
  mpx-135 cover: trials=102000000 overall=0.6727 a0_nochange=0.0000 a0_change=0.6963 a1_nochange=1.0000 a1_change=0.9946 matched_but_wrong=0
  mpx-135 acc: trials=102000000 accuracy=0.8846
  mpx-135 traj: trials=102120000 wall=206428s knowledge=0.6724 reliable=357 spec=8.13 pop=2515
  mpx-135 cover: trials=102120000 overall=0.6724 a0_nochange=0.0000 a0_change=0.6963 a1_nochange=1.0000 a1_change=0.9934 matched_but_wrong=0
  mpx-135 traj: trials=102240000 wall=206551s knowledge=0.6726 reliable=363 spec=8.13 pop=2512
  mpx-135 cover: trials=102240000 overall=0.6726 a0_nochange=0.0000 a0_change=0.6963 a1_nochange=1.0000 a1_change=0.9946 matched_but_wrong=0
  mpx-135 traj: trials=102360000 wall=206643s knowledge=0.6729 reliable=361 spec=8.12 pop=2634
  mpx-135 cover: trials=102360000 overall=0.6729 a0_nochange=0.0000 a0_change=0.6983 a1_nochange=1.0000 a1_change=0.9934 matched_but_wrong=0
  mpx-135 traj: trials=102480000 wall=206745s knowledge=0.6721 reliable=359 spec=8.11 pop=2546
  mpx-135 cover: trials=102480000 overall=0.6721 a0_nochange=0.0000 a0_change=0.6973 a1_nochange=1.0000 a1_change=0.9914 matched_but_wrong=0
  mpx-135 traj: trials=102600000 wall=206834s knowledge=0.6718 reliable=364 spec=8.12 pop=2827
  mpx-135 cover: trials=102600000 overall=0.6718 a0_nochange=0.0000 a0_change=0.6959 a1_nochange=1.0000 a1_change=0.9914 matched_but_wrong=4
  mpx-135 acc: trials=102600000 accuracy=0.8949
  mpx-135 traj: trials=102720000 wall=206934s knowledge=0.6718 reliable=362 spec=8.12 pop=2262
  mpx-135 cover: trials=102720000 overall=0.6718 a0_nochange=0.0000 a0_change=0.6960 a1_nochange=1.0000 a1_change=0.9914 matched_but_wrong=0
  mpx-135 traj: trials=102840000 wall=207082s knowledge=0.6720 reliable=362 spec=8.14 pop=2667
  mpx-135 cover: trials=102840000 overall=0.6720 a0_nochange=0.0000 a0_change=0.6967 a1_nochange=1.0000 a1_change=0.9914 matched_but_wrong=0
  mpx-135 traj: trials=102960000 wall=207152s knowledge=0.6720 reliable=362 spec=8.11 pop=2591
  mpx-135 cover: trials=102960000 overall=0.6720 a0_nochange=0.0000 a0_change=0.6967 a1_nochange=1.0000 a1_change=0.9914 matched_but_wrong=0
  mpx-135 traj: trials=103080000 wall=207236s knowledge=0.6718 reliable=357 spec=8.07 pop=2725
  mpx-135 cover: trials=103080000 overall=0.6718 a0_nochange=0.0000 a0_change=0.6962 a1_nochange=1.0000 a1_change=0.9914 matched_but_wrong=0
  mpx-135 traj: trials=103200000 wall=207359s knowledge=0.6721 reliable=362 spec=8.08 pop=2724
  mpx-135 cover: trials=103200000 overall=0.6721 a0_nochange=0.0000 a0_change=0.6972 a1_nochange=1.0000 a1_change=0.9914 matched_but_wrong=0
  mpx-135 acc: trials=103200000 accuracy=0.8938
  mpx-135 traj: trials=103320000 wall=207516s knowledge=0.6719 reliable=359 spec=8.07 pop=2545
  mpx-135 cover: trials=103320000 overall=0.6719 a0_nochange=0.0000 a0_change=0.6965 a1_nochange=1.0000 a1_change=0.9914 matched_but_wrong=0
  mpx-135 traj: trials=103440000 wall=207604s knowledge=0.6728 reliable=360 spec=8.07 pop=2526
  mpx-135 cover: trials=103440000 overall=0.6728 a0_nochange=0.0000 a0_change=0.7001 a1_nochange=1.0000 a1_change=0.9914 matched_but_wrong=0
  mpx-135 traj: trials=103560000 wall=207754s knowledge=0.6727 reliable=355 spec=8.06 pop=2675
  mpx-135 cover: trials=103560000 overall=0.6727 a0_nochange=0.0000 a0_change=0.6995 a1_nochange=1.0000 a1_change=0.9914 matched_but_wrong=0
  mpx-135 traj: trials=103680000 wall=207853s knowledge=0.6725 reliable=358 spec=8.06 pop=2469
  mpx-135 cover: trials=103680000 overall=0.6725 a0_nochange=0.0000 a0_change=0.6991 a1_nochange=1.0000 a1_change=0.9914 matched_but_wrong=0
  mpx-135 traj: trials=103800000 wall=207957s knowledge=0.6728 reliable=361 spec=8.06 pop=2533
  mpx-135 cover: trials=103800000 overall=0.6728 a0_nochange=0.0000 a0_change=0.7002 a1_nochange=1.0000 a1_change=0.9914 matched_but_wrong=0
  mpx-135 acc: trials=103800000 accuracy=0.9036
  mpx-135 traj: trials=103920000 wall=208056s knowledge=0.6725 reliable=350 spec=8.06 pop=2603
  mpx-135 cover: trials=103920000 overall=0.6725 a0_nochange=0.0000 a0_change=0.6991 a1_nochange=1.0000 a1_change=0.9914 matched_but_wrong=0
  mpx-135 traj: trials=104040000 wall=208147s knowledge=0.6725 reliable=354 spec=8.06 pop=2302
  mpx-135 cover: trials=104040000 overall=0.6725 a0_nochange=0.0000 a0_change=0.6991 a1_nochange=1.0000 a1_change=0.9914 matched_but_wrong=0
  mpx-135 traj: trials=104160000 wall=208238s knowledge=0.6725 reliable=355 spec=8.06 pop=2800
  mpx-135 cover: trials=104160000 overall=0.6725 a0_nochange=0.0000 a0_change=0.6991 a1_nochange=1.0000 a1_change=0.9914 matched_but_wrong=0
  mpx-135 traj: trials=104280000 wall=208338s knowledge=0.6727 reliable=356 spec=8.07 pop=5714
  mpx-135 cover: trials=104280000 overall=0.6727 a0_nochange=0.0000 a0_change=0.6996 a1_nochange=1.0000 a1_change=0.9914 matched_but_wrong=0
  mpx-135 traj: trials=104400000 wall=209096s knowledge=0.6732 reliable=358 spec=8.07 pop=2609
  mpx-135 cover: trials=104400000 overall=0.6732 a0_nochange=0.0000 a0_change=0.6999 a1_nochange=1.0000 a1_change=0.9934 matched_but_wrong=0
  mpx-135 acc: trials=104400000 accuracy=0.8796
  mpx-135 traj: trials=104520000 wall=209256s knowledge=0.6723 reliable=363 spec=8.11 pop=2543
  mpx-135 cover: trials=104520000 overall=0.6723 a0_nochange=0.0000 a0_change=0.6925 a1_nochange=1.0000 a1_change=0.9968 matched_but_wrong=0
  mpx-135 traj: trials=104640000 wall=209386s knowledge=0.6743 reliable=361 spec=8.09 pop=2969
  mpx-135 cover: trials=104640000 overall=0.6743 a0_nochange=0.0000 a0_change=0.7019 a1_nochange=1.0000 a1_change=0.9955 matched_but_wrong=0
  mpx-135 traj: trials=104760000 wall=209467s knowledge=0.6734 reliable=361 spec=8.09 pop=2383
  mpx-135 cover: trials=104760000 overall=0.6734 a0_nochange=0.0000 a0_change=0.7005 a1_nochange=1.0000 a1_change=0.9934 matched_but_wrong=0
  mpx-135 traj: trials=104880000 wall=209539s knowledge=0.6742 reliable=361 spec=8.08 pop=2347
  mpx-135 cover: trials=104880000 overall=0.6742 a0_nochange=0.0000 a0_change=0.7037 a1_nochange=1.0000 a1_change=0.9934 matched_but_wrong=0
  mpx-135 traj: trials=105000000 wall=209704s knowledge=0.6717 reliable=360 spec=8.08 pop=2450
  mpx-135 cover: trials=105000000 overall=0.6717 a0_nochange=0.0000 a0_change=0.6957 a1_nochange=1.0000 a1_change=0.9914 matched_but_wrong=0
  mpx-135 acc: trials=105000000 accuracy=0.9006
  mpx-135 traj: trials=105120000 wall=209785s knowledge=0.6716 reliable=361 spec=8.08 pop=2327
  mpx-135 cover: trials=105120000 overall=0.6716 a0_nochange=0.0000 a0_change=0.6952 a1_nochange=1.0000 a1_change=0.9914 matched_but_wrong=0
  mpx-135 traj: trials=105240000 wall=209941s knowledge=0.6704 reliable=355 spec=8.07 pop=2484
  mpx-135 cover: trials=105240000 overall=0.6704 a0_nochange=0.0000 a0_change=0.6903 a1_nochange=1.0000 a1_change=0.9914 matched_but_wrong=0
  mpx-135 traj: trials=105360000 wall=210076s knowledge=0.6705 reliable=354 spec=8.07 pop=3569
  mpx-135 cover: trials=105360000 overall=0.6705 a0_nochange=0.0000 a0_change=0.6910 a1_nochange=1.0000 a1_change=0.9914 matched_but_wrong=0
  mpx-135 traj: trials=105480000 wall=210253s knowledge=0.6712 reliable=363 spec=8.07 pop=2506
  mpx-135 cover: trials=105480000 overall=0.6712 a0_nochange=0.0000 a0_change=0.6934 a1_nochange=1.0000 a1_change=0.9914 matched_but_wrong=0
  mpx-135 traj: trials=105600000 wall=210338s knowledge=0.6729 reliable=362 spec=8.08 pop=2430
  mpx-135 cover: trials=105600000 overall=0.6729 a0_nochange=0.0000 a0_change=0.6964 a1_nochange=1.0000 a1_change=0.9954 matched_but_wrong=0
  mpx-135 acc: trials=105600000 accuracy=0.9049
  mpx-135 traj: trials=105720000 wall=210422s knowledge=0.6723 reliable=356 spec=8.08 pop=2629
  mpx-135 cover: trials=105720000 overall=0.6723 a0_nochange=0.0000 a0_change=0.6910 a1_nochange=1.0000 a1_change=0.9984 matched_but_wrong=0
  mpx-135 traj: trials=105840000 wall=210729s knowledge=0.6732 reliable=362 spec=8.09 pop=2934
  mpx-135 cover: trials=105840000 overall=0.6732 a0_nochange=0.0000 a0_change=0.6931 a1_nochange=1.0000 a1_change=1.0000 matched_but_wrong=0
  mpx-135 traj: trials=105960000 wall=210805s knowledge=0.6742 reliable=361 spec=8.09 pop=2340
  mpx-135 cover: trials=105960000 overall=0.6742 a0_nochange=0.0000 a0_change=0.6971 a1_nochange=1.0000 a1_change=1.0000 matched_but_wrong=0
  mpx-135 traj: trials=106080000 wall=210904s knowledge=0.6740 reliable=357 spec=8.08 pop=2994
  mpx-135 cover: trials=106080000 overall=0.6740 a0_nochange=0.0000 a0_change=0.6964 a1_nochange=1.0000 a1_change=1.0000 matched_but_wrong=0
  mpx-135 traj: trials=106200000 wall=210982s knowledge=0.6731 reliable=361 spec=8.06 pop=2398
  mpx-135 cover: trials=106200000 overall=0.6731 a0_nochange=0.0000 a0_change=0.6925 a1_nochange=1.0000 a1_change=1.0000 matched_but_wrong=0
  mpx-135 acc: trials=106200000 accuracy=0.8928
  mpx-135 traj: trials=106320000 wall=211088s knowledge=0.6727 reliable=359 spec=8.06 pop=2335
  mpx-135 cover: trials=106320000 overall=0.6727 a0_nochange=0.0000 a0_change=0.6909 a1_nochange=1.0000 a1_change=1.0000 matched_but_wrong=0
  mpx-135 traj: trials=106440000 wall=211216s knowledge=0.6729 reliable=356 spec=8.06 pop=2681
  mpx-135 cover: trials=106440000 overall=0.6729 a0_nochange=0.0000 a0_change=0.6919 a1_nochange=1.0000 a1_change=1.0000 matched_but_wrong=0
  mpx-135 traj: trials=106560000 wall=211314s knowledge=0.6724 reliable=356 spec=8.06 pop=2416
  mpx-135 cover: trials=106560000 overall=0.6724 a0_nochange=0.0000 a0_change=0.6900 a1_nochange=1.0000 a1_change=1.0000 matched_but_wrong=0
  mpx-135 traj: trials=106680000 wall=211442s knowledge=0.6724 reliable=358 spec=8.06 pop=2576
  mpx-135 cover: trials=106680000 overall=0.6724 a0_nochange=0.0000 a0_change=0.6900 a1_nochange=1.0000 a1_change=1.0000 matched_but_wrong=0
  mpx-135 traj: trials=106800000 wall=211517s knowledge=0.6724 reliable=356 spec=8.06 pop=2359
  mpx-135 cover: trials=106800000 overall=0.6724 a0_nochange=0.0000 a0_change=0.6900 a1_nochange=1.0000 a1_change=1.0000 matched_but_wrong=0
  mpx-135 acc: trials=106800000 accuracy=0.8924
  mpx-135 traj: trials=106920000 wall=211610s knowledge=0.6724 reliable=353 spec=8.06 pop=2346
  mpx-135 cover: trials=106920000 overall=0.6724 a0_nochange=0.0000 a0_change=0.6900 a1_nochange=1.0000 a1_change=1.0000 matched_but_wrong=0
  mpx-135 traj: trials=107040000 wall=211727s knowledge=0.6727 reliable=358 spec=8.06 pop=2510
  mpx-135 cover: trials=107040000 overall=0.6727 a0_nochange=0.0000 a0_change=0.6910 a1_nochange=1.0000 a1_change=1.0000 matched_but_wrong=0
  mpx-135 traj: trials=107160000 wall=211805s knowledge=0.6727 reliable=354 spec=8.06 pop=2398
  mpx-135 cover: trials=107160000 overall=0.6727 a0_nochange=0.0000 a0_change=0.6910 a1_nochange=1.0000 a1_change=1.0000 matched_but_wrong=0
  mpx-135 traj: trials=107280000 wall=211919s knowledge=0.6732 reliable=356 spec=8.06 pop=2530
  mpx-135 cover: trials=107280000 overall=0.6732 a0_nochange=0.0000 a0_change=0.6929 a1_nochange=1.0000 a1_change=1.0000 matched_but_wrong=0
  mpx-135 traj: trials=107400000 wall=212030s knowledge=0.6732 reliable=358 spec=8.06 pop=2479
  mpx-135 cover: trials=107400000 overall=0.6732 a0_nochange=0.0000 a0_change=0.6928 a1_nochange=1.0000 a1_change=1.0000 matched_but_wrong=0
  mpx-135 acc: trials=107400000 accuracy=0.8883
  mpx-135 traj: trials=107520000 wall=212137s knowledge=0.6727 reliable=354 spec=8.06 pop=2288
  mpx-135 cover: trials=107520000 overall=0.6727 a0_nochange=0.0000 a0_change=0.6910 a1_nochange=1.0000 a1_change=1.0000 matched_but_wrong=0
  mpx-135 traj: trials=107640000 wall=212223s knowledge=0.6732 reliable=361 spec=8.07 pop=2544
  mpx-135 cover: trials=107640000 overall=0.6732 a0_nochange=0.0000 a0_change=0.6931 a1_nochange=1.0000 a1_change=1.0000 matched_but_wrong=0
  mpx-135 traj: trials=107760000 wall=212304s knowledge=0.6736 reliable=355 spec=8.07 pop=2487
  mpx-135 cover: trials=107760000 overall=0.6736 a0_nochange=0.0000 a0_change=0.6948 a1_nochange=1.0000 a1_change=1.0000 matched_but_wrong=0
  mpx-135 traj: trials=107880000 wall=212416s knowledge=0.6741 reliable=354 spec=8.08 pop=2676
  mpx-135 cover: trials=107880000 overall=0.6741 a0_nochange=0.0000 a0_change=0.6965 a1_nochange=1.0000 a1_change=1.0000 matched_but_wrong=0
  mpx-135 traj: trials=108000000 wall=212581s knowledge=0.6734 reliable=356 spec=8.08 pop=2792
  mpx-135 cover: trials=108000000 overall=0.6734 a0_nochange=0.0000 a0_change=0.6936 a1_nochange=1.0000 a1_change=1.0000 matched_but_wrong=0
  mpx-135 acc: trials=108000000 accuracy=0.8969
  mpx-135 traj: trials=108120000 wall=212669s knowledge=0.6731 reliable=360 spec=8.07 pop=2356
  mpx-135 cover: trials=108120000 overall=0.6731 a0_nochange=0.0000 a0_change=0.6927 a1_nochange=1.0000 a1_change=1.0000 matched_but_wrong=0
  mpx-135 traj: trials=108240000 wall=212768s knowledge=0.6730 reliable=360 spec=8.08 pop=2238
  mpx-135 cover: trials=108240000 overall=0.6730 a0_nochange=0.0000 a0_change=0.6921 a1_nochange=1.0000 a1_change=1.0000 matched_but_wrong=0
  mpx-135 traj: trials=108360000 wall=212888s knowledge=0.6736 reliable=361 spec=8.10 pop=2446
  mpx-135 cover: trials=108360000 overall=0.6736 a0_nochange=0.0000 a0_change=0.6947 a1_nochange=1.0000 a1_change=1.0000 matched_but_wrong=0
  mpx-135 traj: trials=108480000 wall=213002s knowledge=0.6744 reliable=366 spec=8.15 pop=2535
  mpx-135 cover: trials=108480000 overall=0.6744 a0_nochange=0.0000 a0_change=0.6978 a1_nochange=1.0000 a1_change=1.0000 matched_but_wrong=7
  mpx-135 traj: trials=108600000 wall=213143s knowledge=0.6728 reliable=358 spec=8.13 pop=2279
  mpx-135 cover: trials=108600000 overall=0.6728 a0_nochange=0.0000 a0_change=0.6916 a1_nochange=1.0000 a1_change=1.0000 matched_but_wrong=0
  mpx-135 acc: trials=108600000 accuracy=0.8943
  mpx-135 traj: trials=108720000 wall=213227s knowledge=0.6733 reliable=359 spec=8.10 pop=2276
  mpx-135 cover: trials=108720000 overall=0.6733 a0_nochange=0.0000 a0_change=0.6935 a1_nochange=1.0000 a1_change=1.0000 matched_but_wrong=0
  mpx-135 traj: trials=108840000 wall=213317s knowledge=0.6728 reliable=360 spec=8.10 pop=2268
  mpx-135 cover: trials=108840000 overall=0.6728 a0_nochange=0.0000 a0_change=0.6913 a1_nochange=1.0000 a1_change=1.0000 matched_but_wrong=0
  mpx-135 traj: trials=108960000 wall=213439s knowledge=0.6742 reliable=366 spec=8.10 pop=2375
  mpx-135 cover: trials=108960000 overall=0.6742 a0_nochange=0.0000 a0_change=0.6969 a1_nochange=1.0000 a1_change=1.0000 matched_but_wrong=0
  mpx-135 traj: trials=109080000 wall=213518s knowledge=0.6745 reliable=361 spec=8.11 pop=2338
  mpx-135 cover: trials=109080000 overall=0.6745 a0_nochange=0.0000 a0_change=0.6981 a1_nochange=1.0000 a1_change=1.0000 matched_but_wrong=0
  mpx-135 traj: trials=109200000 wall=213600s knowledge=0.6740 reliable=356 spec=8.10 pop=2545
  mpx-135 cover: trials=109200000 overall=0.6740 a0_nochange=0.0000 a0_change=0.6962 a1_nochange=1.0000 a1_change=1.0000 matched_but_wrong=0
  mpx-135 acc: trials=109200000 accuracy=0.8911
  mpx-135 traj: trials=109320000 wall=213712s knowledge=0.6741 reliable=359 spec=8.11 pop=2416
  mpx-135 cover: trials=109320000 overall=0.6741 a0_nochange=0.0000 a0_change=0.6965 a1_nochange=1.0000 a1_change=1.0000 matched_but_wrong=0
  mpx-135 traj: trials=109440000 wall=213918s knowledge=0.6755 reliable=357 spec=8.11 pop=2441
  mpx-135 cover: trials=109440000 overall=0.6755 a0_nochange=0.0000 a0_change=0.7022 a1_nochange=1.0000 a1_change=1.0000 matched_but_wrong=0
  mpx-135 traj: trials=109560000 wall=214063s knowledge=0.6733 reliable=358 spec=8.11 pop=2598
  mpx-135 cover: trials=109560000 overall=0.6733 a0_nochange=0.0000 a0_change=0.6933 a1_nochange=1.0000 a1_change=1.0000 matched_but_wrong=0
  mpx-135 traj: trials=109680000 wall=214150s knowledge=0.6744 reliable=366 spec=8.11 pop=2702
  mpx-135 cover: trials=109680000 overall=0.6744 a0_nochange=0.0000 a0_change=0.6981 a1_nochange=1.0000 a1_change=1.0000 matched_but_wrong=0
  mpx-135 traj: trials=109800000 wall=214250s knowledge=0.6740 reliable=361 spec=8.10 pop=2423
  mpx-135 cover: trials=109800000 overall=0.6740 a0_nochange=0.0000 a0_change=0.6962 a1_nochange=1.0000 a1_change=1.0000 matched_but_wrong=0
  mpx-135 acc: trials=109800000 accuracy=0.9153
  mpx-135 traj: trials=109920000 wall=214347s knowledge=0.6730 reliable=357 spec=8.10 pop=2677
  mpx-135 cover: trials=109920000 overall=0.6730 a0_nochange=0.0000 a0_change=0.6920 a1_nochange=1.0000 a1_change=1.0000 matched_but_wrong=0
  mpx-135 traj: trials=110040000 wall=214459s knowledge=0.6730 reliable=358 spec=8.10 pop=2731
  mpx-135 cover: trials=110040000 overall=0.6730 a0_nochange=0.0000 a0_change=0.6920 a1_nochange=1.0000 a1_change=1.0000 matched_but_wrong=0
  mpx-135 traj: trials=110160000 wall=214552s knowledge=0.6740 reliable=355 spec=8.11 pop=2693
  mpx-135 cover: trials=110160000 overall=0.6740 a0_nochange=0.0000 a0_change=0.6961 a1_nochange=1.0000 a1_change=1.0000 matched_but_wrong=0
  mpx-135 traj: trials=110280000 wall=214642s knowledge=0.6748 reliable=357 spec=8.11 pop=2820
  mpx-135 cover: trials=110280000 overall=0.6748 a0_nochange=0.0000 a0_change=0.6997 a1_nochange=1.0000 a1_change=1.0000 matched_but_wrong=0
  mpx-135 traj: trials=110400000 wall=214738s knowledge=0.6748 reliable=363 spec=8.10 pop=2615
  mpx-135 cover: trials=110400000 overall=0.6748 a0_nochange=0.0000 a0_change=0.6994 a1_nochange=1.0000 a1_change=1.0000 matched_but_wrong=0
  mpx-135 acc: trials=110400000 accuracy=0.8871
  mpx-135 traj: trials=110520000 wall=214831s knowledge=0.6748 reliable=354 spec=8.08 pop=2300
  mpx-135 cover: trials=110520000 overall=0.6748 a0_nochange=0.0000 a0_change=0.6994 a1_nochange=1.0000 a1_change=1.0000 matched_but_wrong=0
  mpx-135 traj: trials=110640000 wall=214909s knowledge=0.6737 reliable=360 spec=8.08 pop=2428
  mpx-135 cover: trials=110640000 overall=0.6737 a0_nochange=0.0000 a0_change=0.6950 a1_nochange=1.0000 a1_change=1.0000 matched_but_wrong=0
  mpx-135 traj: trials=110760000 wall=215031s knowledge=0.6737 reliable=360 spec=8.08 pop=2236
  mpx-135 cover: trials=110760000 overall=0.6737 a0_nochange=0.0000 a0_change=0.6950 a1_nochange=1.0000 a1_change=1.0000 matched_but_wrong=0
  mpx-135 traj: trials=110880000 wall=215140s knowledge=0.6744 reliable=360 spec=8.09 pop=2388
  mpx-135 cover: trials=110880000 overall=0.6744 a0_nochange=0.0000 a0_change=0.6979 a1_nochange=1.0000 a1_change=1.0000 matched_but_wrong=0
  mpx-135 traj: trials=111000000 wall=215376s knowledge=0.6738 reliable=359 spec=8.09 pop=2416
  mpx-135 cover: trials=111000000 overall=0.6738 a0_nochange=0.0000 a0_change=0.6955 a1_nochange=1.0000 a1_change=1.0000 matched_but_wrong=0
  mpx-135 acc: trials=111000000 accuracy=0.8898
  mpx-135 traj: trials=111120000 wall=215495s knowledge=0.6738 reliable=365 spec=8.09 pop=2572
  mpx-135 cover: trials=111120000 overall=0.6738 a0_nochange=0.0000 a0_change=0.6955 a1_nochange=1.0000 a1_change=1.0000 matched_but_wrong=0
  mpx-135 traj: trials=111240000 wall=215585s knowledge=0.6739 reliable=356 spec=8.10 pop=2373
  mpx-135 cover: trials=111240000 overall=0.6739 a0_nochange=0.0000 a0_change=0.6959 a1_nochange=1.0000 a1_change=1.0000 matched_but_wrong=0
  mpx-135 traj: trials=111360000 wall=215685s knowledge=0.6739 reliable=358 spec=8.10 pop=2312
  mpx-135 cover: trials=111360000 overall=0.6739 a0_nochange=0.0000 a0_change=0.6959 a1_nochange=1.0000 a1_change=1.0000 matched_but_wrong=0
  mpx-135 traj: trials=111480000 wall=215789s knowledge=0.6745 reliable=360 spec=8.11 pop=2309
  mpx-135 cover: trials=111480000 overall=0.6745 a0_nochange=0.0000 a0_change=0.6981 a1_nochange=1.0000 a1_change=1.0000 matched_but_wrong=0
  mpx-135 traj: trials=111600000 wall=215885s knowledge=0.6734 reliable=360 spec=8.11 pop=2406
  mpx-135 cover: trials=111600000 overall=0.6734 a0_nochange=0.0000 a0_change=0.6936 a1_nochange=1.0000 a1_change=1.0000 matched_but_wrong=0
  mpx-135 acc: trials=111600000 accuracy=0.8770
  mpx-135 traj: trials=111720000 wall=215973s knowledge=0.6727 reliable=359 spec=8.09 pop=2344
  mpx-135 cover: trials=111720000 overall=0.6727 a0_nochange=0.0000 a0_change=0.6909 a1_nochange=1.0000 a1_change=1.0000 matched_but_wrong=0
  mpx-135 traj: trials=111840000 wall=216087s knowledge=0.6739 reliable=366 spec=8.10 pop=2490
  mpx-135 cover: trials=111840000 overall=0.6739 a0_nochange=0.0000 a0_change=0.6959 a1_nochange=1.0000 a1_change=1.0000 matched_but_wrong=0
  mpx-135 traj: trials=111960000 wall=216211s knowledge=0.6733 reliable=364 spec=8.09 pop=2589
  mpx-135 cover: trials=111960000 overall=0.6733 a0_nochange=0.0000 a0_change=0.6933 a1_nochange=1.0000 a1_change=1.0000 matched_but_wrong=0
  mpx-135 traj: trials=112080000 wall=216312s knowledge=0.6740 reliable=365 spec=8.08 pop=2627
  mpx-135 cover: trials=112080000 overall=0.6740 a0_nochange=0.0000 a0_change=0.6962 a1_nochange=1.0000 a1_change=1.0000 matched_but_wrong=0
  mpx-135 traj: trials=112200000 wall=216412s knowledge=0.6740 reliable=361 spec=8.09 pop=2364
  mpx-135 cover: trials=112200000 overall=0.6740 a0_nochange=0.0000 a0_change=0.6962 a1_nochange=1.0000 a1_change=1.0000 matched_but_wrong=0
  mpx-135 acc: trials=112200000 accuracy=0.9124
  mpx-135 traj: trials=112320000 wall=216503s knowledge=0.6729 reliable=355 spec=8.06 pop=2519
  mpx-135 cover: trials=112320000 overall=0.6729 a0_nochange=0.0000 a0_change=0.6919 a1_nochange=1.0000 a1_change=1.0000 matched_but_wrong=0
  mpx-135 traj: trials=112440000 wall=216610s knowledge=0.6744 reliable=364 spec=8.07 pop=2800
  mpx-135 cover: trials=112440000 overall=0.6744 a0_nochange=0.0000 a0_change=0.6979 a1_nochange=1.0000 a1_change=1.0000 matched_but_wrong=0
  mpx-135 traj: trials=112560000 wall=216708s knowledge=0.6726 reliable=360 spec=8.09 pop=2785
  mpx-135 cover: trials=112560000 overall=0.6726 a0_nochange=0.0000 a0_change=0.6906 a1_nochange=1.0000 a1_change=1.0000 matched_but_wrong=0
  mpx-135 traj: trials=112680000 wall=216800s knowledge=0.6744 reliable=360 spec=8.10 pop=2734
  mpx-135 cover: trials=112680000 overall=0.6744 a0_nochange=0.0000 a0_change=0.6979 a1_nochange=1.0000 a1_change=1.0000 matched_but_wrong=0
  mpx-135 traj: trials=112800000 wall=216884s knowledge=0.6732 reliable=361 spec=8.07 pop=2595
  mpx-135 cover: trials=112800000 overall=0.6732 a0_nochange=0.0000 a0_change=0.6932 a1_nochange=1.0000 a1_change=1.0000 matched_but_wrong=0
  mpx-135 acc: trials=112800000 accuracy=0.8941
  mpx-135 traj: trials=112920000 wall=217127s knowledge=0.6736 reliable=366 spec=8.09 pop=2685
  mpx-135 cover: trials=112920000 overall=0.6736 a0_nochange=0.0000 a0_change=0.6946 a1_nochange=1.0000 a1_change=1.0000 matched_but_wrong=0
  mpx-135 traj: trials=113040000 wall=217227s knowledge=0.6733 reliable=357 spec=8.11 pop=2431
  mpx-135 cover: trials=113040000 overall=0.6733 a0_nochange=0.0000 a0_change=0.6933 a1_nochange=1.0000 a1_change=1.0000 matched_but_wrong=0
  mpx-135 traj: trials=113160000 wall=217402s knowledge=0.6740 reliable=365 spec=8.11 pop=3350
  mpx-135 cover: trials=113160000 overall=0.6740 a0_nochange=0.0000 a0_change=0.6961 a1_nochange=1.0000 a1_change=1.0000 matched_but_wrong=0
  mpx-135 traj: trials=113280000 wall=217512s knowledge=0.6740 reliable=358 spec=8.10 pop=2565
  mpx-135 cover: trials=113280000 overall=0.6740 a0_nochange=0.0000 a0_change=0.6962 a1_nochange=1.0000 a1_change=1.0000 matched_but_wrong=0
  mpx-135 traj: trials=113400000 wall=217601s knowledge=0.6754 reliable=369 spec=8.11 pop=3013
  mpx-135 cover: trials=113400000 overall=0.6754 a0_nochange=0.0000 a0_change=0.7018 a1_nochange=1.0000 a1_change=1.0000 matched_but_wrong=0
  mpx-135 acc: trials=113400000 accuracy=0.8943
  mpx-135 traj: trials=113520000 wall=217708s knowledge=0.6750 reliable=360 spec=8.09 pop=2284
  mpx-135 cover: trials=113520000 overall=0.6750 a0_nochange=0.0000 a0_change=0.7002 a1_nochange=1.0000 a1_change=1.0000 matched_but_wrong=0
  mpx-135 traj: trials=113640000 wall=217830s knowledge=0.6738 reliable=356 spec=8.09 pop=2325
  mpx-135 cover: trials=113640000 overall=0.6738 a0_nochange=0.0000 a0_change=0.6956 a1_nochange=1.0000 a1_change=1.0000 matched_but_wrong=0
  mpx-135 traj: trials=113760000 wall=217928s knowledge=0.6728 reliable=357 spec=8.09 pop=2570
  mpx-135 cover: trials=113760000 overall=0.6728 a0_nochange=0.0000 a0_change=0.6915 a1_nochange=1.0000 a1_change=1.0000 matched_but_wrong=0
  mpx-135 traj: trials=113880000 wall=218054s knowledge=0.6728 reliable=358 spec=8.09 pop=2581
  mpx-135 cover: trials=113880000 overall=0.6728 a0_nochange=0.0000 a0_change=0.6915 a1_nochange=1.0000 a1_change=1.0000 matched_but_wrong=0
  mpx-135 traj: trials=114000000 wall=218126s knowledge=0.6741 reliable=360 spec=8.09 pop=2344
  mpx-135 cover: trials=114000000 overall=0.6741 a0_nochange=0.0000 a0_change=0.6965 a1_nochange=1.0000 a1_change=1.0000 matched_but_wrong=0
  mpx-135 acc: trials=114000000 accuracy=0.9117
  mpx-135 traj: trials=114120000 wall=218270s knowledge=0.6742 reliable=362 spec=8.10 pop=2303
  mpx-135 cover: trials=114120000 overall=0.6742 a0_nochange=0.0000 a0_change=0.6970 a1_nochange=1.0000 a1_change=1.0000 matched_but_wrong=0
  mpx-135 traj: trials=114240000 wall=218350s knowledge=0.6731 reliable=357 spec=8.11 pop=2526
  mpx-135 cover: trials=114240000 overall=0.6731 a0_nochange=0.0000 a0_change=0.6927 a1_nochange=1.0000 a1_change=1.0000 matched_but_wrong=0
  mpx-135 traj: trials=114360000 wall=218434s knowledge=0.6731 reliable=356 spec=8.11 pop=2996
  mpx-135 cover: trials=114360000 overall=0.6731 a0_nochange=0.0000 a0_change=0.6925 a1_nochange=1.0000 a1_change=1.0000 matched_but_wrong=0
  mpx-135 traj: trials=114480000 wall=218512s knowledge=0.6733 reliable=357 spec=8.12 pop=2334
  mpx-135 cover: trials=114480000 overall=0.6733 a0_nochange=0.0000 a0_change=0.6935 a1_nochange=1.0000 a1_change=1.0000 matched_but_wrong=8
  mpx-135 traj: trials=114600000 wall=218614s knowledge=0.6744 reliable=369 spec=8.16 pop=2500
  mpx-135 cover: trials=114600000 overall=0.6744 a0_nochange=0.0000 a0_change=0.6980 a1_nochange=1.0000 a1_change=1.0000 matched_but_wrong=7
  mpx-135 acc: trials=114600000 accuracy=0.9066
  mpx-135 traj: trials=114720000 wall=218688s knowledge=0.6744 reliable=361 spec=8.13 pop=2515
  mpx-135 cover: trials=114720000 overall=0.6744 a0_nochange=0.0000 a0_change=0.6977 a1_nochange=1.0000 a1_change=1.0000 matched_but_wrong=0
  mpx-135 traj: trials=114840000 wall=218772s knowledge=0.6745 reliable=362 spec=8.13 pop=2495
  mpx-135 cover: trials=114840000 overall=0.6745 a0_nochange=0.0000 a0_change=0.6984 a1_nochange=1.0000 a1_change=1.0000 matched_but_wrong=0
  mpx-135 traj: trials=114960000 wall=218866s knowledge=0.6743 reliable=365 spec=8.13 pop=2680
  mpx-135 cover: trials=114960000 overall=0.6743 a0_nochange=0.0000 a0_change=0.6973 a1_nochange=1.0000 a1_change=1.0000 matched_but_wrong=5
  mpx-135 traj: trials=115080000 wall=218938s knowledge=0.6752 reliable=365 spec=8.15 pop=2461
  mpx-135 cover: trials=115080000 overall=0.6752 a0_nochange=0.0000 a0_change=0.7009 a1_nochange=1.0000 a1_change=1.0000 matched_but_wrong=5
  mpx-135 traj: trials=115200000 wall=219012s knowledge=0.6750 reliable=365 spec=8.19 pop=2402
  mpx-135 cover: trials=115200000 overall=0.6750 a0_nochange=0.0000 a0_change=0.7002 a1_nochange=1.0000 a1_change=1.0000 matched_but_wrong=1
  mpx-135 acc: trials=115200000 accuracy=0.8906
  mpx-135 traj: trials=115320000 wall=219194s knowledge=0.6750 reliable=368 spec=8.17 pop=2527
  mpx-135 cover: trials=115320000 overall=0.6750 a0_nochange=0.0000 a0_change=0.7001 a1_nochange=1.0000 a1_change=1.0000 matched_but_wrong=0
  mpx-135 traj: trials=115440000 wall=219294s knowledge=0.6747 reliable=362 spec=8.14 pop=2834
  mpx-135 cover: trials=115440000 overall=0.6747 a0_nochange=0.0000 a0_change=0.6992 a1_nochange=1.0000 a1_change=1.0000 matched_but_wrong=0
  mpx-135 traj: trials=115560000 wall=219379s knowledge=0.6757 reliable=360 spec=8.14 pop=2923
  mpx-135 cover: trials=115560000 overall=0.6757 a0_nochange=0.0000 a0_change=0.7029 a1_nochange=1.0000 a1_change=1.0000 matched_but_wrong=0
  mpx-135 traj: trials=115680000 wall=219463s knowledge=0.6743 reliable=363 spec=8.12 pop=2564
  mpx-135 cover: trials=115680000 overall=0.6743 a0_nochange=0.0000 a0_change=0.6973 a1_nochange=1.0000 a1_change=1.0000 matched_but_wrong=0
  mpx-135 traj: trials=115800000 wall=219594s knowledge=0.6757 reliable=361 spec=8.13 pop=2451
  mpx-135 cover: trials=115800000 overall=0.6757 a0_nochange=0.0000 a0_change=0.7033 a1_nochange=1.0000 a1_change=1.0000 matched_but_wrong=0
  mpx-135 acc: trials=115800000 accuracy=0.9037
  mpx-135 traj: trials=115920000 wall=219708s knowledge=0.6762 reliable=364 spec=8.13 pop=2413
  mpx-135 cover: trials=115920000 overall=0.6762 a0_nochange=0.0000 a0_change=0.7051 a1_nochange=1.0000 a1_change=1.0000 matched_but_wrong=0
  mpx-135 traj: trials=116040000 wall=219829s knowledge=0.6751 reliable=362 spec=8.12 pop=2521
  mpx-135 cover: trials=116040000 overall=0.6751 a0_nochange=0.0000 a0_change=0.7007 a1_nochange=1.0000 a1_change=1.0000 matched_but_wrong=0
  mpx-135 traj: trials=116160000 wall=219954s knowledge=0.6749 reliable=365 spec=8.12 pop=2686
  mpx-135 cover: trials=116160000 overall=0.6749 a0_nochange=0.0000 a0_change=0.6997 a1_nochange=1.0000 a1_change=1.0000 matched_but_wrong=0
  mpx-135 traj: trials=116280000 wall=220047s knowledge=0.6755 reliable=365 spec=8.16 pop=2372
  mpx-135 cover: trials=116280000 overall=0.6755 a0_nochange=0.0000 a0_change=0.7023 a1_nochange=1.0000 a1_change=1.0000 matched_but_wrong=0
  mpx-135 traj: trials=116400000 wall=220181s knowledge=0.6753 reliable=367 spec=8.16 pop=2541
  mpx-135 cover: trials=116400000 overall=0.6753 a0_nochange=0.0000 a0_change=0.7016 a1_nochange=1.0000 a1_change=1.0000 matched_but_wrong=0
  mpx-135 acc: trials=116400000 accuracy=0.8914
  mpx-135 traj: trials=116520000 wall=220300s knowledge=0.6755 reliable=359 spec=8.15 pop=3594
  mpx-135 cover: trials=116520000 overall=0.6755 a0_nochange=0.0000 a0_change=0.7023 a1_nochange=1.0000 a1_change=1.0000 matched_but_wrong=0
  mpx-135 traj: trials=116640000 wall=220373s knowledge=0.6764 reliable=364 spec=8.16 pop=2281
  mpx-135 cover: trials=116640000 overall=0.6764 a0_nochange=0.0000 a0_change=0.7061 a1_nochange=1.0000 a1_change=1.0000 matched_but_wrong=0
  mpx-135 traj: trials=116760000 wall=220473s knowledge=0.6766 reliable=368 spec=8.14 pop=2650
  mpx-135 cover: trials=116760000 overall=0.6766 a0_nochange=0.0000 a0_change=0.7066 a1_nochange=1.0000 a1_change=1.0000 matched_but_wrong=0
  mpx-135 traj: trials=116880000 wall=220550s knowledge=0.6755 reliable=362 spec=8.15 pop=2338
  mpx-135 cover: trials=116880000 overall=0.6755 a0_nochange=0.0000 a0_change=0.7024 a1_nochange=1.0000 a1_change=1.0000 matched_but_wrong=0
  mpx-135 traj: trials=117000000 wall=220629s knowledge=0.6750 reliable=363 spec=8.15 pop=2558
  mpx-135 cover: trials=117000000 overall=0.6750 a0_nochange=0.0000 a0_change=0.7003 a1_nochange=1.0000 a1_change=1.0000 matched_but_wrong=0
  mpx-135 acc: trials=117000000 accuracy=0.8956
  mpx-135 traj: trials=117120000 wall=220721s knowledge=0.6764 reliable=369 spec=8.14 pop=2307
  mpx-135 cover: trials=117120000 overall=0.6764 a0_nochange=0.0000 a0_change=0.7057 a1_nochange=1.0000 a1_change=1.0000 matched_but_wrong=0
  mpx-135 traj: trials=117240000 wall=220797s knowledge=0.6760 reliable=361 spec=8.14 pop=2210
  mpx-135 cover: trials=117240000 overall=0.6760 a0_nochange=0.0000 a0_change=0.7043 a1_nochange=1.0000 a1_change=1.0000 matched_but_wrong=0
  mpx-135 traj: trials=117360000 wall=220877s knowledge=0.6760 reliable=357 spec=8.12 pop=2425
  mpx-135 cover: trials=117360000 overall=0.6760 a0_nochange=0.0000 a0_change=0.7042 a1_nochange=1.0000 a1_change=1.0000 matched_but_wrong=0
  mpx-135 traj: trials=117480000 wall=220983s knowledge=0.6760 reliable=357 spec=8.12 pop=2283
  mpx-135 cover: trials=117480000 overall=0.6760 a0_nochange=0.0000 a0_change=0.7042 a1_nochange=1.0000 a1_change=1.0000 matched_but_wrong=0
  mpx-135 traj: trials=117600000 wall=221110s knowledge=0.6760 reliable=355 spec=8.12 pop=2313
  mpx-135 cover: trials=117600000 overall=0.6760 a0_nochange=0.0000 a0_change=0.7042 a1_nochange=1.0000 a1_change=1.0000 matched_but_wrong=0
  mpx-135 acc: trials=117600000 accuracy=0.9031
  mpx-135 traj: trials=117720000 wall=221288s knowledge=0.6766 reliable=366 spec=8.14 pop=2617
  mpx-135 cover: trials=117720000 overall=0.6766 a0_nochange=0.0000 a0_change=0.7065 a1_nochange=1.0000 a1_change=1.0000 matched_but_wrong=0
  mpx-135 traj: trials=117840000 wall=221405s knowledge=0.6772 reliable=364 spec=8.14 pop=2561
  mpx-135 cover: trials=117840000 overall=0.6772 a0_nochange=0.0000 a0_change=0.7091 a1_nochange=1.0000 a1_change=1.0000 matched_but_wrong=0
  mpx-135 traj: trials=117960000 wall=221480s knowledge=0.6768 reliable=358 spec=8.16 pop=2252
  mpx-135 cover: trials=117960000 overall=0.6768 a0_nochange=0.0000 a0_change=0.7073 a1_nochange=1.0000 a1_change=1.0000 matched_but_wrong=0
  mpx-135 traj: trials=118080000 wall=221569s knowledge=0.6761 reliable=366 spec=8.13 pop=2691
  mpx-135 cover: trials=118080000 overall=0.6761 a0_nochange=0.0000 a0_change=0.7047 a1_nochange=1.0000 a1_change=1.0000 matched_but_wrong=0
  mpx-135 traj: trials=118200000 wall=221647s knowledge=0.6767 reliable=361 spec=8.15 pop=2378
  mpx-135 cover: trials=118200000 overall=0.6767 a0_nochange=0.0000 a0_change=0.7069 a1_nochange=1.0000 a1_change=1.0000 matched_but_wrong=0
  mpx-135 acc: trials=118200000 accuracy=0.9034
  mpx-135 traj: trials=118320000 wall=221750s knowledge=0.6770 reliable=360 spec=8.15 pop=2783
  mpx-135 cover: trials=118320000 overall=0.6770 a0_nochange=0.0000 a0_change=0.7081 a1_nochange=1.0000 a1_change=1.0000 matched_but_wrong=0
  mpx-135 traj: trials=118440000 wall=221830s knowledge=0.6774 reliable=366 spec=8.15 pop=2352
  mpx-135 cover: trials=118440000 overall=0.6774 a0_nochange=0.0000 a0_change=0.7098 a1_nochange=1.0000 a1_change=1.0000 matched_but_wrong=0
  mpx-135 traj: trials=118560000 wall=221932s knowledge=0.6751 reliable=362 spec=8.14 pop=2624
  mpx-135 cover: trials=118560000 overall=0.6751 a0_nochange=0.0000 a0_change=0.7006 a1_nochange=1.0000 a1_change=1.0000 matched_but_wrong=0
  mpx-135 traj: trials=118680000 wall=222029s knowledge=0.6754 reliable=359 spec=8.13 pop=2315
  mpx-135 cover: trials=118680000 overall=0.6754 a0_nochange=0.0000 a0_change=0.7017 a1_nochange=1.0000 a1_change=1.0000 matched_but_wrong=0
  mpx-135 traj: trials=118800000 wall=222108s knowledge=0.6750 reliable=360 spec=8.12 pop=2248
  mpx-135 cover: trials=118800000 overall=0.6750 a0_nochange=0.0000 a0_change=0.7001 a1_nochange=1.0000 a1_change=1.0000 matched_but_wrong=0
  mpx-135 acc: trials=118800000 accuracy=0.9017
  mpx-135 traj: trials=118920000 wall=222195s knowledge=0.6750 reliable=357 spec=8.12 pop=2422
  mpx-135 cover: trials=118920000 overall=0.6750 a0_nochange=0.0000 a0_change=0.7001 a1_nochange=1.0000 a1_change=1.0000 matched_but_wrong=0
  mpx-135 traj: trials=119040000 wall=222273s knowledge=0.6750 reliable=357 spec=8.12 pop=2526
  mpx-135 cover: trials=119040000 overall=0.6750 a0_nochange=0.0000 a0_change=0.7001 a1_nochange=1.0000 a1_change=1.0000 matched_but_wrong=0
  mpx-135 traj: trials=119160000 wall=222373s knowledge=0.6755 reliable=356 spec=8.13 pop=2458
  mpx-135 cover: trials=119160000 overall=0.6755 a0_nochange=0.0000 a0_change=0.7023 a1_nochange=1.0000 a1_change=1.0000 matched_but_wrong=0
  mpx-135 traj: trials=119280000 wall=222476s knowledge=0.6751 reliable=358 spec=8.13 pop=2414
  mpx-135 cover: trials=119280000 overall=0.6751 a0_nochange=0.0000 a0_change=0.7006 a1_nochange=1.0000 a1_change=1.0000 matched_but_wrong=0
  mpx-135 traj: trials=119400000 wall=222548s knowledge=0.6756 reliable=362 spec=8.14 pop=2397
  mpx-135 cover: trials=119400000 overall=0.6756 a0_nochange=0.0000 a0_change=0.7027 a1_nochange=1.0000 a1_change=1.0000 matched_but_wrong=0
  mpx-135 acc: trials=119400000 accuracy=0.8917
  mpx-135 traj: trials=119520000 wall=222663s knowledge=0.6753 reliable=357 spec=8.14 pop=3439
  mpx-135 cover: trials=119520000 overall=0.6753 a0_nochange=0.0000 a0_change=0.7015 a1_nochange=1.0000 a1_change=1.0000 matched_but_wrong=0
  mpx-135 traj: trials=119640000 wall=222760s knowledge=0.6759 reliable=360 spec=8.15 pop=3017
  mpx-135 cover: trials=119640000 overall=0.6759 a0_nochange=0.0000 a0_change=0.7037 a1_nochange=1.0000 a1_change=1.0000 matched_but_wrong=0
  mpx-135 traj: trials=119760000 wall=222931s knowledge=0.6773 reliable=362 spec=8.17 pop=3238
  mpx-135 cover: trials=119760000 overall=0.6773 a0_nochange=0.0000 a0_change=0.7093 a1_nochange=1.0000 a1_change=1.0000 matched_but_wrong=0
  mpx-135 traj: trials=119880000 wall=223042s knowledge=0.6772 reliable=363 spec=8.16 pop=2706
  mpx-135 cover: trials=119880000 overall=0.6772 a0_nochange=0.0000 a0_change=0.7089 a1_nochange=1.0000 a1_change=1.0000 matched_but_wrong=0
  mpx-135 traj: trials=120000000 wall=223112s knowledge=0.6772 reliable=367 spec=8.16 pop=2506
  mpx-135 cover: trials=120000000 overall=0.6772 a0_nochange=0.0000 a0_change=0.7089 a1_nochange=1.0000 a1_change=1.0000 matched_but_wrong=0
  mpx-135 acc: trials=120000000 accuracy=0.9029
  mpx-135 traj: trials=120120000 wall=223216s knowledge=0.6763 reliable=366 spec=8.18 pop=2583
  mpx-135 cover: trials=120120000 overall=0.6763 a0_nochange=0.0000 a0_change=0.7053 a1_nochange=1.0000 a1_change=1.0000 matched_but_wrong=0
  mpx-135 traj: trials=120240000 wall=223367s knowledge=0.6763 reliable=364 spec=8.18 pop=2404
  mpx-135 cover: trials=120240000 overall=0.6763 a0_nochange=0.0000 a0_change=0.7053 a1_nochange=1.0000 a1_change=1.0000 matched_but_wrong=0
  mpx-135 traj: trials=120360000 wall=223440s knowledge=0.6786 reliable=367 spec=8.17 pop=2628
  mpx-135 cover: trials=120360000 overall=0.6786 a0_nochange=0.0080 a0_change=0.7065 a1_nochange=1.0000 a1_change=1.0000 matched_but_wrong=0
  mpx-135 traj: trials=120480000 wall=223516s knowledge=0.6783 reliable=364 spec=8.17 pop=2780
  mpx-135 cover: trials=120480000 overall=0.6783 a0_nochange=0.0080 a0_change=0.7055 a1_nochange=1.0000 a1_change=1.0000 matched_but_wrong=0
  mpx-135 traj: trials=120600000 wall=223599s knowledge=0.6783 reliable=367 spec=8.17 pop=2319
  mpx-135 cover: trials=120600000 overall=0.6783 a0_nochange=0.0080 a0_change=0.7055 a1_nochange=1.0000 a1_change=1.0000 matched_but_wrong=0
  mpx-135 acc: trials=120600000 accuracy=0.9000
  mpx-135 traj: trials=120720000 wall=223702s knowledge=0.6782 reliable=362 spec=8.16 pop=2508
  mpx-135 cover: trials=120720000 overall=0.6782 a0_nochange=0.0080 a0_change=0.7049 a1_nochange=1.0000 a1_change=1.0000 matched_but_wrong=0
  mpx-135 traj: trials=120840000 wall=223781s knowledge=0.6778 reliable=366 spec=8.15 pop=2580
  mpx-135 cover: trials=120840000 overall=0.6778 a0_nochange=0.0080 a0_change=0.7033 a1_nochange=1.0000 a1_change=1.0000 matched_but_wrong=0
  mpx-135 traj: trials=120960000 wall=223852s knowledge=0.6783 reliable=359 spec=8.15 pop=2488
  mpx-135 cover: trials=120960000 overall=0.6783 a0_nochange=0.0080 a0_change=0.7054 a1_nochange=1.0000 a1_change=1.0000 matched_but_wrong=0
  mpx-135 traj: trials=121080000 wall=223922s knowledge=0.6784 reliable=362 spec=8.15 pop=2452
  mpx-135 cover: trials=121080000 overall=0.6784 a0_nochange=0.0086 a0_change=0.7054 a1_nochange=1.0000 a1_change=1.0000 matched_but_wrong=0
  mpx-135 traj: trials=121200000 wall=223997s knowledge=0.6783 reliable=363 spec=8.15 pop=2485
  mpx-135 cover: trials=121200000 overall=0.6783 a0_nochange=0.0080 a0_change=0.7054 a1_nochange=1.0000 a1_change=1.0000 matched_but_wrong=0
  mpx-135 acc: trials=121200000 accuracy=0.8920
  mpx-135 traj: trials=121320000 wall=224071s knowledge=0.6787 reliable=369 spec=8.16 pop=2613
  mpx-135 cover: trials=121320000 overall=0.6787 a0_nochange=0.0095 a0_change=0.7054 a1_nochange=1.0000 a1_change=1.0000 matched_but_wrong=8
  mpx-135 traj: trials=121440000 wall=224146s knowledge=0.6803 reliable=374 spec=8.16 pop=2749
  mpx-135 cover: trials=121440000 overall=0.6803 a0_nochange=0.0080 a0_change=0.7135 a1_nochange=1.0000 a1_change=1.0000 matched_but_wrong=0
  mpx-135 traj: trials=121560000 wall=224217s knowledge=0.6798 reliable=377 spec=8.17 pop=3082
  mpx-135 cover: trials=121560000 overall=0.6798 a0_nochange=0.0080 a0_change=0.7115 a1_nochange=1.0000 a1_change=1.0000 matched_but_wrong=0
  mpx-135 traj: trials=121680000 wall=224287s knowledge=0.6807 reliable=372 spec=8.17 pop=2695
  mpx-135 cover: trials=121680000 overall=0.6807 a0_nochange=0.0080 a0_change=0.7151 a1_nochange=1.0000 a1_change=1.0000 matched_but_wrong=0
  mpx-135 traj: trials=121800000 wall=224362s knowledge=0.6807 reliable=367 spec=8.19 pop=2651
  mpx-135 cover: trials=121800000 overall=0.6807 a0_nochange=0.0080 a0_change=0.7149 a1_nochange=1.0000 a1_change=1.0000 matched_but_wrong=0
  mpx-135 acc: trials=121800000 accuracy=0.8973
  mpx-135 traj: trials=121920000 wall=224438s knowledge=0.6805 reliable=365 spec=8.17 pop=2605
  mpx-135 cover: trials=121920000 overall=0.6805 a0_nochange=0.0080 a0_change=0.7143 a1_nochange=1.0000 a1_change=1.0000 matched_but_wrong=0
  mpx-135 traj: trials=122040000 wall=224510s knowledge=0.6804 reliable=365 spec=8.18 pop=2536
  mpx-135 cover: trials=122040000 overall=0.6804 a0_nochange=0.0094 a0_change=0.7126 a1_nochange=1.0000 a1_change=1.0000 matched_but_wrong=0
  mpx-135 traj: trials=122160000 wall=224654s knowledge=0.6816 reliable=371 spec=8.20 pop=3469
  mpx-135 cover: trials=122160000 overall=0.6816 a0_nochange=0.0102 a0_change=0.7166 a1_nochange=1.0000 a1_change=1.0000 matched_but_wrong=0
  mpx-135 traj: trials=122280000 wall=224728s knowledge=0.6823 reliable=382 spec=8.23 pop=2877
  mpx-135 cover: trials=122280000 overall=0.6823 a0_nochange=0.0139 a0_change=0.7154 a1_nochange=1.0000 a1_change=1.0000 matched_but_wrong=5
  mpx-135 traj: trials=122400000 wall=224802s knowledge=0.6824 reliable=375 spec=8.22 pop=2519
  mpx-135 cover: trials=122400000 overall=0.6824 a0_nochange=0.0143 a0_change=0.7154 a1_nochange=1.0000 a1_change=1.0000 matched_but_wrong=0
  mpx-135 acc: trials=122400000 accuracy=0.8881
  mpx-135 traj: trials=122520000 wall=224874s knowledge=0.6824 reliable=377 spec=8.22 pop=2513
  mpx-135 cover: trials=122520000 overall=0.6824 a0_nochange=0.0135 a0_change=0.7161 a1_nochange=1.0000 a1_change=1.0000 matched_but_wrong=0
  mpx-135 traj: trials=122640000 wall=224947s knowledge=0.6834 reliable=380 spec=8.24 pop=2468
  mpx-135 cover: trials=122640000 overall=0.6834 a0_nochange=0.0207 a0_change=0.7130 a1_nochange=1.0000 a1_change=1.0000 matched_but_wrong=0
  mpx-135 traj: trials=122760000 wall=225031s knowledge=0.6824 reliable=379 spec=8.23 pop=2496
  mpx-135 cover: trials=122760000 overall=0.6824 a0_nochange=0.0166 a0_change=0.7134 a1_nochange=1.0000 a1_change=1.0000 matched_but_wrong=0
  mpx-135 traj: trials=122880000 wall=225106s knowledge=0.6826 reliable=373 spec=8.23 pop=2504
  mpx-135 cover: trials=122880000 overall=0.6826 a0_nochange=0.0177 a0_change=0.7128 a1_nochange=1.0000 a1_change=1.0000 matched_but_wrong=0
  mpx-135 traj: trials=123000000 wall=225234s knowledge=0.6831 reliable=371 spec=8.20 pop=3375
  mpx-135 cover: trials=123000000 overall=0.6831 a0_nochange=0.0159 a0_change=0.7169 a1_nochange=1.0000 a1_change=1.0000 matched_but_wrong=0
  mpx-135 acc: trials=123000000 accuracy=0.9033
  mpx-135 traj: trials=123120000 wall=225302s knowledge=0.6834 reliable=371 spec=8.18 pop=2885
  mpx-135 cover: trials=123120000 overall=0.6834 a0_nochange=0.0163 a0_change=0.7177 a1_nochange=1.0000 a1_change=1.0000 matched_but_wrong=0
  mpx-135 traj: trials=123240000 wall=225367s knowledge=0.6843 reliable=377 spec=8.25 pop=2814
  mpx-135 cover: trials=123240000 overall=0.6843 a0_nochange=0.0171 a0_change=0.7203 a1_nochange=1.0000 a1_change=1.0000 matched_but_wrong=3
  mpx-135 traj: trials=123360000 wall=225447s knowledge=0.6835 reliable=376 spec=8.22 pop=2811
  mpx-135 cover: trials=123360000 overall=0.6835 a0_nochange=0.0170 a0_change=0.7173 a1_nochange=1.0000 a1_change=1.0000 matched_but_wrong=11
  mpx-135 traj: trials=123480000 wall=225511s knowledge=0.6837 reliable=375 spec=8.21 pop=3178
  mpx-135 cover: trials=123480000 overall=0.6837 a0_nochange=0.0163 a0_change=0.7190 a1_nochange=1.0000 a1_change=1.0000 matched_but_wrong=0
  mpx-135 traj: trials=123600000 wall=225575s knowledge=0.6842 reliable=376 spec=8.22 pop=3456
  mpx-135 cover: trials=123600000 overall=0.6842 a0_nochange=0.0169 a0_change=0.7199 a1_nochange=1.0000 a1_change=1.0000 matched_but_wrong=0
  mpx-135 acc: trials=123600000 accuracy=0.9335
  mpx-135 traj: trials=123720000 wall=225645s knowledge=0.6844 reliable=373 spec=8.20 pop=3033
  mpx-135 cover: trials=123720000 overall=0.6844 a0_nochange=0.0168 a0_change=0.7209 a1_nochange=1.0000 a1_change=1.0000 matched_but_wrong=0
  mpx-135 traj: trials=123840000 wall=225711s knowledge=0.6844 reliable=368 spec=8.20 pop=3121
  mpx-135 cover: trials=123840000 overall=0.6844 a0_nochange=0.0163 a0_change=0.7214 a1_nochange=1.0000 a1_change=1.0000 matched_but_wrong=0
  mpx-135 traj: trials=123960000 wall=225785s knowledge=0.6841 reliable=373 spec=8.21 pop=3117
  mpx-135 cover: trials=123960000 overall=0.6841 a0_nochange=0.0162 a0_change=0.7205 a1_nochange=1.0000 a1_change=1.0000 matched_but_wrong=0
  mpx-135 traj: trials=124080000 wall=225849s knowledge=0.6840 reliable=368 spec=8.19 pop=3167
  mpx-135 cover: trials=124080000 overall=0.6840 a0_nochange=0.0172 a0_change=0.7191 a1_nochange=1.0000 a1_change=1.0000 matched_but_wrong=0
  mpx-135 traj: trials=124200000 wall=225913s knowledge=0.6840 reliable=365 spec=8.19 pop=2923
  mpx-135 cover: trials=124200000 overall=0.6840 a0_nochange=0.0172 a0_change=0.7191 a1_nochange=1.0000 a1_change=1.0000 matched_but_wrong=0
  mpx-135 acc: trials=124200000 accuracy=0.8904
  mpx-135 traj: trials=124320000 wall=226001s knowledge=0.6823 reliable=366 spec=8.20 pop=2712
  mpx-135 cover: trials=124320000 overall=0.6823 a0_nochange=0.0204 a0_change=0.7090 a1_nochange=1.0000 a1_change=1.0000 matched_but_wrong=0
  mpx-135 traj: trials=124440000 wall=226068s knowledge=0.6856 reliable=372 spec=8.22 pop=2839
  mpx-135 cover: trials=124440000 overall=0.6856 a0_nochange=0.0288 a0_change=0.7138 a1_nochange=1.0000 a1_change=1.0000 matched_but_wrong=0
  mpx-135 traj: trials=124560000 wall=226145s knowledge=0.6853 reliable=370 spec=8.19 pop=2740
  mpx-135 cover: trials=124560000 overall=0.6853 a0_nochange=0.0288 a0_change=0.7126 a1_nochange=1.0000 a1_change=1.0000 matched_but_wrong=0
  mpx-135 traj: trials=124680000 wall=226257s knowledge=0.6854 reliable=374 spec=8.20 pop=2924
  mpx-135 cover: trials=124680000 overall=0.6854 a0_nochange=0.0291 a0_change=0.7126 a1_nochange=1.0000 a1_change=1.0000 matched_but_wrong=0
  mpx-135 traj: trials=124800000 wall=226342s knowledge=0.6865 reliable=371 spec=8.19 pop=2977
  mpx-135 cover: trials=124800000 overall=0.6865 a0_nochange=0.0301 a0_change=0.7160 a1_nochange=1.0000 a1_change=1.0000 matched_but_wrong=0
  mpx-135 acc: trials=124800000 accuracy=0.9086
  mpx-135 traj: trials=124920000 wall=226419s knowledge=0.6863 reliable=372 spec=8.18 pop=2642
  mpx-135 cover: trials=124920000 overall=0.6863 a0_nochange=0.0287 a0_change=0.7167 a1_nochange=1.0000 a1_change=1.0000 matched_but_wrong=0
  mpx-135 traj: trials=125040000 wall=226487s knowledge=0.6860 reliable=376 spec=8.18 pop=3000
  mpx-135 cover: trials=125040000 overall=0.6860 a0_nochange=0.0287 a0_change=0.7155 a1_nochange=1.0000 a1_change=1.0000 matched_but_wrong=0
  mpx-135 traj: trials=125160000 wall=226551s knowledge=0.6874 reliable=370 spec=8.18 pop=2914
  mpx-135 cover: trials=125160000 overall=0.6874 a0_nochange=0.0287 a0_change=0.7212 a1_nochange=1.0000 a1_change=1.0000 matched_but_wrong=0
  mpx-135 traj: trials=125280000 wall=226616s knowledge=0.6889 reliable=373 spec=8.20 pop=2741
  mpx-135 cover: trials=125280000 overall=0.6889 a0_nochange=0.0288 a0_change=0.7270 a1_nochange=1.0000 a1_change=1.0000 matched_but_wrong=0
  mpx-135 traj: trials=125400000 wall=226683s knowledge=0.6887 reliable=374 spec=8.18 pop=2933
  mpx-135 cover: trials=125400000 overall=0.6887 a0_nochange=0.0335 a0_change=0.7215 a1_nochange=1.0000 a1_change=1.0000 matched_but_wrong=0
  mpx-135 acc: trials=125400000 accuracy=0.8964
  mpx-135 traj: trials=125520000 wall=226761s knowledge=0.6897 reliable=372 spec=8.20 pop=2643
  mpx-135 cover: trials=125520000 overall=0.6897 a0_nochange=0.0373 a0_change=0.7216 a1_nochange=1.0000 a1_change=1.0000 matched_but_wrong=0
  mpx-135 traj: trials=125640000 wall=226829s knowledge=0.6891 reliable=373 spec=8.22 pop=2770
  mpx-135 cover: trials=125640000 overall=0.6891 a0_nochange=0.0343 a0_change=0.7225 a1_nochange=1.0000 a1_change=1.0000 matched_but_wrong=2
  mpx-135 traj: trials=125760000 wall=226890s knowledge=0.6891 reliable=377 spec=8.20 pop=2799
  mpx-135 cover: trials=125760000 overall=0.6891 a0_nochange=0.0329 a0_change=0.7236 a1_nochange=1.0000 a1_change=1.0000 matched_but_wrong=2
  mpx-135 traj: trials=125880000 wall=226957s knowledge=0.6892 reliable=377 spec=8.23 pop=2790
  mpx-135 cover: trials=125880000 overall=0.6892 a0_nochange=0.0346 a0_change=0.7223 a1_nochange=1.0000 a1_change=1.0000 matched_but_wrong=0
  mpx-135 traj: trials=126000000 wall=227020s knowledge=0.6913 reliable=381 spec=8.27 pop=2898
  mpx-135 cover: trials=126000000 overall=0.6913 a0_nochange=0.0448 a0_change=0.7207 a1_nochange=1.0000 a1_change=1.0000 matched_but_wrong=3
  mpx-135 acc: trials=126000000 accuracy=0.9165
  mpx-135 traj: trials=126120000 wall=227088s knowledge=0.6918 reliable=378 spec=8.25 pop=2914
  mpx-135 cover: trials=126120000 overall=0.6918 a0_nochange=0.0461 a0_change=0.7215 a1_nochange=1.0000 a1_change=1.0000 matched_but_wrong=0
  mpx-135 traj: trials=126240000 wall=227151s knowledge=0.6932 reliable=374 spec=8.22 pop=2803
  mpx-135 cover: trials=126240000 overall=0.6932 a0_nochange=0.0494 a0_change=0.7235 a1_nochange=1.0000 a1_change=1.0000 matched_but_wrong=0
  mpx-135 traj: trials=126360000 wall=227213s knowledge=0.6935 reliable=377 spec=8.24 pop=2781
  mpx-135 cover: trials=126360000 overall=0.6935 a0_nochange=0.0505 a0_change=0.7235 a1_nochange=1.0000 a1_change=1.0000 matched_but_wrong=0
  mpx-135 traj: trials=126480000 wall=227275s knowledge=0.6938 reliable=382 spec=8.27 pop=2941
  mpx-135 cover: trials=126480000 overall=0.6938 a0_nochange=0.0515 a0_change=0.7240 a1_nochange=1.0000 a1_change=1.0000 matched_but_wrong=0
  mpx-135 traj: trials=126600000 wall=227335s knowledge=0.6932 reliable=378 spec=8.22 pop=2843
  mpx-135 cover: trials=126600000 overall=0.6932 a0_nochange=0.0499 a0_change=0.7232 a1_nochange=1.0000 a1_change=1.0000 matched_but_wrong=0
  mpx-135 acc: trials=126600000 accuracy=0.9173
  mpx-135 traj: trials=126720000 wall=227411s knowledge=0.6931 reliable=373 spec=8.21 pop=2792
  mpx-135 cover: trials=126720000 overall=0.6931 a0_nochange=0.0493 a0_change=0.7232 a1_nochange=1.0000 a1_change=1.0000 matched_but_wrong=0
  mpx-135 traj: trials=126840000 wall=227471s knowledge=0.6938 reliable=376 spec=8.23 pop=2746
  mpx-135 cover: trials=126840000 overall=0.6938 a0_nochange=0.0493 a0_change=0.7260 a1_nochange=1.0000 a1_change=1.0000 matched_but_wrong=0
  mpx-135 traj: trials=126960000 wall=227532s knowledge=0.6952 reliable=382 spec=8.25 pop=3035
  mpx-135 cover: trials=126960000 overall=0.6952 a0_nochange=0.0550 a0_change=0.7261 a1_nochange=1.0000 a1_change=1.0000 matched_but_wrong=0
  mpx-135 traj: trials=127080000 wall=227604s knowledge=0.6969 reliable=383 spec=8.24 pop=3113
  mpx-135 cover: trials=127080000 overall=0.6969 a0_nochange=0.0615 a0_change=0.7263 a1_nochange=1.0000 a1_change=1.0000 matched_but_wrong=2
  mpx-135 traj: trials=127200000 wall=227665s knowledge=0.6965 reliable=384 spec=8.27 pop=3159
  mpx-135 cover: trials=127200000 overall=0.6965 a0_nochange=0.0630 a0_change=0.7232 a1_nochange=1.0000 a1_change=1.0000 matched_but_wrong=0
  mpx-135 acc: trials=127200000 accuracy=0.8935
  mpx-135 traj: trials=127320000 wall=227732s knowledge=0.6998 reliable=397 spec=8.30 pop=2928
  mpx-135 cover: trials=127320000 overall=0.6998 a0_nochange=0.0751 a0_change=0.7243 a1_nochange=1.0000 a1_change=1.0000 matched_but_wrong=0
  mpx-135 traj: trials=127440000 wall=227792s knowledge=0.7031 reliable=396 spec=8.32 pop=2965
  mpx-135 cover: trials=127440000 overall=0.7031 a0_nochange=0.0828 a0_change=0.7300 a1_nochange=1.0000 a1_change=1.0000 matched_but_wrong=0
  mpx-135 traj: trials=127560000 wall=227852s knowledge=0.7028 reliable=400 spec=8.34 pop=2956
  mpx-135 cover: trials=127560000 overall=0.7028 a0_nochange=0.0821 a0_change=0.7293 a1_nochange=1.0000 a1_change=1.0000 matched_but_wrong=6
  mpx-135 traj: trials=127680000 wall=227913s knowledge=0.7057 reliable=402 spec=8.31 pop=3025
  mpx-135 cover: trials=127680000 overall=0.7057 a0_nochange=0.0934 a0_change=0.7296 a1_nochange=1.0000 a1_change=1.0000 matched_but_wrong=1
  mpx-135 traj: trials=127800000 wall=227971s knowledge=0.7089 reliable=401 spec=8.28 pop=3311
  mpx-135 cover: trials=127800000 overall=0.7089 a0_nochange=0.0984 a0_change=0.7377 a1_nochange=1.0000 a1_change=1.0000 matched_but_wrong=0
  mpx-135 acc: trials=127800000 accuracy=0.9242
  mpx-135 traj: trials=127920000 wall=228041s knowledge=0.7134 reliable=397 spec=8.26 pop=2927
  mpx-135 cover: trials=127920000 overall=0.7134 a0_nochange=0.1054 a0_change=0.7483 a1_nochange=1.0000 a1_change=1.0000 matched_but_wrong=0
  mpx-135 traj: trials=128040000 wall=228099s knowledge=0.7124 reliable=394 spec=8.25 pop=3294
  mpx-135 cover: trials=128040000 overall=0.7124 a0_nochange=0.1081 a0_change=0.7417 a1_nochange=1.0000 a1_change=1.0000 matched_but_wrong=5
  mpx-135 traj: trials=128160000 wall=228159s knowledge=0.7133 reliable=399 spec=8.32 pop=3924
  mpx-135 cover: trials=128160000 overall=0.7133 a0_nochange=0.1108 a0_change=0.7427 a1_nochange=1.0000 a1_change=1.0000 matched_but_wrong=3
  mpx-135 traj: trials=128280000 wall=228225s knowledge=0.7155 reliable=412 spec=8.37 pop=5253
  mpx-135 cover: trials=128280000 overall=0.7155 a0_nochange=0.1127 a0_change=0.7497 a1_nochange=1.0000 a1_change=1.0000 matched_but_wrong=3
  mpx-135 traj: trials=128400000 wall=228298s knowledge=0.7194 reliable=424 spec=8.45 pop=5547
  mpx-135 cover: trials=128400000 overall=0.7194 a0_nochange=0.1275 a0_change=0.7504 a1_nochange=1.0000 a1_change=1.0000 matched_but_wrong=5
  mpx-135 acc: trials=128400000 accuracy=0.9174
  mpx-135 traj: trials=128520000 wall=228381s knowledge=0.7232 reliable=450 spec=8.58 pop=5619
  mpx-135 cover: trials=128520000 overall=0.7232 a0_nochange=0.1419 a0_change=0.7512 a1_nochange=1.0000 a1_change=1.0000 matched_but_wrong=10
  mpx-135 traj: trials=128640000 wall=228457s knowledge=0.7247 reliable=441 spec=8.53 pop=5729
  mpx-135 cover: trials=128640000 overall=0.7247 a0_nochange=0.1498 a0_change=0.7493 a1_nochange=1.0000 a1_change=1.0000 matched_but_wrong=7
  mpx-135 traj: trials=128760000 wall=228534s knowledge=0.7283 reliable=437 spec=8.51 pop=5549
  mpx-135 cover: trials=128760000 overall=0.7283 a0_nochange=0.1627 a0_change=0.7507 a1_nochange=1.0000 a1_change=1.0000 matched_but_wrong=8
  mpx-135 traj: trials=128880000 wall=228608s knowledge=0.7300 reliable=435 spec=8.47 pop=5364
  mpx-135 cover: trials=128880000 overall=0.7300 a0_nochange=0.1699 a0_change=0.7505 a1_nochange=1.0000 a1_change=1.0000 matched_but_wrong=6
  mpx-135 traj: trials=129000000 wall=228677s knowledge=0.7341 reliable=423 spec=8.39 pop=4909
  mpx-135 cover: trials=129000000 overall=0.7341 a0_nochange=0.1865 a0_change=0.7502 a1_nochange=1.0000 a1_change=1.0000 matched_but_wrong=2
  mpx-135 acc: trials=129000000 accuracy=0.9211
  mpx-135 traj: trials=129120000 wall=228752s knowledge=0.7375 reliable=425 spec=8.36 pop=4907
  mpx-135 cover: trials=129120000 overall=0.7375 a0_nochange=0.1982 a0_change=0.7520 a1_nochange=1.0000 a1_change=1.0000 matched_but_wrong=2
  mpx-135 traj: trials=129240000 wall=228819s knowledge=0.7398 reliable=432 spec=8.39 pop=4587
  mpx-135 cover: trials=129240000 overall=0.7398 a0_nochange=0.2064 a0_change=0.7528 a1_nochange=1.0000 a1_change=1.0000 matched_but_wrong=1
  mpx-135 traj: trials=129360000 wall=228886s knowledge=0.7425 reliable=433 spec=8.39 pop=5021
  mpx-135 cover: trials=129360000 overall=0.7425 a0_nochange=0.2132 a0_change=0.7568 a1_nochange=1.0000 a1_change=1.0000 matched_but_wrong=1
  mpx-135 traj: trials=129480000 wall=228955s knowledge=0.7448 reliable=439 spec=8.43 pop=5046
  mpx-135 cover: trials=129480000 overall=0.7448 a0_nochange=0.2222 a0_change=0.7572 a1_nochange=1.0000 a1_change=1.0000 matched_but_wrong=9
  mpx-135 traj: trials=129600000 wall=229023s knowledge=0.7516 reliable=451 spec=8.50 pop=4819
  mpx-135 cover: trials=129600000 overall=0.7516 a0_nochange=0.2438 a0_change=0.7626 a1_nochange=1.0000 a1_change=1.0000 matched_but_wrong=7
  mpx-135 acc: trials=129600000 accuracy=0.9284
  mpx-135 traj: trials=129720000 wall=229097s knowledge=0.7605 reliable=461 spec=8.46 pop=4768
  mpx-135 cover: trials=129720000 overall=0.7605 a0_nochange=0.2802 a0_change=0.7621 a1_nochange=1.0000 a1_change=1.0000 matched_but_wrong=2
  mpx-135 traj: trials=129840000 wall=229163s knowledge=0.7675 reliable=467 spec=8.47 pop=4404
  mpx-135 cover: trials=129840000 overall=0.7675 a0_nochange=0.3096 a0_change=0.7604 a1_nochange=1.0000 a1_change=1.0000 matched_but_wrong=2
  mpx-135 traj: trials=129960000 wall=229225s knowledge=0.7724 reliable=469 spec=8.40 pop=4049
  mpx-135 cover: trials=129960000 overall=0.7724 a0_nochange=0.3237 a0_change=0.7661 a1_nochange=1.0000 a1_change=1.0000 matched_but_wrong=0
  mpx-135 traj: trials=130080000 wall=229287s knowledge=0.7758 reliable=468 spec=8.47 pop=4003
  mpx-135 cover: trials=130080000 overall=0.7758 a0_nochange=0.3391 a0_change=0.7644 a1_nochange=1.0000 a1_change=1.0000 matched_but_wrong=0
  mpx-135 traj: trials=130200000 wall=229346s knowledge=0.7804 reliable=481 spec=8.55 pop=3576
  mpx-135 cover: trials=130200000 overall=0.7804 a0_nochange=0.3566 a0_change=0.7652 a1_nochange=1.0000 a1_change=1.0000 matched_but_wrong=0
  mpx-135 acc: trials=130200000 accuracy=0.9298
  mpx-135 traj: trials=130320000 wall=229409s knowledge=0.7867 reliable=477 spec=8.52 pop=3704
  mpx-135 cover: trials=130320000 overall=0.7867 a0_nochange=0.3785 a0_change=0.7685 a1_nochange=1.0000 a1_change=1.0000 matched_but_wrong=0
  mpx-135 traj: trials=130440000 wall=229470s knowledge=0.7903 reliable=498 spec=8.59 pop=4078
  mpx-135 cover: trials=130440000 overall=0.7903 a0_nochange=0.3926 a0_change=0.7687 a1_nochange=1.0000 a1_change=1.0000 matched_but_wrong=1
  mpx-135 traj: trials=130560000 wall=229533s knowledge=0.7974 reliable=529 spec=8.73 pop=4293
  mpx-135 cover: trials=130560000 overall=0.7974 a0_nochange=0.4207 a0_change=0.7690 a1_nochange=1.0000 a1_change=1.0000 matched_but_wrong=6
  mpx-135 traj: trials=130680000 wall=229597s knowledge=0.8017 reliable=535 spec=8.69 pop=4600
  mpx-135 cover: trials=130680000 overall=0.8017 a0_nochange=0.4305 a0_change=0.7764 a1_nochange=1.0000 a1_change=1.0000 matched_but_wrong=15
  mpx-135 traj: trials=130800000 wall=229663s knowledge=0.7989 reliable=516 spec=8.65 pop=4630
  mpx-135 cover: trials=130800000 overall=0.7989 a0_nochange=0.4254 a0_change=0.7704 a1_nochange=1.0000 a1_change=1.0000 matched_but_wrong=4
  mpx-135 acc: trials=130800000 accuracy=0.9364
  mpx-135 traj: trials=130920000 wall=229735s knowledge=0.8085 reliable=517 spec=8.60 pop=4372
  mpx-135 cover: trials=130920000 overall=0.8085 a0_nochange=0.4612 a0_change=0.7728 a1_nochange=1.0000 a1_change=1.0000 matched_but_wrong=0
  mpx-135 traj: trials=131040000 wall=229801s knowledge=0.8164 reliable=529 spec=8.62 pop=4237
  mpx-135 cover: trials=131040000 overall=0.8164 a0_nochange=0.4764 a0_change=0.7892 a1_nochange=1.0000 a1_change=1.0000 matched_but_wrong=2
  mpx-135 traj: trials=131160000 wall=229865s knowledge=0.8222 reliable=524 spec=8.58 pop=4258
  mpx-135 cover: trials=131160000 overall=0.8222 a0_nochange=0.5031 a0_change=0.7859 a1_nochange=1.0000 a1_change=1.0000 matched_but_wrong=1
  mpx-135 traj: trials=131280000 wall=229927s knowledge=0.8234 reliable=504 spec=8.46 pop=3911
  mpx-135 cover: trials=131280000 overall=0.8234 a0_nochange=0.5014 a0_change=0.7924 a1_nochange=1.0000 a1_change=1.0000 matched_but_wrong=1
  mpx-135 traj: trials=131400000 wall=229988s knowledge=0.8337 reliable=510 spec=8.47 pop=3601
  mpx-135 cover: trials=131400000 overall=0.8337 a0_nochange=0.5446 a0_change=0.7904 a1_nochange=1.0000 a1_change=1.0000 matched_but_wrong=0
  mpx-135 acc: trials=131400000 accuracy=0.9396
  mpx-135 traj: trials=131520000 wall=230051s knowledge=0.8417 reliable=517 spec=8.48 pop=3361
  mpx-135 cover: trials=131520000 overall=0.8417 a0_nochange=0.5740 a0_change=0.7929 a1_nochange=1.0000 a1_change=1.0000 matched_but_wrong=0
  mpx-135 traj: trials=131640000 wall=230109s knowledge=0.8436 reliable=506 spec=8.44 pop=3486
  mpx-135 cover: trials=131640000 overall=0.8436 a0_nochange=0.5831 a0_change=0.7914 a1_nochange=1.0000 a1_change=1.0000 matched_but_wrong=0
  mpx-135 traj: trials=131760000 wall=230167s knowledge=0.8495 reliable=519 spec=8.45 pop=3289
  mpx-135 cover: trials=131760000 overall=0.8495 a0_nochange=0.6073 a0_change=0.7908 a1_nochange=1.0000 a1_change=1.0000 matched_but_wrong=0
  mpx-135 traj: trials=131880000 wall=230225s knowledge=0.8591 reliable=524 spec=8.39 pop=3130
  mpx-135 cover: trials=131880000 overall=0.8591 a0_nochange=0.6482 a0_change=0.7881 a1_nochange=1.0000 a1_change=1.0000 matched_but_wrong=2
  mpx-135 traj: trials=132000000 wall=230283s knowledge=0.8607 reliable=514 spec=8.40 pop=3110
  mpx-135 cover: trials=132000000 overall=0.8607 a0_nochange=0.6526 a0_change=0.7904 a1_nochange=1.0000 a1_change=1.0000 matched_but_wrong=5
  mpx-135 acc: trials=132000000 accuracy=0.9362
  mpx-135 traj: trials=132120000 wall=230345s knowledge=0.8640 reliable=511 spec=8.34 pop=3067
  mpx-135 cover: trials=132120000 overall=0.8640 a0_nochange=0.6564 a0_change=0.7994 a1_nochange=1.0000 a1_change=1.0000 matched_but_wrong=3
  mpx-135 traj: trials=132240000 wall=230402s knowledge=0.8642 reliable=510 spec=8.30 pop=3160
  mpx-135 cover: trials=132240000 overall=0.8642 a0_nochange=0.6626 a0_change=0.7945 a1_nochange=1.0000 a1_change=1.0000 matched_but_wrong=0
  mpx-135 traj: trials=132360000 wall=230459s knowledge=0.8691 reliable=513 spec=8.31 pop=3046
  mpx-135 cover: trials=132360000 overall=0.8691 a0_nochange=0.6778 a0_change=0.7985 a1_nochange=1.0000 a1_change=1.0000 matched_but_wrong=0
  mpx-135 traj: trials=132480000 wall=230515s knowledge=0.8722 reliable=510 spec=8.29 pop=2881
  mpx-135 cover: trials=132480000 overall=0.8722 a0_nochange=0.6846 a0_change=0.8044 a1_nochange=1.0000 a1_change=1.0000 matched_but_wrong=2
  mpx-135 traj: trials=132600000 wall=230571s knowledge=0.8764 reliable=511 spec=8.29 pop=2975
  mpx-135 cover: trials=132600000 overall=0.8764 a0_nochange=0.6939 a0_change=0.8119 a1_nochange=1.0000 a1_change=1.0000 matched_but_wrong=12
  mpx-135 acc: trials=132600000 accuracy=0.9488
  mpx-135 traj: trials=132720000 wall=230630s knowledge=0.8847 reliable=526 spec=8.33 pop=2972
  mpx-135 cover: trials=132720000 overall=0.8847 a0_nochange=0.7232 a0_change=0.8155 a1_nochange=1.0000 a1_change=1.0000 matched_but_wrong=4
  mpx-135 traj: trials=132840000 wall=230686s knowledge=0.8909 reliable=528 spec=8.29 pop=2950
  mpx-135 cover: trials=132840000 overall=0.8909 a0_nochange=0.7379 a0_change=0.8256 a1_nochange=1.0000 a1_change=1.0000 matched_but_wrong=0
  mpx-135 traj: trials=132960000 wall=230741s knowledge=0.8883 reliable=508 spec=8.22 pop=2571
  mpx-135 cover: trials=132960000 overall=0.8883 a0_nochange=0.7331 a0_change=0.8201 a1_nochange=1.0000 a1_change=1.0000 matched_but_wrong=0
  mpx-135 traj: trials=133080000 wall=230796s knowledge=0.8939 reliable=518 spec=8.27 pop=2685
  mpx-135 cover: trials=133080000 overall=0.8939 a0_nochange=0.7474 a0_change=0.8280 a1_nochange=1.0000 a1_change=1.0000 matched_but_wrong=0
  mpx-135 traj: trials=133200000 wall=230851s knowledge=0.8901 reliable=504 spec=8.25 pop=2770
  mpx-135 cover: trials=133200000 overall=0.8901 a0_nochange=0.7431 a0_change=0.8174 a1_nochange=1.0000 a1_change=1.0000 matched_but_wrong=0
  mpx-135 acc: trials=133200000 accuracy=0.9449
  mpx-135 traj: trials=133320000 wall=230908s knowledge=0.8942 reliable=502 spec=8.20 pop=2700
  mpx-135 cover: trials=133320000 overall=0.8942 a0_nochange=0.7512 a0_change=0.8255 a1_nochange=1.0000 a1_change=1.0000 matched_but_wrong=0
  mpx-135 traj: trials=133440000 wall=230962s knowledge=0.8992 reliable=519 spec=8.24 pop=2682
  mpx-135 cover: trials=133440000 overall=0.8992 a0_nochange=0.7721 a0_change=0.8248 a1_nochange=1.0000 a1_change=1.0000 matched_but_wrong=7
  mpx-135 traj: trials=133560000 wall=231017s knowledge=0.9013 reliable=515 spec=8.23 pop=2596
  mpx-135 cover: trials=133560000 overall=0.9013 a0_nochange=0.7738 a0_change=0.8316 a1_nochange=1.0000 a1_change=1.0000 matched_but_wrong=1
  mpx-135 traj: trials=133680000 wall=231071s knowledge=0.9026 reliable=506 spec=8.25 pop=2619
  mpx-135 cover: trials=133680000 overall=0.9026 a0_nochange=0.7694 a0_change=0.8411 a1_nochange=1.0000 a1_change=1.0000 matched_but_wrong=1
  mpx-135 traj: trials=133800000 wall=231125s knowledge=0.9041 reliable=521 spec=8.28 pop=2601
  mpx-135 cover: trials=133800000 overall=0.9041 a0_nochange=0.7678 a0_change=0.8487 a1_nochange=1.0000 a1_change=1.0000 matched_but_wrong=0
  mpx-135 acc: trials=133800000 accuracy=0.9601
  mpx-135 traj: trials=133920000 wall=231181s knowledge=0.9028 reliable=510 spec=8.26 pop=2699
  mpx-135 cover: trials=133920000 overall=0.9028 a0_nochange=0.7613 a0_change=0.8497 a1_nochange=1.0000 a1_change=1.0000 matched_but_wrong=0
  mpx-135 traj: trials=134040000 wall=231235s knowledge=0.9111 reliable=530 spec=8.26 pop=2677
  mpx-135 cover: trials=134040000 overall=0.9111 a0_nochange=0.7827 a0_change=0.8616 a1_nochange=1.0000 a1_change=1.0000 matched_but_wrong=0
  mpx-135 traj: trials=134160000 wall=231289s knowledge=0.9099 reliable=526 spec=8.28 pop=2671
  mpx-135 cover: trials=134160000 overall=0.9099 a0_nochange=0.7832 a0_change=0.8565 a1_nochange=1.0000 a1_change=1.0000 matched_but_wrong=13
  mpx-135 traj: trials=134280000 wall=231344s knowledge=0.9132 reliable=538 spec=8.32 pop=2659
  mpx-135 cover: trials=134280000 overall=0.9132 a0_nochange=0.7994 a0_change=0.8534 a1_nochange=1.0000 a1_change=1.0000 matched_but_wrong=0
  mpx-135 traj: trials=134400000 wall=231397s knowledge=0.9167 reliable=530 spec=8.27 pop=2457
  mpx-135 cover: trials=134400000 overall=0.9167 a0_nochange=0.8122 a0_change=0.8545 a1_nochange=1.0000 a1_change=1.0000 matched_but_wrong=0
  mpx-135 acc: trials=134400000 accuracy=0.9596
  mpx-135 traj: trials=134520000 wall=231454s knowledge=0.9211 reliable=526 spec=8.26 pop=2544
  mpx-135 cover: trials=134520000 overall=0.9211 a0_nochange=0.8241 a0_change=0.8604 a1_nochange=1.0000 a1_change=1.0000 matched_but_wrong=0
  mpx-135 traj: trials=134640000 wall=231507s knowledge=0.9241 reliable=540 spec=8.25 pop=2616
  mpx-135 cover: trials=134640000 overall=0.9241 a0_nochange=0.8264 a0_change=0.8701 a1_nochange=1.0000 a1_change=1.0000 matched_but_wrong=0
  mpx-135 traj: trials=134760000 wall=231561s knowledge=0.9228 reliable=536 spec=8.24 pop=2632
  mpx-135 cover: trials=134760000 overall=0.9228 a0_nochange=0.8251 a0_change=0.8663 a1_nochange=1.0000 a1_change=1.0000 matched_but_wrong=0
  mpx-135 traj: trials=134880000 wall=231615s knowledge=0.9254 reliable=529 spec=8.22 pop=2653
  mpx-135 cover: trials=134880000 overall=0.9254 a0_nochange=0.8342 a0_change=0.8674 a1_nochange=1.0000 a1_change=1.0000 matched_but_wrong=2
  mpx-135 traj: trials=135000000 wall=231668s knowledge=0.9217 reliable=530 spec=8.27 pop=2545
  mpx-135 cover: trials=135000000 overall=0.9217 a0_nochange=0.8228 a0_change=0.8642 a1_nochange=1.0000 a1_change=1.0000 matched_but_wrong=0
  mpx-135 acc: trials=135000000 accuracy=0.9692
  mpx-135 traj: trials=135120000 wall=231723s knowledge=0.9242 reliable=532 spec=8.23 pop=2570
  mpx-135 cover: trials=135120000 overall=0.9242 a0_nochange=0.8310 a0_change=0.8660 a1_nochange=1.0000 a1_change=1.0000 matched_but_wrong=0
  mpx-135 traj: trials=135240000 wall=231776s knowledge=0.9277 reliable=528 spec=8.21 pop=2528
  mpx-135 cover: trials=135240000 overall=0.9277 a0_nochange=0.8346 a0_change=0.8761 a1_nochange=1.0000 a1_change=1.0000 matched_but_wrong=0
  mpx-135 traj: trials=135360000 wall=231828s knowledge=0.9320 reliable=525 spec=8.20 pop=2465
  mpx-135 cover: trials=135360000 overall=0.9320 a0_nochange=0.8418 a0_change=0.8864 a1_nochange=1.0000 a1_change=1.0000 matched_but_wrong=9
  mpx-135 traj: trials=135480000 wall=231881s knowledge=0.9339 reliable=527 spec=8.20 pop=2506
  mpx-135 cover: trials=135480000 overall=0.9339 a0_nochange=0.8447 a0_change=0.8911 a1_nochange=1.0000 a1_change=1.0000 matched_but_wrong=0
  mpx-135 traj: trials=135600000 wall=231933s knowledge=0.9320 reliable=523 spec=8.21 pop=2582
  mpx-135 cover: trials=135600000 overall=0.9320 a0_nochange=0.8441 a0_change=0.8840 a1_nochange=1.0000 a1_change=1.0000 matched_but_wrong=0
  mpx-135 acc: trials=135600000 accuracy=0.9684
  mpx-135 traj: trials=135720000 wall=231989s knowledge=0.9353 reliable=531 spec=8.25 pop=2469
  mpx-135 cover: trials=135720000 overall=0.9353 a0_nochange=0.8477 a0_change=0.8933 a1_nochange=1.0000 a1_change=1.0000 matched_but_wrong=0
  mpx-135 traj: trials=135840000 wall=232041s knowledge=0.9385 reliable=529 spec=8.21 pop=2481
  mpx-135 cover: trials=135840000 overall=0.9385 a0_nochange=0.8515 a0_change=0.9028 a1_nochange=1.0000 a1_change=1.0000 matched_but_wrong=0
  mpx-135 traj: trials=135960000 wall=232092s knowledge=0.9397 reliable=531 spec=8.24 pop=2515
  mpx-135 cover: trials=135960000 overall=0.9397 a0_nochange=0.8566 a0_change=0.9022 a1_nochange=1.0000 a1_change=1.0000 matched_but_wrong=0
  mpx-135 traj: trials=136080000 wall=232144s knowledge=0.9446 reliable=545 spec=8.21 pop=2429
  mpx-135 cover: trials=136080000 overall=0.9446 a0_nochange=0.8696 a0_change=0.9090 a1_nochange=1.0000 a1_change=1.0000 matched_but_wrong=0
  mpx-135 traj: trials=136200000 wall=232196s knowledge=0.9478 reliable=536 spec=8.18 pop=2417
  mpx-135 cover: trials=136200000 overall=0.9478 a0_nochange=0.8780 a0_change=0.9134 a1_nochange=1.0000 a1_change=1.0000 matched_but_wrong=0
  mpx-135 acc: trials=136200000 accuracy=0.9750
  mpx-135 traj: trials=136320000 wall=232250s knowledge=0.9497 reliable=532 spec=8.18 pop=2402
  mpx-135 cover: trials=136320000 overall=0.9497 a0_nochange=0.8842 a0_change=0.9145 a1_nochange=1.0000 a1_change=1.0000 matched_but_wrong=0
  mpx-135 traj: trials=136440000 wall=232302s knowledge=0.9542 reliable=548 spec=8.16 pop=2485
  mpx-135 cover: trials=136440000 overall=0.9542 a0_nochange=0.8976 a0_change=0.9192 a1_nochange=1.0000 a1_change=1.0000 matched_but_wrong=0
  mpx-135 traj: trials=136560000 wall=232353s knowledge=0.9523 reliable=533 spec=8.15 pop=2454
  mpx-135 cover: trials=136560000 overall=0.9523 a0_nochange=0.8912 a0_change=0.9179 a1_nochange=1.0000 a1_change=1.0000 matched_but_wrong=0
  mpx-135 traj: trials=136680000 wall=232404s knowledge=0.9535 reliable=523 spec=8.17 pop=2385
  mpx-135 cover: trials=136680000 overall=0.9535 a0_nochange=0.8874 a0_change=0.9267 a1_nochange=1.0000 a1_change=1.0000 matched_but_wrong=0
  mpx-135 traj: trials=136800000 wall=232455s knowledge=0.9581 reliable=539 spec=8.19 pop=2345
  mpx-135 cover: trials=136800000 overall=0.9581 a0_nochange=0.9042 a0_change=0.9282 a1_nochange=1.0000 a1_change=1.0000 matched_but_wrong=0
  mpx-135 acc: trials=136800000 accuracy=0.9861
  mpx-135 traj: trials=136920000 wall=232508s knowledge=0.9607 reliable=536 spec=8.15 pop=2300
  mpx-135 cover: trials=136920000 overall=0.9607 a0_nochange=0.9151 a0_change=0.9279 a1_nochange=1.0000 a1_change=1.0000 matched_but_wrong=0
  mpx-135 traj: trials=137040000 wall=232560s knowledge=0.9603 reliable=527 spec=8.14 pop=2431
  mpx-135 cover: trials=137040000 overall=0.9603 a0_nochange=0.9181 a0_change=0.9233 a1_nochange=1.0000 a1_change=1.0000 matched_but_wrong=0
  mpx-135 traj: trials=137160000 wall=232611s knowledge=0.9610 reliable=522 spec=8.13 pop=2345
  mpx-135 cover: trials=137160000 overall=0.9610 a0_nochange=0.9184 a0_change=0.9255 a1_nochange=1.0000 a1_change=1.0000 matched_but_wrong=0
  mpx-135 traj: trials=137280000 wall=232663s knowledge=0.9596 reliable=530 spec=8.12 pop=2362
  mpx-135 cover: trials=137280000 overall=0.9596 a0_nochange=0.9208 a0_change=0.9175 a1_nochange=1.0000 a1_change=1.0000 matched_but_wrong=0
  mpx-135 traj: trials=137400000 wall=232713s knowledge=0.9609 reliable=525 spec=8.14 pop=2302
  mpx-135 cover: trials=137400000 overall=0.9609 a0_nochange=0.9282 a0_change=0.9155 a1_nochange=1.0000 a1_change=1.0000 matched_but_wrong=0
  mpx-135 acc: trials=137400000 accuracy=0.9726
  mpx-135 traj: trials=137520000 wall=232766s knowledge=0.9614 reliable=526 spec=8.15 pop=2323
  mpx-135 cover: trials=137520000 overall=0.9614 a0_nochange=0.9306 a0_change=0.9151 a1_nochange=1.0000 a1_change=1.0000 matched_but_wrong=0
  mpx-135 traj: trials=137640000 wall=232818s knowledge=0.9644 reliable=530 spec=8.14 pop=2479
  mpx-135 cover: trials=137640000 overall=0.9644 a0_nochange=0.9432 a0_change=0.9142 a1_nochange=1.0000 a1_change=1.0000 matched_but_wrong=0
  mpx-135 traj: trials=137760000 wall=232869s knowledge=0.9695 reliable=544 spec=8.15 pop=2272
  mpx-135 cover: trials=137760000 overall=0.9695 a0_nochange=0.9522 a0_change=0.9259 a1_nochange=1.0000 a1_change=1.0000 matched_but_wrong=0
  mpx-135 traj: trials=137880000 wall=232920s knowledge=0.9689 reliable=532 spec=8.14 pop=2335
  mpx-135 cover: trials=137880000 overall=0.9689 a0_nochange=0.9537 a0_change=0.9218 a1_nochange=1.0000 a1_change=1.0000 matched_but_wrong=0
  mpx-135 traj: trials=138000000 wall=232970s knowledge=0.9760 reliable=538 spec=8.14 pop=2239
  mpx-135 cover: trials=138000000 overall=0.9760 a0_nochange=0.9670 a0_change=0.9371 a1_nochange=1.0000 a1_change=1.0000 matched_but_wrong=0
  mpx-135 acc: trials=138000000 accuracy=0.9849
  mpx-135 traj: trials=138120000 wall=233023s knowledge=0.9755 reliable=547 spec=8.18 pop=2457
  mpx-135 cover: trials=138120000 overall=0.9755 a0_nochange=0.9640 a0_change=0.9381 a1_nochange=1.0000 a1_change=1.0000 matched_but_wrong=0
  mpx-135 traj: trials=138240000 wall=233074s knowledge=0.9763 reliable=547 spec=8.16 pop=2330
  mpx-135 cover: trials=138240000 overall=0.9763 a0_nochange=0.9694 a0_change=0.9357 a1_nochange=1.0000 a1_change=1.0000 matched_but_wrong=0
  mpx-135 traj: trials=138360000 wall=233123s knowledge=0.9762 reliable=543 spec=8.17 pop=2328
  mpx-135 cover: trials=138360000 overall=0.9762 a0_nochange=0.9635 a0_change=0.9415 a1_nochange=1.0000 a1_change=1.0000 matched_but_wrong=0
  mpx-135 traj: trials=138480000 wall=233173s knowledge=0.9739 reliable=535 spec=8.14 pop=2337
  mpx-135 cover: trials=138480000 overall=0.9739 a0_nochange=0.9585 a0_change=0.9370 a1_nochange=1.0000 a1_change=1.0000 matched_but_wrong=0
  mpx-135 traj: trials=138600000 wall=233224s knowledge=0.9737 reliable=528 spec=8.13 pop=2281
  mpx-135 cover: trials=138600000 overall=0.9737 a0_nochange=0.9580 a0_change=0.9367 a1_nochange=1.0000 a1_change=1.0000 matched_but_wrong=0
  mpx-135 acc: trials=138600000 accuracy=0.9859
  mpx-135 traj: trials=138720000 wall=233276s knowledge=0.9741 reliable=526 spec=8.13 pop=2334
  mpx-135 cover: trials=138720000 overall=0.9741 a0_nochange=0.9581 a0_change=0.9382 a1_nochange=1.0000 a1_change=1.0000 matched_but_wrong=0
  mpx-135 traj: trials=138840000 wall=233326s knowledge=0.9739 reliable=530 spec=8.11 pop=2304
  mpx-135 cover: trials=138840000 overall=0.9739 a0_nochange=0.9577 a0_change=0.9379 a1_nochange=1.0000 a1_change=1.0000 matched_but_wrong=0
  mpx-135 traj: trials=138960000 wall=233376s knowledge=0.9751 reliable=530 spec=8.12 pop=2315
  mpx-135 cover: trials=138960000 overall=0.9751 a0_nochange=0.9585 a0_change=0.9419 a1_nochange=1.0000 a1_change=1.0000 matched_but_wrong=0
  mpx-135 traj: trials=139080000 wall=233426s knowledge=0.9751 reliable=524 spec=8.10 pop=2241
  mpx-135 cover: trials=139080000 overall=0.9751 a0_nochange=0.9565 a0_change=0.9440 a1_nochange=1.0000 a1_change=1.0000 matched_but_wrong=0
  mpx-135 traj: trials=139200000 wall=233476s knowledge=0.9774 reliable=522 spec=8.11 pop=2248
  mpx-135 cover: trials=139200000 overall=0.9774 a0_nochange=0.9674 a0_change=0.9424 a1_nochange=1.0000 a1_change=1.0000 matched_but_wrong=0
  mpx-135 acc: trials=139200000 accuracy=0.9883
  mpx-135 traj: trials=139320000 wall=233528s knowledge=0.9772 reliable=521 spec=8.12 pop=2234
  mpx-135 cover: trials=139320000 overall=0.9772 a0_nochange=0.9673 a0_change=0.9415 a1_nochange=1.0000 a1_change=1.0000 matched_but_wrong=0
  mpx-135 traj: trials=139440000 wall=233578s knowledge=0.9787 reliable=525 spec=8.11 pop=2192
  mpx-135 cover: trials=139440000 overall=0.9787 a0_nochange=0.9705 a0_change=0.9442 a1_nochange=1.0000 a1_change=1.0000 matched_but_wrong=0
  mpx-135 traj: trials=139560000 wall=233629s knowledge=0.9766 reliable=528 spec=8.12 pop=2229
  mpx-135 cover: trials=139560000 overall=0.9766 a0_nochange=0.9661 a0_change=0.9405 a1_nochange=1.0000 a1_change=1.0000 matched_but_wrong=0
  mpx-135 traj: trials=139680000 wall=233678s knowledge=0.9794 reliable=532 spec=8.12 pop=2339
  mpx-135 cover: trials=139680000 overall=0.9794 a0_nochange=0.9721 a0_change=0.9455 a1_nochange=1.0000 a1_change=1.0000 matched_but_wrong=0
  mpx-135 traj: trials=139800000 wall=233728s knowledge=0.9776 reliable=526 spec=8.12 pop=2302
  mpx-135 cover: trials=139800000 overall=0.9776 a0_nochange=0.9665 a0_change=0.9439 a1_nochange=1.0000 a1_change=1.0000 matched_but_wrong=0
  mpx-135 acc: trials=139800000 accuracy=0.9816
  mpx-135 traj: trials=139920000 wall=233781s knowledge=0.9787 reliable=529 spec=8.13 pop=2253
  mpx-135 cover: trials=139920000 overall=0.9787 a0_nochange=0.9693 a0_change=0.9455 a1_nochange=1.0000 a1_change=1.0000 matched_but_wrong=0
  mpx-135 traj: trials=140040000 wall=233830s knowledge=0.9790 reliable=529 spec=8.12 pop=2348
  mpx-135 cover: trials=140040000 overall=0.9790 a0_nochange=0.9703 a0_change=0.9455 a1_nochange=1.0000 a1_change=1.0000 matched_but_wrong=0
  mpx-135 traj: trials=140160000 wall=233880s knowledge=0.9805 reliable=539 spec=8.15 pop=2194
  mpx-135 cover: trials=140160000 overall=0.9805 a0_nochange=0.9685 a0_change=0.9534 a1_nochange=1.0000 a1_change=1.0000 matched_but_wrong=0
  mpx-135 traj: trials=140280000 wall=233929s knowledge=0.9805 reliable=531 spec=8.12 pop=2265
  mpx-135 cover: trials=140280000 overall=0.9805 a0_nochange=0.9776 a0_change=0.9445 a1_nochange=1.0000 a1_change=1.0000 matched_but_wrong=0
  mpx-135 traj: trials=140400000 wall=233979s knowledge=0.9808 reliable=531 spec=8.11 pop=2268
  mpx-135 cover: trials=140400000 overall=0.9808 a0_nochange=0.9820 a0_change=0.9411 a1_nochange=1.0000 a1_change=1.0000 matched_but_wrong=0
  mpx-135 acc: trials=140400000 accuracy=0.9865
  mpx-135 traj: trials=140520000 wall=234032s knowledge=0.9806 reliable=528 spec=8.12 pop=2216
  mpx-135 cover: trials=140520000 overall=0.9806 a0_nochange=0.9786 a0_change=0.9437 a1_nochange=1.0000 a1_change=1.0000 matched_but_wrong=0
  mpx-135 traj: trials=140640000 wall=234082s knowledge=0.9820 reliable=534 spec=8.15 pop=2295
  mpx-135 cover: trials=140640000 overall=0.9820 a0_nochange=0.9774 a0_change=0.9504 a1_nochange=1.0000 a1_change=1.0000 matched_but_wrong=0
  mpx-135 traj: trials=140760000 wall=234132s knowledge=0.9820 reliable=539 spec=8.15 pop=2225
  mpx-135 cover: trials=140760000 overall=0.9820 a0_nochange=0.9802 a0_change=0.9480 a1_nochange=1.0000 a1_change=1.0000 matched_but_wrong=0
  mpx-135 traj: trials=140880000 wall=234182s knowledge=0.9822 reliable=536 spec=8.13 pop=2238
  mpx-135 cover: trials=140880000 overall=0.9822 a0_nochange=0.9800 a0_change=0.9488 a1_nochange=1.0000 a1_change=1.0000 matched_but_wrong=0
  mpx-135 traj: trials=141000000 wall=234232s knowledge=0.9811 reliable=525 spec=8.12 pop=2210
  mpx-135 cover: trials=141000000 overall=0.9811 a0_nochange=0.9792 a0_change=0.9450 a1_nochange=1.0000 a1_change=1.0000 matched_but_wrong=0
  mpx-135 acc: trials=141000000 accuracy=0.9900
  mpx-135 traj: trials=141120000 wall=234284s knowledge=0.9812 reliable=530 spec=8.13 pop=2213
  mpx-135 cover: trials=141120000 overall=0.9812 a0_nochange=0.9786 a0_change=0.9463 a1_nochange=1.0000 a1_change=1.0000 matched_but_wrong=0
  mpx-135 traj: trials=141240000 wall=234334s knowledge=0.9806 reliable=527 spec=8.10 pop=2373
  mpx-135 cover: trials=141240000 overall=0.9806 a0_nochange=0.9790 a0_change=0.9432 a1_nochange=1.0000 a1_change=1.0000 matched_but_wrong=0
  mpx-135 traj: trials=141360000 wall=234384s knowledge=0.9827 reliable=524 spec=8.10 pop=2251
  mpx-135 cover: trials=141360000 overall=0.9827 a0_nochange=0.9792 a0_change=0.9515 a1_nochange=1.0000 a1_change=1.0000 matched_but_wrong=0
  mpx-135 traj: trials=141480000 wall=234433s knowledge=0.9839 reliable=537 spec=8.08 pop=2178
  mpx-135 cover: trials=141480000 overall=0.9839 a0_nochange=0.9819 a0_change=0.9537 a1_nochange=1.0000 a1_change=1.0000 matched_but_wrong=0
  mpx-135 traj: trials=141600000 wall=234482s knowledge=0.9849 reliable=529 spec=8.08 pop=2222
  mpx-135 cover: trials=141600000 overall=0.9849 a0_nochange=0.9803 a0_change=0.9592 a1_nochange=1.0000 a1_change=1.0000 matched_but_wrong=0
  mpx-135 acc: trials=141600000 accuracy=0.9902
  mpx-135 traj: trials=141720000 wall=234534s knowledge=0.9845 reliable=533 spec=8.09 pop=2230
  mpx-135 cover: trials=141720000 overall=0.9845 a0_nochange=0.9803 a0_change=0.9577 a1_nochange=1.0000 a1_change=1.0000 matched_but_wrong=0
  mpx-135 traj: trials=141840000 wall=234584s knowledge=0.9838 reliable=527 spec=8.08 pop=2190
  mpx-135 cover: trials=141840000 overall=0.9838 a0_nochange=0.9804 a0_change=0.9546 a1_nochange=1.0000 a1_change=1.0000 matched_but_wrong=0
  mpx-135 traj: trials=141960000 wall=234632s knowledge=0.9840 reliable=522 spec=8.08 pop=2146
  mpx-135 cover: trials=141960000 overall=0.9840 a0_nochange=0.9804 a0_change=0.9557 a1_nochange=1.0000 a1_change=1.0000 matched_but_wrong=0
  mpx-135 traj: trials=142080000 wall=234681s knowledge=0.9833 reliable=523 spec=8.08 pop=2297
  mpx-135 cover: trials=142080000 overall=0.9833 a0_nochange=0.9850 a0_change=0.9484 a1_nochange=1.0000 a1_change=1.0000 matched_but_wrong=0
  mpx-135 traj: trials=142200000 wall=234731s knowledge=0.9846 reliable=525 spec=8.07 pop=2163
  mpx-135 cover: trials=142200000 overall=0.9846 a0_nochange=0.9871 a0_change=0.9514 a1_nochange=1.0000 a1_change=1.0000 matched_but_wrong=0
  mpx-135 acc: trials=142200000 accuracy=0.9861
  mpx-135 traj: trials=142320000 wall=234783s knowledge=0.9846 reliable=526 spec=8.07 pop=2181
  mpx-135 cover: trials=142320000 overall=0.9846 a0_nochange=0.9830 a0_change=0.9551 a1_nochange=1.0000 a1_change=1.0000 matched_but_wrong=0
  mpx-135 traj: trials=142440000 wall=234832s knowledge=0.9854 reliable=526 spec=8.08 pop=2232
  mpx-135 cover: trials=142440000 overall=0.9854 a0_nochange=0.9836 a0_change=0.9579 a1_nochange=1.0000 a1_change=1.0000 matched_but_wrong=0
  mpx-135 traj: trials=142560000 wall=234882s knowledge=0.9844 reliable=526 spec=8.07 pop=2222
  mpx-135 cover: trials=142560000 overall=0.9844 a0_nochange=0.9826 a0_change=0.9549 a1_nochange=1.0000 a1_change=1.0000 matched_but_wrong=0
  mpx-135 traj: trials=142680000 wall=234931s knowledge=0.9845 reliable=528 spec=8.08 pop=2249
  mpx-135 cover: trials=142680000 overall=0.9845 a0_nochange=0.9829 a0_change=0.9549 a1_nochange=1.0000 a1_change=1.0000 matched_but_wrong=0
  mpx-135 traj: trials=142800000 wall=234980s knowledge=0.9844 reliable=532 spec=8.08 pop=2194
  mpx-135 cover: trials=142800000 overall=0.9844 a0_nochange=0.9829 a0_change=0.9546 a1_nochange=1.0000 a1_change=1.0000 matched_but_wrong=0
  mpx-135 acc: trials=142800000 accuracy=0.9911
  mpx-135 traj: trials=142920000 wall=235032s knowledge=0.9857 reliable=537 spec=8.09 pop=2242
  mpx-135 cover: trials=142920000 overall=0.9857 a0_nochange=0.9848 a0_change=0.9578 a1_nochange=1.0000 a1_change=1.0000 matched_but_wrong=0
  mpx-135 traj: trials=143040000 wall=235081s knowledge=0.9857 reliable=528 spec=8.08 pop=2203
  mpx-135 cover: trials=143040000 overall=0.9857 a0_nochange=0.9861 a0_change=0.9565 a1_nochange=1.0000 a1_change=1.0000 matched_but_wrong=0
  mpx-135 traj: trials=143160000 wall=235131s knowledge=0.9850 reliable=525 spec=8.11 pop=2187
  mpx-135 cover: trials=143160000 overall=0.9850 a0_nochange=0.9879 a0_change=0.9521 a1_nochange=1.0000 a1_change=1.0000 matched_but_wrong=0
  mpx-135 traj: trials=143280000 wall=235180s knowledge=0.9875 reliable=533 spec=8.09 pop=2250
  mpx-135 cover: trials=143280000 overall=0.9875 a0_nochange=0.9914 a0_change=0.9586 a1_nochange=1.0000 a1_change=1.0000 matched_but_wrong=0
  mpx-135 traj: trials=143400000 wall=235229s knowledge=0.9894 reliable=534 spec=8.10 pop=2189
  mpx-135 cover: trials=143400000 overall=0.9894 a0_nochange=0.9965 a0_change=0.9612 a1_nochange=1.0000 a1_change=1.0000 matched_but_wrong=0
  mpx-135 acc: trials=143400000 accuracy=0.9941
  mpx-135 traj: trials=143520000 wall=235281s knowledge=0.9908 reliable=535 spec=8.12 pop=2172
  mpx-135 cover: trials=143520000 overall=0.9908 a0_nochange=0.9952 a0_change=0.9679 a1_nochange=1.0000 a1_change=1.0000 matched_but_wrong=0
  mpx-135 traj: trials=143640000 wall=235330s knowledge=0.9928 reliable=541 spec=8.11 pop=2256
  mpx-135 cover: trials=143640000 overall=0.9928 a0_nochange=1.0000 a0_change=0.9713 a1_nochange=1.0000 a1_change=1.0000 matched_but_wrong=0
  mpx-135 traj: trials=143760000 wall=235379s knowledge=0.9923 reliable=543 spec=8.12 pop=2221
  mpx-135 cover: trials=143760000 overall=0.9923 a0_nochange=1.0000 a0_change=0.9691 a1_nochange=1.0000 a1_change=1.0000 matched_but_wrong=0
  mpx-135 traj: trials=143880000 wall=235428s knowledge=0.9918 reliable=530 spec=8.11 pop=2142
  mpx-135 cover: trials=143880000 overall=0.9918 a0_nochange=1.0000 a0_change=0.9673 a1_nochange=1.0000 a1_change=1.0000 matched_but_wrong=0
  mpx-135 traj: trials=144000000 wall=235477s knowledge=0.9912 reliable=532 spec=8.10 pop=2294
  mpx-135 cover: trials=144000000 overall=0.9912 a0_nochange=1.0000 a0_change=0.9649 a1_nochange=1.0000 a1_change=1.0000 matched_but_wrong=0
  mpx-135 acc: trials=144000000 accuracy=0.9941
  mpx-135 traj: trials=144120000 wall=235529s knowledge=0.9933 reliable=538 spec=8.10 pop=2266
  mpx-135 cover: trials=144120000 overall=0.9933 a0_nochange=1.0000 a0_change=0.9732 a1_nochange=1.0000 a1_change=1.0000 matched_but_wrong=0
  mpx-135 traj: trials=144240000 wall=235578s knowledge=0.9914 reliable=539 spec=8.10 pop=2200
  mpx-135 cover: trials=144240000 overall=0.9914 a0_nochange=1.0000 a0_change=0.9655 a1_nochange=1.0000 a1_change=1.0000 matched_but_wrong=0
  mpx-135 traj: trials=144360000 wall=235626s knowledge=0.9928 reliable=537 spec=8.11 pop=2200
  mpx-135 cover: trials=144360000 overall=0.9928 a0_nochange=1.0000 a0_change=0.9711 a1_nochange=1.0000 a1_change=1.0000 matched_but_wrong=0
  mpx-135 traj: trials=144480000 wall=235675s knowledge=0.9932 reliable=540 spec=8.13 pop=2214
  mpx-135 cover: trials=144480000 overall=0.9932 a0_nochange=1.0000 a0_change=0.9730 a1_nochange=1.0000 a1_change=1.0000 matched_but_wrong=0
  mpx-135 traj: trials=144600000 wall=235724s knowledge=0.9919 reliable=539 spec=8.09 pop=2228
  mpx-135 cover: trials=144600000 overall=0.9919 a0_nochange=1.0000 a0_change=0.9674 a1_nochange=1.0000 a1_change=1.0000 matched_but_wrong=0
  mpx-135 acc: trials=144600000 accuracy=0.9897
  mpx-135 traj: trials=144720000 wall=235775s knowledge=0.9934 reliable=536 spec=8.11 pop=2284
  mpx-135 cover: trials=144720000 overall=0.9934 a0_nochange=1.0000 a0_change=0.9736 a1_nochange=1.0000 a1_change=1.0000 matched_but_wrong=0
  mpx-135 traj: trials=144840000 wall=235824s knowledge=0.9932 reliable=539 spec=8.11 pop=2238
  mpx-135 cover: trials=144840000 overall=0.9932 a0_nochange=1.0000 a0_change=0.9730 a1_nochange=1.0000 a1_change=1.0000 matched_but_wrong=0
  mpx-135 traj: trials=144960000 wall=235873s knowledge=0.9947 reliable=538 spec=8.12 pop=2186
  mpx-135 cover: trials=144960000 overall=0.9947 a0_nochange=1.0000 a0_change=0.9786 a1_nochange=1.0000 a1_change=1.0000 matched_but_wrong=0
  mpx-135 traj: trials=145080000 wall=235921s knowledge=0.9930 reliable=543 spec=8.11 pop=2247
  mpx-135 cover: trials=145080000 overall=0.9930 a0_nochange=1.0000 a0_change=0.9719 a1_nochange=1.0000 a1_change=1.0000 matched_but_wrong=0
  mpx-135 traj: trials=145200000 wall=235970s knowledge=0.9934 reliable=538 spec=8.09 pop=2248
  mpx-135 cover: trials=145200000 overall=0.9934 a0_nochange=1.0000 a0_change=0.9736 a1_nochange=1.0000 a1_change=1.0000 matched_but_wrong=0
  mpx-135 acc: trials=145200000 accuracy=0.9958
  mpx-135 traj: trials=145320000 wall=236022s knowledge=0.9923 reliable=531 spec=8.08 pop=2189
  mpx-135 cover: trials=145320000 overall=0.9923 a0_nochange=1.0000 a0_change=0.9693 a1_nochange=1.0000 a1_change=1.0000 matched_but_wrong=0
  mpx-135 traj: trials=145440000 wall=236072s knowledge=0.9930 reliable=529 spec=8.10 pop=2185
  mpx-135 cover: trials=145440000 overall=0.9930 a0_nochange=1.0000 a0_change=0.9719 a1_nochange=1.0000 a1_change=1.0000 matched_but_wrong=0
  mpx-135 traj: trials=145560000 wall=236121s knowledge=0.9969 reliable=534 spec=8.09 pop=2236
  mpx-135 cover: trials=145560000 overall=0.9969 a0_nochange=1.0000 a0_change=0.9874 a1_nochange=1.0000 a1_change=1.0000 matched_but_wrong=0
  mpx-135 traj: trials=145680000 wall=236170s knowledge=0.9973 reliable=534 spec=8.08 pop=2170
  mpx-135 cover: trials=145680000 overall=0.9973 a0_nochange=1.0000 a0_change=0.9893 a1_nochange=1.0000 a1_change=1.0000 matched_but_wrong=0
  mpx-135 traj: trials=145800000 wall=236218s knowledge=0.9978 reliable=535 spec=8.07 pop=2200
  mpx-135 cover: trials=145800000 overall=0.9978 a0_nochange=1.0000 a0_change=0.9913 a1_nochange=1.0000 a1_change=1.0000 matched_but_wrong=0
  mpx-135 acc: trials=145800000 accuracy=0.9990
  mpx-135 traj: trials=145920000 wall=236269s knowledge=0.9962 reliable=531 spec=8.07 pop=2159
  mpx-135 cover: trials=145920000 overall=0.9962 a0_nochange=1.0000 a0_change=0.9849 a1_nochange=1.0000 a1_change=1.0000 matched_but_wrong=0
  mpx-135 traj: trials=146040000 wall=236318s knowledge=0.9971 reliable=536 spec=8.07 pop=2187
  mpx-135 cover: trials=146040000 overall=0.9971 a0_nochange=1.0000 a0_change=0.9885 a1_nochange=1.0000 a1_change=1.0000 matched_but_wrong=0
  mpx-135 traj: trials=146160000 wall=236366s knowledge=0.9960 reliable=529 spec=8.06 pop=2189
  mpx-135 cover: trials=146160000 overall=0.9960 a0_nochange=1.0000 a0_change=0.9841 a1_nochange=1.0000 a1_change=1.0000 matched_but_wrong=0
  mpx-135 traj: trials=146280000 wall=236414s knowledge=0.9969 reliable=532 spec=8.07 pop=2214
  mpx-135 cover: trials=146280000 overall=0.9969 a0_nochange=1.0000 a0_change=0.9876 a1_nochange=1.0000 a1_change=1.0000 matched_but_wrong=0
  mpx-135 traj: trials=146400000 wall=236463s knowledge=0.9967 reliable=534 spec=8.06 pop=2182
  mpx-135 cover: trials=146400000 overall=0.9967 a0_nochange=1.0000 a0_change=0.9868 a1_nochange=1.0000 a1_change=1.0000 matched_but_wrong=0
  mpx-135 acc: trials=146400000 accuracy=0.9976
  mpx-135 traj: trials=146520000 wall=236514s knowledge=0.9949 reliable=525 spec=8.06 pop=2192
  mpx-135 cover: trials=146520000 overall=0.9949 a0_nochange=1.0000 a0_change=0.9796 a1_nochange=1.0000 a1_change=1.0000 matched_but_wrong=0
  mpx-135 traj: trials=146640000 wall=236563s knowledge=0.9964 reliable=527 spec=8.06 pop=2164
  mpx-135 cover: trials=146640000 overall=0.9964 a0_nochange=1.0000 a0_change=0.9857 a1_nochange=1.0000 a1_change=1.0000 matched_but_wrong=0
  mpx-135 traj: trials=146760000 wall=236612s knowledge=0.9958 reliable=531 spec=8.07 pop=2161
  mpx-135 cover: trials=146760000 overall=0.9958 a0_nochange=1.0000 a0_change=0.9833 a1_nochange=1.0000 a1_change=1.0000 matched_but_wrong=0
  mpx-135 traj: trials=146880000 wall=236661s knowledge=0.9949 reliable=526 spec=8.06 pop=2139
  mpx-135 cover: trials=146880000 overall=0.9949 a0_nochange=1.0000 a0_change=0.9796 a1_nochange=1.0000 a1_change=1.0000 matched_but_wrong=0
  mpx-135 traj: trials=147000000 wall=236709s knowledge=0.9965 reliable=527 spec=8.06 pop=2226
  mpx-135 cover: trials=147000000 overall=0.9965 a0_nochange=1.0000 a0_change=0.9862 a1_nochange=1.0000 a1_change=1.0000 matched_but_wrong=0
  mpx-135 acc: trials=147000000 accuracy=0.9971
  mpx-135 traj: trials=147120000 wall=236760s knowledge=0.9965 reliable=529 spec=8.06 pop=2192
  mpx-135 cover: trials=147120000 overall=0.9965 a0_nochange=1.0000 a0_change=0.9862 a1_nochange=1.0000 a1_change=1.0000 matched_but_wrong=0
  mpx-135 traj: trials=147240000 wall=236808s knowledge=0.9966 reliable=540 spec=8.07 pop=2218
  mpx-135 cover: trials=147240000 overall=0.9966 a0_nochange=1.0000 a0_change=0.9862 a1_nochange=1.0000 a1_change=1.0000 matched_but_wrong=0
  mpx-135 traj: trials=147360000 wall=236858s knowledge=0.9971 reliable=538 spec=8.07 pop=2211
  mpx-135 cover: trials=147360000 overall=0.9971 a0_nochange=1.0000 a0_change=0.9886 a1_nochange=1.0000 a1_change=1.0000 matched_but_wrong=0
  mpx-135 traj: trials=147480000 wall=236906s knowledge=0.9966 reliable=524 spec=8.07 pop=2126
  mpx-135 cover: trials=147480000 overall=0.9966 a0_nochange=1.0000 a0_change=0.9862 a1_nochange=1.0000 a1_change=1.0000 matched_but_wrong=0
  mpx-135 traj: trials=147600000 wall=236954s knowledge=0.9966 reliable=528 spec=8.07 pop=2081
  mpx-135 cover: trials=147600000 overall=0.9966 a0_nochange=1.0000 a0_change=0.9862 a1_nochange=1.0000 a1_change=1.0000 matched_but_wrong=0
  mpx-135 acc: trials=147600000 accuracy=0.9952
  mpx-135 traj: trials=147720000 wall=237005s knowledge=0.9966 reliable=526 spec=8.07 pop=2177
  mpx-135 cover: trials=147720000 overall=0.9966 a0_nochange=1.0000 a0_change=0.9862 a1_nochange=1.0000 a1_change=1.0000 matched_but_wrong=0
  mpx-135 traj: trials=147840000 wall=237053s knowledge=0.9952 reliable=530 spec=8.07 pop=2085
  mpx-135 cover: trials=147840000 overall=0.9952 a0_nochange=1.0000 a0_change=0.9810 a1_nochange=1.0000 a1_change=1.0000 matched_but_wrong=0
  mpx-135 traj: trials=147960000 wall=237101s knowledge=0.9952 reliable=522 spec=8.05 pop=2141
  mpx-135 cover: trials=147960000 overall=0.9952 a0_nochange=1.0000 a0_change=0.9810 a1_nochange=1.0000 a1_change=1.0000 matched_but_wrong=0
  mpx-135 traj: trials=148080000 wall=237150s knowledge=0.9952 reliable=528 spec=8.05 pop=2156
  mpx-135 cover: trials=148080000 overall=0.9952 a0_nochange=1.0000 a0_change=0.9810 a1_nochange=1.0000 a1_change=1.0000 matched_but_wrong=0
  mpx-135 traj: trials=148200000 wall=237198s knowledge=0.9969 reliable=530 spec=8.04 pop=2151
  mpx-135 cover: trials=148200000 overall=0.9969 a0_nochange=1.0000 a0_change=0.9876 a1_nochange=1.0000 a1_change=1.0000 matched_but_wrong=0
  mpx-135 acc: trials=148200000 accuracy=0.9952
  mpx-135 traj: trials=148320000 wall=237249s knowledge=0.9961 reliable=527 spec=8.04 pop=2126
  mpx-135 cover: trials=148320000 overall=0.9961 a0_nochange=1.0000 a0_change=0.9846 a1_nochange=1.0000 a1_change=1.0000 matched_but_wrong=0
  mpx-135 traj: trials=148440000 wall=237297s knowledge=0.9961 reliable=525 spec=8.04 pop=2133
  mpx-135 cover: trials=148440000 overall=0.9961 a0_nochange=1.0000 a0_change=0.9846 a1_nochange=1.0000 a1_change=1.0000 matched_but_wrong=0
  mpx-135 traj: trials=148560000 wall=237346s knowledge=0.9964 reliable=527 spec=8.05 pop=2187
  mpx-135 cover: trials=148560000 overall=0.9964 a0_nochange=1.0000 a0_change=0.9854 a1_nochange=1.0000 a1_change=1.0000 matched_but_wrong=0
  mpx-135 traj: trials=148680000 wall=237394s knowledge=0.9964 reliable=533 spec=8.05 pop=2160
  mpx-135 cover: trials=148680000 overall=0.9964 a0_nochange=1.0000 a0_change=0.9854 a1_nochange=1.0000 a1_change=1.0000 matched_but_wrong=0
  mpx-135 traj: trials=148800000 wall=237442s knowledge=0.9964 reliable=528 spec=8.05 pop=2192
  mpx-135 cover: trials=148800000 overall=0.9964 a0_nochange=1.0000 a0_change=0.9854 a1_nochange=1.0000 a1_change=1.0000 matched_but_wrong=0
  mpx-135 acc: trials=148800000 accuracy=0.9952
  mpx-135 traj: trials=148920000 wall=237493s knowledge=0.9964 reliable=530 spec=8.05 pop=2092
  mpx-135 cover: trials=148920000 overall=0.9964 a0_nochange=1.0000 a0_change=0.9854 a1_nochange=1.0000 a1_change=1.0000 matched_but_wrong=0
  mpx-135 traj: trials=149040000 wall=237541s knowledge=0.9965 reliable=528 spec=8.05 pop=2171
  mpx-135 cover: trials=149040000 overall=0.9965 a0_nochange=1.0000 a0_change=0.9860 a1_nochange=1.0000 a1_change=1.0000 matched_but_wrong=0
  mpx-135 traj: trials=149160000 wall=237589s knowledge=0.9964 reliable=529 spec=8.05 pop=2223
  mpx-135 cover: trials=149160000 overall=0.9964 a0_nochange=1.0000 a0_change=0.9854 a1_nochange=1.0000 a1_change=1.0000 matched_but_wrong=0
  mpx-135 traj: trials=149280000 wall=237639s knowledge=0.9969 reliable=535 spec=8.05 pop=2144
  mpx-135 cover: trials=149280000 overall=0.9969 a0_nochange=1.0000 a0_change=0.9876 a1_nochange=1.0000 a1_change=1.0000 matched_but_wrong=0
  mpx-135 traj: trials=149400000 wall=237686s knowledge=0.9969 reliable=529 spec=8.04 pop=2107
  mpx-135 cover: trials=149400000 overall=0.9969 a0_nochange=1.0000 a0_change=0.9876 a1_nochange=1.0000 a1_change=1.0000 matched_but_wrong=0
  mpx-135 acc: trials=149400000 accuracy=0.9967
  mpx-135 traj: trials=149520000 wall=237737s knowledge=0.9966 reliable=531 spec=8.04 pop=2151
  mpx-135 cover: trials=149520000 overall=0.9966 a0_nochange=1.0000 a0_change=0.9865 a1_nochange=1.0000 a1_change=1.0000 matched_but_wrong=0
  mpx-135 traj: trials=149640000 wall=237785s knowledge=0.9961 reliable=528 spec=8.04 pop=2249
  mpx-135 cover: trials=149640000 overall=0.9961 a0_nochange=1.0000 a0_change=0.9846 a1_nochange=1.0000 a1_change=1.0000 matched_but_wrong=0
  mpx-135 traj: trials=149760000 wall=237833s knowledge=0.9966 reliable=522 spec=8.04 pop=2192
  mpx-135 cover: trials=149760000 overall=0.9966 a0_nochange=1.0000 a0_change=0.9864 a1_nochange=1.0000 a1_change=1.0000 matched_but_wrong=0
  mpx-135 traj: trials=149880000 wall=237881s knowledge=0.9963 reliable=529 spec=8.05 pop=2167
  mpx-135 cover: trials=149880000 overall=0.9963 a0_nochange=1.0000 a0_change=0.9854 a1_nochange=1.0000 a1_change=1.0000 matched_but_wrong=0
  mpx-135 traj: trials=150000000 wall=237930s knowledge=0.9968 reliable=531 spec=8.05 pop=2148
  mpx-135 cover: trials=150000000 overall=0.9968 a0_nochange=1.0000 a0_change=0.9872 a1_nochange=1.0000 a1_change=1.0000 matched_but_wrong=0
  mpx-135 acc: trials=150000000 accuracy=0.9979
  mpx-135 traj: trials=150120000 wall=237980s knowledge=0.9972 reliable=530 spec=8.05 pop=2169
  mpx-135 cover: trials=150120000 overall=0.9972 a0_nochange=1.0000 a0_change=0.9890 a1_nochange=1.0000 a1_change=1.0000 matched_but_wrong=0
  mpx-135 traj: trials=150240000 wall=238029s knowledge=0.9974 reliable=529 spec=8.06 pop=2212
  mpx-135 cover: trials=150240000 overall=0.9974 a0_nochange=1.0000 a0_change=0.9895 a1_nochange=1.0000 a1_change=1.0000 matched_but_wrong=0
  mpx-135 traj: trials=150360000 wall=238077s knowledge=0.9973 reliable=531 spec=8.05 pop=2232
  mpx-135 cover: trials=150360000 overall=0.9973 a0_nochange=1.0000 a0_change=0.9893 a1_nochange=1.0000 a1_change=1.0000 matched_but_wrong=0
  mpx-135 traj: trials=150480000 wall=238126s knowledge=0.9972 reliable=522 spec=8.04 pop=2165
  mpx-135 cover: trials=150480000 overall=0.9972 a0_nochange=1.0000 a0_change=0.9890 a1_nochange=1.0000 a1_change=1.0000 matched_but_wrong=0
  mpx-135 traj: trials=150600000 wall=238174s knowledge=0.9972 reliable=532 spec=8.04 pop=2080
  mpx-135 cover: trials=150600000 overall=0.9972 a0_nochange=1.0000 a0_change=0.9890 a1_nochange=1.0000 a1_change=1.0000 matched_but_wrong=0
  mpx-135 acc: trials=150600000 accuracy=0.9978
  mpx-135 traj: trials=150720000 wall=238226s knowledge=0.9972 reliable=527 spec=8.04 pop=2169
  mpx-135 cover: trials=150720000 overall=0.9972 a0_nochange=1.0000 a0_change=0.9890 a1_nochange=1.0000 a1_change=1.0000 matched_but_wrong=0
  mpx-135 traj: trials=150840000 wall=238275s knowledge=0.9975 reliable=530 spec=8.05 pop=2167
  mpx-135 cover: trials=150840000 overall=0.9975 a0_nochange=1.0000 a0_change=0.9901 a1_nochange=1.0000 a1_change=1.0000 matched_but_wrong=0
  mpx-135 traj: trials=150960000 wall=238323s knowledge=0.9978 reliable=532 spec=8.05 pop=2217
  mpx-135 cover: trials=150960000 overall=0.9978 a0_nochange=1.0000 a0_change=0.9913 a1_nochange=1.0000 a1_change=1.0000 matched_but_wrong=0
  mpx-135 traj: trials=151080000 wall=238371s knowledge=0.9978 reliable=534 spec=8.06 pop=2148
  mpx-135 cover: trials=151080000 overall=0.9978 a0_nochange=1.0000 a0_change=0.9914 a1_nochange=1.0000 a1_change=1.0000 matched_but_wrong=0
  mpx-135 traj: trials=151200000 wall=238419s knowledge=0.9983 reliable=532 spec=8.05 pop=2145
  mpx-135 cover: trials=151200000 overall=0.9983 a0_nochange=1.0000 a0_change=0.9932 a1_nochange=1.0000 a1_change=1.0000 matched_but_wrong=0
  mpx-135 acc: trials=151200000 accuracy=0.9969
  mpx-135 traj: trials=151320000 wall=238470s knowledge=0.9978 reliable=537 spec=8.05 pop=2181
  mpx-135 cover: trials=151320000 overall=0.9978 a0_nochange=1.0000 a0_change=0.9914 a1_nochange=1.0000 a1_change=1.0000 matched_but_wrong=0
  mpx-135 traj: trials=151440000 wall=238519s knowledge=0.9993 reliable=535 spec=8.05 pop=2171
  mpx-135 cover: trials=151440000 overall=0.9993 a0_nochange=1.0000 a0_change=0.9974 a1_nochange=1.0000 a1_change=1.0000 matched_but_wrong=0
  mpx-135 traj: trials=151560000 wall=238567s knowledge=0.9996 reliable=533 spec=8.05 pop=2204
  mpx-135 cover: trials=151560000 overall=0.9996 a0_nochange=1.0000 a0_change=0.9986 a1_nochange=1.0000 a1_change=1.0000 matched_but_wrong=0
  mpx-135 traj: trials=151680000 wall=238616s knowledge=0.9996 reliable=529 spec=8.04 pop=2150
  mpx-135 cover: trials=151680000 overall=0.9996 a0_nochange=1.0000 a0_change=0.9984 a1_nochange=1.0000 a1_change=1.0000 matched_but_wrong=0
  mpx-135 traj: trials=151800000 wall=238663s knowledge=0.9991 reliable=530 spec=8.04 pop=2168
  mpx-135 cover: trials=151800000 overall=0.9991 a0_nochange=1.0000 a0_change=0.9964 a1_nochange=1.0000 a1_change=1.0000 matched_but_wrong=0
  mpx-135 acc: trials=151800000 accuracy=0.9986
  mpx-135 traj: trials=151920000 wall=238714s knowledge=0.9991 reliable=527 spec=8.04 pop=2142
  mpx-135 cover: trials=151920000 overall=0.9991 a0_nochange=1.0000 a0_change=0.9964 a1_nochange=1.0000 a1_change=1.0000 matched_but_wrong=0
  mpx-135 traj: trials=152040000 wall=238762s knowledge=0.9992 reliable=530 spec=8.05 pop=2188
  mpx-135 cover: trials=152040000 overall=0.9992 a0_nochange=1.0000 a0_change=0.9968 a1_nochange=1.0000 a1_change=1.0000 matched_but_wrong=0
  mpx-135 traj: trials=152160000 wall=238810s knowledge=0.9991 reliable=534 spec=8.04 pop=2210
  mpx-135 cover: trials=152160000 overall=0.9991 a0_nochange=1.0000 a0_change=0.9966 a1_nochange=1.0000 a1_change=1.0000 matched_but_wrong=0
  mpx-135 traj: trials=152280000 wall=238859s knowledge=1.0000 reliable=529 spec=8.05 pop=2179
  mpx-135 cover: trials=152280000 overall=1.0000 a0_nochange=1.0000 a0_change=1.0000 a1_nochange=1.0000 a1_change=1.0000 matched_but_wrong=0
  mpx-135 repeat 0: SUCCESS trials=152280000 knowledge=1.0000 knowledge_trials=152280000 reliable=529 spec=8.05/136 peak_macro=41713 peak_rss=0.58GB wall=238858.9s
  mpx-135 verdict agreement across 1 repeats: ALL AGREE
